# https://github.com/mikedh/trimesh
v 1.09511385 -2.53666668 5.72986908
v 1.20000000 -2.45499992 5.66669655
v 1.20000000 -2.70000000 5.91169662
v 1.16092920 -2.45499992 5.66327820
v 1.12304544 -2.45499992 5.65312729
v 1.08750000 -2.45499992 5.63655243
v 1.06718216 -2.61833324 5.80661049
v 1.12029829 -2.70000000 5.90488930
v 1.04290533 -2.70000000 5.88466530
v 0.97006283 -2.70000000 5.85160980
v 1.00287848 -2.53666668 5.67661667
v 1.05537281 -2.45499992 5.61405640
v 1.02763996 -2.45499992 5.58632393
v 0.95038414 -2.61833324 5.73917732
v 0.90388079 -2.70000000 5.80668068
v 0.84627628 -2.70000000 5.75117912
v 0.93441887 -2.53666668 5.59502983
v 1.00514431 -2.45499992 5.55419655
v 0.98856916 -2.45499992 5.51865120
v 0.86369343 -2.61833324 5.63586311
v 0.79891787 -2.70000000 5.68671303
v 0.76317739 -2.70000000 5.61514969
v 0.89799232 -2.53666668 5.49494858
v 0.97841825 -2.45499992 5.48076744
v 0.97500000 -2.45499992 5.44169655
v 0.81756630 -2.61833324 5.50913010
v 0.74009013 -2.70000000 5.53856201
v 0.73032489 -2.70000000 5.45916862
v 0.89799232 -2.53666668 5.38844452
v 0.97841825 -2.45499992 5.40262566
v 0.98856916 -2.45499992 5.36474190
v 0.81756630 -2.61833324 5.37426300
v 0.73416443 -2.70000000 5.37926903
v 0.75149760 -2.70000000 5.30117760
v 0.93441887 -2.53666668 5.28836327
v 1.00514431 -2.45499992 5.32919655
v 1.02763996 -2.45499992 5.29706917
v 0.86369343 -2.61833324 5.24752998
v 0.78182230 -2.70000000 5.22715645
v 0.82426014 -2.70000000 5.15935020
v 1.00287848 -2.53666668 5.20677643
v 1.05537281 -2.45499992 5.26933670
v 1.08750000 -2.45499992 5.24684067
v 0.95038414 -2.61833324 5.14421616
v 0.94024277 -2.70000000 5.05000000
v 1.00308285 -2.66837692 5.05000000
v 0.87758179 -2.70000000 5.09972229
v 1.09511385 -2.53666668 5.15352402
v 1.20000000 -2.62169647 5.05000000
v 1.20000000 -2.45499992 5.21669655
v 1.13380032 -2.62725124 5.05000000
v 1.12304544 -2.45499992 5.23026581
v 1.16092920 -2.45499992 5.22011490
v 1.06718216 -2.61833324 5.07678261
v 1.06879730 -2.64308662 5.05000000
v 1.20000000 -0.49000001 5.21669655
v 1.17358160 -0.58924794 5.21825294
v 1.20000000 -0.58847427 5.21669655
v 1.16092920 -0.49000001 5.22011490
v 1.14728756 -0.59158702 5.22295837
v 1.12304544 -0.49000001 5.23026581
v 1.11530361 -0.59670119 5.23324623
v 1.08750000 -0.49000001 5.24684067
v 1.07169170 -0.60517168 5.25686684
v 1.08229923 -0.60499845 5.24993744
v 1.05537281 -0.49000001 5.26933670
v 1.04110365 -0.60580988 5.28239517
v 1.06107359 -0.60536776 5.26470947
v 1.02763996 -0.49000001 5.29706917
v 1.02213793 -0.60634732 5.30389214
v 1.00514431 -0.49000001 5.32919655
v 0.99091616 -0.60771441 5.35857658
v 1.00506868 -0.60698318 5.32932739
v 0.98856916 -0.49000001 5.36474190
v 0.98074265 -0.60852966 5.39118690
v 0.97841825 -0.49000001 5.40262566
v 0.97552462 -0.60940852 5.42634087
v 0.97500000 -0.49000001 5.44169655
v 0.97599897 -0.61032186 5.46287498
v 0.97841825 -0.49000001 5.48076744
v 0.98251944 -0.61123447 5.49937859
v 0.98856916 -0.49000001 5.51865120
v 0.99496727 -0.61210899 5.53436012
v 1.00514431 -0.49000001 5.55419655
v 1.01274738 -0.61291103 5.56644211
v 1.02763996 -0.49000001 5.58632393
v 1.03487873 -0.61361341 5.59453621
v 1.05537281 -0.49000001 5.61405640
v 1.06014900 -0.61419883 5.61795387
v 1.08750000 -0.49000001 5.63655243
v 1.09036856 -0.61470451 5.63818054
v 1.12304544 -0.49000001 5.65312729
v 1.12472868 -0.61509333 5.65373230
v 1.16092920 -0.49000001 5.66327820
v 1.16185818 -0.61533599 5.66343994
v 1.20000000 -0.49000001 5.66669655
v 1.20000000 -0.61541743 5.66669655
v 1.09511385 2.53666668 5.15352402
v 1.20000000 2.62169647 5.05000000
v 1.15447578 2.62433491 5.05000000
v 1.20000000 2.45499992 5.21669655
v 1.16092920 2.45499992 5.22011490
v 1.12304544 2.45499992 5.23026581
v 1.08750000 2.45499992 5.24684067
v 1.06718216 2.61833324 5.07678261
v 1.10944052 2.63203449 5.05000000
v 1.02225904 2.66011181 5.05000000
v 1.00287848 2.53666668 5.20677643
v 1.05537281 2.45499992 5.26933670
v 1.02763996 2.45499992 5.29706917
v 0.95038414 2.61833324 5.14421616
v 0.94024277 2.70000000 5.05000000
v 0.87758179 2.70000000 5.09972229
v 0.82426014 2.70000000 5.15935020
v 0.93441887 2.53666668 5.28836327
v 1.00514431 2.45499992 5.32919655
v 0.98856916 2.45499992 5.36474190
v 0.86369343 2.61833324 5.24752998
v 0.78182230 2.70000000 5.22715645
v 0.75149760 2.70000000 5.30117760
v 0.89799232 2.53666668 5.38844452
v 0.97841825 2.45499992 5.40262566
v 0.97500000 2.45499992 5.44169655
v 0.81756630 2.61833324 5.37426300
v 0.73416443 2.70000000 5.37926903
v 0.73032489 2.70000000 5.45916862
v 0.89799232 2.53666668 5.49494858
v 0.97841825 2.45499992 5.48076744
v 0.98856916 2.45499992 5.51865120
v 0.81756630 2.61833324 5.50913010
v 0.74009013 2.70000000 5.53856201
v 0.76317739 2.70000000 5.61514969
v 0.93441887 2.53666668 5.59502983
v 1.00514431 2.45499992 5.55419655
v 1.02763996 2.45499992 5.58632393
v 0.86369343 2.61833324 5.63586311
v 0.79891787 2.70000000 5.68671303
v 0.84627628 2.70000000 5.75117912
v 1.00287848 2.53666668 5.67661667
v 1.05537281 2.45499992 5.61405640
v 1.08750000 2.45499992 5.63655243
v 0.95038414 2.61833324 5.73917732
v 0.90388079 2.70000000 5.80668068
v 0.97006283 2.70000000 5.85160980
v 1.09511385 2.53666668 5.72986908
v 1.12304544 2.45499992 5.65312729
v 1.16092920 2.45499992 5.66327820
v 1.20000000 2.45499992 5.66669655
v 1.06718216 2.61833324 5.80661049
v 1.20000000 2.70000000 5.91169662
v 1.04290533 2.70000000 5.88466530
v 1.12029829 2.70000000 5.90488930
v 1.16255589 1.80000000 5.21983414
v 1.20000000 1.80000000 5.21669655
v 1.12615604 1.80000000 5.22915916
v 1.09181576 1.80000000 5.24441223
v 1.06049261 1.80000000 5.26516685
v 1.03306026 1.80000000 5.29084511
v 1.01028376 1.80000000 5.32073059
v 0.99279833 1.80000000 5.35398979
v 0.98109169 1.80000000 5.38969498
v 0.97549028 1.80000000 5.42685051
v 0.97615042 1.80000000 5.46441994
v 0.98305349 1.80000000 5.50135574
v 0.99600716 1.80000000 5.53662758
v 1.01465006 1.80000000 5.56925201
v 1.03846226 1.80000000 5.59831886
v 1.06677971 1.80000000 5.62301750
v 1.09881258 1.80000000 5.64265938
v 1.15322170 1.83242989 5.66178589
v 1.14228621 1.81698093 5.65918350
v 1.13366747 1.80000000 5.65669670
v 1.17667542 1.85161381 5.66548424
v 1.16696615 1.84555435 5.66425972
v 1.20000000 1.85737247 5.66669655
v 1.18817196 1.85589714 5.66638069
v 1.16678953 -0.76438046 5.21916084
v 1.20000000 -1.60000000 5.21669655
v 1.20000000 -0.76552963 5.21669655
v 1.16255589 -1.60000000 5.21983414
v 1.13400316 -0.76091475 5.22659340
v 1.12615604 -1.60000000 5.22915916
v 1.10723515 -0.75619745 5.23670959
v 1.09181576 -1.60000000 5.24441223
v 1.08219748 -0.75000000 5.25000000
v 1.06049261 -1.60000000 5.26516685
v 1.05100756 -0.75000000 5.27309570
v 1.03306026 -1.60000000 5.29084511
v 1.02425051 -0.75000000 5.30120773
v 1.01028376 -1.60000000 5.32073059
v 1.00272245 -0.75000000 5.33349953
v 0.99279833 -1.60000000 5.35398979
v 0.98706388 -0.75000000 5.36901093
v 0.98109169 -1.60000000 5.38969498
v 0.97774076 -0.75000000 5.40668449
v 0.97549028 -1.60000000 5.42685051
v 0.97503052 -0.75000000 5.44539986
v 0.97615042 -1.60000000 5.46441994
v 0.97901363 -0.75000000 5.48400497
v 0.98305349 -1.60000000 5.50135574
v 0.98957167 -0.75000000 5.52135162
v 0.99600716 -1.60000000 5.53662758
v 1.00639048 -0.75000000 5.55632782
v 1.01465006 -1.60000000 5.56925201
v 1.02896967 -0.75000000 5.58789368
v 1.03846226 -1.60000000 5.59831886
v 1.05663757 -0.75000000 5.61511002
v 1.06677971 -1.60000000 5.62301750
v 1.08857079 -0.75000000 5.63716660
v 1.09881258 -1.60000000 5.64265938
v 1.12381935 -0.75000000 5.65340729
v 1.14228621 -1.58301907 5.65918350
v 1.13366747 -1.60000000 5.65669670
v 1.16133451 -0.75000000 5.66334953
v 1.17667542 -1.54838610 5.66548424
v 1.16696615 -1.55444565 5.66425972
v 1.15322170 -1.56757011 5.66178589
v 1.20000000 -0.75000000 5.66669655
v 1.20000000 -1.54262762 5.66669655
v 1.18817196 -1.54410286 5.66638069
v 1.16178818 1.60000000 5.21996498
v 1.20000000 1.10000000 5.21669655
v 1.20000000 1.60000000 5.21669655
v 1.16092920 1.10000000 5.22011490
v 1.12468653 1.60000000 5.22967567
v 1.12304544 1.10000000 5.23026581
v 1.08977308 1.60000000 5.24554596
v 1.08750000 1.10000000 5.24684067
v 1.05806198 1.60000000 5.26711540
v 1.05537281 1.10000000 5.26933670
v 1.03047466 1.60000000 5.29375687
v 1.02763996 1.10000000 5.29706917
v 1.00781269 1.60000000 5.32469635
v 1.00514431 1.10000000 5.32919655
v 0.99073439 1.60000000 5.35903511
v 0.98856916 1.10000000 5.36474190
v 0.97973595 1.60000000 5.39577560
v 0.97841825 1.10000000 5.40262566
v 0.97513685 1.60000000 5.43385010
v 0.97500000 1.10000000 5.44169655
v 0.97707081 1.60000000 5.47215271
v 0.97841825 1.10000000 5.48076744
v 0.98548164 1.60000000 5.50957031
v 0.98856916 1.10000000 5.51865120
v 1.00012493 1.60000000 5.54501610
v 1.00514431 1.10000000 5.55419655
v 1.02057524 1.60000000 5.57746010
v 1.02763996 1.10000000 5.58632393
v 1.04623842 1.60000000 5.60595970
v 1.05537281 1.10000000 5.61405640
v 1.06154747 1.59856615 5.61905785
v 1.07767162 1.59473553 5.63053703
v 1.08750000 1.10000000 5.63655243
v 1.09439831 1.58915119 5.64037437
v 1.11142540 1.58228455 5.64852905
v 1.12304544 1.10000000 5.65312729
v 1.13454533 1.57159863 5.65696564
v 1.15276594 1.56232548 5.66167831
v 1.16092920 1.10000000 5.66327820
v 1.17067604 1.55185184 5.66477737
v 1.18511448 1.54497681 5.66619415
v 1.20000000 1.10000000 5.66669655
v 1.20000000 1.54262762 5.66669655
v 1.16178818 -1.80000000 5.21996498
v 1.20000000 -1.80000000 5.21669655
v 1.12468653 -1.80000000 5.22967567
v 1.08977308 -1.80000000 5.24554596
v 1.05806198 -1.80000000 5.26711540
v 1.03047466 -1.80000000 5.29375687
v 1.00781269 -1.80000000 5.32469635
v 0.99073439 -1.80000000 5.35903511
v 0.97973595 -1.80000000 5.39577560
v 0.97513685 -1.80000000 5.43385010
v 0.97707081 -1.80000000 5.47215271
v 0.98548164 -1.80000000 5.50957031
v 1.00012493 -1.80000000 5.54501610
v 1.02057524 -1.80000000 5.57746010
v 1.04623842 -1.80000000 5.60595970
v 1.06154747 -1.80143394 5.61905785
v 1.07767162 -1.80526447 5.63053703
v 1.09439831 -1.81084881 5.64037437
v 1.11142540 -1.81771545 5.64852905
v 1.13454533 -1.82840137 5.65696564
v 1.15276594 -1.83767452 5.66167831
v 1.17067604 -1.84814816 5.66477737
v 1.18511448 -1.85502319 5.66619415
v 1.20000000 -1.85737247 5.66669655
v 1.40000000 1.27865191 12.81249390
v 1.55000000 1.25000000 12.81499939
v 1.40000000 1.25000000 12.81499939
v 1.55000000 1.27865191 12.81249390
v 1.40000000 1.30643330 12.80504913
v 1.55000000 1.30643330 12.80504913
v 1.40000000 1.33249998 12.79289398
v 1.55000000 1.33249998 12.79289398
v 1.40000000 1.35605993 12.77639771
v 1.55000000 1.35605993 12.77639771
v 1.40000000 1.37639732 12.75606003
v 1.55000000 1.37639732 12.75606003
v 1.40000000 1.39289417 12.73249969
v 1.55000000 1.39289417 12.73249969
v 1.40000000 1.40504932 12.70643311
v 1.55000000 1.40504932 12.70643311
v 1.40000000 1.41249332 12.67865219
v 1.55000000 1.41249332 12.67865219
v 1.40000000 1.41499996 12.65000000
v 1.55000000 1.41499996 12.65000000
v 1.40000000 1.41249332 12.62134781
v 1.55000000 1.41249332 12.62134781
v 1.40000000 1.40504932 12.59356689
v 1.55000000 1.40504932 12.59356689
v 1.40000000 1.39289417 12.56750031
v 1.55000000 1.39289417 12.56750031
v 1.40000000 1.37639732 12.54393997
v 1.55000000 1.37639732 12.54393997
v 1.40000000 1.35605993 12.52360229
v 1.55000000 1.35605993 12.52360229
v 1.40000000 1.33249998 12.50710602
v 1.55000000 1.33249998 12.50710602
v 1.40000000 1.30643330 12.49495087
v 1.55000000 1.27865191 12.48750687
v 1.55000000 1.30643330 12.49495087
v 1.40000000 1.27865191 12.48750687
v 1.40000000 1.25000000 12.48499985
v 1.55000000 1.25000000 12.48499985
v 1.40000000 -1.22134809 12.81249390
v 1.55000000 -1.25000000 12.81499939
v 1.40000000 -1.25000000 12.81499939
v 1.55000000 -1.22134809 12.81249390
v 1.40000000 -1.19356670 12.80504913
v 1.55000000 -1.19356670 12.80504913
v 1.40000000 -1.16750002 12.79289398
v 1.55000000 -1.16750002 12.79289398
v 1.40000000 -1.14394007 12.77639771
v 1.55000000 -1.14394007 12.77639771
v 1.40000000 -1.12360268 12.75606003
v 1.55000000 -1.12360268 12.75606003
v 1.40000000 -1.10710583 12.73249969
v 1.55000000 -1.10710583 12.73249969
v 1.40000000 -1.09495068 12.70643311
v 1.55000000 -1.09495068 12.70643311
v 1.40000000 -1.08750668 12.67865219
v 1.55000000 -1.08750668 12.67865219
v 1.40000000 -1.08500004 12.65000000
v 1.55000000 -1.08500004 12.65000000
v 1.40000000 -1.08750668 12.62134781
v 1.55000000 -1.08750668 12.62134781
v 1.40000000 -1.09495068 12.59356689
v 1.55000000 -1.09495068 12.59356689
v 1.40000000 -1.10710583 12.56750031
v 1.55000000 -1.10710583 12.56750031
v 1.40000000 -1.12360268 12.54393997
v 1.55000000 -1.12360268 12.54393997
v 1.40000000 -1.14394007 12.52360229
v 1.55000000 -1.14394007 12.52360229
v 1.40000000 -1.16750002 12.50710602
v 1.55000000 -1.16750002 12.50710602
v 1.40000000 -1.19356670 12.49495087
v 1.55000000 -1.22134809 12.48750687
v 1.55000000 -1.19356670 12.49495087
v 1.40000000 -1.22134809 12.48750687
v 1.40000000 -1.25000000 12.48499985
v 1.55000000 -1.25000000 12.48499985
v 1.40000000 -0.72442498 14.71249390
v 1.55000000 -0.75307693 14.71499939
v 1.40000000 -0.75307693 14.71499939
v 1.55000000 -0.72442498 14.71249390
v 1.40000000 -0.69664359 14.70504913
v 1.55000000 -0.69664359 14.70504913
v 1.40000000 -0.67057691 14.69289398
v 1.55000000 -0.67057691 14.69289398
v 1.40000000 -0.64701695 14.67639771
v 1.55000000 -0.64701695 14.67639771
v 1.40000000 -0.62667961 14.65605927
v 1.55000000 -0.62667961 14.65605927
v 1.40000000 -0.61018271 14.63249969
v 1.55000000 -0.61018271 14.63249969
v 1.40000000 -0.59802766 14.60643311
v 1.55000000 -0.59802766 14.60643311
v 1.40000000 -0.59058366 14.57865143
v 1.55000000 -0.59058366 14.57865143
v 1.40000000 -0.58807693 14.55000000
v 1.55000000 -0.58807693 14.55000000
v 1.40000000 -0.59058366 14.52134857
v 1.55000000 -0.59058366 14.52134857
v 1.40000000 -0.59802766 14.49356689
v 1.55000000 -0.59802766 14.49356689
v 1.40000000 -0.61018271 14.46750031
v 1.55000000 -0.61018271 14.46750031
v 1.40000000 -0.62667961 14.44394073
v 1.55000000 -0.62667961 14.44394073
v 1.40000000 -0.64701695 14.42360229
v 1.55000000 -0.64701695 14.42360229
v 1.40000000 -0.67057691 14.40710602
v 1.55000000 -0.67057691 14.40710602
v 1.40000000 -0.69664359 14.39495087
v 1.55000000 -0.72442498 14.38750610
v 1.55000000 -0.69664359 14.39495087
v 1.40000000 -0.72442498 14.38750610
v 1.40000000 -0.75307693 14.38500061
v 1.55000000 -0.75307693 14.38500061
v 1.40000000 0.78172889 14.71249390
v 1.55000000 0.75307693 14.71499939
v 1.40000000 0.75307693 14.71499939
v 1.55000000 0.78172889 14.71249390
v 1.40000000 0.80951023 14.70504913
v 1.55000000 0.80951023 14.70504913
v 1.40000000 0.83557692 14.69289398
v 1.55000000 0.83557692 14.69289398
v 1.40000000 0.85913687 14.67639771
v 1.55000000 0.85913687 14.67639771
v 1.40000000 0.87947426 14.65605927
v 1.55000000 0.87947426 14.65605927
v 1.40000000 0.89597111 14.63249969
v 1.55000000 0.89597111 14.63249969
v 1.40000000 0.90812616 14.60643311
v 1.55000000 0.90812616 14.60643311
v 1.40000000 0.91557016 14.57865143
v 1.55000000 0.91557016 14.57865143
v 1.40000000 0.91807690 14.55000000
v 1.55000000 0.91807690 14.55000000
v 1.40000000 0.91557016 14.52134857
v 1.55000000 0.91557016 14.52134857
v 1.40000000 0.90812616 14.49356689
v 1.55000000 0.90812616 14.49356689
v 1.40000000 0.89597111 14.46750031
v 1.55000000 0.89597111 14.46750031
v 1.40000000 0.87947426 14.44394073
v 1.55000000 0.87947426 14.44394073
v 1.40000000 0.85913687 14.42360229
v 1.55000000 0.85913687 14.42360229
v 1.40000000 0.83557692 14.40710602
v 1.55000000 0.83557692 14.40710602
v 1.40000000 0.80951023 14.39495087
v 1.55000000 0.78172889 14.38750610
v 1.55000000 0.80951023 14.39495087
v 1.40000000 0.78172889 14.38750610
v 1.40000000 0.75307693 14.38500061
v 1.55000000 0.75307693 14.38500061
v 2.40000000 0.89913206 8.76151657
v 1.40000000 1.05244942 8.17530289
v 2.40000000 1.05244942 8.17530289
v 1.40000000 0.29023771 11.08964157
v 2.14084568 0.29023771 11.08964157
v 2.40000000 2.50000000 8.76151657
v 2.40000000 1.05530100 8.15896301
v 2.40000000 1.05541258 8.14237747
v 2.40000000 2.28867893 6.86471176
v 2.40000000 2.20156212 6.95761566
v 2.40000000 2.09998207 7.03443985
v 2.40000000 2.35882034 6.75840759
v 2.40000000 1.98686810 7.09296951
v 2.40000000 2.40996380 6.64176712
v 2.40000000 1.86548176 7.13151627
v 2.40000000 2.44063435 6.51815567
v 2.40000000 1.73932343 7.14896851
v 2.40000000 1.05278101 8.12600098
v 2.40000000 1.04747887 8.11028519
v 2.40000000 2.44994755 6.39113731
v 2.40000000 1.61203136 7.14482346
v 2.40000000 1.03965178 8.09566116
v 2.40000000 1.02951527 8.08253250
v 2.40000000 1.48727579 7.11920013
v 2.40000000 1.01734800 8.07126007
v 2.40000000 1.00348501 8.06215363
v 2.40000000 1.36865454 7.07283707
v 2.40000000 0.98830738 8.05546417
v 2.40000000 0.97223282 8.05137558
v 2.40000000 1.25958805 7.00707245
v 2.40000000 0.95570354 8.05000000
v 2.40000000 1.16322145 6.92380219
v 2.40000000 2.50000000 5.25000000
v 2.40000000 2.18824444 5.83068695
v 2.40000000 2.08487720 5.75628471
v 2.40000000 2.27753239 5.92150612
v 2.40000000 2.35016632 6.02612343
v 2.40000000 2.40405197 6.14152222
v 2.40000000 2.43763523 6.26437416
v 2.40000000 1.97041149 5.70044479
v 2.40000000 1.82073898 5.65133133
v 2.40000000 1.84814816 5.66477737
v 2.40000000 1.83828449 5.66189194
v 2.40000000 1.82905788 5.65736580
v 2.40000000 1.81357212 5.64396553
v 2.40000000 1.80349483 5.62613792
v 2.40000000 1.80776711 5.63548470
v 2.40000000 1.80088024 5.61619911
v 2.40000000 1.80000000 5.60595970
v 2.40000000 0.73596268 6.62856750
v 2.40000000 1.01925716 6.71478424
v 2.40000000 0.72856727 6.63596268
v 2.40000000 0.71999998 6.64196167
v 2.40000000 0.74196153 6.61999969
v 2.40000000 0.97581091 6.59506454
v 2.40000000 0.71052122 6.64638138
v 2.40000000 1.08233366 6.82542725
v 2.40000000 0.74638157 6.61052094
v 2.40000000 0.70041890 6.64908829
v 2.40000000 0.74908848 6.60041885
v 2.40000000 0.69000001 6.65000000
v 2.40000000 0.75000000 6.59000015
v 2.40000000 0.95324755 6.46971893
v 2.40000000 0.95221786 6.34236374
v 2.40000000 0.97275162 6.21667023
v 2.40000000 1.80000000 5.25000000
v 2.40000000 -0.06439820 7.03829575
v 2.40000000 -0.05732991 7.03218155
v 2.40000000 -0.05129698 7.02504272
v 2.40000000 -0.07233034 7.04323883
v 2.40000000 -0.04644578 7.01705475
v 2.40000000 -0.08093386 7.04689026
v 2.40000000 -0.04289404 7.00840912
v 2.40000000 -0.09000000 7.04916077
v 2.40000000 -0.95570354 8.05000000
v 2.40000000 -0.04072793 6.99931793
v 2.40000000 -0.04000000 6.99000015
v 2.40000000 -0.09906614 7.04689026
v 2.40000000 -0.10766966 7.04323883
v 2.40000000 1.60000000 5.25000000
v 2.40000000 1.47567511 5.68433380
v 2.40000000 1.35781898 5.73260803
v 2.40000000 1.60000000 5.65669670
v 2.40000000 -0.04000000 6.65000000
v 2.40000000 -0.65934458 7.03412628
v 2.40000000 -0.12267009 7.03218155
v 2.40000000 -0.11560180 7.03829575
v 2.40000000 -0.65263920 7.02683716
v 2.40000000 -0.12870302 7.02504272
v 2.40000000 -0.66715779 7.04021378
v 2.40000000 -0.64722438 7.01854324
v 2.40000000 -0.13355422 7.01705475
v 2.40000000 -0.67586594 7.04493256
v 2.40000000 -0.64324770 7.00947266
v 2.40000000 -0.13710597 7.00840912
v 2.40000000 -0.68523173 7.04815445
v 2.40000000 -0.64081750 6.99987106
v 2.40000000 -0.13927207 6.99931793
v 2.40000000 -0.69499998 7.04979095
v 2.40000000 -0.64000001 6.99000015
v 2.40000000 -0.14000000 6.99000015
v 2.40000000 -0.70476823 7.04815445
v 2.40000000 -0.71413407 7.04493256
v 2.40000000 -0.72284222 7.04021378
v 2.40000000 -0.97223282 8.05137558
v 2.40000000 -2.50000000 8.76151657
v 2.40000000 -1.05244942 8.17530289
v 2.40000000 -0.89913206 8.76151657
v 2.40000000 -1.05541258 8.14237747
v 2.40000000 -1.05530100 8.15896301
v 2.40000000 -0.64000001 6.65000000
v 2.40000000 0.75000000 5.25000000
v 2.40000000 1.07553587 5.98461533
v 2.40000000 1.01425657 6.09626350
v 2.40000000 1.15482254 5.88494530
v 2.40000000 1.24983006 5.80012741
v 2.40000000 -1.19843788 6.95761566
v 2.40000000 -0.74675231 7.00947266
v 2.40000000 -0.74277563 7.01854324
v 2.40000000 -0.73736081 7.02683716
v 2.40000000 -0.73065543 7.03412628
v 2.40000000 -1.11132107 6.86471176
v 2.40000000 -0.75000000 6.99000015
v 2.40000000 -0.74918251 6.99987106
v 2.40000000 -1.30001793 7.03443985
v 2.40000000 -0.98830738 8.05546417
v 2.40000000 -1.04117966 6.75840759
v 2.40000000 -1.41313200 7.09296951
v 2.40000000 -1.00348501 8.06215363
v 2.40000000 -1.01734800 8.07126007
v 2.40000000 -0.99003630 6.64176712
v 2.40000000 -1.53451834 7.13151627
v 2.40000000 -1.02951527 8.08253250
v 2.40000000 -1.03965178 8.09566116
v 2.40000000 -1.66067657 7.14896851
v 2.40000000 -1.04747887 8.11028519
v 2.40000000 -1.78796864 7.14482346
v 2.40000000 -1.05278101 8.12600098
v 2.40000000 -1.91272411 7.11920013
v 2.40000000 -2.03134556 7.07283707
v 2.40000000 -2.14041195 7.00707245
v 2.40000000 -0.75000000 5.53284264
v 2.40000000 -1.04983358 6.02612343
v 2.40000000 -1.12246761 5.92150612
v 2.40000000 -0.99594803 6.14152222
v 2.40000000 -0.96236486 6.26437416
v 2.40000000 -0.60832472 5.38298798
v 2.40000000 -0.40496874 5.25000000
v 2.40000000 -0.14000000 5.25000000
v 2.40000000 -2.23677845 6.92380219
v 2.40000000 -1.21175556 5.83068695
v 2.40000000 -2.31766624 6.82542725
v 2.40000000 -1.31512280 5.75628471
v 2.40000000 -0.84326153 5.25000000
v 2.40000000 -2.38074284 6.71478424
v 2.40000000 -1.42958851 5.70044479
v 2.40000000 -1.57094221 5.65736580
v 2.40000000 -1.55185184 5.66477737
v 2.40000000 -1.56171560 5.66189194
v 2.40000000 -1.58642797 5.64396553
v 2.40000000 -1.57926102 5.65133133
v 2.40000000 -1.59223280 5.63548470
v 2.40000000 -1.59650517 5.62613792
v 2.40000000 -1.60000000 5.60595970
v 2.40000000 -1.59911985 5.61619911
v 2.40000000 -1.60000000 5.25000000
v 2.40000000 -1.80000000 5.25000000
v 2.40000000 -1.92432480 5.68433380
v 2.40000000 -2.04218102 5.73260803
v 2.40000000 -1.80000000 5.65669670
v 2.40000000 -2.50000000 5.25000000
v 2.40000000 -2.42724838 6.21667023
v 2.40000000 -2.44778214 6.34236374
v 2.40000000 -2.38574352 6.09626350
v 2.40000000 -2.32446423 5.98461533
v 2.40000000 -2.24517746 5.88494530
v 2.40000000 -2.15016994 5.80012741
v 2.40000000 -0.95005236 6.39113731
v 2.40000000 -0.95936575 6.51815567
v 2.40000000 -2.44675236 6.46971893
v 2.40000000 -2.42418919 6.59506454
v 1.40000000 0.72442498 14.38750610
v 1.55000000 0.72442498 14.38750610
v 1.40000000 0.69664359 14.39495087
v 1.55000000 0.69664359 14.39495087
v 1.40000000 0.67057691 14.40710602
v 1.55000000 0.67057691 14.40710602
v 1.40000000 0.64701695 14.42360229
v 1.55000000 0.64701695 14.42360229
v 1.40000000 0.62667961 14.44394073
v 1.55000000 0.62667961 14.44394073
v 1.40000000 0.61018271 14.46750031
v 1.55000000 0.61018271 14.46750031
v 1.40000000 0.59802766 14.49356689
v 1.55000000 0.59802766 14.49356689
v 1.40000000 0.59058366 14.52134857
v 1.55000000 0.58807693 14.55000000
v 1.55000000 0.59058366 14.52134857
v 1.40000000 0.58807693 14.55000000
v 1.40000000 0.59058366 14.57865143
v 1.55000000 0.59802766 14.60643311
v 1.55000000 0.59058366 14.57865143
v 1.40000000 0.59802766 14.60643311
v 1.40000000 0.61018271 14.63249969
v 1.55000000 0.61018271 14.63249969
v 1.40000000 0.62667961 14.65605927
v 1.55000000 0.62667961 14.65605927
v 1.40000000 0.64701695 14.67639771
v 1.55000000 0.64701695 14.67639771
v 1.40000000 0.67057691 14.69289398
v 1.55000000 0.67057691 14.69289398
v 1.40000000 0.69664359 14.70504913
v 1.55000000 0.72442498 14.71249390
v 1.55000000 0.69664359 14.70504913
v 1.40000000 0.72442498 14.71249390
v 1.40000000 -0.78172889 14.38750610
v 1.55000000 -0.78172889 14.38750610
v 1.40000000 -0.80951023 14.39495087
v 1.55000000 -0.80951023 14.39495087
v 1.40000000 -0.83557692 14.40710602
v 1.55000000 -0.83557692 14.40710602
v 1.40000000 -0.85913687 14.42360229
v 1.55000000 -0.85913687 14.42360229
v 1.40000000 -0.87947426 14.44394073
v 1.55000000 -0.87947426 14.44394073
v 1.40000000 -0.89597111 14.46750031
v 1.55000000 -0.89597111 14.46750031
v 1.40000000 -0.90812616 14.49356689
v 1.55000000 -0.90812616 14.49356689
v 1.40000000 -0.91557016 14.52134857
v 1.55000000 -0.91807690 14.55000000
v 1.55000000 -0.91557016 14.52134857
v 1.40000000 -0.91807690 14.55000000
v 1.40000000 -0.91557016 14.57865143
v 1.55000000 -0.90812616 14.60643311
v 1.55000000 -0.91557016 14.57865143
v 1.40000000 -0.90812616 14.60643311
v 1.40000000 -0.89597111 14.63249969
v 1.55000000 -0.89597111 14.63249969
v 1.40000000 -0.87947426 14.65605927
v 1.55000000 -0.87947426 14.65605927
v 1.40000000 -0.85913687 14.67639771
v 1.55000000 -0.85913687 14.67639771
v 1.40000000 -0.83557692 14.69289398
v 1.55000000 -0.83557692 14.69289398
v 1.40000000 -0.80951023 14.70504913
v 1.55000000 -0.78172889 14.71249390
v 1.55000000 -0.80951023 14.70504913
v 1.40000000 -0.78172889 14.71249390
v 1.40000000 -1.27865191 12.48750687
v 1.55000000 -1.27865191 12.48750687
v 1.40000000 -1.30643330 12.49495087
v 1.55000000 -1.30643330 12.49495087
v 1.40000000 -1.33249998 12.50710602
v 1.55000000 -1.33249998 12.50710602
v 1.40000000 -1.35605993 12.52360229
v 1.55000000 -1.35605993 12.52360229
v 1.40000000 -1.37639732 12.54393997
v 1.55000000 -1.37639732 12.54393997
v 1.40000000 -1.39289417 12.56750031
v 1.55000000 -1.39289417 12.56750031
v 1.40000000 -1.40504932 12.59356689
v 1.55000000 -1.40504932 12.59356689
v 1.40000000 -1.41249332 12.62134781
v 1.55000000 -1.41499996 12.65000000
v 1.55000000 -1.41249332 12.62134781
v 1.40000000 -1.41499996 12.65000000
v 1.40000000 -1.41249332 12.67865219
v 1.55000000 -1.40504932 12.70643311
v 1.55000000 -1.41249332 12.67865219
v 1.40000000 -1.40504932 12.70643311
v 1.40000000 -1.39289417 12.73249969
v 1.55000000 -1.39289417 12.73249969
v 1.40000000 -1.37639732 12.75606003
v 1.55000000 -1.37639732 12.75606003
v 1.40000000 -1.35605993 12.77639771
v 1.55000000 -1.35605993 12.77639771
v 1.40000000 -1.33249998 12.79289398
v 1.55000000 -1.33249998 12.79289398
v 1.40000000 -1.30643330 12.80504913
v 1.55000000 -1.27865191 12.81249390
v 1.55000000 -1.30643330 12.80504913
v 1.40000000 -1.27865191 12.81249390
v 1.40000000 1.22134809 12.48750687
v 1.55000000 1.22134809 12.48750687
v 1.40000000 1.19356670 12.49495087
v 1.55000000 1.19356670 12.49495087
v 1.40000000 1.16750002 12.50710602
v 1.55000000 1.16750002 12.50710602
v 1.40000000 1.14394007 12.52360229
v 1.55000000 1.14394007 12.52360229
v 1.40000000 1.12360268 12.54393997
v 1.55000000 1.12360268 12.54393997
v 1.40000000 1.10710583 12.56750031
v 1.55000000 1.10710583 12.56750031
v 1.40000000 1.09495068 12.59356689
v 1.55000000 1.09495068 12.59356689
v 1.40000000 1.08750668 12.62134781
v 1.55000000 1.08500004 12.65000000
v 1.55000000 1.08750668 12.62134781
v 1.40000000 1.08500004 12.65000000
v 1.40000000 1.08750668 12.67865219
v 1.55000000 1.09495068 12.70643311
v 1.55000000 1.08750668 12.67865219
v 1.40000000 1.09495068 12.70643311
v 1.40000000 1.10710583 12.73249969
v 1.55000000 1.10710583 12.73249969
v 1.40000000 1.12360268 12.75606003
v 1.55000000 1.12360268 12.75606003
v 1.40000000 1.14394007 12.77639771
v 1.55000000 1.14394007 12.77639771
v 1.40000000 1.16750002 12.79289398
v 1.55000000 1.16750002 12.79289398
v 1.40000000 1.19356670 12.80504913
v 1.55000000 1.22134809 12.81249390
v 1.55000000 1.19356670 12.80504913
v 1.40000000 1.22134809 12.81249390
v 2.20000000 2.70000000 8.55000000
v 0.20000000 2.70000000 7.35000000
v 0.20000000 2.70000000 7.55000000
v 0.46666665 2.70000000 8.55000000
v 0.20000000 2.70000000 5.05000000
v 1.27970171 2.70000000 5.90488930
v 1.35709467 2.70000000 5.88466530
v 1.42993717 2.70000000 5.85160980
v 1.49611921 2.70000000 5.80668068
v 1.55372372 2.70000000 5.75117912
v 1.60108223 2.70000000 5.68671303
v 2.20000000 2.70000000 5.05000000
v 1.63682251 2.70000000 5.61514969
v 1.65990982 2.70000000 5.53856201
v 1.66967506 2.70000000 5.45916862
v 1.66583557 2.70000000 5.37926903
v 1.64850235 2.70000000 5.30117760
v 1.61817780 2.70000000 5.22715645
v 1.57573986 2.70000000 5.15935020
v 1.52241821 2.70000000 5.09972229
v 1.45975723 2.70000000 5.05000000
v 2.35680599 2.54319401 9.14955215
v 1.40000000 1.78461533 12.05000000
v 1.70000000 1.00000000 15.05000000
v 1.40000000 1.00000000 15.05000000
v 0.90000000 2.50000000 7.55000000
v 0.45980768 2.50000000 8.52427902
v 0.20000000 2.50000000 7.55000000
v 1.40000000 2.50000000 8.05000000
v 1.40000000 2.50000000 8.52427902
v 1.40000000 1.57788830 12.05000000
v 1.40000000 1.01734800 8.07126007
v 1.40000000 1.02951527 8.08253250
v 1.40000000 1.03965178 8.09566116
v 1.40000000 1.00348501 8.06215363
v 1.40000000 1.04747887 8.11028519
v 1.40000000 0.98830738 8.05546417
v 1.40000000 1.05278101 8.12600098
v 1.40000000 0.97223282 8.05137558
v 1.40000000 1.05541258 8.14237747
v 1.40000000 1.05530100 8.15896301
v 1.40000000 -2.50000000 8.05000000
v 1.40000000 -1.05530100 8.15896301
v 1.40000000 -1.05541258 8.14237747
v 1.40000000 -1.05278101 8.12600098
v 1.40000000 -1.04747887 8.11028519
v 1.40000000 -1.03965178 8.09566116
v 1.40000000 -1.02951527 8.08253250
v 1.40000000 -1.01734800 8.07126007
v 1.40000000 -1.00348501 8.06215363
v 1.40000000 -0.98830738 8.05546417
v 1.40000000 -0.97223282 8.05137558
v 1.40000000 -0.95570354 8.05000000
v 1.40000000 0.27390442 11.13611145
v 1.40000000 0.25018723 11.17928238
v 1.40000000 0.21972556 11.21799011
v 1.40000000 -2.50000000 8.52427902
v 1.40000000 -1.05244942 8.17530289
v 1.40000000 0.18334054 11.25119095
v 1.40000000 0.14201305 11.27799149
v 1.40000000 -0.29023771 11.08964157
v 1.40000000 0.09685720 11.29766769
v 1.40000000 0.04909028 11.30969009
v 1.40000000 0.00000000 11.31373367
v 1.40000000 -1.57788830 12.05000000
v 1.40000000 -0.21972556 11.21799011
v 1.40000000 -0.25018723 11.17928238
v 1.40000000 -0.27390442 11.13611145
v 1.40000000 -0.14201305 11.27799149
v 1.40000000 -0.18334054 11.25119095
v 1.40000000 -0.09685720 11.29766769
v 1.40000000 -0.04909028 11.30969009
v 1.40000000 -1.78461533 12.05000000
v 1.40000000 -1.00000000 15.05000000
v 1.40000000 0.95570354 8.05000000
v 0.90000000 -2.50000000 7.55000000
v 2.20000000 0.75000000 5.05000000
v 0.20000000 1.60000000 5.05000000
v 2.20000000 1.60000000 5.05000000
v 0.20000000 0.75000000 5.05000000
v 2.20000000 -1.60000000 5.05000000
v 0.20000000 -0.84326153 5.05000000
v 2.20000000 -0.84326153 5.05000000
v 0.20000000 -1.60000000 5.05000000
v 0.20000000 1.80000000 5.05000000
v 2.20000000 1.80000000 5.05000000
v 1.26663685 2.62732449 5.05000000
v 1.33122740 2.64309425 5.05000000
v 1.39716082 2.66851864 5.05000000
v -0.00000000 2.14041195 7.00707245
v -0.00000000 2.50000000 7.35000000
v -0.00000000 2.23677845 6.92380219
v -0.00000000 2.31766624 6.82542725
v -0.00000000 2.03134556 7.07283707
v -0.00000000 2.38074284 6.71478424
v -0.00000000 1.91272411 7.11920013
v -0.00000000 2.42418919 6.59506454
v -0.00000000 1.78796864 7.14482346
v -0.00000000 2.44675236 6.46971893
v -0.00000000 1.66067657 7.14896851
v -0.00000000 2.44778214 6.34236374
v -0.00000000 2.50000000 5.25000000
v -0.00000000 2.04218102 5.73260803
v -0.00000000 2.15016994 5.80012741
v -0.00000000 2.24517746 5.88494530
v -0.00000000 2.32446423 5.98461533
v -0.00000000 2.38574352 6.09626350
v -0.00000000 2.42724838 6.21667023
v -0.00000000 0.72856727 6.63596268
v -0.00000000 1.04117966 6.75840759
v -0.00000000 0.99003630 6.64176712
v -0.00000000 0.73596268 6.62856750
v -0.00000000 0.74196153 6.61999969
v -0.00000000 0.71999998 6.64196167
v -0.00000000 0.74638157 6.61052094
v -0.00000000 0.71052122 6.64638138
v -0.00000000 0.74908848 6.60041885
v -0.00000000 0.70041890 6.64908829
v -0.00000000 1.11132107 6.86471176
v -0.00000000 0.75000000 6.59000015
v -0.00000000 0.95936575 6.51815567
v -0.00000000 0.95005236 6.39113731
v -0.00000000 0.69000001 6.65000000
v -0.00000000 1.57094221 5.65736580
v -0.00000000 1.57926102 5.65133133
v -0.00000000 1.58642797 5.64396553
v -0.00000000 0.96236486 6.26437416
v -0.00000000 1.55185184 5.66477737
v -0.00000000 1.56171560 5.66189194
v -0.00000000 1.59911985 5.61619911
v -0.00000000 1.59223280 5.63548470
v -0.00000000 1.59650517 5.62613792
v -0.00000000 1.60000000 5.60595970
v -0.00000000 1.42958851 5.70044479
v -0.00000000 1.80000000 5.25000000
v -0.00000000 1.80000000 5.65669670
v -0.00000000 1.92432480 5.68433380
v -0.00000000 -0.06439820 7.03829575
v -0.00000000 1.19843788 6.95761566
v -0.00000000 -0.05732991 7.03218155
v -0.00000000 1.30001793 7.03443985
v -0.00000000 -0.05129698 7.02504272
v -0.00000000 -0.07233034 7.04323883
v -0.00000000 1.41313200 7.09296951
v -0.00000000 -0.04644578 7.01705475
v -0.00000000 -0.08093386 7.04689026
v -0.00000000 -0.04289404 7.00840912
v -0.00000000 -0.09000000 7.04916077
v -0.00000000 1.53451834 7.13151627
v -0.00000000 -0.04072793 6.99931793
v -0.00000000 -0.04000000 6.99000015
v -0.00000000 1.60000000 5.25000000
v -0.00000000 1.31512280 5.75628471
v -0.00000000 -0.04000000 6.65000000
v -0.00000000 -0.65934458 7.03412628
v -0.00000000 -0.11560180 7.03829575
v -0.00000000 -0.12267009 7.03218155
v -0.00000000 -0.65263920 7.02683716
v -0.00000000 -0.12870302 7.02504272
v -0.00000000 -0.66715779 7.04021378
v -0.00000000 -0.10766966 7.04323883
v -0.00000000 -0.64722438 7.01854324
v -0.00000000 -0.13355422 7.01705475
v -0.00000000 -0.67586594 7.04493256
v -0.00000000 -0.09906614 7.04689026
v -0.00000000 -0.64324770 7.00947266
v -0.00000000 -0.13710597 7.00840912
v -0.00000000 -0.68523173 7.04815445
v -0.00000000 -0.64081750 6.99987106
v -0.00000000 -0.13927207 6.99931793
v -0.00000000 -0.69499998 7.04979095
v -0.00000000 -0.64000001 6.99000015
v -0.00000000 -0.14000000 6.99000015
v -0.00000000 -0.64000001 6.65000000
v -0.00000000 0.75000000 5.25000000
v -0.00000000 0.99594803 6.14152222
v -0.00000000 1.04983358 6.02612343
v -0.00000000 1.12246761 5.92150612
v -0.00000000 1.21175556 5.83068695
v -0.00000000 -1.16322145 6.92380219
v -0.00000000 -0.73736081 7.02683716
v -0.00000000 -0.74277563 7.01854324
v -0.00000000 -0.74675231 7.00947266
v -0.00000000 -0.74918251 6.99987106
v -0.00000000 -0.75000000 6.99000015
v -0.00000000 -1.25958805 7.00707245
v -0.00000000 -0.72284222 7.04021378
v -0.00000000 -0.73065543 7.03412628
v -0.00000000 -1.08233366 6.82542725
v -0.00000000 -1.36865454 7.07283707
v -0.00000000 -0.70476823 7.04815445
v -0.00000000 -0.71413407 7.04493256
v -0.00000000 -1.01925716 6.71478424
v -0.00000000 -1.48727579 7.11920013
v -0.00000000 -1.61203136 7.14482346
v -0.00000000 -2.50000000 7.35000000
v -0.00000000 -1.73932343 7.14896851
v -0.00000000 -1.86548176 7.13151627
v -0.00000000 -1.98686810 7.09296951
v -0.00000000 -2.09998207 7.03443985
v -0.00000000 -0.75000000 5.53284264
v -0.00000000 -1.07553587 5.98461533
v -0.00000000 -1.01425657 6.09626350
v -0.00000000 -0.97275162 6.21667023
v -0.00000000 -0.60832472 5.38298798
v -0.00000000 -0.14000000 5.25000000
v -0.00000000 -0.40496874 5.25000000
v -0.00000000 -2.20156212 6.95761566
v -0.00000000 -1.15482254 5.88494530
v -0.00000000 -2.28867893 6.86471176
v -0.00000000 -1.24983006 5.80012741
v -0.00000000 -0.84326153 5.25000000
v -0.00000000 -2.35882034 6.75840759
v -0.00000000 -1.35781898 5.73260803
v -0.00000000 -2.40996380 6.64176712
v -0.00000000 -2.44063435 6.51815567
v -0.00000000 -1.80776711 5.63548470
v -0.00000000 -1.82073898 5.65133133
v -0.00000000 -1.81357212 5.64396553
v -0.00000000 -1.80349483 5.62613792
v -0.00000000 -1.82905788 5.65736580
v -0.00000000 -1.84814816 5.66477737
v -0.00000000 -1.83828449 5.66189194
v -0.00000000 -1.80000000 5.60595970
v -0.00000000 -1.80088024 5.61619911
v -0.00000000 -1.97041149 5.70044479
v -0.00000000 -1.60000000 5.25000000
v -0.00000000 -1.60000000 5.65669670
v -0.00000000 -1.47567511 5.68433380
v -0.00000000 -1.80000000 5.25000000
v -0.00000000 -2.50000000 5.25000000
v -0.00000000 -2.43763523 6.26437416
v -0.00000000 -2.40405197 6.14152222
v -0.00000000 -2.35016632 6.02612343
v -0.00000000 -2.27753239 5.92150612
v -0.00000000 -2.18824444 5.83068695
v -0.00000000 -2.08487720 5.75628471
v -0.00000000 -0.95221786 6.34236374
v -0.00000000 -0.95324755 6.46971893
v -0.00000000 -0.97581091 6.59506454
v -0.00000000 -2.44994755 6.39113731
v 0.20000000 -2.50000000 7.55000000
v 0.20000000 -2.70000000 5.05000000
v 2.20000000 -2.70000000 5.05000000
v 1.52241821 -2.70000000 5.09972229
v 1.45975723 -2.70000000 5.05000000
v 1.57573986 -2.70000000 5.15935020
v 1.61817780 -2.70000000 5.22715645
v 1.64850235 -2.70000000 5.30117760
v 1.66583557 -2.70000000 5.37926903
v 1.66967506 -2.70000000 5.45916862
v 1.65990982 -2.70000000 5.53856201
v 1.63682251 -2.70000000 5.61514969
v 1.60108223 -2.70000000 5.68671303
v 0.20000000 -2.70000000 7.35000000
v 1.27970171 -2.70000000 5.90488930
v 2.20000000 -2.70000000 8.55000000
v 1.55372372 -2.70000000 5.75117912
v 1.49611921 -2.70000000 5.80668068
v 1.42993717 -2.70000000 5.85160980
v 1.35709467 -2.70000000 5.88466530
v 0.20000000 -2.70000057 7.55000000
v 0.46666665 -2.70000000 8.55000000
v 0.20000000 -1.80000000 5.05000000
v 2.20000000 -1.80000000 5.05000000
v 1.29090538 -2.63210678 5.05000000
v 1.24583588 -2.62437916 5.05000000
v 1.37790308 -2.66020622 5.05000000
v 1.25771379 1.58301907 5.65918350
v 1.26633253 1.60000000 5.65669670
v 1.24677830 1.56757011 5.66178589
v 1.23303385 1.55444565 5.66425972
v 1.22332458 1.54838610 5.66548424
v 1.21182804 1.54410286 5.66638069
v 1.21488552 1.85502319 5.66619415
v 1.22932396 1.84814816 5.66477737
v 1.25771379 -1.81698093 5.65918350
v 1.26633253 -1.80000000 5.65669670
v 1.24677830 -1.83242989 5.66178589
v 1.23303385 -1.84555435 5.66425972
v 1.22332458 -1.85161381 5.66548424
v 1.21182804 -1.85589714 5.66638069
v 1.21488552 -1.54497681 5.66619415
v 1.22932396 -1.55185184 5.66477737
v 1.70000000 -1.00000000 15.05000000
v 2.35680599 -2.54319401 9.14955215
v 2.14084568 -0.29023771 11.08964157
v 0.78142104 0.75000000 5.44169655
v 0.99071054 0.75000000 5.07919655
v 0.99071054 0.75000000 5.80419655
v 1.61857891 0.75000000 5.44169655
v 1.40928946 0.75000000 5.07919655
v 1.40928946 0.75000000 5.80419655
v 0.28284271 -0.75000000 5.25000000
v 1.23866549 -0.75000000 5.66334953
v 1.27618065 -0.75000000 5.65340729
v 1.31142921 -0.75000000 5.63716660
v 1.34336243 -0.75000000 5.61511002
v 2.11715736 -0.75000000 5.25000000
v 1.31780252 -0.75000000 5.25000000
v 1.34899244 -0.75000000 5.27309570
v 1.37574949 -0.75000000 5.30120773
v 1.39727755 -0.75000000 5.33349953
v 1.41293612 -0.75000000 5.36901093
v 1.42225924 -0.75000000 5.40668449
v 1.42496948 -0.75000000 5.44539986
v 1.42098637 -0.75000000 5.48400497
v 1.41042833 -0.75000000 5.52135162
v 1.39360952 -0.75000000 5.55632782
v 1.37103033 -0.75000000 5.58789368
v 0.13305027 -0.60499845 5.24993744
v 1.30735073 -0.61473589 5.63943596
v 1.33471298 -0.61429777 5.62191162
v 1.27949762 -0.61505461 5.65218430
v 1.25208845 -0.61526461 5.66058426
v 1.22581720 -0.61538024 5.66521034
v 1.21266527 -0.61540852 5.66633987
v 1.36044254 -0.61373601 5.59944077
v 1.38327923 -0.61305523 5.57220993
v 1.40198641 -0.61227064 5.54082527
v 1.41552477 -0.61140757 5.50630341
v 2.26694965 -0.60499845 5.24993744
v 1.34850416 -0.60556664 5.27266541
v 1.31770077 -0.60499845 5.24993744
v 1.37507000 -0.60625906 5.30036201
v 1.39621840 -0.60703979 5.33159065
v 1.41139259 -0.60786591 5.36463699
v 1.42067928 -0.60869536 5.39781418
v 1.42484455 -0.60958338 5.43333511
v 1.42321548 -0.61049948 5.46997833
v 0.20000000 -0.14000000 5.05000000
v 0.27023332 -0.50560894 5.05000000
v 0.20000000 -0.39996874 5.05000000
v 2.12976665 -0.50560894 5.05000000
v 2.20000000 -0.14000000 5.05000000
v 2.20000000 -0.39996874 5.05000000
v 0.78142104 -0.14000000 5.44169655
v 0.99071054 -0.14000000 5.07919655
v 0.99071054 -0.14000000 5.80419655
v 1.40928946 -0.14000000 5.07919655
v 1.61857891 -0.14000000 5.44169655
v 1.40928946 -0.14000000 5.80419655
v 1.42384958 -1.80000000 5.46441994
v 1.41694651 -1.80000000 5.50135574
v 1.40399284 -1.80000000 5.53662758
v 1.38534994 -1.80000000 5.56925201
v 1.36153774 -1.80000000 5.59831886
v 1.33322029 -1.80000000 5.62301750
v 1.30118742 -1.80000000 5.64265938
v 1.23744411 -1.80000000 5.21983414
v 1.27384396 -1.80000000 5.22915916
v 1.30818424 -1.80000000 5.24441223
v 1.33950739 -1.80000000 5.26516685
v 1.36693974 -1.80000000 5.29084511
v 1.38971624 -1.80000000 5.32073059
v 1.40720167 -1.80000000 5.35398979
v 1.41890831 -1.80000000 5.38969498
v 1.42450972 -1.80000000 5.42685051
v 1.42486315 -1.60000000 5.43385010
v 1.42026405 -1.60000000 5.39577560
v 1.40926561 -1.60000000 5.35903511
v 1.39218731 -1.60000000 5.32469635
v 1.36952534 -1.60000000 5.29375687
v 1.34193802 -1.60000000 5.26711540
v 1.31022692 -1.60000000 5.24554596
v 1.27531347 -1.60000000 5.22967567
v 1.23821182 -1.60000000 5.21996498
v 1.35376158 -1.60000000 5.60595970
v 1.37942476 -1.60000000 5.57746010
v 1.39987507 -1.60000000 5.54501610
v 1.41451836 -1.60000000 5.50957031
v 1.42292919 -1.60000000 5.47215271
v 1.42486315 1.80000000 5.43385010
v 1.42026405 1.80000000 5.39577560
v 1.40926561 1.80000000 5.35903511
v 1.39218731 1.80000000 5.32469635
v 1.36952534 1.80000000 5.29375687
v 1.34193802 1.80000000 5.26711540
v 1.31022692 1.80000000 5.24554596
v 1.27531347 1.80000000 5.22967567
v 1.23821182 1.80000000 5.21996498
v 1.35376158 1.80000000 5.60595970
v 1.37942476 1.80000000 5.57746010
v 1.39987507 1.80000000 5.54501610
v 1.41451836 1.80000000 5.50957031
v 1.42292919 1.80000000 5.47215271
v 1.42384958 1.60000000 5.46441994
v 1.41694651 1.60000000 5.50135574
v 1.40399284 1.60000000 5.53662758
v 1.38534994 1.60000000 5.56925201
v 1.36153774 1.60000000 5.59831886
v 1.33322029 1.60000000 5.62301750
v 1.30118742 1.60000000 5.64265938
v 1.23744411 1.60000000 5.21983414
v 1.27384396 1.60000000 5.22915916
v 1.30818424 1.60000000 5.24441223
v 1.33950739 1.60000000 5.26516685
v 1.36693974 1.60000000 5.29084511
v 1.38971624 1.60000000 5.32073059
v 1.40720167 1.60000000 5.35398979
v 1.41890831 1.60000000 5.38969498
v 1.42450972 1.60000000 5.42685051
v 0.99071054 -0.49000001 5.07919655
v 0.78142104 -0.49000001 5.44169655
v 1.40928946 -0.49000001 5.07919655
v 1.23907080 -0.49000001 5.22011490
v 1.27695456 -0.49000001 5.23026581
v 1.31250000 -0.49000001 5.24684067
v 1.34462719 -0.49000001 5.26933670
v 1.37236004 -0.49000001 5.29706917
v 1.39485569 -0.49000001 5.32919655
v 0.99071054 -0.49000001 5.80419655
v 1.61857891 -0.49000001 5.44169655
v 1.41143084 -0.49000001 5.51865120
v 1.39485569 -0.49000001 5.55419655
v 1.42158175 -0.49000001 5.48076744
v 1.42500000 -0.49000001 5.44169655
v 1.42158175 -0.49000001 5.40262566
v 1.41143084 -0.49000001 5.36474190
v 1.40928946 -0.49000001 5.80419655
v 1.23907080 -0.49000001 5.66327820
v 1.27695456 -0.49000001 5.65312729
v 1.31250000 -0.49000001 5.63655243
v 1.34462719 -0.49000001 5.61405640
v 1.37236004 -0.49000001 5.58632393
v 0.99071054 1.10000000 5.80419655
v 0.78142104 1.10000000 5.44169655
v 1.40928946 1.10000000 5.80419655
v 1.23907080 1.10000000 5.66327820
v 1.27695456 1.10000000 5.65312729
v 1.31250000 1.10000000 5.63655243
v 1.34462719 1.10000000 5.61405640
v 1.37236004 1.10000000 5.58632393
v 1.39485569 1.10000000 5.55419655
v 0.99071054 1.10000000 5.07919655
v 1.61857891 1.10000000 5.44169655
v 1.41143084 1.10000000 5.36474190
v 1.39485569 1.10000000 5.32919655
v 1.42158175 1.10000000 5.40262566
v 1.42500000 1.10000000 5.44169655
v 1.42158175 1.10000000 5.48076744
v 1.41143084 1.10000000 5.51865120
v 1.40928946 1.10000000 5.07919655
v 1.23907080 1.10000000 5.22011490
v 1.27695456 1.10000000 5.23026581
v 1.31250000 1.10000000 5.24684067
v 1.34462719 1.10000000 5.26933670
v 1.37236004 1.10000000 5.29706917
v 1.23907080 -2.45499992 5.66327820
v 1.27695456 -2.45499992 5.65312729
v 1.31250000 -2.45499992 5.63655243
v 1.34462719 -2.45499992 5.61405640
v 1.37236004 -2.45499992 5.58632393
v 1.39485569 -2.45499992 5.55419655
v 1.41143084 -2.45499992 5.51865120
v 1.42158175 -2.45499992 5.48076744
v 1.42500000 -2.45499992 5.44169655
v 1.42158175 -2.45499992 5.40262566
v 1.41143084 -2.45499992 5.36474190
v 1.39485569 -2.45499992 5.32919655
v 1.37236004 -2.45499992 5.29706917
v 1.34462719 -2.45499992 5.26933670
v 1.31250000 -2.45499992 5.24684067
v 1.27695456 -2.45499992 5.23026581
v 1.23907080 -2.45499992 5.22011490
v 1.24723406 -1.56232548 5.66167831
v 1.28857460 -1.58228455 5.64852905
v 1.26545467 -1.57159863 5.65696564
v 1.32232838 -1.59473553 5.63053703
v 1.30560169 -1.58915119 5.64037437
v 1.33845253 -1.59856615 5.61905785
v 1.28477421 -0.75779762 5.23327789
v 1.25276222 -0.76260414 5.22297020
v 1.22644339 -0.76480255 5.21825600
v 1.23907080 2.45499992 5.66327820
v 1.24723406 1.83767452 5.66167831
v 1.27695456 2.45499992 5.65312729
v 1.28857460 1.81771545 5.64852905
v 1.26545467 1.82840137 5.65696564
v 1.31250000 2.45499992 5.63655243
v 1.32232838 1.80526447 5.63053703
v 1.30560169 1.81084881 5.64037437
v 1.34462719 2.45499992 5.61405640
v 1.33845253 1.80143394 5.61905785
v 1.37236004 2.45499992 5.58632393
v 1.39485569 2.45499992 5.55419655
v 1.41143084 2.45499992 5.51865120
v 1.42158175 2.45499992 5.48076744
v 1.42500000 2.45499992 5.44169655
v 1.42158175 2.45499992 5.40262566
v 1.41143084 2.45499992 5.36474190
v 1.39485569 2.45499992 5.32919655
v 1.37236004 2.45499992 5.29706917
v 1.34462719 2.45499992 5.26933670
v 1.31250000 2.45499992 5.24684067
v 1.27695456 2.45499992 5.23026581
v 1.23907080 2.45499992 5.22011490
v 1.30488615 2.53666668 5.72986908
v 1.33281784 2.61833324 5.80661049
v 1.39712152 2.53666668 5.67661667
v 1.44961586 2.61833324 5.73917732
v 1.46558113 2.53666668 5.59502983
v 1.53630657 2.61833324 5.63586311
v 1.50200768 2.53666668 5.49494858
v 1.58243370 2.61833324 5.50913010
v 1.50200768 2.53666668 5.38844452
v 1.58243370 2.61833324 5.37426300
v 1.46558113 2.53666668 5.28836327
v 1.53630657 2.61833324 5.24752998
v 1.39712152 2.53666668 5.20677643
v 1.44961586 2.61833324 5.14421616
v 1.30488615 2.53666668 5.15352402
v 1.33281784 2.61833324 5.07678261
v 1.29268064 -0.59840384 5.23667145
v 1.26593504 -0.59338455 5.22657433
v 1.23317900 -0.58969703 5.21915627
v 1.30488615 -2.53666668 5.15352402
v 1.33281784 -2.61833324 5.07678261
v 1.39712152 -2.53666668 5.20677643
v 1.44961586 -2.61833324 5.14421616
v 1.46558113 -2.53666668 5.28836327
v 1.53630657 -2.61833324 5.24752998
v 1.50200768 -2.53666668 5.38844452
v 1.58243370 -2.61833324 5.37426300
v 1.50200768 -2.53666668 5.49494858
v 1.58243370 -2.61833324 5.50913010
v 1.46558113 -2.53666668 5.59502983
v 1.53630657 -2.61833324 5.63586311
v 1.39712152 -2.53666668 5.67661667
v 1.44961586 -2.61833324 5.73917732
v 1.30488615 -2.53666668 5.72986908
v 1.33281784 -2.61833324 5.80661049
v 0.45980768 -2.50000000 8.52427902
v 1.99776649 1.40877132 12.37500000
v 1.55000000 1.40877132 12.37500000
v 1.55000000 1.09122868 12.37500000
v 1.99776649 1.09122868 12.37500000
v 1.96715508 0.93245735 12.65000000
v 1.55000000 0.93245735 12.65000000
v 1.93654346 1.09122868 12.92500000
v 1.55000000 1.09122868 12.92500000
v 1.93654346 1.40877132 12.92500000
v 1.55000000 1.40877132 12.92500000
v 1.55000000 1.56754265 12.65000000
v 1.96715508 1.56754265 12.65000000
v 1.99776649 -1.09122868 12.37500000
v 1.55000000 -1.09122868 12.37500000
v 1.55000000 -1.40877132 12.37500000
v 1.99776649 -1.40877132 12.37500000
v 1.96715508 -1.56754265 12.65000000
v 1.55000000 -1.56754265 12.65000000
v 1.93654346 -1.40877132 12.92500000
v 1.55000000 -1.40877132 12.92500000
v 1.93654346 -1.09122868 12.92500000
v 1.55000000 -1.09122868 12.92500000
v 1.55000000 -0.93245735 12.65000000
v 1.96715508 -0.93245735 12.65000000
v 1.78626881 -0.91184826 14.27500000
v 1.78626881 -0.59430561 14.27500000
v 1.55000000 -0.59430561 14.27500000
v 1.55000000 -0.91184826 14.27500000
v 1.75565739 -1.07061958 14.55000000
v 1.55000000 -1.07061958 14.55000000
v 1.72504578 -0.91184826 14.82500000
v 1.55000000 -0.91184826 14.82500000
v 1.72504578 -0.59430561 14.82500000
v 1.55000000 -0.59430561 14.82500000
v 1.55000000 -0.43553429 14.55000000
v 1.75565739 -0.43553429 14.55000000
v 1.78626881 0.59430561 14.27500000
v 1.78626881 0.91184826 14.27500000
v 1.55000000 0.91184826 14.27500000
v 1.55000000 0.59430561 14.27500000
v 1.75565739 0.43553429 14.55000000
v 1.55000000 0.43553429 14.55000000
v 1.72504578 0.59430561 14.82500000
v 1.55000000 0.59430561 14.82500000
v 1.55000000 0.91184826 14.82500000
v 1.72504578 0.91184826 14.82500000
v 1.55000000 1.07061958 14.55000000
v 1.75565739 1.07061958 14.55000000
v 2.12303715 0.18535095 11.24962540
v 2.12633553 0.21784525 11.21999435
v 2.12989025 0.24415133 11.18806076
v 2.12017422 0.14683058 11.27534561
v 2.13354397 0.26453125 11.15523682
v 2.13717136 0.27953050 11.12264938
v 2.11793022 0.10298274 11.29550400
v 2.13903008 0.28547425 11.10595322
v 2.11646862 0.05508021 11.30863342
v 2.11590538 0.00489477 11.31369324
v 2.11628723 -0.04549752 11.31026306
v 2.11758232 -0.09399220 11.29862900
v 2.11968670 -0.13874018 11.27972412
v 2.12244415 -0.17836252 11.25495300
v 2.12605267 -0.21540999 11.22253571
v 2.13044415 -0.24762933 11.18308411
v 2.13545532 -0.27302227 11.13806686
v 0.00000000 -0.75285716 14.87495117
v 1.22500000 -0.73360395 14.87438202
v 1.22500000 -0.75285716 14.87495117
v 0.00000000 -0.73360395 14.87438202
v 1.22500000 -0.71441832 14.87267151
v 0.00000000 -0.71441832 14.87267151
v 1.22500000 -0.69536767 14.86982880
v 0.00000000 -0.69536767 14.86982880
v 1.22500000 -0.67651892 14.86586151
v 0.00000000 -0.67651892 14.86586151
v 1.22500000 -0.65793824 14.86078491
v 0.00000000 -0.65793824 14.86078491
v 1.22500000 -0.63969097 14.85461731
v 0.00000000 -0.63969097 14.85461731
v 1.22500000 -0.62184114 14.84737854
v 0.00000000 -0.62184114 14.84737854
v 1.22500000 -0.60445151 14.83909454
v 0.00000000 -0.60445151 14.83909454
v 1.22500000 -0.58758311 14.82979584
v 0.00000000 -0.58758311 14.82979584
v 1.22500000 -0.57129517 14.81951447
v 0.00000000 -0.57129517 14.81951447
v 1.22500000 -0.55564499 14.80828552
v 0.00000000 -0.55564499 14.80828552
v 1.22500000 -0.54068747 14.79615021
v 0.00000000 -0.54068747 14.79615021
v 1.22500000 -0.52647514 14.78314819
v 0.00000000 -0.52647514 14.78314819
v 1.22500000 -0.51305795 14.76932831
v 0.00000000 -0.51305795 14.76932831
v 1.22500000 -0.50048304 14.75473785
v 0.00000000 -0.50048304 14.75473785
v 1.22500000 -0.48879457 14.73942871
v 0.00000000 -0.48879457 14.73942871
v 1.22500000 -0.47803359 14.72345276
v 0.00000000 -0.47803359 14.72345276
v 1.22500000 -0.46823792 14.70686798
v 0.00000000 -0.46823792 14.70686798
v 0.00000000 -0.45944190 14.68973236
v 1.22500000 -0.45944190 14.68973236
v 0.00000000 -0.45167651 14.67210541
v 1.22500000 -0.44496899 14.65404968
v 1.22500000 -0.45167651 14.67210541
v 0.00000000 -0.44496899 14.65404968
v 0.00000000 -0.43934288 14.63562775
v 1.22500000 -0.43481798 14.61690521
v 1.22500000 -0.43934288 14.63562775
v 0.00000000 -0.43481798 14.61690521
v 0.00000000 -0.43141017 14.59794769
v 1.22500000 -0.43141017 14.59794769
v 0.00000000 -0.42913141 14.57882080
v 1.22500000 -0.42913141 14.57882080
v 0.00000000 -0.42798972 14.55959320
v 1.22500000 -0.42798972 14.55959320
v 0.00000000 -0.42798910 14.54033051
v 1.22500000 -0.42798910 14.54033051
v 0.00000000 -0.42912960 14.52110291
v 1.22500000 -0.42912960 14.52110291
v 0.00000000 -0.43140712 14.50197601
v 1.22500000 -0.43140712 14.50197601
v 0.00000000 -0.43481369 14.48301849
v 1.22500000 -0.43481369 14.48301849
v 0.00000000 -0.43933740 14.46429596
v 1.22500000 -0.43933740 14.46429596
v 0.00000000 -0.44496231 14.44587402
v 1.22500000 -0.44496231 14.44587402
v 0.00000000 -0.45166864 14.42781677
v 1.22500000 -0.45166864 14.42781677
v 0.00000000 -0.45943289 14.41018982
v 1.22500000 -0.45943289 14.41018982
v 0.00000000 -0.46822782 14.39305267
v 1.22500000 -0.46822782 14.39305267
v 0.00000000 -0.47802243 14.37646790
v 1.22500000 -0.47802243 14.37646790
v 0.00000000 -0.48878236 14.36049194
v 1.22500000 -0.48878236 14.36049194
v 0.00000000 -0.50046988 14.34518127
v 1.22500000 -0.50046988 14.34518127
v 0.00000000 -0.51304383 14.33058929
v 1.22500000 -0.51304383 14.33058929
v 0.00000000 -0.52646012 14.31676941
v 1.22500000 -0.52646012 14.31676941
v 0.00000000 -0.54067159 14.30376740
v 1.22500000 -0.54067159 14.30376740
v 0.00000000 -0.55562835 14.29163055
v 1.22500000 -0.55562835 14.29163055
v 0.00000000 -0.57127781 14.28040009
v 1.22500000 -0.57127781 14.28040009
v 0.00000000 -0.58756509 14.27011719
v 1.22500000 -0.58756509 14.27011719
v 0.00000000 -0.60443292 14.26081848
v 1.22500000 -0.60443292 14.26081848
v 0.00000000 -0.62182202 14.25253296
v 1.22500000 -0.62182202 14.25253296
v 0.00000000 -0.63967137 14.24529419
v 1.22500000 -0.63967137 14.24529419
v 0.00000000 -0.65791826 14.23912354
v 1.22500000 -0.65791826 14.23912354
v 0.00000000 -0.67649856 14.23404694
v 1.22500000 -0.67649856 14.23404694
v 0.00000000 -0.69534707 14.23007813
v 1.22500000 -0.69534707 14.23007813
v 0.00000000 -0.71439753 14.22723389
v 1.22500000 -0.71439753 14.22723389
v 0.00000000 -0.73358307 14.22552338
v 1.22500000 -0.73358307 14.22552338
v 0.00000000 -0.75283623 14.22495117
v 1.22500000 -0.75283623 14.22495117
v 0.00000000 -1.24983416 12.97493591
v 1.22500000 -1.23058100 12.97436523
v 1.22500000 -1.24983416 12.97493591
v 0.00000000 -1.23058100 12.97436523
v 1.22500000 -1.21139536 12.97265625
v 0.00000000 -1.21139536 12.97265625
v 1.22500000 -1.19234467 12.96981201
v 0.00000000 -1.19234467 12.96981201
v 1.22500000 -1.17349596 12.96584473
v 0.00000000 -1.17349596 12.96584473
v 1.22500000 -1.15491524 12.96076813
v 0.00000000 -1.15491524 12.96076813
v 1.22500000 -1.13666801 12.95460052
v 0.00000000 -1.13666801 12.95460052
v 1.22500000 -1.11881819 12.94736176
v 0.00000000 -1.11881819 12.94736176
v 1.22500000 -1.10142851 12.93907928
v 0.00000000 -1.10142851 12.93907928
v 1.22500000 -1.08456011 12.92978058
v 0.00000000 -1.08456011 12.92978058
v 1.22500000 -1.06827221 12.91949768
v 0.00000000 -1.06827221 12.91949768
v 1.22500000 -1.05262203 12.90827026
v 0.00000000 -1.05262203 12.90827026
v 1.22500000 -1.03766441 12.89613342
v 0.00000000 -1.03766441 12.89613342
v 1.22500000 -1.02345219 12.88313293
v 0.00000000 -1.02345219 12.88313293
v 1.22500000 -1.01003494 12.86931305
v 0.00000000 -1.01003494 12.86931305
v 1.22500000 -0.99746008 12.85472260
v 0.00000000 -0.99746008 12.85472260
v 1.22500000 -0.98577156 12.83941193
v 0.00000000 -0.98577156 12.83941193
v 1.22500000 -0.97501059 12.82343750
v 0.00000000 -0.97501059 12.82343750
v 1.22500000 -0.96521492 12.80685272
v 0.00000000 -0.96521492 12.80685272
v 0.00000000 -0.95641890 12.78971634
v 1.22500000 -0.95641890 12.78971634
v 0.00000000 -0.94865351 12.77208939
v 1.22500000 -0.94194603 12.75403290
v 1.22500000 -0.94865351 12.77208939
v 0.00000000 -0.94194603 12.75403290
v 0.00000000 -0.93631992 12.73561172
v 1.22500000 -0.93179502 12.71688843
v 1.22500000 -0.93631992 12.73561172
v 0.00000000 -0.93179502 12.71688843
v 0.00000000 -0.92838717 12.69793091
v 1.22500000 -0.92838717 12.69793091
v 0.00000000 -0.92610846 12.67880478
v 1.22500000 -0.92610846 12.67880478
v 0.00000000 -0.92496672 12.65957718
v 1.22500000 -0.92496672 12.65957718
v 0.00000000 -0.92496614 12.64031525
v 1.22500000 -0.92496614 12.64031525
v 0.00000000 -0.92610655 12.62108765
v 1.22500000 -0.92610655 12.62108765
v 0.00000000 -0.92838411 12.60196075
v 1.22500000 -0.92838411 12.60196075
v 0.00000000 -0.93179073 12.58300247
v 1.22500000 -0.93179073 12.58300247
v 0.00000000 -0.93631439 12.56427994
v 1.22500000 -0.93631439 12.56427994
v 0.00000000 -0.94193926 12.54585800
v 1.22500000 -0.94193926 12.54585800
v 0.00000000 -0.94864569 12.52780151
v 1.22500000 -0.94864569 12.52780151
v 0.00000000 -0.95640993 12.51017380
v 1.22500000 -0.95640993 12.51017380
v 0.00000000 -0.96520481 12.49303741
v 1.22500000 -0.96520481 12.49303741
v 0.00000000 -0.97499943 12.47645187
v 1.22500000 -0.97499943 12.47645187
v 0.00000000 -0.98575935 12.46047592
v 1.22500000 -0.98575935 12.46047592
v 0.00000000 -0.99744682 12.44516525
v 1.22500000 -0.99744682 12.44516525
v 0.00000000 -1.01002083 12.43057404
v 1.22500000 -1.01002083 12.43057404
v 0.00000000 -1.02343712 12.41675262
v 1.22500000 -1.02343712 12.41675262
v 0.00000000 -1.03764858 12.40375137
v 1.22500000 -1.03764858 12.40375137
v 0.00000000 -1.05260534 12.39161453
v 1.22500000 -1.05260534 12.39161453
v 0.00000000 -1.06825485 12.38038483
v 1.22500000 -1.06825485 12.38038483
v 0.00000000 -1.08454208 12.37010193
v 1.22500000 -1.08454208 12.37010193
v 0.00000000 -1.10140991 12.36080170
v 1.22500000 -1.10140991 12.36080170
v 0.00000000 -1.11879902 12.35251770
v 1.22500000 -1.11879902 12.35251770
v 0.00000000 -1.13664837 12.34527740
v 1.22500000 -1.13664837 12.34527740
v 0.00000000 -1.15489531 12.33910828
v 1.22500000 -1.15489531 12.33910828
v 0.00000000 -1.17347555 12.33403015
v 1.22500000 -1.17347555 12.33403015
v 0.00000000 -1.19232407 12.33006210
v 1.22500000 -1.19232407 12.33006210
v 0.00000000 -1.21137457 12.32721786
v 1.22500000 -1.21137457 12.32721786
v 0.00000000 -1.23056011 12.32550659
v 1.22500000 -1.23056011 12.32550659
v 0.00000000 -1.24981327 12.32493515
v 1.22500000 -1.24981327 12.32493515
v 0.00000000 0.75306644 14.87500000
v 1.22500000 0.77231970 14.87442932
v 1.22500000 0.75306644 14.87500000
v 0.00000000 0.77231970 14.87442932
v 1.22500000 0.79150534 14.87272034
v 0.00000000 0.79150534 14.87272034
v 1.22500000 0.81055593 14.86987610
v 0.00000000 0.81055593 14.86987610
v 1.22500000 0.82940474 14.86591034
v 0.00000000 0.82940474 14.86591034
v 1.22500000 0.84798536 14.86083374
v 0.00000000 0.84798536 14.86083374
v 1.22500000 0.86623268 14.85466461
v 0.00000000 0.86623268 14.85466461
v 1.22500000 0.88408251 14.84742584
v 0.00000000 0.88408251 14.84742584
v 1.22500000 0.90147209 14.83914337
v 0.00000000 0.90147209 14.83914337
v 1.22500000 0.91834049 14.82984467
v 0.00000000 0.91834049 14.82984467
v 1.22500000 0.93462849 14.81956329
v 0.00000000 0.93462849 14.81956329
v 1.22500000 0.95027866 14.80833435
v 0.00000000 0.95027866 14.80833435
v 1.22500000 0.96523619 14.79619751
v 0.00000000 0.96523619 14.79619751
v 1.22500000 0.97944851 14.78319702
v 0.00000000 0.97944851 14.78319702
v 1.22500000 0.99286566 14.76937714
v 0.00000000 0.99286566 14.76937714
v 1.22500000 1.00544062 14.75478668
v 0.00000000 1.00544062 14.75478668
v 1.22500000 1.01712904 14.73947754
v 0.00000000 1.01712904 14.73947754
v 1.22500000 1.02789001 14.72350159
v 0.00000000 1.02789001 14.72350159
v 1.22500000 1.03768568 14.70691681
v 0.00000000 1.03768568 14.70691681
v 0.00000000 1.04648170 14.68978119
v 1.22500000 1.04648170 14.68978119
v 0.00000000 1.05424709 14.67215424
v 1.22500000 1.06095467 14.65409698
v 1.22500000 1.05424709 14.67215424
v 0.00000000 1.06095467 14.65409698
v 0.00000000 1.06658077 14.63567657
v 1.22500000 1.07110567 14.61695404
v 1.22500000 1.06658077 14.63567657
v 0.00000000 1.07110567 14.61695404
v 0.00000000 1.07451344 14.59799500
v 1.22500000 1.07451344 14.59799500
v 0.00000000 1.07679224 14.57886963
v 1.22500000 1.07679224 14.57886963
v 0.00000000 1.07793388 14.55964203
v 1.22500000 1.07793388 14.55964203
v 0.00000000 1.07793455 14.54037933
v 1.22500000 1.07793455 14.54037933
v 0.00000000 1.07679405 14.52115173
v 1.22500000 1.07679405 14.52115173
v 0.00000000 1.07451649 14.50202484
v 1.22500000 1.07451649 14.50202484
v 0.00000000 1.07110996 14.48306732
v 1.22500000 1.07110996 14.48306732
v 0.00000000 1.06658621 14.46434479
v 1.22500000 1.06658621 14.46434479
v 0.00000000 1.06096134 14.44592285
v 1.22500000 1.06096134 14.44592285
v 0.00000000 1.05425501 14.42786560
v 1.22500000 1.05425501 14.42786560
v 0.00000000 1.04649076 14.41023865
v 1.22500000 1.04649076 14.41023865
v 0.00000000 1.03769579 14.39310150
v 1.22500000 1.03769579 14.39310150
v 0.00000000 1.02790117 14.37651672
v 1.22500000 1.02790117 14.37651672
v 0.00000000 1.01714125 14.36054077
v 1.22500000 1.01714125 14.36054077
v 0.00000000 1.00545378 14.34523010
v 1.22500000 1.00545378 14.34523010
v 0.00000000 0.99287977 14.33063812
v 1.22500000 0.99287977 14.33063812
v 0.00000000 0.97946348 14.31681671
v 1.22500000 0.97946348 14.31681671
v 0.00000000 0.96525202 14.30381622
v 1.22500000 0.96525202 14.30381622
v 0.00000000 0.95029526 14.29167938
v 1.22500000 0.95029526 14.29167938
v 0.00000000 0.93464584 14.28044891
v 1.22500000 0.93464584 14.28044891
v 0.00000000 0.91835852 14.27016602
v 1.22500000 0.91835852 14.27016602
v 0.00000000 0.90149069 14.26086578
v 1.22500000 0.90149069 14.26086578
v 0.00000000 0.88410158 14.25258179
v 1.22500000 0.88410158 14.25258179
v 0.00000000 0.86625223 14.24534149
v 1.22500000 0.86625223 14.24534149
v 0.00000000 0.84800539 14.23917236
v 1.22500000 0.84800539 14.23917236
v 0.00000000 0.82942505 14.23409576
v 1.22500000 0.82942505 14.23409576
v 0.00000000 0.81057653 14.23012695
v 1.22500000 0.81057653 14.23012695
v 0.00000000 0.79152608 14.22728271
v 1.22500000 0.79152608 14.22728271
v 0.00000000 0.77234058 14.22557068
v 1.22500000 0.77234058 14.22557068
v 0.00000000 0.75308738 14.22500000
v 1.22500000 0.75308738 14.22500000
v 0.00000000 1.25016584 12.97501526
v 1.22500000 1.26941900 12.97444611
v 1.22500000 1.25016584 12.97501526
v 0.00000000 1.26941900 12.97444611
v 1.22500000 1.28860464 12.97273560
v 0.00000000 1.28860464 12.97273560
v 1.22500000 1.30765533 12.96989288
v 0.00000000 1.30765533 12.96989288
v 1.22500000 1.32650404 12.96592560
v 0.00000000 1.32650404 12.96592560
v 1.22500000 1.34508476 12.96084900
v 0.00000000 1.34508476 12.96084900
v 1.22500000 1.36333199 12.95468140
v 0.00000000 1.36333199 12.95468140
v 1.22500000 1.38118181 12.94744263
v 0.00000000 1.38118181 12.94744263
v 1.22500000 1.39857149 12.93915863
v 0.00000000 1.39857149 12.93915863
v 1.22500000 1.41543989 12.92985992
v 0.00000000 1.41543989 12.92985992
v 1.22500000 1.43172779 12.91957855
v 0.00000000 1.43172779 12.91957855
v 1.22500000 1.44737797 12.90834961
v 0.00000000 1.44737797 12.90834961
v 1.22500000 1.46233559 12.89621429
v 0.00000000 1.46233559 12.89621429
v 1.22500000 1.47654781 12.88321381
v 0.00000000 1.47654781 12.88321381
v 1.22500000 1.48996506 12.86939392
v 0.00000000 1.48996506 12.86939392
v 1.22500000 1.50253992 12.85480194
v 0.00000000 1.50253992 12.85480194
v 1.22500000 1.51422844 12.83949280
v 0.00000000 1.51422844 12.83949280
v 1.22500000 1.52498941 12.82351685
v 0.00000000 1.52498941 12.82351685
v 1.22500000 1.53478508 12.80693207
v 0.00000000 1.53478508 12.80693207
v 0.00000000 1.54358110 12.78979645
v 1.22500000 1.54358110 12.78979645
v 0.00000000 1.55134649 12.77216949
v 1.22500000 1.55805397 12.75411377
v 1.22500000 1.55134649 12.77216949
v 0.00000000 1.55805397 12.75411377
v 0.00000000 1.56368008 12.73569183
v 1.22500000 1.56820498 12.71696930
v 1.22500000 1.56368008 12.73569183
v 0.00000000 1.56820498 12.71696930
v 0.00000000 1.57161283 12.69801178
v 1.22500000 1.57161283 12.69801178
v 0.00000000 1.57389154 12.67888489
v 1.22500000 1.57389154 12.67888489
v 0.00000000 1.57503328 12.65965729
v 1.22500000 1.57503328 12.65965729
v 0.00000000 1.57503386 12.64039536
v 1.22500000 1.57503386 12.64039536
v 0.00000000 1.57389345 12.62116776
v 1.22500000 1.57389345 12.62116776
v 0.00000000 1.57161589 12.60204086
v 1.22500000 1.57161589 12.60204086
v 0.00000000 1.56820927 12.58308334
v 1.22500000 1.56820927 12.58308334
v 0.00000000 1.56368561 12.56436005
v 1.22500000 1.56368561 12.56436005
v 0.00000000 1.55806074 12.54593811
v 1.22500000 1.55806074 12.54593811
v 0.00000000 1.55135431 12.52788162
v 1.22500000 1.55135431 12.52788162
v 0.00000000 1.54359007 12.51025391
v 1.22500000 1.54359007 12.51025391
v 0.00000000 1.53479519 12.49311752
v 1.22500000 1.53479519 12.49311752
v 0.00000000 1.52500057 12.47653198
v 1.22500000 1.52500057 12.47653198
v 0.00000000 1.51424065 12.46055603
v 1.22500000 1.51424065 12.46055603
v 0.00000000 1.50255318 12.44524536
v 1.22500000 1.50255318 12.44524536
v 0.00000000 1.48997917 12.43065414
v 1.22500000 1.48997917 12.43065414
v 0.00000000 1.47656288 12.41683350
v 1.22500000 1.47656288 12.41683350
v 0.00000000 1.46235142 12.40383148
v 1.22500000 1.46235142 12.40383148
v 0.00000000 1.44739466 12.39169464
v 1.22500000 1.44739466 12.39169464
v 0.00000000 1.43174515 12.38046494
v 1.22500000 1.43174515 12.38046494
v 0.00000000 1.41545792 12.37018204
v 1.22500000 1.41545792 12.37018204
v 0.00000000 1.39859009 12.36088257
v 1.22500000 1.39859009 12.36088257
v 0.00000000 1.38120098 12.35259781
v 1.22500000 1.38120098 12.35259781
v 0.00000000 1.36335163 12.34535828
v 1.22500000 1.36335163 12.34535828
v 0.00000000 1.34510469 12.33918839
v 1.22500000 1.34510469 12.33918839
v 0.00000000 1.32652445 12.33411102
v 1.22500000 1.32652445 12.33411102
v 0.00000000 1.30767593 12.33014297
v 1.22500000 1.30767593 12.33014297
v 0.00000000 1.28862543 12.32729874
v 1.22500000 1.28862543 12.32729874
v 0.00000000 1.26943989 12.32558746
v 1.22500000 1.26943989 12.32558746
v 0.00000000 1.25018673 12.32501602
v 1.22500000 1.25018673 12.32501602
v 1.40000000 1.25995626 12.48530579
v 1.22500000 1.25995626 12.48530579
v 1.22500000 1.25018158 12.48501587
v 1.40000000 1.25018158 12.48501587
v 1.40000000 1.26969662 12.48617477
v 1.22500000 1.26969662 12.48617477
v 1.40000000 1.27936840 12.48761902
v 1.22500000 1.27936840 12.48761902
v 1.40000000 1.28893766 12.48963318
v 1.22500000 1.28893766 12.48963318
v 1.40000000 1.29837074 12.49221115
v 1.22500000 1.29837074 12.49221115
v 1.40000000 1.30763454 12.49534378
v 1.22500000 1.30763454 12.49534378
v 1.40000000 1.31669655 12.49901886
v 1.22500000 1.31669655 12.49901886
v 1.40000000 1.32552481 12.50322495
v 1.22500000 1.32552481 12.50322495
v 1.22500000 1.33408852 12.50794678
v 1.40000000 1.33408852 12.50794678
v 1.40000000 1.34235744 12.51316681
v 1.22500000 1.34235744 12.51316681
v 1.40000000 1.35030251 12.51886826
v 1.22500000 1.35030251 12.51886826
v 1.40000000 1.35789595 12.52502975
v 1.22500000 1.35789595 12.52502975
v 1.40000000 1.36511097 12.53163071
v 1.22500000 1.36511097 12.53163071
v 1.40000000 1.37192240 12.53864746
v 1.22500000 1.37192240 12.53864746
v 1.40000000 1.37830610 12.54605560
v 1.22500000 1.37830610 12.54605560
v 1.40000000 1.38423967 12.55382843
v 1.22500000 1.38423967 12.55382843
v 1.40000000 1.38970242 12.56194000
v 1.22500000 1.38970242 12.56194000
v 1.40000000 1.39467506 12.57035980
v 1.22500000 1.39914017 12.57906036
v 1.22500000 1.39467506 12.57035980
v 1.40000000 1.39914017 12.57906036
v 1.40000000 1.40308208 12.58800964
v 1.22500000 1.40648680 12.59717636
v 1.22500000 1.40308208 12.58800964
v 1.40000000 1.40648680 12.59717636
v 1.40000000 1.40934258 12.60652924
v 1.22500000 1.41163921 12.61603470
v 1.22500000 1.40934258 12.60652924
v 1.40000000 1.41163921 12.61603470
v 1.40000000 1.41336870 12.62565994
v 1.22500000 1.41336870 12.62565994
v 1.40000000 1.41452494 12.63536987
v 1.22500000 1.41510401 12.64513168
v 1.22500000 1.41452494 12.63536987
v 1.40000000 1.41510401 12.64513168
v 1.22500000 1.41510363 12.65491104
v 1.40000000 1.41510363 12.65491104
v 1.40000000 1.41452408 12.66467285
v 1.22500000 1.41452408 12.66467285
v 1.40000000 1.41336708 12.67438278
v 1.22500000 1.41163702 12.68400803
v 1.22500000 1.41336708 12.67438278
v 1.40000000 1.41163702 12.68400803
v 1.22500000 1.40933971 12.69351273
v 1.40000000 1.40933971 12.69351273
v 1.40000000 1.40648346 12.70286560
v 1.22500000 1.40307808 12.71203232
v 1.22500000 1.40648346 12.70286560
v 1.40000000 1.40307808 12.71203232
v 1.40000000 1.39913568 12.72098160
v 1.22500000 1.39467001 12.72968140
v 1.22500000 1.39913568 12.72098160
v 1.40000000 1.39467001 12.72968140
v 1.40000000 1.38969679 12.73810120
v 1.22500000 1.38423347 12.74621201
v 1.22500000 1.38969679 12.73810120
v 1.40000000 1.38423347 12.74621201
v 1.40000000 1.37829933 12.75398483
v 1.22500000 1.37829933 12.75398483
v 1.40000000 1.37191515 12.76139221
v 1.22500000 1.37191515 12.76139221
v 1.40000000 1.36510344 12.76840820
v 1.22500000 1.35788794 12.77500916
v 1.22500000 1.36510344 12.76840820
v 1.40000000 1.35788794 12.77500916
v 1.40000000 1.35029411 12.78116989
v 1.22500000 1.35029411 12.78116989
v 1.40000000 1.34234858 12.78687057
v 1.22500000 1.34234858 12.78687057
v 1.40000000 1.33407936 12.79209061
v 1.22500000 1.32551537 12.79681168
v 1.22500000 1.33407936 12.79209061
v 1.40000000 1.32551537 12.79681168
v 1.40000000 1.31668682 12.80101776
v 1.22500000 1.30762453 12.80469208
v 1.22500000 1.31668682 12.80101776
v 1.40000000 1.30762453 12.80469208
v 1.40000000 1.29836054 12.80782318
v 1.22500000 1.29836054 12.80782318
v 1.40000000 1.28892727 12.81040039
v 1.22500000 1.28892727 12.81040039
v 1.40000000 1.27935791 12.81241455
v 1.22500000 1.27935791 12.81241455
v 1.40000000 1.26968613 12.81385803
v 1.22500000 1.26968613 12.81385803
v 1.40000000 1.25994568 12.81472626
v 1.22500000 1.25994568 12.81472626
v 1.40000000 1.25017099 12.81501617
v 1.22500000 1.25017099 12.81501617
v 1.40000000 0.76285691 14.38529053
v 1.22500000 0.76285691 14.38529053
v 1.22500000 0.75308223 14.38500061
v 1.40000000 0.75308223 14.38500061
v 1.40000000 0.77259727 14.38615875
v 1.22500000 0.77259727 14.38615875
v 1.40000000 0.78226905 14.38760223
v 1.22500000 0.78226905 14.38760223
v 1.40000000 0.79183826 14.38961792
v 1.22500000 0.79183826 14.38961792
v 1.40000000 0.80127134 14.39219513
v 1.22500000 0.80127134 14.39219513
v 1.40000000 0.81053514 14.39532776
v 1.22500000 0.81053514 14.39532776
v 1.40000000 0.81959715 14.39900360
v 1.22500000 0.81959715 14.39900360
v 1.40000000 0.82842550 14.40320892
v 1.22500000 0.82842550 14.40320892
v 1.22500000 0.83698912 14.40792999
v 1.40000000 0.83698912 14.40792999
v 1.40000000 0.84525805 14.41315155
v 1.22500000 0.84525805 14.41315155
v 1.40000000 0.85320320 14.41885223
v 1.22500000 0.85320320 14.41885223
v 1.40000000 0.86079664 14.42501373
v 1.22500000 0.86079664 14.42501373
v 1.40000000 0.86801167 14.43161469
v 1.22500000 0.86801167 14.43161469
v 1.40000000 0.87482300 14.43863220
v 1.22500000 0.87482300 14.43863220
v 1.40000000 0.88120670 14.44604034
v 1.22500000 0.88120670 14.44604034
v 1.40000000 0.88714037 14.45381317
v 1.22500000 0.88714037 14.45381317
v 1.40000000 0.89260311 14.46192322
v 1.22500000 0.89260311 14.46192322
v 1.40000000 0.89757576 14.47034454
v 1.22500000 0.90204086 14.47904358
v 1.22500000 0.89757576 14.47034454
v 1.40000000 0.90204086 14.47904358
v 1.40000000 0.90598269 14.48799286
v 1.22500000 0.90938749 14.49716034
v 1.22500000 0.90598269 14.48799286
v 1.40000000 0.90938749 14.49716034
v 1.40000000 0.91224318 14.50651398
v 1.22500000 0.91453981 14.51601868
v 1.22500000 0.91224318 14.50651398
v 1.40000000 0.91453981 14.51601868
v 1.40000000 0.91626930 14.52564392
v 1.22500000 0.91626930 14.52564392
v 1.40000000 0.91742563 14.53535461
v 1.22500000 0.91800461 14.54511566
v 1.22500000 0.91742563 14.53535461
v 1.40000000 0.91800461 14.54511566
v 1.22500000 0.91800432 14.55489502
v 1.40000000 0.91800432 14.55489502
v 1.40000000 0.91742468 14.56465607
v 1.22500000 0.91742468 14.56465607
v 1.40000000 0.91626778 14.57436676
v 1.22500000 0.91453762 14.58399200
v 1.22500000 0.91626778 14.57436676
v 1.40000000 0.91453762 14.58399200
v 1.22500000 0.91224041 14.59349670
v 1.40000000 0.91224041 14.59349670
v 1.40000000 0.90938406 14.60284882
v 1.22500000 0.90597868 14.61201630
v 1.22500000 0.90938406 14.60284882
v 1.40000000 0.90597868 14.61201630
v 1.40000000 0.90203629 14.62096558
v 1.22500000 0.89757061 14.62966461
v 1.22500000 0.90203629 14.62096558
v 1.40000000 0.89757061 14.62966461
v 1.40000000 0.89259739 14.63808594
v 1.22500000 0.88713417 14.64619598
v 1.22500000 0.89259739 14.63808594
v 1.40000000 0.88713417 14.64619598
v 1.40000000 0.88120003 14.65396881
v 1.22500000 0.88120003 14.65396881
v 1.40000000 0.87481585 14.66137543
v 1.22500000 0.87481585 14.66137543
v 1.40000000 0.86800404 14.66839294
v 1.22500000 0.86078854 14.67499237
v 1.22500000 0.86800404 14.66839294
v 1.40000000 0.86078854 14.67499237
v 1.40000000 0.85319471 14.68115387
v 1.22500000 0.85319471 14.68115387
v 1.40000000 0.84524927 14.68685455
v 1.22500000 0.84524927 14.68685455
v 1.40000000 0.83697996 14.69207458
v 1.22500000 0.82841606 14.69679565
v 1.22500000 0.83697996 14.69207458
v 1.40000000 0.82841606 14.69679565
v 1.40000000 0.81958742 14.70100098
v 1.22500000 0.81052523 14.70467682
v 1.22500000 0.81958742 14.70100098
v 1.40000000 0.81052523 14.70467682
v 1.40000000 0.80126123 14.70780792
v 1.22500000 0.80126123 14.70780792
v 1.40000000 0.79182796 14.71038513
v 1.22500000 0.79182796 14.71038513
v 1.40000000 0.78225861 14.71239929
v 1.22500000 0.78225861 14.71239929
v 1.40000000 0.77258673 14.71384277
v 1.22500000 0.77258673 14.71384277
v 1.40000000 0.76284633 14.71471100
v 1.22500000 0.76284633 14.71471100
v 1.40000000 0.75307159 14.71499939
v 1.22500000 0.75307159 14.71499939
v 1.40000000 -1.24004374 12.48522568
v 1.22500000 -1.24004374 12.48522568
v 1.22500000 -1.24981842 12.48493576
v 1.40000000 -1.24981842 12.48493576
v 1.40000000 -1.23030338 12.48609390
v 1.22500000 -1.23030338 12.48609390
v 1.40000000 -1.22063160 12.48753815
v 1.22500000 -1.22063160 12.48753815
v 1.40000000 -1.21106234 12.48955307
v 1.22500000 -1.21106234 12.48955307
v 1.40000000 -1.20162926 12.49213104
v 1.22500000 -1.20162926 12.49213104
v 1.40000000 -1.19236546 12.49526291
v 1.22500000 -1.19236546 12.49526291
v 1.40000000 -1.18330345 12.49893875
v 1.22500000 -1.18330345 12.49893875
v 1.40000000 -1.17447519 12.50314484
v 1.22500000 -1.17447519 12.50314484
v 1.22500000 -1.16591148 12.50786591
v 1.40000000 -1.16591148 12.50786591
v 1.40000000 -1.15764256 12.51308670
v 1.22500000 -1.15764256 12.51308670
v 1.40000000 -1.14969749 12.51878738
v 1.22500000 -1.14969749 12.51878738
v 1.40000000 -1.14210405 12.52494965
v 1.22500000 -1.14210405 12.52494965
v 1.40000000 -1.13488903 12.53155060
v 1.22500000 -1.13488903 12.53155060
v 1.40000000 -1.12807760 12.53856735
v 1.22500000 -1.12807760 12.53856735
v 1.40000000 -1.12169390 12.54597549
v 1.22500000 -1.12169390 12.54597549
v 1.40000000 -1.11576033 12.55374832
v 1.22500000 -1.11576033 12.55374832
v 1.40000000 -1.11029758 12.56185913
v 1.22500000 -1.11029758 12.56185913
v 1.40000000 -1.10532484 12.57027969
v 1.22500000 -1.10085983 12.57897949
v 1.22500000 -1.10532484 12.57027969
v 1.40000000 -1.10085983 12.57897949
v 1.40000000 -1.09691792 12.58792877
v 1.22500000 -1.09351320 12.59709625
v 1.22500000 -1.09691792 12.58792877
v 1.40000000 -1.09351320 12.59709625
v 1.40000000 -1.09065742 12.60644913
v 1.22500000 -1.08836079 12.61595459
v 1.22500000 -1.09065742 12.60644913
v 1.40000000 -1.08836079 12.61595459
v 1.40000000 -1.08663130 12.62557907
v 1.22500000 -1.08663130 12.62557907
v 1.40000000 -1.08547506 12.63528976
v 1.22500000 -1.08489599 12.64505157
v 1.22500000 -1.08547506 12.63528976
v 1.40000000 -1.08489599 12.64505157
v 1.22500000 -1.08489637 12.65483017
v 1.40000000 -1.08489637 12.65483017
v 1.40000000 -1.08547592 12.66459198
v 1.22500000 -1.08547592 12.66459198
v 1.40000000 -1.08663282 12.67430267
v 1.22500000 -1.08836298 12.68392715
v 1.22500000 -1.08663282 12.67430267
v 1.40000000 -1.08836298 12.68392715
v 1.22500000 -1.09066029 12.69343262
v 1.40000000 -1.09066029 12.69343262
v 1.40000000 -1.09351654 12.70278473
v 1.22500000 -1.09692192 12.71195221
v 1.22500000 -1.09351654 12.70278473
v 1.40000000 -1.09692192 12.71195221
v 1.40000000 -1.10086432 12.72090073
v 1.22500000 -1.10532999 12.72960052
v 1.22500000 -1.10086432 12.72090073
v 1.40000000 -1.10532999 12.72960052
v 1.40000000 -1.11030321 12.73802109
v 1.22500000 -1.11576653 12.74613113
v 1.22500000 -1.11030321 12.73802109
v 1.40000000 -1.11576653 12.74613113
v 1.40000000 -1.12170067 12.75390396
v 1.22500000 -1.12170067 12.75390396
v 1.40000000 -1.12808485 12.76131134
v 1.22500000 -1.12808485 12.76131134
v 1.40000000 -1.13489656 12.76832809
v 1.22500000 -1.14211206 12.77492828
v 1.22500000 -1.13489656 12.76832809
v 1.40000000 -1.14211206 12.77492828
v 1.40000000 -1.14970589 12.78108978
v 1.22500000 -1.14970589 12.78108978
v 1.40000000 -1.15765142 12.78679047
v 1.22500000 -1.15765142 12.78679047
v 1.40000000 -1.16592064 12.79201050
v 1.22500000 -1.17448463 12.79673157
v 1.22500000 -1.16592064 12.79201050
v 1.40000000 -1.17448463 12.79673157
v 1.40000000 -1.18331318 12.80093689
v 1.22500000 -1.19237547 12.80461121
v 1.22500000 -1.18331318 12.80093689
v 1.40000000 -1.19237547 12.80461121
v 1.40000000 -1.20163946 12.80774384
v 1.22500000 -1.20163946 12.80774384
v 1.40000000 -1.21107273 12.81032104
v 1.22500000 -1.21107273 12.81032104
v 1.40000000 -1.22064209 12.81233521
v 1.22500000 -1.22064209 12.81233521
v 1.40000000 -1.23031387 12.81377869
v 1.22500000 -1.23031387 12.81377869
v 1.40000000 -1.24005432 12.81464539
v 1.22500000 -1.24005432 12.81464539
v 1.40000000 -1.24982901 12.81493530
v 1.22500000 -1.24982901 12.81493530
v 1.40000000 -0.74306669 14.38524170
v 1.22500000 -0.74306669 14.38524170
v 1.22500000 -0.75284138 14.38495178
v 1.40000000 -0.75284138 14.38495178
v 1.40000000 -0.73332634 14.38610992
v 1.22500000 -0.73332634 14.38610992
v 1.40000000 -0.72365460 14.38755493
v 1.22500000 -0.72365460 14.38755493
v 1.40000000 -0.71408534 14.38956909
v 1.22500000 -0.71408534 14.38956909
v 1.40000000 -0.70465226 14.39214630
v 1.22500000 -0.70465226 14.39214630
v 1.40000000 -0.69538846 14.39527893
v 1.22500000 -0.69538846 14.39527893
v 1.40000000 -0.68632646 14.39895477
v 1.22500000 -0.68632646 14.39895477
v 1.40000000 -0.67749815 14.40316010
v 1.22500000 -0.67749815 14.40316010
v 1.22500000 -0.66893449 14.40788269
v 1.40000000 -0.66893449 14.40788269
v 1.40000000 -0.66066556 14.41310272
v 1.22500000 -0.66066556 14.41310272
v 1.40000000 -0.65272045 14.41880341
v 1.22500000 -0.65272045 14.41880341
v 1.40000000 -0.64512701 14.42496490
v 1.22500000 -0.64512701 14.42496490
v 1.40000000 -0.63791199 14.43156586
v 1.22500000 -0.63791199 14.43156586
v 1.40000000 -0.63110061 14.43858337
v 1.22500000 -0.63110061 14.43858337
v 1.40000000 -0.62471690 14.44599152
v 1.22500000 -0.62471690 14.44599152
v 1.40000000 -0.61878328 14.45376434
v 1.22500000 -0.61878328 14.45376434
v 1.40000000 -0.61332054 14.46187439
v 1.22500000 -0.61332054 14.46187439
v 1.40000000 -0.60834789 14.47029572
v 1.22500000 -0.60388279 14.47899628
v 1.22500000 -0.60834789 14.47029572
v 1.40000000 -0.60388279 14.47899628
v 1.40000000 -0.59994092 14.48794556
v 1.22500000 -0.59653616 14.49711151
v 1.22500000 -0.59994092 14.48794556
v 1.40000000 -0.59653616 14.49711151
v 1.40000000 -0.59368043 14.50646515
v 1.22500000 -0.59138379 14.51596985
v 1.22500000 -0.59368043 14.50646515
v 1.40000000 -0.59138379 14.51596985
v 1.40000000 -0.58965430 14.52559509
v 1.22500000 -0.58965430 14.52559509
v 1.40000000 -0.58849802 14.53530579
v 1.22500000 -0.58791900 14.54506683
v 1.22500000 -0.58849802 14.53530579
v 1.40000000 -0.58791900 14.54506683
v 1.22500000 -0.58791933 14.55484619
v 1.40000000 -0.58791933 14.55484619
v 1.40000000 -0.58849897 14.56460876
v 1.22500000 -0.58849897 14.56460876
v 1.40000000 -0.58965588 14.57431793
v 1.22500000 -0.59138598 14.58394318
v 1.22500000 -0.58965588 14.57431793
v 1.40000000 -0.59138598 14.58394318
v 1.22500000 -0.59368324 14.59344788
v 1.40000000 -0.59368324 14.59344788
v 1.40000000 -0.59653955 14.60280151
v 1.22500000 -0.59994493 14.61196747
v 1.22500000 -0.59653955 14.60280151
v 1.40000000 -0.59994493 14.61196747
v 1.40000000 -0.60388737 14.62091675
v 1.22500000 -0.60835299 14.62961731
v 1.22500000 -0.60388737 14.62091675
v 1.40000000 -0.60835299 14.62961731
v 1.40000000 -0.61332622 14.63803711
v 1.22500000 -0.61878948 14.64614716
v 1.22500000 -0.61332622 14.63803711
v 1.40000000 -0.61878948 14.64614716
v 1.40000000 -0.62472363 14.65391998
v 1.22500000 -0.62472363 14.65391998
v 1.40000000 -0.63110781 14.66132813
v 1.22500000 -0.63110781 14.66132813
v 1.40000000 -0.63791962 14.66834412
v 1.22500000 -0.64513507 14.67494507
v 1.22500000 -0.63791962 14.66834412
v 1.40000000 -0.64513507 14.67494507
v 1.40000000 -0.65272889 14.68110504
v 1.22500000 -0.65272889 14.68110504
v 1.40000000 -0.66067438 14.68680573
v 1.22500000 -0.66067438 14.68680573
v 1.40000000 -0.66894364 14.69202576
v 1.22500000 -0.67750759 14.69674683
v 1.22500000 -0.66894364 14.69202576
v 1.40000000 -0.67750759 14.69674683
v 1.40000000 -0.68633618 14.70095215
v 1.22500000 -0.69539843 14.70462799
v 1.22500000 -0.68633618 14.70095215
v 1.40000000 -0.69539843 14.70462799
v 1.40000000 -0.70466242 14.70775909
v 1.22500000 -0.70466242 14.70775909
v 1.40000000 -0.71409569 14.71033630
v 1.22500000 -0.71409569 14.71033630
v 1.40000000 -0.72366505 14.71235046
v 1.22500000 -0.72366505 14.71235046
v 1.40000000 -0.73333693 14.71379395
v 1.22500000 -0.73333693 14.71379395
v 1.40000000 -0.74307733 14.71466217
v 1.22500000 -0.74307733 14.71466217
v 1.40000000 -0.75285201 14.71495209
v 1.22500000 -0.75285201 14.71495209
v 1.40000000 -0.76262670 14.71466217
v 1.22500000 -0.76262670 14.71466217
v 1.40000000 -0.77236705 14.71379242
v 1.22500000 -0.77236705 14.71379242
v 1.40000000 -0.78203883 14.71234894
v 1.22500000 -0.78203883 14.71234894
v 1.40000000 -0.79160805 14.71033478
v 1.22500000 -0.79160805 14.71033478
v 1.40000000 -0.80104113 14.70775604
v 1.22500000 -0.80104113 14.70775604
v 1.40000000 -0.81030493 14.70462341
v 1.22500000 -0.81030493 14.70462341
v 1.40000000 -0.81936693 14.70094910
v 1.22500000 -0.81936693 14.70094910
v 1.40000000 -0.82819529 14.69674225
v 1.22500000 -0.82819529 14.69674225
v 1.40000000 -0.83675890 14.69202118
v 1.22500000 -0.83675890 14.69202118
v 1.40000000 -0.84502783 14.68680115
v 1.22500000 -0.84502783 14.68680115
v 1.40000000 -0.85297298 14.68109894
v 1.22500000 -0.85297298 14.68109894
v 1.40000000 -0.86056643 14.67493744
v 1.22500000 -0.86056643 14.67493744
v 1.40000000 -0.86778145 14.66833649
v 1.22500000 -0.86778145 14.66833649
v 1.40000000 -0.87459278 14.66132050
v 1.22500000 -0.87459278 14.66132050
v 1.40000000 -0.88097649 14.65391235
v 1.22500000 -0.88097649 14.65391235
v 1.40000000 -0.88691015 14.64613953
v 1.22500000 -0.88691015 14.64613953
v 1.40000000 -0.89237289 14.63802795
v 1.22500000 -0.89237289 14.63802795
v 1.40000000 -0.89734554 14.62960815
v 1.22500000 -0.89734554 14.62960815
v 1.40000000 -0.90181065 14.62090759
v 1.22500000 -0.90181065 14.62090759
v 1.40000000 -0.90575247 14.61195831
v 1.22500000 -0.90575247 14.61195831
v 1.40000000 -0.90915728 14.60279083
v 1.22500000 -0.90915728 14.60279083
v 1.40000000 -0.91201296 14.59343872
v 1.22500000 -0.91201296 14.59343872
v 1.40000000 -0.91430960 14.58393250
v 1.22500000 -0.91603909 14.57430725
v 1.22500000 -0.91430960 14.58393250
v 1.40000000 -0.91603909 14.57430725
v 1.22500000 -0.91719542 14.56459808
v 1.40000000 -0.91719542 14.56459808
v 1.40000000 -0.91777439 14.55483551
v 1.22500000 -0.91777439 14.55483551
v 1.40000000 -0.91777411 14.54505615
v 1.22500000 -0.91719446 14.53529510
v 1.22500000 -0.91777411 14.54505615
v 1.40000000 -0.91719446 14.53529510
v 1.40000000 -0.91603756 14.52558441
v 1.22500000 -0.91430740 14.51595917
v 1.22500000 -0.91603756 14.52558441
v 1.40000000 -0.91430740 14.51595917
v 1.40000000 -0.91201019 14.50645447
v 1.22500000 -0.91201019 14.50645447
v 1.40000000 -0.90915384 14.49710236
v 1.22500000 -0.90574846 14.48793488
v 1.22500000 -0.90915384 14.49710236
v 1.40000000 -0.90574846 14.48793488
v 1.40000000 -0.90180607 14.47898560
v 1.22500000 -0.90180607 14.47898560
v 1.40000000 -0.89734039 14.47028656
v 1.22500000 -0.89236717 14.46186676
v 1.22500000 -0.89734039 14.47028656
v 1.40000000 -0.89236717 14.46186676
v 1.22500000 -0.88690395 14.45375519
v 1.40000000 -0.88690395 14.45375519
v 1.40000000 -0.88096981 14.44598236
v 1.22500000 -0.87458563 14.43857574
v 1.22500000 -0.88096981 14.44598236
v 1.40000000 -0.87458563 14.43857574
v 1.40000000 -0.86777382 14.43155975
v 1.22500000 -0.86777382 14.43155975
v 1.40000000 -0.86055832 14.42495880
v 1.22500000 -0.86055832 14.42495880
v 1.40000000 -0.85296450 14.41879730
v 1.22500000 -0.85296450 14.41879730
v 1.40000000 -0.84501905 14.41309662
v 1.22500000 -0.83674974 14.40787659
v 1.22500000 -0.84501905 14.41309662
v 1.40000000 -0.83674974 14.40787659
v 1.40000000 -0.82818584 14.40315552
v 1.22500000 -0.82818584 14.40315552
v 1.40000000 -0.81935720 14.39895020
v 1.22500000 -0.81029501 14.39527588
v 1.22500000 -0.81935720 14.39895020
v 1.40000000 -0.81029501 14.39527588
v 1.40000000 -0.80103102 14.39214325
v 1.22500000 -0.79159775 14.38956604
v 1.22500000 -0.80103102 14.39214325
v 1.40000000 -0.79159775 14.38956604
v 1.40000000 -0.78202839 14.38755188
v 1.22500000 -0.78202839 14.38755188
v 1.40000000 -0.77235651 14.38610840
v 1.22500000 -0.77235651 14.38610840
v 1.40000000 -0.76261611 14.38524170
v 1.22500000 -0.76261611 14.38524170
v 1.40000000 -1.25960369 12.81464539
v 1.22500000 -1.25960369 12.81464539
v 1.40000000 -1.26934404 12.81377716
v 1.22500000 -1.26934404 12.81377716
v 1.40000000 -1.27901583 12.81233215
v 1.22500000 -1.27901583 12.81233215
v 1.40000000 -1.28858509 12.81031799
v 1.22500000 -1.28858509 12.81031799
v 1.40000000 -1.29801817 12.80774078
v 1.22500000 -1.29801817 12.80774078
v 1.40000000 -1.30728197 12.80460815
v 1.22500000 -1.30728197 12.80460815
v 1.40000000 -1.31634398 12.80093231
v 1.22500000 -1.31634398 12.80093231
v 1.40000000 -1.32517223 12.79672623
v 1.22500000 -1.32517223 12.79672623
v 1.40000000 -1.33373594 12.79200516
v 1.22500000 -1.33373594 12.79200516
v 1.40000000 -1.34200487 12.78678436
v 1.22500000 -1.34200487 12.78678436
v 1.40000000 -1.34994993 12.78108292
v 1.22500000 -1.34994993 12.78108292
v 1.40000000 -1.35754337 12.77492142
v 1.22500000 -1.35754337 12.77492142
v 1.40000000 -1.36475849 12.76832047
v 1.22500000 -1.36475849 12.76832047
v 1.40000000 -1.37156982 12.76130371
v 1.22500000 -1.37156982 12.76130371
v 1.40000000 -1.37795353 12.75389557
v 1.22500000 -1.37795353 12.75389557
v 1.40000000 -1.38388720 12.74612274
v 1.22500000 -1.38388720 12.74612274
v 1.40000000 -1.38934994 12.73801193
v 1.22500000 -1.38934994 12.73801193
v 1.40000000 -1.39432259 12.72959137
v 1.22500000 -1.39432259 12.72959137
v 1.40000000 -1.39878769 12.72089157
v 1.22500000 -1.39878769 12.72089157
v 1.40000000 -1.40272951 12.71194229
v 1.22500000 -1.40272951 12.71194229
v 1.40000000 -1.40613422 12.70277481
v 1.22500000 -1.40613422 12.70277481
v 1.40000000 -1.40899000 12.69342194
v 1.22500000 -1.40899000 12.69342194
v 1.40000000 -1.41128664 12.68391647
v 1.22500000 -1.41301613 12.67429199
v 1.22500000 -1.41128664 12.68391647
v 1.40000000 -1.41301613 12.67429199
v 1.22500000 -1.41417246 12.66458130
v 1.40000000 -1.41417246 12.66458130
v 1.40000000 -1.41475143 12.65481949
v 1.22500000 -1.41475143 12.65481949
v 1.40000000 -1.41475105 12.64504089
v 1.22500000 -1.41417150 12.63527908
v 1.22500000 -1.41475105 12.64504089
v 1.40000000 -1.41417150 12.63527908
v 1.40000000 -1.41301460 12.62556839
v 1.22500000 -1.41128445 12.61594391
v 1.22500000 -1.41301460 12.62556839
v 1.40000000 -1.41128445 12.61594391
v 1.40000000 -1.40898714 12.60643845
v 1.22500000 -1.40898714 12.60643845
v 1.40000000 -1.40613089 12.59708633
v 1.22500000 -1.40272551 12.58791885
v 1.22500000 -1.40613089 12.59708633
v 1.40000000 -1.40272551 12.58791885
v 1.40000000 -1.39878311 12.57897034
v 1.22500000 -1.39878311 12.57897034
v 1.40000000 -1.39431744 12.57026978
v 1.22500000 -1.38934422 12.56184998
v 1.22500000 -1.39431744 12.57026978
v 1.40000000 -1.38934422 12.56184998
v 1.22500000 -1.38388100 12.55373993
v 1.40000000 -1.38388100 12.55373993
v 1.40000000 -1.37794685 12.54596710
v 1.22500000 -1.37156258 12.53855972
v 1.22500000 -1.37794685 12.54596710
v 1.40000000 -1.37156258 12.53855972
v 1.40000000 -1.36475086 12.53154297
v 1.22500000 -1.36475086 12.53154297
v 1.40000000 -1.35753536 12.52494278
v 1.22500000 -1.35753536 12.52494278
v 1.40000000 -1.34994154 12.51878128
v 1.22500000 -1.34994154 12.51878128
v 1.40000000 -1.34199600 12.51308060
v 1.22500000 -1.33372679 12.50786057
v 1.22500000 -1.34199600 12.51308060
v 1.40000000 -1.33372679 12.50786057
v 1.40000000 -1.32516279 12.50313950
v 1.22500000 -1.32516279 12.50313950
v 1.40000000 -1.31633425 12.49893417
v 1.22500000 -1.30727205 12.49525909
v 1.22500000 -1.31633425 12.49893417
v 1.40000000 -1.30727205 12.49525909
v 1.40000000 -1.29800797 12.49212799
v 1.22500000 -1.28857479 12.48955078
v 1.22500000 -1.29800797 12.49212799
v 1.40000000 -1.28857479 12.48955078
v 1.40000000 -1.27900534 12.48753662
v 1.22500000 -1.27900534 12.48753662
v 1.40000000 -1.26933355 12.48609314
v 1.22500000 -1.26933355 12.48609314
v 1.40000000 -1.25959311 12.48522491
v 1.22500000 -1.25959311 12.48522491
v 1.40000000 0.74329691 14.71470947
v 1.22500000 0.74329691 14.71470947
v 1.40000000 0.73355656 14.71384125
v 1.22500000 0.73355656 14.71384125
v 1.40000000 0.72388482 14.71239777
v 1.22500000 0.72388482 14.71239777
v 1.40000000 0.71431556 14.71038208
v 1.22500000 0.71431556 14.71038208
v 1.40000000 0.70488248 14.70780487
v 1.22500000 0.70488248 14.70780487
v 1.40000000 0.69561868 14.70467224
v 1.22500000 0.69561868 14.70467224
v 1.40000000 0.68655667 14.70099640
v 1.22500000 0.68655667 14.70099640
v 1.40000000 0.67772837 14.69679108
v 1.22500000 0.67772837 14.69679108
v 1.40000000 0.66916471 14.69207001
v 1.22500000 0.66916471 14.69207001
v 1.40000000 0.66089582 14.68684845
v 1.22500000 0.66089582 14.68684845
v 1.40000000 0.65295067 14.68114777
v 1.22500000 0.65295067 14.68114777
v 1.40000000 0.64535723 14.67498627
v 1.22500000 0.64535723 14.67498627
v 1.40000000 0.63814220 14.66838531
v 1.22500000 0.63814220 14.66838531
v 1.40000000 0.63133082 14.66136780
v 1.22500000 0.63133082 14.66136780
v 1.40000000 0.62494712 14.65395966
v 1.22500000 0.62494712 14.65395966
v 1.40000000 0.61901350 14.64618683
v 1.22500000 0.61901350 14.64618683
v 1.40000000 0.61355076 14.63807678
v 1.22500000 0.61355076 14.63807678
v 1.40000000 0.60857811 14.62965546
v 1.22500000 0.60857811 14.62965546
v 1.40000000 0.60411301 14.62095642
v 1.22500000 0.60411301 14.62095642
v 1.40000000 0.60017114 14.61200714
v 1.22500000 0.60017114 14.61200714
v 1.40000000 0.59676638 14.60283966
v 1.22500000 0.59676638 14.60283966
v 1.40000000 0.59391065 14.59348602
v 1.22500000 0.59391065 14.59348602
v 1.40000000 0.59161401 14.58398132
v 1.22500000 0.58988452 14.57435608
v 1.22500000 0.59161401 14.58398132
v 1.40000000 0.58988452 14.57435608
v 1.22500000 0.58872824 14.56464539
v 1.40000000 0.58872824 14.56464539
v 1.40000000 0.58814921 14.55488434
v 1.22500000 0.58814921 14.55488434
v 1.40000000 0.58814955 14.54510498
v 1.22500000 0.58872919 14.53534393
v 1.22500000 0.58814955 14.54510498
v 1.40000000 0.58872919 14.53534393
v 1.40000000 0.58988609 14.52563324
v 1.22500000 0.59161620 14.51600800
v 1.22500000 0.58988609 14.52563324
v 1.40000000 0.59161620 14.51600800
v 1.40000000 0.59391346 14.50650330
v 1.22500000 0.59391346 14.50650330
v 1.40000000 0.59676976 14.49715118
v 1.22500000 0.60017514 14.48798370
v 1.22500000 0.59676976 14.49715118
v 1.40000000 0.60017514 14.48798370
v 1.40000000 0.60411758 14.47903442
v 1.22500000 0.60411758 14.47903442
v 1.40000000 0.60858321 14.47033539
v 1.22500000 0.61355643 14.46191406
v 1.22500000 0.60858321 14.47033539
v 1.40000000 0.61355643 14.46191406
v 1.22500000 0.61901970 14.45380402
v 1.40000000 0.61901970 14.45380402
v 1.40000000 0.62495384 14.44603119
v 1.22500000 0.63133802 14.43862457
v 1.22500000 0.62495384 14.44603119
v 1.40000000 0.63133802 14.43862457
v 1.40000000 0.63814983 14.43160706
v 1.22500000 0.63814983 14.43160706
v 1.40000000 0.64536529 14.42500763
v 1.22500000 0.64536529 14.42500763
v 1.40000000 0.65295911 14.41884613
v 1.22500000 0.65295911 14.41884613
v 1.40000000 0.66090460 14.41314545
v 1.22500000 0.66917386 14.40792542
v 1.22500000 0.66090460 14.41314545
v 1.40000000 0.66917386 14.40792542
v 1.40000000 0.67773781 14.40320435
v 1.22500000 0.67773781 14.40320435
v 1.40000000 0.68656640 14.39899902
v 1.22500000 0.69562864 14.39532318
v 1.22500000 0.68656640 14.39899902
v 1.40000000 0.69562864 14.39532318
v 1.40000000 0.70489264 14.39219208
v 1.22500000 0.71432590 14.38961487
v 1.22500000 0.70489264 14.39219208
v 1.40000000 0.71432590 14.38961487
v 1.40000000 0.72389526 14.38760071
v 1.22500000 0.72389526 14.38760071
v 1.40000000 0.73356714 14.38615723
v 1.22500000 0.73356714 14.38615723
v 1.40000000 0.74330754 14.38528900
v 1.22500000 0.74330754 14.38528900
v 1.40000000 1.24039631 12.81472626
v 1.22500000 1.24039631 12.81472626
v 1.40000000 1.23065596 12.81385651
v 1.22500000 1.23065596 12.81385651
v 1.40000000 1.22098417 12.81241302
v 1.22500000 1.22098417 12.81241302
v 1.40000000 1.21141491 12.81039886
v 1.22500000 1.21141491 12.81039886
v 1.40000000 1.20198183 12.80782013
v 1.22500000 1.20198183 12.80782013
v 1.40000000 1.19271803 12.80468903
v 1.22500000 1.19271803 12.80468903
v 1.40000000 1.18365602 12.80101318
v 1.22500000 1.18365602 12.80101318
v 1.40000000 1.17482777 12.79680710
v 1.22500000 1.17482777 12.79680710
v 1.40000000 1.16626406 12.79208527
v 1.22500000 1.16626406 12.79208527
v 1.40000000 1.15799513 12.78686523
v 1.22500000 1.15799513 12.78686523
v 1.40000000 1.15005007 12.78116379
v 1.22500000 1.15005007 12.78116379
v 1.40000000 1.14245663 12.77500153
v 1.22500000 1.14245663 12.77500153
v 1.40000000 1.13524151 12.76840134
v 1.22500000 1.13524151 12.76840134
v 1.40000000 1.12843018 12.76138458
v 1.22500000 1.12843018 12.76138458
v 1.40000000 1.12204647 12.75397644
v 1.22500000 1.12204647 12.75397644
v 1.40000000 1.11611280 12.74620361
v 1.22500000 1.11611280 12.74620361
v 1.40000000 1.11065006 12.73809204
v 1.22500000 1.11065006 12.73809204
v 1.40000000 1.10567741 12.72967224
v 1.22500000 1.10567741 12.72967224
v 1.40000000 1.10121231 12.72097168
v 1.22500000 1.10121231 12.72097168
v 1.40000000 1.09727049 12.71202240
v 1.22500000 1.09727049 12.71202240
v 1.40000000 1.09386578 12.70285568
v 1.22500000 1.09386578 12.70285568
v 1.40000000 1.09101000 12.69350281
v 1.22500000 1.09101000 12.69350281
v 1.40000000 1.08871336 12.68399734
v 1.22500000 1.08698387 12.67437210
v 1.22500000 1.08871336 12.68399734
v 1.40000000 1.08698387 12.67437210
v 1.22500000 1.08582754 12.66466217
v 1.40000000 1.08582754 12.66466217
v 1.40000000 1.08524857 12.65490036
v 1.22500000 1.08524857 12.65490036
v 1.40000000 1.08524895 12.64512100
v 1.22500000 1.08582850 12.63535919
v 1.22500000 1.08524895 12.64512100
v 1.40000000 1.08582850 12.63535919
v 1.40000000 1.08698540 12.62564926
v 1.22500000 1.08871555 12.61602402
v 1.22500000 1.08698540 12.62564926
v 1.40000000 1.08871555 12.61602402
v 1.40000000 1.09101276 12.60651932
v 1.22500000 1.09101276 12.60651932
v 1.40000000 1.09386911 12.59716644
v 1.22500000 1.09727449 12.58799973
v 1.22500000 1.09386911 12.59716644
v 1.40000000 1.09727449 12.58799973
v 1.40000000 1.10121689 12.57905045
v 1.22500000 1.10121689 12.57905045
v 1.40000000 1.10568256 12.57035065
v 1.22500000 1.11065578 12.56193085
v 1.22500000 1.10568256 12.57035065
v 1.40000000 1.11065578 12.56193085
v 1.22500000 1.11611900 12.55382004
v 1.40000000 1.11611900 12.55382004
v 1.40000000 1.12205315 12.54604721
v 1.22500000 1.12843733 12.53863983
v 1.22500000 1.12205315 12.54604721
v 1.40000000 1.12843733 12.53863983
v 1.40000000 1.13524914 12.53162384
v 1.22500000 1.13524914 12.53162384
v 1.40000000 1.14246464 12.52502289
v 1.22500000 1.14246464 12.52502289
v 1.40000000 1.15005846 12.51886215
v 1.22500000 1.15005846 12.51886215
v 1.40000000 1.15800400 12.51316147
v 1.22500000 1.16627321 12.50794144
v 1.22500000 1.15800400 12.51316147
v 1.40000000 1.16627321 12.50794144
v 1.40000000 1.17483721 12.50322037
v 1.22500000 1.17483721 12.50322037
v 1.40000000 1.18366575 12.49901505
v 1.22500000 1.19272795 12.49533997
v 1.22500000 1.18366575 12.49901505
v 1.40000000 1.19272795 12.49533997
v 1.40000000 1.20199203 12.49220810
v 1.22500000 1.21142521 12.48963089
v 1.22500000 1.20199203 12.49220810
v 1.40000000 1.21142521 12.48963089
v 1.40000000 1.22099457 12.48761673
v 1.22500000 1.22099457 12.48761673
v 1.40000000 1.23066645 12.48617325
v 1.22500000 1.23066645 12.48617325
v 1.40000000 1.24040689 12.48530579
v 1.22500000 1.24040689 12.48530579
v 0.00000000 1.00009899 15.05000763
v 0.00000000 0.73381329 14.87442932
v 0.00000000 0.71462774 14.87271729
v 0.00000000 0.69557729 14.86987305
v 0.00000000 0.67672877 14.86590424
v 0.00000000 0.65814848 14.86082764
v 0.00000000 0.63990159 14.85465851
v 0.00000000 0.52669034 14.78318329
v 0.00000000 0.51327405 14.76936188
v 0.00000000 0.54090180 14.79618378
v 0.00000000 0.55585856 14.80832062
v 0.00000000 0.50070009 14.75476990
v 0.00000000 0.48901258 14.73945923
v 0.00000000 0.57150803 14.81955109
v 0.00000000 0.47825265 14.72348328
v 0.00000000 0.58779531 14.82983398
v 0.00000000 0.60466313 14.83913422
v 0.00000000 0.46845803 14.70689850
v 0.00000000 0.45966311 14.68976135
v 0.00000000 0.62205224 14.84741821
v 0.00000000 0.45189886 14.67213440
v 0.00000000 0.44519253 14.65407715
v 0.00000000 1.23091259 12.97444458
v 0.00000000 0.43956761 14.63565521
v 0.00000000 1.21172714 12.97273407
v 0.00000000 0.43504391 14.61693268
v 0.00000000 0.43163733 14.59797516
v 0.00000000 1.19267664 12.96988983
v 0.00000000 0.42935982 14.57884827
v 0.00000000 1.17382812 12.96592102
v 0.00000000 0.42821932 14.55962067
v 0.00000000 1.15524778 12.96084290
v 0.00000000 0.42821994 14.54035797
v 0.00000000 0.42936168 14.52113037
v 0.00000000 0.43164039 14.50200500
v 0.00000000 1.13700094 12.95467377
v 0.00000000 1.11915159 12.94743347
v 0.00000000 -0.99990101 15.04994354
v 0.00000000 -0.79129586 14.87266846
v 0.00000000 -0.81034632 14.86982422
v 0.00000000 -0.77211037 14.87438049
v 0.00000000 0.43504820 14.48304596
v 0.00000000 1.10176249 12.93914948
v 0.00000000 -0.82919483 14.86585693
v 0.00000000 0.43957310 14.46432343
v 0.00000000 1.08489466 12.92984924
v 0.00000000 0.73383417 14.22557068
v 0.00000000 -0.84777517 14.86077881
v 0.00000000 0.44519920 14.44590302
v 0.00000000 -0.86602201 14.85460968
v 0.00000000 1.06860743 12.91956635
v 0.00000000 0.71464853 14.22727966
v 0.00000000 0.45190673 14.42784576
v 0.00000000 -0.88387136 14.84736938
v 0.00000000 1.05295792 12.90833740
v 0.00000000 0.69559789 14.23012390
v 0.00000000 0.45967212 14.41021881
v 0.00000000 -0.90126047 14.83908539
v 0.00000000 1.03800116 12.89620056
v 0.00000000 0.67674913 14.23408966
v 0.00000000 0.46846814 14.39308319
v 0.00000000 -0.91812830 14.82978516
v 0.00000000 1.02378969 12.88319855
v 0.00000000 0.65816846 14.23916626
v 0.00000000 0.47826381 14.37649841
v 0.00000000 0.48902478 14.36052246
v 0.00000000 -0.93441563 14.81950226
v 0.00000000 1.01037340 12.86937714
v 0.00000000 0.63992119 14.24533539
v 0.00000000 0.50071325 14.34521332
v 0.00000000 -0.95006504 14.80827332
v 0.00000000 0.99779940 12.85478668
v 0.00000000 0.62207136 14.25257416
v 0.00000000 1.78499279 12.05003357
v 0.00000000 -0.96502180 14.79613647
v 0.00000000 0.98611193 12.83947601
v 0.00000000 0.60468173 14.26085663
v 0.00000000 0.51328816 14.33062286
v 0.00000000 -0.97923326 14.78313446
v 0.00000000 0.97535200 12.82350006
v 0.00000000 0.58781333 14.27015533
v 0.00000000 0.52670536 14.31680298
v 0.00000000 -0.99264956 14.76931305
v 0.00000000 0.96555738 12.80691376
v 0.00000000 0.54091768 14.30380249
v 0.00000000 -1.00522356 14.75472260
v 0.00000000 0.55587521 14.29166565
v 0.00000000 0.57152538 14.28043671
v 0.00000000 -1.01691103 14.73941193
v 0.00000000 -1.02767096 14.72343597
v 0.00000000 -1.03746557 14.70684967
v 0.00000000 -1.04626055 14.68971252
v 0.00000000 -1.05402479 14.67208557
v 0.00000000 -1.06073112 14.65402985
v 0.00000000 -1.06635599 14.63560791
v 0.00000000 1.23093348 12.32558594
v 0.00000000 1.21174793 12.32729568
v 0.00000000 1.19269724 12.33013916
v 0.00000000 1.17384853 12.33410645
v 0.00000000 1.15526781 12.33918228
v 0.00000000 1.13702059 12.34535065
v 0.00000000 0.95676250 12.78977737
v 0.00000000 -0.77208948 14.22552185
v 0.00000000 -0.79127507 14.22723083
v 0.00000000 0.94899826 12.77215042
v 0.00000000 -0.81032572 14.23007507
v 0.00000000 0.94229183 12.75409393
v 0.00000000 0.93666697 12.73567200
v 0.00000000 -0.82917452 14.23404236
v 0.00000000 -0.84775515 14.23911743
v 0.00000000 0.93214331 12.71694870
v 0.00000000 0.92873669 12.69799042
v 0.00000000 -0.86600246 14.24528656
v 0.00000000 -0.88385229 14.25252533
v 0.00000000 0.92645912 12.67886429
v 0.00000000 0.92531872 12.65963669
v 0.00000000 -0.90124187 14.26080780
v 0.00000000 -0.91811028 14.27010651
v 0.00000000 0.92531929 12.64037476
v 0.00000000 0.92646103 12.62114716
v 0.00000000 -1.26908741 12.97436371
v 0.00000000 -0.93439827 14.28038940
v 0.00000000 -1.28827286 12.97265320
v 0.00000000 -0.95004845 14.29161682
v 0.00000000 0.92873974 12.60202026
v 0.00000000 -1.30732336 12.96980896
v 0.00000000 -0.96500597 14.30375366
v 0.00000000 0.93214760 12.58306274
v 0.00000000 -1.32617188 12.96584015
v 0.00000000 -0.97921829 14.31675415
v 0.00000000 0.93667250 12.56434021
v 0.00000000 -1.34475222 12.96076202
v 0.00000000 -0.99263544 14.33057404
v 0.00000000 0.94229860 12.54591827
v 0.00000000 -1.36299906 12.95459290
v 0.00000000 -1.00521040 14.34516449
v 0.00000000 0.94900608 12.52786255
v 0.00000000 -1.38084841 12.94735413
v 0.00000000 -1.01689882 14.36047516
v 0.00000000 0.95677147 12.51023560
v 0.00000000 0.96556749 12.49309921
v 0.00000000 -1.39823751 12.93906860
v 0.00000000 -1.02765980 14.37644958
v 0.00000000 0.97536316 12.47651443
v 0.00000000 -1.41510534 12.92976990
v 0.00000000 -1.03745546 14.39303436
v 0.00000000 0.98612413 12.46053925
v 0.00000000 -1.43139257 12.91948700
v 0.00000000 -1.04625149 14.41017151
v 0.00000000 0.99781265 12.44522934
v 0.00000000 -1.44704208 12.90825653
v 0.00000000 -1.05401688 14.42779846
v 0.00000000 1.01038752 12.43063889
v 0.00000000 -1.46199884 12.89611969
v 0.00000000 -1.06072445 14.44585419
v 0.00000000 1.02380466 12.41681900
v 0.00000000 -1.47621031 12.88311768
v 0.00000000 -1.06635056 14.46427612
v 0.00000000 1.03801699 12.40381775
v 0.00000000 -1.48962660 12.86929779
v 0.00000000 -1.07087545 14.48299866
v 0.00000000 -1.50220060 12.85470581
v 0.00000000 -1.07428322 14.50195618
v 0.00000000 1.05297451 12.39168167
v 0.00000000 1.06862478 12.38045349
v 0.00000000 1.08491268 12.37017136
v 0.00000000 1.10178108 12.36087265
v 0.00000000 1.11917076 12.35258942
v 0.00000000 -1.78460159 12.04991837
v 0.00000000 -1.26906643 12.32550583
v 0.00000000 -1.28825207 12.32721558
v 0.00000000 -1.30730276 12.33005905
v 0.00000000 -1.32615147 12.33402557
v 0.00000000 -1.34473219 12.33910217
v 0.00000000 -1.36297941 12.34527054
v 0.00000000 -1.38082924 12.35250931
v 0.00000000 -1.39821892 12.36079254
v 0.00000000 -1.41508732 12.37009125
v 0.00000000 -1.43137522 12.38037262
v 0.00000000 -1.44702549 12.39160156
v 0.00000000 -1.46198301 12.40373764
v 0.00000000 -1.47619534 12.41673813
v 0.00000000 -1.48961248 12.43055801
v 0.00000000 -1.50218735 12.44514847
v 0.00000000 -1.51387587 12.46045837
v 0.00000000 -1.52463684 12.47643433
v 0.00000000 -1.53443251 12.49301910
v 0.00000000 -1.54322853 12.51015472
v 0.00000000 -1.55099392 12.52778168
v 0.00000000 -1.55770140 12.54583817
v 0.00000000 -1.56332750 12.56425934
v 0.00000000 -1.56785240 12.58298187
v 0.00000000 -1.57126026 12.60194016
v 0.00000000 -1.57353897 12.62106628
v 0.00000000 -1.57468071 12.64029388
v 0.00000000 -1.57468128 12.65955582
v 0.00000000 -1.57354088 12.67878342
v 0.00000000 -1.57126331 12.69791031
v 0.00000000 -1.07087975 14.61688385
v 0.00000000 -1.07428627 14.59792633
v 0.00000000 -1.07656384 14.57879944
v 0.00000000 -1.07770433 14.55957184
v 0.00000000 -1.07770367 14.54031067
v 0.00000000 -1.07656193 14.52108307
v 0.00000000 -1.56333303 12.73559113
v 0.00000000 -1.55770817 12.75401306
v 0.00000000 -1.55100174 12.77206955
v 0.00000000 -1.54323750 12.78969727
v 0.00000000 -1.53444262 12.80683441
v 0.00000000 -1.52464800 12.82341919
v 0.00000000 -1.51388807 12.83939514
v 0.00000000 -1.56785669 12.71686859
v 1.40000000 1.00009899 15.05000763
v 1.40000000 -0.99990101 15.04994354
v 1.40000000 1.78499279 12.05003357
v 1.40000000 -1.78460159 12.04991837
v 1.22500000 1.23093348 12.32558594
v 1.22500000 1.21174793 12.32729568
v 1.22500000 1.19269724 12.33013916
v 1.22500000 1.17384853 12.33410645
v 1.22500000 1.15526781 12.33918228
v 1.22500000 1.13702059 12.34535065
v 1.22500000 1.11917076 12.35258942
v 1.22500000 1.10178108 12.36087265
v 1.22500000 1.08491268 12.37017136
v 1.22500000 1.06862478 12.38045349
v 1.22500000 1.05297451 12.39168167
v 1.22500000 1.03801699 12.40381775
v 1.22500000 1.02380466 12.41681900
v 1.22500000 1.01038752 12.43063889
v 1.22500000 0.99781265 12.44522934
v 1.22500000 0.98612413 12.46053925
v 1.22500000 0.97536316 12.47651443
v 1.22500000 0.96556749 12.49309921
v 1.22500000 0.95677147 12.51023560
v 1.22500000 0.94900608 12.52786255
v 1.22500000 0.94229860 12.54591827
v 1.22500000 0.93667250 12.56434021
v 1.22500000 0.93214760 12.58306274
v 1.22500000 0.92873974 12.60202026
v 1.22500000 0.92646103 12.62114716
v 1.22500000 0.92531929 12.64037476
v 1.22500000 0.92531872 12.65963669
v 1.22500000 0.92645912 12.67886429
v 1.22500000 0.92873669 12.69799042
v 1.22500000 0.93214331 12.71694870
v 1.22500000 0.94229183 12.75409393
v 1.22500000 0.93666697 12.73567200
v 1.22500000 0.94899826 12.77215042
v 1.22500000 0.95676250 12.78977737
v 1.22500000 0.97535200 12.82350006
v 1.22500000 0.96555738 12.80691376
v 1.22500000 0.98611193 12.83947601
v 1.22500000 1.01037340 12.86937714
v 1.22500000 0.99779940 12.85478668
v 1.22500000 1.03800116 12.89620056
v 1.22500000 1.02378969 12.88319855
v 1.22500000 1.05295792 12.90833740
v 1.22500000 1.08489466 12.92984924
v 1.22500000 1.06860743 12.91956635
v 1.22500000 1.10176249 12.93914948
v 1.22500000 1.11915159 12.94743347
v 1.22500000 1.13700094 12.95467377
v 1.22500000 1.15524778 12.96084290
v 1.22500000 1.17382812 12.96592102
v 1.22500000 1.19267664 12.96988983
v 1.22500000 1.21172714 12.97273407
v 1.22500000 1.23091259 12.97444458
v 1.22500000 0.73383417 14.22557068
v 1.22500000 0.71464853 14.22727966
v 1.22500000 0.69559789 14.23012390
v 1.22500000 0.67674913 14.23408966
v 1.22500000 0.65816846 14.23916626
v 1.22500000 0.63992119 14.24533539
v 1.22500000 0.62207136 14.25257416
v 1.22500000 0.60468173 14.26085663
v 1.22500000 0.58781333 14.27015533
v 1.22500000 0.57152538 14.28043671
v 1.22500000 0.55587521 14.29166565
v 1.22500000 0.54091768 14.30380249
v 1.22500000 0.52670536 14.31680298
v 1.22500000 0.51328816 14.33062286
v 1.22500000 0.50071325 14.34521332
v 1.22500000 0.48902478 14.36052246
v 1.22500000 0.47826381 14.37649841
v 1.22500000 0.46846814 14.39308319
v 1.22500000 0.45967212 14.41021881
v 1.22500000 0.45190673 14.42784576
v 1.22500000 0.44519920 14.44590302
v 1.22500000 0.43957310 14.46432343
v 1.22500000 0.43504820 14.48304596
v 1.22500000 0.43164039 14.50200500
v 1.22500000 0.42936168 14.52113037
v 1.22500000 0.42821994 14.54035797
v 1.22500000 0.42821932 14.55962067
v 1.22500000 0.42935982 14.57884827
v 1.22500000 0.43163733 14.59797516
v 1.22500000 0.43504391 14.61693268
v 1.22500000 0.44519253 14.65407715
v 1.22500000 0.43956761 14.63565521
v 1.22500000 0.45189886 14.67213440
v 1.22500000 0.45966311 14.68976135
v 1.22500000 0.47825265 14.72348328
v 1.22500000 0.46845803 14.70689850
v 1.22500000 0.48901258 14.73945923
v 1.22500000 0.51327405 14.76936188
v 1.22500000 0.50070009 14.75476990
v 1.22500000 0.54090180 14.79618378
v 1.22500000 0.52669034 14.78318329
v 1.22500000 0.55585856 14.80832062
v 1.22500000 0.58779531 14.82983398
v 1.22500000 0.57150803 14.81955109
v 1.22500000 0.60466313 14.83913422
v 1.22500000 0.62205224 14.84741821
v 1.22500000 0.63990159 14.85465851
v 1.22500000 0.65814848 14.86082764
v 1.22500000 0.67672877 14.86590424
v 1.22500000 0.69557729 14.86987305
v 1.22500000 0.71462774 14.87271729
v 1.22500000 0.73381329 14.87442932
v 1.22500000 -1.26906643 12.32550583
v 1.22500000 -1.28825207 12.32721558
v 1.22500000 -1.30730276 12.33005905
v 1.22500000 -1.32615147 12.33402557
v 1.22500000 -1.34473219 12.33910217
v 1.22500000 -1.36297941 12.34527054
v 1.22500000 -1.38082924 12.35250931
v 1.22500000 -1.39821892 12.36079254
v 1.22500000 -1.41508732 12.37009125
v 1.22500000 -1.43137522 12.38037262
v 1.22500000 -1.44702549 12.39160156
v 1.22500000 -1.46198301 12.40373764
v 1.22500000 -1.47619534 12.41673813
v 1.22500000 -1.48961248 12.43055801
v 1.22500000 -1.50218735 12.44514847
v 1.22500000 -1.51387587 12.46045837
v 1.22500000 -1.52463684 12.47643433
v 1.22500000 -1.53443251 12.49301910
v 1.22500000 -1.54322853 12.51015472
v 1.22500000 -1.55099392 12.52778168
v 1.22500000 -1.55770140 12.54583817
v 1.22500000 -1.56332750 12.56425934
v 1.22500000 -1.56785240 12.58298187
v 1.22500000 -1.57126026 12.60194016
v 1.22500000 -1.57353897 12.62106628
v 1.22500000 -1.57468071 12.64029388
v 1.22500000 -1.57468128 12.65955582
v 1.22500000 -1.57354088 12.67878342
v 1.22500000 -1.57126331 12.69791031
v 1.22500000 -1.56785669 12.71686859
v 1.22500000 -1.55770817 12.75401306
v 1.22500000 -1.56333303 12.73559113
v 1.22500000 -1.55100174 12.77206955
v 1.22500000 -1.54323750 12.78969727
v 1.22500000 -1.52464800 12.82341919
v 1.22500000 -1.53444262 12.80683441
v 1.22500000 -1.51388807 12.83939514
v 1.22500000 -1.48962660 12.86929779
v 1.22500000 -1.50220060 12.85470581
v 1.22500000 -1.46199884 12.89611969
v 1.22500000 -1.47621031 12.88311768
v 1.22500000 -1.44704208 12.90825653
v 1.22500000 -1.41510534 12.92976990
v 1.22500000 -1.43139257 12.91948700
v 1.22500000 -1.39823751 12.93906860
v 1.22500000 -1.38084841 12.94735413
v 1.22500000 -1.36299906 12.95459290
v 1.22500000 -1.34475222 12.96076202
v 1.22500000 -1.32617188 12.96584015
v 1.22500000 -1.30732336 12.96980896
v 1.22500000 -1.28827286 12.97265320
v 1.22500000 -1.26908741 12.97436371
v 1.22500000 -0.77208948 14.22552185
v 1.22500000 -0.79127507 14.22723083
v 1.22500000 -0.81032572 14.23007507
v 1.22500000 -0.82917452 14.23404236
v 1.22500000 -0.84775515 14.23911743
v 1.22500000 -0.86600246 14.24528656
v 1.22500000 -0.88385229 14.25252533
v 1.22500000 -0.90124187 14.26080780
v 1.22500000 -0.91811028 14.27010651
v 1.22500000 -0.93439827 14.28038940
v 1.22500000 -0.95004845 14.29161682
v 1.22500000 -0.96500597 14.30375366
v 1.22500000 -0.97921829 14.31675415
v 1.22500000 -0.99263544 14.33057404
v 1.22500000 -1.00521040 14.34516449
v 1.22500000 -1.01689882 14.36047516
v 1.22500000 -1.02765980 14.37644958
v 1.22500000 -1.03745546 14.39303436
v 1.22500000 -1.04625149 14.41017151
v 1.22500000 -1.05401688 14.42779846
v 1.22500000 -1.06072445 14.44585419
v 1.22500000 -1.06635056 14.46427612
v 1.22500000 -1.07087545 14.48299866
v 1.22500000 -1.07428322 14.50195618
v 1.22500000 -1.07656193 14.52108307
v 1.22500000 -1.07770367 14.54031067
v 1.22500000 -1.07770433 14.55957184
v 1.22500000 -1.07656384 14.57879944
v 1.22500000 -1.07428627 14.59792633
v 1.22500000 -1.07087975 14.61688385
v 1.22500000 -1.06073112 14.65402985
v 1.22500000 -1.06635599 14.63560791
v 1.22500000 -1.05402479 14.67208557
v 1.22500000 -1.04626055 14.68971252
v 1.22500000 -1.02767096 14.72343597
v 1.22500000 -1.03746557 14.70684967
v 1.22500000 -1.01691103 14.73941193
v 1.22500000 -0.99264956 14.76931305
v 1.22500000 -1.00522356 14.75472260
v 1.22500000 -0.96502180 14.79613647
v 1.22500000 -0.97923326 14.78313446
v 1.22500000 -0.95006504 14.80827332
v 1.22500000 -0.91812830 14.82978516
v 1.22500000 -0.93441563 14.81950226
v 1.22500000 -0.90126047 14.83908539
v 1.22500000 -0.88387136 14.84736938
v 1.22500000 -0.86602201 14.85460968
v 1.22500000 -0.84777517 14.86077881
v 1.22500000 -0.82919483 14.86585693
v 1.22500000 -0.81034632 14.86982422
v 1.22500000 -0.79129586 14.87266846
v 1.22500000 -0.77211037 14.87438049
f 1 2 3
f 1 4 2
f 1 5 4
f 1 6 5
f 7 3 8
f 7 8 9
f 7 9 10
f 7 1 3
f 11 12 6
f 11 13 12
f 11 6 1
f 14 7 10
f 14 10 15
f 14 15 16
f 14 1 7
f 14 11 1
f 17 18 13
f 17 19 18
f 17 13 11
f 20 14 16
f 20 16 21
f 20 21 22
f 20 11 14
f 20 17 11
f 23 24 19
f 23 25 24
f 23 19 17
f 26 22 27
f 26 27 28
f 26 20 22
f 26 17 20
f 26 23 17
f 29 30 25
f 29 31 30
f 29 25 23
f 29 23 26
f 32 28 33
f 32 33 34
f 32 26 28
f 32 29 26
f 35 36 31
f 35 37 36
f 35 31 29
f 38 34 39
f 38 39 40
f 38 35 29
f 38 29 32
f 38 32 34
f 41 42 37
f 41 43 42
f 41 37 35
f 44 45 46
f 44 40 47
f 44 47 45
f 44 38 40
f 44 41 35
f 44 35 38
f 48 49 50
f 48 51 49
f 48 43 41
f 48 41 44
f 48 52 43
f 48 53 52
f 48 50 53
f 54 55 51
f 54 46 55
f 54 51 48
f 54 48 44
f 54 44 46
f 56 57 58
f 59 60 57
f 59 57 56
f 61 62 60
f 61 60 59
f 63 64 65
f 63 65 62
f 63 62 61
f 66 67 68
f 66 68 64
f 66 64 63
f 69 70 67
f 69 67 66
f 71 72 73
f 71 73 70
f 71 70 69
f 74 75 72
f 74 72 71
f 76 77 75
f 76 75 74
f 78 79 77
f 78 77 76
f 80 81 79
f 80 79 78
f 82 83 81
f 82 81 80
f 84 83 82
f 84 85 83
f 86 87 85
f 86 85 84
f 88 89 87
f 88 87 86
f 90 91 89
f 90 89 88
f 92 93 91
f 92 91 90
f 94 95 93
f 94 93 92
f 96 97 95
f 96 95 94
f 98 99 100
f 98 101 99
f 98 102 101
f 98 103 102
f 98 104 103
f 105 106 107
f 105 100 106
f 105 98 100
f 108 104 98
f 108 109 104
f 108 110 109
f 111 112 113
f 111 113 114
f 111 98 105
f 111 107 112
f 111 105 107
f 111 108 98
f 115 108 111
f 115 116 110
f 115 117 116
f 115 110 108
f 118 114 119
f 118 119 120
f 118 115 111
f 118 111 114
f 121 122 117
f 121 123 122
f 121 117 115
f 124 120 125
f 124 125 126
f 124 118 120
f 124 121 115
f 124 115 118
f 127 128 123
f 127 129 128
f 127 123 121
f 127 121 124
f 130 126 131
f 130 131 132
f 130 124 126
f 130 127 124
f 133 134 129
f 133 135 134
f 133 129 127
f 133 127 130
f 136 132 137
f 136 137 138
f 136 133 130
f 136 130 132
f 139 140 135
f 139 141 140
f 139 135 133
f 139 133 136
f 142 138 143
f 142 143 144
f 142 139 136
f 142 136 138
f 145 146 141
f 145 147 146
f 145 148 147
f 145 141 139
f 149 150 148
f 149 139 142
f 149 148 145
f 149 142 144
f 149 144 151
f 149 151 152
f 149 145 139
f 149 152 150
f 101 153 154
f 102 155 153
f 102 153 101
f 103 156 155
f 103 155 102
f 104 157 156
f 104 156 103
f 109 158 157
f 109 157 104
f 110 159 158
f 110 158 109
f 116 160 159
f 116 159 110
f 117 161 160
f 117 160 116
f 122 162 161
f 122 161 117
f 123 163 162
f 123 162 122
f 128 164 163
f 128 163 123
f 129 165 164
f 129 164 128
f 134 166 165
f 134 165 129
f 135 167 166
f 135 166 134
f 140 167 135
f 140 168 167
f 141 168 140
f 141 169 168
f 146 170 171
f 146 171 172
f 146 169 141
f 146 172 169
f 147 173 174
f 147 174 170
f 147 170 146
f 148 175 176
f 148 176 173
f 148 173 147
f 177 178 179
f 177 180 178
f 181 182 180
f 181 180 177
f 183 184 182
f 183 182 181
f 185 186 184
f 185 184 183
f 187 188 186
f 187 186 185
f 189 190 188
f 189 188 187
f 191 192 190
f 191 190 189
f 193 194 192
f 193 192 191
f 195 196 194
f 195 194 193
f 197 198 196
f 197 196 195
f 199 200 198
f 199 198 197
f 201 202 200
f 201 200 199
f 203 204 202
f 203 202 201
f 205 204 203
f 205 206 204
f 207 206 205
f 207 208 206
f 209 208 207
f 209 210 208
f 211 212 213
f 211 210 209
f 211 213 210
f 214 215 216
f 214 216 217
f 214 217 212
f 214 212 211
f 218 219 220
f 218 220 215
f 218 215 214
f 221 222 223
f 221 224 222
f 225 226 224
f 225 224 221
f 227 228 226
f 227 226 225
f 229 230 228
f 229 228 227
f 231 232 230
f 231 230 229
f 233 234 232
f 233 232 231
f 235 236 234
f 235 234 233
f 237 238 236
f 237 236 235
f 239 240 238
f 239 238 237
f 241 242 240
f 241 240 239
f 243 244 242
f 243 242 241
f 245 246 244
f 245 244 243
f 247 248 246
f 247 246 245
f 249 248 247
f 249 250 248
f 251 250 249
f 252 250 251
f 252 253 250
f 254 253 252
f 255 253 254
f 255 256 253
f 257 256 255
f 258 256 257
f 258 259 256
f 260 259 258
f 261 262 259
f 261 259 260
f 263 262 261
f 264 50 265
f 264 53 50
f 266 52 53
f 266 53 264
f 267 43 52
f 267 52 266
f 268 42 43
f 268 43 267
f 269 37 42
f 269 42 268
f 270 36 37
f 270 37 269
f 271 31 36
f 271 36 270
f 272 30 31
f 272 31 271
f 273 25 30
f 273 30 272
f 274 24 25
f 274 25 273
f 275 19 24
f 275 24 274
f 276 18 19
f 276 19 275
f 277 13 18
f 277 18 276
f 278 13 277
f 278 12 13
f 279 12 278
f 280 12 279
f 280 6 12
f 281 6 280
f 282 6 281
f 282 5 6
f 283 5 282
f 284 5 283
f 284 4 5
f 285 4 284
f 286 2 4
f 286 4 285
f 287 2 286
f 288 289 290
f 288 291 289
f 292 293 291
f 292 291 288
f 294 295 293
f 294 293 292
f 296 297 295
f 296 295 294
f 298 299 297
f 298 297 296
f 300 301 299
f 300 299 298
f 302 303 301
f 302 301 300
f 304 305 303
f 304 303 302
f 306 307 305
f 306 305 304
f 308 309 307
f 308 307 306
f 310 311 309
f 310 309 308
f 312 313 311
f 312 311 310
f 314 315 313
f 314 313 312
f 316 317 315
f 316 315 314
f 318 317 316
f 318 319 317
f 320 319 318
f 320 321 322
f 320 322 319
f 323 321 320
f 324 321 323
f 324 325 321
f 326 327 328
f 326 329 327
f 330 331 329
f 330 329 326
f 332 333 331
f 332 331 330
f 334 335 333
f 334 333 332
f 336 337 335
f 336 335 334
f 338 339 337
f 338 337 336
f 340 341 339
f 340 339 338
f 342 343 341
f 342 341 340
f 344 345 343
f 344 343 342
f 346 347 345
f 346 345 344
f 348 349 347
f 348 347 346
f 350 351 349
f 350 349 348
f 352 353 351
f 352 351 350
f 354 355 353
f 354 353 352
f 356 355 354
f 356 357 355
f 358 357 356
f 358 359 360
f 358 360 357
f 361 359 358
f 362 359 361
f 362 363 359
f 364 365 366
f 364 367 365
f 368 369 367
f 368 367 364
f 370 371 369
f 370 369 368
f 372 373 371
f 372 371 370
f 374 375 373
f 374 373 372
f 376 377 375
f 376 375 374
f 378 379 377
f 378 377 376
f 380 381 379
f 380 379 378
f 382 383 381
f 382 381 380
f 384 385 383
f 384 383 382
f 386 387 385
f 386 385 384
f 388 389 387
f 388 387 386
f 390 391 389
f 390 389 388
f 392 393 391
f 392 391 390
f 394 393 392
f 394 395 393
f 396 395 394
f 396 397 398
f 396 398 395
f 399 397 396
f 400 397 399
f 400 401 397
f 402 403 404
f 402 405 403
f 406 407 405
f 406 405 402
f 408 409 407
f 408 407 406
f 410 411 409
f 410 409 408
f 412 413 411
f 412 411 410
f 414 415 413
f 414 413 412
f 416 417 415
f 416 415 414
f 418 419 417
f 418 417 416
f 420 421 419
f 420 419 418
f 422 423 421
f 422 421 420
f 424 425 423
f 424 423 422
f 426 427 425
f 426 425 424
f 428 429 427
f 428 427 426
f 430 431 429
f 430 429 428
f 432 431 430
f 432 433 431
f 434 433 432
f 434 435 436
f 434 436 433
f 437 435 434
f 438 435 437
f 438 439 435
f 440 441 442
f 443 441 440
f 444 443 440
f 442 445 440
f 446 445 442
f 447 445 446
f 448 445 449
f 450 449 445
f 451 445 448
f 452 450 445
f 453 445 451
f 454 445 447
f 454 452 445
f 455 445 453
f 456 454 447
f 456 447 457
f 456 457 458
f 459 445 455
f 460 458 461
f 460 461 462
f 460 456 458
f 463 462 464
f 463 464 465
f 463 460 462
f 466 463 465
f 466 465 467
f 466 467 468
f 469 466 468
f 469 468 470
f 471 469 470
f 472 473 474
f 472 475 473
f 472 476 475
f 472 477 476
f 472 478 477
f 472 459 478
f 479 472 474
f 480 481 482
f 480 482 483
f 484 481 480
f 485 484 486
f 485 481 484
f 487 481 485
f 488 479 481
f 488 481 487
f 489 490 491
f 492 491 490
f 493 494 490
f 493 490 489
f 495 490 496
f 495 492 490
f 497 494 493
f 498 495 496
f 499 494 497
f 500 496 471
f 500 498 496
f 501 502 494
f 501 494 499
f 503 502 501
f 504 503 501
f 505 472 479
f 505 479 488
f 506 507 470
f 508 470 507
f 509 506 470
f 510 470 508
f 510 471 470
f 510 500 471
f 511 509 470
f 512 500 510
f 513 511 470
f 513 470 514
f 515 500 512
f 516 500 515
f 517 513 514
f 518 517 514
f 519 520 521
f 519 522 520
f 523 500 516
f 524 525 526
f 527 528 525
f 527 525 524
f 529 526 518
f 529 524 526
f 530 531 528
f 530 528 527
f 532 518 514
f 532 529 518
f 533 534 531
f 533 531 530
f 535 532 514
f 536 537 534
f 536 534 533
f 538 535 514
f 539 537 536
f 539 540 537
f 541 538 514
f 542 541 514
f 543 542 514
f 543 514 544
f 545 546 547
f 545 548 549
f 545 549 546
f 550 540 539
f 551 519 521
f 551 552 553
f 551 554 552
f 551 555 554
f 551 521 555
f 556 557 558
f 556 558 559
f 556 559 560
f 561 557 556
f 561 562 563
f 561 563 557
f 564 543 544
f 564 556 560
f 564 544 565
f 564 560 543
f 566 562 561
f 567 564 565
f 567 565 568
f 567 568 569
f 570 562 566
f 571 567 569
f 571 569 572
f 571 572 573
f 574 571 573
f 574 573 575
f 576 548 545
f 576 574 575
f 576 575 577
f 576 577 548
f 578 576 545
f 579 578 545
f 580 579 545
f 581 582 583
f 581 584 582
f 581 585 584
f 586 587 588
f 589 580 545
f 590 581 583
f 591 589 545
f 592 581 590
f 593 581 592
f 594 591 545
f 595 593 592
f 596 597 598
f 599 596 600
f 599 597 596
f 601 597 599
f 602 597 601
f 603 597 602
f 603 602 604
f 603 595 597
f 605 595 603
f 605 593 595
f 606 607 608
f 606 609 607
f 610 606 608
f 610 611 612
f 610 613 611
f 610 614 613
f 610 615 614
f 610 616 615
f 610 608 616
f 551 504 501
f 551 553 504
f 540 550 588
f 586 588 550
f 585 562 617
f 562 618 617
f 562 570 618
f 585 581 562
f 610 612 545
f 612 619 545
f 619 620 545
f 620 594 545
f 445 459 472
f 621 439 438
f 621 622 439
f 623 624 622
f 623 622 621
f 625 626 624
f 625 624 623
f 627 628 626
f 627 626 625
f 629 630 628
f 629 628 627
f 631 632 630
f 631 630 629
f 633 634 632
f 633 632 631
f 635 636 637
f 635 637 634
f 635 634 633
f 638 636 635
f 639 640 641
f 639 641 636
f 639 636 638
f 642 640 639
f 643 644 640
f 643 640 642
f 645 646 644
f 645 644 643
f 647 648 646
f 647 646 645
f 649 648 647
f 649 650 648
f 651 650 649
f 651 652 653
f 651 653 650
f 654 652 651
f 404 652 654
f 404 403 652
f 655 401 400
f 655 656 401
f 657 658 656
f 657 656 655
f 659 660 658
f 659 658 657
f 661 662 660
f 661 660 659
f 663 664 662
f 663 662 661
f 665 666 664
f 665 664 663
f 667 668 666
f 667 666 665
f 669 670 671
f 669 671 668
f 669 668 667
f 672 670 669
f 673 674 675
f 673 675 670
f 673 670 672
f 676 674 673
f 677 678 674
f 677 674 676
f 679 680 678
f 679 678 677
f 681 682 680
f 681 680 679
f 683 682 681
f 683 684 682
f 685 684 683
f 685 686 687
f 685 687 684
f 688 686 685
f 366 686 688
f 366 365 686
f 689 363 362
f 689 690 363
f 691 692 690
f 691 690 689
f 693 694 692
f 693 692 691
f 695 696 694
f 695 694 693
f 697 698 696
f 697 696 695
f 699 700 698
f 699 698 697
f 701 702 700
f 701 700 699
f 703 704 705
f 703 705 702
f 703 702 701
f 706 704 703
f 707 708 709
f 707 709 704
f 707 704 706
f 710 708 707
f 711 712 708
f 711 708 710
f 713 714 712
f 713 712 711
f 715 716 714
f 715 714 713
f 717 716 715
f 717 718 716
f 719 718 717
f 719 720 721
f 719 721 718
f 722 720 719
f 328 720 722
f 328 327 720
f 723 325 324
f 723 724 325
f 725 726 724
f 725 724 723
f 727 728 726
f 727 726 725
f 729 730 728
f 729 728 727
f 731 732 730
f 731 730 729
f 733 734 732
f 733 732 731
f 735 736 734
f 735 734 733
f 737 738 739
f 737 739 736
f 737 736 735
f 740 738 737
f 741 742 743
f 741 743 738
f 741 738 740
f 744 742 741
f 745 746 742
f 745 742 744
f 747 748 746
f 747 746 745
f 749 750 748
f 749 748 747
f 751 750 749
f 751 752 750
f 753 752 751
f 753 754 755
f 753 755 752
f 756 754 753
f 290 754 756
f 290 289 754
f 757 758 759
f 757 759 760
f 143 138 758
f 137 758 138
f 144 143 758
f 132 758 137
f 761 758 132
f 151 144 758
f 131 761 132
f 152 151 758
f 126 761 131
f 150 152 758
f 125 761 126
f 762 758 757
f 762 150 758
f 120 761 125
f 763 762 757
f 119 761 120
f 764 763 757
f 114 761 119
f 765 764 757
f 113 761 114
f 766 765 757
f 112 761 113
f 767 766 757
f 768 769 767
f 768 770 769
f 768 771 770
f 768 772 771
f 768 773 772
f 768 774 773
f 768 775 774
f 768 776 775
f 768 777 776
f 768 767 757
f 778 757 760
f 779 778 760
f 780 779 781
f 780 778 779
f 782 783 784
f 785 786 783
f 785 783 782
f 786 787 783
f 784 759 758
f 788 789 785
f 790 785 789
f 791 788 785
f 792 785 790
f 793 791 785
f 794 785 792
f 795 793 785
f 796 785 794
f 797 786 785
f 797 785 796
f 441 786 797
f 798 799 800
f 798 800 801
f 798 801 802
f 798 802 803
f 798 803 804
f 798 804 805
f 798 805 806
f 798 806 807
f 798 807 808
f 798 808 809
f 443 786 441
f 810 787 443
f 811 787 810
f 812 787 811
f 813 814 799
f 813 799 798
f 316 314 787
f 312 779 787
f 312 787 314
f 318 316 787
f 310 779 312
f 320 318 787
f 323 320 787
f 308 779 310
f 324 323 787
f 306 779 308
f 723 324 787
f 304 779 306
f 725 723 787
f 302 779 304
f 727 725 787
f 727 812 815
f 727 787 812
f 300 779 302
f 729 815 816
f 729 727 815
f 817 814 813
f 731 729 816
f 731 816 818
f 733 818 819
f 733 731 818
f 735 733 819
f 735 819 820
f 737 735 820
f 430 292 288
f 428 292 430
f 428 294 292
f 426 294 428
f 426 296 294
f 432 430 288
f 432 288 290
f 434 432 290
f 434 290 756
f 424 298 296
f 424 296 426
f 437 434 756
f 437 756 753
f 422 300 298
f 422 298 424
f 821 822 823
f 821 823 824
f 821 824 817
f 420 300 422
f 438 437 753
f 438 753 751
f 621 751 749
f 621 438 751
f 354 825 826
f 352 825 354
f 352 827 825
f 350 828 827
f 350 827 352
f 356 826 822
f 356 354 826
f 356 822 821
f 358 356 821
f 348 820 828
f 348 828 350
f 623 749 747
f 623 621 749
f 361 358 821
f 346 737 820
f 346 820 348
f 344 737 346
f 344 740 737
f 362 361 821
f 625 623 747
f 625 747 745
f 342 740 344
f 342 741 740
f 342 744 741
f 689 362 821
f 340 744 342
f 691 689 821
f 338 744 340
f 338 625 745
f 338 745 744
f 693 691 821
f 695 693 821
f 697 695 821
f 699 821 829
f 699 697 821
f 701 699 829
f 703 701 829
f 781 779 300
f 781 402 404
f 781 406 402
f 781 408 406
f 781 410 408
f 781 412 410
f 781 414 412
f 781 416 414
f 781 418 416
f 781 420 418
f 781 300 420
f 781 651 649
f 781 654 651
f 781 404 654
f 706 703 829
f 707 706 829
f 710 707 829
f 711 710 829
f 392 390 629
f 392 627 625
f 392 629 627
f 388 629 390
f 388 631 629
f 394 392 625
f 394 625 338
f 394 338 336
f 396 394 336
f 396 336 334
f 386 631 388
f 386 633 631
f 399 396 334
f 399 334 332
f 384 633 386
f 384 635 633
f 384 638 635
f 382 638 384
f 400 399 332
f 400 332 330
f 655 400 330
f 655 330 326
f 380 638 382
f 380 639 638
f 378 639 380
f 378 642 639
f 657 655 326
f 657 326 328
f 376 642 378
f 376 643 642
f 376 645 643
f 659 328 722
f 659 657 328
f 661 722 719
f 661 659 722
f 374 645 376
f 374 647 645
f 372 647 374
f 663 661 719
f 663 719 717
f 665 717 715
f 665 663 717
f 370 647 372
f 370 781 649
f 370 649 647
f 667 715 713
f 667 665 715
f 669 713 711
f 669 667 713
f 672 669 711
f 830 711 829
f 830 364 366
f 830 368 364
f 830 370 368
f 830 673 672
f 830 676 673
f 830 781 370
f 830 677 676
f 830 679 677
f 830 681 679
f 830 683 681
f 830 672 711
f 830 685 683
f 830 688 685
f 830 366 688
f 831 795 785
f 786 443 787
f 821 817 813
f 831 785 782
f 832 809 831
f 832 831 782
f 798 809 832
f 833 834 835
f 833 836 834
f 837 838 839
f 837 840 838
f 841 112 107
f 841 761 112
f 106 841 107
f 100 841 106
f 99 841 100
f 842 99 843
f 842 843 844
f 842 844 845
f 842 845 777
f 842 777 768
f 842 841 99
f 846 847 848
f 849 848 847
f 850 847 846
f 851 849 847
f 852 847 850
f 853 851 847
f 854 847 852
f 855 853 847
f 856 847 854
f 857 855 847
f 858 857 847
f 858 859 860
f 858 860 861
f 858 861 862
f 858 862 863
f 858 863 864
f 858 864 857
f 865 866 867
f 868 865 867
f 869 868 867
f 870 866 865
f 871 869 867
f 872 866 870
f 873 871 867
f 874 866 872
f 874 875 866
f 876 867 877
f 876 877 878
f 876 873 867
f 879 875 874
f 880 881 882
f 883 876 878
f 884 885 880
f 886 887 888
f 889 880 882
f 889 882 887
f 889 887 886
f 889 884 880
f 890 884 889
f 891 892 893
f 891 893 859
f 891 859 858
f 894 895 896
f 894 897 895
f 898 896 895
f 898 895 875
f 899 897 894
f 899 900 897
f 901 898 875
f 901 875 879
f 902 900 899
f 903 901 879
f 904 900 902
f 904 905 900
f 906 903 879
f 907 906 879
f 908 909 890
f 908 890 889
f 910 907 879
f 911 912 913
f 914 913 915
f 914 911 913
f 916 912 911
f 916 917 912
f 918 915 919
f 918 914 915
f 920 917 916
f 920 921 917
f 922 919 923
f 922 918 919
f 924 921 920
f 924 904 921
f 925 922 923
f 925 923 926
f 927 904 924
f 928 925 926
f 928 926 929
f 930 928 929
f 931 932 933
f 931 933 934
f 931 934 935
f 931 935 909
f 931 909 908
f 936 937 938
f 936 938 939
f 936 939 940
f 936 940 941
f 942 943 944
f 942 944 937
f 942 937 936
f 945 936 941
f 946 947 948
f 946 948 943
f 946 943 942
f 949 945 941
f 950 927 947
f 950 947 946
f 951 927 950
f 952 951 953
f 952 953 954
f 952 954 955
f 952 955 956
f 957 958 959
f 957 959 960
f 961 962 963
f 964 952 956
f 965 958 957
f 966 952 964
f 967 965 957
f 968 967 957
f 969 952 966
f 970 967 968
f 971 952 969
f 972 952 971
f 973 974 975
f 976 974 973
f 976 977 974
f 978 977 976
f 978 979 977
f 980 978 976
f 980 976 981
f 982 978 980
f 983 970 968
f 983 984 985
f 983 985 970
f 986 982 980
f 987 988 989
f 987 982 986
f 987 989 990
f 987 990 991
f 987 991 992
f 987 992 993
f 987 993 982
f 961 930 962
f 941 957 994
f 994 957 960
f 941 994 995
f 941 995 996
f 941 996 949
f 987 952 997
f 997 952 972
f 987 997 988
f 952 847 856
f 952 856 905
f 952 905 951
f 951 905 904
f 951 904 927
f 931 876 883
f 931 883 932
f 929 962 930
f 784 998 832
f 782 784 832
f 40 999 47
f 45 47 999
f 39 999 40
f 34 999 39
f 33 999 34
f 28 999 33
f 27 999 28
f 22 999 27
f 1000 1001 1002
f 1000 1003 1001
f 1000 1004 1003
f 1000 1005 1004
f 1000 1006 1005
f 1000 1007 1006
f 1000 1008 1007
f 1009 1008 1000
f 1010 1009 1000
f 1011 3 1012
f 1011 8 3
f 1011 9 8
f 1011 10 9
f 1011 15 10
f 1011 16 15
f 1011 21 16
f 1011 22 21
f 1011 999 22
f 1013 1010 1000
f 1013 1014 1010
f 1013 1015 1014
f 1013 1016 1015
f 1013 1017 1016
f 1013 1012 1017
f 1013 1018 1011
f 1013 1019 1018
f 1013 1011 1012
f 45 999 1020
f 46 45 1020
f 55 46 1020
f 51 55 1020
f 49 51 1020
f 1021 1022 1023
f 1021 1023 49
f 1021 49 1020
f 1024 1022 1021
f 1002 1024 1021
f 1000 1002 1021
f 1025 522 1026
f 1027 522 1025
f 1028 522 1027
f 1029 522 1028
f 1029 520 522
f 1030 520 1029
f 263 520 1030
f 521 520 263
f 884 261 260
f 884 263 261
f 890 263 884
f 890 521 263
f 909 521 890
f 909 555 521
f 935 555 909
f 935 554 555
f 934 554 935
f 934 552 554
f 933 552 934
f 933 553 552
f 932 504 553
f 932 553 933
f 883 503 504
f 883 504 932
f 878 502 503
f 878 503 883
f 877 494 502
f 877 502 878
f 867 490 494
f 867 494 877
f 866 496 490
f 866 490 867
f 875 471 496
f 875 496 866
f 895 469 471
f 895 471 875
f 897 466 469
f 897 469 895
f 900 463 466
f 900 466 897
f 905 460 463
f 905 463 900
f 856 456 460
f 856 460 905
f 854 454 456
f 854 456 856
f 852 452 454
f 852 454 854
f 850 450 452
f 850 452 852
f 846 449 450
f 846 450 850
f 848 449 846
f 848 448 449
f 849 448 848
f 849 451 448
f 851 451 849
f 851 453 451
f 853 453 851
f 853 455 453
f 855 459 455
f 855 455 853
f 857 478 459
f 857 459 855
f 864 477 478
f 864 478 857
f 863 476 477
f 863 477 864
f 862 475 476
f 862 476 863
f 861 473 475
f 861 475 862
f 860 474 473
f 860 473 861
f 859 479 474
f 859 474 860
f 175 481 479
f 175 479 859
f 1031 481 175
f 1032 481 1031
f 893 176 175
f 893 173 176
f 893 175 859
f 892 174 173
f 892 170 174
f 892 171 170
f 892 172 171
f 892 173 893
f 1033 609 1034
f 1035 609 1033
f 1036 609 1035
f 1037 609 1036
f 1037 607 609
f 1038 607 1037
f 287 607 1038
f 608 607 287
f 978 286 285
f 978 287 286
f 982 287 978
f 982 608 287
f 993 608 982
f 993 616 608
f 992 616 993
f 992 615 616
f 991 615 992
f 991 614 615
f 990 614 991
f 990 613 614
f 989 613 990
f 989 611 613
f 988 611 989
f 988 612 611
f 997 612 988
f 997 619 612
f 972 619 997
f 972 620 619
f 971 620 972
f 971 594 620
f 969 594 971
f 969 591 594
f 966 591 969
f 966 589 591
f 964 589 966
f 964 580 589
f 956 580 964
f 956 579 580
f 955 578 579
f 955 579 956
f 954 576 578
f 954 578 955
f 953 574 576
f 953 576 954
f 951 571 574
f 951 574 953
f 950 567 571
f 950 571 951
f 946 564 567
f 946 567 950
f 942 556 564
f 942 564 946
f 936 556 942
f 936 561 556
f 945 561 936
f 945 566 561
f 949 566 945
f 949 570 566
f 996 570 949
f 996 618 570
f 995 618 996
f 995 617 618
f 994 617 995
f 994 585 617
f 960 585 994
f 960 584 585
f 959 584 960
f 959 582 584
f 958 582 959
f 958 583 582
f 965 583 958
f 965 590 583
f 967 590 965
f 967 592 590
f 970 592 967
f 970 595 592
f 219 595 970
f 219 597 595
f 1039 597 219
f 1040 597 1039
f 985 220 219
f 985 215 220
f 985 219 970
f 984 216 215
f 984 217 216
f 984 212 217
f 984 213 212
f 984 215 985
f 829 1041 830
f 1042 829 1019
f 1013 1042 1019
f 1042 1041 829
f 830 780 781
f 1041 780 830
f 470 809 514
f 470 831 809
f 547 817 1043
f 547 814 817
f 546 814 547
f 1044 931 836
f 1044 836 1045
f 876 931 1044
f 1046 876 1044
f 833 1047 1048
f 551 1047 833
f 501 1046 1049
f 501 1049 1047
f 501 876 1046
f 501 1047 551
f 833 1048 836
f 1048 1045 836
f 523 879 500
f 523 910 879
f 207 957 941
f 207 205 957
f 203 957 205
f 209 207 941
f 201 1050 957
f 201 957 203
f 211 209 941
f 199 1050 201
f 214 211 941
f 197 1050 199
f 218 941 562
f 218 214 941
f 195 1050 197
f 1051 218 562
f 193 1050 195
f 1052 1051 562
f 191 1050 193
f 1053 1052 562
f 189 1050 191
f 1054 1053 562
f 187 1050 189
f 185 1050 187
f 1055 1056 1057
f 1055 1057 1058
f 1055 1058 1059
f 1055 1059 1060
f 1055 1060 1061
f 1055 1061 1062
f 1055 1062 1063
f 1055 1063 1064
f 581 1064 1065
f 581 1065 1066
f 581 1066 1054
f 581 1054 562
f 581 1055 1064
f 89 930 87
f 85 930 961
f 85 87 930
f 91 930 89
f 83 961 1067
f 83 85 961
f 93 930 91
f 81 83 1067
f 95 930 93
f 79 81 1067
f 97 930 95
f 77 79 1067
f 75 77 1067
f 72 75 1067
f 73 72 1067
f 70 73 1067
f 550 1068 1069
f 550 1070 1068
f 550 1071 1070
f 550 1072 1071
f 550 1073 1072
f 550 97 1073
f 550 930 97
f 67 70 1067
f 1074 550 1069
f 68 67 1067
f 1075 550 1074
f 64 68 1067
f 65 64 1067
f 586 1076 1077
f 586 1075 1076
f 586 550 1075
f 1078 1079 1080
f 1078 1081 1079
f 1078 1082 1081
f 1078 1083 1082
f 1078 1084 1083
f 1078 1085 1084
f 1078 1086 1085
f 1078 1077 1086
f 1078 586 1077
f 1087 1088 1089
f 1090 1088 1087
f 1091 1092 1090
f 1091 1090 1087
f 1093 1087 962
f 1093 1094 1087
f 1095 1093 962
f 929 1095 962
f 1091 1096 1097
f 588 1097 1098
f 588 1091 1097
f 540 1098 1095
f 540 1095 929
f 540 588 1098
f 1091 1087 1094
f 1091 1094 1096
f 1020 986 980
f 277 980 278
f 276 980 277
f 275 980 276
f 274 980 275
f 273 1020 980
f 273 980 274
f 272 1020 273
f 271 1020 272
f 270 1020 271
f 269 1020 270
f 268 1020 269
f 267 1020 268
f 266 1020 267
f 264 1020 266
f 265 1020 264
f 609 1099 1100
f 609 1100 1101
f 609 1101 1102
f 609 1102 1103
f 609 1103 1104
f 609 1104 1105
f 609 1105 1034
f 1021 265 1106
f 1021 1106 1107
f 1021 1107 1108
f 1021 1108 1109
f 1021 1109 1110
f 1021 1110 1111
f 1021 1111 1112
f 1021 1112 1113
f 1021 1113 1114
f 1021 1114 1099
f 1021 1099 609
f 606 1021 609
f 1020 265 1021
f 984 983 840
f 186 188 840
f 190 840 188
f 184 186 840
f 192 840 190
f 182 184 840
f 194 840 192
f 180 182 840
f 196 840 194
f 178 180 840
f 198 984 840
f 198 840 196
f 200 984 198
f 202 984 200
f 204 984 202
f 206 984 204
f 208 984 206
f 210 984 208
f 213 984 210
f 837 1115 1116
f 837 1116 1117
f 837 1117 1118
f 837 1118 1119
f 837 1119 1120
f 837 1120 1121
f 837 1121 1122
f 837 1122 1123
f 837 1123 178
f 603 837 605
f 603 1124 1125
f 603 1125 1126
f 603 1126 1127
f 603 1127 1128
f 603 1128 1115
f 603 1115 837
f 837 178 840
f 892 891 841
f 157 158 841
f 159 841 158
f 156 157 841
f 160 841 159
f 155 156 841
f 161 841 160
f 153 155 841
f 162 841 161
f 154 153 841
f 163 892 841
f 163 841 162
f 164 892 163
f 165 892 164
f 166 892 165
f 167 892 166
f 168 892 167
f 169 892 168
f 172 892 169
f 842 1129 1130
f 842 1130 1131
f 842 1131 1132
f 842 1132 1133
f 842 1133 1134
f 842 1134 1135
f 842 1135 1136
f 842 1136 1137
f 842 1137 154
f 488 842 505
f 488 1138 1139
f 488 1139 1140
f 488 1140 1141
f 488 1141 1142
f 488 1142 1129
f 488 1129 842
f 842 154 841
f 834 908 889
f 247 889 249
f 245 889 247
f 243 889 245
f 241 889 243
f 239 834 889
f 239 889 241
f 237 834 239
f 235 834 237
f 233 834 235
f 231 834 233
f 229 834 231
f 227 834 229
f 225 834 227
f 221 834 225
f 223 834 221
f 522 1143 1144
f 522 1144 1145
f 522 1145 1146
f 522 1146 1147
f 522 1147 1148
f 522 1148 1149
f 522 1149 1026
f 835 223 1150
f 835 1150 1151
f 835 1151 1152
f 835 1152 1153
f 835 1153 1154
f 835 1154 1155
f 835 1155 1156
f 835 1156 1157
f 835 1157 1158
f 835 1158 1143
f 835 1143 522
f 519 835 522
f 834 223 835
f 66 1159 69
f 71 1159 1160
f 71 69 1159
f 63 1159 66
f 74 71 1160
f 61 1159 63
f 76 74 1160
f 59 1159 61
f 78 76 1160
f 56 1159 59
f 80 78 1160
f 1161 56 1162
f 1161 1159 56
f 82 80 1160
f 1163 1161 1162
f 84 82 1160
f 1164 1161 1163
f 1165 1161 1164
f 1166 1161 1165
f 1167 1161 1166
f 1168 86 84
f 1168 88 86
f 1168 90 88
f 1168 92 90
f 1168 84 1160
f 94 92 1168
f 96 94 1168
f 1169 1170 1171
f 1169 1172 1170
f 1169 1173 1172
f 1169 1174 1173
f 1169 1175 1174
f 1169 1167 1175
f 1169 1161 1167
f 1176 96 1168
f 1176 1177 96
f 1176 1178 1177
f 1176 1179 1178
f 1176 1180 1179
f 1176 1181 1180
f 1176 1171 1181
f 1176 1169 1171
f 1159 1093 1160
f 1159 1094 1093
f 1096 1159 1161
f 1096 1094 1159
f 1169 1096 1161
f 1169 1097 1096
f 1176 1097 1169
f 1176 1098 1097
f 1176 1168 1095
f 1176 1095 1098
f 1093 1095 1168
f 1160 1093 1168
f 250 1182 248
f 253 1182 250
f 246 1182 1183
f 246 248 1182
f 256 1182 253
f 244 246 1183
f 259 1182 256
f 242 244 1183
f 262 1182 259
f 240 242 1183
f 238 240 1183
f 1184 262 1185
f 1184 1182 262
f 236 238 1183
f 1186 1184 1185
f 234 236 1183
f 1187 1184 1186
f 1188 1184 1187
f 1189 1184 1188
f 1190 1184 1189
f 1191 232 234
f 1191 230 232
f 1191 228 230
f 1191 226 228
f 1191 234 1183
f 224 226 1191
f 222 224 1191
f 1192 1193 1194
f 1192 1195 1193
f 1192 1196 1195
f 1192 1197 1196
f 1192 1198 1197
f 1192 1190 1198
f 1192 1184 1190
f 1199 222 1191
f 1199 1200 222
f 1199 1192 1194
f 1199 1201 1200
f 1199 1202 1201
f 1199 1203 1202
f 1199 1204 1203
f 1199 1194 1204
f 1047 1199 1048
f 1047 1192 1199
f 1199 1191 1045
f 1199 1045 1048
f 1045 1183 1044
f 1045 1191 1183
f 1044 1182 1046
f 1044 1183 1182
f 1049 1182 1184
f 1049 1046 1182
f 1049 1192 1047
f 1049 1184 1192
f 516 910 523
f 516 907 910
f 539 930 550
f 539 928 930
f 1038 2 287
f 1037 1205 2
f 1037 2 1038
f 1036 1205 1037
f 1035 1206 1205
f 1035 1205 1036
f 1033 1206 1035
f 1034 1206 1033
f 1105 1207 1206
f 1105 1206 1034
f 1104 1208 1207
f 1104 1207 1105
f 1103 1209 1208
f 1103 1208 1104
f 1102 1210 1209
f 1102 1209 1103
f 1101 1211 1210
f 1101 1210 1102
f 1100 1212 1211
f 1100 1211 1101
f 1099 1213 1212
f 1099 1212 1100
f 1114 1214 1213
f 1114 1213 1099
f 1113 1215 1214
f 1113 1214 1114
f 1112 1216 1215
f 1112 1215 1113
f 1111 1216 1112
f 1111 1217 1216
f 1110 1217 1111
f 1110 1218 1217
f 1109 1218 1110
f 1109 1219 1218
f 1108 1219 1109
f 1108 1220 1219
f 1107 1220 1108
f 1107 1221 1220
f 1106 1221 1107
f 1106 50 1221
f 265 50 1106
f 1030 262 263
f 1030 1185 262
f 1029 1185 1030
f 1028 1185 1029
f 1027 1186 1185
f 1027 1185 1028
f 1025 1186 1027
f 1026 1186 1025
f 1149 1187 1186
f 1149 1186 1026
f 1148 1188 1187
f 1148 1187 1149
f 1147 1189 1188
f 1147 1188 1148
f 1146 1190 1189
f 1146 1189 1147
f 1145 1198 1190
f 1145 1190 1146
f 1144 1197 1198
f 1144 1198 1145
f 1143 1196 1197
f 1143 1197 1144
f 1158 1195 1196
f 1158 1196 1143
f 1157 1193 1195
f 1157 1195 1158
f 1156 1194 1193
f 1156 1193 1157
f 1155 1194 1156
f 1155 1204 1194
f 1154 1204 1155
f 1154 1203 1204
f 1153 1203 1154
f 1153 1202 1203
f 1152 1202 1153
f 1152 1201 1202
f 1151 1201 1152
f 1151 1200 1201
f 1150 1200 1151
f 1150 222 1200
f 223 222 1150
f 218 1039 219
f 1051 1040 1039
f 1051 1222 1040
f 1051 1039 218
f 1052 1223 1224
f 1052 1224 1222
f 1052 1222 1051
f 1053 1225 1226
f 1053 1226 1223
f 1053 1223 1052
f 1054 1124 1227
f 1054 1227 1225
f 1054 1225 1053
f 1066 1125 1124
f 1066 1124 1054
f 1065 1126 1125
f 1065 1125 1066
f 1064 1127 1126
f 1064 1126 1065
f 1063 1128 1127
f 1063 1127 1064
f 1062 1115 1128
f 1062 1128 1063
f 1061 1116 1115
f 1061 1115 1062
f 1060 1116 1061
f 1060 1117 1116
f 1059 1117 1060
f 1059 1118 1117
f 1058 1118 1059
f 1058 1119 1118
f 1057 1119 1058
f 1057 1120 1119
f 1056 1120 1057
f 1056 1121 1120
f 1228 1121 1056
f 1228 1122 1121
f 1229 1122 1228
f 1229 1123 1122
f 1230 1123 1229
f 1230 178 1123
f 179 178 1230
f 148 1031 175
f 1231 1032 1031
f 1231 1232 1032
f 1231 1031 148
f 1233 1234 1235
f 1233 1235 1232
f 1233 1232 1231
f 1236 1237 1238
f 1236 1238 1234
f 1236 1234 1233
f 1239 1138 1240
f 1239 1240 1237
f 1239 1237 1236
f 1241 1139 1138
f 1241 1138 1239
f 1242 1140 1139
f 1242 1139 1241
f 1243 1141 1140
f 1243 1140 1242
f 1244 1142 1141
f 1244 1141 1243
f 1245 1129 1142
f 1245 1142 1244
f 1246 1130 1129
f 1246 1129 1245
f 1247 1131 1130
f 1247 1130 1246
f 1248 1131 1247
f 1248 1132 1131
f 1249 1132 1248
f 1249 1133 1132
f 1250 1133 1249
f 1250 1134 1133
f 1251 1134 1250
f 1251 1135 1134
f 1252 1135 1251
f 1252 1136 1135
f 1253 1136 1252
f 1253 1137 1136
f 101 1137 1253
f 101 154 1137
f 1254 1231 148
f 1254 1233 1231
f 1254 1236 1233
f 1255 150 762
f 1255 762 763
f 1255 763 764
f 1255 148 150
f 1255 1254 148
f 1256 1239 1236
f 1256 1241 1239
f 1256 1236 1254
f 1257 1255 764
f 1257 764 765
f 1257 765 766
f 1257 1254 1255
f 1257 1256 1254
f 1258 1242 1241
f 1258 1243 1242
f 1258 1241 1256
f 1259 766 767
f 1259 767 769
f 1259 1256 1257
f 1259 1257 766
f 1259 1258 1256
f 1260 1244 1243
f 1260 1245 1244
f 1260 1243 1258
f 1261 769 770
f 1261 770 771
f 1261 1258 1259
f 1261 1259 769
f 1261 1260 1258
f 1262 1246 1245
f 1262 1247 1246
f 1262 1245 1260
f 1263 771 772
f 1263 772 773
f 1263 1261 771
f 1263 1262 1260
f 1263 1260 1261
f 1264 1247 1262
f 1264 1262 1263
f 1264 1248 1247
f 1264 1249 1248
f 1265 773 774
f 1265 774 775
f 1265 1263 773
f 1265 1264 1263
f 1266 1250 1249
f 1266 1251 1250
f 1266 1249 1264
f 1267 777 845
f 1267 775 776
f 1267 776 777
f 1267 1265 775
f 1267 1266 1264
f 1267 1264 1265
f 1268 843 99
f 1268 1252 1251
f 1268 1253 1252
f 1268 101 1253
f 1268 99 101
f 1268 1251 1266
f 1269 844 843
f 1269 845 844
f 1269 1268 1266
f 1269 1267 845
f 1269 1266 1267
f 1269 843 1268
f 96 1072 1073
f 96 1073 97
f 1177 1071 1072
f 1177 1072 96
f 1178 1068 1070
f 1178 1070 1071
f 1178 1071 1177
f 1179 1069 1068
f 1179 1068 1178
f 1180 1074 1069
f 1180 1069 1179
f 1181 1075 1074
f 1181 1074 1180
f 1171 1076 1075
f 1171 1075 1181
f 1170 1077 1076
f 1170 1076 1171
f 1172 1086 1077
f 1172 1077 1170
f 1173 1085 1086
f 1173 1086 1172
f 1174 1084 1085
f 1174 1085 1173
f 1175 1082 1083
f 1175 1083 1084
f 1175 1084 1174
f 1167 1081 1082
f 1167 1082 1175
f 1166 1081 1167
f 1166 1079 1081
f 1165 1079 1166
f 1165 1080 1079
f 1164 1080 1165
f 1164 1270 1080
f 1163 1270 1164
f 1163 1271 1270
f 1162 1271 1163
f 1162 1272 1271
f 56 1272 1162
f 56 58 1272
f 1273 49 1023
f 1273 50 49
f 1273 1221 50
f 1273 1220 1221
f 1273 1219 1220
f 1274 1022 1024
f 1274 1023 1022
f 1274 1273 1023
f 1275 1219 1273
f 1275 1218 1219
f 1275 1217 1218
f 1276 1002 1001
f 1276 1001 1003
f 1276 1273 1274
f 1276 1024 1002
f 1276 1274 1024
f 1276 1275 1273
f 1277 1275 1276
f 1277 1216 1217
f 1277 1215 1216
f 1277 1217 1275
f 1278 1003 1004
f 1278 1004 1005
f 1278 1277 1276
f 1278 1276 1003
f 1279 1214 1215
f 1279 1213 1214
f 1279 1215 1277
f 1280 1005 1006
f 1280 1006 1007
f 1280 1278 1005
f 1280 1279 1277
f 1280 1277 1278
f 1281 1212 1213
f 1281 1211 1212
f 1281 1213 1279
f 1282 1007 1008
f 1282 1008 1009
f 1282 1280 1007
f 1282 1281 1279
f 1282 1279 1280
f 1283 1210 1211
f 1283 1209 1210
f 1283 1281 1282
f 1283 1211 1281
f 1284 1009 1010
f 1284 1010 1014
f 1284 1282 1009
f 1284 1283 1282
f 1285 1208 1209
f 1285 1207 1208
f 1285 1209 1283
f 1286 1014 1015
f 1286 1015 1016
f 1286 1283 1284
f 1286 1285 1283
f 1286 1284 1014
f 1287 1206 1207
f 1287 1205 1206
f 1287 2 1205
f 1287 1207 1285
f 1288 1287 1285
f 1288 1286 1016
f 1288 1016 1017
f 1288 1017 1012
f 1288 1012 3
f 1288 2 1287
f 1288 3 2
f 1288 1285 1286
f 840 968 838
f 983 968 840
f 1089 962 1087
f 1089 963 962
f 931 908 834
f 931 834 836
f 1021 610 1000
f 1021 606 610
f 1013 545 1042
f 610 545 1013
f 1000 610 1013
f 839 605 837
f 839 593 605
f 1092 588 587
f 1092 1091 588
f 519 551 833
f 835 519 833
f 472 505 842
f 768 472 842
f 757 472 768
f 757 445 472
f 778 445 757
f 841 858 761
f 891 858 841
f 858 847 758
f 858 758 761
f 987 986 1020
f 987 1020 999
f 784 758 847
f 1011 987 999
f 952 987 1011
f 784 952 998
f 847 952 784
f 1011 998 952
f 832 998 1289
f 798 1289 813
f 798 832 1289
f 813 1289 821
f 1011 1018 998
f 1289 998 1018
f 1019 1289 1018
f 829 821 1289
f 829 1289 1019
f 783 787 779
f 783 779 760
f 759 783 760
f 784 783 759
f 1290 1291 1292
f 1293 1290 1292
f 1294 1293 1292
f 1294 1292 1295
f 1296 1294 1295
f 1296 1295 1297
f 1298 1296 1297
f 1298 1297 1299
f 1298 1299 1300
f 1301 1298 1300
f 1301 1300 1291
f 1290 1301 1291
f 315 317 1291
f 319 1291 317
f 313 1291 1300
f 313 315 1291
f 311 313 1300
f 322 1291 319
f 309 311 1300
f 321 1291 322
f 307 309 1300
f 325 1291 321
f 305 307 1300
f 1292 325 724
f 1292 1291 325
f 303 305 1300
f 726 1292 724
f 301 303 1300
f 728 1292 726
f 730 1292 728
f 732 1292 730
f 734 1292 732
f 1299 299 301
f 1299 297 299
f 1299 295 297
f 1299 293 295
f 1299 301 1300
f 291 293 1299
f 289 291 1299
f 1295 742 746
f 1295 743 742
f 1295 738 743
f 1295 739 738
f 1295 736 739
f 1295 734 736
f 1295 1292 734
f 1297 289 1299
f 1297 1295 746
f 1297 754 289
f 1297 755 754
f 1297 752 755
f 1297 750 752
f 1297 748 750
f 1297 746 748
f 1302 1303 1304
f 1305 1302 1304
f 1306 1305 1304
f 1306 1304 1307
f 1308 1306 1307
f 1308 1307 1309
f 1310 1308 1309
f 1310 1309 1311
f 1310 1311 1312
f 1313 1310 1312
f 1313 1312 1303
f 1302 1313 1303
f 353 355 1303
f 357 1303 355
f 351 1303 1312
f 351 353 1303
f 349 351 1312
f 360 1303 357
f 347 349 1312
f 359 1303 360
f 345 347 1312
f 363 1303 359
f 343 345 1312
f 1304 363 690
f 1304 1303 363
f 341 343 1312
f 692 1304 690
f 339 341 1312
f 694 1304 692
f 696 1304 694
f 698 1304 696
f 700 1304 698
f 1311 337 339
f 1311 335 337
f 1311 333 335
f 1311 331 333
f 1311 339 1312
f 329 331 1311
f 327 329 1311
f 1307 708 712
f 1307 709 708
f 1307 704 709
f 1307 705 704
f 1307 702 705
f 1307 700 702
f 1307 1304 700
f 1309 1307 712
f 1309 720 327
f 1309 721 720
f 1309 718 721
f 1309 716 718
f 1309 714 716
f 1309 712 714
f 1309 327 1311
f 1314 1315 1316
f 1314 1316 1317
f 1318 1314 1317
f 1318 1317 1319
f 1320 1318 1319
f 1320 1319 1321
f 1322 1320 1321
f 1322 1321 1323
f 1324 1322 1323
f 1325 1322 1324
f 1316 1325 1324
f 1315 1325 1316
f 393 1316 391
f 395 1316 393
f 389 1316 1324
f 389 391 1316
f 398 1316 395
f 387 389 1324
f 397 1316 398
f 385 387 1324
f 401 1316 397
f 383 385 1324
f 381 383 1324
f 1317 401 656
f 1317 1316 401
f 658 1317 656
f 379 381 1324
f 660 1317 658
f 377 379 1324
f 662 1317 660
f 664 1317 662
f 666 1317 664
f 1323 375 377
f 1323 373 375
f 1323 371 373
f 1323 369 371
f 1323 377 1324
f 367 369 1323
f 365 367 1323
f 1319 674 678
f 1319 675 674
f 1319 670 675
f 1319 671 670
f 1319 668 671
f 1319 666 668
f 1319 1317 666
f 1321 1319 678
f 1321 686 365
f 1321 687 686
f 1321 684 687
f 1321 682 684
f 1321 680 682
f 1321 678 680
f 1321 365 1323
f 1326 1327 1328
f 1326 1328 1329
f 1330 1326 1329
f 1330 1329 1331
f 1332 1330 1331
f 1332 1331 1333
f 1334 1332 1333
f 1335 1332 1334
f 1336 1335 1334
f 1337 1335 1336
f 1328 1337 1336
f 1327 1337 1328
f 431 1328 429
f 427 1328 1336
f 427 429 1328
f 433 1328 431
f 436 1328 433
f 425 427 1336
f 435 1328 436
f 423 425 1336
f 439 1328 435
f 421 423 1336
f 419 421 1336
f 1329 439 622
f 1329 1328 439
f 624 1329 622
f 417 419 1336
f 626 1329 624
f 415 417 1336
f 628 1329 626
f 630 1329 628
f 632 1329 630
f 1334 413 415
f 1334 411 413
f 1334 409 411
f 1334 407 409
f 1334 415 1336
f 405 407 1334
f 403 405 1334
f 1331 640 644
f 1331 641 640
f 1331 636 641
f 1331 637 636
f 1331 634 637
f 1331 632 634
f 1331 1329 632
f 1333 403 1334
f 1333 1331 644
f 1333 652 403
f 1333 653 652
f 1333 650 653
f 1333 648 650
f 1333 646 648
f 1333 644 646
f 441 446 442
f 797 447 446
f 797 446 441
f 796 457 447
f 796 447 797
f 794 458 457
f 794 457 796
f 792 461 458
f 792 458 794
f 790 462 461
f 790 461 792
f 789 464 462
f 789 462 790
f 788 465 464
f 788 464 789
f 791 467 465
f 791 465 788
f 793 468 467
f 793 467 791
f 795 468 793
f 831 470 468
f 831 468 795
f 809 544 514
f 808 544 809
f 807 565 544
f 807 544 808
f 806 568 565
f 806 569 568
f 806 565 807
f 805 572 569
f 805 569 806
f 804 573 572
f 804 572 805
f 803 575 573
f 803 573 804
f 802 577 575
f 802 575 803
f 801 548 577
f 801 577 802
f 800 549 548
f 800 548 801
f 799 546 549
f 799 549 800
f 814 546 799
f 1124 603 604
f 1227 604 602
f 1227 1124 604
f 1225 602 601
f 1225 1227 602
f 1226 601 599
f 1226 1225 601
f 1223 599 600
f 1223 1226 599
f 1224 600 596
f 1224 1223 600
f 1222 596 598
f 1222 1224 596
f 1040 598 597
f 1040 1222 598
f 979 978 285
f 979 285 284
f 977 284 283
f 977 979 284
f 974 283 282
f 974 977 283
f 975 282 281
f 975 974 282
f 973 281 280
f 973 975 281
f 976 280 279
f 976 973 280
f 981 279 278
f 981 976 279
f 980 981 278
f 885 884 260
f 885 260 258
f 880 258 257
f 880 885 258
f 881 257 255
f 881 880 257
f 882 255 254
f 882 881 255
f 887 254 252
f 887 882 254
f 888 252 251
f 888 887 252
f 886 251 249
f 886 888 251
f 889 886 249
f 1138 488 487
f 1240 487 485
f 1240 1138 487
f 1237 485 486
f 1237 1240 485
f 1238 486 484
f 1238 1237 486
f 1234 484 480
f 1234 1238 484
f 1235 480 483
f 1235 1234 480
f 1232 483 482
f 1232 1235 483
f 1032 482 481
f 1032 1232 482
f 501 873 876
f 499 871 873
f 499 873 501
f 497 869 871
f 497 871 499
f 493 868 869
f 493 869 497
f 489 865 868
f 489 868 493
f 491 870 865
f 491 865 489
f 492 872 870
f 492 870 491
f 495 874 872
f 495 872 492
f 498 879 874
f 498 874 495
f 500 879 498
f 513 921 904
f 517 917 921
f 517 921 513
f 518 912 917
f 518 917 517
f 526 913 912
f 526 912 518
f 525 915 913
f 525 913 526
f 528 915 525
f 531 919 915
f 531 923 919
f 531 915 528
f 534 923 531
f 537 926 923
f 537 923 534
f 540 929 926
f 540 926 537
f 902 513 904
f 902 511 513
f 899 509 511
f 899 511 902
f 894 506 509
f 894 509 899
f 896 507 506
f 896 506 894
f 898 508 507
f 898 507 896
f 901 510 508
f 901 508 898
f 903 512 510
f 903 515 512
f 903 510 901
f 906 515 903
f 907 516 515
f 907 515 906
f 924 535 538
f 924 538 927
f 920 532 535
f 920 535 924
f 916 529 532
f 916 532 920
f 911 524 529
f 911 529 916
f 914 527 524
f 914 524 911
f 918 530 527
f 918 527 914
f 922 533 530
f 922 530 918
f 925 536 533
f 925 533 922
f 928 539 536
f 928 536 925
f 940 562 941
f 940 563 562
f 939 557 563
f 939 563 940
f 938 558 557
f 938 557 939
f 937 559 558
f 937 558 938
f 944 560 559
f 944 559 937
f 943 543 560
f 943 560 944
f 948 542 543
f 948 543 943
f 947 541 542
f 947 542 948
f 927 538 541
f 927 541 947
f 1092 1078 1090
f 587 586 1078
f 587 1078 1092
f 1089 1088 1067
f 963 1067 961
f 963 1089 1067
f 1080 1090 1078
f 1270 1090 1080
f 1271 1090 1270
f 1272 1090 1271
f 58 1090 1272
f 1088 62 65
f 1088 60 62
f 1088 57 60
f 1088 58 57
f 1088 1090 58
f 1067 1088 65
f 968 957 1050
f 838 968 1050
f 1056 1055 839
f 1228 1056 839
f 1229 1228 839
f 838 181 177
f 838 183 181
f 838 185 183
f 838 1050 185
f 838 179 839
f 179 1230 839
f 1230 1229 839
f 838 177 179
f 593 1055 581
f 839 1055 593
f 1337 780 1335
f 1332 1335 780
f 1298 1337 1327
f 1322 1332 780
f 1301 1337 1298
f 1301 780 1337
f 1325 1330 1332
f 1325 1326 1330
f 1325 1332 1322
f 1041 1322 780
f 1296 1327 1326
f 1296 1298 1327
f 1320 1322 1041
f 1315 1326 1325
f 1294 1296 1326
f 1294 1326 1315
f 1318 1320 1041
f 1310 1315 1314
f 1313 1294 1315
f 1313 1315 1310
f 778 1301 1290
f 1308 1314 1318
f 1308 1310 1314
f 1338 1339 1293
f 1340 1293 1339
f 1341 1338 1293
f 1342 1293 1340
f 1343 1293 1342
f 1344 1341 1293
f 1345 1293 1343
f 1345 1290 1293
f 444 1290 1345
f 444 778 1290
f 1346 1344 1293
f 1346 1293 1294
f 1347 1346 1294
f 1347 1294 1313
f 1348 1347 1313
f 1349 1348 1313
f 1349 1313 1302
f 1350 1349 1302
f 1306 1308 1318
f 1351 1350 1302
f 1352 1351 1302
f 1353 1352 1302
f 1354 1353 1302
f 1043 1302 1305
f 1043 1354 1302
f 440 778 444
f 440 445 778
f 1042 547 1043
f 1042 1305 1306
f 1042 1043 1305
f 545 547 1042
f 1042 1306 1041
f 1306 1318 1041
f 780 1301 778
f 824 1043 817
f 824 1354 1043
f 823 1353 1354
f 823 1354 824
f 822 1352 1353
f 822 1353 823
f 826 1351 1352
f 826 1352 822
f 825 1350 1351
f 825 1351 826
f 827 1349 1350
f 827 1350 825
f 828 1348 1349
f 828 1349 827
f 820 1347 1348
f 820 1348 828
f 819 1346 1347
f 819 1347 820
f 818 1344 1346
f 818 1346 819
f 816 1341 1344
f 816 1344 818
f 815 1338 1341
f 815 1341 816
f 812 1339 1338
f 812 1340 1339
f 812 1338 815
f 811 1342 1340
f 811 1340 812
f 810 1342 811
f 810 1343 1342
f 810 1345 1343
f 443 1345 810
f 443 444 1345
f 1355 1356 1357
f 1358 1359 1356
f 1358 1356 1355
f 1360 1361 1359
f 1360 1359 1358
f 1362 1363 1361
f 1362 1361 1360
f 1364 1365 1363
f 1364 1363 1362
f 1366 1367 1365
f 1366 1365 1364
f 1368 1369 1367
f 1368 1367 1366
f 1370 1371 1369
f 1370 1369 1368
f 1372 1371 1370
f 1372 1373 1371
f 1374 1373 1372
f 1374 1375 1373
f 1376 1375 1374
f 1376 1377 1375
f 1378 1377 1376
f 1378 1379 1377
f 1380 1379 1378
f 1380 1381 1379
f 1382 1381 1380
f 1382 1383 1381
f 1384 1383 1382
f 1384 1385 1383
f 1386 1385 1384
f 1386 1387 1385
f 1388 1387 1386
f 1388 1389 1387
f 1390 1389 1388
f 1390 1391 1389
f 1392 1391 1390
f 1393 1391 1392
f 1393 1394 1391
f 1395 1396 1397
f 1395 1397 1394
f 1395 1394 1393
f 1398 1396 1395
f 1399 1396 1398
f 1399 1400 1401
f 1399 1401 1396
f 1402 1400 1399
f 1403 1400 1402
f 1403 1404 1400
f 1405 1404 1403
f 1405 1406 1404
f 1407 1406 1405
f 1407 1408 1406
f 1409 1408 1407
f 1409 1410 1408
f 1411 1410 1409
f 1411 1412 1410
f 1413 1412 1411
f 1413 1414 1412
f 1415 1414 1413
f 1415 1416 1414
f 1417 1416 1415
f 1417 1418 1416
f 1419 1418 1417
f 1419 1420 1418
f 1421 1420 1419
f 1421 1422 1420
f 1423 1422 1421
f 1423 1424 1422
f 1425 1424 1423
f 1425 1426 1424
f 1427 1426 1425
f 1427 1428 1426
f 1429 1428 1427
f 1429 1430 1428
f 1431 1430 1429
f 1431 1432 1430
f 1433 1434 1432
f 1433 1432 1431
f 1435 1436 1434
f 1435 1434 1433
f 1437 1438 1436
f 1437 1436 1435
f 1439 1440 1438
f 1439 1438 1437
f 1441 1442 1440
f 1441 1440 1439
f 1443 1444 1442
f 1443 1442 1441
f 1445 1446 1444
f 1445 1444 1443
f 1447 1448 1446
f 1447 1446 1445
f 1449 1448 1447
f 1449 1450 1448
f 1451 1450 1449
f 1451 1452 1450
f 1453 1452 1451
f 1453 1454 1452
f 1455 1454 1453
f 1455 1456 1454
f 1457 1456 1455
f 1457 1458 1456
f 1459 1458 1457
f 1459 1460 1458
f 1461 1460 1459
f 1461 1462 1460
f 1463 1464 1465
f 1466 1467 1464
f 1466 1464 1463
f 1468 1469 1467
f 1468 1467 1466
f 1470 1471 1469
f 1470 1469 1468
f 1472 1473 1471
f 1472 1471 1470
f 1474 1475 1473
f 1474 1473 1472
f 1476 1477 1475
f 1476 1475 1474
f 1478 1479 1477
f 1478 1477 1476
f 1480 1479 1478
f 1480 1481 1479
f 1482 1481 1480
f 1482 1483 1481
f 1484 1483 1482
f 1484 1485 1483
f 1486 1485 1484
f 1486 1487 1485
f 1488 1487 1486
f 1488 1489 1487
f 1490 1489 1488
f 1490 1491 1489
f 1492 1491 1490
f 1492 1493 1491
f 1494 1493 1492
f 1494 1495 1493
f 1496 1495 1494
f 1496 1497 1495
f 1498 1497 1496
f 1498 1499 1497
f 1500 1499 1498
f 1501 1499 1500
f 1501 1502 1499
f 1503 1504 1505
f 1503 1505 1502
f 1503 1502 1501
f 1506 1504 1503
f 1507 1504 1506
f 1507 1508 1509
f 1507 1509 1504
f 1510 1508 1507
f 1511 1508 1510
f 1511 1512 1508
f 1513 1512 1511
f 1513 1514 1512
f 1515 1514 1513
f 1515 1516 1514
f 1517 1516 1515
f 1517 1518 1516
f 1519 1518 1517
f 1519 1520 1518
f 1521 1520 1519
f 1521 1522 1520
f 1523 1522 1521
f 1523 1524 1522
f 1525 1524 1523
f 1525 1526 1524
f 1527 1526 1525
f 1527 1528 1526
f 1529 1528 1527
f 1529 1530 1528
f 1531 1530 1529
f 1531 1532 1530
f 1533 1532 1531
f 1533 1534 1532
f 1535 1534 1533
f 1535 1536 1534
f 1537 1536 1535
f 1537 1538 1536
f 1539 1538 1537
f 1539 1540 1538
f 1541 1542 1540
f 1541 1540 1539
f 1543 1544 1542
f 1543 1542 1541
f 1545 1546 1544
f 1545 1544 1543
f 1547 1548 1546
f 1547 1546 1545
f 1549 1550 1548
f 1549 1548 1547
f 1551 1552 1550
f 1551 1550 1549
f 1553 1554 1552
f 1553 1552 1551
f 1555 1556 1554
f 1555 1554 1553
f 1557 1556 1555
f 1557 1558 1556
f 1559 1558 1557
f 1559 1560 1558
f 1561 1560 1559
f 1561 1562 1560
f 1563 1562 1561
f 1563 1564 1562
f 1565 1564 1563
f 1565 1566 1564
f 1567 1566 1565
f 1567 1568 1566
f 1569 1568 1567
f 1569 1570 1568
f 1571 1572 1573
f 1574 1575 1572
f 1574 1572 1571
f 1576 1577 1575
f 1576 1575 1574
f 1578 1579 1577
f 1578 1577 1576
f 1580 1581 1579
f 1580 1579 1578
f 1582 1583 1581
f 1582 1581 1580
f 1584 1585 1583
f 1584 1583 1582
f 1586 1587 1585
f 1586 1585 1584
f 1588 1587 1586
f 1588 1589 1587
f 1590 1589 1588
f 1590 1591 1589
f 1592 1591 1590
f 1592 1593 1591
f 1594 1593 1592
f 1594 1595 1593
f 1596 1595 1594
f 1596 1597 1595
f 1598 1597 1596
f 1598 1599 1597
f 1600 1599 1598
f 1600 1601 1599
f 1602 1601 1600
f 1602 1603 1601
f 1604 1603 1602
f 1604 1605 1603
f 1606 1605 1604
f 1606 1607 1605
f 1608 1607 1606
f 1609 1607 1608
f 1609 1610 1607
f 1611 1612 1613
f 1611 1613 1610
f 1611 1610 1609
f 1614 1612 1611
f 1615 1612 1614
f 1615 1616 1617
f 1615 1617 1612
f 1618 1616 1615
f 1619 1616 1618
f 1619 1620 1616
f 1621 1620 1619
f 1621 1622 1620
f 1623 1622 1621
f 1623 1624 1622
f 1625 1624 1623
f 1625 1626 1624
f 1627 1626 1625
f 1627 1628 1626
f 1629 1628 1627
f 1629 1630 1628
f 1631 1630 1629
f 1631 1632 1630
f 1633 1632 1631
f 1633 1634 1632
f 1635 1634 1633
f 1635 1636 1634
f 1637 1636 1635
f 1637 1638 1636
f 1639 1638 1637
f 1639 1640 1638
f 1641 1640 1639
f 1641 1642 1640
f 1643 1642 1641
f 1643 1644 1642
f 1645 1644 1643
f 1645 1646 1644
f 1647 1646 1645
f 1647 1648 1646
f 1649 1650 1648
f 1649 1648 1647
f 1651 1652 1650
f 1651 1650 1649
f 1653 1654 1652
f 1653 1652 1651
f 1655 1656 1654
f 1655 1654 1653
f 1657 1658 1656
f 1657 1656 1655
f 1659 1660 1658
f 1659 1658 1657
f 1661 1662 1660
f 1661 1660 1659
f 1663 1664 1662
f 1663 1662 1661
f 1665 1664 1663
f 1665 1666 1664
f 1667 1666 1665
f 1667 1668 1666
f 1669 1668 1667
f 1669 1670 1668
f 1671 1670 1669
f 1671 1672 1670
f 1673 1672 1671
f 1673 1674 1672
f 1675 1674 1673
f 1675 1676 1674
f 1677 1676 1675
f 1677 1678 1676
f 1679 1680 1681
f 1682 1683 1680
f 1682 1680 1679
f 1684 1685 1683
f 1684 1683 1682
f 1686 1687 1685
f 1686 1685 1684
f 1688 1689 1687
f 1688 1687 1686
f 1690 1691 1689
f 1690 1689 1688
f 1692 1693 1691
f 1692 1691 1690
f 1694 1695 1693
f 1694 1693 1692
f 1696 1695 1694
f 1696 1697 1695
f 1698 1697 1696
f 1698 1699 1697
f 1700 1699 1698
f 1700 1701 1699
f 1702 1701 1700
f 1702 1703 1701
f 1704 1703 1702
f 1704 1705 1703
f 1706 1705 1704
f 1706 1707 1705
f 1708 1707 1706
f 1708 1709 1707
f 1710 1709 1708
f 1710 1711 1709
f 1712 1711 1710
f 1712 1713 1711
f 1714 1713 1712
f 1714 1715 1713
f 1716 1715 1714
f 1717 1715 1716
f 1717 1718 1715
f 1719 1720 1721
f 1719 1721 1718
f 1719 1718 1717
f 1722 1720 1719
f 1723 1720 1722
f 1723 1724 1725
f 1723 1725 1720
f 1726 1724 1723
f 1727 1724 1726
f 1727 1728 1724
f 1729 1728 1727
f 1729 1730 1728
f 1731 1730 1729
f 1731 1732 1730
f 1733 1732 1731
f 1733 1734 1732
f 1735 1734 1733
f 1735 1736 1734
f 1737 1736 1735
f 1737 1738 1736
f 1739 1738 1737
f 1739 1740 1738
f 1741 1740 1739
f 1741 1742 1740
f 1743 1742 1741
f 1743 1744 1742
f 1745 1744 1743
f 1745 1746 1744
f 1747 1746 1745
f 1747 1748 1746
f 1749 1748 1747
f 1749 1750 1748
f 1751 1750 1749
f 1751 1752 1750
f 1753 1752 1751
f 1753 1754 1752
f 1755 1754 1753
f 1755 1756 1754
f 1757 1758 1756
f 1757 1756 1755
f 1759 1760 1758
f 1759 1758 1757
f 1761 1762 1760
f 1761 1760 1759
f 1763 1764 1762
f 1763 1762 1761
f 1765 1766 1764
f 1765 1764 1763
f 1767 1768 1766
f 1767 1766 1765
f 1769 1770 1768
f 1769 1768 1767
f 1771 1772 1770
f 1771 1770 1769
f 1773 1772 1771
f 1773 1774 1772
f 1775 1774 1773
f 1775 1776 1774
f 1777 1776 1775
f 1777 1778 1776
f 1779 1778 1777
f 1779 1780 1778
f 1781 1780 1779
f 1781 1782 1780
f 1783 1782 1781
f 1783 1784 1782
f 1785 1784 1783
f 1785 1786 1784
f 1787 1788 1789
f 1787 1789 1790
f 1791 1792 1788
f 1791 1788 1787
f 1793 1794 1792
f 1793 1792 1791
f 1795 1796 1794
f 1795 1794 1793
f 1797 1798 1796
f 1797 1796 1795
f 1799 1800 1798
f 1799 1798 1797
f 1801 1802 1800
f 1801 1800 1799
f 1803 1804 1802
f 1803 1802 1801
f 1803 1805 1804
f 1806 1805 1803
f 1807 1805 1806
f 1807 1808 1805
f 1809 1808 1807
f 1809 1810 1808
f 1811 1810 1809
f 1811 1812 1810
f 1813 1812 1811
f 1813 1814 1812
f 1815 1814 1813
f 1815 1816 1814
f 1817 1816 1815
f 1817 1818 1816
f 1819 1818 1817
f 1819 1820 1818
f 1821 1820 1819
f 1821 1822 1820
f 1823 1822 1821
f 1823 1824 1825
f 1823 1825 1822
f 1826 1824 1823
f 1827 1828 1829
f 1827 1829 1824
f 1827 1824 1826
f 1830 1828 1827
f 1831 1828 1830
f 1831 1832 1833
f 1831 1833 1828
f 1834 1832 1831
f 1835 1832 1834
f 1835 1836 1832
f 1837 1836 1835
f 1837 1838 1839
f 1837 1839 1836
f 1840 1838 1837
f 1840 1841 1838
f 1842 1841 1840
f 1843 1841 1842
f 1843 1844 1841
f 1845 1844 1843
f 1845 1846 1847
f 1845 1847 1844
f 1848 1846 1845
f 1848 1849 1846
f 1850 1849 1848
f 1851 1849 1850
f 1851 1852 1853
f 1851 1853 1849
f 1854 1852 1851
f 1855 1852 1854
f 1855 1856 1857
f 1855 1857 1852
f 1858 1856 1855
f 1859 1856 1858
f 1859 1860 1861
f 1859 1861 1856
f 1862 1860 1859
f 1863 1860 1862
f 1863 1864 1860
f 1865 1866 1864
f 1865 1864 1863
f 1867 1868 1869
f 1867 1869 1866
f 1867 1866 1865
f 1870 1868 1867
f 1871 1872 1868
f 1871 1868 1870
f 1873 1874 1872
f 1873 1872 1871
f 1875 1876 1877
f 1875 1877 1874
f 1875 1874 1873
f 1878 1876 1875
f 1879 1880 1881
f 1879 1881 1876
f 1879 1876 1878
f 1882 1880 1879
f 1883 1880 1882
f 1883 1884 1880
f 1885 1884 1883
f 1885 1886 1884
f 1887 1886 1885
f 1887 1888 1886
f 1889 1888 1887
f 1889 1890 1888
f 1891 1890 1889
f 1891 1892 1890
f 1893 1892 1891
f 1893 1894 1892
f 1895 1896 1897
f 1895 1897 1898
f 1899 1900 1896
f 1899 1896 1895
f 1901 1902 1900
f 1901 1900 1899
f 1903 1904 1902
f 1903 1902 1901
f 1905 1906 1904
f 1905 1904 1903
f 1907 1908 1906
f 1907 1906 1905
f 1909 1910 1908
f 1909 1908 1907
f 1911 1912 1910
f 1911 1910 1909
f 1911 1913 1912
f 1914 1913 1911
f 1915 1913 1914
f 1915 1916 1913
f 1917 1916 1915
f 1917 1918 1916
f 1919 1918 1917
f 1919 1920 1918
f 1921 1920 1919
f 1921 1922 1920
f 1923 1922 1921
f 1923 1924 1922
f 1925 1924 1923
f 1925 1926 1924
f 1927 1926 1925
f 1927 1928 1926
f 1929 1928 1927
f 1929 1930 1928
f 1931 1930 1929
f 1931 1932 1933
f 1931 1933 1930
f 1934 1932 1931
f 1935 1936 1937
f 1935 1937 1932
f 1935 1932 1934
f 1938 1936 1935
f 1939 1936 1938
f 1939 1940 1941
f 1939 1941 1936
f 1942 1940 1939
f 1943 1940 1942
f 1943 1944 1940
f 1945 1944 1943
f 1945 1946 1947
f 1945 1947 1944
f 1948 1946 1945
f 1948 1949 1946
f 1950 1949 1948
f 1951 1949 1950
f 1951 1952 1949
f 1953 1952 1951
f 1953 1954 1955
f 1953 1955 1952
f 1956 1954 1953
f 1956 1957 1954
f 1958 1957 1956
f 1959 1957 1958
f 1959 1960 1961
f 1959 1961 1957
f 1962 1960 1959
f 1963 1960 1962
f 1963 1964 1965
f 1963 1965 1960
f 1966 1964 1963
f 1967 1964 1966
f 1967 1968 1969
f 1967 1969 1964
f 1970 1968 1967
f 1971 1968 1970
f 1971 1972 1968
f 1973 1974 1972
f 1973 1972 1971
f 1975 1976 1977
f 1975 1977 1974
f 1975 1974 1973
f 1978 1976 1975
f 1979 1980 1976
f 1979 1976 1978
f 1981 1982 1980
f 1981 1980 1979
f 1983 1984 1985
f 1983 1985 1982
f 1983 1982 1981
f 1986 1984 1983
f 1987 1988 1989
f 1987 1989 1984
f 1987 1984 1986
f 1990 1988 1987
f 1991 1988 1990
f 1991 1992 1988
f 1993 1992 1991
f 1993 1994 1992
f 1995 1994 1993
f 1995 1996 1994
f 1997 1996 1995
f 1997 1998 1996
f 1999 1998 1997
f 1999 2000 1998
f 2001 2000 1999
f 2001 2002 2000
f 2003 2004 2005
f 2003 2005 2006
f 2007 2008 2004
f 2007 2004 2003
f 2009 2010 2008
f 2009 2008 2007
f 2011 2012 2010
f 2011 2010 2009
f 2013 2014 2012
f 2013 2012 2011
f 2015 2016 2014
f 2015 2014 2013
f 2017 2018 2016
f 2017 2016 2015
f 2019 2020 2018
f 2019 2018 2017
f 2019 2021 2020
f 2022 2021 2019
f 2023 2021 2022
f 2023 2024 2021
f 2025 2024 2023
f 2025 2026 2024
f 2027 2026 2025
f 2027 2028 2026
f 2029 2028 2027
f 2029 2030 2028
f 2031 2030 2029
f 2031 2032 2030
f 2033 2032 2031
f 2033 2034 2032
f 2035 2034 2033
f 2035 2036 2034
f 2037 2036 2035
f 2037 2038 2036
f 2039 2038 2037
f 2039 2040 2041
f 2039 2041 2038
f 2042 2040 2039
f 2043 2044 2045
f 2043 2045 2040
f 2043 2040 2042
f 2046 2044 2043
f 2047 2044 2046
f 2047 2048 2049
f 2047 2049 2044
f 2050 2048 2047
f 2051 2048 2050
f 2051 2052 2048
f 2053 2052 2051
f 2053 2054 2055
f 2053 2055 2052
f 2056 2054 2053
f 2056 2057 2054
f 2058 2057 2056
f 2059 2057 2058
f 2059 2060 2057
f 2061 2060 2059
f 2061 2062 2063
f 2061 2063 2060
f 2064 2062 2061
f 2064 2065 2062
f 2066 2065 2064
f 2067 2065 2066
f 2067 2068 2069
f 2067 2069 2065
f 2070 2068 2067
f 2071 2068 2070
f 2071 2072 2073
f 2071 2073 2068
f 2074 2072 2071
f 2075 2072 2074
f 2075 2076 2077
f 2075 2077 2072
f 2078 2076 2075
f 2079 2076 2078
f 2079 2080 2076
f 2081 2082 2080
f 2081 2080 2079
f 2083 2084 2085
f 2083 2085 2082
f 2083 2082 2081
f 2086 2084 2083
f 2087 2088 2084
f 2087 2084 2086
f 2089 2090 2088
f 2089 2088 2087
f 2091 2092 2093
f 2091 2093 2090
f 2091 2090 2089
f 2094 2092 2091
f 2095 2096 2097
f 2095 2097 2092
f 2095 2092 2094
f 2098 2096 2095
f 2099 2096 2098
f 2099 2100 2096
f 2101 2100 2099
f 2101 2102 2100
f 2103 2102 2101
f 2103 2104 2102
f 2105 2104 2103
f 2105 2106 2104
f 2107 2106 2105
f 2107 2108 2106
f 2109 2108 2107
f 2109 2110 2108
f 2111 2112 2113
f 2111 2113 2114
f 2115 2116 2112
f 2115 2112 2111
f 2117 2118 2116
f 2117 2116 2115
f 2119 2120 2118
f 2119 2118 2117
f 2121 2122 2120
f 2121 2120 2119
f 2123 2124 2122
f 2123 2122 2121
f 2125 2126 2124
f 2125 2124 2123
f 2127 2128 2126
f 2127 2126 2125
f 2127 2129 2128
f 2130 2129 2127
f 2131 2129 2130
f 2131 2132 2129
f 2133 2132 2131
f 2133 2134 2132
f 2135 2134 2133
f 2135 2136 2134
f 2137 2136 2135
f 2137 2138 2136
f 2139 2138 2137
f 2139 2140 2138
f 2141 2140 2139
f 2141 2142 2140
f 2143 2142 2141
f 2143 2144 2142
f 2145 2144 2143
f 2145 2146 2144
f 2147 2146 2145
f 2147 2148 2149
f 2147 2149 2146
f 2150 2148 2147
f 2151 2152 2153
f 2151 2153 2148
f 2151 2148 2150
f 2154 2152 2151
f 2155 2152 2154
f 2155 2156 2157
f 2155 2157 2152
f 2158 2156 2155
f 2159 2156 2158
f 2159 2160 2156
f 2161 2160 2159
f 2161 2162 2163
f 2161 2163 2160
f 2164 2162 2161
f 2164 2165 2162
f 2166 2165 2164
f 2167 2165 2166
f 2167 2168 2165
f 2169 2168 2167
f 2169 2170 2171
f 2169 2171 2168
f 2172 2170 2169
f 2172 2173 2170
f 2174 2173 2172
f 2175 2173 2174
f 2175 2176 2177
f 2175 2177 2173
f 2178 2176 2175
f 2179 2176 2178
f 2179 2180 2181
f 2179 2181 2176
f 2182 2180 2179
f 2183 2180 2182
f 2183 2184 2185
f 2183 2185 2180
f 2186 2184 2183
f 2187 2184 2186
f 2187 2188 2184
f 2189 2190 2188
f 2189 2188 2187
f 2191 2192 2193
f 2191 2193 2190
f 2191 2190 2189
f 2194 2192 2191
f 2195 2196 2192
f 2195 2192 2194
f 2197 2198 2196
f 2197 2196 2195
f 2199 2200 2201
f 2199 2201 2198
f 2199 2198 2197
f 2202 2200 2199
f 2203 2204 2205
f 2203 2205 2200
f 2203 2200 2202
f 2206 2204 2203
f 2207 2204 2206
f 2207 2208 2204
f 2209 2208 2207
f 2209 2210 2208
f 2211 2210 2209
f 2211 2212 2210
f 2213 2212 2211
f 2213 2214 2212
f 2215 2214 2213
f 2215 2216 2214
f 2217 2216 2215
f 2217 2218 2216
f 2219 2220 2218
f 2219 2218 2217
f 2221 2222 2220
f 2221 2220 2219
f 2223 2224 2222
f 2223 2222 2221
f 2225 2226 2224
f 2225 2224 2223
f 2227 2228 2226
f 2227 2226 2225
f 2229 2230 2228
f 2229 2228 2227
f 2231 2232 2230
f 2231 2230 2229
f 2233 2232 2231
f 2233 2234 2232
f 2235 2234 2233
f 2235 2236 2234
f 2237 2236 2235
f 2237 2238 2236
f 2239 2238 2237
f 2239 2240 2238
f 2241 2240 2239
f 2241 2242 2240
f 2243 2242 2241
f 2243 2244 2242
f 2245 2244 2243
f 2245 2246 2244
f 2247 2246 2245
f 2247 2248 2246
f 2249 2248 2247
f 2249 2250 2248
f 2251 2250 2249
f 2251 2252 2250
f 2253 2252 2251
f 2253 2254 2252
f 2255 2256 2254
f 2255 2254 2253
f 2257 2256 2255
f 2257 2258 2256
f 2259 2260 2258
f 2259 2258 2257
f 2261 2262 2260
f 2261 2260 2259
f 2263 2262 2261
f 2263 2264 2265
f 2263 2265 2262
f 2266 2264 2263
f 2266 2267 2264
f 2268 2267 2266
f 2269 2267 2268
f 2269 2270 2267
f 2271 2270 2269
f 2271 2272 2273
f 2271 2273 2270
f 2274 2272 2271
f 2275 2272 2274
f 2275 2276 2277
f 2275 2277 2272
f 2278 2276 2275
f 2279 2276 2278
f 2279 2280 2276
f 2281 2280 2279
f 2281 2282 2283
f 2281 2283 2280
f 2284 2282 2281
f 2285 2282 2284
f 2285 2286 2282
f 2287 2286 2285
f 2287 2288 2289
f 2287 2289 2286
f 2290 2288 2287
f 2290 2291 2288
f 2292 2291 2290
f 2293 2291 2292
f 2293 2294 2295
f 2293 2295 2291
f 2296 2294 2293
f 2297 2298 2294
f 2297 2294 2296
f 2299 2300 2298
f 2299 2298 2297
f 2301 2302 2300
f 2301 2300 2299
f 2303 2304 2305
f 2303 2305 2302
f 2303 2302 2301
f 2306 2304 2303
f 2307 2308 2304
f 2307 2304 2306
f 2309 2310 2311
f 2309 2311 2308
f 2309 2308 2307
f 2312 2310 2309
f 2313 2310 2312
f 2313 2314 2315
f 2313 2315 2310
f 2316 2314 2313
f 2317 2314 2316
f 2317 2318 2314
f 2319 2318 2317
f 2319 2320 2318
f 2321 2320 2319
f 2321 2322 2320
f 2114 2322 2321
f 2114 2113 2322
f 2323 2324 2110
f 2323 2110 2109
f 2325 2326 2324
f 2325 2324 2323
f 2327 2328 2326
f 2327 2326 2325
f 2329 2330 2328
f 2329 2328 2327
f 2331 2332 2330
f 2331 2330 2329
f 2333 2334 2332
f 2333 2332 2331
f 2335 2336 2334
f 2335 2334 2333
f 2337 2336 2335
f 2337 2338 2336
f 2339 2338 2337
f 2339 2340 2338
f 2341 2340 2339
f 2341 2342 2340
f 2343 2342 2341
f 2343 2344 2342
f 2345 2344 2343
f 2345 2346 2344
f 2347 2346 2345
f 2347 2348 2346
f 2349 2348 2347
f 2349 2350 2348
f 2351 2350 2349
f 2351 2352 2350
f 2353 2352 2351
f 2353 2354 2352
f 2355 2354 2353
f 2355 2356 2354
f 2357 2356 2355
f 2357 2358 2356
f 2359 2360 2358
f 2359 2358 2357
f 2361 2360 2359
f 2361 2362 2360
f 2363 2364 2362
f 2363 2362 2361
f 2365 2366 2364
f 2365 2364 2363
f 2367 2366 2365
f 2367 2368 2369
f 2367 2369 2366
f 2370 2368 2367
f 2370 2371 2368
f 2372 2371 2370
f 2373 2371 2372
f 2373 2374 2371
f 2375 2374 2373
f 2375 2376 2377
f 2375 2377 2374
f 2378 2376 2375
f 2379 2376 2378
f 2379 2380 2381
f 2379 2381 2376
f 2382 2380 2379
f 2383 2380 2382
f 2383 2384 2380
f 2385 2384 2383
f 2385 2386 2387
f 2385 2387 2384
f 2388 2386 2385
f 2389 2386 2388
f 2389 2390 2386
f 2391 2390 2389
f 2391 2392 2393
f 2391 2393 2390
f 2394 2392 2391
f 2394 2395 2392
f 2396 2395 2394
f 2397 2395 2396
f 2397 2398 2399
f 2397 2399 2395
f 2400 2398 2397
f 2401 2402 2398
f 2401 2398 2400
f 2403 2404 2402
f 2403 2402 2401
f 2405 2406 2404
f 2405 2404 2403
f 2407 2408 2409
f 2407 2409 2406
f 2407 2406 2405
f 2410 2408 2407
f 2411 2412 2408
f 2411 2408 2410
f 2413 2414 2415
f 2413 2415 2412
f 2413 2412 2411
f 2416 2414 2413
f 2417 2414 2416
f 2417 2418 2419
f 2417 2419 2414
f 2420 2418 2417
f 2421 2418 2420
f 2421 2422 2418
f 2423 2422 2421
f 2423 2424 2422
f 2425 2424 2423
f 2425 2426 2424
f 2006 2426 2425
f 2006 2005 2426
f 2427 2428 2002
f 2427 2002 2001
f 2429 2430 2428
f 2429 2428 2427
f 2431 2432 2430
f 2431 2430 2429
f 2433 2434 2432
f 2433 2432 2431
f 2435 2436 2434
f 2435 2434 2433
f 2437 2438 2436
f 2437 2436 2435
f 2439 2440 2438
f 2439 2438 2437
f 2441 2440 2439
f 2441 2442 2440
f 2443 2442 2441
f 2443 2444 2442
f 2445 2444 2443
f 2445 2446 2444
f 2447 2446 2445
f 2447 2448 2446
f 2449 2448 2447
f 2449 2450 2448
f 2451 2450 2449
f 2451 2452 2450
f 2453 2452 2451
f 2453 2454 2452
f 2455 2454 2453
f 2455 2456 2454
f 2457 2456 2455
f 2457 2458 2456
f 2459 2458 2457
f 2459 2460 2458
f 2461 2460 2459
f 2461 2462 2460
f 2463 2464 2462
f 2463 2462 2461
f 2465 2464 2463
f 2465 2466 2464
f 2467 2468 2466
f 2467 2466 2465
f 2469 2470 2468
f 2469 2468 2467
f 2471 2470 2469
f 2471 2472 2473
f 2471 2473 2470
f 2474 2472 2471
f 2474 2475 2472
f 2476 2475 2474
f 2477 2475 2476
f 2477 2478 2475
f 2479 2478 2477
f 2479 2480 2481
f 2479 2481 2478
f 2482 2480 2479
f 2483 2480 2482
f 2483 2484 2485
f 2483 2485 2480
f 2486 2484 2483
f 2487 2484 2486
f 2487 2488 2484
f 2489 2488 2487
f 2489 2490 2491
f 2489 2491 2488
f 2492 2490 2489
f 2493 2490 2492
f 2493 2494 2490
f 2495 2494 2493
f 2495 2496 2497
f 2495 2497 2494
f 2498 2496 2495
f 2498 2499 2496
f 2500 2499 2498
f 2501 2499 2500
f 2501 2502 2503
f 2501 2503 2499
f 2504 2502 2501
f 2505 2506 2502
f 2505 2502 2504
f 2507 2508 2506
f 2507 2506 2505
f 2509 2510 2508
f 2509 2508 2507
f 2511 2512 2513
f 2511 2513 2510
f 2511 2510 2509
f 2514 2512 2511
f 2515 2516 2512
f 2515 2512 2514
f 2517 2518 2519
f 2517 2519 2516
f 2517 2516 2515
f 2520 2518 2517
f 2521 2518 2520
f 2521 2522 2523
f 2521 2523 2518
f 2524 2522 2521
f 2525 2522 2524
f 2525 2526 2522
f 2527 2526 2525
f 2527 2528 2526
f 2529 2528 2527
f 2529 2530 2528
f 1898 2530 2529
f 1898 1897 2530
f 2531 2532 1894
f 2531 1894 1893
f 2533 2534 2532
f 2533 2532 2531
f 2535 2536 2534
f 2535 2534 2533
f 2537 2538 2536
f 2537 2536 2535
f 2539 2540 2538
f 2539 2538 2537
f 2541 2542 2540
f 2541 2540 2539
f 2543 2544 2542
f 2543 2542 2541
f 2545 2544 2543
f 2545 2546 2544
f 2547 2546 2545
f 2547 2548 2546
f 2549 2548 2547
f 2549 2550 2548
f 2551 2550 2549
f 2551 2552 2550
f 2553 2552 2551
f 2553 2554 2552
f 2555 2554 2553
f 2555 2556 2554
f 2557 2556 2555
f 2557 2558 2556
f 2559 2558 2557
f 2559 2560 2558
f 2561 2560 2559
f 2561 2562 2560
f 2563 2562 2561
f 2563 2564 2562
f 2565 2564 2563
f 2565 2566 2564
f 2567 2568 2566
f 2567 2566 2565
f 2569 2568 2567
f 2569 2570 2568
f 2571 2572 2570
f 2571 2570 2569
f 2573 2574 2572
f 2573 2572 2571
f 2575 2574 2573
f 2575 2576 2577
f 2575 2577 2574
f 2578 2576 2575
f 2578 2579 2576
f 2580 2579 2578
f 2581 2579 2580
f 2581 2582 2579
f 2583 2582 2581
f 2583 2584 2585
f 2583 2585 2582
f 2586 2584 2583
f 2587 2584 2586
f 2587 2588 2589
f 2587 2589 2584
f 2590 2588 2587
f 2591 2588 2590
f 2591 2592 2588
f 2593 2592 2591
f 2593 2594 2595
f 2593 2595 2592
f 2596 2594 2593
f 2597 2594 2596
f 2597 2598 2594
f 2599 2598 2597
f 2599 2600 2601
f 2599 2601 2598
f 2602 2600 2599
f 2602 2603 2600
f 2604 2603 2602
f 2605 2603 2604
f 2605 2606 2607
f 2605 2607 2603
f 2608 2606 2605
f 2609 2610 2606
f 2609 2606 2608
f 2611 2612 2610
f 2611 2610 2609
f 2613 2614 2612
f 2613 2612 2611
f 2615 2616 2617
f 2615 2617 2614
f 2615 2614 2613
f 2618 2616 2615
f 2619 2620 2616
f 2619 2616 2618
f 2621 2622 2623
f 2621 2623 2620
f 2621 2620 2619
f 2624 2622 2621
f 2625 2622 2624
f 2625 2626 2627
f 2625 2627 2622
f 2628 2626 2625
f 2629 2626 2628
f 2629 2630 2626
f 2631 2630 2629
f 2631 2632 2630
f 2633 2632 2631
f 2633 2634 2632
f 1790 2634 2633
f 1790 1789 2634
f 1600 1598 2635
f 1596 2635 1598
f 1602 1600 2635
f 1594 2635 1596
f 1604 1602 2635
f 1592 2635 1594
f 1606 1604 2635
f 1590 2635 1592
f 1608 1606 2635
f 1588 2635 1590
f 1609 1608 2635
f 1586 2635 1588
f 1611 1609 2635
f 1584 2635 1586
f 1614 1611 2635
f 1582 2635 1584
f 1615 1614 2635
f 1580 2635 1582
f 1618 1615 2635
f 1578 2635 1580
f 1576 2635 1578
f 1574 2635 1576
f 1571 2635 1574
f 2636 2635 1571
f 2637 2635 2636
f 2638 2635 2637
f 2639 2635 2638
f 2640 2635 2639
f 2641 2635 2640
f 1706 1635 1633
f 1708 1633 1631
f 1708 1706 1633
f 1704 1637 1635
f 1704 1635 1706
f 1710 1631 1629
f 1710 1708 1631
f 1702 1639 1637
f 1702 1637 1704
f 1712 1629 1627
f 1712 1710 1629
f 1700 1641 1639
f 1700 1639 1702
f 1714 1712 1627
f 1714 1627 1625
f 1698 1643 1641
f 1698 1641 1700
f 1716 1714 1625
f 1716 1625 1623
f 1696 1645 1643
f 1696 1643 1698
f 1717 1716 1623
f 1717 1623 1621
f 1694 1647 1645
f 1694 1645 1696
f 1719 1717 1621
f 1719 1621 1619
f 1692 1649 1647
f 1692 1647 1694
f 1690 1651 1649
f 1690 1649 1692
f 1688 1651 1690
f 1688 1653 1651
f 1686 1655 1653
f 1686 1653 1688
f 1684 1657 1655
f 1684 1655 1686
f 1384 1382 2642
f 1384 2642 2643
f 1380 2642 1382
f 1380 2644 2642
f 1380 2645 2644
f 1386 2643 2646
f 1386 1384 2643
f 1378 2645 1380
f 1388 2646 2647
f 1388 1386 2646
f 1376 2645 1378
f 1376 2648 2645
f 1390 1388 2647
f 1390 2647 2649
f 1682 1659 1657
f 1682 1657 1684
f 1374 2650 2648
f 1374 2651 2650
f 1374 2648 1376
f 1392 1390 2649
f 1392 2649 2652
f 1372 2651 1374
f 1393 2652 2653
f 1393 1392 2652
f 1370 2651 1372
f 1370 2654 2651
f 1679 1661 1659
f 1679 1659 1682
f 1395 1393 2653
f 1395 2655 2656
f 1395 2653 2655
f 1368 2654 1370
f 1368 2641 2654
f 1398 1395 2656
f 2657 1661 1679
f 2657 1663 1661
f 1399 1398 2656
f 1399 2656 2658
f 2659 1663 2657
f 2659 1665 1663
f 1402 1399 2658
f 1402 2658 2660
f 1403 1402 2660
f 1403 2660 2661
f 2662 1667 1665
f 2662 1665 2659
f 1405 2661 2663
f 1405 1403 2661
f 2664 1669 1667
f 2664 1667 2662
f 1407 1405 2663
f 1407 2663 2665
f 2666 1671 1669
f 2666 1669 2664
f 1409 2665 2667
f 1409 1407 2665
f 1411 2668 2669
f 1411 2667 2668
f 1411 1409 2667
f 2670 1673 1671
f 2670 1671 2666
f 1413 1411 2669
f 2671 1675 1673
f 2671 1673 2670
f 2672 2635 2641
f 2672 2641 1368
f 2672 2673 2674
f 2672 2675 2673
f 2672 1355 2675
f 2672 1358 1355
f 2672 1360 1358
f 2672 1362 1360
f 2672 1364 1362
f 2672 1366 1364
f 2672 1368 1366
f 1415 2669 2676
f 1415 1413 2669
f 2677 1677 1675
f 2677 1675 2671
f 2678 2672 2674
f 1417 1415 2676
f 1417 2676 2679
f 2680 2681 1677
f 2680 1677 2677
f 2682 2672 2678
f 1419 1417 2679
f 1419 2679 2683
f 2684 2672 2682
f 2685 2686 2681
f 2685 2681 2680
f 1421 1419 2683
f 1421 2683 2687
f 2688 2672 2684
f 2689 2690 2686
f 2689 2686 2685
f 1423 1421 2687
f 1423 2687 2691
f 2692 2672 2688
f 2693 2694 2690
f 2693 2690 2689
f 1425 1423 2691
f 1425 2691 2695
f 2696 2672 2692
f 2697 2694 2693
f 2697 2698 2694
f 1427 1425 2695
f 1427 2699 2700
f 1427 2695 2699
f 2701 2672 2696
f 2702 2698 2697
f 2702 2703 2698
f 1429 2700 2704
f 1429 1427 2700
f 2705 2672 2701
f 2706 2703 2702
f 2706 2707 2703
f 1431 1429 2704
f 2708 1726 1723
f 2708 1727 1726
f 2708 1729 1727
f 2708 1731 1729
f 2708 1733 1731
f 2708 1735 1733
f 2708 1737 1735
f 2708 1739 1737
f 2708 1741 1739
f 2708 1743 1741
f 2708 1745 1743
f 2708 1747 1745
f 2708 1749 1747
f 2708 1751 1749
f 2708 1753 1751
f 2708 1755 1753
f 2708 1757 1755
f 2708 1759 1757
f 2708 1761 1759
f 2708 1763 1761
f 2709 2672 2705
f 2710 2711 2707
f 2710 2707 2706
f 1433 1431 2704
f 1433 2704 2712
f 1765 1763 2708
f 2713 2672 2709
f 2714 2715 2711
f 2714 2711 2710
f 1435 1433 2712
f 1435 2712 2716
f 1767 1765 2708
f 2717 2672 2713
f 2718 2715 2714
f 1437 2716 2719
f 1437 1435 2716
f 1769 1767 2708
f 2720 2672 2717
f 1439 2721 2722
f 1439 2719 2721
f 1439 1437 2719
f 1771 1769 2708
f 2723 2672 2720
f 1441 1439 2722
f 1773 1771 2708
f 2724 2672 2723
f 1775 1773 2708
f 1443 2722 2715
f 1443 1441 2722
f 2725 2672 2724
f 1777 1775 2708
f 2726 2672 2725
f 1779 1777 2708
f 2727 2672 2726
f 1781 1779 2708
f 1783 1781 2708
f 2728 2672 2727
f 1785 1783 2708
f 2729 2672 2728
f 2730 1785 2708
f 2731 2730 2708
f 2732 2731 2708
f 2733 2732 2708
f 2734 2733 2708
f 2735 2734 2708
f 1490 1453 1451
f 1492 1451 1449
f 1492 1490 1451
f 1488 1455 1453
f 1488 1453 1490
f 1494 1449 1447
f 1494 1492 1449
f 1486 1455 1488
f 1486 1457 1455
f 1496 1447 1445
f 1496 1494 1447
f 1484 1459 1457
f 1484 1457 1486
f 1498 1445 1443
f 1498 1496 1445
f 1482 1461 1459
f 1482 1459 1484
f 1500 1443 2715
f 1500 2718 2736
f 1500 2715 2718
f 1500 1498 1443
f 1480 2737 1461
f 1480 1461 1482
f 1501 1500 2736
f 1478 2738 2737
f 1478 2737 1480
f 1503 2736 2739
f 1503 1501 2736
f 1476 2740 2738
f 1476 2738 1478
f 1506 2741 2742
f 1506 2739 2741
f 1506 1503 2739
f 1474 2743 2740
f 1474 2740 1476
f 1507 1506 2742
f 1472 2744 2743
f 1472 2743 1474
f 1510 2745 2746
f 1510 2742 2745
f 1510 1507 2742
f 1470 2744 1472
f 1470 2747 2744
f 1511 1510 2746
f 1468 2748 2747
f 1468 2747 1470
f 1513 2749 2750
f 1513 2746 2749
f 1513 1511 2746
f 1466 2748 1468
f 1466 2751 2748
f 1515 1513 2750
f 1463 2751 1466
f 1463 2752 2751
f 1517 1515 2750
f 1517 2753 2754
f 1517 2750 2753
f 2755 2752 1463
f 2755 2756 2752
f 1519 1517 2754
f 2757 2758 2756
f 2757 2756 2755
f 1521 2754 2759
f 1521 1519 2754
f 2760 2758 2757
f 2760 2761 2758
f 1523 2759 2762
f 1523 1521 2759
f 2763 2764 2761
f 2763 2761 2760
f 1525 2762 2765
f 1525 1523 2762
f 2766 2764 2763
f 2766 2767 2764
f 1527 1525 2765
f 1527 2765 2768
f 2769 2767 2766
f 2769 2770 2767
f 1529 1527 2768
f 1529 2768 2771
f 2772 2773 2770
f 2772 2770 2769
f 1531 2774 2775
f 1531 2771 2774
f 1531 1529 2771
f 2776 2773 2772
f 2776 2777 2773
f 1533 2775 2778
f 1533 1531 2775
f 2779 2777 2776
f 2779 2780 2777
f 1535 2778 2781
f 1535 1533 2778
f 2782 2783 2780
f 2782 2780 2779
f 1537 2781 2784
f 1537 1535 2781
f 2785 2786 2783
f 2785 2783 2782
f 1539 2784 2787
f 1539 1537 2784
f 2788 2789 2786
f 2788 2786 2785
f 1541 2787 2790
f 1541 1539 2787
f 2791 2792 2789
f 2791 2789 2788
f 1543 2790 2793
f 1543 1541 2790
f 2794 2795 2792
f 2794 2792 2791
f 1545 1543 2793
f 2796 2797 2795
f 2796 2795 2794
f 1547 2793 2798
f 1547 1545 2793
f 1549 2798 2799
f 1549 1547 2798
f 1551 2800 2801
f 1551 2799 2800
f 1551 1549 2799
f 1553 2801 2802
f 1553 1551 2801
f 1555 2802 2735
f 1555 1553 2802
f 1557 1555 2735
f 2803 1557 2735
f 2803 1559 1557
f 2803 1561 1559
f 2803 2804 1569
f 2803 1563 1561
f 2803 2805 2804
f 2803 1565 1563
f 2803 2806 2805
f 2803 1567 1565
f 2803 2807 2806
f 2803 1569 1567
f 2803 2808 2807
f 2803 2809 2808
f 2803 2810 2809
f 2803 2811 2810
f 2803 2812 2811
f 2803 2813 2812
f 2803 2814 2813
f 2803 2815 2814
f 2803 2816 2815
f 2803 2817 2816
f 2803 2818 2817
f 2803 2819 2818
f 2803 2820 2819
f 2803 2821 2820
f 2803 2822 2821
f 2803 2823 2822
f 2803 2824 2823
f 2803 2825 2824
f 2803 2826 2825
f 2803 2827 2826
f 2803 2828 2827
f 2803 2829 2828
f 2803 2830 2829
f 2803 2831 2830
f 2803 2832 2831
f 2803 2735 2708
f 2635 2708 1723
f 2635 1723 1722
f 2635 1722 1719
f 2635 1719 1618
f 1618 1719 1619
f 2803 2672 2729
f 2803 2729 2833
f 2803 2833 2834
f 2803 2834 2835
f 2803 2835 2836
f 2803 2836 2837
f 2803 2837 2838
f 2803 2838 2797
f 2803 2797 2839
f 2839 2797 2840
f 2840 2797 2841
f 2841 2797 2842
f 2842 2797 2843
f 2843 2797 2844
f 2844 2797 2845
f 2845 2797 2796
f 2803 2839 2846
f 2803 2846 2832
f 1973 2847 1975
f 1978 1975 2847
f 1971 2847 1973
f 1979 1978 2847
f 1970 2847 1971
f 1981 1979 2847
f 1967 2847 1970
f 1983 1981 2847
f 1966 2847 1967
f 1986 1983 2847
f 1963 2847 1966
f 1987 1986 2847
f 1962 2847 1963
f 1990 1987 2847
f 1959 2847 1962
f 1991 1990 2847
f 1958 2847 1959
f 1993 1991 2847
f 1956 2847 1958
f 1995 1993 2847
f 1953 2847 1956
f 1997 1995 2847
f 1951 2847 1953
f 1999 1997 2847
f 1950 2847 1951
f 2001 1999 2847
f 1948 2847 1950
f 2427 2001 2847
f 1945 2847 1948
f 2429 2427 2847
f 2431 2429 2847
f 2433 2431 2847
f 2435 2433 2847
f 2437 2435 2847
f 2439 2437 2847
f 2441 2439 2847
f 2443 2441 2847
f 2445 2443 2847
f 1867 1939 1938
f 1865 1939 1867
f 1865 1942 1939
f 1870 1867 1938
f 1870 1938 1935
f 1863 1942 1865
f 1863 1943 1942
f 1871 1935 1934
f 1871 1870 1935
f 1862 1943 1863
f 1862 1945 1943
f 1873 1934 1931
f 1873 1871 1934
f 1859 1945 1862
f 1859 2847 1945
f 1875 1931 1929
f 1875 1873 1931
f 1858 2847 1859
f 1878 1929 1927
f 1878 1875 1929
f 1855 2847 1858
f 1879 1927 1925
f 1879 1878 1927
f 1882 1925 1923
f 1882 1879 1925
f 1883 1923 1921
f 1883 1882 1923
f 1885 1921 1919
f 1885 1883 1921
f 1887 1919 1917
f 1887 1885 1919
f 1889 1917 1915
f 1889 1887 1917
f 1891 1889 1915
f 1891 1915 1914
f 1893 1914 1911
f 1893 1891 1914
f 2531 1911 1909
f 2531 1893 1911
f 2848 2445 2847
f 2533 1909 1907
f 2533 2531 1909
f 2535 1907 1905
f 2535 2533 1907
f 2189 2451 2191
f 2189 2455 2453
f 2189 2453 2451
f 2194 2191 2451
f 2194 2451 2449
f 2187 2455 2189
f 2195 2194 2449
f 2195 2449 2447
f 2186 2455 2187
f 2186 2457 2455
f 2197 2195 2447
f 2197 2445 2848
f 2197 2447 2445
f 2183 2457 2186
f 2183 2459 2457
f 2199 2197 2848
f 2537 1905 1903
f 2537 2535 1905
f 2182 2459 2183
f 2182 2461 2459
f 2202 2199 2848
f 2179 2461 2182
f 2179 2463 2461
f 2203 2202 2848
f 2178 2463 2179
f 2178 2465 2463
f 2539 1903 1901
f 2539 2537 1903
f 2206 2203 2848
f 2175 2465 2178
f 2175 2467 2465
f 2207 2206 2848
f 2174 2467 2175
f 2174 2469 2467
f 2541 2539 1901
f 2541 1901 1899
f 2209 2207 2848
f 2172 2474 2471
f 2172 2471 2469
f 2172 2469 2174
f 2211 2209 2848
f 2169 2474 2172
f 2543 1899 1895
f 2543 2541 1899
f 2213 2211 2848
f 2167 2474 2169
f 2167 2476 2474
f 2215 2213 2848
f 2545 1895 1898
f 2545 2543 1895
f 2166 2479 2477
f 2166 2477 2476
f 2166 2476 2167
f 2217 2215 2848
f 2547 1898 2529
f 2547 2545 1898
f 2164 2479 2166
f 2219 2217 2848
f 2161 2479 2164
f 2161 2482 2479
f 2549 2529 2527
f 2549 2547 2529
f 2221 2219 2848
f 2159 2482 2161
f 2159 2483 2482
f 2551 2527 2525
f 2551 2549 2527
f 2223 2221 2848
f 2158 2483 2159
f 2158 2486 2483
f 2225 2223 2848
f 2553 2551 2525
f 2553 2525 2524
f 2155 2487 2486
f 2155 2486 2158
f 2227 2225 2848
f 2555 2553 2524
f 2555 2524 2521
f 2154 2487 2155
f 2154 2489 2487
f 2229 2227 2848
f 2557 2555 2521
f 2557 2521 2520
f 2151 2489 2154
f 2151 2492 2489
f 2231 2229 2848
f 2559 2520 2517
f 2559 2557 2520
f 2150 2492 2151
f 2150 2493 2492
f 2233 2231 2848
f 2561 2517 2515
f 2561 2559 2517
f 2147 2493 2150
f 2147 2498 2495
f 2147 2495 2493
f 2235 2233 2848
f 2563 2515 2514
f 2563 2561 2515
f 2145 2498 2147
f 2237 2235 2848
f 2565 2563 2514
f 2143 2501 2500
f 2143 2500 2498
f 2143 2498 2145
f 2849 1837 1835
f 2849 1835 1834
f 2849 1834 1831
f 2849 1831 1830
f 2849 1830 1827
f 2849 1827 1826
f 2849 1826 1823
f 2849 1823 1821
f 2849 1821 1819
f 2849 1819 1817
f 2849 1817 1815
f 2849 1815 1813
f 2849 1813 1811
f 2849 1811 1809
f 2849 1809 1807
f 2849 1807 1806
f 2849 2847 1855
f 2849 1855 1854
f 2849 1854 1851
f 2849 1851 1850
f 2849 1850 1848
f 2849 1848 1845
f 2849 1845 1843
f 2849 1843 1842
f 2849 1842 1840
f 2849 1840 1837
f 1803 2849 1806
f 2239 2237 2848
f 2141 2501 2143
f 1801 2849 1803
f 2241 2239 2848
f 2139 2504 2501
f 2139 2501 2141
f 1799 2849 1801
f 2243 2241 2848
f 2137 2505 2504
f 2137 2504 2139
f 1797 2849 1799
f 2245 2243 2848
f 2135 2507 2505
f 2135 2505 2137
f 1795 2849 1797
f 2247 2245 2848
f 1793 2849 1795
f 2133 2511 2509
f 2133 2509 2507
f 2133 2507 2135
f 2249 2247 2848
f 1791 2849 1793
f 2131 2511 2133
f 2251 2249 2848
f 1787 2849 1791
f 2130 2514 2511
f 2130 2511 2131
f 1790 2849 1787
f 2253 2251 2848
f 2633 2849 1790
f 2255 2253 2848
f 2631 2849 2633
f 2629 2849 2631
f 2257 2255 2848
f 2628 2849 2629
f 2625 2849 2628
f 2259 2257 2848
f 2624 2849 2625
f 2621 2849 2624
f 2261 2259 2848
f 2619 2849 2621
f 2263 2261 2848
f 2266 2263 2848
f 2268 2266 2848
f 2269 2268 2848
f 2271 2269 2848
f 2083 2121 2119
f 2081 2123 2121
f 2081 2121 2083
f 2086 2119 2117
f 2086 2083 2119
f 2079 2125 2123
f 2079 2123 2081
f 2087 2117 2115
f 2087 2086 2117
f 2078 2127 2125
f 2078 2125 2079
f 2089 2115 2111
f 2089 2087 2115
f 2075 2130 2127
f 2075 2127 2078
f 2091 2111 2114
f 2091 2089 2111
f 2074 2565 2514
f 2074 2130 2075
f 2074 2514 2130
f 2094 2114 2321
f 2094 2091 2114
f 2071 2567 2565
f 2071 2565 2074
f 2095 2321 2319
f 2095 2094 2321
f 2070 2571 2569
f 2070 2569 2567
f 2070 2567 2071
f 2098 2319 2317
f 2098 2095 2319
f 2067 2571 2070
f 2067 2573 2571
f 2099 2317 2316
f 2099 2098 2317
f 2066 2575 2573
f 2066 2573 2067
f 2101 2316 2313
f 2101 2099 2316
f 2064 2575 2066
f 2064 2578 2575
f 2103 2313 2312
f 2103 2101 2313
f 2061 2580 2578
f 2061 2578 2064
f 2105 2312 2309
f 2105 2103 2312
f 2059 2581 2580
f 2059 2580 2061
f 2107 2309 2307
f 2107 2105 2309
f 2058 2581 2059
f 2109 2107 2307
f 2109 2307 2306
f 2056 2581 2058
f 2056 2586 2583
f 2056 2583 2581
f 2323 2109 2306
f 2323 2306 2303
f 2053 2586 2056
f 2053 2587 2586
f 2325 2303 2301
f 2325 2323 2303
f 2051 2587 2053
f 2327 2301 2299
f 2327 2325 2301
f 2050 2590 2587
f 2050 2587 2051
f 2329 2299 2297
f 2329 2327 2299
f 2047 2590 2050
f 2047 2591 2590
f 2331 2297 2296
f 2331 2329 2297
f 2046 2591 2047
f 2046 2593 2591
f 2333 2296 2293
f 2333 2331 2296
f 2043 2593 2046
f 2043 2597 2596
f 2043 2596 2593
f 2335 2293 2292
f 2335 2333 2293
f 2042 2599 2597
f 2042 2597 2043
f 2337 2292 2290
f 2337 2335 2292
f 2039 2599 2042
f 2339 2290 2287
f 2339 2337 2290
f 2037 2599 2039
f 2037 2602 2599
f 2341 2339 2287
f 2341 2287 2285
f 2035 2604 2602
f 2035 2602 2037
f 2343 2285 2284
f 2343 2341 2285
f 2033 2605 2604
f 2033 2604 2035
f 2345 2284 2281
f 2345 2343 2284
f 2031 2608 2605
f 2031 2605 2033
f 2347 2281 2279
f 2347 2345 2281
f 2029 2609 2608
f 2029 2608 2031
f 2349 2279 2278
f 2349 2347 2279
f 2027 2613 2611
f 2027 2611 2609
f 2027 2609 2029
f 2351 2349 2278
f 2351 2278 2275
f 2025 2613 2027
f 2023 2615 2613
f 2023 2613 2025
f 2022 2619 2618
f 2022 2618 2615
f 2022 2615 2023
f 2019 2619 2022
f 2850 2019 2017
f 2850 2017 2015
f 2850 2015 2013
f 2850 2013 2011
f 2850 2006 2425
f 2850 2011 2009
f 2850 2425 2423
f 2850 2009 2007
f 2850 2423 2421
f 2850 2007 2003
f 2850 2421 2420
f 2850 2003 2006
f 2850 2420 2417
f 2850 2417 2416
f 2850 2416 2413
f 2850 2413 2411
f 2850 2411 2410
f 2850 2410 2407
f 2850 2407 2405
f 2850 2405 2403
f 2850 2403 2401
f 2850 2401 2400
f 2850 2400 2397
f 2850 2397 2396
f 2850 2396 2394
f 2850 2394 2391
f 2850 2391 2389
f 2850 2389 2388
f 2850 2388 2385
f 2850 2385 2383
f 2850 2383 2382
f 2850 2382 2379
f 2850 2379 2378
f 2850 2378 2375
f 2850 2375 2373
f 2850 2373 2372
f 2850 2372 2370
f 2850 2370 2367
f 2850 2367 2365
f 2850 2365 2363
f 2850 2849 2619
f 2850 2619 2019
f 2850 2363 2848
f 2363 2361 2848
f 2361 2359 2848
f 2359 2357 2848
f 2357 2355 2848
f 2355 2353 2848
f 2353 2351 2848
f 2351 2271 2848
f 2351 2274 2271
f 2351 2275 2274
f 2635 2849 2708
f 2635 2847 2849
f 2708 2850 2803
f 2708 2849 2850
f 2803 2848 2672
f 2803 2850 2848
f 2848 2847 2635
f 2672 2848 2635
f 2730 2851 1786
f 2730 1786 1785
f 2731 2852 2851
f 2731 2851 2730
f 2732 2853 2852
f 2732 2852 2731
f 2733 2854 2853
f 2733 2853 2732
f 2734 2855 2854
f 2734 2854 2733
f 2735 2856 2855
f 2735 2855 2734
f 2802 2857 2856
f 2802 2856 2735
f 2801 2857 2802
f 2801 2858 2857
f 2800 2858 2801
f 2800 2859 2858
f 2799 2859 2800
f 2799 2860 2859
f 2798 2860 2799
f 2798 2861 2860
f 2793 2861 2798
f 2793 2862 2861
f 2790 2862 2793
f 2790 2863 2862
f 2787 2863 2790
f 2787 2864 2863
f 2784 2864 2787
f 2784 2865 2864
f 2781 2865 2784
f 2781 2866 2865
f 2778 2866 2781
f 2778 2867 2866
f 2775 2867 2778
f 2775 2868 2867
f 2774 2869 2868
f 2774 2868 2775
f 2771 2869 2774
f 2771 2870 2869
f 2768 2871 2870
f 2768 2870 2771
f 2765 2872 2871
f 2765 2871 2768
f 2762 2872 2765
f 2762 2873 2872
f 2759 2873 2762
f 2759 2874 2873
f 2754 2874 2759
f 2754 2875 2874
f 2753 2875 2754
f 2753 2876 2875
f 2750 2876 2753
f 2750 2877 2876
f 2749 2877 2750
f 2749 2878 2877
f 2746 2878 2749
f 2746 2879 2878
f 2745 2879 2746
f 2745 2880 2879
f 2742 2880 2745
f 2742 2881 2882
f 2742 2882 2880
f 2741 2881 2742
f 2739 2881 2741
f 2739 2883 2881
f 2736 2883 2739
f 2736 2884 2883
f 2718 2884 2736
f 2718 2885 2886
f 2718 2886 2884
f 2714 2885 2718
f 2710 2885 2714
f 2710 2887 2885
f 2706 2887 2710
f 2706 2888 2889
f 2706 2889 2887
f 2702 2888 2706
f 2697 2890 2891
f 2697 2891 2888
f 2697 2888 2702
f 2693 2892 2890
f 2693 2890 2697
f 2689 2892 2693
f 2685 2893 2894
f 2685 2894 2892
f 2685 2892 2689
f 2680 2893 2685
f 2677 2895 2893
f 2677 2893 2680
f 2671 2896 2895
f 2671 2895 2677
f 2670 2896 2671
f 2670 2897 2896
f 2666 2897 2670
f 2666 2898 2897
f 2664 2898 2666
f 2664 2899 2898
f 2662 2899 2664
f 2662 2900 2899
f 2659 2900 2662
f 2659 2901 2900
f 2657 2901 2659
f 2657 1681 2902
f 2657 2902 2901
f 1679 1681 2657
f 1866 1705 1707
f 1866 1869 1705
f 1868 1703 1705
f 1868 1705 1869
f 1864 1709 1711
f 1864 1707 1709
f 1864 1866 1707
f 1872 1701 1703
f 1872 1703 1868
f 1860 1864 1711
f 1874 1699 1701
f 1874 1701 1872
f 1861 1711 1713
f 1861 1860 1711
f 1877 1697 1699
f 1877 1699 1874
f 1856 1713 1715
f 1856 1861 1713
f 1876 1697 1877
f 1876 1695 1697
f 1857 1856 1715
f 1857 1715 1718
f 1881 1695 1876
f 1881 1693 1695
f 1852 1857 1718
f 1852 1721 1720
f 1852 1718 1721
f 1880 1691 1693
f 1880 1693 1881
f 1853 1852 1720
f 1884 1691 1880
f 1884 1689 1691
f 1849 1853 1720
f 1849 1720 1725
f 1886 1687 1689
f 1886 1689 1884
f 1846 1849 1725
f 1846 1725 1724
f 1888 1687 1886
f 1888 1685 1687
f 1847 1728 1730
f 1847 1724 1728
f 1847 1846 1724
f 1890 1685 1888
f 1890 1683 1685
f 1844 1847 1730
f 1892 1683 1890
f 1892 1680 1683
f 1841 1730 1732
f 1841 1844 1730
f 1894 1680 1892
f 1894 1681 1680
f 1838 1732 1734
f 1838 1841 1732
f 2532 1681 1894
f 2532 2902 1681
f 1839 1838 1734
f 1839 1734 1736
f 2534 2902 2532
f 2534 2901 2902
f 1836 1736 1738
f 1836 1839 1736
f 2536 2901 2534
f 2536 2900 2901
f 1832 1738 1740
f 1832 1836 1738
f 2538 2900 2536
f 2538 2899 2900
f 1833 1740 1742
f 1833 1832 1740
f 2540 2899 2538
f 2540 2898 2899
f 1828 1833 1742
f 1828 1742 1744
f 2542 2897 2898
f 2542 2898 2540
f 1829 1744 1746
f 1829 1828 1744
f 2544 2896 2897
f 2544 2897 2542
f 1824 1746 1748
f 1824 1829 1746
f 2546 2895 2896
f 2546 2896 2544
f 1825 1748 1750
f 1825 1824 1748
f 2548 2893 2895
f 2548 2895 2546
f 1822 1750 1752
f 1822 1825 1750
f 2550 2894 2893
f 2550 2893 2548
f 1820 1822 1752
f 1820 1752 1754
f 2552 2892 2894
f 2552 2894 2550
f 1818 1754 1756
f 1818 1820 1754
f 2554 2890 2892
f 2554 2892 2552
f 1816 1818 1756
f 1816 1756 1758
f 2556 2890 2554
f 2556 2891 2890
f 1760 1816 1758
f 1760 1814 1816
f 2558 2891 2556
f 1812 1814 1760
f 2888 2891 2558
f 2560 2888 2558
f 1762 1810 1812
f 1762 1812 1760
f 2889 2888 2560
f 1764 1810 1762
f 1764 1808 1810
f 2887 2889 2560
f 2887 2560 2562
f 1766 1808 1764
f 2885 2887 2562
f 2885 2562 2564
f 1768 1805 1808
f 1768 1804 1805
f 1768 1808 1766
f 2886 2885 2564
f 2886 2566 2568
f 2886 2564 2566
f 1770 1804 1768
f 2884 2886 2568
f 1772 1802 1804
f 1772 1800 1802
f 1772 1804 1770
f 2883 2884 2568
f 2883 2570 2572
f 2883 2568 2570
f 1774 1800 1772
f 2881 2883 2572
f 1776 1800 1774
f 1776 1798 1800
f 1776 1796 1798
f 2882 2881 2572
f 2882 2574 2577
f 2882 2572 2574
f 1778 1796 1776
f 2880 2882 2577
f 1780 1796 1778
f 1780 1794 1796
f 2879 2880 2577
f 2879 2577 2576
f 1782 1792 1794
f 1782 1794 1780
f 2878 2879 2576
f 2878 2576 2579
f 1784 1788 1792
f 1784 1792 1782
f 2877 2878 2579
f 2877 2579 2582
f 1786 1789 1788
f 1786 1788 1784
f 2876 2877 2582
f 2876 2582 2585
f 2851 2634 1789
f 2851 2632 2634
f 2851 1789 1786
f 2875 2585 2584
f 2875 2876 2585
f 2852 2632 2851
f 2852 2630 2632
f 2874 2875 2584
f 2874 2584 2589
f 2853 2630 2852
f 2873 2874 2589
f 2873 2589 2588
f 2854 2630 2853
f 2854 2626 2630
f 2854 2627 2626
f 2872 2873 2588
f 2872 2588 2592
f 2855 2627 2854
f 2871 2872 2592
f 2871 2592 2595
f 2856 2622 2627
f 2856 2623 2622
f 2856 2627 2855
f 2870 2871 2595
f 2870 2595 2594
f 2857 2623 2856
f 2869 2870 2594
f 2869 2594 2598
f 2858 2623 2857
f 2858 2620 2623
f 2858 2616 2620
f 2868 2869 2598
f 2868 2598 2601
f 2859 2616 2858
f 2867 2868 2601
f 2867 2600 2603
f 2867 2601 2600
f 2860 2616 2859
f 2860 2617 2616
f 2866 2867 2603
f 2861 2617 2860
f 2861 2614 2617
f 2865 2866 2603
f 2865 2603 2607
f 2862 2614 2861
f 2862 2612 2614
f 2864 2865 2607
f 2864 2607 2606
f 2863 2612 2862
f 2863 2864 2606
f 2863 2610 2612
f 2863 2606 2610
f 2681 2903 1678
f 2681 1678 1677
f 2686 2904 2903
f 2686 2903 2681
f 2690 2905 2904
f 2690 2904 2686
f 2694 2906 2905
f 2694 2905 2690
f 2698 2907 2906
f 2698 2906 2694
f 2703 2908 2907
f 2703 2907 2698
f 2707 2909 2908
f 2707 2908 2703
f 2711 2909 2707
f 2711 2910 2909
f 2715 2910 2711
f 2715 2911 2910
f 2722 2911 2715
f 2722 2912 2911
f 2721 2912 2722
f 2721 2913 2912
f 2719 2913 2721
f 2719 2914 2913
f 2716 2914 2719
f 2716 2915 2914
f 2712 2915 2716
f 2712 2916 2915
f 2704 2916 2712
f 2704 2917 2916
f 2700 2917 2704
f 2700 2918 2917
f 2699 2918 2700
f 2699 2919 2918
f 2695 2919 2699
f 2695 2920 2919
f 2691 2921 2920
f 2691 2920 2695
f 2687 2921 2691
f 2687 2922 2921
f 2683 2923 2922
f 2683 2922 2687
f 2679 2924 2923
f 2679 2923 2683
f 2676 2924 2679
f 2676 2925 2924
f 2669 2925 2676
f 2669 2926 2925
f 2668 2926 2669
f 2668 2927 2926
f 2667 2927 2668
f 2667 2928 2927
f 2665 2928 2667
f 2665 2929 2928
f 2663 2929 2665
f 2663 2930 2929
f 2661 2930 2663
f 2661 2931 2930
f 2660 2931 2661
f 2660 2932 2931
f 2658 2932 2660
f 2658 2933 2934
f 2658 2934 2932
f 2656 2933 2658
f 2655 2933 2656
f 2655 2935 2933
f 2653 2935 2655
f 2653 2936 2935
f 2652 2936 2653
f 2652 2937 2938
f 2652 2938 2936
f 2649 2937 2652
f 2647 2937 2649
f 2647 2939 2937
f 2646 2939 2647
f 2646 2940 2941
f 2646 2941 2939
f 2643 2940 2646
f 2642 2942 2943
f 2642 2943 2940
f 2642 2940 2643
f 2644 2944 2942
f 2644 2942 2642
f 2645 2944 2644
f 2648 2945 2946
f 2648 2946 2944
f 2648 2944 2645
f 2650 2945 2648
f 2651 2947 2945
f 2651 2945 2650
f 2654 2948 2947
f 2654 2947 2651
f 2641 2948 2654
f 2641 2949 2948
f 2640 2949 2641
f 2640 2950 2949
f 2639 2950 2640
f 2639 2951 2950
f 2638 2951 2639
f 2638 2952 2951
f 2637 2952 2638
f 2637 2953 2952
f 2636 2953 2637
f 2636 1573 2954
f 2636 2954 2953
f 1571 1573 2636
f 1977 1597 1599
f 1974 1977 1599
f 1976 1595 1597
f 1976 1597 1977
f 1972 1601 1603
f 1972 1599 1601
f 1972 1974 1599
f 1980 1593 1595
f 1980 1591 1593
f 1980 1595 1976
f 1968 1972 1603
f 1982 1591 1980
f 1969 1603 1605
f 1969 1968 1603
f 1985 1589 1591
f 1985 1591 1982
f 1964 1605 1607
f 1964 1969 1605
f 1984 1587 1589
f 1984 1589 1985
f 1965 1610 1613
f 1965 1607 1610
f 1965 1964 1607
f 1989 1587 1984
f 1989 1585 1587
f 1960 1965 1613
f 1988 1585 1989
f 1988 1583 1585
f 1961 1960 1613
f 1961 1613 1612
f 1992 1583 1988
f 1992 1581 1583
f 1957 1961 1612
f 1957 1612 1617
f 1994 1581 1992
f 1994 1579 1581
f 1954 1957 1617
f 1954 1617 1616
f 1996 1579 1994
f 1996 1577 1579
f 1955 1616 1620
f 1955 1954 1616
f 1998 1577 1996
f 1998 1575 1577
f 1952 1620 1622
f 1952 1955 1620
f 2000 1575 1998
f 2000 1572 1575
f 1949 1622 1624
f 1949 1952 1622
f 2002 1572 2000
f 2002 1573 1572
f 1946 1624 1626
f 1946 1949 1624
f 2428 1573 2002
f 2428 2954 1573
f 1947 1626 1628
f 1947 1946 1626
f 2430 2954 2428
f 2430 2953 2954
f 1944 1628 1630
f 1944 1947 1628
f 2432 2953 2430
f 2432 2952 2953
f 1940 1630 1632
f 1940 1944 1630
f 2434 2951 2952
f 2434 2952 2432
f 1941 1632 1634
f 1941 1940 1632
f 2436 2951 2434
f 2436 2950 2951
f 1936 1634 1636
f 1936 1941 1634
f 2438 2949 2950
f 2438 2950 2436
f 1937 1636 1638
f 1937 1936 1636
f 2440 2948 2949
f 2440 2949 2438
f 1932 1638 1640
f 1932 1937 1638
f 2442 2947 2948
f 2442 2948 2440
f 1933 1640 1642
f 1933 1932 1640
f 2444 2945 2947
f 2444 2947 2442
f 1930 1642 1644
f 1930 1933 1642
f 2446 2946 2945
f 2446 2945 2444
f 1928 1644 1646
f 1928 1930 1644
f 2448 2944 2946
f 2448 2946 2446
f 1926 1928 1646
f 1926 1646 1648
f 2450 2944 2448
f 2450 2942 2944
f 1924 1648 1650
f 1924 1926 1648
f 2452 2942 2450
f 2452 2943 2942
f 1652 1924 1650
f 1652 1922 1924
f 1920 1922 1652
f 2940 2943 2452
f 2940 2452 2454
f 1654 1920 1652
f 1654 1918 1920
f 2941 2940 2454
f 2941 2456 2458
f 2941 2454 2456
f 1656 1918 1654
f 2939 2941 2458
f 2939 2458 2460
f 1658 1918 1656
f 1658 1916 1918
f 1658 1913 1916
f 2937 2939 2460
f 1660 1912 1913
f 1660 1913 1658
f 2938 2937 2460
f 2938 2460 2462
f 1662 1912 1660
f 2936 2938 2462
f 2936 2462 2464
f 1664 1912 1662
f 1664 1910 1912
f 1664 1908 1910
f 2935 2466 2468
f 2935 2464 2466
f 2935 2936 2464
f 1666 1908 1664
f 2933 2935 2468
f 1668 1908 1666
f 1668 1906 1908
f 1668 1904 1906
f 2934 2933 2468
f 2934 2468 2470
f 1670 1904 1668
f 2932 2934 2470
f 2932 2470 2473
f 1672 1904 1670
f 1672 1902 1904
f 1672 1900 1902
f 2931 2932 2473
f 2931 2473 2472
f 1674 1900 1672
f 2930 2931 2472
f 2930 2472 2475
f 1676 1896 1900
f 1676 1897 1896
f 1676 1900 1674
f 2929 2930 2475
f 2929 2478 2481
f 2929 2475 2478
f 1678 1897 1676
f 2928 2929 2481
f 2903 2530 1897
f 2903 2528 2530
f 2903 1897 1678
f 2927 2928 2481
f 2927 2481 2480
f 2904 2528 2903
f 2926 2480 2485
f 2926 2927 2480
f 2905 2526 2528
f 2905 2522 2526
f 2905 2528 2904
f 2925 2485 2484
f 2925 2926 2485
f 2906 2523 2522
f 2906 2522 2905
f 2924 2484 2488
f 2924 2925 2484
f 2907 2523 2906
f 2907 2518 2523
f 2923 2488 2491
f 2923 2924 2488
f 2908 2518 2907
f 2908 2519 2518
f 2922 2923 2491
f 2922 2491 2490
f 2909 2519 2908
f 2921 2922 2490
f 2921 2490 2494
f 2910 2516 2519
f 2910 2519 2909
f 2920 2921 2494
f 2920 2494 2497
f 2911 2512 2516
f 2911 2516 2910
f 2919 2920 2497
f 2919 2497 2496
f 2912 2512 2911
f 2912 2513 2512
f 2918 2919 2496
f 2918 2496 2499
f 2913 2510 2513
f 2913 2508 2510
f 2913 2513 2912
f 2917 2918 2499
f 2917 2499 2503
f 2914 2508 2913
f 2916 2917 2503
f 2916 2503 2502
f 2915 2508 2914
f 2915 2916 2502
f 2915 2506 2508
f 2915 2502 2506
f 2804 2955 1570
f 2804 1570 1569
f 2805 2956 2955
f 2805 2955 2804
f 2806 2957 2956
f 2806 2956 2805
f 2807 2958 2957
f 2807 2957 2806
f 2808 2959 2958
f 2808 2958 2807
f 2809 2960 2959
f 2809 2959 2808
f 2810 2961 2960
f 2810 2960 2809
f 2811 2961 2810
f 2811 2962 2961
f 2812 2962 2811
f 2812 2963 2962
f 2813 2963 2812
f 2813 2964 2963
f 2814 2964 2813
f 2814 2965 2964
f 2815 2965 2814
f 2815 2966 2965
f 2816 2966 2815
f 2816 2967 2966
f 2817 2967 2816
f 2817 2968 2967
f 2818 2968 2817
f 2818 2969 2968
f 2819 2969 2818
f 2819 2970 2969
f 2820 2970 2819
f 2820 2971 2970
f 2821 2971 2820
f 2821 2972 2971
f 2822 2973 2972
f 2822 2972 2821
f 2823 2973 2822
f 2823 2974 2973
f 2824 2975 2974
f 2824 2974 2823
f 2825 2976 2975
f 2825 2975 2824
f 2826 2976 2825
f 2826 2977 2976
f 2827 2977 2826
f 2827 2978 2977
f 2828 2978 2827
f 2828 2979 2978
f 2829 2979 2828
f 2829 2980 2979
f 2830 2980 2829
f 2830 2981 2980
f 2831 2981 2830
f 2831 2982 2981
f 2832 2982 2831
f 2832 2983 2982
f 2846 2983 2832
f 2846 2984 2983
f 2839 2984 2846
f 2839 2985 2986
f 2839 2986 2984
f 2840 2985 2839
f 2841 2985 2840
f 2841 2987 2985
f 2842 2987 2841
f 2842 2988 2987
f 2843 2988 2842
f 2843 2989 2990
f 2843 2990 2988
f 2844 2989 2843
f 2845 2989 2844
f 2845 2991 2989
f 2796 2991 2845
f 2796 2992 2993
f 2796 2993 2991
f 2794 2992 2796
f 2791 2994 2995
f 2791 2995 2992
f 2791 2992 2794
f 2788 2996 2994
f 2788 2994 2791
f 2785 2996 2788
f 2782 2997 2998
f 2782 2998 2996
f 2782 2996 2785
f 2779 2997 2782
f 2776 2999 2997
f 2776 2997 2779
f 2772 3000 2999
f 2772 2999 2776
f 2769 3000 2772
f 2769 3001 3000
f 2766 3001 2769
f 2766 3002 3001
f 2763 3002 2766
f 2763 3003 3002
f 2760 3003 2763
f 2760 3004 3003
f 2757 3004 2760
f 2757 3005 3004
f 2755 3005 2757
f 2755 1465 3006
f 2755 3006 3005
f 1463 1465 2755
f 2082 1489 1491
f 2082 2085 1489
f 2084 1487 1489
f 2084 1485 1487
f 2084 1489 2085
f 2080 1491 1493
f 2080 2082 1491
f 2088 1485 2084
f 2076 1493 1495
f 2076 2080 1493
f 2090 1483 1485
f 2090 1485 2088
f 2077 1497 1499
f 2077 1495 1497
f 2077 2076 1495
f 2093 1481 1483
f 2093 1483 2090
f 2072 2077 1499
f 2092 1479 1481
f 2092 1481 2093
f 2073 2072 1499
f 2073 1499 1502
f 2097 1477 1479
f 2097 1479 2092
f 2068 1505 1504
f 2068 1502 1505
f 2068 2073 1502
f 2096 1477 2097
f 2096 1475 1477
f 2069 2068 1504
f 2100 1475 2096
f 2100 1473 1475
f 2065 2069 1504
f 2065 1504 1509
f 2102 1471 1473
f 2102 1473 2100
f 2062 2065 1509
f 2062 1509 1508
f 2104 1471 2102
f 2104 1469 1471
f 2063 1508 1512
f 2063 2062 1508
f 2106 1469 2104
f 2106 1467 1469
f 2060 1512 1514
f 2060 2063 1512
f 2108 1467 2106
f 2108 1464 1467
f 2108 1465 1464
f 2057 1514 1516
f 2057 2060 1514
f 2110 1465 2108
f 2054 2057 1516
f 2054 1516 1518
f 2324 1465 2110
f 2324 3006 1465
f 2055 1518 1520
f 2055 2054 1518
f 2326 3006 2324
f 2326 3005 3006
f 2052 1520 1522
f 2052 2055 1520
f 2328 3005 2326
f 2328 3004 3005
f 2048 1522 1524
f 2048 2052 1522
f 2330 3003 3004
f 2330 3002 3003
f 2330 3004 2328
f 2049 1524 1526
f 2049 2048 1524
f 2332 3002 2330
f 2044 1528 1530
f 2044 1526 1528
f 2044 2049 1526
f 2334 3001 3002
f 2334 3002 2332
f 2045 2044 1530
f 2336 3000 3001
f 2336 3001 2334
f 2040 1530 1532
f 2040 2045 1530
f 2338 2999 3000
f 2338 3000 2336
f 2041 1532 1534
f 2041 2040 1532
f 2340 2997 2999
f 2340 2999 2338
f 2038 1534 1536
f 2038 2041 1534
f 2342 2998 2997
f 2342 2997 2340
f 2036 1536 1538
f 2036 2038 1536
f 2344 2998 2342
f 2344 2996 2998
f 2034 1538 1540
f 2034 2036 1538
f 2346 2996 2344
f 2346 2994 2996
f 2032 2034 1540
f 2032 1540 1542
f 2348 2994 2346
f 2348 2995 2994
f 2030 2032 1542
f 1544 2030 1542
f 2028 2030 1544
f 2992 2348 2350
f 2992 2995 2348
f 1546 2028 1544
f 2993 2992 2350
f 2993 2350 2352
f 1548 2028 1546
f 1548 2026 2028
f 2991 2993 2352
f 2991 2354 2356
f 2991 2352 2354
f 1550 2024 2026
f 1550 2026 1548
f 2989 2991 2356
f 2989 2356 2358
f 1552 2024 1550
f 1552 2021 2024
f 2990 2989 2358
f 2990 2358 2360
f 1554 2020 2021
f 1554 2021 1552
f 2988 2990 2360
f 1556 2018 2020
f 1556 2016 2018
f 1556 2020 1554
f 2987 2988 2360
f 2987 2360 2362
f 1558 2016 1556
f 2985 2987 2362
f 2985 2362 2364
f 1560 2016 1558
f 1560 2014 2016
f 1560 2012 2014
f 2986 2985 2364
f 2986 2364 2366
f 1562 2012 1560
f 2984 2986 2366
f 2984 2366 2369
f 1564 2012 1562
f 1564 2010 2012
f 2983 2984 2369
f 2983 2369 2368
f 1566 2008 2010
f 1566 2010 1564
f 2982 2983 2368
f 2982 2368 2371
f 1568 2004 2008
f 1568 2005 2004
f 1568 2008 1566
f 2981 2982 2371
f 2981 2371 2374
f 1570 2005 1568
f 2980 2981 2374
f 2980 2377 2376
f 2980 2374 2377
f 2955 2426 2005
f 2955 2005 1570
f 2979 2980 2376
f 2956 2424 2426
f 2956 2422 2424
f 2956 2426 2955
f 2978 2381 2380
f 2978 2376 2381
f 2978 2979 2376
f 2957 2422 2956
f 2977 2978 2380
f 2958 2418 2422
f 2958 2419 2418
f 2958 2422 2957
f 2976 2384 2387
f 2976 2380 2384
f 2976 2977 2380
f 2959 2419 2958
f 2959 2414 2419
f 2975 2976 2387
f 2960 2414 2959
f 2974 2975 2387
f 2974 2387 2386
f 2961 2415 2414
f 2961 2412 2415
f 2961 2414 2960
f 2973 2974 2386
f 2973 2386 2390
f 2962 2412 2961
f 2972 2973 2390
f 2972 2393 2392
f 2972 2390 2393
f 2963 2412 2962
f 2963 2408 2412
f 2963 2409 2408
f 2971 2972 2392
f 2964 2409 2963
f 2970 2971 2392
f 2970 2392 2395
f 2965 2409 2964
f 2965 2406 2409
f 2965 2404 2406
f 2969 2970 2395
f 2969 2395 2399
f 2966 2404 2965
f 2968 2969 2399
f 2968 2399 2398
f 2967 2404 2966
f 2967 2968 2398
f 2967 2402 2404
f 2967 2398 2402
f 2737 3007 1462
f 2737 1462 1461
f 2738 3008 3007
f 2738 3007 2737
f 2740 3009 3008
f 2740 3008 2738
f 2743 3010 3009
f 2743 3009 2740
f 2744 3011 3010
f 2744 3010 2743
f 2747 3012 3011
f 2747 3011 2744
f 2748 3013 3012
f 2748 3012 2747
f 2751 3013 2748
f 2751 3014 3013
f 2752 3014 2751
f 2752 3015 3014
f 2756 3015 2752
f 2756 3016 3015
f 2758 3016 2756
f 2758 3017 3016
f 2761 3017 2758
f 2761 3018 3017
f 2764 3018 2761
f 2764 3019 3018
f 2767 3019 2764
f 2767 3020 3019
f 2770 3020 2767
f 2770 3021 3020
f 2773 3021 2770
f 2773 3022 3021
f 2777 3022 2773
f 2777 3023 3022
f 2780 3023 2777
f 2780 3024 3023
f 2783 3025 3024
f 2783 3024 2780
f 2786 3025 2783
f 2786 3026 3025
f 2789 3027 3026
f 2789 3026 2786
f 2792 3028 3027
f 2792 3027 2789
f 2795 3028 2792
f 2795 3029 3028
f 2797 3029 2795
f 2797 3030 3029
f 2838 3030 2797
f 2838 3031 3030
f 2837 3031 2838
f 2837 3032 3031
f 2836 3032 2837
f 2836 3033 3032
f 2835 3033 2836
f 2835 3034 3033
f 2834 3034 2835
f 2834 3035 3034
f 2833 3035 2834
f 2833 3036 3035
f 2729 3036 2833
f 2729 3037 3038
f 2729 3038 3036
f 2728 3037 2729
f 2727 3037 2728
f 2727 3039 3037
f 2726 3039 2727
f 2726 3040 3039
f 2725 3040 2726
f 2725 3041 3042
f 2725 3042 3040
f 2724 3041 2725
f 2723 3041 2724
f 2723 3043 3041
f 2720 3043 2723
f 2720 3044 3045
f 2720 3045 3043
f 2717 3044 2720
f 2713 3046 3047
f 2713 3047 3044
f 2713 3044 2717
f 2709 3048 3046
f 2709 3046 2713
f 2705 3048 2709
f 2701 3049 3050
f 2701 3050 3048
f 2701 3048 2705
f 2696 3049 2701
f 2692 3051 3049
f 2692 3049 2696
f 2688 3052 3051
f 2688 3051 2692
f 2684 3052 2688
f 2684 3053 3052
f 2682 3053 2684
f 2682 3054 3053
f 2678 3054 2682
f 2678 3055 3054
f 2674 3055 2678
f 2674 3056 3055
f 2673 3056 2674
f 2673 3057 3056
f 2675 3057 2673
f 2675 1357 3058
f 2675 3058 3057
f 1355 1357 2675
f 2190 1381 1383
f 2190 2193 1381
f 2192 1379 1381
f 2192 1381 2193
f 2188 1383 1385
f 2188 2190 1383
f 2196 1377 1379
f 2196 1375 1377
f 2196 1379 2192
f 2184 1385 1387
f 2184 2188 1385
f 2198 1375 2196
f 2185 1389 1391
f 2185 1387 1389
f 2185 2184 1387
f 2201 1373 1375
f 2201 1371 1373
f 2201 1375 2198
f 2180 2185 1391
f 2200 1371 2201
f 2181 2180 1391
f 2181 1391 1394
f 2205 1371 2200
f 2205 1369 1371
f 2176 2181 1394
f 2176 1394 1397
f 2204 1369 2205
f 2204 1367 1369
f 2177 2176 1397
f 2177 1397 1396
f 2208 1365 1367
f 2208 1367 2204
f 2173 2177 1396
f 2173 1396 1401
f 2210 1363 1365
f 2210 1365 2208
f 2170 2173 1401
f 2170 1400 1404
f 2170 1401 1400
f 2212 1363 2210
f 2212 1361 1363
f 2171 2170 1404
f 2214 1361 2212
f 2214 1359 1361
f 2168 1404 1406
f 2168 2171 1404
f 2216 1359 2214
f 2216 1356 1359
f 2165 1406 1408
f 2165 2168 1406
f 2218 1356 2216
f 2218 1357 1356
f 2162 2165 1408
f 2162 1408 1410
f 2220 1357 2218
f 2220 3058 1357
f 2163 1410 1412
f 2163 2162 1410
f 2222 3058 2220
f 2222 3057 3058
f 2160 2163 1412
f 2160 1412 1414
f 2224 3057 2222
f 2224 3056 3057
f 2156 1414 1416
f 2156 2160 1414
f 2226 3055 3056
f 2226 3054 3055
f 2226 3056 2224
f 2157 1416 1418
f 2157 2156 1416
f 2228 3054 2226
f 2152 2157 1418
f 2152 1418 1420
f 2230 3054 2228
f 2230 3053 3054
f 2153 1420 1422
f 2153 2152 1420
f 2232 3052 3053
f 2232 3053 2230
f 2148 1422 1424
f 2148 2153 1422
f 2234 3051 3052
f 2234 3052 2232
f 2149 1424 1426
f 2149 2148 1424
f 2236 3049 3051
f 2236 3051 2234
f 2146 1428 1430
f 2146 1426 1428
f 2146 2149 1426
f 2238 3050 3049
f 2238 3049 2236
f 2144 2146 1430
f 2240 3048 3050
f 2240 3050 2238
f 2142 2144 1430
f 2142 1430 1432
f 2242 3048 2240
f 2242 3046 3048
f 2140 1432 1434
f 2140 2142 1432
f 3047 3046 2242
f 2244 3047 2242
f 1436 2140 1434
f 1436 2138 2140
f 2246 3047 2244
f 3044 3047 2246
f 2248 3044 2246
f 1438 2138 1436
f 1438 2136 2138
f 1438 2134 2136
f 3045 3044 2248
f 1440 2134 1438
f 3043 3045 2248
f 3043 2248 2250
f 1442 2132 2134
f 1442 2134 1440
f 3041 3043 2250
f 3041 2250 2252
f 1444 2129 2132
f 1444 2132 1442
f 1444 2128 2129
f 3042 3041 2252
f 3042 2252 2254
f 1446 2128 1444
f 3040 3042 2254
f 3040 2254 2256
f 1448 2126 2128
f 1448 2124 2126
f 1448 2128 1446
f 3039 2256 2258
f 3039 3040 2256
f 1450 2124 1448
f 3037 3039 2258
f 3037 2258 2260
f 1452 2124 1450
f 1452 2122 2124
f 3038 3037 2260
f 3038 2260 2262
f 1454 2122 1452
f 1454 2120 2122
f 3036 3038 2262
f 3036 2262 2265
f 1456 2120 1454
f 1456 2118 2120
f 1456 2116 2118
f 3035 3036 2265
f 3035 2265 2264
f 1458 2116 1456
f 3034 3035 2264
f 3034 2264 2267
f 1460 2112 2116
f 1460 2113 2112
f 1460 2116 1458
f 3033 3034 2267
f 3033 2267 2270
f 1462 2322 2113
f 1462 2113 1460
f 3032 3033 2270
f 3032 2270 2273
f 3007 2320 2322
f 3007 2322 1462
f 3031 2273 2272
f 3031 3032 2273
f 3008 2320 3007
f 3030 2272 2277
f 3030 3031 2272
f 3009 2318 2320
f 3009 2314 2318
f 3009 2320 3008
f 3029 2277 2276
f 3029 3030 2277
f 3010 2314 3009
f 3010 2315 2314
f 3028 3029 2276
f 3028 2276 2280
f 3011 2315 3010
f 3027 2280 2283
f 3027 3028 2280
f 3012 2310 2315
f 3012 2311 2310
f 3012 2315 3011
f 3026 3027 2283
f 3026 2282 2286
f 3026 2283 2282
f 3013 2311 3012
f 3025 3026 2286
f 3014 2311 3013
f 3014 2308 2311
f 3024 2286 2289
f 3024 3025 2286
f 3015 2308 3014
f 3015 2304 2308
f 3015 2305 2304
f 3023 3024 2289
f 3023 2289 2288
f 3016 2302 2305
f 3016 2305 3015
f 3022 3023 2288
f 3022 2288 2291
f 3017 2302 3016
f 3021 3022 2291
f 3021 2291 2295
f 3018 2302 3017
f 3018 2300 2302
f 3020 3021 2295
f 3020 2295 2294
f 3019 2300 3018
f 3019 3020 2294
f 3019 2298 2300
f 3019 2294 2298
