mtllib finger.mtl
o Part__Feature_007-mesh
usemtl Part__Feature_007
v -0.000860 0.001913 0.043565
v -0.001740 0.009389 0.044414
v -0.001526 0.001913 0.045918
v -0.001740 0.009389 0.044414
v -0.001297 0.009391 0.046212
v -0.001526 0.001913 0.045918
v -0.001297 0.009391 0.046212
v 0.000156 0.009388 0.046766
v -0.001526 0.001913 0.045918
v -0.001526 0.001913 0.045918
v 0.000156 0.009388 0.046766
v 0.000861 0.001913 0.046435
v -0.000156 0.009388 0.043234
v -0.001740 0.009389 0.044414
v -0.000860 0.001913 0.043565
v -0.002086 0.009431 0.045269
v -0.002153 0.010887 0.045420
v -0.001465 0.009429 0.046552
v -0.002153 0.010887 0.045420
v -0.001070 0.010884 0.046981
v -0.001465 0.009429 0.046552
v 0.000722 0.009434 0.042990
v -0.000723 0.010895 0.042878
v -0.000698 0.009432 0.043016
v -0.001465 0.009429 0.046552
v -0.001070 0.010884 0.046981
v -0.000011 0.009430 0.047117
v -0.000698 0.009432 0.043016
v -0.000723 0.010895 0.042878
v -0.001819 0.009438 0.043879
v -0.000723 0.010895 0.042878
v -0.001967 0.010890 0.044077
v -0.001819 0.009438 0.043879
v -0.001819 0.009438 0.043879
v -0.001967 0.010890 0.044077
v -0.002086 0.009431 0.045269
v -0.001967 0.010890 0.044077
v -0.002153 0.010887 0.045420
v -0.002086 0.009431 0.045269
v -0.002887 0.009435 0.043995
v -0.002975 0.009437 0.045703
v -0.003009 0.010894 0.045279
v -0.002887 0.009435 0.043995
v -0.003009 0.010894 0.045279
v -0.002455 0.010896 0.043269
v -0.001792 0.009434 0.047551
v 0.000360 0.010900 0.047968
v -0.001871 0.010907 0.047411
v -0.001792 0.009434 0.047551
v 0.000521 0.009434 0.048030
v 0.000360 0.010900 0.047968
v -0.001785 0.009434 0.042496
v -0.002887 0.009435 0.043995
v -0.002455 0.010896 0.043269
v -0.001785 0.009434 0.042496
v -0.002455 0.010896 0.043269
v -0.000970 0.010885 0.042168
v 0.000015 0.009438 0.041942
v -0.001785 0.009434 0.042496
v -0.000970 0.010885 0.042168
v 0.000015 0.009438 0.041942
v -0.000970 0.010885 0.042168
v 0.001026 0.010895 0.042150
v -0.002975 0.009437 0.045703
v -0.001792 0.009434 0.047551
v -0.001871 0.010907 0.047411
v -0.002975 0.009437 0.045703
v -0.001871 0.010907 0.047411
v -0.003009 0.010894 0.045279
v 0.002263 -0.000084 0.047263
v 0.004843 -0.000017 0.053717
v 0.002269 -0.000036 0.053746
v 0.002263 -0.000084 0.047263
v 0.007075 -0.000019 0.052769
v 0.004843 -0.000017 0.053717
v 0.008675 -0.000007 0.050319
v 0.007075 -0.000019 0.052769
v 0.002263 -0.000084 0.047263
v 0.008757 -0.000030 0.047272
v 0.008675 -0.000007 0.050319
v 0.008763 0.000011 0.036266
v 0.008759 -0.000029 0.042728
v 0.002248 -0.000076 0.042752
v 0.002270 -0.000034 0.036249
v -0.002262 -0.000084 0.047263
v -0.002268 -0.000036 0.053746
v -0.005692 0.000011 0.053604
v -0.002262 -0.000084 0.047263
v -0.005692 0.000011 0.053604
v -0.007818 -0.000040 0.051918
v -0.002262 -0.000084 0.047263
v -0.007818 -0.000040 0.051918
v -0.008709 -0.000010 0.049939
v -0.008709 -0.000010 0.049939
v -0.008758 -0.000029 0.047272
v -0.002274 -0.000037 0.036250
v -0.002244 -0.000075 0.042756
v -0.008759 -0.000030 0.042724
v -0.008772 0.000028 0.036264
v 0.008809 0.001565 0.045000
v 0.008675 -0.000007 0.050319
v 0.008757 -0.000030 0.047272
v 0.008809 0.001565 0.045000
v 0.008786 0.009348 0.050571
v 0.008675 -0.000007 0.050319
v 0.008931 0.009314 0.036090
v 0.008786 0.009348 0.050571
v 0.008809 0.001565 0.045000
v 0.008759 -0.000029 0.042728
v 0.008931 0.009314 0.036090
v 0.008809 0.001565 0.045000
v 0.008763 0.000011 0.036266
v 0.008931 0.009314 0.036090
v 0.008759 -0.000029 0.042728
v -0.008804 0.001559 0.045000
v -0.008758 -0.000029 0.047272
v -0.008709 -0.000010 0.049939
v -0.008893 0.009342 0.049900
v -0.008804 0.001559 0.045000
v -0.008709 -0.000010 0.049939
v -0.008931 0.009314 0.036090
v -0.008759 -0.000030 0.042724
v -0.008804 0.001559 0.045000
v -0.008772 0.000028 0.036264
v -0.008931 0.009314 0.036090
v -0.008804 0.001559 0.045000
v -0.008893 0.009342 0.049900
v 0.002263 -0.000084 0.047263
v 0.002269 -0.000036 0.053746
v 0.000000 0.001559 0.053804
v 0.000000 0.001489 0.045000
v 0.000000 0.001561 0.036196
v 0.002270 -0.000034 0.036249
v 0.002248 -0.000076 0.042752
v 0.000000 0.001561 0.036196
v 0.002248 -0.000076 0.042752
v 0.000000 0.001489 0.045000
v -0.002262 -0.000084 0.047263
v 0.000000 0.001489 0.045000
v 0.000000 0.001559 0.053804
v -0.002268 -0.000036 0.053746
v 0.000000 0.001561 0.036196
v 0.000000 0.001489 0.045000
v -0.002244 -0.000075 0.042756
v -0.002274 -0.000037 0.036250
v 0.000000 0.001561 0.036196
v -0.002244 -0.000075 0.042756
v -0.008931 0.009314 0.036090
v -0.002274 -0.000037 0.036250
v -0.008772 0.000028 0.036264
v 0.000000 0.001561 0.036196
v -0.002274 -0.000037 0.036250
v -0.008931 0.009314 0.036090
v 0.008931 0.009314 0.036090
v 0.002270 -0.000034 0.036249
v 0.000000 0.001561 0.036196
v 0.008931 0.009314 0.036090
v 0.008763 0.000011 0.036266
v 0.002270 -0.000034 0.036249
v 0.008931 0.009314 0.036090
v 0.000000 0.001561 0.036196
v -0.008931 0.009314 0.036090
v 0.000000 0.001559 0.053804
v 0.004730 0.009351 0.053900
v -0.005340 0.009355 0.053819
v 0.000000 0.001559 0.053804
v -0.005340 0.009355 0.053819
v -0.005692 0.000011 0.053604
v 0.000000 0.001559 0.053804
v -0.005692 0.000011 0.053604
v -0.002268 -0.000036 0.053746
v 0.004843 -0.000017 0.053717
v 0.000000 0.001559 0.053804
v 0.002269 -0.000036 0.053746
v 0.004730 0.009351 0.053900
v -0.002887 0.009435 0.043995
v -0.002707 0.009384 0.041939
v -0.003945 0.009400 0.044254
v -0.001785 0.009434 0.042496
v 0.008786 0.009348 0.050571
v 0.007493 0.009395 0.044251
v 0.007497 0.009395 0.045754
v 0.002186 0.009391 0.048375
v 0.002546 0.009437 0.046798
v 0.000521 0.009434 0.048030
v -0.005340 0.009355 0.053819
v -0.007258 0.009388 0.050689
v -0.007861 0.009355 0.052191
v 0.007498 0.009394 0.037507
v 0.008931 0.009314 0.036090
v 0.000754 0.009395 0.037503
v -0.005340 0.009355 0.053819
v -0.004972 0.009393 0.052438
v -0.007258 0.009388 0.050689
v 0.007493 0.009395 0.044251
v 0.008931 0.009314 0.036090
v 0.007498 0.009394 0.037507
v 0.008786 0.009348 0.050571
v 0.008931 0.009314 0.036090
v 0.007493 0.009395 0.044251
v -0.008931 0.009314 0.036090
v 0.000754 0.009395 0.037503
v -0.008931 0.009314 0.036090
v -0.000756 0.009394 0.037502
v -0.007492 0.009394 0.037502
v -0.008931 0.009314 0.036090
v -0.007497 0.009395 0.044247
v -0.008893 0.009342 0.049900
v -0.007861 0.009355 0.052191
v -0.007258 0.009388 0.050689
v -0.008893 0.009342 0.049900
v 0.002186 0.009391 0.048375
v 0.003445 0.009387 0.047057
v 0.002546 0.009437 0.046798
v 0.006869 0.009352 0.053103
v 0.007365 0.009394 0.050327
v 0.005344 0.009386 0.052356
v -0.007258 0.009388 0.050689
v -0.007492 0.009395 0.045749
v -0.008893 0.009342 0.049900
v -0.005340 0.009355 0.053819
v -0.000754 0.009395 0.052497
v -0.004972 0.009393 0.052438
v 0.006869 0.009352 0.053103
v 0.008786 0.009348 0.050571
v 0.007365 0.009394 0.050327
v 0.000015 0.009438 0.041942
v -0.002707 0.009384 0.041939
v -0.001785 0.009434 0.042496
v 0.003445 0.009387 0.047057
v 0.003924 0.009390 0.045734
v 0.002546 0.009437 0.046798
v 0.000015 0.009438 0.041942
v -0.000730 0.009392 0.041080
v -0.002707 0.009384 0.041939
v 0.002546 0.009437 0.046798
v 0.003924 0.009390 0.045734
v 0.003038 0.009434 0.044653
v 0.000750 0.009395 0.052492
v -0.007492 0.009395 0.045749
v -0.007497 0.009395 0.044247
v -0.008893 0.009342 0.049900
v 0.003924 0.009390 0.045734
v 0.003923 0.009390 0.044267
v 0.003038 0.009434 0.044653
v 0.000015 0.009438 0.041942
v 0.000734 0.009390 0.041077
v -0.000730 0.009392 0.041080
v 0.002078 0.009434 0.042675
v 0.002057 0.009387 0.041555
v 0.000015 0.009438 0.041942
v 0.000734 0.009390 0.041077
v 0.003923 0.009390 0.044267
v 0.003376 0.009391 0.042815
v 0.003038 0.009434 0.044653
v 0.004730 0.009351 0.053900
v 0.000750 0.009395 0.052492
v -0.000733 0.009390 0.048923
v -0.000754 0.009395 0.052497
v -0.007492 0.009395 0.045749
v -0.003923 0.009390 0.045733
v -0.007497 0.009395 0.044247
v 0.002078 0.009434 0.042675
v -0.002056 0.009387 0.048445
v -0.001792 0.009434 0.047551
v -0.003375 0.009391 0.047185
v 0.002078 0.009434 0.042675
v 0.003376 0.009391 0.042815
v 0.002057 0.009387 0.041555
v -0.007492 0.009394 0.037502
v -0.000756 0.009394 0.037502
v 0.003924 0.009390 0.045734
v 0.007497 0.009395 0.045754
v 0.003923 0.009390 0.044267
v -0.001792 0.009434 0.047551
v -0.002975 0.009437 0.045703
v -0.003375 0.009391 0.047185
v 0.008786 0.009348 0.050571
v 0.007497 0.009395 0.045754
v 0.007365 0.009394 0.050327
v -0.000733 0.009390 0.048923
v -0.001792 0.009434 0.047551
v -0.002056 0.009387 0.048445
v -0.003375 0.009391 0.047185
v -0.002975 0.009437 0.045703
v -0.003923 0.009390 0.045733
v 0.004730 0.009351 0.053900
v 0.005344 0.009386 0.052356
v 0.000750 0.009395 0.052492
v -0.000733 0.009390 0.048923
v 0.000521 0.009434 0.048030
v -0.001792 0.009434 0.047551
v 0.000734 0.009390 0.041077
v 0.000754 0.009395 0.037503
v -0.000730 0.009392 0.041080
v 0.000734 0.009390 0.048923
v -0.000756 0.009394 0.037502
v -0.003923 0.009390 0.045733
v -0.003945 0.009400 0.044254
v -0.007497 0.009395 0.044247
v -0.003923 0.009390 0.045733
v -0.002975 0.009437 0.045703
v -0.003945 0.009400 0.044254
v 0.000734 0.009390 0.048923
v 0.000521 0.009434 0.048030
v -0.000733 0.009390 0.048923
v 0.007493 0.009395 0.044251
v -0.002975 0.009437 0.045703
v -0.002887 0.009435 0.043995
v -0.003945 0.009400 0.044254
v 0.006869 0.009352 0.053103
v 0.005344 0.009386 0.052356
v 0.004730 0.009351 0.053900
v 0.002186 0.009391 0.048375
v 0.000521 0.009434 0.048030
v 0.000734 0.009390 0.048923
v 0.008786 0.009348 0.050571
v 0.006869 0.009352 0.053103
v 0.007075 -0.000019 0.052769
v 0.008786 0.009348 0.050571
v 0.007075 -0.000019 0.052769
v 0.008675 -0.000007 0.050319
v 0.006869 0.009352 0.053103
v 0.004843 -0.000017 0.053717
v 0.007075 -0.000019 0.052769
v 0.006869 0.009352 0.053103
v 0.004730 0.009351 0.053900
v 0.004843 -0.000017 0.053717
v -0.007861 0.009355 0.052191
v -0.007818 -0.000040 0.051918
v -0.005692 0.000011 0.053604
v -0.005340 0.009355 0.053819
v -0.007861 0.009355 0.052191
v -0.005692 0.000011 0.053604
v -0.008893 0.009342 0.049900
v -0.008709 -0.000010 0.049939
v -0.007818 -0.000040 0.051918
v -0.007861 0.009355 0.052191
v 0.007493 0.009395 0.044251
v 0.007333 0.001442 0.037673
v 0.007331 0.001442 0.044080
v 0.007498 0.009394 0.037507
v 0.003923 0.009390 0.044267
v 0.007331 0.001442 0.044080
v 0.004115 0.001434 0.044041
v 0.007493 0.009395 0.044251
v 0.007331 0.001442 0.044080
v 0.003923 0.009390 0.044267
v 0.000914 0.001440 0.040925
v 0.000734 0.009390 0.041077
v 0.002057 0.009387 0.041555
v 0.002675 0.001428 0.041713
v 0.000914 0.001440 0.040925
v 0.002057 0.009387 0.041555
v 0.002675 0.001428 0.041713
v 0.002057 0.009387 0.041555
v 0.003376 0.009391 0.042815
v 0.004115 0.001434 0.044041
v 0.002675 0.001428 0.041713
v 0.003376 0.009391 0.042815
v 0.004115 0.001434 0.044041
v 0.003376 0.009391 0.042815
v 0.003923 0.009390 0.044267
v 0.000916 0.001442 0.037673
v 0.000734 0.009390 0.041077
v 0.000914 0.001440 0.040925
v 0.000916 0.001442 0.037673
v 0.000754 0.009395 0.037503
v 0.000734 0.009390 0.041077
v 0.007333 0.001442 0.037673
v 0.007498 0.009394 0.037507
v 0.000916 0.001442 0.037673
v 0.000754 0.009395 0.037503
v 0.002675 0.001428 0.041713
v 0.000916 0.001442 0.037673
v 0.000914 0.001440 0.040925
v 0.007333 0.001442 0.037673
v 0.000916 0.001442 0.037673
v 0.002675 0.001428 0.041713
v 0.007331 0.001442 0.044080
v 0.004115 0.001434 0.044041
v -0.007333 0.001443 0.037672
v -0.000756 0.009394 0.037502
v -0.007492 0.009394 0.037502
v -0.000916 0.001442 0.037673
v -0.000730 0.009392 0.041080
v -0.000916 0.001442 0.037673
v -0.000909 0.001442 0.040927
v -0.000756 0.009394 0.037502
v -0.000916 0.001442 0.037673
v -0.000730 0.009392 0.041080
v -0.003045 0.001420 0.041957
v -0.003945 0.009400 0.044254
v -0.002707 0.009384 0.041939
v -0.003045 0.001420 0.041957
v -0.004073 0.001442 0.044090
v -0.003945 0.009400 0.044254
v -0.000909 0.001442 0.040927
v -0.002707 0.009384 0.041939
v -0.000730 0.009392 0.041080
v -0.000909 0.001442 0.040927
v -0.003045 0.001420 0.041957
v -0.002707 0.009384 0.041939
v -0.003945 0.009400 0.044254
v -0.007332 0.001443 0.044080
v -0.007497 0.009395 0.044247
v -0.004073 0.001442 0.044090
v -0.007333 0.001443 0.037672
v -0.007497 0.009395 0.044247
v -0.007332 0.001443 0.044080
v -0.007492 0.009394 0.037502
v -0.003045 0.001420 0.041957
v -0.000916 0.001442 0.037673
v -0.007333 0.001443 0.037672
v -0.003045 0.001420 0.041957
v -0.007333 0.001443 0.037672
v -0.007332 0.001443 0.044080
v -0.000909 0.001442 0.040927
v -0.000916 0.001442 0.037673
v -0.003045 0.001420 0.041957
v -0.004073 0.001442 0.044090
v -0.003045 0.001420 0.041957
v -0.007332 0.001443 0.044080
v -0.007141 0.001431 0.050442
v -0.007258 0.009388 0.050689
v -0.005090 0.001432 0.052228
v -0.007258 0.009388 0.050689
v -0.004972 0.009393 0.052438
v -0.005090 0.001432 0.052228
v -0.007332 0.001444 0.045920
v -0.007258 0.009388 0.050689
v -0.007141 0.001431 0.050442
v -0.007332 0.001444 0.045920
v -0.007492 0.009395 0.045749
v -0.007258 0.009388 0.050689
v -0.007332 0.001444 0.045920
v -0.003923 0.009390 0.045733
v -0.007492 0.009395 0.045749
v -0.004115 0.001433 0.045959
v -0.003923 0.009390 0.045733
v -0.007332 0.001444 0.045920
v -0.000913 0.001440 0.049075
v -0.000733 0.009390 0.048923
v -0.002056 0.009387 0.048445
v -0.002675 0.001427 0.048287
v -0.000913 0.001440 0.049075
v -0.002056 0.009387 0.048445
v -0.002675 0.001427 0.048287
v -0.002056 0.009387 0.048445
v -0.003375 0.009391 0.047185
v -0.004115 0.001433 0.045959
v -0.002675 0.001427 0.048287
v -0.003375 0.009391 0.047185
v -0.004115 0.001433 0.045959
v -0.003375 0.009391 0.047185
v -0.003923 0.009390 0.045733
v -0.000733 0.009390 0.048923
v -0.000916 0.001443 0.052328
v -0.000754 0.009395 0.052497
v -0.000733 0.009390 0.048923
v -0.000913 0.001440 0.049075
v -0.000916 0.001443 0.052328
v -0.004972 0.009393 0.052438
v -0.000916 0.001443 0.052328
v -0.005090 0.001432 0.052228
v -0.000754 0.009395 0.052497
v -0.000916 0.001443 0.052328
v -0.004972 0.009393 0.052438
v -0.004115 0.001433 0.045959
v -0.007332 0.001444 0.045920
v -0.007141 0.001431 0.050442
v -0.002675 0.001427 0.048287
v -0.005090 0.001432 0.052228
v -0.005090 0.001432 0.052228
v -0.000913 0.001440 0.049075
v -0.002675 0.001427 0.048287
v -0.000916 0.001443 0.052328
v -0.000913 0.001440 0.049075
v 0.006608 0.001413 0.051169
v 0.007365 0.009394 0.050327
v 0.007310 0.001436 0.049581
v 0.004925 0.001437 0.052263
v 0.005344 0.009386 0.052356
v 0.006608 0.001413 0.051169
v 0.005344 0.009386 0.052356
v 0.007365 0.009394 0.050327
v 0.006608 0.001413 0.051169
v 0.005344 0.009386 0.052356
v 0.000916 0.001444 0.052327
v 0.000750 0.009395 0.052492
v 0.005344 0.009386 0.052356
v 0.004925 0.001437 0.052263
v 0.000916 0.001444 0.052327
v 0.000916 0.001444 0.052327
v 0.000734 0.009390 0.048923
v 0.000750 0.009395 0.052492
v 0.000959 0.001433 0.049115
v 0.000734 0.009390 0.048923
v 0.000916 0.001444 0.052327
v 0.004076 0.001440 0.045913
v 0.003924 0.009390 0.045734
v 0.003445 0.009387 0.047057
v 0.003287 0.001427 0.047676
v 0.004076 0.001440 0.045913
v 0.003445 0.009387 0.047057
v 0.003287 0.001427 0.047676
v 0.003445 0.009387 0.047057
v 0.002186 0.009391 0.048375
v 0.000959 0.001433 0.049115
v 0.003287 0.001427 0.047676
v 0.002186 0.009391 0.048375
v 0.000959 0.001433 0.049115
v 0.002186 0.009391 0.048375
v 0.000734 0.009390 0.048923
v 0.007332 0.001443 0.045920
v 0.003924 0.009390 0.045734
v 0.004076 0.001440 0.045913
v 0.007332 0.001443 0.045920
v 0.007497 0.009395 0.045754
v 0.003924 0.009390 0.045734
v 0.007365 0.009394 0.050327
v 0.007332 0.001443 0.045920
v 0.007310 0.001436 0.049581
v 0.007497 0.009395 0.045754
v 0.007332 0.001443 0.045920
v 0.007365 0.009394 0.050327
v 0.004925 0.001437 0.052263
v 0.003287 0.001427 0.047676
v 0.000959 0.001433 0.049115
v 0.000916 0.001444 0.052327
v 0.007310 0.001436 0.049581
v 0.004076 0.001440 0.045913
v 0.003287 0.001427 0.047676
v 0.007310 0.001436 0.049581
v 0.007332 0.001443 0.045920
v 0.004076 0.001440 0.045913
v 0.006608 0.001413 0.051169
v 0.007310 0.001436 0.049581
v 0.003287 0.001427 0.047676
v 0.006608 0.001413 0.051169
v 0.003287 0.001427 0.047676
v 0.004925 0.001437 0.052263
v -0.000723 0.010895 0.042878
v -0.002455 0.010896 0.043269
v -0.001967 0.010890 0.044077
v -0.001967 0.010890 0.044077
v -0.002455 0.010896 0.043269
v -0.003009 0.010894 0.045279
v -0.000723 0.010895 0.042878
v -0.000970 0.010885 0.042168
v -0.002455 0.010896 0.043269
v -0.002153 0.010887 0.045420
v -0.000723 0.010895 0.042878
v 0.001026 0.010895 0.042150
v -0.000970 0.010885 0.042168
v 0.000985 0.010888 0.043066
v 0.001026 0.010895 0.042150
v -0.002153 0.010887 0.045420
v -0.003009 0.010894 0.045279
v -0.001871 0.010907 0.047411
v 0.002000 0.010897 0.044086
v 0.001026 0.010895 0.042150
v 0.000985 0.010888 0.043066
v 0.002346 0.010887 0.043179
v 0.001026 0.010895 0.042150
v 0.002000 0.010897 0.044086
v -0.001070 0.010884 0.046981
v -0.002153 0.010887 0.045420
v -0.001871 0.010907 0.047411
v 0.002999 0.010897 0.044645
v 0.002346 0.010887 0.043179
v 0.002000 0.010897 0.044086
v 0.000360 0.010900 0.047968
v 0.000827 0.010891 0.047019
v -0.001070 0.010884 0.046981
v 0.000360 0.010900 0.047968
v -0.001070 0.010884 0.046981
v -0.001871 0.010907 0.047411
v 0.002999 0.010897 0.044645
v 0.002000 0.010897 0.044086
v 0.002051 0.010870 0.045824
v 0.002339 0.010885 0.046955
v 0.002999 0.010897 0.044645
v 0.002051 0.010870 0.045824
v 0.000360 0.010900 0.047968
v 0.002051 0.010870 0.045824
v 0.000827 0.010891 0.047019
v 0.002339 0.010885 0.046955
v 0.002051 0.010870 0.045824
v 0.002546 0.009437 0.046798
v 0.003038 0.009434 0.044653
v 0.002999 0.010897 0.044645
v 0.002546 0.009437 0.046798
v 0.002999 0.010897 0.044645
v 0.002339 0.010885 0.046955
v 0.002078 0.009434 0.042675
v 0.000015 0.009438 0.041942
v 0.001026 0.010895 0.042150
v 0.000521 0.009434 0.048030
v 0.002546 0.009437 0.046798
v 0.002339 0.010885 0.046955
v 0.002078 0.009434 0.042675
v 0.001026 0.010895 0.042150
v 0.002346 0.010887 0.043179
v 0.000521 0.009434 0.048030
v 0.002339 0.010885 0.046955
v 0.000360 0.010900 0.047968
v 0.002078 0.009434 0.042675
v 0.002346 0.010887 0.043179
v 0.002999 0.010897 0.044645
v 0.003038 0.009434 0.044653
v 0.002078 0.009434 0.042675
v 0.002999 0.010897 0.044645
v 0.002155 0.009418 0.044564
v 0.002000 0.010897 0.044086
v 0.000722 0.009434 0.042990
v -0.001070 0.010884 0.046981
v 0.000827 0.010891 0.047019
v -0.000011 0.009430 0.047117
v 0.002000 0.010897 0.044086
v 0.000985 0.010888 0.043066
v 0.000722 0.009434 0.042990
v -0.000011 0.009430 0.047117
v 0.000827 0.010891 0.047019
v 0.001448 0.009429 0.046568
v 0.000985 0.010888 0.043066
v -0.000723 0.010895 0.042878
v 0.000722 0.009434 0.042990
v 0.000827 0.010891 0.047019
v 0.002051 0.010870 0.045824
v 0.001448 0.009429 0.046568
v 0.001448 0.009429 0.046568
v 0.002051 0.010870 0.045824
v 0.002155 0.009418 0.044564
v 0.002051 0.010870 0.045824
v 0.002000 0.010897 0.044086
v 0.002155 0.009418 0.044564
v 0.000861 0.001913 0.046435
v 0.001741 0.009389 0.045586
v 0.001526 0.001912 0.044082
v 0.001741 0.009389 0.045586
v 0.001298 0.009391 0.043788
v 0.001526 0.001912 0.044082
v 0.001298 0.009391 0.043788
v -0.000156 0.009388 0.043234
v 0.001526 0.001912 0.044082
v 0.001526 0.001912 0.044082
v -0.000156 0.009388 0.043234
v -0.000860 0.001913 0.043565
v 0.000156 0.009388 0.046766
v 0.001741 0.009389 0.045586
v 0.000861 0.001913 0.046435
v -0.001740 0.009389 0.044414
v -0.001819 0.009438 0.043879
v -0.002086 0.009431 0.045269
v 0.001298 0.009391 0.043788
v 0.002155 0.009418 0.044564
v 0.000722 0.009434 0.042990
v -0.000156 0.009388 0.043234
v 0.000722 0.009434 0.042990
v -0.000698 0.009432 0.043016
v -0.000011 0.009430 0.047117
v -0.001297 0.009391 0.046212
v -0.001465 0.009429 0.046552
v 0.001448 0.009429 0.046568
v 0.001741 0.009389 0.045586
v 0.000156 0.009388 0.046766
v -0.001297 0.009391 0.046212
v -0.001740 0.009389 0.044414
v -0.001465 0.009429 0.046552
v -0.001465 0.009429 0.046552
v -0.001740 0.009389 0.044414
v -0.002086 0.009431 0.045269
v -0.000011 0.009430 0.047117
v 0.000156 0.009388 0.046766
v -0.001297 0.009391 0.046212
v -0.001740 0.009389 0.044414
v -0.000698 0.009432 0.043016
v -0.001819 0.009438 0.043879
v -0.001740 0.009389 0.044414
v -0.000156 0.009388 0.043234
v -0.000698 0.009432 0.043016
v 0.001448 0.009429 0.046568
v 0.002155 0.009418 0.044564
v 0.001741 0.009389 0.045586
v -0.000011 0.009430 0.047117
v 0.001448 0.009429 0.046568
v 0.000156 0.009388 0.046766
v 0.001741 0.009389 0.045586
v 0.002155 0.009418 0.044564
v 0.001298 0.009391 0.043788
v 0.001298 0.009391 0.043788
v 0.000722 0.009434 0.042990
v -0.000156 0.009388 0.043234
v 0.000861 0.001913 0.046435
v 0.001526 0.001912 0.044082
v -0.000860 0.001913 0.043565
v -0.001526 0.001913 0.045918
v -0.002244 -0.000075 0.042756
v 0.000000 0.001489 0.045000
v -0.008804 0.001559 0.045000
v -0.002244 -0.000075 0.042756
v -0.008804 0.001559 0.045000
v -0.008759 -0.000030 0.042724
v -0.002262 -0.000084 0.047263
v -0.008758 -0.000029 0.047272
v -0.008804 0.001559 0.045000
v 0.000000 0.001489 0.045000
v -0.002262 -0.000084 0.047263
v -0.008804 0.001559 0.045000
v 0.008809 0.001565 0.045000
v 0.008757 -0.000030 0.047272
v 0.002263 -0.000084 0.047263
v 0.008809 0.001565 0.045000
v 0.002263 -0.000084 0.047263
v 0.000000 0.001489 0.045000
v 0.008809 0.001565 0.045000
v 0.000000 0.001489 0.045000
v 0.002248 -0.000076 0.042752
v 0.008759 -0.000029 0.042728
v 0.008809 0.001565 0.045000
v 0.002248 -0.000076 0.042752
vn 0.959028 0.082102 0.271156
vn 0.959028 0.082102 0.271156
vn 0.959028 0.082102 0.271156
vn 0.970720 -0.020259 -0.239358
vn 0.970720 -0.020259 -0.239358
vn 0.970720 -0.020259 -0.239358
vn 0.356231 0.025843 -0.934040
vn 0.356231 0.025843 -0.934040
vn 0.356231 0.025843 -0.934040
vn 0.211440 0.063110 -0.975352
vn 0.211440 0.063110 -0.975352
vn 0.211440 0.063110 -0.975352
vn 0.596965 -0.020778 0.801998
vn 0.596965 -0.020778 0.801998
vn 0.596965 -0.020778 0.801998
vn 0.896607 0.086373 -0.434323
vn 0.896607 0.086373 -0.434323
vn 0.896607 0.086373 -0.434323
vn 0.820271 -0.054515 -0.569371
vn 0.820271 -0.054515 -0.569371
vn 0.820271 -0.054515 -0.569371
vn 0.018628 0.094788 0.995323
vn 0.018628 0.094788 0.995323
vn 0.018628 0.094788 0.995323
vn 0.356916 0.174058 -0.917777
vn 0.356916 0.174058 -0.917777
vn 0.356916 0.174058 -0.917777
vn 0.607687 0.085635 0.789547
vn 0.607687 0.085635 0.789547
vn 0.607687 0.085635 0.789547
vn 0.693937 -0.027354 0.719516
vn 0.693937 -0.027354 0.719516
vn 0.693937 -0.027354 0.719516
vn 0.979259 0.074041 0.188598
vn 0.979259 0.074041 0.188598
vn 0.979259 0.074041 0.188598
vn 0.990066 0.031096 0.137120
vn 0.990066 0.031096 0.137120
vn 0.990066 0.031096 0.137120
vn -0.997920 -0.038459 -0.051731
vn -0.997920 -0.038459 -0.051731
vn -0.997920 -0.038459 -0.051731
vn -0.953038 0.150889 -0.262585
vn -0.953038 0.150889 -0.262585
vn -0.953038 0.150889 -0.262585
vn -0.241304 0.078843 0.967242
vn -0.241304 0.078843 0.967242
vn -0.241304 0.078843 0.967242
vn -0.202868 0.019099 0.979020
vn -0.202868 0.019099 0.979020
vn -0.202868 0.019099 0.979020
vn -0.804307 -0.056508 -0.591521
vn -0.804307 -0.056508 -0.591521
vn -0.804307 -0.056508 -0.591521
vn -0.588053 0.150006 -0.794791
vn -0.588053 0.150006 -0.794791
vn -0.588053 0.150006 -0.794791
vn -0.293755 -0.051414 -0.954497
vn -0.293755 -0.051414 -0.954497
vn -0.293755 -0.051414 -0.954497
vn -0.009515 0.147414 -0.989029
vn -0.009515 0.147414 -0.989029
vn -0.009515 0.147414 -0.989029
vn -0.842105 0.005896 0.539282
vn -0.842105 0.005896 0.539282
vn -0.842105 0.005896 0.539282
vn -0.876552 0.115479 0.467248
vn -0.876552 0.115479 0.467248
vn -0.876552 0.115479 0.467248
vn 0.007624 -0.999944 0.007286
vn 0.007624 -0.999944 0.007286
vn 0.007624 -0.999944 0.007286
vn 0.003055 -0.999954 0.009113
vn 0.003055 -0.999954 0.009113
vn 0.003055 -0.999954 0.009113
vn 0.010893 -0.999938 0.002263
vn 0.010893 -0.999938 0.002263
vn 0.010893 -0.999938 0.002263
vn 0.008302 -0.999936 0.007699
vn 0.008302 -0.999936 0.007699
vn 0.007298 -0.999955 -0.006123
vn 0.007298 -0.999955 -0.006123
vn 0.007298 -0.999955 -0.006123
vn 0.006982 -0.999955 -0.006440
vn -0.014178 -0.999873 0.007280
vn -0.014178 -0.999873 0.007280
vn -0.014178 -0.999873 0.007280
vn 0.008410 -0.999775 0.019495
vn 0.008410 -0.999775 0.019495
vn 0.008410 -0.999775 0.019495
vn -0.014798 -0.999857 -0.008204
vn -0.014798 -0.999857 -0.008204
vn -0.014798 -0.999857 -0.008204
vn -0.008424 -0.999939 0.007150
vn -0.008424 -0.999939 0.007150
vn -0.006763 -0.999960 -0.005788
vn -0.006763 -0.999960 -0.005788
vn -0.006763 -0.999960 -0.005788
vn -0.009927 -0.999911 -0.008957
vn 0.999624 0.005455 0.026874
vn 0.999624 0.005455 0.026874
vn 0.999624 0.005455 0.026874
vn 0.999690 -0.012446 0.021586
vn 0.999690 -0.012446 0.021586
vn 0.999690 -0.012446 0.021586
vn 0.999941 -0.004187 0.010048
vn 0.999941 -0.004187 0.010048
vn 0.999941 -0.004187 0.010048
vn 0.999720 -0.022839 -0.006177
vn 0.999720 -0.022839 -0.006177
vn 0.999720 -0.022839 -0.006177
vn 0.999836 -0.018127 0.000458
vn 0.999836 -0.018127 0.000458
vn 0.999836 -0.018127 0.000458
vn -0.999830 -0.003178 0.018154
vn -0.999830 -0.003178 0.018154
vn -0.999830 -0.003178 0.018154
vn -0.999725 -0.019582 0.012941
vn -0.999725 -0.019582 0.012941
vn -0.999725 -0.019582 0.012941
vn -0.999753 -0.021727 -0.004701
vn -0.999753 -0.021727 -0.004701
vn -0.999753 -0.021727 -0.004701
vn -0.999853 -0.017055 0.001882
vn -0.999910 -0.013169 0.002750
vn -0.999910 -0.013169 0.002750
vn -0.999910 -0.013169 0.002750
vn -0.575113 -0.818048 0.006493
vn -0.575113 -0.818048 0.006493
vn -0.575113 -0.818048 0.006493
vn -0.575049 -0.818093 0.006526
vn -0.574948 -0.818158 -0.007235
vn -0.574948 -0.818158 -0.007235
vn -0.574948 -0.818158 -0.007235
vn -0.575913 -0.817484 -0.006735
vn -0.575913 -0.817484 -0.006735
vn -0.575913 -0.817484 -0.006735
vn 0.575049 -0.818093 0.006526
vn 0.575049 -0.818093 0.006526
vn 0.575049 -0.818093 0.006526
vn 0.575113 -0.818048 0.006493
vn 0.576083 -0.817363 -0.006734
vn 0.576083 -0.817363 -0.006734
vn 0.576083 -0.817363 -0.006734
vn 0.574820 -0.818247 -0.007387
vn 0.574820 -0.818247 -0.007387
vn 0.574820 -0.818247 -0.007387
vn -0.002470 -0.018780 -0.999821
vn -0.002470 -0.018780 -0.999821
vn -0.002470 -0.018780 -0.999821
vn -0.007602 -0.022433 -0.999720
vn -0.007602 -0.022433 -0.999720
vn -0.007602 -0.022433 -0.999720
vn 0.007441 -0.022247 -0.999725
vn 0.007441 -0.022247 -0.999725
vn 0.007441 -0.022247 -0.999725
vn 0.002751 -0.018907 -0.999817
vn 0.002751 -0.018907 -0.999817
vn 0.002751 -0.018907 -0.999817
vn -0.000001 -0.013678 -0.999906
vn -0.000001 -0.013678 -0.999906
vn -0.000001 -0.013678 -0.999906
vn -0.007984 -0.007450 0.999940
vn -0.007984 -0.007450 0.999940
vn -0.007984 -0.007450 0.999940
vn -0.029161 -0.021954 0.999334
vn -0.029161 -0.021954 0.999334
vn -0.029161 -0.021954 0.999334
vn -0.041183 0.022315 0.998902
vn -0.041183 0.022315 0.998902
vn -0.041183 0.022315 0.998902
vn 0.011384 -0.020088 0.999734
vn 0.011384 -0.020088 0.999734
vn 0.011384 -0.020088 0.999734
vn 0.011627 -0.019351 0.999745
vn -0.039798 0.998802 -0.028492
vn -0.039798 0.998802 -0.028492
vn -0.039798 0.998802 -0.028492
vn -0.037502 0.998896 -0.028294
vn 0.036171 0.999346 0.000001
vn 0.036171 0.999346 0.000001
vn 0.036171 0.999346 0.000001
vn 0.019150 0.999259 0.033400
vn 0.019150 0.999259 0.033400
vn 0.019150 0.999259 0.033400
vn -0.011044 0.999792 0.017172
vn -0.011044 0.999792 0.017172
vn -0.011044 0.999792 0.017172
vn 0.000214 0.998414 -0.056299
vn 0.000214 0.998414 -0.056299
vn 0.000214 0.998414 -0.056299
vn -0.019055 0.999575 0.022079
vn -0.019055 0.999575 0.022079
vn -0.019055 0.999575 0.022079
vn 0.055749 0.998445 -0.000120
vn 0.055749 0.998445 -0.000120
vn 0.055749 0.998445 -0.000120
vn 0.045554 0.998960 -0.001922
vn 0.045554 0.998960 -0.001922
vn 0.045554 0.998960 -0.001922
vn 0.000041 0.998358 -0.057290
vn -0.000392 0.998523 -0.054337
vn -0.000392 0.998523 -0.054337
vn -0.000392 0.998523 -0.054337
vn -0.054979 0.998488 -0.000174
vn -0.054979 0.998488 -0.000174
vn -0.054979 0.998488 -0.000174
vn -0.045326 0.998971 -0.001876
vn -0.032153 0.999445 0.008700
vn -0.032153 0.999445 0.008700
vn -0.032153 0.999445 0.008700
vn 0.044203 0.998257 0.039100
vn 0.044203 0.998257 0.039100
vn 0.044203 0.998257 0.039100
vn 0.013567 0.999757 0.017380
vn 0.013567 0.999757 0.017380
vn 0.013567 0.999757 0.017380
vn -0.029314 0.999566 0.002813
vn -0.029314 0.999566 0.002813
vn -0.029314 0.999566 0.002813
vn -0.000841 0.999637 0.026929
vn -0.000841 0.999637 0.026929
vn -0.000841 0.999637 0.026929
vn 0.028572 0.999390 0.020059
vn 0.028572 0.999390 0.020059
vn 0.028572 0.999390 0.020059
vn -0.019755 0.998145 -0.057584
vn -0.019755 0.998145 -0.057584
vn -0.019755 0.998145 -0.057584
vn 0.049604 0.998561 0.020363
vn 0.049604 0.998561 0.020363
vn 0.049604 0.998561 0.020363
vn -0.019803 0.999155 -0.036025
vn -0.019803 0.999155 -0.036025
vn -0.019803 0.999155 -0.036025
vn 0.039880 0.999174 0.007757
vn 0.039880 0.999174 0.007757
vn 0.039880 0.999174 0.007757
vn -0.000158 0.999571 0.029295
vn -0.037346 0.999302 0.000099
vn -0.037346 0.999302 0.000099
vn -0.037346 0.999302 0.000099
vn 0.048994 0.998799 0.000278
vn 0.048994 0.998799 0.000278
vn 0.048994 0.998799 0.000278
vn 0.001217 0.998532 -0.054158
vn 0.001217 0.998532 -0.054158
vn 0.001217 0.998532 -0.054158
vn 0.016850 0.998942 -0.042784
vn 0.016850 0.998942 -0.042784
vn 0.016850 0.998942 -0.042784
vn 0.017210 0.999015 -0.040900
vn 0.042098 0.998993 -0.015542
vn 0.042098 0.998993 -0.015542
vn 0.042098 0.998993 -0.015542
vn 0.000135 0.999531 0.030638
vn -0.000256 0.999999 -0.001215
vn -0.000256 0.999999 -0.001215
vn -0.000256 0.999999 -0.001215
vn 0.001257 0.999999 -0.000023
vn 0.001257 0.999999 -0.000023
vn 0.001257 0.999999 -0.000023
vn 0.035297 0.999236 -0.016795
vn -0.036478 0.998474 0.041457
vn -0.036478 0.998474 0.041457
vn -0.036478 0.998474 0.041457
vn 0.038093 0.998342 -0.043146
vn 0.038093 0.998342 -0.043146
vn 0.038093 0.998342 -0.043146
vn -0.000084 0.998425 -0.056107
vn -0.000084 0.998425 -0.056107
vn -0.001366 0.999999 0.000284
vn -0.001366 0.999999 0.000284
vn -0.001366 0.999999 0.000284
vn -0.032075 0.999236 0.022315
vn -0.032075 0.999236 0.022315
vn -0.032075 0.999236 0.022315
vn 0.031826 0.999493 0.001164
vn 0.031826 0.999493 0.001164
vn 0.031826 0.999493 0.001164
vn -0.019534 0.998728 0.046486
vn -0.019534 0.998728 0.046486
vn -0.019534 0.998728 0.046486
vn -0.048364 0.998669 0.017905
vn -0.048364 0.998669 0.017905
vn -0.048364 0.998669 0.017905
vn 0.002701 0.999723 0.023384
vn 0.002701 0.999723 0.023384
vn 0.002701 0.999723 0.023384
vn -0.008155 0.999255 0.037722
vn -0.008155 0.999255 0.037722
vn -0.008155 0.999255 0.037722
vn 0.001346 0.999998 0.001444
vn 0.001346 0.999998 0.001444
vn 0.001346 0.999998 0.001444
vn 0.000285 0.999999 -0.001441
vn -0.000427 1.000000 0.000708
vn -0.001589 0.999976 0.006820
vn -0.001589 0.999976 0.006820
vn -0.001589 0.999976 0.006820
vn -0.048703 0.998785 0.007511
vn -0.048703 0.998785 0.007511
vn -0.048703 0.998785 0.007511
vn 0.000278 0.998772 0.049545
vn 0.000278 0.998772 0.049545
vn 0.000278 0.998772 0.049545
vn -0.001297 0.999999 0.000121
vn -0.033497 0.999435 -0.002676
vn -0.033497 0.999435 -0.002676
vn -0.033497 0.999435 -0.002676
vn 0.009329 0.999618 0.026019
vn 0.009329 0.999618 0.026019
vn 0.009329 0.999618 0.026019
vn 0.016599 0.998819 0.045655
vn 0.016599 0.998819 0.045655
vn 0.016599 0.998819 0.045655
vn 0.797174 -0.003928 0.603737
vn 0.797174 -0.003928 0.603737
vn 0.797174 -0.003928 0.603737
vn 0.837169 -0.024691 0.546387
vn 0.837169 -0.024691 0.546387
vn 0.837169 -0.024691 0.546387
vn 0.390782 -0.024143 0.920167
vn 0.390782 -0.024143 0.920167
vn 0.390782 -0.024143 0.920167
vn 0.349193 -0.014052 0.936946
vn 0.349193 -0.014052 0.936946
vn 0.349193 -0.014052 0.936946
vn -0.620774 -0.025640 0.783571
vn -0.620774 -0.025640 0.783571
vn -0.620774 -0.025640 0.783571
vn -0.542501 0.001066 0.840055
vn -0.542501 0.001066 0.840055
vn -0.542501 0.001066 0.840055
vn -0.911730 -0.016160 0.410472
vn -0.911730 -0.016160 0.410472
vn -0.911730 -0.016160 0.410472
vn -0.911626 -0.016097 0.410706
vn -0.999793 0.020334 -0.000336
vn -0.999793 0.020334 -0.000336
vn -0.999793 0.020334 -0.000336
vn -0.999784 0.020749 -0.000838
vn 0.012140 0.028628 -0.999516
vn 0.012140 0.028628 -0.999516
vn 0.012140 0.028628 -0.999516
vn -0.004508 0.021497 -0.999759
vn -0.004508 0.021497 -0.999759
vn -0.004508 0.021497 -0.999759
vn 0.339868 0.025670 -0.940123
vn 0.339868 0.025670 -0.940123
vn 0.339868 0.025670 -0.940123
vn 0.408673 0.013585 -0.912580
vn 0.408673 0.013585 -0.912580
vn 0.408673 0.013585 -0.912580
vn 0.690183 0.039235 -0.722571
vn 0.690183 0.039235 -0.722571
vn 0.690183 0.039235 -0.722571
vn 0.850401 -0.002023 -0.526130
vn 0.850401 -0.002023 -0.526130
vn 0.850401 -0.002023 -0.526130
vn 0.935144 0.032575 -0.352767
vn 0.935144 0.032575 -0.352767
vn 0.935144 0.032575 -0.352767
vn 0.999745 0.022572 0.000867
vn 0.999745 0.022572 0.000867
vn 0.999745 0.022572 0.000867
vn 0.999774 0.020520 0.005660
vn 0.999774 0.020520 0.005660
vn 0.999774 0.020520 0.005660
vn -0.000030 0.020862 0.999783
vn -0.000030 0.020862 0.999783
vn -0.000030 0.020862 0.999783
vn -0.000635 0.021361 0.999772
vn 0.006855 0.999976 0.000632
vn 0.006855 0.999976 0.000632
vn 0.006855 0.999976 0.000632
vn 0.000048 0.999994 0.003596
vn 0.000048 0.999994 0.003596
vn 0.000048 0.999994 0.003596
vn -0.002483 0.999997 -0.000932
vn -0.002483 0.999997 -0.000932
vn 0.000015 0.021388 0.999771
vn 0.000015 0.021388 0.999771
vn 0.000015 0.021388 0.999771
vn -0.000139 0.021517 0.999768
vn -0.999745 0.022474 0.002030
vn -0.999745 0.022474 0.002030
vn -0.999745 0.022474 0.002030
vn -0.999769 0.020310 0.007078
vn -0.999769 0.020310 0.007078
vn -0.999769 0.020310 0.007078
vn -0.881198 0.036371 -0.471346
vn -0.881198 0.036371 -0.471346
vn -0.881198 0.036371 -0.471346
vn -0.900514 0.023499 -0.434191
vn -0.900514 0.023499 -0.434191
vn -0.900514 0.023499 -0.434191
vn -0.398471 0.026666 -0.916793
vn -0.398471 0.026666 -0.916793
vn -0.398471 0.026666 -0.916793
vn -0.434421 0.016458 -0.900559
vn -0.434421 0.016458 -0.900559
vn -0.434421 0.016458 -0.900559
vn 0.001910 0.021047 -0.999777
vn 0.001910 0.021047 -0.999777
vn 0.001910 0.021047 -0.999777
vn 0.003094 0.020543 -0.999784
vn 0.999786 0.020695 -0.000141
vn 0.999786 0.020695 -0.000141
vn 0.999786 0.020695 -0.000141
vn 0.999798 0.020086 0.000595
vn 0.000138 0.999986 0.005309
vn 0.000138 0.999986 0.005309
vn 0.000138 0.999986 0.005309
vn 0.005393 0.999986 0.000050
vn 0.005393 0.999986 0.000050
vn 0.005393 0.999986 0.000050
vn -0.010433 0.999946 0.000055
vn -0.010433 0.999946 0.000055
vn -0.010433 0.999946 0.000055
vn 0.000211 0.999946 -0.010412
vn 0.000211 0.999946 -0.010412
vn 0.000211 0.999946 -0.010412
vn 0.656526 0.033111 -0.753576
vn 0.656526 0.033111 -0.753576
vn 0.656526 0.033111 -0.753576
vn 0.607479 0.011874 -0.794247
vn 0.607479 0.011874 -0.794247
vn 0.607479 0.011874 -0.794247
vn 0.998975 0.016119 -0.042298
vn 0.998975 0.016119 -0.042298
vn 0.998975 0.016119 -0.042298
vn 0.998706 0.019040 -0.047159
vn 0.998706 0.019040 -0.047159
vn 0.998706 0.019040 -0.047159
vn 0.004507 0.021523 0.999758
vn 0.004507 0.021523 0.999758
vn 0.004507 0.021523 0.999758
vn -0.012089 0.028639 0.999517
vn -0.012089 0.028639 0.999517
vn -0.012089 0.028639 0.999517
vn -0.339713 0.025726 0.940177
vn -0.339713 0.025726 0.940177
vn -0.339713 0.025726 0.940177
vn -0.408498 0.013646 0.912657
vn -0.408498 0.013646 0.912657
vn -0.408498 0.013646 0.912657
vn -0.690183 0.039321 0.722566
vn -0.690183 0.039321 0.722566
vn -0.690183 0.039321 0.722566
vn -0.850530 -0.001964 0.525923
vn -0.850530 -0.001964 0.525923
vn -0.850530 -0.001964 0.525923
vn -0.935143 0.032587 0.352768
vn -0.935143 0.032587 0.352768
vn -0.935143 0.032587 0.352768
vn -0.999771 0.020590 -0.005760
vn -0.999771 0.020590 -0.005760
vn -0.999771 0.020590 -0.005760
vn -0.999744 0.022622 -0.001016
vn -0.999744 0.022622 -0.001016
vn -0.999744 0.022622 -0.001016
vn 0.023832 0.025942 -0.999379
vn 0.023832 0.025942 -0.999379
vn 0.023832 0.025942 -0.999379
vn 0.014059 0.020960 -0.999681
vn 0.014059 0.020960 -0.999681
vn 0.014059 0.020960 -0.999681
vn 0.003095 0.999992 0.002593
vn 0.003095 0.999992 0.002593
vn 0.003095 0.999992 0.002593
vn 0.001918 0.999997 0.001799
vn 0.000478 0.999999 -0.001183
vn -0.005550 0.999973 -0.004877
vn -0.005550 0.999973 -0.004877
vn -0.005550 0.999973 -0.004877
vn -0.002537 0.999996 -0.000884
vn -0.002537 0.999996 -0.000884
vn -0.913991 0.044129 -0.403327
vn -0.913991 0.044129 -0.403327
vn -0.913991 0.044129 -0.403327
vn -0.544257 0.038452 -0.838037
vn -0.544257 0.038452 -0.838037
vn -0.544257 0.038452 -0.838037
vn -0.708482 -0.007274 -0.705692
vn -0.708482 -0.007274 -0.705692
vn -0.708482 -0.007274 -0.705692
vn -0.029693 0.020168 -0.999356
vn -0.029693 0.020168 -0.999356
vn -0.029693 0.020168 -0.999356
vn -0.015814 0.012431 -0.999798
vn -0.015814 0.012431 -0.999798
vn -0.015814 0.012431 -0.999798
vn 0.999771 0.020934 -0.004458
vn 0.999771 0.020934 -0.004458
vn 0.999771 0.020934 -0.004458
vn 0.999498 0.028640 0.013547
vn 0.999498 0.028640 0.013547
vn 0.999498 0.028640 0.013547
vn 0.940123 0.025701 0.339865
vn 0.940123 0.025701 0.339865
vn 0.940123 0.025701 0.339865
vn 0.912656 0.013647 0.408500
vn 0.912656 0.013647 0.408500
vn 0.912656 0.013647 0.408500
vn 0.722560 0.039321 0.690189
vn 0.722560 0.039321 0.690189
vn 0.722560 0.039321 0.690189
vn 0.525922 -0.001966 0.850531
vn 0.525922 -0.001966 0.850531
vn 0.525922 -0.001966 0.850531
vn 0.352913 0.032557 0.935090
vn 0.352913 0.032557 0.935090
vn 0.352913 0.032557 0.935090
vn -0.002043 0.022581 0.999743
vn -0.002043 0.022581 0.999743
vn -0.002043 0.022581 0.999743
vn -0.005659 0.021030 0.999763
vn -0.005659 0.021030 0.999763
vn -0.005659 0.021030 0.999763
vn -0.999953 0.007522 -0.006096
vn -0.999953 0.007522 -0.006096
vn -0.999953 0.007522 -0.006096
vn -0.999379 0.020157 -0.028896
vn -0.999379 0.020157 -0.028896
vn -0.999379 0.020157 -0.028896
vn 0.001256 0.999995 -0.002805
vn 0.001256 0.999995 -0.002805
vn 0.001256 0.999995 -0.002805
vn 0.001515 0.999994 -0.003131
vn -0.004870 0.999973 0.005549
vn -0.004870 0.999973 0.005549
vn -0.004870 0.999973 0.005549
vn -0.000842 0.999998 0.001997
vn -0.000842 0.999998 0.001997
vn -0.000842 0.999998 0.001997
vn -0.007501 0.999910 0.011103
vn -0.007501 0.999910 0.011103
vn -0.007501 0.999910 0.011103
vn 0.010660 0.999924 -0.006161
vn 0.010660 0.999924 -0.006161
vn 0.010660 0.999924 -0.006161
vn 0.002291 0.999976 0.006608
vn 0.002291 0.999976 0.006608
vn 0.002291 0.999976 0.006608
vn 0.007938 0.999964 0.003201
vn 0.007938 0.999964 0.003201
vn 0.007938 0.999964 0.003201
vn -0.002152 0.999912 -0.013071
vn -0.002152 0.999912 -0.013071
vn -0.002152 0.999912 -0.013071
vn 0.008297 0.999959 0.003510
vn -0.005012 0.999915 -0.012077
vn -0.005012 0.999915 -0.012077
vn -0.005012 0.999915 -0.012077
vn 0.003061 0.999969 0.007328
vn 0.003061 0.999969 0.007328
vn 0.010808 0.999874 -0.011664
vn 0.010808 0.999874 -0.011664
vn 0.010808 0.999874 -0.011664
vn -0.015133 0.999864 0.006516
vn -0.015133 0.999864 0.006516
vn -0.015133 0.999864 0.006516
vn 0.011430 0.999911 -0.006848
vn 0.011430 0.999911 -0.006848
vn 0.011430 0.999911 -0.006848
vn 0.021790 0.999675 -0.013219
vn 0.021790 0.999675 -0.013219
vn 0.021790 0.999675 -0.013219
vn 0.004885 0.999945 -0.009345
vn 0.004885 0.999945 -0.009345
vn 0.004885 0.999945 -0.009345
vn -0.003964 0.999936 -0.010562
vn -0.003964 0.999936 -0.010562
vn -0.003964 0.999936 -0.010562
vn 0.011320 0.999402 -0.032687
vn 0.011320 0.999402 -0.032687
vn 0.011320 0.999402 -0.032687
vn -0.009264 0.999830 0.015964
vn -0.009264 0.999830 0.015964
vn -0.009264 0.999830 0.015964
vn -0.034943 0.999378 -0.004681
vn -0.034943 0.999378 -0.004681
vn -0.034943 0.999378 -0.004681
vn 0.018211 0.999834 0.000355
vn 0.018211 0.999834 0.000355
vn 0.018211 0.999834 0.000355
vn 0.000426 0.999906 -0.013678
vn 0.000426 0.999906 -0.013678
vn 0.974332 0.027311 0.223453
vn 0.974332 0.027311 0.223453
vn 0.974332 0.027311 0.223453
vn 0.955783 0.107300 0.273800
vn 0.955783 0.107300 0.273800
vn 0.955783 0.107300 0.273800
vn 0.333088 -0.097543 -0.937837
vn 0.333088 -0.097543 -0.937837
vn 0.333088 -0.097543 -0.937837
vn 0.519587 -0.018041 0.854227
vn 0.519587 -0.018041 0.854227
vn 0.519587 -0.018041 0.854227
vn 0.607736 0.157705 -0.778323
vn 0.607736 0.157705 -0.778323
vn 0.607736 0.157705 -0.778323
vn 0.454423 0.087517 0.886477
vn 0.454423 0.087517 0.886477
vn 0.454423 0.087517 0.886477
vn 0.913050 -0.027453 -0.406922
vn 0.913050 -0.027453 -0.406922
vn 0.913050 -0.027453 -0.406922
vn 0.899230 0.021663 -0.436941
vn 0.899230 0.021663 -0.436941
vn 0.899230 0.021663 -0.436941
vn -0.731649 0.139036 0.667353
vn -0.731649 0.139036 0.667353
vn -0.731649 0.139036 0.667353
vn 0.020410 -0.078512 -0.996704
vn 0.020410 -0.078512 -0.996704
vn 0.020410 -0.078512 -0.996704
vn -0.706231 0.090778 0.702138
vn -0.706231 0.090778 0.702138
vn -0.706231 0.090778 0.702138
vn -0.348876 0.137965 -0.926958
vn -0.348876 0.137965 -0.926958
vn -0.348876 0.137965 -0.926958
vn -0.109902 -0.032463 0.993412
vn -0.109902 -0.032463 0.993412
vn -0.109902 -0.032463 0.993412
vn -0.697079 -0.076125 -0.712942
vn -0.697079 -0.076125 -0.712942
vn -0.697079 -0.076125 -0.712942
vn -0.920228 0.217114 -0.325641
vn -0.920228 0.217114 -0.325641
vn -0.920228 0.217114 -0.325641
vn -0.995042 -0.095404 0.028089
vn -0.995042 -0.095404 0.028089
vn -0.995042 -0.095404 0.028089
vn -0.959027 0.082102 -0.271159
vn -0.959027 0.082102 -0.271159
vn -0.959027 0.082102 -0.271159
vn -0.970720 -0.020259 0.239360
vn -0.970720 -0.020259 0.239360
vn -0.970720 -0.020259 0.239360
vn -0.356238 0.025843 0.934038
vn -0.356238 0.025843 0.934038
vn -0.356238 0.025843 0.934038
vn -0.211440 0.063110 0.975351
vn -0.211440 0.063110 0.975351
vn -0.211440 0.063110 0.975351
vn -0.596961 -0.020779 -0.802001
vn -0.596961 -0.020779 -0.802001
vn -0.596961 -0.020779 -0.802001
vn 0.247483 0.967492 0.052080
vn 0.247483 0.967492 0.052080
vn 0.247483 0.967492 0.052080
vn -0.221732 0.952006 0.210995
vn -0.221732 0.952006 0.210995
vn -0.221732 0.952006 0.210995
vn 0.002188 0.981879 0.189496
vn 0.002188 0.981879 0.189496
vn 0.002188 0.981879 0.189496
vn 0.036187 0.994854 -0.094635
vn 0.036187 0.994854 -0.094635
vn 0.036187 0.994854 -0.094635
vn -0.039705 0.997795 -0.053179
vn -0.039705 0.997795 -0.053179
vn -0.039705 0.997795 -0.053179
vn 0.149332 0.988055 -0.038037
vn 0.149332 0.988055 -0.038037
vn 0.149332 0.988055 -0.038037
vn 0.057375 0.998004 -0.026373
vn 0.057375 0.998004 -0.026373
vn 0.057375 0.998004 -0.026373
vn 0.039523 0.994268 -0.099348
vn 0.039523 0.994268 -0.099348
vn 0.039523 0.994268 -0.099348
vn 0.067636 0.994409 0.081093
vn 0.067636 0.994409 0.081093
vn 0.067636 0.994409 0.081093
vn 0.051639 0.996265 0.069213
vn 0.051639 0.996265 0.069213
vn 0.051639 0.996265 0.069213
vn -0.542061 0.817276 -0.195522
vn -0.542061 0.817276 -0.195522
vn -0.542061 0.817276 -0.195522
vn -0.053170 0.988310 -0.142886
vn -0.053170 0.988310 -0.142886
vn -0.053170 0.988310 -0.142886
vn -0.042964 0.999007 0.011819
vn -0.042964 0.999007 0.011819
vn -0.042964 0.999007 0.011819
vn -0.030375 0.996695 0.075348
vn -0.030375 0.996695 0.075348
vn -0.030375 0.996695 0.075348
vn 0.000275 1.000000 -0.000201
vn 0.000275 1.000000 -0.000201
vn 0.000275 1.000000 -0.000201
vn -0.000271 1.000000 0.000127
vn -0.006521 -0.817465 0.575941
vn -0.006521 -0.817465 0.575941
vn -0.006521 -0.817465 0.575941
vn -0.008352 -0.819939 0.572390
vn -0.008352 -0.819939 0.572390
vn -0.008352 -0.819939 0.572390
vn -0.007725 -0.819695 -0.572748
vn -0.007725 -0.819695 -0.572748
vn -0.007725 -0.819695 -0.572748
vn -0.006527 -0.818093 -0.575050
vn -0.006527 -0.818093 -0.575050
vn -0.006527 -0.818093 -0.575050
vn 0.007610 -0.818590 -0.574328
vn 0.007610 -0.818590 -0.574328
vn 0.007610 -0.818590 -0.574328
vn 0.007052 -0.817841 -0.575400
vn 0.007052 -0.817841 -0.575400
vn 0.007052 -0.817841 -0.575400
vn 0.007047 -0.817334 0.576120
vn 0.007047 -0.817334 0.576120
vn 0.007047 -0.817334 0.576120
vn 0.008123 -0.818786 0.574041
vn 0.008123 -0.818786 0.574041
vn 0.008123 -0.818786 0.574041
f 1//1 2//2 3//3
f 4//4 5//5 6//6
f 7//7 8//8 9//9
f 10//10 11//11 12//12
f 13//13 14//14 15//15
f 16//16 17//17 18//18
f 19//19 20//20 21//21
f 22//22 23//23 24//24
f 25//25 26//26 27//27
f 28//28 29//29 30//30
f 31//31 32//32 33//33
f 34//34 35//35 36//36
f 37//37 38//38 39//39
f 40//40 41//41 42//42
f 43//43 44//44 45//45
f 46//46 47//47 48//48
f 49//49 50//50 51//51
f 52//52 53//53 54//54
f 55//55 56//56 57//57
f 58//58 59//59 60//60
f 61//61 62//62 63//63
f 64//64 65//65 66//66
f 67//67 68//68 69//69
f 70//70 71//71 72//72
f 73//73 74//74 75//75
f 76//76 77//77 78//78
f 79//79 80//80 70//70
f 81//81 82//82 83//83
f 81//81 83//83 84//84
f 85//85 86//86 87//87
f 88//88 89//89 90//90
f 91//91 92//92 93//93
f 85//85 94//94 95//95
f 96//96 97//97 98//98
f 96//96 98//98 99//99
f 100//100 101//101 102//102
f 103//103 104//104 105//105
f 106//106 107//107 108//108
f 109//109 110//110 111//111
f 112//112 113//113 114//114
f 115//115 116//116 117//117
f 118//118 119//119 120//120
f 121//121 122//122 123//123
f 121//121 124//124 122//122
f 125//125 126//126 127//127
f 128//128 129//129 130//130
f 131//131 128//128 130//130
f 132//132 133//133 134//134
f 135//135 136//136 137//137
f 138//138 139//139 140//140
f 138//138 140//140 141//141
f 142//142 143//143 144//144
f 145//145 146//146 147//147
f 148//148 149//149 150//150
f 151//151 152//152 153//153
f 154//154 155//155 156//156
f 157//157 158//158 159//159
f 160//160 161//161 162//162
f 163//163 164//164 165//165
f 166//166 167//167 168//168
f 169//169 170//170 171//171
f 172//172 173//173 174//174
f 172//172 175//175 173//173
f 176//176 177//177 178//178
f 176//176 179//179 177//177
f 180//180 181//181 182//182
f 183//183 184//184 185//185
f 186//186 187//187 188//188
f 189//189 190//190 191//191
f 192//192 193//193 194//194
f 195//195 196//196 197//197
f 198//198 199//199 200//200
f 190//190 201//201 191//191
f 202//202 203//203 204//204
f 205//205 206//206 207//207
f 207//207 206//206 208//208
f 209//209 210//210 211//211
f 212//212 213//213 214//214
f 215//215 216//216 217//217
f 218//218 219//219 220//220
f 221//221 222//222 223//223
f 224//224 225//225 226//226
f 227//227 228//228 229//229
f 230//230 231//231 232//232
f 233//233 234//234 235//235
f 236//236 237//237 238//238
f 221//221 239//239 222//222
f 240//240 241//241 242//242
f 243//243 244//244 245//245
f 246//246 247//247 248//248
f 249//249 250//250 251//251
f 251//251 250//250 252//252
f 253//253 254//254 255//255
f 221//221 256//256 239//239
f 257//257 258//258 259//259
f 260//260 261//261 262//262
f 255//255 254//254 263//263
f 264//264 265//265 266//266
f 267//267 268//268 269//269
f 270//270 271//271 201//201
f 272//272 273//273 274//274
f 275//275 276//276 277//277
f 278//278 279//279 280//280
f 281//281 282//282 283//283
f 284//284 285//285 286//286
f 287//287 288//288 289//289
f 290//290 291//291 292//292
f 293//293 294//294 295//295
f 257//257 296//296 258//258
f 295//295 294//294 297//297
f 298//298 299//299 300//300
f 301//301 302//302 303//303
f 304//304 305//305 306//306
f 273//273 307//307 274//274
f 308//308 309//309 310//310
f 311//311 312//312 313//313
f 314//314 315//315 316//316
f 317//317 318//318 319//319
f 320//320 321//321 322//322
f 323//323 324//324 325//325
f 326//326 327//327 328//328
f 329//329 330//330 331//331
f 332//332 333//333 334//334
f 335//335 336//336 337//337
f 338//338 335//335 337//337
f 339//339 340//340 341//341
f 342//342 340//340 339//339
f 343//343 344//344 345//345
f 346//346 347//347 348//348
f 349//349 350//350 351//351
f 352//352 353//353 354//354
f 355//355 356//356 357//357
f 358//358 359//359 360//360
f 361//361 362//362 363//363
f 364//364 365//365 366//366
f 367//367 368//368 369//369
f 370//370 371//371 372//372
f 372//372 371//371 373//373
f 374//374 375//375 376//376
f 377//377 378//378 379//379
f 380//380 379//379 381//381
f 380//380 377//377 379//379
f 382//382 383//383 384//384
f 385//385 383//383 382//382
f 386//386 387//387 388//388
f 389//389 390//390 391//391
f 392//392 393//393 394//394
f 395//395 396//396 397//397
f 398//398 399//399 400//400
f 401//401 402//402 403//403
f 404//404 405//405 406//406
f 404//404 407//407 405//405
f 408//408 409//409 410//410
f 408//408 411//411 409//409
f 412//412 413//413 414//414
f 415//415 416//416 417//417
f 418//418 419//419 420//420
f 421//421 422//422 423//423
f 424//424 425//425 426//426
f 427//427 428//428 429//429
f 430//430 431//431 432//432
f 433//433 434//434 435//435
f 436//436 437//437 438//438
f 439//439 440//440 441//441
f 442//442 443//443 444//444
f 445//445 446//446 447//447
f 448//448 449//449 450//450
f 451//451 452//452 453//453
f 454//454 455//455 456//456
f 457//457 458//458 459//459
f 460//460 461//461 462//462
f 463//463 464//464 465//465
f 466//466 467//467 468//468
f 469//469 470//470 471//471
f 472//472 469//469 471//471
f 473//473 472//472 471//471
f 474//474 475//475 476//476
f 477//477 478//478 473//473
f 479//479 480//480 481//481
f 482//482 483//483 484//484
f 485//485 486//486 487//487
f 488//488 489//489 490//490
f 491//491 492//492 493//493
f 494//494 495//495 496//496
f 497//497 498//498 499//499
f 500//500 501//501 502//502
f 503//503 504//504 505//505
f 506//506 507//507 508//508
f 509//509 510//510 511//511
f 512//512 513//513 514//514
f 515//515 516//516 517//517
f 518//518 519//519 520//520
f 521//521 522//522 523//523
f 524//524 525//525 526//526
f 527//527 528//528 529//529
f 527//527 529//529 530//530
f 531//531 532//532 533//533
f 534//534 535//535 536//536
f 537//537 538//538 539//539
f 540//540 541//541 542//542
f 543//543 544//544 545//545
f 546//546 547//547 548//548
f 549//549 550//550 551//551
f 552//552 546//546 548//548
f 553//553 554//554 555//555
f 556//556 557//557 543//543
f 558//558 559//559 560//560
f 561//561 562//562 563//563
f 564//564 565//565 566//566
f 567//567 568//568 569//569
f 570//570 571//571 572//572
f 573//573 574//574 575//575
f 576//576 577//577 578//578
f 579//579 580//580 581//581
f 582//582 583//583 584//584
f 585//585 586//586 587//587
f 588//588 589//589 573//573
f 590//590 591//591 592//592
f 593//593 594//594 595//595
f 596//596 597//597 598//598
f 599//599 600//600 601//601
f 602//602 603//603 604//604
f 605//605 606//606 607//607
f 608//608 609//609 610//610
f 611//611 612//612 613//613
f 614//614 615//615 616//616
f 617//617 618//618 619//619
f 620//620 621//621 622//622
f 623//623 624//624 625//625
f 626//626 627//627 628//628
f 629//629 630//630 631//631
f 632//632 633//633 634//634
f 635//635 636//636 637//637
f 638//638 639//639 640//640
f 641//641 642//642 643//643
f 644//644 645//645 646//646
f 647//647 648//648 649//649
f 650//650 651//651 652//652
f 653//653 654//654 655//655
f 656//656 657//657 658//658
f 659//659 660//660 661//661
f 662//662 663//663 664//664
f 665//665 666//666 667//667
f 668//668 669//669 670//670
f 671//671 672//672 673//673
f 674//674 675//675 676//676
f 677//677 678//678 679//679
f 680//680 681//681 682//682
f 683//683 684//684 685//685
f 686//686 687//687 688//688
f 689//689 690//690 691//691
f 692//692 693//693 694//694
f 695//695 696//696 697//697
f 695//695 697//697 698//698
f 699//699 700//700 701//701
f 702//702 703//703 704//704
f 705//705 706//706 707//707
f 708//708 709//709 710//710
f 711//711 712//712 713//713
f 714//714 715//715 716//716
f 717//717 718//718 719//719
f 720//720 721//721 722//722
o Part__Feature001_006-mesh
usemtl Part__Feature001_006
v 0.002354 0.009420 0.047536
v -0.000002 0.012805 0.044994
v 0.003367 0.009420 0.045796
v 0.001210 0.009422 0.048205
v -0.000002 0.012805 0.044994
v 0.002354 0.009420 0.047536
v 0.001210 0.009422 0.048205
v -0.000900 0.009423 0.048367
v -0.000002 0.012805 0.044994
v -0.000900 0.009423 0.048367
v -0.002569 0.009414 0.047296
v -0.000002 0.012805 0.044994
v -0.003461 0.009426 0.045455
v -0.000002 0.012805 0.044994
v -0.002569 0.009414 0.047296
v -0.010405 0.018387 0.003964
v 0.010303 0.019675 0.004000
v -0.010307 0.019704 0.004000
v -0.010405 0.018387 0.003964
v 0.010402 0.018212 0.003998
v 0.010303 0.019675 0.004000
v -0.010328 0.017411 0.006312
v 0.010206 0.017442 0.005110
v -0.010402 0.017414 0.004770
v -0.010328 0.017411 0.006312
v 0.010338 0.017411 0.006348
v 0.010206 0.017442 0.005110
v -0.010350 0.002563 0.001800
v -0.010464 0.008072 0.001741
v -0.010366 0.002524 0.000133
v -0.010338 0.008029 0.003838
v -0.010498 0.010668 0.003808
v -0.010464 0.008072 0.001741
v -0.010379 0.012792 0.018852
v -0.010501 0.017036 0.017714
v -0.010375 0.011577 0.017773
v -0.010375 0.011577 0.017773
v -0.010501 0.017036 0.017714
v -0.010403 0.011445 0.004799
v -0.010403 0.011445 0.004799
v -0.010501 0.017036 0.017714
v -0.010402 0.017414 0.004770
v -0.010379 0.012792 0.018852
v -0.010333 0.016215 0.018827
v -0.010501 0.017036 0.017714
v -0.010402 0.017414 0.004770
v -0.010405 0.018387 0.003964
v -0.010498 0.010668 0.003808
v -0.010403 0.011445 0.004799
v -0.010402 0.017414 0.004770
v -0.010498 0.010668 0.003808
v -0.010498 0.010668 0.003808
v -0.010464 0.020754 0.001741
v -0.010464 0.008072 0.001741
v -0.010405 0.018387 0.003964
v -0.010464 0.020754 0.001741
v -0.010498 0.010668 0.003808
v -0.010405 0.018387 0.003964
v -0.010256 0.020798 0.003920
v -0.010464 0.020754 0.001741
v -0.010464 0.020754 0.001741
v -0.010391 0.026304 0.000164
v -0.010464 0.008072 0.001741
v -0.010464 0.008072 0.001741
v -0.010391 0.026304 0.000164
v -0.010366 0.002524 0.000133
v -0.010464 0.020754 0.001741
v -0.010350 0.026263 0.001800
v -0.010391 0.026304 0.000164
v 0.010213 0.010281 0.004018
v 0.006784 0.007870 0.003922
v 0.010339 0.008029 0.003838
v 0.010213 0.010281 0.004018
v -0.010210 0.010258 0.004015
v 0.006784 0.007870 0.003922
v -0.006688 0.007826 0.003913
v -0.010210 0.010258 0.004015
v -0.010338 0.008029 0.003838
v -0.006688 0.007826 0.003913
v -0.005033 0.005965 0.003875
v -0.004875 0.002588 0.003875
v 0.004882 0.006314 0.003998
v 0.004882 0.006314 0.003998
v -0.004875 0.002588 0.003875
v 0.004875 0.002538 0.003825
v 0.006784 0.007870 0.003922
v -0.006688 0.007826 0.003913
v 0.004882 0.006314 0.003998
v -0.006688 0.007826 0.003913
v -0.005033 0.005965 0.003875
v 0.004882 0.006314 0.003998
v 0.010350 0.002563 0.001800
v 0.004862 0.002482 0.001761
v 0.010378 0.002535 0.000153
v 0.004875 0.002538 0.003825
v -0.004861 0.002482 0.001761
v 0.004862 0.002482 0.001761
v -0.004875 0.002588 0.003875
v -0.004861 0.002482 0.001761
v 0.004875 0.002538 0.003825
v -0.010350 0.002563 0.001800
v -0.010366 0.002524 0.000133
v -0.004861 0.002482 0.001761
v -0.010366 0.002524 0.000133
v 0.010378 0.002535 0.000153
v 0.004862 0.002482 0.001761
v -0.004861 0.002482 0.001761
v 0.010389 0.026280 0.000133
v 0.004901 0.026345 0.001761
v 0.010350 0.026263 0.001800
v 0.004901 0.026345 0.001761
v -0.004838 0.026298 0.003838
v 0.004839 0.026252 0.003885
v -0.004913 0.026315 0.001779
v -0.004838 0.026298 0.003838
v 0.004901 0.026345 0.001761
v -0.010391 0.026304 0.000164
v -0.010350 0.026263 0.001800
v -0.004913 0.026315 0.001779
v 0.010389 0.026280 0.000133
v -0.010391 0.026304 0.000164
v 0.004901 0.026345 0.001761
v 0.004901 0.026345 0.001761
v -0.010391 0.026304 0.000164
v -0.004913 0.026315 0.001779
v -0.004740 0.023087 0.003992
v 0.004839 0.026252 0.003885
v -0.004838 0.026298 0.003838
v -0.004740 0.023087 0.003992
v 0.004737 0.023113 0.003990
v 0.004839 0.026252 0.003885
v -0.010366 0.002524 0.000133
v 0.010389 0.026280 0.000133
v 0.010378 0.002535 0.000153
v -0.010391 0.026304 0.000164
v 0.010409 0.011617 0.017719
v -0.010375 0.011577 0.017773
v 0.010398 0.011407 0.004752
v -0.010375 0.011577 0.017773
v -0.010403 0.011445 0.004799
v 0.010398 0.011407 0.004752
v -0.010333 0.016215 0.018827
v -0.010379 0.012792 0.018852
v 0.010328 0.016056 0.018873
v 0.010328 0.016056 0.018873
v -0.010379 0.012792 0.018852
v 0.010383 0.012612 0.018800
v 0.010269 0.020763 0.003932
v 0.010402 0.018212 0.003998
v 0.010459 0.020803 0.001745
v 0.010389 0.026280 0.000133
v 0.010459 0.020803 0.001745
v 0.010465 0.008072 0.001741
v 0.010389 0.026280 0.000133
v 0.010465 0.008072 0.001741
v 0.010378 0.002535 0.000153
v 0.010465 0.008072 0.001741
v 0.010350 0.002563 0.001800
v 0.010378 0.002535 0.000153
v 0.010350 0.026263 0.001800
v 0.010459 0.020803 0.001745
v 0.010389 0.026280 0.000133
v 0.010498 0.010654 0.003799
v 0.010339 0.008029 0.003838
v 0.010465 0.008072 0.001741
v 0.010502 0.017036 0.017714
v 0.010398 0.011407 0.004752
v 0.010499 0.017232 0.004730
v 0.010409 0.011617 0.017719
v 0.010502 0.017036 0.017714
v 0.010383 0.012612 0.018800
v 0.010409 0.011617 0.017719
v 0.010328 0.016056 0.018873
v 0.010383 0.012612 0.018800
v 0.010502 0.017036 0.017714
v 0.010499 0.017232 0.004730
v 0.010398 0.011407 0.004752
v 0.010498 0.010654 0.003799
v 0.010402 0.018212 0.003998
v 0.010499 0.017232 0.004730
v 0.010498 0.010654 0.003799
v 0.010459 0.020803 0.001745
v 0.010498 0.010654 0.003799
v 0.010465 0.008072 0.001741
v 0.010459 0.020803 0.001745
v 0.010402 0.018212 0.003998
v 0.010498 0.010654 0.003799
v 0.010350 0.026263 0.001800
v 0.007073 0.021006 0.001900
v 0.010459 0.020803 0.001745
v 0.005207 0.022541 0.001900
v 0.007073 0.021006 0.001900
v 0.010350 0.026263 0.001800
v 0.004901 0.026345 0.001761
v 0.005207 0.022541 0.001900
v 0.010350 0.026263 0.001800
v 0.005031 0.023349 0.003701
v 0.005556 0.022134 0.003700
v 0.005207 0.022541 0.001900
v 0.005207 0.022541 0.001900
v 0.006974 0.021021 0.003699
v 0.007073 0.021006 0.001900
v 0.005556 0.022134 0.003700
v 0.006974 0.021021 0.003699
v 0.005207 0.022541 0.001900
v 0.004839 0.026252 0.003885
v 0.005031 0.023349 0.003701
v 0.004901 0.026345 0.001761
v 0.004901 0.026345 0.001761
v 0.005031 0.023349 0.003701
v 0.005207 0.022541 0.001900
v 0.006974 0.021021 0.003699
v 0.010459 0.020803 0.001745
v 0.007073 0.021006 0.001900
v 0.006974 0.021021 0.003699
v 0.010269 0.020763 0.003932
v 0.010459 0.020803 0.001745
v 0.005151 0.006139 0.001900
v 0.004862 0.002482 0.001761
v 0.010350 0.002563 0.001800
v 0.006993 0.007813 0.001900
v 0.010350 0.002563 0.001800
v 0.010465 0.008072 0.001741
v 0.006993 0.007813 0.001900
v 0.005151 0.006139 0.001900
v 0.010350 0.002563 0.001800
v 0.006993 0.007813 0.001900
v 0.006784 0.007870 0.003922
v 0.005151 0.006139 0.001900
v 0.006784 0.007870 0.003922
v 0.005121 0.005962 0.003694
v 0.005151 0.006139 0.001900
v 0.010339 0.008029 0.003838
v 0.006993 0.007813 0.001900
v 0.010465 0.008072 0.001741
v 0.010339 0.008029 0.003838
v 0.006784 0.007870 0.003922
v 0.006993 0.007813 0.001900
v 0.005121 0.005962 0.003694
v 0.004875 0.002538 0.003825
v 0.005151 0.006139 0.001900
v 0.005151 0.006139 0.001900
v 0.004875 0.002538 0.003825
v 0.004862 0.002482 0.001761
v -0.010350 0.026263 0.001800
v -0.010464 0.020754 0.001741
v -0.007105 0.020991 0.001900
v -0.010350 0.026263 0.001800
v -0.005206 0.022541 0.001900
v -0.004913 0.026315 0.001779
v -0.010350 0.026263 0.001800
v -0.007105 0.020991 0.001900
v -0.005206 0.022541 0.001900
v -0.007105 0.020991 0.001900
v -0.006963 0.021030 0.003689
v -0.005206 0.022541 0.001900
v -0.006963 0.021030 0.003689
v -0.005556 0.022134 0.003700
v -0.005206 0.022541 0.001900
v -0.005556 0.022134 0.003700
v -0.005031 0.023340 0.003703
v -0.005206 0.022541 0.001900
v -0.010256 0.020798 0.003920
v -0.006963 0.021030 0.003689
v -0.007105 0.020991 0.001900
v -0.010256 0.020798 0.003920
v -0.007105 0.020991 0.001900
v -0.010464 0.020754 0.001741
v -0.005031 0.023340 0.003703
v -0.004838 0.026298 0.003838
v -0.004913 0.026315 0.001779
v -0.005031 0.023340 0.003703
v -0.004913 0.026315 0.001779
v -0.005206 0.022541 0.001900
v -0.010350 0.002563 0.001800
v -0.004861 0.002482 0.001761
v -0.005051 0.005645 0.001900
v -0.007155 0.007844 0.001900
v -0.005051 0.005645 0.001900
v -0.005778 0.006963 0.001900
v -0.007155 0.007844 0.001900
v -0.010350 0.002563 0.001800
v -0.005051 0.005645 0.001900
v -0.010464 0.008072 0.001741
v -0.010350 0.002563 0.001800
v -0.007155 0.007844 0.001900
v -0.005051 0.005645 0.001900
v -0.005033 0.005965 0.003875
v -0.005778 0.006963 0.001900
v -0.005033 0.005965 0.003875
v -0.006688 0.007826 0.003913
v -0.005778 0.006963 0.001900
v -0.005778 0.006963 0.001900
v -0.006688 0.007826 0.003913
v -0.007155 0.007844 0.001900
v -0.004875 0.002588 0.003875
v -0.005033 0.005965 0.003875
v -0.005051 0.005645 0.001900
v -0.004875 0.002588 0.003875
v -0.005051 0.005645 0.001900
v -0.004861 0.002482 0.001761
v -0.007155 0.007844 0.001900
v -0.010338 0.008029 0.003838
v -0.010464 0.008072 0.001741
v -0.006688 0.007826 0.003913
v -0.010338 0.008029 0.003838
v -0.007155 0.007844 0.001900
v 0.010398 0.011407 0.004752
v -0.010403 0.011445 0.004799
v 0.010213 0.010281 0.004018
v -0.010403 0.011445 0.004799
v -0.010210 0.010258 0.004015
v 0.010213 0.010281 0.004018
v -0.010405 0.018387 0.003964
v -0.010402 0.017414 0.004770
v 0.010402 0.018212 0.003998
v 0.010402 0.018212 0.003998
v -0.010402 0.017414 0.004770
v 0.010206 0.017442 0.005110
v 0.010198 0.017334 0.017770
v -0.010194 0.017350 0.017681
v -0.010333 0.016215 0.018827
v 0.010328 0.016056 0.018873
v 0.010198 0.017334 0.017770
v -0.010333 0.016215 0.018827
v 0.010383 0.012612 0.018800
v -0.010379 0.012792 0.018852
v -0.010375 0.011577 0.017773
v 0.010409 0.011617 0.017719
v 0.010383 0.012612 0.018800
v -0.010375 0.011577 0.017773
v -0.006963 0.021030 0.003689
v -0.010256 0.020798 0.003920
v -0.006566 0.020819 0.003997
v -0.006963 0.021030 0.003689
v -0.006566 0.020819 0.003997
v -0.005556 0.022134 0.003700
v -0.006566 0.020819 0.003997
v -0.004740 0.023087 0.003992
v -0.005556 0.022134 0.003700
v -0.005556 0.022134 0.003700
v -0.004740 0.023087 0.003992
v -0.005031 0.023340 0.003703
v -0.004838 0.026298 0.003838
v -0.005031 0.023340 0.003703
v -0.004740 0.023087 0.003992
v -0.010307 0.019704 0.004000
v -0.010256 0.020798 0.003920
v -0.010405 0.018387 0.003964
v -0.010194 0.017350 0.017681
v -0.010328 0.017411 0.006312
v -0.010501 0.017036 0.017714
v -0.010328 0.017411 0.006312
v -0.010402 0.017414 0.004770
v -0.010501 0.017036 0.017714
v -0.010333 0.016215 0.018827
v -0.010194 0.017350 0.017681
v -0.010501 0.017036 0.017714
v 0.004839 0.026252 0.003885
v 0.004737 0.023113 0.003990
v 0.005031 0.023349 0.003701
v 0.005031 0.023349 0.003701
v 0.004737 0.023113 0.003990
v 0.005556 0.022134 0.003700
v 0.004737 0.023113 0.003990
v 0.006603 0.020795 0.003997
v 0.005556 0.022134 0.003700
v 0.005556 0.022134 0.003700
v 0.006603 0.020795 0.003997
v 0.006974 0.021021 0.003699
v 0.006603 0.020795 0.003997
v 0.010269 0.020763 0.003932
v 0.006974 0.021021 0.003699
v -0.010403 0.011445 0.004799
v -0.010498 0.010668 0.003808
v -0.010210 0.010258 0.004015
v 0.010402 0.018212 0.003998
v 0.010269 0.020763 0.003932
v 0.010303 0.019675 0.004000
v -0.010338 0.008029 0.003838
v -0.010210 0.010258 0.004015
v -0.010498 0.010668 0.003808
v 0.010206 0.017442 0.005110
v 0.010499 0.017232 0.004730
v 0.010402 0.018212 0.003998
v 0.010338 0.017411 0.006348
v 0.010499 0.017232 0.004730
v 0.010206 0.017442 0.005110
v 0.010502 0.017036 0.017714
v 0.010338 0.017411 0.006348
v 0.010198 0.017334 0.017770
v 0.010502 0.017036 0.017714
v 0.010499 0.017232 0.004730
v 0.010338 0.017411 0.006348
v 0.010198 0.017334 0.017770
v 0.010328 0.016056 0.018873
v 0.010502 0.017036 0.017714
v 0.010213 0.010281 0.004018
v 0.010498 0.010654 0.003799
v 0.010398 0.011407 0.004752
v 0.010339 0.008029 0.003838
v 0.010498 0.010654 0.003799
v 0.010213 0.010281 0.004018
v 0.004882 0.006314 0.003998
v 0.004875 0.002538 0.003825
v 0.005121 0.005962 0.003694
v 0.006784 0.007870 0.003922
v 0.004882 0.006314 0.003998
v 0.005121 0.005962 0.003694
v -0.006566 0.020819 0.003997
v -0.010293 0.023166 0.004009
v -0.004740 0.023087 0.003992
v -0.006566 0.020819 0.003997
v -0.010256 0.020798 0.003920
v -0.010293 0.023166 0.004009
v -0.008802 0.015652 0.035926
v 0.008804 0.015668 0.035909
v -0.010389 0.025220 0.019188
v 0.008804 0.015668 0.035909
v 0.010400 0.025253 0.019037
v -0.010389 0.025220 0.019188
v -0.008802 0.015652 0.035926
v 0.008747 0.014412 0.036004
v 0.008804 0.015668 0.035909
v -0.008749 0.014412 0.036005
v 0.008747 0.014412 0.036004
v -0.008802 0.015652 0.035926
v -0.005330 0.014302 0.053810
v -0.008657 0.014413 0.049832
v -0.007802 0.014238 0.052291
v 0.004800 0.014331 0.053832
v -0.008657 0.014413 0.049832
v -0.005330 0.014302 0.053810
v 0.008538 0.014414 0.050534
v -0.008657 0.014413 0.049832
v 0.004800 0.014331 0.053832
v 0.008747 0.014412 0.036004
v -0.008749 0.014412 0.036005
v 0.008538 0.014414 0.050534
v -0.008657 0.014413 0.049832
v 0.008538 0.014414 0.050534
v 0.004800 0.014331 0.053832
v 0.006547 0.014291 0.053246
v -0.005330 0.014302 0.053810
v 0.005532 0.009717 0.053858
v 0.004800 0.014331 0.053832
v -0.005468 0.009491 0.053747
v 0.005532 0.009717 0.053858
v -0.005330 0.014302 0.053810
v -0.008779 0.009461 0.050118
v -0.002569 0.009414 0.047296
v -0.007084 0.009504 0.052821
v -0.007084 0.009504 0.052821
v -0.002569 0.009414 0.047296
v -0.005468 0.009491 0.053747
v -0.002569 0.009414 0.047296
v -0.000900 0.009423 0.048367
v -0.005468 0.009491 0.053747
v -0.008779 0.009461 0.050118
v -0.003461 0.009426 0.045455
v -0.002569 0.009414 0.047296
v -0.000900 0.009423 0.048367
v 0.005491 0.009412 0.053558
v -0.008779 0.009461 0.050118
v -0.008745 0.009414 0.036004
v -0.003461 0.009426 0.045455
v -0.003062 0.009426 0.043491
v -0.000900 0.009423 0.048367
v 0.001210 0.009422 0.048205
v 0.005491 0.009412 0.053558
v 0.002354 0.009420 0.047536
v -0.001954 0.009418 0.042156
v 0.005491 0.009412 0.053558
v 0.002354 0.009420 0.047536
v 0.007738 0.009533 0.052245
v 0.002354 0.009420 0.047536
v 0.008802 0.009508 0.050203
v 0.007738 0.009533 0.052245
v -0.008745 0.009414 0.036004
v 0.000144 0.009433 0.041511
v -0.001954 0.009418 0.042156
v 0.003367 0.009420 0.045796
v 0.008802 0.009508 0.050203
v 0.002354 0.009420 0.047536
v 0.003168 0.009425 0.043772
v 0.008749 0.009414 0.036005
v 0.003367 0.009420 0.045796
v 0.001943 0.009422 0.042194
v 0.008749 0.009414 0.036005
v 0.000144 0.009433 0.041511
v -0.008745 0.009414 0.036004
v 0.009010 0.008125 0.035845
v 0.008749 0.009414 0.036005
v -0.009015 0.008044 0.035742
v 0.009010 0.008125 0.035845
v -0.008745 0.009414 0.036004
v -0.010193 0.017399 0.019251
v 0.008962 0.008021 0.035579
v -0.009015 0.008044 0.035742
v 0.010188 0.017393 0.019253
v 0.008962 0.008021 0.035579
v -0.010193 0.017399 0.019251
v -0.010194 0.017350 0.017681
v 0.010198 0.017334 0.017770
v -0.010193 0.017399 0.019251
v 0.010198 0.017334 0.017770
v 0.010188 0.017393 0.019253
v -0.010193 0.017399 0.019251
v 0.010338 0.017411 0.006348
v 0.010188 0.017393 0.019253
v 0.010198 0.017334 0.017770
v -0.010193 0.017399 0.019251
v -0.010328 0.017411 0.006312
v -0.010194 0.017350 0.017681
v -0.010389 0.025220 0.019188
v 0.010400 0.025253 0.019037
v -0.010362 0.025305 0.006144
v 0.010400 0.025253 0.019037
v 0.010382 0.025262 0.006119
v -0.010362 0.025305 0.006144
v 0.010269 0.020763 0.003932
v 0.006603 0.020795 0.003997
v 0.010294 0.023166 0.004009
v 0.010294 0.023166 0.004009
v 0.006603 0.020795 0.003997
v 0.004737 0.023113 0.003990
v 0.010338 0.017411 0.006348
v 0.010382 0.025262 0.006119
v 0.010400 0.025253 0.019037
v 0.010338 0.017411 0.006348
v 0.010400 0.025253 0.019037
v 0.010480 0.017678 0.019324
v 0.010303 0.019675 0.004000
v 0.010294 0.023166 0.004009
v 0.010382 0.025262 0.006119
v 0.010303 0.019675 0.004000
v 0.010382 0.025262 0.006119
v 0.010338 0.017411 0.006348
v -0.010362 0.025305 0.006144
v -0.010328 0.017411 0.006312
v -0.010389 0.025220 0.019188
v -0.010389 0.025220 0.019188
v -0.010328 0.017411 0.006312
v -0.010479 0.017678 0.019324
v -0.010293 0.023166 0.004009
v -0.010307 0.019704 0.004000
v -0.010362 0.025305 0.006144
v -0.010362 0.025305 0.006144
v -0.010307 0.019704 0.004000
v -0.010328 0.017411 0.006312
v -0.010479 0.017678 0.019324
v -0.009055 0.015468 0.035708
v -0.010389 0.025220 0.019188
v -0.010479 0.017678 0.019324
v -0.009015 0.008044 0.035742
v -0.009055 0.015468 0.035708
v -0.009055 0.014105 0.035728
v -0.009015 0.008044 0.035742
v -0.009049 0.009712 0.035735
v -0.009055 0.014105 0.035728
v -0.009055 0.015468 0.035708
v -0.009015 0.008044 0.035742
v -0.009049 0.009712 0.035735
v -0.008779 0.009461 0.050118
v -0.008945 0.014110 0.049960
v -0.009049 0.009712 0.035735
v -0.008945 0.014110 0.049960
v -0.009055 0.014105 0.035728
v 0.008973 0.014113 0.049681
v 0.009050 0.009716 0.035736
v 0.009056 0.014109 0.035727
v 0.008802 0.009508 0.050203
v 0.009050 0.009716 0.035736
v 0.008973 0.014113 0.049681
v 0.008962 0.008021 0.035579
v 0.009050 0.009716 0.035736
v 0.009010 0.008125 0.035845
v 0.009056 0.015468 0.035708
v 0.009056 0.014109 0.035727
v 0.008962 0.008021 0.035579
v 0.008962 0.008021 0.035579
v 0.009056 0.014109 0.035727
v 0.009050 0.009716 0.035736
v 0.009056 0.015468 0.035708
v 0.010480 0.017678 0.019324
v 0.010400 0.025253 0.019037
v 0.008962 0.008021 0.035579
v 0.010480 0.017678 0.019324
v 0.009056 0.015468 0.035708
v 0.010303 0.019675 0.004000
v -0.010328 0.017411 0.006312
v -0.010307 0.019704 0.004000
v 0.010338 0.017411 0.006348
v -0.010328 0.017411 0.006312
v 0.010303 0.019675 0.004000
v 0.010294 0.023166 0.004009
v 0.004737 0.023113 0.003990
v 0.010382 0.025262 0.006119
v -0.004740 0.023087 0.003992
v -0.010362 0.025305 0.006144
v 0.004737 0.023113 0.003990
v 0.004737 0.023113 0.003990
v -0.010362 0.025305 0.006144
v 0.010382 0.025262 0.006119
v -0.004740 0.023087 0.003992
v -0.010293 0.023166 0.004009
v -0.010362 0.025305 0.006144
v -0.005468 0.009491 0.053747
v -0.005330 0.014302 0.053810
v -0.007802 0.014238 0.052291
v -0.007084 0.009504 0.052821
v -0.005468 0.009491 0.053747
v -0.007802 0.014238 0.052291
v -0.008395 0.009713 0.051461
v -0.007084 0.009504 0.052821
v -0.007802 0.014238 0.052291
v -0.008395 0.009713 0.051461
v -0.007802 0.014238 0.052291
v -0.008945 0.014110 0.049960
v -0.008779 0.009461 0.050118
v -0.008395 0.009713 0.051461
v -0.008945 0.014110 0.049960
v 0.008802 0.009508 0.050203
v 0.008973 0.014113 0.049681
v 0.008197 0.014115 0.051853
v 0.007738 0.009533 0.052245
v 0.008802 0.009508 0.050203
v 0.008197 0.014115 0.051853
v 0.007738 0.009533 0.052245
v 0.008197 0.014115 0.051853
v 0.006547 0.014291 0.053246
v 0.005532 0.009717 0.053858
v 0.007738 0.009533 0.052245
v 0.006547 0.014291 0.053246
v 0.005532 0.009717 0.053858
v 0.006547 0.014291 0.053246
v 0.004800 0.014331 0.053832
v 0.008749 0.009414 0.036005
v 0.009010 0.008125 0.035845
v 0.009050 0.009716 0.035736
v 0.008962 0.008021 0.035579
v 0.010188 0.017393 0.019253
v 0.010480 0.017678 0.019324
v 0.008802 0.009508 0.050203
v 0.008749 0.009414 0.036005
v 0.009050 0.009716 0.035736
v 0.007738 0.009533 0.052245
v 0.005532 0.009717 0.053858
v 0.005491 0.009412 0.053558
v 0.005532 0.009717 0.053858
v -0.005468 0.009491 0.053747
v 0.005491 0.009412 0.053558
v -0.008395 0.009713 0.051461
v -0.008779 0.009461 0.050118
v -0.007084 0.009504 0.052821
v 0.010188 0.017393 0.019253
v 0.010338 0.017411 0.006348
v 0.010480 0.017678 0.019324
v -0.008745 0.009414 0.036004
v -0.008779 0.009461 0.050118
v -0.009049 0.009712 0.035735
v 0.010303 0.019675 0.004000
v 0.010269 0.020763 0.003932
v 0.010294 0.023166 0.004009
v -0.009015 0.008044 0.035742
v -0.008745 0.009414 0.036004
v -0.009049 0.009712 0.035735
v -0.010193 0.017399 0.019251
v -0.009015 0.008044 0.035742
v -0.010479 0.017678 0.019324
v 0.010400 0.025253 0.019037
v 0.008804 0.015668 0.035909
v 0.009056 0.015468 0.035708
v -0.010479 0.017678 0.019324
v -0.010328 0.017411 0.006312
v -0.010193 0.017399 0.019251
v 0.009056 0.015468 0.035708
v 0.008747 0.014412 0.036004
v 0.009056 0.014109 0.035727
v 0.008804 0.015668 0.035909
v 0.008747 0.014412 0.036004
v 0.009056 0.015468 0.035708
v -0.010307 0.019704 0.004000
v -0.010293 0.023166 0.004009
v -0.010256 0.020798 0.003920
v 0.008747 0.014412 0.036004
v 0.008538 0.014414 0.050534
v 0.008973 0.014113 0.049681
v 0.008747 0.014412 0.036004
v 0.008973 0.014113 0.049681
v 0.009056 0.014109 0.035727
v 0.008197 0.014115 0.051853
v 0.008973 0.014113 0.049681
v 0.008538 0.014414 0.050534
v 0.008197 0.014115 0.051853
v 0.008538 0.014414 0.050534
v 0.006547 0.014291 0.053246
v -0.008945 0.014110 0.049960
v -0.007802 0.014238 0.052291
v -0.008657 0.014413 0.049832
v -0.008657 0.014413 0.049832
v -0.008749 0.014412 0.036005
v -0.009055 0.014105 0.035728
v -0.008657 0.014413 0.049832
v -0.009055 0.014105 0.035728
v -0.008945 0.014110 0.049960
v -0.008802 0.015652 0.035926
v -0.010389 0.025220 0.019188
v -0.009055 0.015468 0.035708
v -0.008749 0.014412 0.036005
v -0.009055 0.015468 0.035708
v -0.009055 0.014105 0.035728
v -0.008749 0.014412 0.036005
v -0.008802 0.015652 0.035926
v -0.009055 0.015468 0.035708
v 0.003367 0.009420 0.045796
v -0.000002 0.012805 0.044994
v 0.003168 0.009425 0.043772
v 0.001943 0.009422 0.042194
v 0.003168 0.009425 0.043772
v -0.000002 0.012805 0.044994
v -0.003062 0.009426 0.043491
v -0.000002 0.012805 0.044994
v -0.003461 0.009426 0.045455
v -0.003062 0.009426 0.043491
v -0.001954 0.009418 0.042156
v -0.000002 0.012805 0.044994
v -0.001954 0.009418 0.042156
v 0.000144 0.009433 0.041511
v -0.000002 0.012805 0.044994
v 0.000144 0.009433 0.041511
v 0.001943 0.009422 0.042194
v -0.000002 0.012805 0.044994
v 0.009010 0.008125 0.035845
v -0.009015 0.008044 0.035742
v 0.008962 0.008021 0.035579
v -0.009823 0.017502 0.011108
v -0.008970 0.017535 0.009498
v -0.009829 0.020413 0.011614
v -0.009829 0.020413 0.011614
v -0.008970 0.017535 0.009498
v -0.008382 0.020413 0.008978
v -0.005245 0.020413 0.015716
v -0.005419 0.017719 0.015752
v -0.006987 0.020413 0.015642
v -0.005419 0.017719 0.015752
v -0.007581 0.017713 0.015459
v -0.006987 0.020413 0.015642
v -0.008970 0.017535 0.009498
v -0.007903 0.017713 0.008742
v -0.008382 0.020413 0.008978
v -0.006987 0.020413 0.015642
v -0.007581 0.017713 0.015459
v -0.008937 0.020413 0.014486
v -0.008382 0.020413 0.008978
v -0.006166 0.017719 0.008207
v -0.006000 0.020413 0.008208
v -0.007903 0.017713 0.008742
v -0.006166 0.017719 0.008207
v -0.008382 0.020413 0.008978
v -0.007581 0.017713 0.015459
v -0.009010 0.017713 0.014274
v -0.008937 0.020413 0.014486
v -0.009010 0.017713 0.014274
v -0.009712 0.017718 0.012743
v -0.008937 0.020413 0.014486
v -0.008937 0.020413 0.014486
v -0.009712 0.017718 0.012743
v -0.009829 0.020413 0.011614
v -0.009712 0.017718 0.012743
v -0.009823 0.017502 0.011108
v -0.009829 0.020413 0.011614
v -0.007581 0.017713 0.015459
v -0.008164 0.017414 0.015489
v -0.009010 0.017713 0.014274
v -0.008164 0.017414 0.015489
v -0.009805 0.017414 0.013576
v -0.009010 0.017713 0.014274
v -0.002160 0.017714 0.011790
v -0.001917 0.017415 0.012880
v -0.002761 0.017713 0.013936
v -0.009010 0.017713 0.014274
v -0.009805 0.017414 0.013576
v -0.009712 0.017718 0.012743
v -0.002761 0.017713 0.013936
v -0.003453 0.017413 0.015198
v -0.003756 0.017713 0.015033
v -0.001917 0.017415 0.012880
v -0.003453 0.017413 0.015198
v -0.002761 0.017713 0.013936
v -0.009805 0.017414 0.013576
v -0.009823 0.017502 0.011108
v -0.009712 0.017718 0.012743
v -0.003756 0.017713 0.015033
v -0.003453 0.017413 0.015198
v -0.005419 0.017719 0.015752
v -0.003453 0.017413 0.015198
v -0.005659 0.017414 0.016112
v -0.005419 0.017719 0.015752
v -0.005419 0.017719 0.015752
v -0.005659 0.017414 0.016112
v -0.007581 0.017713 0.015459
v -0.005659 0.017414 0.016112
v -0.008164 0.017414 0.015489
v -0.007581 0.017713 0.015459
v -0.007442 0.017414 0.008156
v -0.003453 0.017413 0.015198
v -0.004800 0.017414 0.008044
v -0.002534 0.017414 0.009761
v -0.005659 0.017414 0.016112
v -0.001917 0.017415 0.012880
v -0.009805 0.017414 0.013576
v -0.008164 0.017414 0.015489
v -0.009823 0.017502 0.011108
v -0.008164 0.017414 0.015489
v -0.005659 0.017414 0.016112
v -0.009823 0.017502 0.011108
v -0.009823 0.017502 0.011108
v -0.005659 0.017414 0.016112
v -0.008970 0.017535 0.009498
v -0.008970 0.017535 0.009498
v -0.005659 0.017414 0.016112
v -0.007442 0.017414 0.008156
v -0.004241 0.017708 0.008647
v -0.002534 0.017414 0.009761
v -0.002989 0.017713 0.009726
v -0.004800 0.017414 0.008044
v -0.002534 0.017414 0.009761
v -0.004241 0.017708 0.008647
v -0.002989 0.017713 0.009726
v -0.002534 0.017414 0.009761
v -0.002160 0.017714 0.011790
v -0.002534 0.017414 0.009761
v -0.001917 0.017415 0.012880
v -0.002160 0.017714 0.011790
v -0.008970 0.017535 0.009498
v -0.007442 0.017414 0.008156
v -0.007903 0.017713 0.008742
v -0.007903 0.017713 0.008742
v -0.007442 0.017414 0.008156
v -0.006166 0.017719 0.008207
v -0.007442 0.017414 0.008156
v -0.004800 0.017414 0.008044
v -0.006166 0.017719 0.008207
v -0.006166 0.017719 0.008207
v -0.004800 0.017414 0.008044
v -0.004241 0.017708 0.008647
v -0.002160 0.017714 0.011790
v -0.002761 0.017713 0.013936
v -0.003062 0.020413 0.014486
v -0.002761 0.017713 0.013936
v -0.003756 0.017713 0.015033
v -0.003062 0.020413 0.014486
v -0.006000 0.020413 0.008208
v -0.004241 0.017708 0.008647
v -0.003617 0.020413 0.008978
v -0.006166 0.017719 0.008207
v -0.004241 0.017708 0.008647
v -0.006000 0.020413 0.008208
v -0.003062 0.020413 0.014486
v -0.003756 0.017713 0.015033
v -0.005245 0.020413 0.015716
v -0.003756 0.017713 0.015033
v -0.005419 0.017719 0.015752
v -0.005245 0.020413 0.015716
v -0.004241 0.017708 0.008647
v -0.002989 0.017713 0.009726
v -0.003617 0.020413 0.008978
v -0.003617 0.020413 0.008978
v -0.002989 0.017713 0.009726
v -0.002171 0.020413 0.011614
v -0.002989 0.017713 0.009726
v -0.002160 0.017714 0.011790
v -0.002171 0.020413 0.011614
v -0.002171 0.020413 0.011614
v -0.002160 0.017714 0.011790
v -0.003062 0.020413 0.014486
v -0.003062 0.020413 0.014486
v -0.005245 0.020413 0.015716
v -0.006987 0.020413 0.015642
v -0.008937 0.020413 0.014486
v -0.009829 0.020413 0.011614
v -0.003617 0.020413 0.008978
v -0.008382 0.020413 0.008978
v -0.002171 0.020413 0.011614
v -0.006000 0.020413 0.008208
v 0.002171 0.020413 0.011614
v 0.002472 0.017538 0.010274
v 0.003618 0.020413 0.008978
v 0.006755 0.020413 0.015716
v 0.006581 0.017719 0.015752
v 0.005013 0.020413 0.015642
v 0.006581 0.017719 0.015752
v 0.004419 0.017713 0.015459
v 0.005013 0.020413 0.015642
v 0.002472 0.017538 0.010274
v 0.004097 0.017713 0.008742
v 0.003618 0.020413 0.008978
v 0.005013 0.020413 0.015642
v 0.004419 0.017713 0.015459
v 0.003063 0.020413 0.014486
v 0.003618 0.020413 0.008978
v 0.005834 0.017719 0.008207
v 0.006000 0.020413 0.008208
v 0.004097 0.017713 0.008742
v 0.005834 0.017719 0.008207
v 0.003618 0.020413 0.008978
v 0.004419 0.017713 0.015459
v 0.002990 0.017713 0.014274
v 0.003063 0.020413 0.014486
v 0.002990 0.017713 0.014274
v 0.002158 0.017603 0.012482
v 0.003063 0.020413 0.014486
v 0.003063 0.020413 0.014486
v 0.002158 0.017603 0.012482
v 0.002171 0.020413 0.011614
v 0.002158 0.017603 0.012482
v 0.002472 0.017538 0.010274
v 0.002171 0.020413 0.011614
v 0.004419 0.017713 0.015459
v 0.002779 0.017415 0.014644
v 0.002990 0.017713 0.014274
v 0.009967 0.017414 0.010864
v 0.009844 0.017414 0.013442
v 0.009840 0.017714 0.011790
v 0.009840 0.017714 0.011790
v 0.009844 0.017414 0.013442
v 0.009239 0.017713 0.013936
v 0.002990 0.017713 0.014274
v 0.002779 0.017415 0.014644
v 0.002158 0.017603 0.012482
v 0.009844 0.017414 0.013442
v 0.008363 0.017594 0.015050
v 0.009239 0.017713 0.013936
v 0.008363 0.017594 0.015050
v 0.005934 0.017415 0.016176
v 0.006581 0.017719 0.015752
v 0.006581 0.017719 0.015752
v 0.005934 0.017415 0.016176
v 0.004419 0.017713 0.015459
v 0.005934 0.017415 0.016176
v 0.002779 0.017415 0.014644
v 0.004419 0.017713 0.015459
v 0.008496 0.017414 0.008740
v 0.009844 0.017414 0.013442
v 0.009967 0.017414 0.010864
v 0.005934 0.017415 0.016176
v 0.005934 0.017415 0.016176
v 0.008363 0.017594 0.015050
v 0.009844 0.017414 0.013442
v 0.002472 0.017538 0.010274
v 0.002779 0.017415 0.014644
v 0.004167 0.017415 0.008277
v 0.004167 0.017415 0.008277
v 0.002779 0.017415 0.014644
v 0.006599 0.017413 0.007966
v 0.002158 0.017603 0.012482
v 0.002779 0.017415 0.014644
v 0.002472 0.017538 0.010274
v 0.006599 0.017413 0.007966
v 0.008496 0.017414 0.008740
v 0.007759 0.017708 0.008647
v 0.007759 0.017708 0.008647
v 0.008496 0.017414 0.008740
v 0.009011 0.017713 0.009726
v 0.008496 0.017414 0.008740
v 0.009967 0.017414 0.010864
v 0.009011 0.017713 0.009726
v 0.009011 0.017713 0.009726
v 0.009967 0.017414 0.010864
v 0.009840 0.017714 0.011790
v 0.002472 0.017538 0.010274
v 0.004167 0.017415 0.008277
v 0.004097 0.017713 0.008742
v 0.004097 0.017713 0.008742
v 0.004167 0.017415 0.008277
v 0.005834 0.017719 0.008207
v 0.004167 0.017415 0.008277
v 0.006599 0.017413 0.007966
v 0.005834 0.017719 0.008207
v 0.005834 0.017719 0.008207
v 0.006599 0.017413 0.007966
v 0.007759 0.017708 0.008647
v 0.009840 0.017714 0.011790
v 0.009239 0.017713 0.013936
v 0.008938 0.020413 0.014486
v 0.009239 0.017713 0.013936
v 0.008363 0.017594 0.015050
v 0.008938 0.020413 0.014486
v 0.006000 0.020413 0.008208
v 0.007759 0.017708 0.008647
v 0.008383 0.020413 0.008978
v 0.005834 0.017719 0.008207
v 0.007759 0.017708 0.008647
v 0.006000 0.020413 0.008208
v 0.008938 0.020413 0.014486
v 0.008363 0.017594 0.015050
v 0.006755 0.020413 0.015716
v 0.008363 0.017594 0.015050
v 0.006581 0.017719 0.015752
v 0.006755 0.020413 0.015716
v 0.007759 0.017708 0.008647
v 0.009011 0.017713 0.009726
v 0.008383 0.020413 0.008978
v 0.008383 0.020413 0.008978
v 0.009011 0.017713 0.009726
v 0.009829 0.020413 0.011614
v 0.009011 0.017713 0.009726
v 0.009840 0.017714 0.011790
v 0.009829 0.020413 0.011614
v 0.009829 0.020413 0.011614
v 0.009840 0.017714 0.011790
v 0.008938 0.020413 0.014486
v 0.003618 0.020413 0.008978
v 0.003063 0.020413 0.014486
v 0.002171 0.020413 0.011614
v 0.008383 0.020413 0.008978
v 0.006755 0.020413 0.015716
v 0.005013 0.020413 0.015642
v 0.008938 0.020413 0.014486
v 0.009829 0.020413 0.011614
v 0.006000 0.020413 0.008208
vn -0.617321 -0.699717 -0.359599
vn -0.617321 -0.699717 -0.359599
vn -0.617321 -0.699717 -0.359599
vn -0.357614 -0.707046 -0.610080
vn -0.357614 -0.707046 -0.610080
vn -0.357614 -0.707046 -0.610080
vn -0.055575 -0.697712 -0.714219
vn -0.055575 -0.697712 -0.714219
vn -0.055575 -0.697712 -0.714219
vn 0.388415 -0.700442 -0.598761
vn 0.388415 -0.700442 -0.598761
vn 0.388415 -0.700442 -0.598761
vn 0.641280 -0.699492 -0.315390
vn 0.641280 -0.699492 -0.315390
vn 0.641280 -0.699492 -0.315390
vn -0.000038 -0.027221 0.999629
vn -0.000038 -0.027221 0.999629
vn -0.000038 -0.027221 0.999629
vn -0.001624 -0.001737 0.999997
vn -0.001624 -0.001737 0.999997
vn -0.001624 -0.001737 0.999997
vn -0.001386 0.999997 0.002132
vn -0.001386 0.999997 0.002132
vn -0.001386 0.999997 0.002132
vn -0.000029 0.999680 0.025293
vn -0.000029 0.999680 0.025293
vn -0.000029 0.999680 0.025293
vn -0.999731 -0.020704 0.010480
vn -0.999731 -0.020704 0.010480
vn -0.999731 -0.020704 0.010480
vn -0.996492 -0.059603 0.058748
vn -0.996492 -0.059603 0.058748
vn -0.996492 -0.059603 0.058748
vn -0.999501 -0.022825 0.021860
vn -0.999501 -0.022825 0.021860
vn -0.999501 -0.022825 0.021860
vn -0.999732 -0.023038 0.002410
vn -0.999732 -0.023038 0.002410
vn -0.999732 -0.023038 0.002410
vn -0.999971 0.000104 -0.007610
vn -0.999971 0.000104 -0.007610
vn -0.999971 0.000104 -0.007610
vn -0.987118 0.014389 0.159346
vn -0.987118 0.014389 0.159346
vn -0.987118 0.014389 0.159346
vn -0.999775 0.011601 0.017785
vn -0.999775 0.011601 0.017785
vn -0.999775 0.011601 0.017785
vn -0.995522 0.000607 0.094532
vn -0.995522 0.000607 0.094532
vn -0.995522 0.000607 0.094532
vn -0.999870 0.000000 -0.016155
vn -0.999870 0.000000 -0.016155
vn -0.999870 0.000000 -0.016155
vn -0.999200 0.011178 0.038395
vn -0.999200 0.011178 0.038395
vn -0.999200 0.011178 0.038395
vn -0.993603 0.063171 0.093610
vn -0.993603 0.063171 0.093610
vn -0.993603 0.063171 0.093610
vn -0.998908 0.000000 -0.046726
vn -0.998908 0.000000 -0.046726
vn -0.998908 0.000000 -0.046726
vn -0.998339 -0.000944 -0.057614
vn -0.998339 -0.000944 -0.057614
vn -0.998339 -0.000944 -0.057614
vn -0.999464 0.020538 0.025499
vn -0.999464 0.020538 0.025499
vn -0.999464 0.020538 0.025499
vn 0.026919 -0.077725 0.996611
vn 0.026919 -0.077725 0.996611
vn 0.026919 -0.077725 0.996611
vn -0.000076 -0.039442 0.999222
vn -0.000076 -0.039442 0.999222
vn -0.000076 -0.039442 0.999222
vn -0.000540 -0.042739 0.999086
vn -0.024650 -0.077550 0.996684
vn -0.024650 -0.077550 0.996684
vn -0.024650 -0.077550 0.996684
vn -0.012401 -0.000580 0.999923
vn -0.012401 -0.000580 0.999923
vn -0.012401 -0.000580 0.999923
vn 0.004888 -0.045819 0.998938
vn 0.004888 -0.045819 0.998938
vn 0.004888 -0.045819 0.998938
vn -0.000845 0.049846 0.998757
vn -0.000845 0.049846 0.998757
vn -0.000845 0.049846 0.998757
vn -0.011342 -0.030478 0.999471
vn -0.011342 -0.030478 0.999471
vn -0.011342 -0.030478 0.999471
vn 0.014592 -0.999745 0.017219
vn 0.014592 -0.999745 0.017219
vn 0.014592 -0.999745 0.017219
vn 0.000000 -0.999635 0.027017
vn 0.000000 -0.999635 0.027017
vn 0.000000 -0.999635 0.027017
vn -0.004866 -0.998740 0.049952
vn -0.004866 -0.998740 0.049952
vn -0.004866 -0.998740 0.049952
vn -0.014546 -0.999619 0.023469
vn -0.014546 -0.999619 0.023469
vn -0.014546 -0.999619 0.023469
vn 0.000555 -0.999522 -0.030899
vn 0.000555 -0.999522 -0.030899
vn 0.000555 -0.999522 -0.030899
vn 0.000000 -0.999669 -0.025713
vn 0.015025 0.999834 0.010350
vn 0.015025 0.999834 0.010350
vn 0.015025 0.999834 0.010350
vn 0.004554 0.999009 0.044270
vn 0.004554 0.999009 0.044270
vn 0.004554 0.999009 0.044270
vn -0.003079 0.999959 0.008512
vn -0.003079 0.999959 0.008512
vn -0.003079 0.999959 0.008512
vn -0.009449 0.999637 0.025228
vn -0.009449 0.999637 0.025228
vn -0.009449 0.999637 0.025228
vn 0.001113 0.999331 -0.036556
vn 0.001113 0.999331 -0.036556
vn 0.001113 0.999331 -0.036556
vn -0.003089 0.999989 0.003658
vn -0.003089 0.999989 0.003658
vn -0.003089 0.999989 0.003658
vn -0.004537 0.047498 0.998861
vn -0.004537 0.047498 0.998861
vn -0.004537 0.047498 0.998861
vn 0.000080 0.033540 0.999437
vn 0.000080 0.033540 0.999437
vn 0.000080 0.033540 0.999437
vn 0.000926 -0.000809 -0.999999
vn 0.000926 -0.000809 -0.999999
vn 0.000926 -0.000809 -0.999999
vn -0.001457 0.001273 -0.999998
vn 0.001969 -0.999867 0.016215
vn 0.001969 -0.999867 0.016215
vn 0.001969 -0.999867 0.016215
vn -0.001822 -0.999947 0.010169
vn -0.001822 -0.999947 0.010169
vn -0.001822 -0.999947 0.010169
vn -0.002168 0.007192 0.999972
vn -0.002168 0.007192 0.999972
vn -0.002168 0.007192 0.999972
vn 0.002325 -0.021308 0.999770
vn 0.002325 -0.021308 0.999770
vn 0.002325 -0.021308 0.999770
vn 0.994700 0.054143 0.087408
vn 0.994700 0.054143 0.087408
vn 0.994700 0.054143 0.087408
vn 0.999151 0.000524 -0.041186
vn 0.999151 0.000524 -0.041186
vn 0.999151 0.000524 -0.041186
vn 0.998607 -0.000502 -0.052774
vn 0.998607 -0.000502 -0.052774
vn 0.998607 -0.000502 -0.052774
vn 0.999637 -0.020630 0.017320
vn 0.999637 -0.020630 0.017320
vn 0.999637 -0.020630 0.017320
vn 0.999532 0.019568 0.023518
vn 0.999532 0.019568 0.023518
vn 0.999532 0.019568 0.023518
vn 0.996493 -0.059593 0.058748
vn 0.996493 -0.059593 0.058748
vn 0.996493 -0.059593 0.058748
vn 0.999850 -0.017307 -0.000488
vn 0.999850 -0.017307 -0.000488
vn 0.999850 -0.017307 -0.000488
vn 0.999854 -0.017071 -0.000590
vn 0.999053 -0.017027 0.040029
vn 0.999053 -0.017027 0.040029
vn 0.999053 -0.017027 0.040029
vn 0.987303 0.012327 0.158373
vn 0.987303 0.012327 0.158373
vn 0.987303 0.012327 0.158373
vn 0.992898 -0.016749 0.117783
vn 0.992898 -0.016749 0.117783
vn 0.992898 -0.016749 0.117783
vn 0.993726 0.015598 -0.110748
vn 0.993726 0.015598 -0.110748
vn 0.993726 0.015598 -0.110748
vn 0.999860 0.000516 -0.016714
vn 0.999860 0.000516 -0.016714
vn 0.999860 0.000516 -0.016714
vn 0.999180 0.011741 0.038760
vn 0.999180 0.011741 0.038760
vn 0.999180 0.011741 0.038760
vn 0.045159 -0.009152 0.998938
vn 0.045159 -0.009152 0.998938
vn 0.045159 -0.009152 0.998938
vn 0.010342 0.012571 0.999867
vn 0.010342 0.012571 0.999867
vn 0.010342 0.012571 0.999867
vn -0.006676 0.036078 0.999327
vn -0.006676 0.036078 0.999327
vn -0.006676 0.036078 0.999327
vn 0.914124 0.395740 -0.088134
vn 0.914124 0.395740 -0.088134
vn 0.914124 0.395740 -0.088134
vn 0.635073 0.771923 0.028601
vn 0.635073 0.771923 0.028601
vn 0.635073 0.771923 0.028601
vn 0.616694 0.785079 0.057782
vn 0.616694 0.785079 0.057782
vn 0.616694 0.785079 0.057782
vn 0.997445 0.063905 0.031930
vn 0.997445 0.063905 0.031930
vn 0.997445 0.063905 0.031930
vn 0.994792 0.082165 0.060315
vn 0.994792 0.082165 0.060315
vn 0.994792 0.082165 0.060315
vn 0.059754 0.998202 -0.004801
vn 0.059754 0.998202 -0.004801
vn 0.059754 0.998202 -0.004801
vn 0.076124 0.996796 0.024548
vn 0.076124 0.996796 0.024548
vn 0.076124 0.996796 0.024548
vn -0.006453 -0.037330 0.999282
vn -0.006453 -0.037330 0.999282
vn -0.006453 -0.037330 0.999282
vn 0.044966 0.009730 0.998941
vn 0.044966 0.009730 0.998941
vn 0.044966 0.009730 0.998941
vn 0.010949 -0.012043 0.999868
vn 0.010949 -0.012043 0.999868
vn 0.010949 -0.012043 0.999868
vn 0.669968 -0.736902 0.090100
vn 0.669968 -0.736902 0.090100
vn 0.669968 -0.736902 0.090100
vn 0.755979 -0.652562 -0.051559
vn 0.755979 -0.652562 -0.051559
vn 0.755979 -0.652562 -0.051559
vn 0.073671 -0.997151 -0.016218
vn 0.073671 -0.997151 -0.016218
vn 0.073671 -0.997151 -0.016218
vn 0.045233 -0.998431 0.033012
vn 0.045233 -0.998431 0.033012
vn 0.045233 -0.998431 0.033012
vn 0.997410 -0.071268 0.009757
vn 0.997410 -0.071268 0.009757
vn 0.997410 -0.071268 0.009757
vn 0.996882 -0.078783 -0.004374
vn 0.996882 -0.078783 -0.004374
vn 0.996882 -0.078783 -0.004374
vn -0.046534 -0.009697 0.998870
vn -0.046534 -0.009697 0.998870
vn -0.046534 -0.009697 0.998870
vn 0.003585 0.031810 0.999488
vn 0.003585 0.031810 0.999488
vn 0.003585 0.031810 0.999488
vn -0.010305 0.012623 0.999867
vn -0.010305 0.012623 0.999867
vn -0.010305 0.012623 0.999867
vn -0.632047 0.774216 0.033263
vn -0.632047 0.774216 0.033263
vn -0.632047 0.774216 0.033263
vn -0.616494 0.785231 0.057853
vn -0.616494 0.785231 0.057853
vn -0.616494 0.785231 0.057853
vn -0.913505 0.397269 -0.087666
vn -0.913505 0.397269 -0.087666
vn -0.913505 0.397269 -0.087666
vn -0.071365 0.997325 -0.015785
vn -0.071365 0.997325 -0.015785
vn -0.071365 0.997325 -0.015785
vn -0.069735 0.997478 -0.013224
vn -0.069735 0.997478 -0.013224
vn -0.069735 0.997478 -0.013224
vn -0.997300 0.063520 0.036850
vn -0.997300 0.063520 0.036850
vn -0.997300 0.063520 0.036850
vn -0.994986 0.079145 0.061149
vn -0.994986 0.079145 0.061149
vn -0.994986 0.079145 0.061149
vn 0.006363 -0.043358 0.999039
vn 0.006363 -0.043358 0.999039
vn 0.006363 -0.043358 0.999039
vn 0.000000 0.000000 1.000000
vn 0.000000 0.000000 1.000000
vn 0.000000 0.000000 1.000000
vn -0.012123 -0.011601 0.999859
vn -0.012123 -0.011601 0.999859
vn -0.012123 -0.011601 0.999859
vn -0.047273 0.009681 0.998835
vn -0.047273 0.009681 0.998835
vn -0.047273 0.009681 0.998835
vn -0.872509 -0.480979 0.085951
vn -0.872509 -0.480979 0.085951
vn -0.872509 -0.480979 0.085951
vn -0.746666 -0.663043 -0.053521
vn -0.746666 -0.663043 -0.053521
vn -0.746666 -0.663043 -0.053521
vn -0.534915 -0.836809 0.116692
vn -0.534915 -0.836809 0.116692
vn -0.534915 -0.836809 0.116692
vn -0.998760 -0.046899 0.016728
vn -0.998760 -0.046899 0.016728
vn -0.998760 -0.046899 0.016728
vn -0.998202 -0.059849 -0.003363
vn -0.998202 -0.059849 -0.003363
vn -0.998202 -0.059849 -0.003363
vn -0.068052 -0.997544 -0.016564
vn -0.068052 -0.997544 -0.016564
vn -0.068052 -0.997544 -0.016564
vn -0.055555 -0.998447 0.004043
vn -0.055555 -0.998447 0.004043
vn -0.055555 -0.998447 0.004043
vn 0.000889 -0.546600 0.837394
vn 0.000889 -0.546600 0.837394
vn 0.000889 -0.546600 0.837394
vn 0.000533 -0.550978 0.834520
vn 0.000533 -0.550978 0.834520
vn 0.000533 -0.550978 0.834520
vn 0.004124 0.637548 0.770400
vn 0.004124 0.637548 0.770400
vn 0.004124 0.637548 0.770400
vn -0.010491 0.822866 0.568139
vn -0.010491 0.822866 0.568139
vn -0.010491 0.822866 0.568139
vn -0.002518 0.710688 0.703503
vn -0.002518 0.710688 0.703503
vn -0.002518 0.710688 0.703503
vn 0.003334 0.653651 0.756789
vn 0.003334 0.653651 0.756789
vn 0.003334 0.653651 0.756789
vn -0.003889 -0.664031 0.747695
vn -0.003889 -0.664031 0.747695
vn -0.003889 -0.664031 0.747695
vn 0.003183 -0.735840 0.677148
vn 0.003183 -0.735840 0.677148
vn 0.003183 -0.735840 0.677148
vn -0.016733 0.815155 0.579001
vn -0.016733 0.815155 0.579001
vn -0.016733 0.815155 0.579001
vn -0.373636 0.468029 0.800840
vn -0.373636 0.468029 0.800840
vn -0.373636 0.468029 0.800840
vn -0.772459 0.622188 0.127239
vn -0.772459 0.622188 0.127239
vn -0.772459 0.622188 0.127239
vn -0.566875 0.244553 0.786668
vn -0.566875 0.244553 0.786668
vn -0.566875 0.244553 0.786668
vn -0.698263 0.012885 0.715726
vn -0.698263 0.012885 0.715726
vn -0.698263 0.012885 0.715726
vn -0.959238 0.064348 0.275178
vn -0.959238 0.064348 0.275178
vn -0.959238 0.064348 0.275178
vn -0.714710 0.699315 0.012193
vn -0.714710 0.699315 0.012193
vn -0.714710 0.699315 0.012193
vn -0.438806 0.898290 0.022916
vn -0.438806 0.898290 0.022916
vn -0.438806 0.898290 0.022916
vn -0.572214 0.616485 0.540849
vn -0.572214 0.616485 0.540849
vn -0.572214 0.616485 0.540849
vn 0.701001 0.001137 0.713160
vn 0.701001 0.001137 0.713160
vn 0.701001 0.001137 0.713160
vn 0.571669 0.247202 0.782360
vn 0.571669 0.247202 0.782360
vn 0.571669 0.247202 0.782360
vn 0.776011 0.625086 0.084111
vn 0.776011 0.625086 0.084111
vn 0.776011 0.625086 0.084111
vn 0.365679 0.464663 0.806454
vn 0.365679 0.464663 0.806454
vn 0.365679 0.464663 0.806454
vn 0.017902 0.787100 0.616566
vn 0.017902 0.787100 0.616566
vn 0.017902 0.787100 0.616566
vn -0.835204 -0.391183 0.386535
vn -0.835204 -0.391183 0.386535
vn -0.835204 -0.391183 0.386535
vn 0.870778 0.058020 0.488242
vn 0.870778 0.058020 0.488242
vn 0.870778 0.058020 0.488242
vn -0.608933 -0.027816 0.792734
vn -0.608933 -0.027816 0.792734
vn -0.608933 -0.027816 0.792734
vn 0.820659 0.392065 0.415697
vn 0.820659 0.392065 0.415697
vn 0.820659 0.392065 0.415697
vn 0.549875 0.834417 -0.037234
vn 0.549875 0.834417 -0.037234
vn 0.549875 0.834417 -0.037234
vn 0.702212 0.711843 0.013351
vn 0.702212 0.711843 0.013351
vn 0.702212 0.711843 0.013351
vn 0.782559 0.622508 0.009247
vn 0.782559 0.622508 0.009247
vn 0.782559 0.622508 0.009247
vn 0.633941 0.541251 0.552418
vn 0.633941 0.541251 0.552418
vn 0.633941 0.541251 0.552418
vn 0.825253 -0.397581 0.401107
vn 0.825253 -0.397581 0.401107
vn 0.825253 -0.397581 0.401107
vn 0.629023 -0.026530 0.776934
vn 0.629023 -0.026530 0.776934
vn 0.629023 -0.026530 0.776934
vn 0.768562 -0.030744 0.639036
vn 0.768562 -0.030744 0.639036
vn 0.768562 -0.030744 0.639036
vn 0.389451 -0.436348 0.811127
vn 0.389451 -0.436348 0.811127
vn 0.389451 -0.436348 0.811127
vn -0.003142 -0.000065 -0.999995
vn -0.003142 -0.000065 -0.999995
vn -0.003142 -0.000065 -0.999995
vn 0.020688 0.037772 -0.999072
vn 0.020688 0.037772 -0.999072
vn 0.020688 0.037772 -0.999072
vn -0.000336 0.868140 0.496320
vn -0.000336 0.868140 0.496320
vn -0.000336 0.868140 0.496320
vn 0.002206 0.869392 0.494118
vn 0.002206 0.869392 0.494118
vn 0.002206 0.869392 0.494118
vn 0.000846 0.075343 0.997157
vn 0.000846 0.075343 0.997157
vn 0.000846 0.075343 0.997157
vn 0.000017 0.063670 0.997971
vn 0.000017 0.063670 0.997971
vn 0.000017 0.063670 0.997971
vn -0.087324 0.991064 0.100826
vn -0.087324 0.991064 0.100826
vn -0.087324 0.991064 0.100826
vn -0.002961 0.999530 0.030511
vn -0.002961 0.999530 0.030511
vn -0.002961 0.999530 0.030511
vn -0.001023 0.999712 0.023996
vn -0.001023 0.999712 0.023996
vn -0.001023 0.999712 0.023996
vn 0.000024 1.000000 -0.000165
vn 0.000024 1.000000 -0.000165
vn 0.000024 1.000000 -0.000165
vn -0.000041 1.000000 -0.000088
vn 0.050790 0.995288 0.082598
vn 0.050790 0.995288 0.082598
vn 0.050790 0.995288 0.082598
vn -0.002142 0.005291 0.999984
vn -0.002142 0.005291 0.999984
vn -0.002142 0.005291 0.999984
vn -0.009764 -0.012768 0.999871
vn -0.009764 -0.012768 0.999871
vn -0.009764 -0.012768 0.999871
vn -0.000291 -0.999871 0.016056
vn -0.000291 -0.999871 0.016056
vn -0.000291 -0.999871 0.016056
vn -0.011950 -0.999907 0.006530
vn -0.011950 -0.999907 0.006530
vn -0.011950 -0.999907 0.006530
vn -0.001631 -0.999936 0.011167
vn -0.001631 -0.999936 0.011167
vn -0.001631 -0.999936 0.011167
vn -0.008608 -0.999960 -0.002243
vn -0.008608 -0.999960 -0.002243
vn -0.008608 -0.999960 -0.002243
vn -0.007068 -0.999954 0.006551
vn -0.007068 -0.999954 0.006551
vn -0.003706 -0.999988 0.003347
vn -0.003706 -0.999988 0.003347
vn -0.003706 -0.999988 0.003347
vn 0.001900 -0.999998 0.000213
vn -0.000845 -0.999999 -0.001112
vn -0.000845 -0.999999 -0.001112
vn -0.000845 -0.999999 -0.001112
vn -0.001758 -0.999998 -0.000382
vn -0.003001 -0.999988 0.003934
vn 0.040735 -0.998916 -0.022516
vn 0.040735 -0.998916 -0.022516
vn 0.040735 -0.998916 -0.022516
vn 0.007122 -0.999848 0.015932
vn 0.007122 -0.999848 0.015932
vn 0.007122 -0.999848 0.015932
vn 0.005625 -0.999969 -0.005591
vn 0.005625 -0.999969 -0.005591
vn 0.005625 -0.999969 -0.005591
vn 0.011072 -0.999918 0.006387
vn 0.011072 -0.999918 0.006387
vn 0.011072 -0.999918 0.006387
vn -0.004717 -0.999987 -0.001937
vn -0.004717 -0.999987 -0.001937
vn -0.004717 -0.999987 -0.001937
vn 0.000171 -0.999999 0.001575
vn 0.010872 -0.999919 0.006631
vn -0.004614 -0.999983 -0.003687
vn -0.000016 -0.122980 0.992409
vn -0.000016 -0.122980 0.992409
vn -0.000016 -0.122980 0.992409
vn -0.004767 -0.187157 0.982318
vn -0.004767 -0.187157 0.982318
vn -0.004767 -0.187157 0.982318
vn -0.005576 -0.869935 -0.493135
vn -0.005576 -0.869935 -0.493135
vn -0.005576 -0.869935 -0.493135
vn -0.000233 -0.867255 -0.497865
vn -0.000233 -0.867255 -0.497865
vn -0.000233 -0.867255 -0.497865
vn -0.000940 -0.999510 0.031285
vn -0.000940 -0.999510 0.031285
vn -0.000940 -0.999510 0.031285
vn -0.000347 -0.999222 0.039438
vn -0.000347 -0.999222 0.039438
vn -0.000347 -0.999222 0.039438
vn 0.992744 -0.119710 0.011329
vn 0.992744 -0.119710 0.011329
vn 0.992744 -0.119710 0.011329
vn -0.956364 -0.292015 0.009783
vn -0.956364 -0.292015 0.009783
vn -0.956364 -0.292015 0.009783
vn -0.001545 0.999978 0.006467
vn -0.001545 0.999978 0.006467
vn -0.001545 0.999978 0.006467
vn 0.002069 0.999998 0.000648
vn 0.002069 0.999998 0.000648
vn 0.002069 0.999998 0.000648
vn -0.017533 0.032305 -0.999324
vn -0.017533 0.032305 -0.999324
vn -0.017533 0.032305 -0.999324
vn 0.003436 -0.000347 -0.999994
vn 0.003436 -0.000347 -0.999994
vn 0.003436 -0.000347 -0.999994
vn 0.999983 -0.005650 -0.001455
vn 0.999983 -0.005650 -0.001455
vn 0.999983 -0.005650 -0.001455
vn 0.999888 0.010035 -0.011150
vn 0.999888 0.010035 -0.011150
vn 0.999888 0.010035 -0.011150
vn 0.999012 0.002701 -0.044358
vn 0.999012 0.002701 -0.044358
vn 0.999012 0.002701 -0.044358
vn 0.999763 -0.006217 -0.020870
vn 0.999763 -0.006217 -0.020870
vn 0.999763 -0.006217 -0.020870
vn -0.999989 -0.004282 -0.002106
vn -0.999989 -0.004282 -0.002106
vn -0.999989 -0.004282 -0.002106
vn -0.999861 0.011748 -0.011827
vn -0.999861 0.011748 -0.011827
vn -0.999861 0.011748 -0.011827
vn -0.999335 0.004062 -0.036249
vn -0.999335 0.004062 -0.036249
vn -0.999335 0.004062 -0.036249
vn -0.999894 -0.004529 -0.013827
vn -0.999894 -0.004529 -0.013827
vn -0.999894 -0.004529 -0.013827
vn -0.995997 0.013507 0.088366
vn -0.995997 0.013507 0.088366
vn -0.995997 0.013507 0.088366
vn -0.996292 -0.005001 0.085895
vn -0.996292 -0.005001 0.085895
vn -0.996292 -0.005001 0.085895
vn 0.156016 -0.001219 -0.987754
vn 0.156016 -0.001219 -0.987754
vn 0.156016 -0.001219 -0.987754
vn -0.882519 -0.006938 -0.470225
vn -0.882519 -0.006938 -0.470225
vn -0.882519 -0.006938 -0.470225
vn -0.999220 -0.035078 0.018143
vn -0.999220 -0.035078 0.018143
vn -0.999220 -0.035078 0.018143
vn -0.999969 -0.001396 0.007734
vn -0.999969 -0.001396 0.007734
vn -0.999969 -0.001396 0.007734
vn 0.999981 -0.001431 0.005961
vn 0.999981 -0.001431 0.005961
vn 0.999981 -0.001431 0.005961
vn 0.999244 -0.035161 0.016593
vn 0.999244 -0.035161 0.016593
vn 0.999244 -0.035161 0.016593
vn 0.986197 -0.035981 -0.161621
vn 0.986197 -0.035981 -0.161621
vn 0.986197 -0.035981 -0.161621
vn 0.926807 -0.005166 -0.375503
vn 0.926807 -0.005166 -0.375503
vn 0.926807 -0.005166 -0.375503
vn 0.882860 -0.002207 -0.469631
vn 0.882860 -0.002207 -0.469631
vn 0.882860 -0.002207 -0.469631
vn 0.995990 0.013775 0.088398
vn 0.995990 0.013775 0.088398
vn 0.995990 0.013775 0.088398
vn 0.996310 -0.014000 0.084680
vn 0.996310 -0.014000 0.084680
vn 0.996310 -0.014000 0.084680
vn -0.000993 -0.709906 -0.704296
vn -0.000993 -0.709906 -0.704296
vn -0.000993 -0.709906 -0.704296
vn 0.001226 -0.719800 -0.694181
vn 0.001226 -0.719800 -0.694181
vn 0.001226 -0.719800 -0.694181
vn -0.004334 0.709432 -0.704761
vn -0.004334 0.709432 -0.704761
vn -0.004334 0.709432 -0.704761
vn -0.002025 0.693849 -0.720118
vn -0.002025 0.693849 -0.720118
vn -0.002025 0.693849 -0.720118
vn 0.000567 0.702965 -0.711225
vn 0.000567 0.702965 -0.711225
vn 0.000567 0.702965 -0.711225
vn 0.007813 0.706602 -0.707568
vn 0.007813 0.706602 -0.707568
vn 0.007813 0.706602 -0.707568
vn -0.523662 0.003840 0.851918
vn -0.523662 0.003840 0.851918
vn -0.523662 0.003840 0.851918
vn -0.496781 0.021865 0.867600
vn -0.496781 0.021865 0.867600
vn -0.496781 0.021865 0.867600
vn -0.722224 -0.032092 0.690915
vn -0.722224 -0.032092 0.690915
vn -0.722224 -0.032092 0.690915
vn -0.897934 0.037217 0.438554
vn -0.897934 0.037217 0.438554
vn -0.897934 0.037217 0.438554
vn -0.959815 -0.024807 0.279534
vn -0.959815 -0.024807 0.279534
vn -0.959815 -0.024807 0.279534
vn 0.941691 0.003191 0.336465
vn 0.941691 0.003191 0.336465
vn 0.941691 0.003191 0.336465
vn 0.885447 -0.049222 0.462127
vn 0.885447 -0.049222 0.462127
vn 0.885447 -0.049222 0.462127
vn 0.645063 0.000723 0.764129
vn 0.645063 0.000723 0.764129
vn 0.645063 0.000723 0.764129
vn 0.588819 -0.022582 0.807949
vn 0.588819 -0.022582 0.807949
vn 0.588819 -0.022582 0.807949
vn 0.318554 0.055851 0.946258
vn 0.318554 0.055851 0.946258
vn 0.318554 0.055851 0.946258
vn 0.645474 0.036069 0.762930
vn 0.645474 0.036069 0.762930
vn 0.645474 0.036069 0.762930
vn 0.702159 -0.638997 -0.314094
vn 0.702159 -0.638997 -0.314094
vn 0.702159 -0.638997 -0.314094
vn 0.709259 -0.704945 0.002032
vn 0.709259 -0.704945 0.002032
vn 0.709259 -0.704945 0.002032
vn 0.401390 -0.669321 0.625216
vn 0.401390 -0.669321 0.625216
vn 0.401390 -0.669321 0.625216
vn 0.007281 -0.701826 0.712311
vn 0.007281 -0.701826 0.712311
vn 0.007281 -0.701826 0.712311
vn -0.430713 -0.856741 0.283691
vn -0.430713 -0.856741 0.283691
vn -0.430713 -0.856741 0.283691
vn 0.698844 -0.715239 0.007095
vn 0.698844 -0.715239 0.007095
vn 0.698844 -0.715239 0.007095
vn -0.699853 -0.714287 0.000704
vn -0.699853 -0.714287 0.000704
vn -0.699853 -0.714287 0.000704
vn 0.914352 0.003415 -0.404906
vn 0.914352 0.003415 -0.404906
vn 0.914352 0.003415 -0.404906
vn -0.669344 -0.010355 0.742880
vn -0.669344 -0.010355 0.742880
vn -0.669344 -0.010355 0.742880
vn -0.701590 -0.640123 -0.313071
vn -0.701590 -0.640123 -0.313071
vn -0.701590 -0.640123 -0.313071
vn 0.741513 0.550813 0.383097
vn 0.741513 0.550813 0.383097
vn 0.741513 0.550813 0.383097
vn -0.696039 -0.717973 0.006676
vn -0.696039 -0.717973 0.006676
vn -0.696039 -0.717973 0.006676
vn 0.672701 0.010421 0.739842
vn 0.672701 0.010421 0.739842
vn 0.672701 0.010421 0.739842
vn 0.637330 0.029249 0.770036
vn 0.637330 0.029249 0.770036
vn 0.637330 0.029249 0.770036
vn -0.872879 0.004740 -0.487913
vn -0.872879 0.004740 -0.487913
vn -0.872879 0.004740 -0.487913
vn 0.579094 0.815220 0.008192
vn 0.579094 0.815220 0.008192
vn 0.579094 0.815220 0.008192
vn 0.701000 0.713151 0.003946
vn 0.701000 0.713151 0.003946
vn 0.701000 0.713151 0.003946
vn 0.871238 0.379751 0.311020
vn 0.871238 0.379751 0.311020
vn 0.871238 0.379751 0.311020
vn 0.340474 0.894207 0.290639
vn 0.340474 0.894207 0.290639
vn 0.340474 0.894207 0.290639
vn -0.636830 0.721155 0.272732
vn -0.636830 0.721155 0.272732
vn -0.636830 0.721155 0.272732
vn -0.710014 0.704172 0.004657
vn -0.710014 0.704172 0.004657
vn -0.710014 0.704172 0.004657
vn -0.723272 0.690543 0.005330
vn -0.723272 0.690543 0.005330
vn -0.723272 0.690543 0.005330
vn -0.735889 0.555417 0.387272
vn -0.735889 0.555417 0.387272
vn -0.735889 0.555417 0.387272
vn -0.675337 0.010952 0.737428
vn -0.675337 0.010952 0.737428
vn -0.675337 0.010952 0.737428
vn -0.659633 0.019426 0.751337
vn -0.659633 0.019426 0.751337
vn -0.659633 0.019426 0.751337
vn -0.715169 -0.695554 0.068832
vn -0.715169 -0.695554 0.068832
vn -0.715169 -0.695554 0.068832
vn -0.568834 -0.693322 0.442418
vn -0.568834 -0.693322 0.442418
vn -0.568834 -0.693322 0.442418
vn 0.701334 -0.698476 0.142344
vn 0.701334 -0.698476 0.142344
vn 0.701334 -0.698476 0.142344
vn 0.547393 -0.699848 0.458884
vn 0.547393 -0.699848 0.458884
vn 0.547393 -0.699848 0.458884
vn 0.215398 -0.697068 0.683886
vn 0.215398 -0.697068 0.683886
vn 0.215398 -0.697068 0.683886
vn -0.257283 -0.699673 0.666530
vn -0.257283 -0.699673 0.666530
vn -0.257283 -0.699673 0.666530
vn 0.002107 -0.931446 0.363874
vn 0.002107 -0.931446 0.363874
vn 0.002107 -0.931446 0.363874
vn 0.881494 -0.079338 0.465482
vn 0.881494 -0.079338 0.465482
vn 0.881494 -0.079338 0.465482
vn 0.873012 -0.091796 0.478982
vn 0.873012 -0.091796 0.478982
vn 0.873012 -0.091796 0.478982
vn 0.042910 -0.016017 -0.998951
vn 0.042910 -0.016017 -0.998951
vn 0.042910 -0.016017 -0.998951
vn 0.134383 0.037585 -0.990216
vn 0.134383 0.037585 -0.990216
vn 0.134383 0.037585 -0.990216
vn 0.574085 0.030549 0.818226
vn 0.574085 0.030549 0.818226
vn 0.574085 0.030549 0.818226
vn 0.509036 -0.053723 -0.859067
vn 0.509036 -0.053723 -0.859067
vn 0.509036 -0.053723 -0.859067
vn 0.307568 -0.019318 0.951330
vn 0.307568 -0.019318 0.951330
vn 0.307568 -0.019318 0.951330
vn 0.294637 -0.031039 0.955105
vn 0.294637 -0.031039 0.955105
vn 0.294637 -0.031039 0.955105
vn 0.637540 0.043161 -0.769208
vn 0.637540 0.043161 -0.769208
vn 0.637540 0.043161 -0.769208
vn 0.908856 0.008139 -0.417031
vn 0.908856 0.008139 -0.417031
vn 0.908856 0.008139 -0.417031
vn 0.951741 -0.082752 -0.295537
vn 0.951741 -0.082752 -0.295537
vn 0.951741 -0.082752 -0.295537
vn 0.997493 0.013933 -0.069383
vn 0.997493 0.013933 -0.069383
vn 0.997493 0.013933 -0.069383
vn 0.385320 -0.797265 -0.464648
vn 0.385320 -0.797265 -0.464648
vn 0.385320 -0.797265 -0.464648
vn 0.679138 -0.446114 -0.582885
vn 0.679138 -0.446114 -0.582885
vn 0.679138 -0.446114 -0.582885
vn -0.473498 -0.870665 -0.133202
vn -0.473498 -0.870665 -0.133202
vn -0.473498 -0.870665 -0.133202
vn 0.519562 -0.819723 -0.241060
vn 0.519562 -0.819723 -0.241060
vn 0.519562 -0.819723 -0.241060
vn -0.493872 -0.745480 -0.447605
vn -0.493872 -0.745480 -0.447605
vn -0.493872 -0.745480 -0.447605
vn -0.772986 -0.374003 -0.512460
vn -0.772986 -0.374003 -0.512460
vn -0.772986 -0.374003 -0.512460
vn 0.940506 -0.339246 -0.018990
vn 0.940506 -0.339246 -0.018990
vn 0.940506 -0.339246 -0.018990
vn -0.295847 -0.672134 -0.678757
vn -0.295847 -0.672134 -0.678757
vn -0.295847 -0.672134 -0.678757
vn -0.300757 -0.619105 -0.725434
vn -0.300757 -0.619105 -0.725434
vn -0.300757 -0.619105 -0.725434
vn 0.085176 -0.787317 -0.610636
vn 0.085176 -0.787317 -0.610636
vn 0.085176 -0.787317 -0.610636
vn 0.209980 -0.494360 -0.843515
vn 0.209980 -0.494360 -0.843515
vn 0.209980 -0.494360 -0.843515
vn -0.000264 1.000000 0.000175
vn -0.000264 1.000000 0.000175
vn -0.000264 1.000000 0.000175
vn -0.000012 1.000000 0.000126
vn 0.000206 1.000000 -0.000093
vn -0.001511 0.999999 -0.000128
vn -0.041817 0.998476 0.036006
vn -0.041817 0.998476 0.036006
vn -0.041817 0.998476 0.036006
vn -0.005666 0.999735 0.022339
vn -0.005666 0.999735 0.022339
vn -0.005666 0.999735 0.022339
vn -0.002254 0.999807 0.019501
vn -0.002254 0.999807 0.019501
vn -0.002254 0.999807 0.019501
vn 0.066465 0.997677 -0.014937
vn 0.066465 0.997677 -0.014937
vn 0.066465 0.997677 -0.014937
vn -0.483084 -0.670413 0.563184
vn -0.483084 -0.670413 0.563184
vn -0.483084 -0.670413 0.563184
vn -0.543241 -0.436838 0.716981
vn -0.543241 -0.436838 0.716981
vn -0.543241 -0.436838 0.716981
vn -0.546589 -0.807943 0.220154
vn -0.546589 -0.807943 0.220154
vn -0.546589 -0.807943 0.220154
vn -0.977003 -0.090245 0.193185
vn -0.977003 -0.090245 0.193185
vn -0.977003 -0.090245 0.193185
vn 0.560274 -0.471737 0.680851
vn 0.560274 -0.471737 0.680851
vn 0.560274 -0.471737 0.680851
vn 0.173323 -0.815505 0.552187
vn 0.173323 -0.815505 0.552187
vn 0.173323 -0.815505 0.552187
vn 0.039947 -0.324424 0.945068
vn 0.039947 -0.324424 0.945068
vn 0.039947 -0.324424 0.945068
vn -0.125186 -0.841020 0.526322
vn -0.125186 -0.841020 0.526322
vn -0.125186 -0.841020 0.526322
vn -0.961604 -0.052331 -0.269406
vn -0.961604 -0.052331 -0.269406
vn -0.961604 -0.052331 -0.269406
vn -0.739742 0.054201 -0.670705
vn -0.739742 0.054201 -0.670705
vn -0.739742 0.054201 -0.670705
vn -0.307306 -0.045524 0.950521
vn -0.307306 -0.045524 0.950521
vn -0.307306 -0.045524 0.950521
vn -0.222770 0.013378 0.974779
vn -0.222770 0.013378 0.974779
vn -0.222770 0.013378 0.974779
vn -0.490398 -0.050289 -0.870046
vn -0.490398 -0.050289 -0.870046
vn -0.490398 -0.050289 -0.870046
vn -0.396710 0.013453 -0.917846
vn -0.396710 0.013453 -0.917846
vn -0.396710 0.013453 -0.917846
vn -0.651978 0.057766 0.756034
vn -0.651978 0.057766 0.756034
vn -0.651978 0.057766 0.756034
vn -0.874535 -0.070462 0.479817
vn -0.874535 -0.070462 0.479817
vn -0.874535 -0.070462 0.479817
vn -0.927764 0.020657 0.372595
vn -0.927764 0.020657 0.372595
vn -0.927764 0.020657 0.372595
vn -0.954764 -0.023002 -0.296475
vn -0.954764 -0.023002 -0.296475
vn -0.954764 -0.023002 -0.296475
vn -0.000001 -1.000000 -0.000009
vn -0.000001 -1.000000 -0.000009
vn -0.000001 -1.000000 -0.000009
vn -0.000000 -1.000000 0.000000
vn -0.000000 -1.000000 0.000001
vn -0.000000 -1.000000 0.000000
vn 0.000000 -1.000000 0.000000
vn 0.000004 -1.000000 0.000000
vn 0.000000 -1.000000 0.000002
vn 0.869114 -0.131388 0.476842
vn 0.869114 -0.131388 0.476842
vn 0.869114 -0.131388 0.476842
vn 0.042910 -0.016017 -0.998951
vn 0.042910 -0.016017 -0.998951
vn 0.042910 -0.016017 -0.998951
vn 0.134383 0.037585 -0.990216
vn 0.134383 0.037585 -0.990216
vn 0.134383 0.037585 -0.990216
vn 0.681406 0.057344 0.729656
vn 0.681406 0.057344 0.729656
vn 0.681406 0.057344 0.729656
vn 0.509035 -0.053723 -0.859068
vn 0.509035 -0.053723 -0.859068
vn 0.509035 -0.053723 -0.859068
vn 0.307568 -0.019318 0.951330
vn 0.307568 -0.019318 0.951330
vn 0.307568 -0.019318 0.951330
vn 0.294636 -0.031039 0.955105
vn 0.294636 -0.031039 0.955105
vn 0.294636 -0.031039 0.955105
vn 0.637541 0.043160 -0.769207
vn 0.637541 0.043160 -0.769207
vn 0.637541 0.043160 -0.769207
vn 0.906841 0.008536 -0.421386
vn 0.906841 0.008536 -0.421386
vn 0.906841 0.008536 -0.421386
vn 0.950645 -0.095565 -0.295197
vn 0.950645 -0.095565 -0.295197
vn 0.950645 -0.095565 -0.295197
vn 0.989471 0.038425 0.139540
vn 0.989471 0.038425 0.139540
vn 0.989471 0.038425 0.139540
vn 0.369685 -0.815237 -0.445781
vn 0.369685 -0.815237 -0.445781
vn 0.369685 -0.815237 -0.445781
vn -0.962704 -0.266647 -0.045843
vn -0.962704 -0.266647 -0.045843
vn -0.962704 -0.266647 -0.045843
vn -0.533570 -0.832348 -0.150003
vn -0.533570 -0.832348 -0.150003
vn -0.533570 -0.832348 -0.150003
vn 0.622825 -0.743516 -0.243459
vn 0.622825 -0.743516 -0.243459
vn 0.622825 -0.743516 -0.243459
vn -0.688819 -0.425596 -0.586854
vn -0.688819 -0.425596 -0.586854
vn -0.688819 -0.425596 -0.586854
vn -0.359552 -0.406015 -0.840163
vn -0.359552 -0.406015 -0.840163
vn -0.359552 -0.406015 -0.840163
vn 0.071338 -0.858843 -0.507248
vn 0.071338 -0.858843 -0.507248
vn 0.071338 -0.858843 -0.507248
vn 0.436165 0.054852 -0.898194
vn 0.436165 0.054852 -0.898194
vn 0.436165 0.054852 -0.898194
vn -0.000344 1.000000 0.000111
vn -0.000344 1.000000 0.000111
vn -0.000344 1.000000 0.000111
vn 0.000319 1.000000 -0.000080
vn -0.204416 0.934044 -0.292876
vn -0.204416 0.934044 -0.292876
vn -0.204416 0.934044 -0.292876
vn 0.097036 0.995055 0.021181
vn 0.097036 0.995055 0.021181
vn 0.097036 0.995055 0.021181
vn 0.000666 1.000000 0.000163
vn 0.000666 1.000000 0.000163
vn 0.000666 1.000000 0.000163
vn 0.261812 0.965079 0.008771
vn 0.261812 0.965079 0.008771
vn 0.261812 0.965079 0.008771
vn -0.316264 -0.546140 0.775699
vn -0.316264 -0.546140 0.775699
vn -0.316264 -0.546140 0.775699
vn -0.380257 -0.811063 0.444501
vn -0.380257 -0.811063 0.444501
vn -0.380257 -0.811063 0.444501
vn -0.746066 -0.419844 0.516833
vn -0.746066 -0.419844 0.516833
vn -0.746066 -0.419844 0.516833
vn -0.503770 -0.839652 0.202978
vn -0.503770 -0.839652 0.202978
vn -0.503770 -0.839652 0.202978
vn 0.549743 -0.663461 0.507545
vn 0.549743 -0.663461 0.507545
vn 0.549743 -0.663461 0.507545
vn 0.172511 -0.817473 0.549525
vn 0.172511 -0.817473 0.549525
vn 0.172511 -0.817473 0.549525
vn 0.114876 -0.420765 0.899867
vn 0.114876 -0.420765 0.899867
vn 0.114876 -0.420765 0.899867
vn -0.137649 -0.801574 0.581835
vn -0.137649 -0.801574 0.581835
vn -0.137649 -0.801574 0.581835
vn -0.961604 -0.052331 -0.269407
vn -0.961604 -0.052331 -0.269407
vn -0.961604 -0.052331 -0.269407
vn -0.787654 0.037500 -0.614976
vn -0.787654 0.037500 -0.614976
vn -0.787654 0.037500 -0.614976
vn -0.307307 -0.045525 0.950521
vn -0.307307 -0.045525 0.950521
vn -0.307307 -0.045525 0.950521
vn -0.222770 0.013378 0.974779
vn -0.222770 0.013378 0.974779
vn -0.222770 0.013378 0.974779
vn -0.489673 -0.073981 -0.868762
vn -0.489673 -0.073981 -0.868762
vn -0.489673 -0.073981 -0.868762
vn -0.365797 0.011287 -0.930626
vn -0.365797 0.011287 -0.930626
vn -0.365797 0.011287 -0.930626
vn -0.651977 0.057766 0.756036
vn -0.651977 0.057766 0.756036
vn -0.651977 0.057766 0.756036
vn -0.874536 -0.070463 0.479815
vn -0.874536 -0.070463 0.479815
vn -0.874536 -0.070463 0.479815
vn -0.927764 0.020657 0.372594
vn -0.927764 0.020657 0.372594
vn -0.927764 0.020657 0.372594
vn -0.954763 -0.023001 -0.296476
vn -0.954763 -0.023001 -0.296476
vn -0.954763 -0.023001 -0.296476
vn -0.000004 -1.000000 0.000001
vn -0.000004 -1.000000 0.000001
vn -0.000004 -1.000000 0.000001
vn -0.000001 -1.000000 -0.000001
vn -0.000001 -1.000000 -0.000001
vn -0.000001 -1.000000 -0.000001
vn 0.000002 -1.000000 0.000001
vn 0.000004 -1.000000 0.000001
vn 0.000000 -1.000000 0.000000
f 723//723 724//724 725//725
f 726//726 727//727 728//728
f 729//729 730//730 731//731
f 732//732 733//733 734//734
f 735//735 736//736 737//737
f 738//738 739//739 740//740
f 741//741 742//742 743//743
f 744//744 745//745 746//746
f 747//747 748//748 749//749
f 750//750 751//751 752//752
f 753//753 754//754 755//755
f 756//756 757//757 758//758
f 759//759 760//760 761//761
f 762//762 763//763 764//764
f 765//765 766//766 767//767
f 768//768 769//769 770//770
f 771//771 772//772 773//773
f 774//774 775//775 776//776
f 777//777 778//778 779//779
f 780//780 781//781 782//782
f 783//783 784//784 785//785
f 786//786 787//787 788//788
f 789//789 790//790 791//791
f 792//792 793//793 794//794
f 795//795 796//796 797//797
f 797//797 796//796 798//798
f 799//799 800//800 801//801
f 802//802 803//803 804//804
f 805//805 806//806 807//807
f 808//808 809//809 810//810
f 811//811 812//812 813//813
f 814//814 815//815 816//816
f 817//817 818//818 819//819
f 820//820 821//821 822//822
f 823//823 824//824 825//825
f 826//826 827//827 828//828
f 826//826 828//828 829//829
f 830//830 831//831 832//832
f 833//833 834//834 835//835
f 836//836 837//837 838//838
f 839//839 840//840 841//841
f 842//842 843//843 844//844
f 845//845 846//846 847//847
f 848//848 849//849 850//850
f 851//851 852//852 853//853
f 854//854 855//855 856//856
f 854//854 857//857 855//855
f 858//858 859//859 860//860
f 861//861 862//862 863//863
f 864//864 865//865 866//866
f 867//867 868//868 869//869
f 870//870 871//871 872//872
f 873//873 874//874 875//875
f 876//876 877//877 878//878
f 879//879 880//880 881//881
f 882//882 883//883 884//884
f 885//885 886//886 887//887
f 888//888 889//889 890//890
f 888//888 891//891 889//889
f 892//892 893//893 894//894
f 895//895 896//896 897//897
f 898//898 899//899 900//900
f 901//901 902//902 903//903
f 904//904 905//905 906//906
f 907//907 908//908 909//909
f 910//910 911//911 912//912
f 913//913 914//914 915//915
f 916//916 917//917 918//918
f 919//919 920//920 921//921
f 922//922 923//923 924//924
f 925//925 926//926 927//927
f 928//928 929//929 930//930
f 931//931 932//932 933//933
f 934//934 935//935 936//936
f 937//937 938//938 939//939
f 940//940 941//941 942//942
f 943//943 944//944 945//945
f 946//946 947//947 948//948
f 949//949 950//950 951//951
f 952//952 953//953 954//954
f 955//955 956//956 957//957
f 958//958 959//959 960//960
f 961//961 962//962 963//963
f 964//964 965//965 966//966
f 967//967 968//968 969//969
f 970//970 971//971 972//972
f 973//973 974//974 975//975
f 976//976 977//977 978//978
f 979//979 980//980 981//981
f 982//982 983//983 984//984
f 985//985 986//986 987//987
f 988//988 989//989 990//990
f 991//991 992//992 993//993
f 994//994 995//995 996//996
f 997//997 998//998 999//999
f 1000//1000 1001//1001 1002//1002
f 1003//1003 1004//1004 1005//1005
f 1006//1006 1007//1007 1008//1008
f 1009//1009 1010//1010 1011//1011
f 1012//1012 1013//1013 1014//1014
f 1015//1015 1016//1016 1017//1017
f 1018//1018 1019//1019 1020//1020
f 1021//1021 1022//1022 1023//1023
f 1024//1024 1025//1025 1026//1026
f 1027//1027 1028//1028 1029//1029
f 1030//1030 1031//1031 1032//1032
f 1033//1033 1034//1034 1035//1035
f 1036//1036 1037//1037 1038//1038
f 1039//1039 1040//1040 1041//1041
f 1042//1042 1043//1043 1044//1044
f 1045//1045 1046//1046 1047//1047
f 1048//1048 1049//1049 1050//1050
f 1051//1051 1052//1052 1053//1053
f 1054//1054 1055//1055 1056//1056
f 1057//1057 1058//1058 1059//1059
f 1060//1060 1061//1061 1062//1062
f 1063//1063 1064//1064 1065//1065
f 1066//1066 1067//1067 1068//1068
f 1069//1069 1070//1070 1071//1071
f 1072//1072 1073//1073 1074//1074
f 1075//1075 1076//1076 1077//1077
f 1078//1078 1079//1079 1080//1080
f 1081//1081 1082//1082 1083//1083
f 1084//1084 1085//1085 1086//1086
f 1087//1087 1088//1088 1089//1089
f 1090//1090 1091//1091 1092//1092
f 1093//1093 1094//1094 1095//1095
f 1096//1096 1097//1097 1098//1098
f 1099//1099 1100//1100 1101//1101
f 1102//1102 1103//1103 1104//1104
f 1105//1105 1106//1106 1107//1107
f 1108//1108 1109//1109 1110//1110
f 1111//1111 1112//1112 1113//1113
f 1114//1114 1115//1115 1116//1116
f 1117//1117 1118//1118 1119//1119
f 1120//1120 1121//1121 1122//1122
f 1123//1123 1124//1124 1125//1125
f 1126//1126 1127//1127 1128//1128
f 1129//1129 1130//1130 1131//1131
f 1132//1132 1133//1133 1134//1134
f 1135//1135 1136//1136 1137//1137
f 1138//1138 1139//1139 1140//1140
f 1141//1141 1142//1142 1143//1143
f 1144//1144 1145//1145 1146//1146
f 1147//1147 1148//1148 1149//1149
f 1150//1150 1151//1151 1152//1152
f 1153//1153 1154//1154 1155//1155
f 1156//1156 1157//1157 1158//1158
f 1159//1159 1160//1160 1161//1161
f 1161//1161 1160//1160 1162//1162
f 1163//1163 1164//1164 1165//1165
f 1166//1166 1167//1167 1168//1168
f 1169//1169 1170//1170 1171//1171
f 1172//1172 1173//1173 1174//1174
f 1175//1175 1176//1176 1177//1177
f 1178//1178 1179//1179 1180//1180
f 1181//1181 1182//1182 1183//1183
f 1177//1177 1184//1184 1185//1185
f 1186//1186 1187//1187 1188//1188
f 1187//1187 1189//1189 1188//1188
f 1190//1190 1191//1191 1192//1192
f 1191//1191 1193//1193 1192//1192
f 1187//1187 1194//1194 1189//1189
f 1195//1195 1196//1196 1197//1197
f 1198//1198 1199//1199 1200//1200
f 1201//1201 1202//1202 1203//1203
f 1204//1204 1205//1205 1206//1206
f 1207//1207 1208//1208 1209//1209
f 1210//1210 1208//1208 1207//1207
f 1204//1204 1211//1211 1205//1205
f 1212//1212 1208//1208 1210//1210
f 1187//1187 1208//1208 1212//1212
f 1213//1213 1214//1214 1215//1215
f 1216//1216 1217//1217 1218//1218
f 1219//1219 1220//1220 1221//1221
f 1222//1222 1223//1223 1224//1224
f 1225//1225 1226//1226 1227//1227
f 1228//1228 1229//1229 1230//1230
f 1231//1231 1232//1232 1233//1233
f 1234//1234 1235//1235 1236//1236
f 1237//1237 1238//1238 1239//1239
f 1240//1240 1241//1241 1242//1242
f 1243//1243 1244//1244 1245//1245
f 1246//1246 1247//1247 1248//1248
f 1249//1249 1250//1250 1251//1251
f 1252//1252 1253//1253 1254//1254
f 1255//1255 1256//1256 1257//1257
f 1258//1258 1259//1259 1260//1260
f 1261//1261 1262//1262 1263//1263
f 1264//1264 1265//1265 1266//1266
f 1267//1267 1268//1268 1269//1269
f 1270//1270 1271//1271 1272//1272
f 1273//1273 1274//1274 1275//1275
f 1276//1276 1277//1277 1278//1278
f 1279//1279 1280//1280 1281//1281
f 1282//1282 1283//1283 1284//1284
f 1285//1285 1286//1286 1287//1287
f 1288//1288 1289//1289 1290//1290
f 1291//1291 1292//1292 1293//1293
f 1294//1294 1295//1295 1296//1296
f 1297//1297 1298//1298 1299//1299
f 1300//1300 1301//1301 1302//1302
f 1303//1303 1304//1304 1305//1305
f 1306//1306 1307//1307 1308//1308
f 1309//1309 1310//1310 1311//1311
f 1312//1312 1313//1313 1314//1314
f 1315//1315 1316//1316 1317//1317
f 1318//1318 1319//1319 1320//1320
f 1321//1321 1322//1322 1323//1323
f 1324//1324 1325//1325 1326//1326
f 1327//1327 1328//1328 1329//1329
f 1330//1330 1331//1331 1332//1332
f 1333//1333 1334//1334 1335//1335
f 1336//1336 1337//1337 1338//1338
f 1339//1339 1340//1340 1341//1341
f 1342//1342 1343//1343 1344//1344
f 1345//1345 1346//1346 1347//1347
f 1348//1348 1349//1349 1350//1350
f 1351//1351 1352//1352 1353//1353
f 1354//1354 1355//1355 1356//1356
f 1357//1357 1358//1358 1359//1359
f 1360//1360 1361//1361 1362//1362
f 1363//1363 1364//1364 1365//1365
f 1366//1366 1367//1367 1368//1368
f 1369//1369 1370//1370 1371//1371
f 1372//1372 1373//1373 1374//1374
f 1375//1375 1376//1376 1377//1377
f 1378//1378 1379//1379 1380//1380
f 1381//1381 1382//1382 1383//1383
f 1384//1384 1385//1385 1386//1386
f 1387//1387 1388//1388 1389//1389
f 1390//1390 1391//1391 1392//1392
f 1393//1393 1394//1394 1395//1395
f 1396//1396 1397//1397 1398//1398
f 1399//1399 1400//1400 1401//1401
f 1402//1402 1403//1403 1404//1404
f 1405//1405 1406//1406 1407//1407
f 1408//1408 1409//1409 1410//1410
f 1411//1411 1412//1412 1413//1413
f 1414//1414 1415//1415 1416//1416
f 1417//1417 1418//1418 1419//1419
f 1420//1420 1421//1421 1422//1422
f 1423//1423 1424//1424 1425//1425
f 1426//1426 1427//1427 1428//1428
f 1429//1429 1430//1430 1431//1431
f 1432//1432 1433//1433 1434//1434
f 1435//1435 1436//1436 1437//1437
f 1438//1438 1439//1439 1440//1440
f 1441//1441 1442//1442 1443//1443
f 1444//1444 1445//1445 1446//1446
f 1447//1447 1448//1448 1449//1449
f 1450//1450 1451//1451 1452//1452
f 1453//1453 1454//1454 1455//1455
f 1456//1456 1457//1457 1458//1458
f 1459//1459 1460//1460 1461//1461
f 1462//1462 1463//1463 1464//1464
f 1465//1465 1466//1466 1467//1467
f 1468//1468 1469//1469 1470//1470
f 1471//1471 1472//1472 1473//1473
f 1474//1474 1475//1475 1476//1476
f 1477//1477 1478//1478 1479//1479
f 1480//1480 1481//1481 1482//1482
f 1483//1483 1484//1484 1485//1485
f 1486//1486 1487//1487 1488//1488
f 1489//1489 1490//1490 1491//1491
f 1492//1492 1493//1493 1494//1494
f 1495//1495 1496//1496 1497//1497
f 1498//1498 1499//1499 1500//1500
f 1501//1501 1502//1502 1503//1503
f 1504//1504 1505//1505 1506//1506
f 1507//1507 1508//1508 1509//1509
f 1510//1510 1511//1511 1512//1512
f 1513//1513 1514//1514 1515//1515
f 1516//1516 1517//1517 1518//1518
f 1519//1519 1520//1520 1521//1521
f 1522//1522 1523//1523 1524//1524
f 1525//1525 1526//1526 1527//1527
f 1528//1528 1529//1529 1530//1530
f 1530//1530 1529//1529 1531//1531
f 1532//1532 1529//1529 1528//1528
f 1531//1531 1529//1529 1533//1533
f 1534//1534 1535//1535 1536//1536
f 1537//1537 1538//1538 1539//1539
f 1540//1540 1541//1541 1542//1542
f 1543//1543 1544//1544 1545//1545
f 1546//1546 1547//1547 1548//1548
f 1549//1549 1550//1550 1551//1551
f 1552//1552 1553//1553 1554//1554
f 1555//1555 1556//1556 1557//1557
f 1558//1558 1559//1559 1560//1560
f 1561//1561 1562//1562 1563//1563
f 1564//1564 1565//1565 1566//1566
f 1567//1567 1568//1568 1569//1569
f 1570//1570 1571//1571 1572//1572
f 1573//1573 1574//1574 1575//1575
f 1576//1576 1577//1577 1578//1578
f 1579//1579 1580//1580 1581//1581
f 1582//1582 1583//1583 1584//1584
f 1585//1585 1586//1586 1587//1587
f 1588//1588 1589//1589 1590//1590
f 1591//1591 1592//1592 1593//1593
f 1594//1594 1595//1595 1596//1596
f 1597//1597 1598//1598 1599//1599
f 1600//1600 1601//1601 1602//1602
f 1600//1600 1602//1602 1603//1603
f 1600//1600 1603//1603 1604//1604
f 1605//1605 1600//1600 1604//1604
f 1605//1605 1604//1604 1606//1606
f 1605//1605 1607//1607 1600//1600
f 1605//1605 1606//1606 1608//1608
f 1609//1609 1610//1610 1611//1611
f 1612//1612 1613//1613 1614//1614
f 1615//1615 1616//1616 1617//1617
f 1618//1618 1619//1619 1620//1620
f 1621//1621 1622//1622 1623//1623
f 1624//1624 1625//1625 1626//1626
f 1627//1627 1628//1628 1629//1629
f 1630//1630 1631//1631 1632//1632
f 1633//1633 1634//1634 1635//1635
f 1636//1636 1637//1637 1638//1638
f 1639//1639 1640//1640 1641//1641
f 1642//1642 1643//1643 1644//1644
f 1645//1645 1646//1646 1647//1647
f 1648//1648 1649//1649 1650//1650
f 1651//1651 1652//1652 1653//1653
f 1654//1654 1655//1655 1656//1656
f 1657//1657 1658//1658 1659//1659
f 1660//1660 1661//1661 1662//1662
f 1663//1663 1664//1664 1665//1665
f 1666//1666 1667//1667 1668//1668
f 1669//1669 1667//1667 1666//1666
f 1670//1670 1671//1671 1672//1672
f 1673//1673 1674//1674 1675//1675
f 1676//1676 1677//1677 1678//1678
f 1678//1678 1669//1669 1666//1666
f 1677//1677 1669//1669 1678//1678
f 1679//1679 1680//1680 1681//1681
f 1682//1682 1683//1683 1684//1684
f 1685//1685 1686//1686 1687//1687
f 1688//1688 1689//1689 1690//1690
f 1691//1691 1692//1692 1693//1693
f 1694//1694 1695//1695 1696//1696
f 1697//1697 1698//1698 1699//1699
f 1700//1700 1701//1701 1702//1702
f 1703//1703 1704//1704 1705//1705
f 1706//1706 1707//1707 1708//1708
f 1709//1709 1710//1710 1711//1711
f 1712//1712 1713//1713 1714//1714
f 1715//1715 1716//1716 1717//1717
f 1718//1718 1719//1719 1720//1720
f 1721//1721 1722//1722 1723//1723
f 1724//1724 1725//1725 1726//1726
f 1727//1727 1728//1728 1729//1729
f 1730//1730 1731//1731 1732//1732
f 1733//1733 1734//1734 1735//1735
f 1736//1736 1737//1737 1738//1738
f 1739//1739 1740//1740 1741//1741
f 1739//1739 1742//1742 1740//1740
f 1739//1739 1743//1743 1742//1742
f 1739//1739 1741//1741 1744//1744
f 1744//1744 1741//1741 1737//1737
f 1744//1744 1737//1737 1736//1736
