mtllib material.mtl
usemtl material_0
v -10.8 5.4223 5.231595
v -10.8 5.082195 7.414698
v -10.8 5.001294 8.121597
v -10.8 4.803395 9.606397
v -10.8 4.687398 11.0252
v -10.8 4.585897 11.8051
v -10.8 4.480898 13.9384
v -10.8 4.429894 14.009
v -10.8 4.453295 14.108799
v -10.8 4.408895 14.150999
v -10.8 4.389899 14.269391
v -10.8 4.362899 14.286999
v -10.8 4.2934 14.4125
v -10.8 -4.585897 11.8051
v -10.8 -4.480898 13.9384
v -10.8 -4.429894 14.009
v -10.8 -4.453295 14.108799
v -10.8 -4.408895 14.150999
v -10.8 -4.389899 14.269391
v -10.8 -4.362899 14.286999
v -10.8 -4.2934 14.4125
v -10.8 -4.687398 11.0252
v -10.8 -4.803395 9.606397
v -10.8 -5.001294 8.121597
v -10.8 -5.082195 7.414698
v -10.8 -5.4223 5.231595
v 7.7515 5.696099 2.899998
v 8.389496 5.383396 1.825398
v 7.9104 5.989295 1.966995
v 8.5105 5.927497 0.588197
v 7.992297 6.191998 1.389497
v 7.991999 6.274795 1.234096
v 7.866799 6.7586 0.588197
v 7.949697 6.393396 1.109397
v 7.872599 6.530398 1.026594
v 7.766997 6.670695 0.996494
v 7.4202 7.054495 0.996494
v 7.142299 7.520097 0.588197
v 7.054495 7.4202 0.996494
v 6.670695 7.766997 0.996494
v 6.344395 8.204495 0.588197
v 6.530499 7.872498 1.026695
v 6.3932 7.949799 1.1096
v 6.2747 7.992196 1.233798
v 6.191998 7.992297 1.389497
v 6.139999 7.971298 1.537996
v 5.481296 8.8045 0.588197
v 5.641198 8.2183 1.825398
v 5.556094 8.276098 1.825398
v 5.332195 7.9427 3.063499
v 4.665297 8.351898 3.063499
v 4.472899 8.007299 4.303097
v 3.803497 8.346098 4.303097
v 3.644996 7.998096 5.544996
v 2.979099 8.269196 5.544996
v 2.855497 7.9261 6.789898
v 2.198195 8.132898 6.789898
v 2.109098 7.802999 8.0383
v 1.464295 7.949298 8.0383
v 1.407599 7.640999 9.290897
v 0.778395 7.730495 9.290897
v 0.750399 7.452195 10.5484
v 0.138897 7.488596 10.5484
v 0.134396 7.245397 11.8261
v -0.458199 7.232201 11.8261
v -0.4457 7.034897 13.1101
v -1.019096 6.974899 13.1101
v -0.997895 6.829798 14.4012
v -1.552695 6.7254 14.4012
v -1.264095 6.693798 15.700001
v -2.0931 6.482595 15.700001
v -2.043199 6.592899 14.4012
v -2.522695 6.424796 14.4012
v -2.086597 6.733 13.1101
v -2.576297 6.561297 13.1101
v -2.145195 6.921899 11.8261
v -2.648597 6.745296 11.8261
v -2.217197 7.154196 10.5484
v -2.737396 6.971698 10.5484
v -2.3 7.421398 9.290897
v -2.839696 7.232099 9.290897
v -2.392697 7.720798 8.0383
v -2.954196 7.523798 8.0383
v -2.4939 8.047199 6.789898
v -3.079098 7.841897 6.789898
v -2.601897 8.3956 5.544996
v -3.212398 8.181399 5.544996
v -2.715098 8.760797 4.303097
v -3.352195 8.537399 4.303097
v -2.8319 9.137797 3.063499
v -3.496396 8.904695 3.063499
v -2.950799 9.5214 1.825398
v -3.643196 9.2785 1.825398
v -3.611898 9.722095 0.588197
v -4.577499 9.306496 0.588197
v 7.547998 5.464398 3.839194
v 8.051496 5.166494 3.063499
v 8.8014 4.679799 1.825398
v 8.4468 4.491198 3.063499
v 9.154397 3.944897 1.825398
v 8.785498 3.785896 3.063499
v 9.446096 3.183597 1.825398
v 9.065598 3.055298 3.063499
v 9.674698 2.401 1.825398
v 9.284895 2.304196 3.063499
v 9.838497 1.602298 1.825398
v 9.442198 1.537799 3.063499
v 9.9366 0.792897 1.825398
v 9.5362 0.760996 3.063499
v 9.566497 -0.0203 3.063499
v 9.171897 -0.0192 4.303097
v 9.139597 -0.769496 4.303097
v 8.758497 -0.737399 5.544996
v 9.046095 -1.513797 4.303097
v 8.669 -1.450699 5.544996
v 8.892101 -2.247995 4.303097
v 8.521395 -2.154296 5.544996
v 8.678698 -2.967196 4.303097
v 8.316898 -2.843499 5.544996
v 8.407199 -3.666496 4.303097
v 8.0567 -3.513598 5.544996
v 8.079397 -4.341197 4.303097
v 7.742595 -4.160296 5.544996
v 7.6976 -4.986995 4.303097
v 7.3767 -4.7791 5.544996
v 7.4431 -5.359399 4.303097
v 7.318097 -5.290699 4.757499
v 7.552099 -5.4681 3.8221
v 7.547795 5.464196 3.840094
v 7.310998 5.286395 4.784196
v 7.719296 4.953294 4.303097
v 7.0459 5.161499 5.729597
v 7.397496 4.746794 5.544996
v 7.044798 5.161094 5.733096
v 6.754398 5.090397 6.6747
v 6.4309 5.0834 7.6092
v 7.090497 4.549896 6.789898
v 7.760697 4.126399 5.544996
v 7.4386 3.955197 6.789898
v 8.071899 3.478395 5.544996
v 7.736998 3.334099 6.789898
v 8.3292 2.807098 5.544996
v 7.983601 2.690595 6.789898
v 8.5307 2.117097 5.544996
v 8.176696 2.029198 6.789898
v 8.675199 1.412898 5.544996
v 8.315199 1.354199 6.789898
v 8.761698 0.699198 5.544996
v 8.398097 0.670195 6.789898
v 8.4248 -0.0172 6.789898
v 8.082997 -0.0163 8.0383
v 8.0545 -0.678098 8.0383
v 7.742196 -0.651795 9.290897
v 7.972198 -1.334095 8.0383
v 7.6631 -1.282399 9.290897
v 7.836496 -1.981097 8.0383
v 7.532596 -1.904296 9.290897
v 7.648396 -2.614897 8.0383
v 7.351797 -2.513498 9.290897
v 7.409095 -3.231197 8.0383
v 7.121795 -3.105896 9.290897
v 7.120299 -3.825896 8.0383
v 6.844198 -3.677499 9.290897
v 6.783795 -4.394894 8.0383
v 6.520795 -4.224497 9.290897
v 6.401896 -4.934597 8.0383
v 6.153696 -4.743295 9.290897
v 6.082099 -5.156797 8.4598
v 6.080096 -5.1575 8.463996
v 5.851298 -5.257999 8.888798
v 5.7455 -5.230295 9.290897
v 5.709797 -5.345696 9.073495
v 5.627197 -5.407994 9.1443
v 5.538594 -5.485695 9.1825
v 5.537897 -5.486297 9.182596
v 5.538696 -5.041998 10.5484
v 5.298894 -5.682295 9.290897
v 5.1081 -5.477797 10.5484
v 4.818797 -6.0947 9.290897
v 4.644894 -5.875599 10.5484
v 4.302495 -6.469595 9.290897
v 4.147595 -6.236696 10.5484
v 3.759396 -6.799596 9.290897
v 3.623998 -6.5548 10.5484
v 3.191095 -7.084 9.290897
v 3.076195 -6.828999 10.5484
v 2.601498 -7.321095 9.290897
v 2.507895 -7.057499 10.5484
v 1.994496 -7.509195 9.290897
v 1.922696 -7.2389 10.5484
v 1.374197 -7.647097 9.290897
v 1.324695 -7.371795 10.5484
v 0.744694 -7.733798 9.290897
v 0.717896 -7.455396 10.5484
v 0.106096 -7.489097 10.5484
v 0.102699 -7.245999 11.8261
v -0.4897 -7.230097 11.8261
v 0.0999 -7.048296 13.1101
v -0.476396 -7.032901 13.1101
v 0.0978 -6.901597 14.4012
v -0.466496 -6.8865 14.4012
v -0.4403 -6.797897 15.700001
v -1.027697 -6.825298 14.4012
v -1.288795 -6.689095 15.700001
v -1.581996 -6.718498 14.4012
v -2.116996 -6.474798 15.700001
v -2.125799 -6.566798 14.4012
v -2.655297 -6.371098 14.4012
v -2.711695 -6.506496 13.1101
v -3.234398 -6.263101 13.1101
v -3.325098 -6.438797 11.8261
v -3.805196 -6.089699 12.2202
v -3.970295 -6.353795 10.5368
v 6.423395 4.906594 8.0383
v 6.428498 5.083596 7.615798
v 6.250798 5.1099 8.074498
v 5.768299 5.205196 9.290897
v 6.052595 5.167198 8.521795
v 6.049197 5.168396 8.528697
v 5.810797 5.2809 8.948796
v 5.661499 5.381 9.1187
v 5.574494 5.452895 9.171599
v 5.486297 5.537897 9.182596
v 5.323594 5.659198 9.290897
v 5.1319 5.455398 10.5484
v 5.560594 5.017799 10.5484
v 6.174397 4.716396 9.290897
v 5.952095 4.546594 10.5484
v 6.5391 4.196 9.290897
v 6.303697 4.044997 10.5484
v 6.860196 3.647595 9.290897
v 6.6132 3.516298 10.5484
v 7.135295 3.074795 9.290897
v 6.878399 2.964097 10.5484
v 7.362699 2.481395 9.290897
v 7.097595 2.392095 10.5484
v 7.540899 1.871395 9.290897
v 7.2694 1.804 10.5484
v 7.668596 1.248896 9.290897
v 7.392495 1.203894 10.5484
v 7.744997 0.617999 9.290897
v 7.466197 0.595796 10.5484
v 7.489895 -0.0147 10.5484
v 7.246696 -0.014 11.8261
v 7.221096 -0.607997 11.8261
v 7.049 -0.0134 13.1101
v 7.024097 -0.591397 13.1101
v 6.902295 -0.0129 14.4012
v 6.877899 -0.579095 14.4012
v 6.812095 -0.0126 15.700001
v 6.7568 -0.866199 15.700001
v 5.485695 5.538594 9.1825
v 5.407994 5.627197 9.1443
v 5.345696 5.709797 9.073495
v 5.257999 5.851298 8.888798
v 4.843294 6.075298 9.290897
v 4.668998 5.856597 10.5484
v 4.174697 6.218498 10.5484
v 4.039198 6.0166 11.8261
v 3.533995 6.326597 11.8261
v 3.437596 6.153994 13.1101
v 2.923196 6.4143 13.1101
v 2.862298 6.280797 14.4012
v 2.3395 6.493699 14.4012
v 2.9118 6.158494 15.700001
v 2.116996 6.474798 15.700001
v 1.800996 6.663197 14.4012
v 1.288795 6.689095 15.700001
v 1.250398 6.788098 14.4012
v 0.691497 6.867599 14.4012
v 1.276999 6.9323 13.1101
v 0.706196 7.013499 13.1101
v 1.312798 7.126796 11.8261
v 0.725996 7.210201 11.8261
v 1.356899 7.365995 10.5484
v 5.1575 6.080096 8.463996
v 5.156797 6.082099 8.4598
v 5.038696 6.320297 8.0383
v 5.104798 6.276196 8.011698
v 5.081796 6.450998 7.554799
v 4.5053 6.711 8.0383
v 5.081695 6.452399 7.550996
v 5.092495 6.769597 6.627798
v 4.695796 6.9947 6.789898
v 5.164998 7.055598 5.696499
v 5.165195 7.056099 5.694597
v 4.899096 7.297497 5.544996
v 5.290699 7.318097 4.757499
v 5.345499 7.453095 4.303097
v 5.4681 7.552099 3.8221
v 5.112296 7.615 4.303097
v 5.494999 7.830995 3.063499
v 5.4681 7.552099 3.821998
v 5.698394 7.753098 2.891898
v 5.989295 7.9104 1.966995
v 6.038695 7.930296 1.826697
v 6.087899 7.950198 1.6864
v 6.530398 -7.872599 1.026594
v 6.344395 -8.204495 0.588197
v 6.670695 -7.766997 0.996494
v 7.142299 -7.520097 0.588197
v 7.054495 -7.4202 0.996494
v 7.4202 -7.054495 0.996494
v 7.866799 -6.7586 0.588197
v 7.766997 -6.670695 0.996494
v 7.872498 -6.530499 1.026695
v 7.949799 -6.3932 1.1096
v 8.5105 -5.927497 0.588197
v 7.992196 -6.2747 1.233798
v 7.992297 -6.191998 1.389497
v 8.149796 -5.739796 1.825398
v 7.971298 -6.139999 1.537996
v 7.950198 -6.087899 1.6864
v 7.930296 -6.038695 1.826697
v 7.9104 -5.989295 1.966995
v 7.753098 -5.698394 2.891898
v 7.792496 -5.549395 3.063499
v 7.552099 -5.4681 3.821998
v 6.393396 -7.949697 1.109397
v 6.274795 -7.991999 1.234096
v 6.191998 -7.992297 1.389497
v 5.989295 -7.9104 1.966995
v 5.519896 -8.300298 1.825398
v 5.481296 -8.8045 0.588197
v 4.823094 -8.723598 1.825398
v 4.561996 -9.314095 0.588197
v 4.094099 -9.088599 1.825398
v 3.595799 -9.728097 0.588197
v 3.337699 -9.392797 1.825398
v 2.592599 -10.0421 0.588197
v 2.558898 -9.634095 1.825398
v 1.763099 -9.810996 1.825398
v 2.455794 -9.245997 3.063499
v 1.691997 -9.415698 3.063499
v 2.354496 -8.864498 4.303097
v 1.6222 -9.027296 4.303097
v 2.256399 -8.494997 5.544996
v 1.554596 -8.650898 5.544996
v 2.162694 -8.142399 6.789898
v 1.490098 -8.291995 6.789898
v 2.074998 -7.8121 8.0383
v 1.429599 -7.955598 8.0383
v 5.696099 -7.7515 2.899998
v 5.464398 -7.547998 3.839194
v 5.297499 -7.965898 3.063499
v 5.464196 -7.547795 3.840094
v 5.286395 -7.310998 4.784196
v 5.078995 -7.637298 4.303097
v 5.161499 -7.0459 5.729597
v 4.867196 -7.318896 5.544996
v 5.161094 -7.044798 5.733096
v 5.090397 -6.754398 6.6747
v 5.0834 -6.4309 7.6092
v 4.665297 -7.015097 6.789898
v 4.252898 -7.692098 5.544996
v 4.076397 -7.372897 6.789898
v 3.609997 -8.013999 5.544996
v 3.460198 -7.681399 6.789898
v 2.942997 -8.282196 5.544996
v 2.820897 -7.938498 6.789898
v 5.013597 -6.340301 8.0383
v 5.083596 -6.428498 7.615798
v 5.1099 -6.250798 8.074498
v 5.167198 -6.052595 8.521795
v 4.475998 -6.730598 8.0383
v 3.911 -7.073795 8.0383
v 3.319895 -7.369798 8.0383
v 2.706497 -7.6164 8.0383
v 5.168396 -6.049197 8.528697
v 5.2809 -5.810797 8.948796
v 5.381 -5.661499 9.1187
v 5.452895 -5.574494 9.171599
v 6.276196 -5.104798 8.011698
v 6.450998 -5.081796 7.554799
v 6.452399 -5.081695 7.550996
v 6.769597 -5.092495 6.627798
v 7.0706 -4.580795 6.789898
v 7.055598 -5.164998 5.696499
v 7.056099 -5.165195 5.694597
v -5.5417 4.041898 14.9206
v -5.503797 4.014199 15.700001
v -5.338197 4.317694 14.8321
v -4.957199 4.672396 15.700001
v -5.129599 4.577499 14.7149
v -4.688197 5.059599 14.4511
v -4.332494 5.256795 15.700001
v -4.279094 5.415797 14.4012
v -3.869098 5.715894 14.4012
v -4.2041 5.500197 14.1855
v -3.683495 5.894798 13.9156
v -3.438097 5.985099 14.4012
v -3.511196 6.112295 13.1101
v -3.051996 6.353998 13.1101
v -3.1376 6.532198 11.8261
v -3.639495 5.758398 15.700001
v -2.889096 6.169199 15.700001
v -2.988499 6.221795 14.4012
v -0.4152 6.799495 15.700001
v -0.436395 6.888496 14.4012
v 0.130695 7.047796 13.1101
v 0.127995 6.901097 14.4012
v 0.4403 6.797897 15.700001
v 3.365999 6.025898 14.4012
v 3.660696 5.744999 15.700001
v 3.847199 5.7307 14.4012
v 4.351896 5.240797 15.700001
v 4.302698 5.397099 14.4012
v 4.729294 5.027395 14.4012
v 4.8298 5.134296 13.1101
v 5.233299 4.722398 13.1101
v 5.379998 4.854899 11.8261
v 5.758798 4.398995 11.8261
v 4.974395 4.654097 15.700001
v 5.124396 4.624098 14.4012
v 5.601698 4.278898 13.1101
v 6.098997 3.913599 11.8261
v 5.485099 4.189896 14.4012
v 5.518496 3.993898 15.700001
v 5.809199 3.727596 14.4012
v 5.975598 3.270798 15.700001
v 6.094396 3.2404 14.4012
v 6.338798 2.731496 14.4012
v 6.473499 2.789598 13.1101
v 6.679797 2.251297 13.1101
v 6.8672 2.314394 11.8261
v 7.0333 1.745498 11.8261
v 6.338399 2.495998 15.700001
v 6.540799 2.2044 14.4012
v 6.841397 1.697796 13.1101
v 7.152497 1.164895 11.8261
v 6.601196 1.6819 15.700001
v 6.699097 1.662498 14.4012
v 6.957298 1.133096 13.1101
v 7.223695 0.576395 11.8261
v 6.8125 1.109498 14.4012
v 6.759995 0.841296 15.700001
v 6.880396 0.549096 14.4012
v 6.807595 -1.139199 14.4012
v 6.594997 -1.706296 15.700001
v 6.691795 -1.691699 14.4012
v 6.531095 -2.232897 14.4012
v 6.669896 -2.280396 13.1101
v 6.461298 -2.817797 13.1101
v 6.642496 -2.896898 11.8261
v 6.383496 -3.429996 11.8261
v 6.597799 -3.545099 10.5484
v 6.285995 -4.072397 10.5484
v 6.329095 -2.519398 15.700001
v 6.3268 -2.7592 14.4012
v 6.209397 -3.336399 13.1101
v 6.081897 -3.940194 11.8261
v 5.932199 -4.572498 10.5484
v 5.963498 -3.292798 15.700001
v 6.080198 -3.266996 14.4012
v 5.915898 -3.832697 13.1101
v 5.739498 -4.423999 11.8261
v 5.792796 -3.752899 14.4012
v 5.503797 -4.014199 15.700001
v 5.466794 -4.213798 14.4012
v 4.957199 -4.672396 15.700001
v 5.104094 -4.646396 14.4012
v 4.707294 -5.047994 14.4012
v 4.807394 -5.155295 13.1101
v 4.370796 -5.530297 13.1101
v 4.493695 -5.685096 11.8261
v 4.012894 -6.034195 11.8261
v 4.332494 -5.256795 15.700001
v 4.279398 -5.415499 14.4012
v 3.903394 -5.869495 13.1101
v 3.506296 -6.341898 11.8261
v 3.822195 -5.747395 14.4012
v 3.639495 -5.758398 15.700001
v 3.339695 -6.040495 14.4012
v 2.889096 -6.169199 15.700001
v 2.834898 -6.293195 14.4012
v 2.311098 -6.503897 14.4012
v 2.360194 -6.642097 13.1101
v 1.809495 -6.812697 13.1101
v 1.860296 -7.003796 11.8261
v 1.281696 -7.132399 11.8261
v 2.0931 -6.482595 15.700001
v 1.771897 -6.670999 14.4012
v 1.246798 -6.937795 13.1101
v 0.694597 -7.2133 11.8261
v 1.264095 -6.693798 15.700001
v 1.220798 -6.793498 14.4012
v 0.675595 -7.016497 13.1101
v 0.6616 -6.870496 14.4012
v 0.4152 -6.799495 15.700001
v -2.9118 -6.158494 15.700001
v -3.167098 -6.132799 14.4012
v -3.683495 -5.894798 13.916001
v -2.9118 -6.158494 15.700001
v -3.660696 -5.744999 15.700001
v -3.167098 -6.132799 14.4012
v -3.657698 -5.853497 14.4012
v -3.657698 -5.853497 14.4012
v -3.683495 -5.894798 13.916001
v -4.078298 -5.568498 14.4012
v -4.204797 -5.499595 14.185891
v -4.476898 -5.253398 14.4012
v -4.688799 -5.058896 14.451499
v -4.974395 -4.654097 15.700001
v -5.129498 -4.577594 14.7149
v -5.337899 -4.318195 14.832
v -5.518496 -3.993898 15.700001
v -5.5417 -4.041796 14.920691
v -5.833196 -3.593599 15.02929
v -5.975598 -3.270798 15.700001
v -6.087696 -3.127199 15.1365
v -6.338399 -2.495998 15.700001
v -6.306695 -2.641695 15.2343
v -6.4897 -2.136296 15.32
v -6.601196 -1.6819 15.700001
v -6.634396 -1.615798 15.3897
v -6.7384 -1.086497 15.440901
v -6.759995 -0.841296 15.700001
v -6.801497 -0.549894 15.4727
v -6.812095 0.0126 15.700001
v -6.822997 -0.0075 15.4837
v -6.802195 0.538194 15.4732
v -6.7568 0.866199 15.700001
v -6.739497 1.078599 15.441801
v -6.594997 1.706296 15.700001
v -6.636196 1.607799 15.3907
v -6.492698 2.126997 15.321399
v -6.329095 2.519398 15.700001
v -6.309396 2.634596 15.2356
v -6.088995 3.124397 15.1371
v -5.963498 3.292798 15.700001
v -5.833595 3.592896 15.0295
v -4.351896 -5.240797 15.700001
v -4.171997 -6.676697 8.863198
v -3.564995 -6.903398 9.290897
v -3.436696 -6.6549 10.5484
v -2.787798 -6.689 11.8261
v -2.170896 -6.706297 13.1101
v -4.403698 -7.047396 7.197898
v -3.708797 -7.1819 8.0383
v -2.989 -7.171696 9.290897
v -3.109496 -7.460999 8.0383
v -2.392899 -7.391995 9.290897
v -2.489399 -7.690095 8.0383
v -1.780796 -7.562798 9.290897
v -1.852595 -7.867795 8.0383
v -1.156795 -7.682996 9.290897
v -1.203495 -7.992899 8.0383
v -0.525099 -7.751798 9.290897
v -0.546294 -8.064496 8.0383
v 0.114399 -8.082199 8.0383
v 0.119197 -8.4239 6.789898
v 0.8075 -8.385998 6.789898
v 0.842398 -8.749097 5.544996
v -4.658699 -7.455396 5.539298
v -3.865694 -7.485598 6.789898
v -3.240996 -7.776397 6.789898
v -2.594697 -8.015298 6.789898
v -1.930999 -8.200496 6.789898
v -1.254296 -8.330899 6.789898
v -0.569296 -8.4055 6.789898
v 0.124395 -8.788597 5.544996
v 0.879097 -9.129697 4.303097
v -4.032999 -7.809597 5.544996
v -4.930096 -7.889896 3.885895
v -4.208499 -8.149397 4.303097
v -5.495995 -8.795398 0.588197
v -4.389595 -8.500099 3.063499
v -4.573798 -8.856898 1.825398
v -3.680199 -8.830296 3.063499
v -3.834694 -9.200996 1.825398
v -2.946299 -9.101599 3.063499
v -3.069996 -9.483599 1.825398
v -2.192699 -9.311896 3.063499
v -2.284699 -9.702795 1.825398
v -1.424294 -9.4599 3.063499
v -1.484096 -9.8571 1.825398
v -0.646496 -9.5447 3.063499
v -0.673598 -9.945398 1.825398
v -0.299996 -9.799998 2.327996
v -0.284398 -9.895497 2.035999
v -0.534195 -10.3576 0.588197
v -0.239396 -9.980797 1.777595
v -0.155497 -10.0566 1.550495
v -0.0828 -10.0883 1.4557
v -0.0314 -10.0983 1.425898
v -0.002 -10.1 1.420998
v 0.516999 -10.3584 0.588197
v 0.0273 -10.0988 1.4247
v 0.0782 -10.0896 1.451897
v 0.117999 -10.0758 1.493096
v 0.175798 -10.0431 1.590895
v 0.365597 -9.961497 1.825398
v 0.248295 -9.9684 1.815098
v 0.289798 -9.877598 2.090495
v 0.299197 -9.777498 2.3974
v 0.916898 -9.522497 3.063499
v 0.275296 -9.680795 2.697896
v 0.221598 -9.597796 2.958697
v 0.1297 -9.170997 4.303097
v -0.593996 -8.769398 5.544996
v -1.308697 -8.691596 5.544996
v -2.014595 -8.555495 5.544996
v -2.706998 -8.362299 5.544996
v -3.381299 -8.113098 5.544996
v -4.577499 -9.306496 0.588197
v -3.611898 -9.722095 0.588197
v -2.6093 -10.0377 0.588197
v -1.579898 -10.2503 0.588197
v 0.955397 -9.922295 1.825398
v 1.562798 -10.2529 0.588197
v 8.365899 -5.419898 1.825398
v 9.066796 -5.035698 0.588197
v 8.780896 -4.718095 1.825398
v 9.5299 -4.091995 0.588197
v 9.137099 -3.984797 1.825398
v 9.432095 -3.224694 1.825398
v 9.052097 -3.094798 3.063499
v 9.274798 -2.344697 3.063499
v 9.895199 -3.106397 0.588197
v 9.6641 -2.4432 1.825398
v 9.435397 -1.578897 3.063499
v 10.1588 -2.088797 0.588197
v 9.831398 -1.645195 1.825398
v 9.532797 -0.802594 3.063499
v 10.3181 -1.049798 0.588197
v 9.933 -0.836295 1.825398
v 9.968096 -0.0215 1.825398
v 10.3713 0 0.588197
v 10.3181 1.049798 0.588197
v 10.1588 2.088797 0.588197
v 9.895199 3.106397 0.588197
v 9.5299 4.091995 0.588197
v 9.066796 5.035698 0.588197
v 4.861199 8.702498 1.825398
v 4.561996 9.314095 0.588197
v 4.133695 9.070599 1.825398
v 3.595799 9.728097 0.588197
v 3.378599 9.378099 1.825398
v 2.600896 9.6228 1.825398
v 2.496194 9.235197 3.063499
v 1.7331 9.408301 3.063499
v 1.661598 9.020096 4.303097
v 0.918895 9.125798 4.303097
v 0.880599 8.7453 5.544996
v 0.162995 8.787995 5.544996
v 0.1562 8.423298 6.789898
v -0.532699 8.407896 6.789898
v -0.511098 8.066898 8.0383
v -1.168596 7.998096 8.0383
v -1.123297 7.687997 9.290897
v -1.747798 7.570499 9.290897
v -1.684898 7.297897 10.5484
v 2.592599 10.0421 0.588197
v 1.805895 9.803199 1.825398
v 0.958496 9.518396 3.063499
v 0.1701 9.170299 4.303097
v -0.5557 8.771896 5.544996
v -1.217997 8.336299 6.789898
v -1.818299 7.875895 8.0383
v 1.562798 10.2529 0.588197
v 0.9987 9.917998 1.825398
v 0.299597 9.784698 2.375197
v 0.274998 9.680098 2.699798
v 0.516999 10.3584 0.588197
v 0.285399 9.892499 2.044999
v -0.534195 10.3576 0.588197
v -0.014 10.0997 1.421999
v 0.014 10.0997 1.421999
v 0.0403 10.0973 1.429098
v -1.579898 10.2503 0.588197
v -0.6302 9.948199 1.825398
v -0.365198 9.961497 1.825398
v -0.1719 10.0459 1.582396
v -0.246495 9.970998 1.807296
v -0.286496 9.888899 2.056199
v -0.299996 9.799998 2.327996
v -0.604898 9.5474 3.063499
v -0.286496 9.710896 2.603697
v -0.246096 9.628397 2.862095
v -0.182098 9.561598 3.073596
v -0.5799 9.153497 4.303097
v -0.135898 9.532499 3.166198
v -0.069 9.508097 3.244596
v -0.0218 9.500795 3.267896
v 0.0053 9.499996 3.270298
v 0.0328 9.501796 3.2646
v 0.0811 9.511196 3.234595
v 0.119197 9.524697 3.191196
v 0.216198 9.592097 2.976799
v -2.6093 10.0377 0.588197
v -2.242296 9.712696 1.825398
v -1.441097 9.8634 1.825398
v -1.383095 9.466099 3.063499
v -1.325994 9.075498 4.303097
v -1.270699 8.697199 5.544996
v -5.495995 8.795398 0.588197
v -4.965198 8.643496 1.825398
v -4.315894 8.9854 1.825398
v -4.141998 8.623397 3.063499
v -3.971195 8.267599 4.303097
v -3.805595 7.922899 5.544996
v -3.647696 7.594197 6.789898
v -3.499698 7.286095 8.0383
v -3.363996 7.003599 9.290897
v -3.242897 6.7514 10.5484
v -4.933297 7.894998 3.866797
v -4.765194 8.295297 3.063499
v -4.568594 7.953095 4.303097
v -4.662895 7.462197 5.512696
v -4.378098 7.621496 5.544996
v -4.196494 7.305198 6.789898
v -4.408198 7.054597 7.167398
v -4.026198 7.008898 8.0383
v -4.175895 6.682795 8.833795
v -3.870099 6.737101 9.290897
v -3.972798 6.357896 10.5138
v -3.730797 6.494599 10.5484
v -3.609597 6.2837 11.8261
v -3.806298 6.091398 12.2077
v -0.284696 -9.705495 2.620697
v -0.241095 -9.6215 2.884
v -0.171995 -9.554195 3.097099
v -0.120598 -9.525299 3.189295
v -0.619799 -9.150898 4.303097
v -0.086 -9.512597 3.229999
v -0.0425 -9.503 3.260695
v -0.0168 -9.500497 3.268897
v 0.0105 -9.500199 3.269797
v 0.0616 -9.506398 3.249895
v 0.134796 -9.531998 3.167897
v -0.109696 10.0792 1.482897
v -0.067 10.0924 1.443594
v 0.0849 10.0877 1.4575
v 0.149 10.06039 1.539099
v 0.2334 9.988498 1.754498
v 5.932599 3.806799 13.1101
v 6.398397 3.402096 11.8261
v 6.223899 3.309297 13.1101
v 6.802898 4.365295 8.0383
v 7.136899 3.794795 8.0383
v 7.423096 3.198796 8.0383
v 7.659697 2.581495 8.0383
v 7.845097 1.946896 8.0383
v 7.977896 1.299297 8.0383
v 8.057397 0.642997 8.0383
v 7.769596 -0.0154 9.290897
v 7.463496 -0.6284 10.5484
v 7.387197 -1.2362 10.5484
v 7.1473 -1.195996 11.8261
v 7.261395 -1.835697 10.5484
v 7.0257 -1.776099 11.8261
v 7.087099 -2.423 10.5484
v 6.856995 -2.344298 11.8261
v 6.8654 -2.994096 10.5484
v 8.098298 4.305899 4.303097
v 8.423095 3.629696 4.303097
v 8.691596 2.9293 4.303097
v 8.9019 2.209198 4.303097
v 9.052598 1.474297 4.303097
v 9.142798 0.729597 4.303097
v 8.789497 -0.0182 5.544996
v 8.395099 -0.706798 6.789898
v 8.309197 -1.390498 6.789898
v 8.167797 -2.064895 6.789898
v 7.971799 -2.725499 6.789898
v 7.722395 -3.367799 6.789898
v 7.421296 -3.987598 6.789898
v 4.965299 5.278295 11.8261
v 4.5174 5.666399 11.8261
v 4.394096 5.511796 13.1101
v 4.330599 6.450796 9.290897
v 3.788995 6.783097 9.290897
v 3.941798 7.056695 8.0383
v 3.221994 7.069998 9.290897
v 3.351998 7.355195 8.0383
v 2.6335 7.309699 9.290897
v 2.739697 7.604598 8.0383
v 2.027297 7.500499 9.290897
v 3.928995 5.852395 13.1101
v 4.286396 7.673496 5.544996
v 4.1085 7.355099 6.789898
v 3.493696 7.6662 6.789898
v 3.652596 6.538897 10.5484
v 3.0052 6.594198 11.8261
v 2.389198 6.631696 13.1101
v 3.410696 -6.168895 13.1101
v 2.976399 -6.6073 11.8261
v 4.437899 -8.026796 4.303097
v 3.767096 -8.362597 4.303097
v 3.071099 -8.6425 4.303097
v 4.628795 -8.372199 3.063499
v 3.929197 -8.7224 3.063499
v 3.203195 -9.014296 3.063499
v 4.942196 -5.299896 11.8261
v 5.358797 -4.8783 11.8261
v 5.212599 -4.745197 13.1101
v 5.583 -4.3033 13.1101
v 8.0289 -5.201596 3.063499
v 8.427095 -4.527997 3.063499
v 8.768898 -3.824198 3.063499
v -1.585698 6.868296 13.1101
v -1.630198 7.060998 11.8261
v -1.047694 7.170599 11.8261
v -1.895195 8.2089 6.789898
v -1.977199 8.564198 5.544996
v -2.063196 8.936798 4.303097
v -2.151995 9.321397 3.063499
v -1.082795 7.411199 10.5484
v -0.491196 7.754099 9.290897
v 0.1499 8.081597 8.0383
v 0.844097 8.382397 6.789898
v 1.592296 8.644098 5.544996
v 2.393198 8.854198 4.303097
v 3.242498 9.000295 3.063499
v -0.473595 7.474899 10.5484
v 0.144094 7.768297 9.290897
v 0.809795 8.042401 8.0383
v 1.526296 8.285397 6.789898
v 2.293395 8.484995 5.544996
v 3.108799 8.629 4.303097
v 3.967195 8.705198 3.063499
v 1.839298 6.8048 13.1101
v 1.890796 6.995695 11.8261
v 2.4562 6.817698 11.8261
v 1.954299 7.230401 10.5484
v 2.538597 7.046496 10.5484
v 3.105998 6.815499 10.5484
v 6.655097 2.867799 11.8261
v 7.0266 0.560695 13.1101
v 6.952297 -1.163399 13.1101
v 6.834 -1.7277 13.1101
v 2.895098 -6.426995 13.1101
v 2.426397 -6.828397 11.8261
v 0.774699 -8.045798 8.0383
v 0.109994 -7.768797 9.290897
v -0.506198 -7.472795 10.5484
v -1.115196 -7.406395 10.5484
v -1.078897 -7.165896 11.8261
v -1.716697 -7.2905 10.5484
v -1.660895 -7.053798 11.8261
v -2.306699 -7.1258 10.5484
v -2.2318 -6.894397 11.8261
v -2.8813 -6.913501 10.5484
v -1.049494 -6.970399 13.1101
v -1.615595 -6.861299 13.1101
v -1.365596 -9.069699 4.303097
v -2.102196 -8.927696 4.303097
v -2.824795 -8.726096 4.303097
v -3.528398 -8.4661 4.303097
v 0.807899 9.7 0
v 0.299996 9.799998 0
v 0.807899 10.2026 0
v 0.259799 9.95 0
v 0.667697 10.3523 0
v 0.149995 10.0598 0
v 0.222695 10.3714 0
v 0 10.1 0
v -0.222695 10.3714 0
v -0.149995 10.0598 0
v -0.667697 10.3523 0
v -0.259799 9.95 0
v -0.807899 10.2026 0
v -0.299996 9.799998 0
v -0.807899 9.7 0
v -0.259799 9.649997 0
v -0.759095 9.423696 0
v -0.618899 9.1807 0
v -0.149995 9.5402 0
v -0.403899 9.000396 0
v 0 9.499996 0
v -0.140297 8.904397 0
v 0.140297 8.904397 0
v 0.403899 9.000396 0
v 0.149995 9.5402 0
v 0.618899 9.1807 0
v 0.259799 9.649997 0
v 0.759095 9.423696 0
v -0.789398 10.2748 0
v -0.738394 10.3292 0
v 0.738394 10.3292 0
v 0.789398 10.2748 0
v 5.695694 -6.210696 1.299995
v 5.643695 -6.505399 1.299995
v 6.055396 -6.505399 1.299995
v 5.695694 -6.800097 1.299995
v 6.106895 -6.714498 1.299995
v 5.845296 -7.059198 1.299995
v 6.249797 -6.875699 1.299995
v 6.074595 -7.251596 1.299995
v 6.4511 -6.9521 1.299995
v 6.355798 -7.353895 1.299995
v 6.654995 -7.353895 1.299995
v 6.664997 -6.926095 1.299995
v 6.936198 -7.251596 1.299995
v 6.842195 -6.803798 1.299995
v 7.165396 -7.059198 1.299995
v 7.315099 -6.800097 1.299995
v 6.942296 -6.613099 1.299995
v 7.366997 -6.505399 1.299995
v 6.942296 -6.3977 1.299995
v 7.315099 -6.210696 1.299995
v 6.842195 -6.206995 1.299995
v 7.165396 -5.951499 1.299995
v 6.936198 -5.759197 1.299995
v 6.664997 -6.084597 1.299995
v 6.654995 -5.656796 1.299995
v 6.4511 -6.058698 1.299995
v 6.355798 -5.656796 1.299995
v 6.074595 -5.759197 1.299995
v 6.249797 -6.134998 1.299995
v 5.845296 -5.951499 1.299995
v 6.106895 -6.2963 1.299995
v 5.094498 -7.163298 0
v 6.168597 -6.803798 0
v 5.295598 -7.485097 0
v 6.345796 -6.926095 0
v 5.9668 -8.3139 0
v 6.1746 -8.336097 0
v 6.123095 -8.361297 0
v 6.068497 -6.613099 0
v 4.977297 -6.802397 0
v 4.950797 -6.423896 0
v 6.068497 -6.3977 0
v 5.016696 -6.050199 0
v 5.170994 -5.703598 0
v 6.168597 -6.206995 0
v 5.404597 -5.404597 0
v 5.703598 -5.170994 0
v 6.345796 -6.084597 0
v 6.050199 -5.016696 0
v 6.423896 -4.950797 0
v 6.559598 -6.058698 0
v 6.802397 -4.977297 0
v 7.163298 -5.094498 0
v 6.760996 -6.134998 0
v 7.485097 -5.295598 0
v 6.903797 -6.2963 0
v 8.3139 -5.9668 0
v 8.336097 -6.1746 0
v 8.361297 -6.123095 0
v 8.366495 -6.065899 0
v 8.3503 -6.011098 0
v 6.955397 -6.505399 0
v 7.687896 -6.9651 0
v 6.903797 -6.714498 0
v 6.760996 -6.875699 0
v 6.9651 -7.687896 0
v 6.559598 -6.9521 0
v 6.066 -8.366495 0
v 6.011098 -8.3503 0
v -5.695694 6.210696 1.299995
v -5.643695 6.505399 1.299995
v -6.055396 6.505399 1.299995
v -5.695694 6.800097 1.299995
v -6.106895 6.714498 1.299995
v -5.845296 7.059198 1.299995
v -6.249797 6.875699 1.299995
v -6.074595 7.251596 1.299995
v -6.4511 6.9521 1.299995
v -6.355798 7.353895 1.299995
v -6.654995 7.353895 1.299995
v -6.664997 6.926095 1.299995
v -6.936198 7.251596 1.299995
v -6.842195 6.803798 1.299995
v -7.165396 7.059198 1.299995
v -7.315099 6.800097 1.299995
v -6.942296 6.613099 1.299995
v -7.366997 6.505399 1.299995
v -6.942296 6.3977 1.299995
v -7.315099 6.210696 1.299995
v -6.842195 6.206995 1.299995
v -7.165396 5.951499 1.299995
v -6.936198 5.759197 1.299995
v -6.664997 6.084597 1.299995
v -6.654995 5.656796 1.299995
v -6.4511 6.058698 1.299995
v -6.355798 5.656796 1.299995
v -6.074595 5.759197 1.299995
v -6.249797 6.134998 1.299995
v -5.845296 5.951499 1.299995
v -6.106895 6.2963 1.299995
v -4.977297 6.802397 0
v -6.106895 6.714498 0
v -5.094498 7.163298 0
v -6.249797 6.875699 0
v -6.330496 8.2183 0
v -6.528395 8.061999 0
v -6.4511 6.9521 0
v -6.962198 7.712 0
v -6.664997 6.926095 0
v -7.408899 7.366299 0
v -6.842195 6.803798 0
v -6.942296 6.613099 0
v -6.055396 6.505399 0
v -4.950797 6.423896 0
v -5.016696 6.050199 0
v -6.106895 6.2963 0
v -5.170994 5.703598 0
v -5.404597 5.404597 0
v -6.249797 6.134998 0
v -5.703598 5.170994 0
v -6.050199 5.016696 0
v -6.4511 6.058698 0
v -6.423896 4.950797 0
v -6.802397 4.977297 0
v -6.664997 6.084597 0
v -7.163298 5.094498 0
v -7.485097 5.295598 0
v -6.842195 6.206995 0
v -7.748597 5.568498 0
v -6.942296 6.3977 0
v -7.8758 7.039999 0
v -8.461499 6.514596 0
v -8.365595 6.756198 0
v -8.402299 6.737798 0
v -8.453899 6.697195 0
v -8.4845 6.639397 0
v -8.487796 6.574195 0
v -6.128895 8.369797 0
v -5.700296 8.462399 0
v -5.923599 8.516299 0
v -5.863696 8.541798 0
v -5.798798 8.541095 0
v -5.740398 8.513295 0
v 5.695694 6.800097 1.299995
v 5.643695 6.505399 1.299995
v 6.055396 6.505399 1.299995
v 5.695694 6.210696 1.299995
v 6.106895 6.2963 1.299995
v 5.845296 5.951499 1.299995
v 6.249797 6.134998 1.299995
v 6.074595 5.759197 1.299995
v 6.4511 6.058698 1.299995
v 6.355798 5.656796 1.299995
v 6.654995 5.656796 1.299995
v 6.664997 6.084597 1.299995
v 6.936198 5.759197 1.299995
v 6.842195 6.206995 1.299995
v 7.165396 5.951499 1.299995
v 7.315099 6.210696 1.299995
v 6.942296 6.3977 1.299995
v 7.366997 6.505399 1.299995
v 6.942296 6.613099 1.299995
v 7.315099 6.800097 1.299995
v 6.842195 6.803798 1.299995
v 7.165396 7.059198 1.299995
v 6.936198 7.251596 1.299995
v 6.664997 6.926095 1.299995
v 6.654995 7.353895 1.299995
v 6.4511 6.9521 1.299995
v 6.355798 7.353895 1.299995
v 6.074595 7.251596 1.299995
v 6.249797 6.875699 1.299995
v 5.845296 7.059198 1.299995
v 6.106895 6.714498 1.299995
v 7.163298 5.094498 0
v 6.760996 6.134998 0
v 7.485097 5.295598 0
v 6.903797 6.2963 0
v 8.3139 5.9668 0
v 8.336097 6.1746 0
v 8.361297 6.123095 0
v 6.559598 6.058698 0
v 6.802397 4.977297 0
v 6.423896 4.950797 0
v 6.345796 6.084597 0
v 6.050199 5.016696 0
v 5.703598 5.170994 0
v 6.168597 6.206995 0
v 5.404597 5.404597 0
v 5.170994 5.703598 0
v 6.068497 6.3977 0
v 5.016696 6.050199 0
v 4.950797 6.423896 0
v 6.068497 6.613099 0
v 4.977297 6.802397 0
v 5.094498 7.163298 0
v 6.168597 6.803798 0
v 5.295598 7.485097 0
v 6.345796 6.926095 0
v 5.9668 8.3139 0
v 6.1746 8.336097 0
v 6.123095 8.361297 0
v 6.065899 8.366495 0
v 6.011098 8.3503 0
v 6.9651 7.687896 0
v 6.559598 6.9521 0
v 6.760996 6.875699 0
v 7.687896 6.9651 0
v 6.903797 6.714498 0
v 6.955397 6.505399 0
v 8.366495 6.066 0
v 8.3503 6.011098 0
v -8.402299 -6.737798 0
v -8.365595 -6.756198 0
v -8.458995 -6.717997 0.136298
v -8.344298 -6.791895 0.419599
v -8.552396 -6.680899 0.2464
v -8.673799 -6.632596 0.317496
v -8.884996 -6.558197 0.423098
v -8.811098 -6.580096 0.342095
v -9.221798 -6.455397 0.342095
v -9.381997 -6.424796 0.426298
v -9.6417 -6.379395 0.342095
v -9.951198 -6.356799 0.429398
v -10.0673 -6.347596 0.342095
v -10.4903 -6.346398 0.430596
v -10.4962 -6.341695 0.342095
v -10.4962 -6.346398 0.430596
v -7.8758 -7.039999 0
v -7.871299 -7.0688 0.416297
v -7.408899 -7.366299 0
v -7.421797 -7.383596 0.413597
v -7.4117 -7.391196 0.413495
v -6.962198 -7.712 0
v -6.541997 -8.078598 0.409698
v -6.528395 -8.061999 0
v 6.130999 -8.376997 0.136095
v 6.1746 -8.336097 0
v 6.358999 -8.223295 0.407398
v 6.9651 -7.687896 0
v 7.158696 -7.5374 0.407398
v 7.687896 -6.9651 0
v 7.884895 -6.774097 0.407398
v 8.336097 -6.1746 0
v 8.377099 -6.130897 0.135797
v 8.440595 -6.053096 0.245196
v 8.441996 -6.051194 0.247097
v 8.529996 -5.9412 0.407398
v 8.521395 -5.945295 0.317496
v 8.606696 -5.823397 0.342095
v 9.087598 -5.047196 0.407398
v 9.140896 -4.942899 0.342095
v 9.551799 -4.101395 0.407398
v 9.585195 -4.013895 0.342095
v 9.917896 -3.113496 0.407398
v 9.935498 -3.045397 0.342095
v 10.1821 -2.093595 0.407398
v 10.1881 -2.047097 0.342095
v 10.3418 -1.052194 0.407398
v 10.3407 -1.028597 0.342095
v 10.3951 0 0.407398
v 10.3917 0 0.342095
v 10.3407 1.028597 0.342095
v 10.3418 1.052194 0.407398
v 10.1881 2.047097 0.342095
v 10.1821 2.093595 0.407398
v 9.935498 3.045397 0.342095
v 9.917896 3.113496 0.407398
v 9.585195 4.013895 0.342095
v 9.551799 4.101395 0.407398
v 9.140896 4.942899 0.342095
v 9.087598 5.047196 0.407398
v 8.606696 5.823397 0.342095
v 8.529996 5.9412 0.407398
v 8.521699 5.944895 0.317895
v 8.442199 6.050997 0.2473
v 8.440697 6.052899 0.245398
v 8.376997 6.130999 0.136095
v 7.884895 6.774097 0.407398
v 7.687896 6.9651 0
v 7.158696 7.5374 0.407398
v 6.9651 7.687896 0
v 6.358999 8.223295 0.407398
v 6.1746 8.336097 0
v 6.130897 8.377099 0.135797
v 8.336097 6.1746 0
v 6.053096 8.440595 0.245196
v 6.051194 8.441996 0.247097
v 5.945295 8.521395 0.317496
v 5.823397 8.606696 0.342095
v 5.493897 8.8247 0.407398
v 4.924398 9.150898 0.342095
v 4.572498 9.3355 0.407398
v 3.974997 9.601396 0.342095
v 3.603994 9.750396 0.407398
v 2.985 9.953796 0.342095
v 2.598595 10.0651 0.407398
v 1.964497 10.2044 0.342095
v 1.566398 10.2765 0.407398
v 0.923795 10.3506 0.342095
v 0.518197 10.3822 0.407398
v 0.829697 10.3575 0.323194
v 0.748497 10.361 0.2711
v 0.692296 10.3608 0.193
v 0.670296 10.3573 0.0987
v 0.667697 10.3523 0
v 0.222695 10.3714 0
v -0.222695 10.3714 0
v -0.535399 10.3814 0.407398
v -0.667697 10.3523 0
v -0.670296 10.3573 0.0987
v -0.692499 10.3608 0.1921
v -0.748294 10.361 0.270998
v -0.828999 10.3576 0.323498
v -0.923795 10.3506 0.342095
v -1.583498 10.2738 0.407398
v -1.902097 10.2162 0.342095
v -2.615296 10.0608 0.407398
v -2.863097 9.9895 0.342095
v -3.620195 9.744399 0.407398
v -3.7983 9.672695 0.342095
v -4.587996 9.3279 0.407398
v -4.6992 9.268498 0.342095
v -5.508595 8.815598 0.407398
v -5.557698 8.780699 0.342095
v -5.682998 8.698499 0.3178
v -6.036496 8.462899 0.407195
v -5.792796 8.6214 0.247395
v -5.794697 8.619999 0.2455
v -5.876696 8.557397 0.136298
v -5.923599 8.516299 0
v -6.128895 8.369797 0
v -6.330496 8.2183 0
v -6.541997 8.078598 0.409698
v -6.528395 8.061999 0
v 5.493897 -8.8247 0.407398
v 5.944895 -8.521699 0.317895
v 6.050997 -8.442199 0.2473
v 6.052899 -8.440697 0.245398
v 4.572498 -9.3355 0.407398
v 4.924398 -9.150898 0.342095
v 5.823397 -8.606696 0.342095
v 3.974997 -9.601396 0.342095
v 3.603994 -9.750396 0.407398
v 2.985 -9.953796 0.342095
v 2.598595 -10.0651 0.407398
v 1.964497 -10.2044 0.342095
v 1.566398 -10.2765 0.407398
v 0.923795 -10.3506 0.342095
v 0.518197 -10.3822 0.407398
v 0.828999 -10.3576 0.323498
v 0.748294 -10.361 0.270998
v 0.692499 -10.3608 0.1921
v 0.670296 -10.3573 0.0987
v 0.667697 -10.3523 0
v 0.222695 -10.3714 0
v -0.222695 -10.3714 0
v -0.535399 -10.3814 0.407398
v -0.667697 -10.3523 0
v -0.670296 -10.3573 0.0987
v -0.692296 -10.3608 0.193
v -0.748497 -10.361 0.2711
v -0.829697 -10.3575 0.323194
v -0.923795 -10.3506 0.342095
v -1.583498 -10.2738 0.407398
v -1.902097 -10.2162 0.342095
v -2.615296 -10.0608 0.407398
v -2.863097 -9.9895 0.342095
v -3.620195 -9.744399 0.407398
v -3.7983 -9.672695 0.342095
v -4.587996 -9.3279 0.407398
v -4.6992 -9.268498 0.342095
v -5.508595 -8.815598 0.407398
v -5.557698 -8.780699 0.342095
v -5.6831 -8.698397 0.317198
v -6.036496 -8.462899 0.407195
v -5.792397 -8.6214 0.245899
v -5.875599 -8.5581 0.136495
v -5.923599 -8.516299 0
v -6.128895 -8.369797 0
v -6.330496 -8.2183 0
v -6.541997 -8.078598 0.409698
v -6.528395 -8.061999 0
v -6.528395 8.061999 0
v -6.962198 7.712 0
v -6.541997 8.078598 0.409698
v -7.4117 7.391196 0.413495
v -7.408899 7.366299 0
v -7.421797 7.383596 0.413597
v -7.871299 7.0688 0.416297
v -7.8758 7.039999 0
v -8.344298 6.791895 0.419599
v -8.365595 6.756198 0
v -8.486396 6.707298 0.176597
v -8.402299 6.737798 0
v -8.5532 6.680595 0.246996
v -8.5904 6.6657 0.274897
v -8.695995 6.623899 0.324798
v -8.884996 6.558197 0.423098
v -8.811098 6.580096 0.342095
v -9.220695 6.4556 0.342095
v -9.381997 6.424796 0.426298
v -9.639298 6.379699 0.342095
v -9.951198 6.356799 0.429398
v -10.066 6.347596 0.342095
v -10.4903 6.346398 0.430596
v -10.4962 6.341695 0.342095
v -10.4962 6.346398 0.430596
v -7.367098 -7.070195 1.099997
v -7.484298 -6.826698 1.099997
v -7.927697 -6.706595 1.099997
v -7.534199 -6.5611 1.099997
v -7.513296 -6.291699 1.099997
v -7.423096 -6.036996 1.099997
v -7.423096 6.036996 1.099997
v -7.513296 6.291699 1.099997
v -7.927697 6.706595 1.099997
v -7.534199 6.5611 1.099997
v -7.484298 6.826698 1.099997
v -7.367098 7.070195 1.099997
v 7.500398 6.237995 1.099997
v 7.658797 6.577795 1.099997
v 7.5311 6.408196 1.099997
v 7.6083 6.636196 1.099997
v 7.5329 6.581097 1.099997
v 7.557195 6.694298 1.099997
v 7.505798 6.7519 1.099997
v 6.237995 -7.500398 1.099997
v 6.577795 -7.658797 1.099997
v 6.408196 -7.5311 1.099997
v 6.636196 -7.6083 1.099997
v 6.581097 -7.5329 1.099997
v 6.694298 -7.557195 1.099997
v 6.7519 -7.505798 1.099997
v -6.808298 7.490199 1.099997
v -6.488597 7.5356 1.099997
v -6.103599 8.044999 1.099997
v -6.170397 7.479697 1.099997
v -5.885195 7.3282 1.099997
v -5.660998 7.0957 1.099997
v -10.8 4.389899 14.269391
v -10.8 4.2934 14.4125
v -9.320396 4.306298 14.39689
v -10.8 4.179096 14.5234
v -9.320396 4.122698 14.5642
v -10.8 4.045099 14.609399
v -9.320396 3.896796 14.6672
v -10.8 3.896796 14.6672
v -9.320396 4.429596 14.18139
v -10.8 4.453295 14.108799
v -9.320396 4.480898 13.9384
v -10.8 4.480898 13.9384
v -10.8 -4.179096 14.5234
v -10.8 -4.2934 14.4125
v -9.320497 -4.306197 14.39689
v -10.8 -4.389899 14.269391
v -9.320497 -4.429596 14.18139
v -10.8 -4.453295 14.108799
v -9.320497 -4.480898 13.9384
v -10.8 -4.480898 13.9384
v -9.320497 -4.122698 14.5642
v -10.8 -4.045099 14.609399
v -9.320497 -3.896796 14.6672
v -10.8 -3.896796 14.6672
v -10.8 -6.343895 0.512898
v -10.8 -6.346195 0.485295
v -10.4962 -6.346696 0.476599
v -10.8 -6.346899 0.467098
v -10.8 -6.347 0.448895
v -10.8 -6.346398 0.430596
v -10.4962 -6.346398 0.430596
v -10.4962 -6.342697 0.522298
v -10.8 -6.339997 0.540298
v -10.4962 -6.334596 0.567496
v -10.8 -6.334596 0.567496
v -10.8 6.346899 0.467098
v -10.8 6.346195 0.485295
v -10.4962 6.346696 0.476599
v -10.8 6.343895 0.512898
v -10.4962 6.342697 0.522298
v -10.8 6.339997 0.540298
v -10.4962 6.334596 0.567496
v -10.8 6.334596 0.567496
v -10.8 6.347 0.448895
v -10.4962 6.346398 0.430596
v -10.8 6.346398 0.430596
v -10.8 -5.695199 3.670895
v -10.2007 -5.657196 3.877699
v -10.8 -5.4223 5.231595
v -10.055 -5.371695 5.542796
v -9.908795 -5.121797 7.213598
v -10.3458 -5.978196 2.218997
v -10.8 -5.999398 2.115994
v -10.4962 -6.334596 0.567496
v -10.8 -6.334596 0.567496
v -10.4903 -6.334596 0.567496
v -10.8 -5.001294 8.121597
v -9.762197 -4.907697 8.889299
v -10.8 -4.687398 11.0252
v -9.6152 -4.729497 10.5692
v -9.467995 -4.587197 12.2525
v -9.320497 -4.480898 13.9384
v -10.8 -4.480898 13.9384
v -10.4903 6.334596 0.567496
v -10.4962 6.334596 0.567496
v -10.376 6.049799 1.872795
v -10.8 6.334596 0.567496
v -10.8 5.999398 2.115994
v -10.2526 5.768197 3.281795
v -10.8 5.695199 3.670895
v -10.12009 5.495297 4.795295
v -10.8 5.4223 5.231595
v -9.978497 5.236595 6.413799
v -10.8 5.001294 8.121597
v -9.904199 5.114597 7.262599
v -9.827697 4.998695 8.137696
v -9.748798 4.889696 9.038996
v -10.8 4.687398 11.0252
v -9.6677 4.788696 9.966498
v -9.584295 4.696398 10.9202
v -9.498596 4.613697 11.9001
v -10.8 4.480898 13.9384
v -9.410697 4.541599 12.906189
v -9.320396 4.480898 13.9384
v -10.8 -6.346398 0.430596
v -10.8 -6.341695 0.342095
v -10.4962 -6.346398 0.430596
v -10.4962 -6.341695 0.342095
v -10.8 6.341695 0.342095
v -10.8 6.346398 0.430596
v -10.4962 6.341695 0.342095
v -10.4962 6.346398 0.430596
v -9.256696 3.896695 14.6672
v -9.320396 3.896796 14.6672
v -9.236299 2.9338 14.9004
v -10.8 3.896796 14.6672
v -10.8 2.800297 14.927401
v -9.221696 1.961195 15.066899
v -10.8 1.686996 15.1017
v -9.213 0.982195 15.166689
v -10.8 0.563395 15.18909
v -9.210097 0 15.2
v -10.8 -0.563395 15.18909
v -9.213 -0.982195 15.166689
v -10.8 -1.686996 15.1017
v -9.221696 -1.961195 15.066899
v -10.8 -2.800297 14.927401
v -9.236299 -2.9338 14.9004
v -10.8 -3.896796 14.6672
v -9.320497 -3.896796 14.6672
v -9.256696 -3.896695 14.6672
v -9.256696 -3.896695 14.6672
v -9.320497 -3.896796 14.6672
v -9.290099 -4.117596 14.5676
v -9.320497 -4.122698 14.5642
v -9.289997 -4.306298 14.39689
v -9.320497 -4.306197 14.39689
v -9.320497 -4.429596 14.18139
v -9.289896 -4.431796 14.1755
v -9.320497 -4.480898 13.9384
v -9.255796 -4.480898 13.9383
v -9.255999 -4.429596 14.1813
v -9.256196 -4.306197 14.39689
v -9.256398 -4.122698 14.5642
v -9.255999 -4.429596 14.1813
v -9.255796 -4.480898 13.9383
v -8.202695 -4.433 14.178
v -7.782596 -4.490995 13.9449
v -6.9404 -4.539996 13.954
v -6.317996 -4.623097 13.958
v -6.689798 -4.513096 14.187901
v -6.9341 -4.487997 14.1866
v -7.688695 -4.443895 14.1812
v -7.684099 -4.318499 14.4005
v -8.201497 -4.307597 14.39869
v -8.199399 -4.119396 14.568999
v -9.256398 -4.122698 14.5642
v -9.256696 -3.896695 14.6672
v -7.677298 -4.131096 14.569689
v -7.502299 -3.918898 14.6687
v -6.9027 -4.176896 14.569201
v -6.881695 -3.960496 14.6669
v -6.648099 -4.203099 14.568201
v -6.151598 -4.278498 14.5638
v -6.191498 -4.460895 14.4005
v -5.849397 -4.5403 14.3967
v -5.889695 -4.6633 14.184991
v -5.573195 -4.766094 14.1798
v -5.614894 -4.813498 13.949899
v -5.156797 -4.948395 14.171
v -4.948395 -5.127996 13.932399
v -4.9456 -5.058497 14.167
v -4.236495 -5.498999 14.1103
v -4.511499 -5.3092 14.1607
v -4.765099 -5.070698 14.3023
v -5.091196 -4.829597 14.3839
v -5.520796 -4.644995 14.3913
v -6.220495 -4.585295 14.187901
v -6.235599 -4.638898 13.957889
v -3.683495 -5.894798 13.916001
v -5.273795 -4.620295 14.4949
v -5.448997 -4.468494 14.5521
v -5.769795 -4.142099 14.653
v -5.794298 -4.360496 14.5585
v -6.106895 -4.066598 14.659099
v -9.256196 -4.306197 14.39689
v -6.6724 -4.387897 14.402691
v -6.9211 -4.362595 14.402691
v -9.256398 4.122698 14.5642
v -9.256696 3.896695 14.6672
v -8.726 4.116797 14.568099
v -7.5024 3.918898 14.6687
v -7.678198 4.130995 14.569689
v -6.8825 3.960496 14.6669
v -7.418596 4.141795 14.5698
v -6.903398 4.176896 14.569201
v -6.921797 4.362595 14.4026
v -6.192696 4.460698 14.4005
v -6.934797 4.487895 14.1866
v -6.221699 4.585099 14.187901
v -6.941097 4.539996 13.954
v -6.319499 4.622799 13.957889
v -6.236696 4.638695 13.957889
v -5.999499 4.634398 14.1863
v -5.6171 4.812699 13.950001
v -5.574899 4.765397 14.1798
v -5.158799 4.9474 14.171091
v -5.522596 4.644399 14.3913
v -5.093199 4.828596 14.3839
v -5.273699 4.620397 14.494801
v -4.764699 5.071097 14.3021
v -6.152796 4.278296 14.5638
v -6.1082 4.0663 14.659099
v -5.913394 4.330098 14.5604
v -5.769795 4.142194 14.6529
v -5.450898 4.467898 14.5521
v -4.236096 5.499297 14.1102
v -4.512697 5.308395 14.1607
v -4.947495 5.057495 14.167
v -3.683495 5.894798 13.9156
v -4.950594 5.126798 13.932399
v -7.435399 4.454195 14.183
v -7.783597 4.490995 13.9449
v -7.689696 4.443895 14.1812
v -8.724999 4.430896 14.176001
v -7.684999 4.318499 14.4005
v -8.7255 4.305398 14.397401
v -9.255796 4.480898 13.9383
v -9.255999 4.429596 14.1813
v -9.256196 4.306197 14.39689
v -5.963099 4.510897 14.398099
v -7.428598 4.328799 14.4014
v -9.320396 3.896796 14.6672
v -9.256696 3.896695 14.6672
v -9.290295 4.117494 14.5676
v -9.256398 4.122698 14.5642
v -9.290099 4.306298 14.39689
v -9.256196 4.306197 14.39689
v -9.255999 4.429596 14.1813
v -9.289997 4.431796 14.175589
v -9.255796 4.480898 13.9383
v -9.320396 4.480898 13.9384
v -9.320396 4.429596 14.18139
v -9.320396 4.306298 14.39689
v -9.320396 4.122698 14.5642
v -9.921395 6.346195 0.5687
v -10.4903 6.334596 0.567496
v -10.2173 5.961197 2.303194
v -10.376 6.049799 1.872795
v -10.2526 5.768197 3.281795
v -10.12009 5.495297 4.795295
v -10.0627 5.626595 4.046797
v -10.1014 5.706596 3.610199
v -10.1401 5.788999 3.173995
v -9.396797 5.732196 3.606396
v -9.438395 5.815696 3.1708
v -9.047198 5.774396 3.6044
v -9.090399 5.859595 3.169095
v -8.702397 5.841898 3.602296
v -8.7475 5.929696 3.167498
v -8.364999 5.9349 3.600299
v -8.4122 6.025999 3.165799
v -8.0365 6.051295 3.598296
v -8.086097 6.146395 3.164094
v -7.934999 6.045097 3.775596
v -8.105999 6.298899 2.577197
v -9.907799 5.331295 5.797398
v -9.978497 5.236595 6.413799
v -9.830296 5.198299 6.6751
v -9.904199 5.114597 7.262599
v -9.752696 5.075299 7.554298
v -9.827697 4.998695 8.137696
v -9.638899 4.912495 8.847999
v -9.748798 4.889696 9.038996
v -9.525197 4.771 10.1442
v -9.6677 4.788696 9.966498
v -9.584295 4.696398 10.9202
v -9.498596 4.613697 11.9001
v -9.358096 4.601496 12.0594
v -8.627998 4.6027 12.0521
v -8.792799 4.7764 10.1356
v -8.262997 4.610395 12.0479
v -8.427095 4.790496 10.1306
v -7.899296 4.626196 12.0436
v -8.063399 4.816198 10.1254
v -7.5378 4.6516 12.0391
v -7.703 4.854899 10.12
v -7.179296 4.688298 12.0346
v -7.346999 4.907494 10.1145
v -6.473797 4.805397 12.0254
v -6.650096 5.059498 10.10349
v -6.3241 5.088496 10.4775
v -6.438297 5.079495 10.3315
v -9.410697 4.541599 12.906189
v -9.274798 4.534298 13.018391
v -8.548498 4.534298 13.0124
v -9.255796 4.480898 13.9383
v -7.783597 4.490995 13.9449
v -9.320396 4.480898 13.9384
v -6.941097 4.539996 13.954
v -7.462495 4.571396 13.001899
v -7.823097 4.551398 13.0055
v -8.185297 4.539597 13.0091
v -6.319499 4.622799 13.957889
v -6.397199 4.703897 12.9908
v -7.1042 4.601496 12.998191
v -6.236696 4.638695 13.957889
v -5.770897 4.874199 12.984291
v -5.849999 4.987096 12.0175
v -6.185597 5.112695 10.5982
v -6.013196 5.163395 10.6665
v -5.8402 5.240195 10.6402
v -5.550098 5.111896 12.0138
v -5.839496 5.240595 10.63989
v -5.700695 5.324298 10.5438
v -5.259197 5.256497 12.0103
v -5.591696 5.407196 10.4116
v -5.588996 5.409497 10.4076
v -5.123394 5.330699 12.0088
v -5.317598 5.631899 10.0938
v -4.458296 5.727195 12.00219
v -4.656594 6.039696 10.0814
v -3.972798 6.357896 10.5138
v -4.175895 6.682795 8.833795
v -5.6171 4.812699 13.950001
v -5.4699 4.995 12.9813
v -4.950594 5.126798 13.932399
v -5.178397 5.136698 12.9784
v -3.683495 5.894798 13.9156
v -4.377597 5.602794 12.9715
v -5.042397 5.209898 12.97709
v -3.806298 6.091398 12.2077
v -4.408198 7.054597 7.167398
v -4.991096 6.5777 7.492297
v -4.816198 6.295096 8.780395
v -5.233198 5.856299 9.411996
v -5.428397 5.567896 10.0961
v -5.093896 6.83 6.5288
v -4.662895 7.462197 5.512696
v -5.153399 7.045799 5.796098
v -5.244594 7.249796 5.061894
v -4.933297 7.894998 3.866797
v -5.5188 7.758396 3.222799
v -5.7998 8.283096 1.389294
v -5.495995 8.795398 0.588197
v -5.833798 8.306396 1.270598
v -6.022 8.444297 0.586897
v -5.895799 8.306199 1.161599
v -5.937099 8.296197 1.1132
v -5.981397 8.280301 1.073795
v -6.073498 8.371198 0.678897
v -6.083697 8.229196 1.016199
v -6.189298 8.159196 0.995797
v -6.526595 8.0621 0.586498
v -6.647795 7.888799 0.7734
v -6.7613 7.790195 0.792295
v -7.073599 7.465898 0.993794
v -7.000899 7.584798 0.831997
v -7.243698 7.383197 0.871795
v -7.4 7.374596 0.582796
v -7.449799 7.337898 0.582498
v -7.744896 7.001698 0.951397
v -7.882601 7.039499 0.580096
v -8.000296 6.831496 0.990295
v -8.336997 6.776499 0.577497
v -8.090198 6.775701 1.005297
v -8.169496 6.7191 1.048398
v -8.224195 6.6729 1.105695
v -8.242499 6.654798 1.134496
v -8.391898 6.748795 0.577199
v -8.282196 6.599998 1.251697
v -8.282697 6.561398 1.381599
v -8.185499 6.342399 2.297097
v -8.872699 6.5467 0.574297
v -8.506697 6.214499 2.297997
v -8.837795 6.111794 2.298998
v -9.378695 6.411498 0.5714
v -9.176999 6.036895 2.3
v -9.521698 5.989897 2.301096
v -5.066198 6.513196 7.541698
v -5.076199 6.368196 7.982295
v -5.076497 6.365799 7.9894
v -5.126798 6.118798 8.707195
v -6.445497 5.079197 10.3209
v -6.627196 5.084395 9.999001
v -6.781995 5.1072 9.637695
v -7.471799 5.088198 8.818095
v -7.0167 5.175399 8.929598
v -7.210695 5.265998 8.188897
v -7.603698 5.292898 7.526695
v -7.510799 5.484896 6.717801
v -7.696795 5.445098 6.650096
v -7.791996 5.606997 5.775696
v -8.131897 5.511796 5.779695
v -8.318001 5.845797 4.0353
v -8.657395 5.756294 4.037696
v -7.7376 5.751395 5.233299
v -7.987099 5.958199 4.032897
v -7.776099 5.8088 4.941296
v -9.355199 5.650997 4.042398
v -9.189701 5.350297 5.790895
v -9.107595 5.2145 6.667697
v -9.0263 5.088496 7.546198
v -8.908396 4.921597 8.839297
v -9.003996 5.691498 4.040098
v -8.832496 5.383199 5.787295
v -8.747899 5.243498 6.663596
v -8.664298 5.113595 7.541596
v -8.543896 4.940897 8.834296
v -8.479195 5.436897 5.783498
v -8.3916 5.291295 6.659197
v -8.305495 5.155497 7.536798
v -8.182096 4.974496 8.829098
v -8.040797 5.358695 6.654697
v -7.951498 5.2154 7.531797
v -7.824295 5.023497 8.823698
v -4.930096 -7.889896 3.885895
v -5.7998 -8.283096 1.389294
v -5.495995 -8.795398 0.588197
v -5.833798 -8.306396 1.270598
v -6.022197 -8.444195 0.586897
v -5.895799 -8.306199 1.161599
v -5.937099 -8.296197 1.1132
v -4.658699 -7.455396 5.539298
v -5.286598 -7.3273 4.775196
v -5.457097 -7.643699 3.630197
v -5.627697 -7.961499 2.509099
v -4.403698 -7.047396 7.197898
v -5.094498 -6.833297 6.518
v -5.178499 -7.110899 5.566799
v -5.244594 -7.249796 5.061894
v -4.991096 -6.5777 7.492297
v -4.171997 -6.676697 8.863198
v -4.816198 -6.295096 8.780395
v -4.657196 -6.040596 10.0765
v -5.225396 -5.871599 9.372597
v -5.318695 -5.633699 10.0838
v -5.411696 -5.5875 10.0537
v -5.563598 -5.431395 10.3685
v -5.123394 -5.330699 12.0088
v -5.259197 -5.256497 12.0103
v -5.178296 -5.136698 12.9784
v -5.4699 -4.995 12.9813
v -4.948395 -5.127996 13.932399
v -5.614894 -4.813498 13.949899
v -3.970295 -6.353795 10.5368
v -4.458296 -5.727195 12.0023
v -5.042397 -5.209898 12.97709
v -3.805196 -6.089699 12.2202
v -4.377597 -5.602794 12.971599
v -3.683495 -5.894798 13.916001
v -5.770897 -4.874199 12.984291
v -6.235599 -4.638898 13.957889
v -6.397098 -4.703897 12.9908
v -6.317996 -4.623097 13.958
v -6.9404 -4.539996 13.954
v -7.782596 -4.490995 13.9449
v -7.462495 -4.571396 13.001899
v -7.1042 -4.601496 12.998191
v -6.473797 -4.805397 12.0254
v -5.849999 -4.987096 12.0175
v -6.141096 -5.123496 10.6247
v -5.964696 -5.182099 10.6689
v -9.255796 -4.480898 13.9383
v -8.548498 -4.534298 13.0124
v -8.185297 -4.539597 13.0091
v -7.823097 -4.551398 13.005599
v -7.899296 -4.626196 12.0436
v -7.5378 -4.6516 12.0391
v -7.703 -4.854899 10.12
v -7.346999 -4.907494 10.1145
v -7.471799 -5.088198 8.818095
v -6.650096 -5.059498 10.10349
v -6.765198 -5.103898 9.680795
v -6.604397 -5.082499 10.0453
v -9.274798 -4.534298 13.018499
v -9.320497 -4.480898 13.9384
v -9.467995 -4.587197 12.2525
v -9.358096 -4.601496 12.0594
v -9.6152 -4.729497 10.5692
v -8.792799 -4.7764 10.1356
v -9.525197 -4.771 10.1442
v -8.908396 -4.921597 8.839297
v -9.638899 -4.912495 8.847999
v -9.0263 -5.088496 7.546198
v -9.752696 -5.075299 7.554298
v -9.107595 -5.2145 6.667697
v -9.830296 -5.198299 6.6751
v -9.189701 -5.350297 5.790895
v -9.907799 -5.331295 5.797398
v -9.355199 -5.650997 4.042398
v -10.0627 -5.626595 4.046797
v -9.396797 -5.732196 3.606396
v -10.1014 -5.706596 3.610199
v -9.438395 -5.815696 3.1708
v -10.1401 -5.788999 3.173995
v -9.521698 -5.989897 2.301096
v -10.2173 -5.961197 2.303194
v -9.921395 -6.346195 0.5687
v -10.4903 -6.334596 0.567496
v -10.3458 -5.978196 2.218997
v -10.2007 -5.657196 3.877699
v -9.762197 -4.907697 8.889299
v -9.908795 -5.121797 7.213598
v -10.055 -5.371695 5.542796
v -9.378695 -6.411498 0.5714
v -9.176999 -6.036895 2.3
v -9.090399 -5.859595 3.169095
v -9.047198 -5.774396 3.6044
v -9.003996 -5.691498 4.040098
v -8.832496 -5.383199 5.787295
v -8.747899 -5.243498 6.663596
v -8.664298 -5.113595 7.541596
v -8.543896 -4.940897 8.834296
v -8.427095 -4.790496 10.1306
v -8.627998 -4.6027 12.0521
v -8.262997 -4.610395 12.048
v -8.837795 -6.111794 2.298998
v -8.872699 -6.5467 0.574297
v -8.506697 -6.214499 2.297997
v -8.282697 -6.561398 1.381599
v -8.185499 -6.342399 2.297097
v -8.0015 -6.143796 3.303599
v -8.086097 -6.146395 3.164094
v -8.0365 -6.051295 3.598296
v -8.364999 -5.9349 3.600299
v -8.318001 -5.845797 4.0353
v -8.657395 -5.756294 4.037696
v -8.479195 -5.436897 5.783498
v -8.391898 -6.748795 0.577199
v -8.282196 -6.599998 1.251697
v -8.242499 -6.654798 1.134496
v -8.336997 -6.776499 0.577497
v -8.224195 -6.6729 1.105695
v -8.169496 -6.7191 1.048398
v -8.090198 -6.775701 1.005297
v -8.000296 -6.831496 0.990295
v -7.882601 -7.039499 0.580096
v -7.744896 -7.001698 0.951397
v -7.449799 -7.337898 0.582498
v -7.243698 -7.383197 0.871795
v -7.4 -7.374596 0.582796
v -7.000899 -7.584798 0.831997
v -6.526595 -8.0621 0.586498
v -6.7613 -7.790195 0.792295
v -6.647795 -7.888799 0.7734
v -7.073599 -7.465898 0.993794
v -6.189298 -8.159196 0.995797
v -6.073498 -8.371198 0.678897
v -5.981397 -8.280301 1.073795
v -7.5082 -5.482494 6.732499
v -7.791996 -5.606997 5.775696
v -7.7376 -5.751395 5.233299
v -7.987099 -5.958199 4.032897
v -7.203799 -5.262196 8.217495
v -7.603698 -5.292898 7.526695
v -7.696795 -5.445098 6.650096
v -8.040797 -5.358695 6.654697
v -8.131897 -5.511796 5.779695
v -8.3916 -5.291295 6.659197
v -7.005995 -5.1714 8.965998
v -6.4161 -5.080598 10.3629
v -6.407696 -5.081099 10.3745
v -6.286698 -5.093699 10.5159
v -5.798196 -5.263298 10.6186
v -5.550098 -5.111896 12.0138
v -5.796694 -5.264097 10.6177
v -5.667299 -5.347895 10.5092
v -5.565398 -5.429798 10.3714
v -5.1229 -6.132197 8.669495
v -5.075395 -6.375795 7.959598
v -5.075198 -6.377798 7.953596
v -5.067396 -6.6105 7.237899
v -6.083697 -8.229196 1.016199
v -7.179296 -4.688298 12.0346
v -8.063399 -4.816198 10.1254
v -8.182096 -4.974496 8.829098
v -8.305495 -5.155497 7.536798
v -7.824295 -5.023497 8.823698
v -7.951498 -5.2154 7.531797
v -8.702397 -5.841898 3.602296
v -8.4122 -6.025999 3.165799
v -8.7475 -5.929696 3.167498
v -10.4903 -6.346398 0.430596
v -10.4903 -6.346696 0.476599
v -10.4962 -6.346398 0.430596
v -10.4962 -6.346696 0.476599
v -10.4903 -6.342697 0.522298
v -10.4962 -6.342697 0.522298
v -10.4903 -6.334596 0.567496
v -10.4962 -6.334596 0.567496
v -7.4117 -7.391196 0.413495
v -6.541997 -8.078598 0.409698
v -6.847798 -7.827395 0.500095
v -6.541299 -8.078598 0.469398
v -6.536096 -8.073097 0.528598
v -6.526595 -8.0621 0.586498
v -7.4 -7.374596 0.582796
v -7.460397 -7.351595 0.498998
v -7.449799 -7.337898 0.582498
v -7.768696 -7.133799 0.499099
v -7.882601 -7.039499 0.580096
v -8.398801 -6.761699 0.499195
v -8.336997 -6.776499 0.577497
v -8.391898 -6.748795 0.577199
v -8.872699 -6.5467 0.574297
v -8.8849 -6.556499 0.499296
v -8.884996 -6.558197 0.423098
v -9.381997 -6.424796 0.426298
v -9.3912 -6.4215 0.499398
v -9.922397 -6.357198 0.499499
v -9.921395 -6.346195 0.5687
v -10.1063 -6.3492 0.499499
v -10.4903 -6.334596 0.567496
v -10.4903 -6.342697 0.522298
v -9.378695 -6.411498 0.5714
v -10.4903 -6.346696 0.476599
v -10.4903 -6.346398 0.430596
v -9.951198 -6.356799 0.429398
v -8.344298 -6.791895 0.419599
v -7.871299 -7.0688 0.416297
v -7.421797 -7.383596 0.413597
v -5.508595 -8.815598 0.407398
v -5.508297 -8.815097 0.468498
v -6.036496 -8.462899 0.407195
v -6.033396 -8.4607 0.498199
v -6.541299 -8.078598 0.469398
v -6.536096 -8.073097 0.528598
v -6.022197 -8.444195 0.586897
v -6.526595 -8.0621 0.586498
v -5.504095 -8.808398 0.529099
v -5.495995 -8.795398 0.588197
v -6.541997 -8.078598 0.409698
v -5.508595 8.815598 0.407398
v -5.508297 8.815097 0.468498
v -4.587996 9.3279 0.407398
v -4.577499 9.306496 0.588197
v -3.611898 9.722095 0.588197
v -5.504095 8.808398 0.529099
v -5.495995 8.795398 0.588197
v -3.620195 9.744399 0.407398
v -2.6093 10.0377 0.588197
v -2.615296 10.0608 0.407398
v -1.579898 10.2503 0.588197
v -1.583498 10.2738 0.407398
v -0.534195 10.3576 0.588197
v -0.535399 10.3814 0.407398
v 0.516999 10.3584 0.588197
v 0.518197 10.3822 0.407398
v 1.562798 10.2529 0.588197
v 1.566398 10.2765 0.407398
v 2.592599 10.0421 0.588197
v 2.598595 10.0651 0.407398
v 3.595799 9.728097 0.588197
v 3.603994 9.750396 0.407398
v 4.561996 9.314095 0.588197
v 4.572498 9.3355 0.407398
v 5.481296 8.8045 0.588197
v 5.493897 8.8247 0.407398
v 6.344395 8.204495 0.588197
v 6.358999 8.223295 0.407398
v 7.142299 7.520097 0.588197
v 7.158696 7.5374 0.407398
v 7.866799 6.7586 0.588197
v 7.884895 6.774097 0.407398
v 8.5105 5.927497 0.588197
v 8.529996 5.9412 0.407398
v 9.066796 5.035698 0.588197
v 9.087598 5.047196 0.407398
v 9.5299 4.091995 0.588197
v 9.551799 4.101395 0.407398
v 9.895199 3.106397 0.588197
v 9.917896 3.113496 0.407398
v 10.1588 2.088797 0.588197
v 10.1821 2.093595 0.407398
v 10.3181 1.049798 0.588197
v 10.3418 1.052194 0.407398
v 10.3713 0 0.588197
v 10.3951 0 0.407398
v 10.3418 -1.052194 0.407398
v 10.3181 -1.049798 0.588197
v 10.1821 -2.093595 0.407398
v 10.1588 -2.088797 0.588197
v 9.917896 -3.113496 0.407398
v 9.895199 -3.106397 0.588197
v 9.551799 -4.101395 0.407398
v 9.5299 -4.091995 0.588197
v 9.087598 -5.047196 0.407398
v 9.066796 -5.035698 0.588197
v 8.529996 -5.9412 0.407398
v 8.5105 -5.927497 0.588197
v 7.884895 -6.774097 0.407398
v 7.866799 -6.7586 0.588197
v 7.158696 -7.5374 0.407398
v 7.142299 -7.520097 0.588197
v 6.358999 -8.223295 0.407398
v 6.344395 -8.204495 0.588197
v 5.493897 -8.8247 0.407398
v 5.481296 -8.8045 0.588197
v 4.572498 -9.3355 0.407398
v 4.561996 -9.314095 0.588197
v 3.603994 -9.750396 0.407398
v 3.595799 -9.728097 0.588197
v 2.598595 -10.0651 0.407398
v 2.592599 -10.0421 0.588197
v 1.566398 -10.2765 0.407398
v 1.562798 -10.2529 0.588197
v 0.518197 -10.3822 0.407398
v 0.516999 -10.3584 0.588197
v -0.535399 -10.3814 0.407398
v -0.534195 -10.3576 0.588197
v -1.583498 -10.2738 0.407398
v -1.579898 -10.2503 0.588197
v -2.615296 -10.0608 0.407398
v -2.6093 -10.0377 0.588197
v -3.620195 -9.744399 0.407398
v -3.611898 -9.722095 0.588197
v -4.587996 -9.3279 0.407398
v -4.577499 -9.306496 0.588197
v -5.508297 -8.815097 0.468498
v -5.504095 -8.808398 0.529099
v -5.495995 -8.795398 0.588197
v -5.508595 -8.815598 0.407398
v -6.541997 8.078598 0.409698
v -6.541299 8.078598 0.469398
v -6.036496 8.462899 0.407195
v -6.033396 8.4607 0.498199
v -5.508297 8.815097 0.468498
v -5.504095 8.808398 0.529099
v -6.022 8.444297 0.586897
v -5.495995 8.795398 0.588197
v -6.536096 8.073097 0.528598
v -6.526595 8.0621 0.586498
v -5.508595 8.815598 0.407398
v -9.951198 6.356799 0.429398
v -10.4903 6.346398 0.430596
v -10.1063 6.3492 0.499499
v -10.4903 6.346696 0.476599
v -10.4903 6.342697 0.522298
v -10.4903 6.334596 0.567496
v -9.921395 6.346195 0.5687
v -9.922397 6.357198 0.499499
v -9.378695 6.411498 0.5714
v -9.3912 6.4215 0.499398
v -8.8849 6.556499 0.499296
v -9.381997 6.424796 0.426298
v -8.884996 6.558197 0.423098
v -8.398801 6.761699 0.499195
v -8.344298 6.791895 0.419599
v -7.871299 7.0688 0.416297
v -7.768696 7.133799 0.499099
v -7.421797 7.383596 0.413597
v -7.460397 7.351595 0.498998
v -7.4117 7.391196 0.413495
v -6.847798 7.827395 0.500095
v -6.541997 8.078598 0.409698
v -6.541299 8.078598 0.469398
v -6.536096 8.073097 0.528598
v -6.526595 8.0621 0.586498
v -7.4 7.374596 0.582796
v -7.449799 7.337898 0.582498
v -7.882601 7.039499 0.580096
v -8.336997 6.776499 0.577497
v -8.391898 6.748795 0.577199
v -8.872699 6.5467 0.574297
v -10.4962 6.346398 0.430596
v -10.4962 6.346696 0.476599
v -10.4903 6.346398 0.430596
v -10.4903 6.346696 0.476599
v -10.4962 6.342697 0.522298
v -10.4903 6.342697 0.522298
v -10.4962 6.334596 0.567496
v -10.4903 6.334596 0.567496
v -9.236299 -2.9338 14.9004
v -9.256696 -3.896695 14.6672
v -8.418101 -3.419595 14.7927
v -7.502299 -3.918898 14.6687
v -7.591599 -3.479695 14.782999
v -6.881695 -3.960496 14.6669
v -6.765395 -3.552597 14.77569
v -6.079196 -3.681099 14.7587
v -6.349599 -3.200298 14.8632
v -6.106895 -4.066598 14.659099
v -5.769795 -4.142099 14.653
v -6.569397 -3.131097 14.8746
v -6.578397 -2.707397 14.9574
v -7.457995 -3.050798 14.882
v -7.339799 -2.605098 14.969701
v -8.284097 -2.533596 14.9784
v -8.230495 -2.0769 15.0516
v -9.221696 -1.961195 15.066899
v -8.186799 -1.6128 15.1107
v -9.213 -0.982195 15.166689
v -8.1537 -1.142698 15.155201
v -8.1317 -0.668299 15.1847
v -7.034099 -1.108795 15.158799
v -7.099997 -0.561595 15.1893
v -6.769996 -2.193897 15.04
v -7.238596 -2.144199 15.044899
v -6.772899 -2.1851 15.041301
v -7.156199 -1.670497 15.1063
v -6.924897 -1.651298 15.109
v -7.093697 -1.186496 15.1528
v -8.121299 -0.191295 15.1987
v -7.1226 -0.008 15.199891
v -7.1226 -0.0075 15.199891
v -8.122396 0.286394 15.197191
v -7.100796 0.550395 15.1897
v -8.135199 0.762999 15.180001
v -7.0351 1.102799 15.1593
v -8.159399 1.236695 15.1476
v -7.034295 1.1078 15.158901
v -7.104498 1.283496 15.1448
v -6.926095 1.646798 15.1095
v -7.170999 1.765698 15.0952
v -6.775999 2.175599 15.0427
v -7.2573 2.236998 15.030999
v -6.773298 2.183794 15.0415
v -6.581395 2.699995 14.958701
v -7.361996 2.695095 14.953201
v -6.351095 3.197497 14.8638
v -7.483398 3.1376 14.863101
v -6.606698 3.216999 14.85559
v -7.619798 3.562998 14.762101
v -6.806796 3.633499 14.7549
v -7.5024 3.918898 14.6687
v -6.8825 3.960496 14.6669
v -6.077295 3.684198 14.7579
v -6.1082 4.0663 14.659099
v -5.769795 4.142194 14.6529
v -6.346899 3.205597 14.862099
v -8.433198 3.505498 14.7715
v -9.256696 3.896695 14.6672
v -9.236299 2.9338 14.9004
v -9.221696 1.961195 15.066899
v -8.295899 2.623498 14.962199
v -8.360499 3.069597 14.872999
v -9.213 0.982195 15.166689
v -8.194595 1.7057 15.100101
v -8.240395 2.1685 15.0381
v -9.210097 0 15.2
v -8.346998 -2.981597 14.8918
v -5.666798 -4.080599 14.703099
v -5.769795 -4.142099 14.653
v -5.400395 -4.411596 14.604691
v -5.273795 -4.620295 14.4949
v -5.2329 -4.585498 14.541391
v -4.741299 -5.059999 14.337701
v -5.169397 -4.570198 14.6218
v -4.708796 -5.056798 14.3916
v -4.688799 -5.058896 14.451499
v -4.378896 -5.359494 14.2336
v -4.204797 -5.499595 14.185891
v -4.207599 -5.503499 14.153901
v -3.955298 -5.708199 14.005999
v -4.220396 -5.502694 14.1268
v -4.236495 -5.498999 14.1103
v -4.397398 -5.359494 14.1975
v -4.765099 -5.070698 14.3023
v -3.683495 -5.894798 13.916001
v -5.129498 -4.577594 14.7149
v -5.337899 -4.318195 14.832
v -5.324298 -4.3877 14.6937
v -5.585598 -4.044896 14.7983
v -5.5417 -4.041796 14.920691
v -6.079196 -3.681099 14.7587
v -5.769795 -4.142099 14.653
v -5.997198 -3.636097 14.7884
v -5.666798 -4.080599 14.703099
v -5.919694 -3.603798 14.85
v -5.585598 -4.044896 14.7983
v -5.862498 -3.589195 14.9358
v -5.5417 -4.041796 14.920691
v -5.833196 -3.593599 15.02929
v -6.087696 -3.127199 15.1365
v -6.117194 -3.120797 15.040199
v -6.177496 -3.132796 14.952201
v -6.260496 -3.161495 14.8903
v -6.349599 -3.200298 14.8632
v -6.486195 -2.668797 14.983401
v -6.578397 -2.707397 14.9574
v -6.6742 -2.156895 15.0647
v -6.769996 -2.193897 15.04
v -6.772899 -2.1851 15.041301
v -6.822699 -1.629298 15.1309
v -6.924897 -1.651298 15.109
v -6.929099 -1.0939 15.1796
v -7.034099 -1.108795 15.158799
v -6.993401 -0.553697 15.209401
v -7.099997 -0.561595 15.1893
v -7.015395 -0.0074 15.2197
v -7.1226 -0.008 15.199891
v -7.1226 -0.0075 15.199891
v -7.100796 0.550395 15.1897
v -6.994199 0.542796 15.2097
v -6.9301 1.087898 15.180001
v -6.8327 1.077395 15.242501
v -6.7294 1.606798 15.1941
v -6.663399 1.601499 15.2876
v -6.520795 2.119898 15.220299
v -6.636196 1.607799 15.3907
v -6.492698 2.126997 15.321399
v -6.306695 -2.641695 15.2343
v -6.335699 -2.634495 15.1356
v -6.398397 -2.644097 15.045489
v -6.4897 -2.136296 15.32
v -6.517899 -2.129095 15.2189
v -6.582498 -2.136498 15.1269
v -6.634396 -1.615798 15.3897
v -6.661695 -1.6083 15.2868
v -6.727695 -1.6137 15.1933
v -6.7384 -1.086497 15.440901
v -6.7649 -1.079797 15.336791
v -6.8318 -1.083296 15.242
v -6.801497 -0.549894 15.4727
v -6.827199 -0.546497 15.36729
v -6.894695 -0.548196 15.271901
v -6.822997 -0.0075 15.4837
v -6.848496 -0.0073 15.3779
v -6.916099 -0.0074 15.2822
v -6.827896 0.535798 15.3677
v -6.802195 0.538194 15.4732
v -6.7658 1.073896 15.3372
v -6.739497 1.078599 15.441801
v -6.338399 2.627497 15.136801
v -6.309396 2.634596 15.2356
v -6.118595 3.118097 15.0408
v -6.088995 3.124397 15.1371
v -5.862998 3.588497 14.9359
v -5.833595 3.592896 15.0295
v -5.5417 4.041898 14.9206
v -5.585598 4.044997 14.7983
v -5.9201 3.603094 14.850201
v -6.178796 3.129994 14.9528
v -6.261897 3.1587 14.8909
v -6.488996 2.661699 14.9846
v -6.581395 2.699995 14.958701
v -6.773298 2.183794 15.0415
v -5.666697 4.080694 14.703099
v -5.997598 3.635299 14.788499
v -6.351095 3.197497 14.8638
v -5.769795 4.142194 14.6529
v -6.077295 3.684198 14.7579
v -6.346899 3.205597 14.862099
v -6.775999 2.175599 15.0427
v -6.677198 2.147495 15.065999
v -6.401199 2.636998 15.046699
v -6.585395 2.1272 15.1283
v -6.926095 1.646798 15.1095
v -6.824398 1.622396 15.1317
v -7.034295 1.1078 15.158901
v -7.0351 1.102799 15.1593
v -6.895399 0.537497 15.2722
v -5.5417 4.041898 14.9206
v -5.338197 4.317694 14.8321
v -5.585598 4.044997 14.7983
v -5.3222 4.390698 14.692099
v -5.666697 4.080694 14.703099
v -5.398595 4.414695 14.602999
v -5.769795 4.142194 14.6529
v -5.273699 4.620397 14.494801
v -5.233895 4.585498 14.5408
v -4.741096 5.060595 14.3369
v -4.708397 5.0574 14.391001
v -4.378199 5.360198 14.233001
v -4.688197 5.059599 14.4511
v -4.2041 5.500197 14.1855
v -5.129599 4.577499 14.7149
v -5.169898 4.5699 14.621399
v -3.683495 5.894798 13.9156
v -3.954994 5.708295 14.005999
v -4.206895 5.504 14.1534
v -4.396694 5.360198 14.1968
v -4.764699 5.071097 14.3021
v -4.236096 5.499297 14.1102
v -4.219895 5.503195 14.126191
v 5.970895 7.651597 1.345598
v 6.168097 7.743597 1.345598
v 5.966597 7.6608 1.923096
v 7.651597 5.970895 1.345598
v 7.6608 5.966597 1.923096
v 7.743597 6.168097 1.345598
v 5.966597 7.6608 1.923096
v 5.707299 7.520699 2.845698
v 5.970895 7.651597 1.345598
v 5.6804 7.463997 1.345598
v 5.500996 7.341897 3.7723
v 5.451595 7.2048 1.345598
v 5.499595 7.340496 3.779196
v 5.340099 7.133096 4.707199
v 5.301594 6.893199 1.345598
v 5.225497 6.900995 5.636596
v 5.223697 6.8964 5.654197
v 5.155795 6.643795 6.574499
v 5.241495 6.552696 1.345598
v 5.140697 6.3636 7.488501
v 5.275899 6.208598 1.345598
v 5.199897 6.034195 8.399397
v 5.402296 5.886697 1.345598
v 5.283999 5.830395 8.831995
v 5.359697 5.702799 9.026396
v 5.366998 5.6921 9.0393
v 5.611097 5.611097 1.345598
v 5.420595 5.619895 9.109997
v 5.489599 5.540496 9.149795
v 5.492097 5.537897 9.150296
v 5.572396 5.460697 9.138298
v 5.650597 5.396795 9.083497
v 5.659598 5.390095 9.074795
v 5.886697 5.402296 1.345598
v 5.795395 5.302798 8.892297
v 6.007897 5.208498 8.462095
v 6.208598 5.275899 1.345598
v 6.344598 5.141794 7.546401
v 6.552696 5.241495 1.345598
v 6.630498 5.153697 6.620496
v 6.887197 5.220299 5.689197
v 6.893199 5.301594 1.345598
v 6.891798 5.221998 5.6719
v 7.126796 5.336195 4.733699
v 7.2048 5.451595 1.345598
v 7.336896 5.496299 3.796499
v 7.338297 5.497598 3.7898
v 7.463997 5.6804 1.345598
v 7.519197 5.705195 2.853995
v 7.651597 5.970895 1.345598
v 7.6608 5.966597 1.923096
v 6.237995 7.500398 1.099997
v 6.408196 7.5311 1.099997
v 6.577795 7.658797 1.099997
v 6.636196 7.6083 1.099997
v 6.581097 7.5329 1.099997
v 6.694298 7.557195 1.099997
v 6.7519 7.505798 1.099997
v 7.6608 -5.966597 1.923096
v 7.520699 -5.707299 2.845698
v 7.651597 -5.970895 1.345598
v 7.463997 -5.6804 1.345598
v 7.341897 -5.500996 3.7723
v 7.2048 -5.451595 1.345598
v 7.340496 -5.499595 3.779196
v 7.133096 -5.340099 4.707199
v 6.893199 -5.301594 1.345598
v 6.900995 -5.225497 5.636596
v 6.8964 -5.223697 5.654197
v 6.643795 -5.155795 6.574499
v 6.552696 -5.241495 1.345598
v 6.3636 -5.140697 7.488501
v 6.208598 -5.275899 1.345598
v 6.034195 -5.199897 8.399397
v 5.886697 -5.402296 1.345598
v 5.830395 -5.283999 8.831995
v 5.702799 -5.359697 9.026396
v 5.6921 -5.366998 9.0393
v 5.611097 -5.611097 1.345598
v 5.619895 -5.420595 9.109997
v 5.540496 -5.489599 9.149795
v 5.537897 -5.492097 9.150296
v 5.460697 -5.572396 9.138298
v 5.396795 -5.650597 9.083497
v 5.390095 -5.659598 9.074795
v 5.402296 -5.886697 1.345598
v 5.302798 -5.795395 8.892297
v 5.208498 -6.007897 8.462095
v 5.275899 -6.208598 1.345598
v 5.141794 -6.344598 7.546401
v 5.241495 -6.552696 1.345598
v 5.153697 -6.630498 6.620496
v 5.220299 -6.887197 5.689197
v 5.301594 -6.893199 1.345598
v 5.221998 -6.891798 5.6719
v 5.336195 -7.126796 4.733699
v 5.451595 -7.2048 1.345598
v 5.496299 -7.336896 3.796499
v 5.497598 -7.338297 3.7898
v 5.6804 -7.463997 1.345598
v 5.705195 -7.519197 2.853995
v 5.970895 -7.651597 1.345598
v 5.966597 -7.6608 1.923096
v 5.970895 -7.651597 1.345598
v 5.966597 -7.6608 1.923096
v 6.168097 -7.743597 1.345598
v 7.651597 -5.970895 1.345598
v 7.743597 -6.168097 1.345598
v 7.6608 -5.966597 1.923096
v 7.500398 -6.237995 1.099997
v 7.5311 -6.408196 1.099997
v 7.658797 -6.577795 1.099997
v 7.6083 -6.636196 1.099997
v 7.5329 -6.581097 1.099997
v 7.557195 -6.694298 1.099997
v 7.505798 -6.7519 1.099997
v -7.569199 -5.703699 5.202597
v -7.825398 -6.099694 3.270196
v -7.515496 -5.744194 1.345598
v -8.100599 -6.520795 1.345598
v -5.300998 -7.067 5.020898
v -5.218499 -6.884896 5.750995
v -5.359095 -7.039898 1.345598
v -5.258798 -6.7191 1.345598
v -5.178797 -6.732797 5.995297
v -5.246496 -6.383198 1.345598
v -5.165797 -6.3753 5.995297
v -5.323195 -6.055897 1.345598
v -5.247294 -6.026995 5.995297
v -5.483394 -5.760395 1.345598
v -5.417799 -5.712497 5.995297
v -5.715698 -5.517399 1.345598
v -5.664998 -5.454099 5.995297
v -6.003797 -5.344295 1.345598
v -5.971598 -5.269795 5.995297
v -6.327396 -5.253195 1.345598
v -6.316 -5.172896 5.995297
v -6.663495 -5.250495 1.345598
v -6.673598 -5.169999 5.995297
v -6.988495 -5.336499 1.345598
v -7.019495 -5.261498 5.995297
v -7.2793 -5.504995 1.345598
v -7.328999 -5.440795 5.995297
v -7.569199 -5.703699 5.202597
v -7.370096 -5.457895 6.704598
v -7.105398 -5.258399 8.168697
v -6.923496 -5.172097 8.9419
v -6.715595 -5.111795 9.628295
v -6.559497 -5.090194 10.0228
v -6.400597 -5.0879 10.3172
v -6.181496 -5.116897 10.5683
v -6.145095 -5.125498 10.5929
v -6.121695 -5.131596 10.6063
v -5.973196 -5.181294 10.645
v -5.809295 -5.260598 10.5928
v -5.809199 -5.260699 10.5927
v -5.687695 -5.338996 10.4827
v -5.593496 -5.414497 10.3448
v -5.586898 -5.420297 10.33329
v -5.446499 -5.565094 10.0133
v -5.2769 -5.8254 9.327596
v -5.185997 -6.059998 8.628898
v -5.144596 -6.278496 7.924497
v -5.144 -6.2837 7.907098
v -5.138498 -6.492596 7.194995
v -5.163896 -6.691998 6.479495
v -7.515496 -5.744194 1.345598
v -5.359095 -7.039898 1.345598
v -5.854594 -8.102399 1.345598
v -5.300998 -7.067 5.020898
v -5.660998 -7.0957 1.099997
v -5.885195 -7.3282 1.099997
v -6.103599 -8.044999 1.099997
v -6.170397 -7.479697 1.099997
v -6.488597 -7.5356 1.099997
v -6.808298 -7.490199 1.099997
v -5.359095 7.039898 1.345598
v -5.300998 7.067 5.020898
v -5.854594 8.102399 1.345598
v -7.569199 5.703699 5.202597
v -7.3722 5.459898 6.689798
v -7.515496 5.744194 1.345598
v -7.2793 5.504995 1.345598
v -7.328897 5.440896 5.993497
v -6.988495 5.336499 1.345598
v -7.0194 5.261498 5.993497
v -6.663495 5.250495 1.345598
v -6.673598 5.170094 5.993497
v -6.327396 5.253195 1.345598
v -6.316 5.172896 5.993497
v -6.003797 5.344295 1.345598
v -5.971598 5.269795 5.993497
v -5.665397 5.453795 5.993497
v -5.718696 5.317199 10.5175
v -5.617898 5.3936 10.3852
v -7.111197 5.261695 8.140999
v -6.932801 5.175697 8.905398
v -6.730097 5.114799 9.586399
v -6.580197 5.091899 9.976398
v -6.426697 5.086898 10.2752
v -6.319499 5.093997 10.4317
v -6.186497 5.115795 10.5644
v -6.020098 5.163395 10.6414
v -5.910295 5.208498 10.6369
v -5.8492 5.238699 10.6151
v -5.609798 5.400395 10.3722
v -5.461299 5.547696 10.0547
v -5.417799 5.712598 5.993497
v -5.283695 5.811995 9.365695
v -5.247396 6.026995 5.993497
v -5.189394 6.048196 8.665496
v -5.145597 6.269395 7.9544
v -5.165797 6.3753 5.993497
v -5.1449 6.275498 7.934498
v -5.1382 6.487399 7.213097
v -5.1633 6.689095 6.490296
v -5.178797 6.732797 5.993497
v -5.258798 6.7191 1.345598
v -5.217999 6.883496 5.756294
v -5.359095 7.039898 1.345598
v -5.300998 7.067 5.020898
v -5.246496 6.383198 1.345598
v -5.323195 6.055897 1.345598
v -5.483394 5.760395 1.345598
v -5.715698 5.517399 1.345598
v -8.100599 6.520795 1.345598
v -7.825398 6.099694 3.270196
v -7.515496 5.744194 1.345598
v -7.569199 5.703699 5.202597
v -8.100599 6.520795 1.345598
v -7.515496 5.744194 1.345598
v -8.106899 6.5544 1.264095
v -7.490897 5.762696 1.2299
v -8.085095 6.595098 1.190799
v -7.426196 5.8115 1.141697
v -8.039295 6.638199 1.136595
v -7.976597 6.680297 1.106095
v -7.336199 5.879294 1.101297
v -7.927697 6.706595 1.099997
v -7.423096 6.036996 1.099997
v -5.359095 7.039898 1.345598
v -5.386894 7.026898 1.2299
v -5.258798 6.7191 1.345598
v -5.283898 6.6814 1.2299
v -5.246496 6.383198 1.345598
v -5.285197 6.320798 1.2299
v -5.323195 6.055897 1.345598
v -5.390596 5.976098 1.2299
v -5.483394 5.760395 1.345598
v -5.591195 5.676394 1.2299
v -5.715698 5.517399 1.345598
v -5.869799 5.447596 1.2299
v -6.003797 5.344295 1.345598
v -6.202697 5.308997 1.2299
v -6.327396 5.253195 1.345598
v -6.561398 5.272597 1.2299
v -6.663495 5.250495 1.345598
v -6.915301 5.341398 1.2299
v -6.988495 5.336499 1.345598
v -7.234197 5.509495 1.2299
v -7.2793 5.504995 1.345598
v -7.490897 5.762696 1.2299
v -7.515496 5.744194 1.345598
v -5.460399 6.992697 1.141697
v -5.364096 6.669795 1.141697
v -5.3653 6.332999 1.141697
v -5.463796 6.010794 1.141697
v -5.651199 5.730897 1.141697
v -5.911499 5.516999 1.141697
v -6.222498 5.387598 1.141697
v -6.557697 5.353498 1.141697
v -6.888395 5.417799 1.141697
v -7.1864 5.574899 1.141697
v -7.426196 5.8115 1.141697
v -7.119798 5.665898 1.101297
v -7.336199 5.879294 1.101297
v -5.562496 6.944996 1.101297
v -5.475699 6.653797 1.101297
v -5.476796 6.349796 1.101297
v -5.565595 6.059199 1.101297
v -5.734699 5.806595 1.101297
v -5.969595 5.613696 1.101297
v -6.250196 5.496799 1.101297
v -6.5526 5.466097 1.101297
v -6.850898 5.524098 1.101297
v -5.660998 7.0957 1.099997
v -5.562496 6.944996 1.101297
v -6.103599 8.044999 1.099997
v -6.041395 8.094698 1.1123
v -5.460399 6.992697 1.141697
v -5.978596 8.126896 1.148396
v -5.9237 8.138197 1.203298
v -5.386894 7.026898 1.2299
v -5.8806 8.129096 1.272398
v -5.359095 7.039898 1.345598
v -5.854594 8.102399 1.345598
v -5.854594 -8.102399 1.345598
v -5.359095 -7.039898 1.345598
v -5.8806 -8.129096 1.272398
v -5.386894 -7.026898 1.2299
v -5.9237 -8.138197 1.203298
v -5.460399 -6.992697 1.141697
v -5.978596 -8.126896 1.148396
v -6.041395 -8.094698 1.1123
v -5.562496 -6.944996 1.101297
v -6.103599 -8.044999 1.099997
v -5.660998 -7.0957 1.099997
v -7.515496 -5.744194 1.345598
v -7.490897 -5.762696 1.2299
v -7.2793 -5.504995 1.345598
v -7.234197 -5.509495 1.2299
v -6.988495 -5.336499 1.345598
v -6.915301 -5.341398 1.2299
v -6.663495 -5.250495 1.345598
v -6.561398 -5.272597 1.2299
v -6.327396 -5.253195 1.345598
v -6.202697 -5.308997 1.2299
v -6.003797 -5.344295 1.345598
v -5.869799 -5.447596 1.2299
v -5.715698 -5.517399 1.345598
v -5.591195 -5.676394 1.2299
v -5.483394 -5.760395 1.345598
v -5.390596 -5.976098 1.2299
v -5.323195 -6.055897 1.345598
v -5.285197 -6.320798 1.2299
v -5.246496 -6.383198 1.345598
v -5.283898 -6.6814 1.2299
v -5.258798 -6.7191 1.345598
v -5.386894 -7.026898 1.2299
v -5.359095 -7.039898 1.345598
v -7.426196 -5.8115 1.141697
v -7.1864 -5.574899 1.141697
v -6.888395 -5.417799 1.141697
v -6.557697 -5.353498 1.141697
v -6.222498 -5.387598 1.141697
v -5.911499 -5.516999 1.141697
v -5.651199 -5.730897 1.141697
v -5.463796 -6.010794 1.141697
v -5.3653 -6.332999 1.141697
v -5.364096 -6.669795 1.141697
v -5.460399 -6.992697 1.141697
v -5.475699 -6.653797 1.101297
v -5.562496 -6.944996 1.101297
v -7.336199 -5.879294 1.101297
v -7.119798 -5.665898 1.101297
v -6.850898 -5.524098 1.101297
v -6.5526 -5.466097 1.101297
v -6.250196 -5.496799 1.101297
v -5.969595 -5.613696 1.101297
v -5.734699 -5.806595 1.101297
v -5.565595 -6.059199 1.101297
v -5.476796 -6.349796 1.101297
v -7.423096 -6.036996 1.099997
v -7.336199 -5.879294 1.101297
v -7.927697 -6.706595 1.099997
v -7.976597 -6.680297 1.106095
v -7.426196 -5.8115 1.141697
v -8.039295 -6.638199 1.136595
v -8.085095 -6.595098 1.190799
v -7.490897 -5.762696 1.2299
v -8.106899 -6.5544 1.264095
v -7.515496 -5.744194 1.345598
v -8.100599 -6.520795 1.345598
v 6.237995 -7.500398 1.099997
v 6.065696 -7.448196 1.101297
v 6.577795 -7.658797 1.099997
v 6.433999 -7.721096 1.129198
v 6.018096 -7.5504 1.141697
v 6.321597 -7.748699 1.187199
v 5.983799 -7.623797 1.2299
v 6.233894 -7.7555 1.2591
v 5.970895 -7.651597 1.345598
v 6.168097 -7.743597 1.345598
v 5.970895 -7.651597 1.345598
v 5.983799 -7.623797 1.2299
v 5.6804 -7.463997 1.345598
v 5.700397 -7.440799 1.2299
v 5.451595 -7.2048 1.345598
v 5.477195 -7.187795 1.2299
v 5.301594 -6.893199 1.345598
v 5.330795 -6.8838 1.2299
v 5.241495 -6.552696 1.345598
v 5.272197 -6.551498 1.2299
v 5.275899 -6.208598 1.345598
v 5.305796 -6.215798 1.2299
v 5.402296 -5.886697 1.345598
v 5.428999 -5.9017 1.2299
v 5.611097 -5.611097 1.345598
v 5.632799 -5.632799 1.2299
v 5.886697 -5.402296 1.345598
v 5.9017 -5.428999 1.2299
v 6.208598 -5.275899 1.345598
v 6.215798 -5.305796 1.2299
v 6.552696 -5.241495 1.345598
v 6.551498 -5.272197 1.2299
v 6.893199 -5.301594 1.345598
v 6.8838 -5.330795 1.2299
v 7.2048 -5.451595 1.345598
v 7.187795 -5.477195 1.2299
v 7.463997 -5.6804 1.345598
v 7.440799 -5.700397 1.2299
v 7.651597 -5.970895 1.345598
v 7.623797 -5.983799 1.2299
v 7.3794 -5.753296 1.141697
v 7.5504 -6.018096 1.141697
v 7.448196 -6.065696 1.101297
v 7.262098 -5.791497 1.101297
v 7.142996 -5.544698 1.141697
v 6.999099 -5.589699 1.101297
v 6.858998 -5.407899 1.141697
v 6.685996 -5.480897 1.101297
v 6.5485 -5.353099 1.141697
v 6.3546 -5.475997 1.101297
v 6.234794 -5.384498 1.141697
v 6.038498 -5.575698 1.101297
v 5.941396 -5.499696 1.141697
v 5.769795 -5.769795 1.101297
v 5.690097 -5.690097 1.141697
v 5.499696 -5.941396 1.141697
v 6.018096 -7.5504 1.141697
v 5.753296 -7.3794 1.141697
v 5.544698 -7.142996 1.141697
v 5.407899 -6.858998 1.141697
v 5.353099 -6.5485 1.141697
v 5.384498 -6.234794 1.141697
v 6.065696 -7.448196 1.101297
v 5.791497 -7.262098 1.101297
v 5.589699 -6.999099 1.101297
v 5.480897 -6.685996 1.101297
v 5.475997 -6.3546 1.101297
v 5.575698 -6.038498 1.101297
v 7.743597 -6.168097 1.345598
v 7.651597 -5.970895 1.345598
v 7.755595 -6.2527 1.240795
v 7.623797 -5.983799 1.2299
v 7.743901 -6.347995 1.170694
v 7.5504 -6.018096 1.141697
v 7.708495 -6.47 1.116895
v 7.448196 -6.065696 1.101297
v 7.658797 -6.577795 1.099997
v 7.500398 -6.237995 1.099997
v 6.168097 7.743597 1.345598
v 5.970895 7.651597 1.345598
v 6.2527 7.755595 1.240795
v 5.983799 7.623797 1.2299
v 6.347995 7.743901 1.170694
v 6.018096 7.5504 1.141697
v 6.47 7.708495 1.116895
v 6.065696 7.448196 1.101297
v 6.577795 7.658797 1.099997
v 6.237995 7.500398 1.099997
v 7.651597 5.970895 1.345598
v 7.623797 5.983799 1.2299
v 7.463997 5.6804 1.345598
v 7.440799 5.700397 1.2299
v 7.2048 5.451595 1.345598
v 7.187795 5.477195 1.2299
v 6.893199 5.301594 1.345598
v 6.8838 5.330795 1.2299
v 6.552696 5.241495 1.345598
v 6.551498 5.272197 1.2299
v 6.208598 5.275899 1.345598
v 6.215798 5.305796 1.2299
v 5.886697 5.402296 1.345598
v 5.9017 5.428999 1.2299
v 5.611097 5.611097 1.345598
v 5.632799 5.632799 1.2299
v 5.402296 5.886697 1.345598
v 5.428999 5.9017 1.2299
v 5.275899 6.208598 1.345598
v 5.305796 6.215798 1.2299
v 5.241495 6.552696 1.345598
v 5.272197 6.551498 1.2299
v 5.301594 6.893199 1.345598
v 5.330795 6.8838 1.2299
v 5.451595 7.2048 1.345598
v 5.477195 7.187795 1.2299
v 5.6804 7.463997 1.345598
v 5.700397 7.440799 1.2299
v 5.970895 7.651597 1.345598
v 5.983799 7.623797 1.2299
v 5.753296 7.3794 1.141697
v 6.018096 7.5504 1.141697
v 6.065696 7.448196 1.101297
v 5.791497 7.262098 1.101297
v 5.544698 7.142996 1.141697
v 5.589699 6.999099 1.101297
v 5.407899 6.858998 1.141697
v 5.480897 6.685996 1.101297
v 5.353099 6.5485 1.141697
v 5.475997 6.3546 1.101297
v 5.384498 6.234794 1.141697
v 5.575698 6.038498 1.101297
v 5.499696 5.941396 1.141697
v 5.769795 5.769795 1.101297
v 5.690097 5.690097 1.141697
v 5.941396 5.499696 1.141697
v 7.5504 6.018096 1.141697
v 7.3794 5.753296 1.141697
v 7.142996 5.544698 1.141697
v 6.858998 5.407899 1.141697
v 6.5485 5.353099 1.141697
v 6.234794 5.384498 1.141697
v 7.448196 6.065696 1.101297
v 7.262098 5.791497 1.101297
v 6.999099 5.589699 1.101297
v 6.685996 5.480897 1.101297
v 6.3546 5.475997 1.101297
v 6.038498 5.575698 1.101297
v 7.500398 6.237995 1.099997
v 7.448196 6.065696 1.101297
v 7.658797 6.577795 1.099997
v 7.721096 6.433999 1.129198
v 7.5504 6.018096 1.141697
v 7.748699 6.321597 1.187199
v 7.623797 5.983799 1.2299
v 7.7555 6.233894 1.2591
v 7.651597 5.970895 1.345598
v 7.743597 6.168097 1.345598
v -8.100599 -6.520795 1.345598
v -8.151698 -6.562399 1.362496
v -8.106899 -6.5544 1.264095
v -8.141696 -6.586897 1.265597
v -8.085095 -6.595098 1.190799
v -8.115297 -6.630498 1.183199
v -8.106899 -6.639498 1.169997
v -8.146798 -6.663298 1.156598
v -8.071297 -6.724298 1.091396
v -8.1016 -6.743997 1.058995
v -7.985097 -6.8053 1.047199
v -8.000296 -6.831496 0.990295
v -8.090198 -6.775701 1.005297
v -8.169496 -6.7191 1.048398
v -8.187997 -6.674599 1.133799
v -8.224195 -6.6729 1.105695
v -8.199 -6.663697 1.1509
v -8.242499 -6.654798 1.134496
v -8.236396 -6.611996 1.257497
v -8.282196 -6.599998 1.251697
v -8.282697 -6.561398 1.381599
v -8.216798 -6.576895 1.375299
v -8.187299 -6.6069 1.264697
v -7.9593 -6.760996 1.086199
v -8.039599 -6.694197 1.112198
v -8.039295 -6.638199 1.136595
v -7.927697 -6.706595 1.099997
v -7.976597 -6.680297 1.106095
v -8.156299 -6.653499 1.171499
v -6.140297 -8.093899 1.086997
v -6.103599 -8.044999 1.099997
v -6.429696 -7.848995 1.092898
v -6.808298 -7.490199 1.099997
v -6.577301 -7.7313 1.092898
v -6.724798 -7.614099 1.092898
v -6.6042 -7.765096 1.070898
v -6.751698 -7.647997 1.070797
v -6.625396 -7.791596 1.036196
v -6.772798 -7.6747 1.036
v -7.073599 -7.465898 0.993794
v -7.068896 -7.444095 1.035499
v -7.5208 -7.113897 1.034396
v -7.501399 -7.085895 1.0701
v -7.985097 -6.8053 1.047199
v -7.9593 -6.760996 1.086199
v -7.476496 -7.0499 1.092696
v -7.927697 -6.706595 1.099997
v -7.367098 -7.070195 1.099997
v -7.1096 -7.309401 1.094394
v -7.021796 -7.382595 1.092797
v -8.000296 -6.831496 0.990295
v -6.189298 -8.159196 0.995797
v -6.477695 -7.909297 1.036399
v -6.456595 -7.882797 1.071
v -6.170594 -8.134299 1.050096
v -7.048195 -7.4171 1.070499
v -8.0015 -6.143796 3.303599
v -8.282697 -6.561398 1.381599
v -8.066898 -6.323498 2.519094
v -8.216798 -6.576895 1.375299
v -8.015996 -6.320297 2.511298
v -8.151698 -6.562399 1.362496
v -7.969599 -6.3003 2.500295
v -8.100599 -6.520795 1.345598
v -7.825398 -6.099694 3.270196
v -7.809299 -6.054794 3.644597
v -7.569199 -5.703699 5.202597
v -7.615995 -5.743497 5.216395
v -7.8543 -6.074994 3.655099
v -7.6756 -5.760395 5.227196
v -7.903999 -6.079095 3.662598
v -7.7376 -5.751395 5.233299
v -6.103599 -8.044999 1.099997
v -6.140297 -8.093899 1.086997
v -6.041395 -8.094698 1.1123
v -6.059598 -8.134299 1.105999
v -5.978596 -8.126896 1.148396
v -5.989396 -8.169698 1.146799
v -5.961996 -8.178198 1.171594
v -5.963695 -8.223599 1.160097
v -5.895495 -8.228397 1.260495
v -5.876499 -8.273899 1.253795
v -5.847197 -8.232599 1.381999
v -5.7998 -8.283096 1.389294
v -5.833798 -8.306396 1.270598
v -5.895799 -8.306199 1.161599
v -5.954796 -8.264696 1.139497
v -5.937099 -8.296197 1.1132
v -5.989998 -8.2524 1.107394
v -5.981397 -8.280301 1.073795
v -6.081795 -8.206796 1.054596
v -6.083697 -8.229196 1.016199
v -6.189298 -8.159196 0.995797
v -6.170594 -8.134299 1.050096
v -6.074398 -8.173298 1.085799
v -5.866795 -8.167695 1.366299
v -5.900096 -8.178895 1.260197
v -5.9237 -8.138197 1.203298
v -5.854594 -8.102399 1.345598
v -5.8806 -8.129096 1.272398
v -5.994498 -8.213299 1.131898
v -7.5082 -5.482494 6.732499
v -7.7376 -5.751395 5.233299
v -7.472598 -5.489695 6.727498
v -7.6756 -5.760395 5.227196
v -7.435399 -5.487799 6.720799
v -7.615995 -5.743497 5.216395
v -7.400095 -5.476695 6.712895
v -7.569199 -5.703699 5.202597
v -7.370096 -5.457895 6.704598
v -7.272899 -5.364096 7.4615
v -7.105398 -5.258399 8.168697
v -7.122999 -5.263298 8.207798
v -7.067096 -5.232596 8.455598
v -7.149296 -5.267399 8.214598
v -7.091599 -5.235797 8.462196
v -7.175898 -5.266594 8.220797
v -7.116496 -5.2347 8.4683
v -7.203799 -5.262196 8.217495
v -7.005995 -5.1714 8.965998
v -6.985497 -5.176198 8.960497
v -6.765198 -5.103898 9.680795
v -6.7456 -5.106997 9.6879
v -6.698095 -5.098599 9.806597
v -6.684297 -5.100995 9.800797
v -6.581699 -5.088597 10.034
v -6.5701 -5.089896 10.0282
v -6.514096 -5.086499 10.1418
v -6.559497 -5.090194 10.0228
v -6.400597 -5.0879 10.3172
v -6.923496 -5.172097 8.9419
v -6.943398 -5.176496 8.9482
v -6.964397 -5.177998 8.954495
v -6.715595 -5.109995 9.6762
v -6.715595 -5.111795 9.628295
v -6.670296 -5.101895 9.794896
v -6.181496 -5.116897 10.5683
v -6.308996 -5.094796 10.4571
v -6.385397 -5.088096 10.3574
v -6.524497 -5.084997 10.1476
v -6.593197 -5.0861 10.0398
v -6.604397 -5.082499 10.0453
v -6.124198 -5.130594 10.6121
v -6.145095 -5.125498 10.5929
v -6.121695 -5.131596 10.6063
v -6.070899 -5.146098 10.6347
v -5.973196 -5.181294 10.645
v -5.959898 -5.186396 10.6506
v -5.809295 -5.260598 10.5928
v -5.806297 -5.261999 10.599
v -5.809199 -5.260699 10.5927
v -5.721497 -5.314898 10.5308
v -5.687695 -5.338996 10.4827
v -5.587095 -5.419194 10.3515
v -5.593496 -5.414497 10.3448
v -5.586898 -5.420297 10.33329
v -5.485898 -5.518394 10.1459
v -5.446499 -5.565094 10.0133
v -5.444198 -5.565994 10.0381
v -5.316799 -5.746895 9.589397
v -5.434799 -5.573397 10.0452
v -5.304998 -5.758595 9.597098
v -5.424594 -5.579799 10.0522
v -5.291599 -5.768698 9.604495
v -5.411696 -5.5875 10.0537
v -5.225396 -5.871599 9.372597
v -5.242997 -5.859094 9.372597
v -5.169999 -6.0332 8.902597
v -5.1871 -6.017398 8.894699
v -5.143594 -6.1791 8.420699
v -5.1584 -6.156396 8.411699
v -5.136197 -6.307297 7.934498
v -5.144596 -6.278496 7.924497
v -5.144 -6.2837 7.907098
v -5.2769 -5.8254 9.327596
v -5.270296 -5.833297 9.356999
v -5.257695 -5.847096 9.364998
v -5.201095 -5.9991 8.8862
v -5.185997 -6.059998 8.628898
v -5.138498 -6.492596 7.194995
v -5.133199 -6.524795 7.214999
v -5.121195 -6.3344 7.944101
v -5.118799 -6.558299 7.225495
v -5.100399 -6.357699 7.9526
v -5.096 -6.587398 7.2344
v -5.075198 -6.377798 7.953596
v -5.067396 -6.6105 7.237899
v -5.1265 -6.8071 6.511998
v -5.094498 -6.833297 6.518
v -5.1889 -7.016897 5.785799
v -5.178499 -7.110899 5.566799
v -5.293095 -7.199198 5.055296
v -5.244594 -7.249796 5.061894
v -5.163896 -6.691998 6.479495
v -5.163395 -6.731998 6.4915
v -5.150699 -6.7721 6.502896
v -5.218499 -6.884896 5.750995
v -5.223798 -6.9292 5.764198
v -5.213797 -6.975698 5.776494
v -5.300998 -7.067 5.020898
v -5.313396 -7.1334 5.040496
v -5.075395 -6.375795 7.959598
v -5.124497 -6.198596 8.428996
v -5.1229 -6.132197 8.669495
v -5.467897 -5.530196 10.1598
v -5.563598 -5.431395 10.3685
v -5.572998 -5.426895 10.3649
v -5.565398 -5.429798 10.3714
v -5.667299 -5.347895 10.5092
v -5.712199 -5.318599 10.5436
v -5.796694 -5.264097 10.6177
v -5.800098 -5.263698 10.6115
v -5.798196 -5.263298 10.6186
v -5.958998 -5.185496 10.6627
v -5.964696 -5.182099 10.6689
v -6.073898 -5.143898 10.6466
v -6.141096 -5.123496 10.6247
v -6.129097 -5.127799 10.6239
v -6.286698 -5.093699 10.5159
v -6.320899 -5.090999 10.4686
v -6.407696 -5.081099 10.3745
v -6.4004 -5.083996 10.3689
v -6.4161 -5.080598 10.3629
v -6.534695 -5.082499 10.1534
v -7.335799 -5.371898 7.475298
v -7.303798 -5.371499 7.468795
v -6.730598 -5.109399 9.682101
v -6.392997 -5.086296 10.3632
v -6.314998 -5.093097 10.4629
v -6.126695 -5.129396 10.618
v -6.072396 -5.145096 10.6407
v -5.959498 -5.186098 10.6567
v -5.803298 -5.262994 10.6053
v -5.716997 -5.316895 10.5373
v -5.580198 -5.423396 10.3582
v -5.477195 -5.524694 10.1529
v -5.866795 -8.167695 1.366299
v -5.681496 -7.802295 2.568697
v -5.854594 -8.102399 1.345598
v -5.4986 -7.460099 3.777796
v -5.300998 -7.067 5.020898
v -5.313396 -7.1334 5.040496
v -5.492699 -7.512396 3.7916
v -5.293095 -7.199198 5.055296
v -5.467998 -7.559996 3.801196
v -5.286598 -7.3273 4.775196
v -5.457097 -7.643699 3.630197
v -5.651199 -7.901698 2.592498
v -5.627697 -7.961499 2.509099
v -5.7998 -8.283096 1.389294
v -5.847197 -8.232599 1.381999
v -5.675697 -7.854396 2.582699
v -5.244594 -7.249796 5.061894
v 7.992196 -6.2747 1.233798
v 7.992297 -6.191998 1.389497
v 7.940399 -6.302398 1.261299
v 7.9315 -6.235098 1.395797
v 7.906395 -6.308597 1.270794
v 7.857799 -6.245797 1.388996
v 7.869899 -6.307595 1.2757
v 7.833898 -6.299299 1.275295
v 7.820099 -6.3928 1.182395
v 7.791095 -6.380099 1.183199
v 7.782799 -6.412297 1.161497
v 7.743901 -6.347995 1.170694
v 7.708495 -6.47 1.116895
v 7.789498 -6.221395 1.370799
v 7.801699 -6.284695 1.269799
v 7.755595 -6.2527 1.240795
v 7.743597 -6.168097 1.345598
v 7.746297 -6.509697 1.113694
v 7.658797 -6.577795 1.099997
v 7.705098 -6.617498 1.086997
v 7.769 -6.522798 1.106995
v 7.7434 -6.6504 1.050394
v 7.791399 -6.533896 1.0957
v 7.812398 -6.542599 1.080197
v 7.866698 -6.439697 1.137995
v 7.891899 -6.440997 1.120895
v 7.907998 -6.405699 1.148498
v 7.949799 -6.3932 1.1096
v 7.830995 -6.548398 1.061397
v 7.766997 -6.670695 0.996494
v 7.872498 -6.530499 1.026695
v 7.880598 -6.406098 1.164495
v 7.8507 -6.401801 1.176095
v 7.839 -6.434297 1.150995
v 7.810395 -6.424897 1.159
v 7.658797 -6.577795 1.099997
v 7.6083 -6.636196 1.099997
v 7.705098 -6.617498 1.086997
v 7.557195 -6.694298 1.099997
v 7.505798 -6.7519 1.099997
v 7.373899 -6.9907 1.085597
v 7.7434 -6.6504 1.050394
v 7.2178 -7.217395 1.050394
v 7.4202 -7.054495 0.996494
v 7.054495 -7.4202 0.996494
v 6.6504 -7.7434 1.050394
v 6.670695 -7.766997 0.996494
v 7.2016 -7.201099 1.071196
v 6.990998 -7.373696 1.085597
v 6.617498 -7.705098 1.086997
v 6.7519 -7.505798 1.099997
v 6.694298 -7.557195 1.099997
v 6.636196 -7.6083 1.099997
v 6.577795 -7.658797 1.099997
v 7.766997 -6.670695 0.996494
v 7.6608 -5.966597 1.923096
v 7.743597 -6.168097 1.345598
v 7.750695 -6.133699 1.613295
v 7.789498 -6.221395 1.370799
v 7.784098 -6.151795 1.624399
v 7.857799 -6.245797 1.388996
v 7.823199 -6.160795 1.633095
v 7.863897 -6.159299 1.6384
v 7.7757 -6.044298 1.966798
v 7.849699 -6.033098 1.973599
v 7.901698 -6.147897 1.639896
v 7.9104 -5.989295 1.966995
v 7.930296 -6.038695 1.826697
v 7.950198 -6.087899 1.6864
v 7.971298 -6.139999 1.537996
v 7.9315 -6.235098 1.395797
v 7.992297 -6.191998 1.389497
v 7.706999 -6.020098 1.948499
v 6.530398 -7.872599 1.026594
v 6.670695 -7.766997 0.996494
v 6.5292 -7.843101 1.069498
v 6.6504 -7.7434 1.050394
v 6.524199 -7.823395 1.088094
v 6.516098 -7.801198 1.103299
v 6.401896 -7.850599 1.175999
v 6.392997 -7.820099 1.182299
v 6.299 -7.833898 1.275795
v 6.284499 -7.801699 1.2703
v 6.221395 -7.789498 1.370799
v 6.233894 -7.7555 1.2591
v 6.168097 -7.743597 1.345598
v 6.617498 -7.705098 1.086997
v 6.505197 -7.777595 1.114195
v 6.3802 -7.791095 1.183098
v 6.321597 -7.748699 1.187199
v 6.492298 -7.753998 1.120299
v 6.577795 -7.658797 1.099997
v 6.433999 -7.721096 1.129198
v 6.245797 -7.857799 1.388996
v 6.307297 -7.869899 1.276296
v 6.406199 -7.880598 1.164299
v 6.308197 -7.906395 1.271396
v 6.235098 -7.9315 1.395797
v 6.302195 -7.940399 1.261794
v 6.191998 -7.992297 1.389497
v 6.274795 -7.991999 1.234096
v 6.393396 -7.949697 1.109397
v 6.405895 -7.907897 1.148396
v 7.520699 -5.707299 2.845698
v 7.6608 -5.966597 1.923096
v 7.567799 -5.744695 2.868294
v 7.706999 -6.020098 1.948499
v 7.600098 -5.755698 2.8777
v 7.7757 -6.044298 1.966798
v 7.635599 -5.758696 2.885496
v 7.671296 -5.753099 2.890896
v 7.481497 -5.521398 3.816998
v 7.509499 -5.5076 3.820598
v 7.2815 -5.327296 4.753798
v 7.318097 -5.290699 4.757499
v 7.056099 -5.165195 5.694597
v 7.849699 -6.033098 1.973599
v 7.703995 -5.739796 2.893799
v 7.552099 -5.4681 3.821998
v 7.552099 -5.4681 3.8221
v 7.9104 -5.989295 1.966995
v 7.753098 -5.698394 2.891898
v 7.055598 -5.164998 5.696499
v 7.025295 -5.197995 5.689096
v 7.257896 -5.340999 4.749798
v 7.0059 -5.210995 5.684798
v 7.231998 -5.350399 4.744398
v 6.984597 -5.220794 5.679696
v 7.204997 -5.354696 4.737997
v 6.962198 -5.226999 5.673795
v 7.178395 -5.353796 4.730796
v 6.939399 -5.229496 5.6674
v 7.133096 -5.340099 4.707199
v 6.900995 -5.225497 5.636596
v 6.8964 -5.223697 5.654197
v 6.766897 -5.1732 6.289595
v 6.643795 -5.155795 6.574499
v 6.582397 -5.140495 6.909
v 6.3636 -5.140697 7.488501
v 6.382995 -5.134797 7.524597
v 6.2765 -5.143499 7.831096
v 6.288295 -5.137997 7.835996
v 6.048297 -5.190497 8.438998
v 6.055998 -5.184799 8.443397
v 5.988299 -5.208098 8.589595
v 5.994695 -5.202394 8.593899
v 5.842 -5.271399 8.873599
v 5.846095 -5.266797 8.8777
v 5.707395 -5.351096 9.063899
v 5.851298 -5.257999 8.888798
v 5.709797 -5.345696 9.073495
v 6.8412 -5.140298 6.310397
v 6.769597 -5.092495 6.627798
v 6.644898 -5.107796 6.928896
v 6.452399 -5.081695 7.550996
v 6.450998 -5.081796 7.554799
v 6.4332 -5.104094 7.543498
v 6.276196 -5.104798 8.011698
v 6.320297 -5.114495 7.849597
v 6.070095 -5.171799 8.451896
v 6.310397 -5.123394 7.8453
v 6.0633 -5.1786 8.4477
v 6.299698 -5.131196 7.8408
v 6.082099 -5.156797 8.4598
v 6.080096 -5.1575 8.463996
v 6.000596 -5.196297 8.598095
v 5.654096 -5.389696 9.114599
v 5.627197 -5.407994 9.1443
v 5.538398 -5.4883 9.174597
v 5.538594 -5.485695 9.1825
v 5.537897 -5.486297 9.182596
v 5.452895 -5.574494 9.171599
v 5.428898 -5.605196 9.148597
v 5.538499 -5.489099 9.170597
v 5.430597 -5.604398 9.144496
v 5.538499 -5.489897 9.166598
v 5.432295 -5.603396 9.140497
v 5.538499 -5.490595 9.162497
v 5.433899 -5.602395 9.136396
v 5.538296 -5.491197 9.158396
v 5.435299 -5.601298 9.132295
v 5.460697 -5.572396 9.138298
v 5.396795 -5.650597 9.083497
v 5.392998 -5.654799 9.091699
v 5.390095 -5.659598 9.074795
v 5.328297 -5.75 8.981895
v 5.302798 -5.795395 8.892297
v 5.303096 -5.792796 8.919
v 5.229598 -5.944997 8.643198
v 5.225098 -5.951499 8.647495
v 5.199599 -6.020498 8.5011
v 5.194097 -6.027799 8.505499
v 5.134195 -6.277 7.901597
v 5.126398 -6.287395 7.906097
v 5.114996 -6.401097 7.597398
v 5.1054 -6.412196 7.601797
v 5.118298 -6.730198 6.666195
v 5.090397 -6.754398 6.6747
v 5.194097 -7.015299 5.723994
v 5.161094 -7.044798 5.733096
v 5.322897 -7.274699 4.78
v 5.161499 -7.0459 5.729597
v 5.286395 -7.310998 4.784196
v 5.381 -5.661499 9.1187
v 5.383795 -5.661898 9.108096
v 5.386298 -5.660295 9.103995
v 5.388599 -5.658596 9.0999
v 5.3909 -5.656796 9.095895
v 5.314695 -5.762797 8.998399
v 5.2809 -5.810797 8.948796
v 5.287694 -5.808097 8.9356
v 5.208796 -5.969196 8.660298
v 5.291897 -5.804598 8.931499
v 5.214595 -5.963695 8.656096
v 5.295896 -5.800896 8.927398
v 5.220097 -5.9578 8.6519
v 5.299597 -5.796897 8.923196
v 5.168396 -6.049197 8.528697
v 5.181598 -6.041097 8.513897
v 5.188095 -6.034696 8.509796
v 5.167198 -6.052595 8.521795
v 5.1099 -6.250798 8.074498
v 5.117696 -6.296998 7.9104
v 5.083596 -6.428498 7.615798
v 5.0834 -6.4309 7.6092
v 5.464196 -7.547795 3.840094
v 5.503797 -7.505595 3.8378
v 5.336695 -7.251197 4.775995
v 5.517596 -7.4777 3.834199
v 5.346 -7.2254 4.770594
v 5.525594 -7.447099 3.828698
v 5.350399 -7.198596 4.764199
v 5.526995 -7.415795 3.821694
v 5.349695 -7.172095 4.756999
v 5.521798 -7.385998 3.813499
v 5.336195 -7.126796 4.733699
v 5.496299 -7.336896 3.796499
v 5.497598 -7.338297 3.7898
v 5.742496 -7.566398 2.876394
v 5.705195 -7.519197 2.853995
v 5.966597 -7.6608 1.923096
v 6.020098 -7.706999 1.948499
v 5.753499 -7.598698 2.885699
v 6.044298 -7.7757 1.966798
v 5.756497 -7.634198 2.893495
v 5.7509 -7.6698 2.898997
v 5.464398 -7.547998 3.839194
v 5.737596 -7.702499 2.901798
v 5.696099 -7.7515 2.899998
v 5.989295 -7.9104 1.966995
v 6.033098 -7.849699 1.973599
v 5.221998 -6.891798 5.6719
v 5.2257 -6.929999 5.702298
v 5.223196 -6.952595 5.7087
v 5.216896 -6.974899 5.714595
v 5.207097 -6.995999 5.719697
v 5.220299 -6.887197 5.689197
v 5.153697 -6.630498 6.620496
v 5.1512 -6.662595 6.6459
v 5.141794 -6.344598 7.546401
v 5.135899 -6.363195 7.582896
v 5.146396 -6.2545 7.892
v 5.130296 -6.376397 7.587897
v 5.140799 -6.265997 7.8969
v 5.123299 -6.3892 7.592797
v 5.208498 -6.007897 8.462095
v 5.204397 -6.012898 8.4966
v 5.537897 -5.492097 9.150296
v 5.540496 -5.489599 9.149795
v 5.619895 -5.420595 9.109997
v 5.647397 -5.398595 9.098297
v 5.6921 -5.366998 9.0393
v 5.697697 -5.362296 9.047496
v 5.702799 -5.359697 9.026396
v 5.828595 -5.2836 8.860999
v 5.830395 -5.283999 8.831995
v 5.974596 -5.217999 8.580899
v 6.034195 -5.199897 8.399397
v 6.040197 -5.195498 8.434498
v 7.340496 -5.499595 3.779196
v 7.389599 -5.525398 3.796297
v 7.419496 -5.530697 3.804498
v 7.450795 -5.529397 3.811597
v 7.341897 -5.500996 3.7723
v 6.786799 -5.169194 6.295496
v 6.8062 -5.162197 6.301099
v 6.824499 -5.152499 6.306099
v 6.599199 -5.135399 6.914401
v 6.615495 -5.128198 6.919699
v 6.630897 -5.1189 6.924498
v 6.396597 -5.129295 7.529598
v 6.409698 -5.122298 7.534497
v 6.421899 -5.113798 7.5392
v 5.981695 -5.213296 8.585298
v 5.833297 -5.279797 8.865296
v 5.837798 -5.275797 8.869498
v 5.700296 -5.359697 9.051698
v 5.702799 -5.356997 9.055799
v 5.705195 -5.3541 9.0599
v 5.649197 -5.396598 9.102398
v 5.650997 -5.394399 9.106498
v 5.6526 -5.392098 9.110599
v 5.325198 -5.753397 8.986097
v 5.321896 -5.7567 8.990198
v 5.318397 -5.759799 8.994299
v 5.146598 -6.680798 6.651598
v 5.139398 -6.698399 6.656897
v 5.129897 -6.714999 6.661796
v 5.989295 -7.9104 1.966995
v 6.191998 -7.992297 1.389497
v 6.144195 -7.900196 1.6505
v 6.235098 -7.9315 1.395797
v 6.155598 -7.862401 1.649099
v 6.245797 -7.857799 1.388996
v 6.1571 -7.821696 1.643794
v 6.148099 -7.782596 1.634997
v 6.044298 -7.7757 1.966798
v 6.020098 -7.706999 1.948499
v 6.129997 -7.749199 1.623898
v 5.966597 -7.6608 1.923096
v 6.168097 -7.743597 1.345598
v 6.221395 -7.789498 1.370799
v 6.033098 -7.849699 1.973599
v 7.743597 6.168097 1.345598
v 7.789498 6.221395 1.370799
v 7.7555 6.233894 1.2591
v 7.801699 6.284499 1.2703
v 7.748699 6.321597 1.187199
v 7.791095 6.3802 1.183098
v 7.721096 6.433999 1.129198
v 7.753998 6.492298 1.120299
v 7.658797 6.577795 1.099997
v 7.705098 6.617498 1.086997
v 7.777595 6.505197 1.114195
v 7.801198 6.516098 1.103299
v 7.820099 6.392997 1.182299
v 7.850599 6.401896 1.175999
v 7.833898 6.299 1.275795
v 7.869899 6.307297 1.276296
v 7.857799 6.245797 1.388996
v 7.906395 6.308197 1.271396
v 7.9315 6.235098 1.395797
v 7.940399 6.302195 1.261794
v 7.992297 6.191998 1.389497
v 7.991999 6.274795 1.234096
v 7.949697 6.393396 1.109397
v 7.907897 6.405895 1.148396
v 7.880598 6.406199 1.164299
v 7.843101 6.5292 1.069498
v 7.872599 6.530398 1.026594
v 7.766997 6.670695 0.996494
v 7.7434 6.6504 1.050394
v 7.823395 6.524199 1.088094
v 6.577795 7.658797 1.099997
v 6.636196 7.6083 1.099997
v 6.617498 7.705098 1.086997
v 6.694298 7.557195 1.099997
v 6.7519 7.505798 1.099997
v 6.9907 7.373899 1.085597
v 6.6504 7.7434 1.050394
v 7.217395 7.2178 1.050394
v 7.054495 7.4202 0.996494
v 7.4202 7.054495 0.996494
v 7.7434 6.6504 1.050394
v 7.766997 6.670695 0.996494
v 7.201099 7.2016 1.071196
v 7.373696 6.990998 1.085597
v 7.705098 6.617498 1.086997
v 7.505798 6.7519 1.099997
v 7.557195 6.694298 1.099997
v 7.6083 6.636196 1.099997
v 7.658797 6.577795 1.099997
v 6.670695 7.766997 0.996494
v 7.9104 5.989295 1.966995
v 7.992297 6.191998 1.389497
v 7.900196 6.144195 1.6505
v 7.9315 6.235098 1.395797
v 7.862401 6.155598 1.649099
v 7.857799 6.245797 1.388996
v 7.821696 6.1571 1.643794
v 7.782596 6.148099 1.634997
v 7.7757 6.044298 1.966798
v 7.706999 6.020098 1.948499
v 7.749199 6.129997 1.623898
v 7.6608 5.966597 1.923096
v 7.743597 6.168097 1.345598
v 7.789498 6.221395 1.370799
v 7.849699 6.033098 1.973599
v 6.47 7.708495 1.116895
v 6.577795 7.658797 1.099997
v 6.509697 7.746297 1.113694
v 6.617498 7.705098 1.086997
v 6.522798 7.769 1.106995
v 6.6504 7.7434 1.050394
v 6.533896 7.791399 1.0957
v 6.542599 7.812398 1.080197
v 6.439697 7.866698 1.137995
v 6.440997 7.891899 1.120895
v 6.405699 7.907998 1.148498
v 6.3932 7.949799 1.1096
v 6.2747 7.992196 1.233798
v 6.548398 7.830995 1.061397
v 6.670695 7.766997 0.996494
v 6.530499 7.872498 1.026695
v 6.302398 7.940399 1.261299
v 6.191998 7.992297 1.389497
v 6.235098 7.9315 1.395797
v 6.308597 7.906395 1.270794
v 6.245797 7.857799 1.388996
v 6.307595 7.869899 1.2757
v 6.299299 7.833898 1.275295
v 6.3928 7.820099 1.182395
v 6.380099 7.791095 1.183199
v 6.412297 7.782799 1.161497
v 6.347995 7.743901 1.170694
v 6.221395 7.789498 1.370799
v 6.284695 7.801699 1.269799
v 6.2527 7.755595 1.240795
v 6.168097 7.743597 1.345598
v 6.424897 7.810395 1.159
v 6.434297 7.839 1.150995
v 6.401801 7.8507 1.176095
v 6.406098 7.880598 1.164495
v 7.7515 5.696099 2.899998
v 7.9104 5.989295 1.966995
v 7.702499 5.737596 2.901798
v 7.849699 6.033098 1.973599
v 7.6698 5.7509 2.898997
v 7.7757 6.044298 1.966798
v 7.634198 5.756497 2.893495
v 7.598698 5.753499 2.885699
v 7.415795 5.526995 3.821694
v 7.385998 5.521798 3.813499
v 7.172095 5.349695 4.756999
v 7.126796 5.336195 4.733699
v 6.891798 5.221998 5.6719
v 7.706999 6.020098 1.948499
v 7.566398 5.742496 2.876394
v 7.338297 5.497598 3.7898
v 7.336896 5.496299 3.796499
v 7.6608 5.966597 1.923096
v 7.519197 5.705195 2.853995
v 6.929999 5.2257 5.702298
v 6.887197 5.220299 5.689197
v 6.630498 5.153697 6.620496
v 6.662595 5.1512 6.6459
v 6.344598 5.141794 7.546401
v 6.363195 5.135899 7.582896
v 6.2545 5.146396 7.892
v 6.376397 5.130296 7.587897
v 6.265997 5.140799 7.8969
v 6.3892 5.123299 7.592797
v 6.277 5.134195 7.901597
v 6.401097 5.114996 7.597398
v 6.287395 5.126398 7.906097
v 6.412196 5.1054 7.601797
v 6.296998 5.117696 7.9104
v 6.428498 5.083596 7.615798
v 6.250798 5.1099 8.074498
v 6.041097 5.181598 8.513897
v 6.052595 5.167198 8.521795
v 6.049197 5.168396 8.528697
v 5.969196 5.208796 8.660298
v 5.810797 5.2809 8.948796
v 5.808097 5.287694 8.9356
v 5.762797 5.314695 8.998399
v 5.759799 5.318397 8.994299
v 5.660295 5.386298 9.103995
v 5.658596 5.388599 9.0999
v 5.603396 5.432295 9.140497
v 5.602395 5.433899 9.136396
v 5.490595 5.538499 9.162497
v 5.491197 5.538296 9.158396
v 5.398595 5.647397 9.098297
v 5.420595 5.619895 9.109997
v 5.366998 5.6921 9.0393
v 6.007897 5.208498 8.462095
v 6.012898 5.204397 8.4966
v 6.020498 5.199599 8.5011
v 6.027799 5.194097 8.505499
v 6.034696 5.188095 8.509796
v 5.944997 5.229598 8.643198
v 5.795395 5.302798 8.892297
v 5.792796 5.303096 8.919
v 5.75 5.328297 8.981895
v 5.796897 5.299597 8.923196
v 5.753397 5.325198 8.986097
v 5.800896 5.295896 8.927398
v 5.7567 5.321896 8.990198
v 5.804598 5.291897 8.931499
v 5.659598 5.390095 9.074795
v 5.654799 5.392998 9.091699
v 5.656796 5.3909 9.095895
v 5.650597 5.396795 9.083497
v 5.601298 5.435299 9.132295
v 5.572396 5.460697 9.138298
v 5.492097 5.537897 9.150296
v 5.489599 5.540496 9.149795
v 5.362296 5.697697 9.047496
v 5.359697 5.702799 9.026396
v 5.2836 5.828595 8.860999
v 5.283999 5.830395 8.831995
v 5.217999 5.974596 8.580899
v 5.199897 6.034195 8.399397
v 5.195498 6.040197 8.434498
v 5.143499 6.2765 7.831096
v 5.190497 6.048297 8.438998
v 5.137997 6.288295 7.835996
v 5.184799 6.055998 8.443397
v 5.131196 6.299698 7.8408
v 5.1786 6.0633 8.4477
v 5.123394 6.310397 7.8453
v 5.171799 6.070095 8.451896
v 5.114495 6.320297 7.849597
v 5.104798 6.276196 8.011698
v 5.104094 6.4332 7.543498
v 5.081796 6.450998 7.554799
v 5.107796 6.644898 6.928896
v 5.081695 6.452399 7.550996
v 5.092495 6.769597 6.627798
v 5.140298 6.8412 6.310397
v 5.164998 7.055598 5.696499
v 5.197995 7.025295 5.689096
v 5.327296 7.2815 4.753798
v 5.340999 7.257896 4.749798
v 5.521398 7.481497 3.816998
v 5.529397 7.450795 3.811597
v 5.758696 7.635599 2.885496
v 5.755698 7.600098 2.8777
v 6.044298 7.7757 1.966798
v 6.020098 7.706999 1.948499
v 5.744695 7.567799 2.868294
v 5.966597 7.6608 1.923096
v 5.707299 7.520699 2.845698
v 5.525398 7.389599 3.796297
v 5.500996 7.341897 3.7723
v 5.499595 7.340496 3.779196
v 5.353796 7.178395 4.730796
v 5.340099 7.133096 4.707199
v 5.229496 6.939399 5.6674
v 5.225497 6.900995 5.636596
v 5.223697 6.8964 5.654197
v 5.1732 6.766897 6.289595
v 5.155795 6.643795 6.574499
v 5.140495 6.582397 6.909
v 5.140697 6.3636 7.488501
v 5.134797 6.382995 7.524597
v 5.753099 7.671296 2.890896
v 6.033098 7.849699 1.973599
v 5.739796 7.703995 2.893799
v 5.989295 7.9104 1.966995
v 5.698394 7.753098 2.891898
v 5.4681 7.552099 3.821998
v 5.5076 7.509499 3.820598
v 5.4681 7.552099 3.8221
v 5.290699 7.318097 4.757499
v 5.165195 7.056099 5.694597
v 5.156797 6.082099 8.4598
v 5.1575 6.080096 8.463996
v 5.196297 6.000596 8.598095
v 5.257999 5.851298 8.888798
v 5.266797 5.846095 8.8777
v 5.351096 5.707395 9.063899
v 5.271399 5.842 8.873599
v 5.3541 5.705195 9.0599
v 5.275797 5.837798 8.869498
v 5.356997 5.702799 9.055799
v 5.279797 5.833297 8.865296
v 5.359697 5.700296 9.051698
v 5.345696 5.709797 9.073495
v 5.389696 5.654096 9.114599
v 5.392098 5.6526 9.110599
v 5.394399 5.650997 9.106498
v 5.396598 5.649197 9.102398
v 5.407994 5.627197 9.1443
v 5.4883 5.538398 9.174597
v 5.489099 5.538499 9.170597
v 5.489897 5.538499 9.166598
v 5.485695 5.538594 9.1825
v 5.486297 5.537897 9.182596
v 5.574494 5.452895 9.171599
v 5.605196 5.428898 9.148597
v 5.661499 5.381 9.1187
v 5.661898 5.383795 9.108096
v 6.4309 5.0834 7.6092
v 6.754398 5.090397 6.6747
v 6.730198 5.118298 6.666195
v 7.015299 5.194097 5.723994
v 6.714999 5.129897 6.661796
v 6.995999 5.207097 5.719697
v 6.698399 5.139398 6.656897
v 6.974899 5.216896 5.714595
v 6.680798 5.146598 6.651598
v 6.952595 5.223196 5.7087
v 7.044798 5.161094 5.733096
v 7.274699 5.322897 4.78
v 7.251197 5.336695 4.775995
v 7.2254 5.346 4.770594
v 7.198596 5.350399 4.764199
v 7.0459 5.161499 5.729597
v 7.310998 5.286395 4.784196
v 7.547795 5.464196 3.840094
v 7.505595 5.503797 3.8378
v 7.547998 5.464398 3.839194
v 7.4777 5.517596 3.834199
v 7.447099 5.525594 3.828698
v 5.963695 5.214595 8.656096
v 5.9578 5.220097 8.6519
v 5.951499 5.225098 8.647495
v 5.604398 5.430597 9.144496
v 5.202394 5.994695 8.593899
v 5.208098 5.988299 8.589595
v 5.213296 5.981695 8.585298
v 5.113798 6.421899 7.5392
v 5.122298 6.409698 7.534497
v 5.129295 6.396597 7.529598
v 5.1189 6.630897 6.924498
v 5.128198 6.615495 6.919699
v 5.135399 6.599199 6.914401
v 5.152499 6.824499 6.306099
v 5.162197 6.8062 6.301099
v 5.169194 6.786799 6.295496
v 5.210995 7.0059 5.684798
v 5.220794 6.984597 5.679696
v 5.226999 6.962198 5.673795
v 5.350399 7.231998 4.744398
v 5.530697 7.419496 3.804498
v 5.354696 7.204997 4.737997
v 5.966597 7.6608 1.923096
v 6.168097 7.743597 1.345598
v 6.133699 7.750695 1.613295
v 6.221395 7.789498 1.370799
v 6.151795 7.784098 1.624399
v 6.245797 7.857799 1.388996
v 6.160795 7.823199 1.633095
v 6.159299 7.863897 1.6384
v 6.044298 7.7757 1.966798
v 6.033098 7.849699 1.973599
v 6.147897 7.901698 1.639896
v 5.989295 7.9104 1.966995
v 6.038695 7.930296 1.826697
v 6.087899 7.950198 1.6864
v 6.139999 7.971298 1.537996
v 6.235098 7.9315 1.395797
v 6.191998 7.992297 1.389497
v 6.020098 7.706999 1.948499
v -8.282196 6.599998 1.251697
v -8.282697 6.561398 1.381599
v -8.236396 6.611996 1.257497
v -8.216798 6.576895 1.375299
v -8.187299 6.6069 1.264697
v -8.151698 6.562399 1.362496
v -8.141696 6.586897 1.265597
v -8.100599 6.520795 1.345598
v -8.122396 6.572496 1.263594
v -8.106899 6.5544 1.264095
v -8.085095 6.595098 1.190799
v -8.039295 6.638199 1.136595
v -8.089196 6.624197 1.172697
v -8.097296 6.615495 1.185196
v -8.024698 6.676697 1.117396
v -7.976597 6.680297 1.106095
v -7.9593 6.760996 1.086199
v -7.927697 6.706595 1.099997
v -7.985097 6.8053 1.047199
v -8.071297 6.724298 1.091396
v -8.039599 6.694197 1.112198
v -8.106899 6.639498 1.169997
v -8.115297 6.630498 1.183199
v -8.1016 6.743997 1.058995
v -8.000296 6.831496 0.990295
v -8.090198 6.775701 1.005297
v -8.169496 6.7191 1.048398
v -8.224195 6.6729 1.105695
v -8.187997 6.674599 1.133799
v -8.199 6.663697 1.1509
v -8.146798 6.663298 1.156598
v -8.156299 6.653499 1.171499
v -8.242499 6.654798 1.134496
v -7.9593 6.760996 1.086199
v -7.927697 6.706595 1.099997
v -7.323199 7.158195 1.092797
v -7.367098 7.070195 1.099997
v -7.1096 7.309299 1.094394
v -7.021796 7.382595 1.092797
v -6.808298 7.490199 1.099997
v -6.724798 7.614099 1.092898
v -6.577301 7.7313 1.092898
v -6.751698 7.647997 1.070797
v -6.6042 7.765096 1.070898
v -6.772798 7.6747 1.036
v -6.625396 7.791596 1.036196
v -7.073599 7.465898 0.993794
v -6.477695 7.909297 1.036399
v -6.189298 8.159196 0.995797
v -6.170594 8.134299 1.050096
v -6.456595 7.882797 1.071
v -6.140297 8.093899 1.086997
v -6.429696 7.848995 1.092898
v -6.103599 8.044999 1.099997
v -8.000296 6.831496 0.990295
v -7.368695 7.221198 1.034796
v -7.068896 7.444095 1.035499
v -7.985097 6.8053 1.047199
v -7.348698 7.193595 1.070195
v -7.048195 7.4171 1.070499
v -8.151698 6.562399 1.362496
v -7.977098 6.311595 2.448397
v -8.100599 6.520795 1.345598
v -7.823598 6.076794 3.540599
v -7.825398 6.099694 3.270196
v -7.569199 5.703699 5.202597
v -7.615995 5.743497 5.216395
v -7.868695 6.096899 3.551095
v -7.6756 5.760395 5.227196
v -7.9185 6.100898 3.558695
v -7.7376 5.751395 5.233299
v -7.776099 5.8088 4.941296
v -7.934999 6.045097 3.775596
v -8.074498 6.334698 2.467298
v -8.105999 6.298899 2.577197
v -8.282697 6.561398 1.381599
v -8.216798 6.576895 1.375299
v -8.0235 6.331598 2.459394
v -6.083697 8.229196 1.016199
v -6.189298 8.159196 0.995797
v -6.081795 8.206796 1.054596
v -6.170594 8.134299 1.050096
v -6.074398 8.173298 1.085799
v -6.140297 8.093899 1.086997
v -6.059598 8.134299 1.105999
v -6.103599 8.044999 1.099997
v -6.050199 8.114498 1.111197
v -6.041395 8.094698 1.1123
v -5.978596 8.126896 1.148396
v -5.9237 8.138197 1.203298
v -5.957394 8.155995 1.173597
v -5.983597 8.148199 1.15
v -5.896997 8.155196 1.257395
v -5.8806 8.129096 1.272398
v -5.854594 8.102399 1.345598
v -5.866795 8.167695 1.366299
v -5.900096 8.178895 1.260197
v -5.961996 8.178198 1.171594
v -5.963695 8.223599 1.160097
v -5.994498 8.213299 1.131898
v -5.989998 8.2524 1.107394
v -5.981397 8.280301 1.073795
v -5.895495 8.228397 1.260495
v -5.847197 8.232599 1.381999
v -5.876499 8.273899 1.253795
v -5.7998 8.283096 1.389294
v -5.833798 8.306396 1.270598
v -5.895799 8.306199 1.161599
v -5.954796 8.264696 1.139497
v -5.937099 8.296197 1.1132
v -5.989396 8.169698 1.146799
v -7.3722 5.459898 6.689798
v -7.569199 5.703699 5.202597
v -7.402497 5.478996 6.698197
v -7.615995 5.743497 5.216395
v -7.437795 5.490195 6.7061
v -7.6756 5.760395 5.227196
v -7.475095 5.492097 6.712895
v -7.7376 5.751395 5.233299
v -7.510799 5.484896 6.717801
v -7.387399 5.4129 7.206398
v -7.210695 5.265998 8.188897
v -7.1828 5.2706 8.191198
v -7.0167 5.175399 8.929598
v -6.995898 5.180299 8.924096
v -6.924796 5.154198 9.165799
v -6.9745 5.181998 8.9181
v -6.905299 5.156195 9.159898
v -6.953197 5.180394 8.9118
v -6.885898 5.155396 9.153699
v -6.932801 5.175697 8.905398
v -6.730097 5.114799 9.586399
v -6.731897 5.113297 9.631395
v -6.591397 5.091798 9.9819
v -6.603497 5.0906 9.987699
v -6.548297 5.086195 10.1019
v -6.559097 5.083698 10.1076
v -6.4305 5.082499 10.3259
v -6.445497 5.079197 10.3209
v -6.438297 5.079495 10.3315
v -6.781995 5.1072 9.637695
v -6.762695 5.110394 9.643197
v -6.747299 5.112797 9.637397
v -6.627196 5.084395 9.999001
v -6.615495 5.088096 9.993398
v -6.355595 5.087298 10.4281
v -6.3241 5.088496 10.4775
v -6.173795 5.116695 10.5982
v -6.185597 5.112695 10.5982
v -6.013196 5.163395 10.6665
v -5.8402 5.240195 10.6402
v -5.894696 5.214095 10.6524
v -6.007099 5.166697 10.6613
v -6.170594 5.118399 10.59229
v -6.348997 5.089497 10.4224
v -6.342297 5.091196 10.4166
v -6.414198 5.086594 10.3144
v -6.426697 5.086898 10.2752
v -6.537497 5.087697 10.096
v -6.580197 5.091899 9.976398
v -5.842095 5.240499 10.6337
v -5.839496 5.240595 10.63989
v -5.700695 5.324298 10.5438
v -5.667495 5.350297 10.4964
v -5.591696 5.407196 10.4116
v -5.598795 5.404698 10.4051
v -5.588996 5.409497 10.4076
v -5.4874 5.509299 10.2034
v -5.428397 5.567896 10.0961
v -5.441498 5.559796 10.0961
v -5.301499 5.752199 9.6457
v -5.451399 5.553799 10.0891
v -5.3146 5.742394 9.638398
v -5.460494 5.546897 10.082
v -5.326199 5.731099 9.630697
v -5.461299 5.547696 10.0547
v -5.283695 5.811995 9.365695
v -5.277794 5.818295 9.397798
v -5.205899 5.985397 8.926296
v -5.191898 6.003296 8.9347
v -5.146199 6.167 8.456897
v -5.127197 6.186199 8.4652
v -5.101394 6.3479 7.982397
v -5.076497 6.365799 7.9894
v -5.076199 6.368196 7.982295
v -5.233198 5.856299 9.411996
v -5.250799 5.843496 9.413295
v -5.265295 5.831795 9.405696
v -5.175 6.018799 8.942699
v -5.126798 6.118798 8.707195
v -5.066198 6.513196 7.541698
v -5.095696 6.581395 7.253599
v -5.122095 6.324797 7.973897
v -5.118399 6.552499 7.2447
v -5.137097 6.297999 7.964301
v -5.132895 6.519097 7.234299
v -5.1449 6.275498 7.934498
v -5.1382 6.487399 7.213097
v -5.162698 6.729 6.5023
v -5.1633 6.689095 6.490296
v -5.223196 6.9278 5.769598
v -5.217999 6.883496 5.756294
v -5.300998 7.067 5.020898
v -5.313396 7.1334 5.040496
v -5.213195 6.974196 5.781894
v -5.293095 7.199198 5.055296
v -5.188298 7.015496 5.791199
v -5.244594 7.249796 5.061894
v -5.153399 7.045799 5.796098
v -5.125796 6.8039 6.522798
v -5.093896 6.83 6.5288
v -5.145597 6.269395 7.9544
v -5.160897 6.144595 8.447897
v -5.189394 6.048196 8.665496
v -5.504596 5.498397 10.1896
v -5.609798 5.400395 10.3722
v -5.611896 5.397796 10.3919
v -5.617898 5.3936 10.3852
v -5.678296 5.345398 10.4834
v -5.718696 5.317199 10.5175
v -5.846995 5.239498 10.6214
v -5.8492 5.238699 10.6151
v -5.897796 5.214095 10.6402
v -5.910295 5.208498 10.6369
v -6.006395 5.168199 10.6493
v -6.020098 5.163395 10.6414
v -6.167298 5.119794 10.5865
v -6.186497 5.115795 10.5644
v -6.319499 5.093997 10.4317
v -7.111197 5.261695 8.140999
v -7.129496 5.267 8.178198
v -7.155895 5.271297 8.184999
v -7.321 5.403298 7.192295
v -7.353496 5.412 7.199895
v -6.4224 5.084896 10.3202
v -6.006795 5.167496 10.6553
v -5.8963 5.214196 10.6463
v -5.844599 5.240195 10.6276
v -5.673098 5.348098 10.4899
v -5.605494 5.401498 10.3986
v -5.496299 5.504196 10.1966
v -5.149996 6.768995 6.513696
v -5.5188 7.758396 3.222799
v -5.7998 8.283096 1.389294
v -5.661594 7.920998 2.5249
v -5.847197 8.232599 1.381999
v -5.685997 7.873696 2.515095
v -5.866795 8.167695 1.366299
v -5.691897 7.821595 2.5011
v -5.854594 8.102399 1.345598
v -5.300998 7.067 5.020898
v -5.313396 7.1334 5.040496
v -5.337297 7.159495 4.869395
v -5.512696 7.486397 3.683799
v -5.293095 7.199198 5.055296
v -5.331295 7.212096 4.882699
v -5.506795 7.5387 3.697597
v -5.244594 7.249796 5.061894
v -5.306398 7.259899 4.892098
v -5.482095 7.5863 3.707295
v 7.434898 6.417298 1.174098
v 7.402896 6.355595 1.262897
v 7.407099 6.263101 1.174098
v 7.305598 6.072294 1.262897
v 7.351398 6.110894 1.174896
v 7.184398 5.864799 1.174896
v 7.1217 5.835896 1.262897
v 6.948399 5.683696 1.174896
v 6.870895 5.672097 1.262897
v 6.6675 5.585998 1.174896
v 6.580495 5.598598 1.262897
v 6.370097 5.581694 1.174896
v 6.281995 5.623298 1.262897
v 6.086397 5.671197 1.174896
v 6.007695 5.743598 1.262897
v 5.845296 5.845296 1.174896
v 5.787295 5.946499 1.262897
v 5.671197 6.086397 1.174896
v 5.644798 6.209897 1.262897
v 5.581694 6.370097 1.174896
v 5.595499 6.505399 1.262897
v 5.585998 6.6675 1.174896
v 5.644798 6.8008 1.262897
v 5.683696 6.948399 1.174896
v 5.787295 7.0643 1.262897
v 5.864799 7.184398 1.174896
v 6.007695 7.267099 1.262897
v 6.110894 7.351398 1.174896
v 6.281995 7.387501 1.262897
v 6.263101 7.407099 1.174098
v 6.417298 7.434898 1.174098
v 6.580495 7.412195 1.262897
v 6.573998 7.436597 1.174098
v 6.728798 7.411998 1.174098
v 6.870895 7.338696 1.262897
v 6.968897 7.323598 1.150095
v 7.1217 7.174795 1.262897
v 7.174098 7.175397 1.125997
v 7.305598 6.938499 1.262897
v 7.323098 6.9696 1.15
v 7.411998 6.728798 1.174098
v 7.402896 6.655198 1.262897
v 7.436597 6.573998 1.174098
v 7.436597 6.573998 1.174098
v 7.402896 6.655198 1.262897
v 6.110894 -7.351398 1.174896
v 6.263101 -7.407099 1.174098
v 6.281995 -7.387501 1.262897
v 6.417298 -7.434898 1.174098
v 6.580495 -7.412195 1.262897
v 6.573998 -7.436597 1.174098
v 6.728798 -7.411998 1.174098
v 6.870895 -7.338696 1.262897
v 6.9696 -7.323098 1.15
v 7.1217 -7.174795 1.262897
v 7.175397 -7.174098 1.125997
v 7.323598 -6.968897 1.150095
v 7.305598 -6.938499 1.262897
v 7.411998 -6.728798 1.174098
v 7.402896 -6.655198 1.262897
v 7.436597 -6.573998 1.174098
v 7.402896 -6.355595 1.262897
v 7.434898 -6.417298 1.174098
v 7.402896 -6.355595 1.262897
v 7.434898 -6.417298 1.174098
v 7.407099 -6.263101 1.174098
v 7.305598 -6.072294 1.262897
v 7.351398 -6.110894 1.174896
v 7.184398 -5.864799 1.174896
v 7.1217 -5.835896 1.262897
v 6.948399 -5.683696 1.174896
v 6.870895 -5.672097 1.262897
v 6.6675 -5.585998 1.174896
v 6.580495 -5.598598 1.262897
v 6.370097 -5.581694 1.174896
v 6.281995 -5.623298 1.262897
v 6.086397 -5.671197 1.174896
v 6.007695 -5.743598 1.262897
v 5.845296 -5.845296 1.174896
v 5.787295 -5.946499 1.262897
v 5.671197 -6.086397 1.174896
v 5.644798 -6.209897 1.262897
v 5.581694 -6.370097 1.174896
v 5.595499 -6.505399 1.262897
v 5.585998 -6.6675 1.174896
v 5.644798 -6.8008 1.262897
v 5.683696 -6.948399 1.174896
v 5.787295 -7.0643 1.262897
v 5.864799 -7.184398 1.174896
v 6.007695 -7.267099 1.262897
v -7.187396 -7.1451 1.169395
v -7.223397 -7.0643 1.262897
v -7.286298 -7.017296 1.174098
v -7.365995 -6.8008 1.262897
v -7.392495 -6.796598 1.174098
v -7.4377 -6.555896 1.174098
v -7.4153 -6.505399 1.262897
v -7.418799 -6.311696 1.174098
v -7.365995 -6.209897 1.262897
v -7.336997 -6.080895 1.174098
v -7.223397 -5.946499 1.262897
v -7.250899 -5.943596 1.174896
v -7.031899 -5.734497 1.174896
v -7.003098 -5.743598 1.262897
v -6.757497 -5.606496 1.174896
v -6.728798 -5.623298 1.262897
v -6.4565 -5.573099 1.174896
v -6.430196 -5.598598 1.262897
v -6.1607 -5.637794 1.174896
v -6.139898 -5.672097 1.262897
v -5.901199 -5.793797 1.174896
v -5.889099 -5.835896 1.262897
v -5.705195 -6.024599 1.174896
v -5.7051 -6.072294 1.262897
v -5.593395 -6.305998 1.174896
v -5.607897 -6.355595 1.262897
v -5.593395 -6.305998 1.174896
v -5.607897 -6.355595 1.262897
v -5.5776 -6.608396 1.174896
v -5.607897 -6.655198 1.262897
v -5.6593 -6.899899 1.174896
v -5.7051 -6.938499 1.262897
v -5.7401 -7.040399 1.174098
v -5.889099 -7.174795 1.262897
v -5.943399 -7.251 1.174098
v -6.139898 -7.338696 1.262897
v -6.201797 -7.388401 1.174098
v -6.430196 -7.412195 1.262897
v -6.490099 -7.438999 1.174098
v -6.728798 -7.387501 1.262897
v -6.779897 -7.3978 1.174098
v -6.930196 -7.338398 1.169496
v -7.003098 -7.267099 1.262897
v -7.067799 -7.253897 1.164799
v -7.315099 -6.210696 1.299995
v -7.366997 -6.505399 1.299995
v -6.955397 -6.505399 1.299995
v -7.315099 -6.800097 1.299995
v -6.903797 -6.714498 1.299995
v -7.165396 -7.059198 1.299995
v -6.760996 -6.875699 1.299995
v -6.936198 -7.251596 1.299995
v -6.559598 -6.9521 1.299995
v -6.654995 -7.353895 1.299995
v -6.355798 -7.353895 1.299995
v -6.345796 -6.926095 1.299995
v -6.074595 -7.251596 1.299995
v -6.168597 -6.803798 1.299995
v -5.845296 -7.059198 1.299995
v -5.695694 -6.800097 1.299995
v -6.068497 -6.613099 1.299995
v -5.643695 -6.505399 1.299995
v -6.068497 -6.3977 1.299995
v -5.695694 -6.210696 1.299995
v -6.168597 -6.206995 1.299995
v -5.845296 -5.951499 1.299995
v -6.074595 -5.759197 1.299995
v -6.345796 -6.084597 1.299995
v -6.355798 -5.656796 1.299995
v -6.559598 -6.058698 1.299995
v -6.654995 -5.656796 1.299995
v -6.936198 -5.759197 1.299995
v -6.760996 -6.134998 1.299995
v -7.165396 -5.951499 1.299995
v -6.903797 -6.2963 1.299995
v -7.392495 6.796598 1.174098
v -7.365995 6.8008 1.262897
v -7.286298 7.017296 1.174098
v -7.223397 7.0643 1.262897
v -7.187497 7.1451 1.169395
v -7.003098 7.267099 1.262897
v -7.067996 7.2537 1.164799
v -6.930297 7.338398 1.169496
v -6.728798 7.387501 1.262897
v -6.779897 7.3978 1.174098
v -6.490099 7.438999 1.174098
v -6.430196 7.412195 1.262897
v -6.201797 7.388401 1.174098
v -6.139898 7.338696 1.262897
v -5.943399 7.251 1.174098
v -5.889099 7.174795 1.262897
v -5.7401 7.040399 1.174098
v -5.7051 6.938499 1.262897
v -5.6593 6.899899 1.174896
v -5.607897 6.655198 1.262897
v -5.5776 6.608396 1.174896
v -5.607897 6.355595 1.262897
v -5.593395 6.305998 1.174896
v -5.7051 6.072294 1.262897
v -5.705195 6.024599 1.174896
v -5.889099 5.835896 1.262897
v -5.901199 5.793797 1.174896
v -6.139898 5.672097 1.262897
v -6.1607 5.637794 1.174896
v -6.430196 5.598598 1.262897
v -6.4565 5.573099 1.174896
v -6.728798 5.623298 1.262897
v -6.757497 5.606496 1.174896
v -7.003098 5.743598 1.262897
v -7.031899 5.734497 1.174896
v -7.223397 5.946499 1.262897
v -7.250899 5.943596 1.174896
v -7.336997 6.080895 1.174098
v -7.365995 6.209897 1.262897
v -7.418799 6.311696 1.174098
v -7.4153 6.505399 1.262897
v -7.4377 6.555896 1.174098
v -7.4377 6.555896 1.174098
v -7.4153 6.505399 1.262897
v -7.315099 -6.210696 1.299995
v -7.376098 -6.360095 1.295298
v -7.366997 -6.505399 1.299995
v -7.376098 -6.650698 1.295298
v -7.315099 -6.800097 1.299995
v -7.281798 -6.925499 1.295298
v -7.165396 -7.059198 1.299995
v -7.1033 -7.154899 1.295298
v -6.936198 -7.251596 1.299995
v -6.859999 -7.313799 1.295298
v -6.654995 -7.353895 1.299995
v -6.578296 -7.385098 1.295298
v -6.355798 -7.353895 1.299995
v -6.288695 -7.361096 1.295298
v -6.074595 -7.251596 1.299995
v -6.022596 -7.244396 1.295298
v -5.845296 -7.059198 1.299995
v -5.8088 -7.047599 1.295298
v -5.695694 -6.800097 1.299995
v -5.670398 -6.791996 1.295298
v -5.643695 -6.505399 1.299995
v -5.622595 -6.505399 1.295298
v -5.643695 -6.505399 1.299995
v -5.622595 -6.505399 1.295298
v -5.670398 -6.218695 1.295298
v -5.605399 -6.505399 1.282095
v -5.654197 -6.2132 1.282095
v -5.607897 -6.355595 1.262897
v -5.7051 -6.072294 1.262897
v -7.281798 -6.085199 1.295298
v -7.165396 -5.951499 1.299995
v -7.1033 -5.8559 1.295298
v -6.936198 -5.759197 1.299995
v -6.859999 -5.697 1.295298
v -6.654995 -5.656796 1.299995
v -6.578296 -5.625599 1.295298
v -6.355798 -5.656796 1.299995
v -6.288695 -5.649596 1.295298
v -6.074595 -5.759197 1.299995
v -6.022596 -5.766397 1.295298
v -5.845296 -5.951499 1.299995
v -5.8088 -5.9632 1.295298
v -5.695694 -6.210696 1.299995
v -7.365995 -6.8008 1.262897
v -7.392996 -6.653499 1.282095
v -7.4153 -6.505399 1.262897
v -7.392996 -6.3573 1.282095
v -7.365995 -6.209897 1.262897
v -7.296895 -6.077098 1.282095
v -7.223397 -5.946499 1.262897
v -7.114899 -5.843299 1.282095
v -7.003098 -5.743598 1.262897
v -6.866896 -5.681198 1.282095
v -6.728798 -5.623298 1.262897
v -6.579697 -5.608499 1.282095
v -6.430196 -5.598598 1.262897
v -6.284499 -5.632996 1.282095
v -6.139898 -5.672097 1.262897
v -6.013196 -5.751997 1.282095
v -5.889099 -5.835896 1.262897
v -5.795198 -5.952596 1.282095
v -7.296895 -6.933701 1.282095
v -7.223397 -7.0643 1.262897
v -7.114899 -7.1675 1.282095
v -7.003098 -7.267099 1.262897
v -6.866896 -7.329499 1.282095
v -6.728798 -7.387501 1.262897
v -6.579697 -7.402199 1.282095
v -6.430196 -7.412195 1.262897
v -6.284499 -7.377797 1.282095
v -6.139898 -7.338696 1.262897
v -6.013196 -7.258796 1.282095
v -5.889099 -7.174795 1.262897
v -5.795198 -7.058095 1.282095
v -5.7051 -6.938499 1.262897
v -5.654197 -6.797599 1.282095
v -5.607897 -6.655198 1.262897
v -5.605399 -6.505399 1.282095
v -5.607897 -6.655198 1.262897
v 5.695694 -6.210696 1.299995
v 5.634695 -6.360095 1.295298
v 5.643695 -6.505399 1.299995
v 5.634695 -6.650698 1.295298
v 5.695694 -6.800097 1.299995
v 5.728995 -6.925499 1.295298
v 5.845296 -7.059198 1.299995
v 5.907499 -7.154899 1.295298
v 6.074595 -7.251596 1.299995
v 6.150799 -7.313799 1.295298
v 6.355798 -7.353895 1.299995
v 6.432497 -7.385098 1.295298
v 6.654995 -7.353895 1.299995
v 6.722098 -7.361096 1.295298
v 6.936198 -7.251596 1.299995
v 6.988197 -7.244396 1.295298
v 7.165396 -7.059198 1.299995
v 7.201999 -7.047599 1.295298
v 7.315099 -6.800097 1.299995
v 7.3403 -6.791996 1.295298
v 7.366997 -6.505399 1.299995
v 7.388097 -6.505399 1.295298
v 7.366997 -6.505399 1.299995
v 7.388097 -6.505399 1.295298
v 7.3403 -6.218695 1.295298
v 7.405298 -6.505399 1.282095
v 7.356595 -6.2132 1.282095
v 7.402896 -6.355595 1.262897
v 7.305598 -6.072294 1.262897
v 5.728995 -6.085199 1.295298
v 5.845296 -5.951499 1.299995
v 5.907499 -5.8559 1.295298
v 6.074595 -5.759197 1.299995
v 6.150799 -5.697 1.295298
v 6.355798 -5.656796 1.299995
v 6.432497 -5.625599 1.295298
v 6.654995 -5.656796 1.299995
v 6.722098 -5.649596 1.295298
v 6.936198 -5.759197 1.299995
v 6.988197 -5.766397 1.295298
v 7.165396 -5.951499 1.299995
v 7.201999 -5.9632 1.295298
v 7.315099 -6.210696 1.299995
v 5.644798 -6.8008 1.262897
v 5.617696 -6.653499 1.282095
v 5.595499 -6.505399 1.262897
v 5.617696 -6.3573 1.282095
v 5.644798 -6.209897 1.262897
v 5.713897 -6.077098 1.282095
v 5.787295 -5.946499 1.262897
v 5.895894 -5.843299 1.282095
v 6.007695 -5.743598 1.262897
v 6.143897 -5.681198 1.282095
v 6.281995 -5.623298 1.262897
v 6.431096 -5.608499 1.282095
v 6.580495 -5.598598 1.262897
v 6.7263 -5.632996 1.282095
v 6.870895 -5.672097 1.262897
v 6.997597 -5.751997 1.282095
v 7.1217 -5.835896 1.262897
v 7.215595 -5.952596 1.282095
v 5.713897 -6.933701 1.282095
v 5.787295 -7.0643 1.262897
v 5.895894 -7.1675 1.282095
v 6.007695 -7.267099 1.262897
v 6.143897 -7.329499 1.282095
v 6.281995 -7.387501 1.262897
v 6.431096 -7.402199 1.282095
v 6.580495 -7.412195 1.262897
v 6.7263 -7.377797 1.282095
v 6.870895 -7.338696 1.262897
v 6.997597 -7.258796 1.282095
v 7.1217 -7.174795 1.262897
v 7.215595 -7.058095 1.282095
v 7.305598 -6.938499 1.262897
v 7.356595 -6.797599 1.282095
v 7.402896 -6.655198 1.262897
v 7.405298 -6.505399 1.282095
v 7.402896 -6.655198 1.262897
v 5.695694 6.800097 1.299995
v 5.634695 6.650698 1.295298
v 5.643695 6.505399 1.299995
v 5.634695 6.360095 1.295298
v 5.695694 6.210696 1.299995
v 5.728995 6.085199 1.295298
v 5.845296 5.951499 1.299995
v 5.907499 5.8559 1.295298
v 6.074595 5.759197 1.299995
v 6.150799 5.697 1.295298
v 6.355798 5.656796 1.299995
v 6.432497 5.625599 1.295298
v 6.654995 5.656796 1.299995
v 6.722098 5.649596 1.295298
v 6.936198 5.759197 1.299995
v 6.988197 5.766397 1.295298
v 7.165396 5.951499 1.299995
v 7.201999 5.9632 1.295298
v 7.315099 6.210696 1.299995
v 7.3403 6.218695 1.295298
v 7.366997 6.505399 1.299995
v 7.388097 6.505399 1.295298
v 7.366997 6.505399 1.299995
v 7.388097 6.505399 1.295298
v 7.3403 6.791996 1.295298
v 7.405298 6.505399 1.282095
v 7.356595 6.797599 1.282095
v 7.402896 6.655198 1.262897
v 7.305598 6.938499 1.262897
v 5.728995 6.925499 1.295298
v 5.845296 7.059198 1.299995
v 5.907499 7.154899 1.295298
v 6.074595 7.251596 1.299995
v 6.150799 7.313799 1.295298
v 6.355798 7.353895 1.299995
v 6.432497 7.385098 1.295298
v 6.654995 7.353895 1.299995
v 6.722098 7.361096 1.295298
v 6.936198 7.251596 1.299995
v 6.988197 7.244396 1.295298
v 7.165396 7.059198 1.299995
v 7.201999 7.047599 1.295298
v 7.315099 6.800097 1.299995
v 5.644798 6.209897 1.262897
v 5.617696 6.3573 1.282095
v 5.595499 6.505399 1.262897
v 5.617696 6.653499 1.282095
v 5.644798 6.8008 1.262897
v 5.713897 6.933701 1.282095
v 5.787295 7.0643 1.262897
v 5.895894 7.1675 1.282095
v 6.007695 7.267099 1.262897
v 6.143897 7.329499 1.282095
v 6.281995 7.387501 1.262897
v 6.431096 7.402199 1.282095
v 6.580495 7.412195 1.262897
v 6.7263 7.377797 1.282095
v 6.870895 7.338696 1.262897
v 6.997597 7.258796 1.282095
v 7.1217 7.174795 1.262897
v 7.215595 7.058095 1.282095
v 5.713897 6.077098 1.282095
v 5.787295 5.946499 1.262897
v 5.895894 5.843299 1.282095
v 6.007695 5.743598 1.262897
v 6.143897 5.681198 1.282095
v 6.281995 5.623298 1.262897
v 6.431096 5.608499 1.282095
v 6.580495 5.598598 1.262897
v 6.7263 5.632996 1.282095
v 6.870895 5.672097 1.262897
v 6.997597 5.751997 1.282095
v 7.1217 5.835896 1.262897
v 7.215595 5.952596 1.282095
v 7.305598 6.072294 1.262897
v 7.356595 6.2132 1.282095
v 7.402896 6.355595 1.262897
v 7.405298 6.505399 1.282095
v 7.402896 6.355595 1.262897
v -7.365995 6.209897 1.262897
v -7.356595 6.2132 1.282095
v -7.4153 6.505399 1.262897
v -7.405298 6.505399 1.282095
v -7.4153 6.505399 1.262897
v -7.405298 6.505399 1.282095
v -7.365995 6.8008 1.262897
v -7.356595 6.797599 1.282095
v -7.223397 7.0643 1.262897
v -7.215595 7.058095 1.282095
v -7.003098 7.267099 1.262897
v -6.997597 7.258796 1.282095
v -6.728798 7.387501 1.262897
v -6.7263 7.377797 1.282095
v -6.430196 7.412195 1.262897
v -6.431096 7.402199 1.282095
v -6.139898 7.338696 1.262897
v -6.143897 7.329499 1.282095
v -5.889099 7.174795 1.262897
v -5.895894 7.1675 1.282095
v -5.7051 6.938499 1.262897
v -5.713897 6.933701 1.282095
v -5.607897 6.655198 1.262897
v -5.617696 6.653499 1.282095
v -5.607897 6.355595 1.262897
v -5.617696 6.3573 1.282095
v -5.7051 6.072294 1.262897
v -5.713897 6.077098 1.282095
v -5.889099 5.835896 1.262897
v -5.895894 5.843299 1.282095
v -6.139898 5.672097 1.262897
v -6.143897 5.681198 1.282095
v -6.430196 5.598598 1.262897
v -6.431096 5.608499 1.282095
v -6.728798 5.623298 1.262897
v -6.7263 5.632996 1.282095
v -7.003098 5.743598 1.262897
v -6.997597 5.751997 1.282095
v -7.223397 5.946499 1.262897
v -7.215595 5.952596 1.282095
v -5.695694 6.210696 1.299995
v -5.634695 6.360095 1.295298
v -5.643695 6.505399 1.299995
v -5.634695 6.650698 1.295298
v -5.695694 6.800097 1.299995
v -5.728995 6.925499 1.295298
v -5.845296 7.059198 1.299995
v -5.907499 7.154899 1.295298
v -6.074595 7.251596 1.299995
v -6.150799 7.313799 1.295298
v -6.355798 7.353895 1.299995
v -6.432497 7.385098 1.295298
v -6.654995 7.353895 1.299995
v -6.722098 7.361096 1.295298
v -6.936198 7.251596 1.299995
v -6.988197 7.244396 1.295298
v -7.165396 7.059198 1.299995
v -7.201999 7.047599 1.295298
v -7.315099 6.800097 1.299995
v -7.3403 6.791996 1.295298
v -7.366997 6.505399 1.299995
v -7.388097 6.505399 1.295298
v -7.366997 6.505399 1.299995
v -7.388097 6.505399 1.295298
v -7.3403 6.218695 1.295298
v -5.728995 6.085199 1.295298
v -5.845296 5.951499 1.299995
v -5.907499 5.8559 1.295298
v -6.074595 5.759197 1.299995
v -6.150799 5.697 1.295298
v -6.355798 5.656796 1.299995
v -6.432497 5.625599 1.295298
v -6.654995 5.656796 1.299995
v -6.722098 5.649596 1.295298
v -6.936198 5.759197 1.299995
v -6.988197 5.766397 1.295298
v -7.165396 5.951499 1.299995
v -7.201999 5.9632 1.295298
v -7.315099 6.210696 1.299995
v 7.184398 -5.864799 1.174896
v 7.351398 -6.110894 1.174896
v 7.216495 -5.866795 1.133894
v 7.371598 -6.101495 1.133894
v 7.406395 -6.085199 1.107496
v 7.245099 -5.841195 1.107496
v 7.448196 -6.065696 1.101297
v 7.262098 -5.791497 1.101297
v 7.019698 -5.654597 1.107496
v 6.999099 -5.589699 1.101297
v 6.749796 -5.541795 1.107496
v 6.685996 -5.480897 1.101297
v 6.458699 -5.512398 1.107496
v 6.3546 -5.475997 1.101297
v 6.171697 -5.568999 1.107496
v 6.038498 -5.575698 1.101297
v 5.913496 -5.706596 1.107496
v 5.769795 -5.769795 1.101297
v 5.706596 -5.913496 1.107496
v 5.575698 -6.038498 1.101297
v 5.568999 -6.171697 1.107496
v 5.475997 -6.3546 1.101297
v 5.512398 -6.458699 1.107496
v 5.480897 -6.685996 1.101297
v 5.541795 -6.749796 1.107496
v 5.589699 -6.999099 1.101297
v 5.654597 -7.019698 1.107496
v 5.791497 -7.262098 1.101297
v 5.841195 -7.245099 1.107496
v 6.065696 -7.448196 1.101297
v 6.085199 -7.406395 1.107496
v 6.101495 -7.371598 1.133894
v 5.866795 -7.216495 1.133894
v 5.687499 -6.999796 1.133894
v 5.578994 -6.740295 1.133894
v 5.5507 -6.460499 1.133894
v 5.605095 -6.1845 1.133894
v 5.737495 -5.936396 1.133894
v 5.936396 -5.737495 1.133894
v 6.1845 -5.605095 1.133894
v 6.460499 -5.5507 1.133894
v 6.740295 -5.578994 1.133894
v 6.999796 -5.687499 1.133894
v 6.110894 -7.351398 1.174896
v 5.864799 -7.184398 1.174896
v 5.683696 -6.948399 1.174896
v 5.585998 -6.6675 1.174896
v 5.581694 -6.370097 1.174896
v 5.671197 -6.086397 1.174896
v 5.845296 -5.845296 1.174896
v 6.086397 -5.671197 1.174896
v 6.370097 -5.581694 1.174896
v 6.6675 -5.585998 1.174896
v 6.948399 -5.683696 1.174896
v 6.263101 -7.407099 1.174098
v 6.110894 -7.351398 1.174896
v 6.184095 -7.396799 1.144099
v 6.101495 -7.371598 1.133894
v 6.1755 -7.420098 1.118797
v 6.085199 -7.406395 1.107496
v 6.164395 -7.450199 1.103699
v 6.065696 -7.448196 1.101297
v 6.237995 -7.500398 1.099997
v 6.248998 -7.459598 1.109397
v 6.257897 -7.426398 1.135694
v 7.500398 -6.237995 1.099997
v 7.448196 -6.065696 1.101297
v 7.450199 -6.1643 1.103699
v 7.406395 -6.085199 1.107496
v 7.419997 -6.175297 1.118797
v 7.371598 -6.101495 1.133894
v 7.396697 -6.183898 1.144099
v 7.351398 -6.110894 1.174896
v 7.407099 -6.263101 1.174098
v 7.426398 -6.257897 1.135694
v 7.459598 -6.248998 1.109397
v 6.263101 -7.407099 1.174098
v 6.257897 -7.426398 1.135694
v 6.417298 -7.434898 1.174098
v 6.495398 -7.458996 1.135694
v 6.573998 -7.436597 1.174098
v 6.733596 -7.431399 1.135694
v 6.728798 -7.411998 1.174098
v 6.248998 -7.459598 1.109397
v 6.4951 -7.4934 1.109397
v 6.741797 -7.4647 1.109397
v 6.581097 -7.5329 1.099997
v 6.7519 -7.505798 1.099997
v 6.237995 -7.500398 1.099997
v 6.408196 -7.5311 1.099997
v 7.500398 -6.237995 1.099997
v 7.459598 -6.248998 1.109397
v 7.5311 -6.408196 1.099997
v 7.4934 -6.4951 1.109397
v 7.5329 -6.581097 1.099997
v 7.4647 -6.741797 1.109397
v 7.505798 -6.7519 1.099997
v 7.426398 -6.257897 1.135694
v 7.458996 -6.495398 1.135694
v 7.431399 -6.733596 1.135694
v 7.436597 -6.573998 1.174098
v 7.411998 -6.728798 1.174098
v 7.407099 -6.263101 1.174098
v 7.434898 -6.417298 1.174098
v 6.9696 -7.323098 1.15
v 6.728798 -7.411998 1.174098
v 6.926196 -7.352995 1.134896
v 6.733596 -7.431399 1.135694
v 6.929796 -7.366496 1.115196
v 6.741797 -7.4647 1.109397
v 6.935697 -7.384198 1.099795
v 6.7519 -7.505798 1.099997
v 6.990998 -7.373696 1.085597
v 7.116097 -7.2613 1.084899
v 7.2016 -7.201099 1.071196
v 7.1931 -7.191699 1.082199
v 7.373899 -6.9907 1.085597
v 7.358998 -6.978595 1.096194
v 7.505798 -6.7519 1.099997
v 7.4647 -6.741797 1.109397
v 7.343399 -6.972897 1.111197
v 7.431399 -6.733596 1.135694
v 7.331401 -6.969195 1.129698
v 7.411998 -6.728798 1.174098
v 7.323598 -6.968897 1.150095
v 7.175397 -7.174098 1.125997
v 7.179397 -7.178097 1.110196
v 7.185399 -7.183998 1.095396
v 7.1051 -7.243698 1.113897
v 7.109797 -7.251399 1.0984
v 5.864799 7.184398 1.174896
v 6.110894 7.351398 1.174896
v 5.866795 7.216495 1.133894
v 6.101495 7.371598 1.133894
v 6.085199 7.406395 1.107496
v 5.841195 7.245099 1.107496
v 6.065696 7.448196 1.101297
v 5.791497 7.262098 1.101297
v 5.654597 7.019698 1.107496
v 5.589699 6.999099 1.101297
v 5.541795 6.749796 1.107496
v 5.480897 6.685996 1.101297
v 5.512398 6.458699 1.107496
v 5.475997 6.3546 1.101297
v 5.568999 6.171697 1.107496
v 5.575698 6.038498 1.101297
v 5.706596 5.913496 1.107496
v 5.769795 5.769795 1.101297
v 5.913496 5.706596 1.107496
v 6.038498 5.575698 1.101297
v 6.171697 5.568999 1.107496
v 6.3546 5.475997 1.101297
v 6.458699 5.512398 1.107496
v 6.685996 5.480897 1.101297
v 6.749796 5.541795 1.107496
v 6.999099 5.589699 1.101297
v 7.019698 5.654597 1.107496
v 7.262098 5.791497 1.101297
v 7.245099 5.841195 1.107496
v 7.448196 6.065696 1.101297
v 7.406395 6.085199 1.107496
v 7.371598 6.101495 1.133894
v 7.216495 5.866795 1.133894
v 6.999796 5.687499 1.133894
v 6.740295 5.578994 1.133894
v 6.460499 5.5507 1.133894
v 6.1845 5.605095 1.133894
v 5.936396 5.737495 1.133894
v 5.737495 5.936396 1.133894
v 5.605095 6.1845 1.133894
v 5.5507 6.460499 1.133894
v 5.578994 6.740295 1.133894
v 5.687499 6.999796 1.133894
v 7.351398 6.110894 1.174896
v 7.184398 5.864799 1.174896
v 6.948399 5.683696 1.174896
v 6.6675 5.585998 1.174896
v 6.370097 5.581694 1.174896
v 6.086397 5.671197 1.174896
v 5.845296 5.845296 1.174896
v 5.671197 6.086397 1.174896
v 5.581694 6.370097 1.174896
v 5.585998 6.6675 1.174896
v 5.683696 6.948399 1.174896
v 7.407099 6.263101 1.174098
v 7.351398 6.110894 1.174896
v 7.396697 6.183898 1.144099
v 7.371598 6.101495 1.133894
v 7.419997 6.175297 1.118797
v 7.406395 6.085199 1.107496
v 7.450199 6.1643 1.103699
v 7.448196 6.065696 1.101297
v 7.500398 6.237995 1.099997
v 7.459598 6.248998 1.109397
v 7.426398 6.257897 1.135694
v 6.237995 7.500398 1.099997
v 6.065696 7.448196 1.101297
v 6.164395 7.450199 1.103699
v 6.085199 7.406395 1.107496
v 6.1755 7.420098 1.118797
v 6.101495 7.371598 1.133894
v 6.184095 7.396799 1.144099
v 6.110894 7.351398 1.174896
v 6.263101 7.407099 1.174098
v 6.257897 7.426398 1.135694
v 6.248998 7.459598 1.109397
v 7.407099 6.263101 1.174098
v 7.426398 6.257897 1.135694
v 7.434898 6.417298 1.174098
v 7.458996 6.495398 1.135694
v 7.436597 6.573998 1.174098
v 7.431399 6.733596 1.135694
v 7.411998 6.728798 1.174098
v 7.459598 6.248998 1.109397
v 7.4934 6.4951 1.109397
v 7.4647 6.741797 1.109397
v 7.5329 6.581097 1.099997
v 7.505798 6.7519 1.099997
v 7.500398 6.237995 1.099997
v 7.5311 6.408196 1.099997
v 6.237995 7.500398 1.099997
v 6.248998 7.459598 1.109397
v 6.408196 7.5311 1.099997
v 6.4951 7.4934 1.109397
v 6.581097 7.5329 1.099997
v 6.741797 7.4647 1.109397
v 6.7519 7.505798 1.099997
v 6.257897 7.426398 1.135694
v 6.495398 7.458996 1.135694
v 6.733596 7.431399 1.135694
v 6.573998 7.436597 1.174098
v 6.728798 7.411998 1.174098
v 6.263101 7.407099 1.174098
v 6.417298 7.434898 1.174098
v 7.323098 6.9696 1.15
v 7.411998 6.728798 1.174098
v 7.352995 6.926196 1.134896
v 7.431399 6.733596 1.135694
v 7.366496 6.929796 1.115196
v 7.4647 6.741797 1.109397
v 7.384198 6.935697 1.099795
v 7.505798 6.7519 1.099997
v 7.373696 6.990998 1.085597
v 7.2613 7.116097 1.084899
v 7.201099 7.2016 1.071196
v 7.191699 7.1931 1.082199
v 6.9907 7.373899 1.085597
v 6.978595 7.358998 1.096194
v 6.7519 7.505798 1.099997
v 6.741797 7.4647 1.109397
v 6.972897 7.343399 1.111197
v 6.733596 7.431399 1.135694
v 6.969195 7.331401 1.129698
v 6.728798 7.411998 1.174098
v 6.968897 7.323598 1.150095
v 7.174098 7.175397 1.125997
v 7.178097 7.179397 1.110196
v 7.183998 7.185399 1.095396
v 7.243698 7.1051 1.113897
v 7.251399 7.109797 1.0984
v -5.7401 7.040399 1.174098
v -5.723696 7.051795 1.135694
v -5.943399 7.251 1.174098
v -5.931299 7.266998 1.135694
v -6.201797 7.388401 1.174098
v -6.195294 7.407295 1.135694
v -6.490099 7.438999 1.174098
v -6.489795 7.458996 1.135694
v -6.779897 7.3978 1.174098
v -6.785798 7.416898 1.135694
v -6.489199 7.493299 1.109397
v -6.795901 7.449799 1.109397
v -6.488597 7.5356 1.099997
v -6.808298 7.490199 1.099997
v -5.695599 7.071501 1.109397
v -5.910694 7.294398 1.109397
v -6.184196 7.439798 1.109397
v -5.660998 7.0957 1.099997
v -5.885195 7.3282 1.099997
v -6.170397 7.479697 1.099997
v -6.930297 7.338398 1.169496
v -6.779897 7.3978 1.174098
v -6.933999 7.348096 1.144397
v -6.785798 7.416898 1.135694
v -6.941097 7.364296 1.122295
v -6.795901 7.449799 1.109397
v -6.950795 7.385295 1.106095
v -6.808298 7.490199 1.099997
v -7.1096 7.309299 1.094394
v -7.367098 7.070195 1.099997
v -7.115799 7.275199 1.104396
v -7.0957 7.290595 1.104295
v -7.331699 7.046997 1.109397
v -7.102799 7.258999 1.1204
v -7.083195 7.274097 1.1204
v -7.0737 7.261395 1.141297
v -7.302999 7.028198 1.135694
v -7.092797 7.246696 1.141399
v -7.067996 7.2537 1.164799
v -7.286298 7.017296 1.174098
v -7.187497 7.1451 1.169395
v -5.562496 6.944996 1.101297
v -5.660998 7.0957 1.099997
v -5.636799 7.009899 1.103699
v -5.695599 7.071501 1.109397
v -5.664598 6.993895 1.118797
v -5.723696 7.051795 1.135694
v -5.686199 6.981599 1.144099
v -5.7401 7.040399 1.174098
v -5.6593 6.899899 1.174896
v -5.639195 6.909298 1.133894
v -5.604398 6.925499 1.107496
v -7.286298 7.017296 1.174098
v -7.302999 7.028198 1.135694
v -7.392495 6.796598 1.174098
v -7.411497 6.802797 1.135694
v -7.4377 6.555896 1.174098
v -7.457697 6.556999 1.135694
v -7.418799 6.311696 1.174098
v -7.438397 6.307595 1.135694
v -7.336997 6.080895 1.174098
v -7.354795 6.071799 1.135694
v -7.471996 6.300497 1.109397
v -7.385396 6.056195 1.109397
v -7.513296 6.291699 1.099997
v -7.423096 6.036996 1.099997
v -7.331699 7.046997 1.109397
v -7.444196 6.813496 1.109397
v -7.491999 6.558799 1.109397
v -7.367098 7.070195 1.099997
v -7.484298 6.826698 1.099997
v -7.534199 6.5611 1.099997
v -5.562496 6.944996 1.101297
v -5.604398 6.925499 1.107496
v -5.475699 6.653797 1.101297
v -5.521398 6.647199 1.107496
v -5.476796 6.349796 1.101297
v -5.5224 6.356698 1.107496
v -5.565595 6.059199 1.101297
v -5.607396 6.079 1.107496
v -5.734699 5.806595 1.101297
v -5.768895 5.837595 1.107496
v -5.969595 5.613696 1.101297
v -5.993396 5.653297 1.107496
v -6.250196 5.496799 1.101297
v -6.261497 5.541598 1.107496
v -6.5526 5.466097 1.101297
v -6.550496 5.512297 1.107496
v -6.850898 5.524098 1.101297
v -6.835597 5.567699 1.107496
v -7.119798 5.665898 1.101297
v -7.092499 5.703198 1.107496
v -7.336199 5.879294 1.101297
v -7.299298 5.9071 1.107496
v -7.069796 5.734097 1.133894
v -7.268697 5.930197 1.133894
v -7.250899 5.943596 1.174896
v -7.031899 5.734497 1.174896
v -6.8228 5.603897 1.133894
v -6.757497 5.606496 1.174896
v -6.548696 5.550599 1.133894
v -6.4565 5.573099 1.174896
v -6.270897 5.578798 1.133894
v -6.1607 5.637794 1.174896
v -6.013095 5.686199 1.133894
v -5.901199 5.793797 1.174896
v -5.797398 5.863398 1.133894
v -5.705195 6.024599 1.174896
v -5.641996 6.095397 1.133894
v -5.593395 6.305998 1.174896
v -5.560398 6.362497 1.133894
v -5.5776 6.608396 1.174896
v -5.559396 6.641697 1.133894
v -5.6593 6.899899 1.174896
v -5.639195 6.909298 1.133894
v -7.250899 5.943596 1.174896
v -7.336997 6.080895 1.174098
v -7.310497 6.005799 1.144099
v -7.354795 6.071799 1.135694
v -7.331496 5.992496 1.118797
v -7.385396 6.056195 1.109397
v -7.3587 5.975395 1.103699
v -7.423096 6.036996 1.099997
v -7.336199 5.879294 1.101297
v -7.299298 5.9071 1.107496
v -7.268697 5.930197 1.133894
v -7.336199 -5.879294 1.101297
v -7.299298 -5.9071 1.107496
v -7.119798 -5.665898 1.101297
v -7.092499 -5.703198 1.107496
v -6.850898 -5.524098 1.101297
v -6.835597 -5.567699 1.107496
v -6.5526 -5.466097 1.101297
v -6.550496 -5.512297 1.107496
v -6.250196 -5.496799 1.101297
v -6.261497 -5.541598 1.107496
v -5.969595 -5.613696 1.101297
v -5.993396 -5.653297 1.107496
v -5.734699 -5.806595 1.101297
v -5.768895 -5.837595 1.107496
v -5.565595 -6.059199 1.101297
v -5.607396 -6.079 1.107496
v -5.476796 -6.349796 1.101297
v -5.5224 -6.356698 1.107496
v -5.475699 -6.653797 1.101297
v -5.521398 -6.647199 1.107496
v -5.562496 -6.944996 1.101297
v -5.604398 -6.925499 1.107496
v -5.559396 -6.641697 1.133894
v -5.639195 -6.909298 1.133894
v -5.6593 -6.899899 1.174896
v -5.5776 -6.608396 1.174896
v -5.560398 -6.362497 1.133894
v -5.593395 -6.305998 1.174896
v -5.641996 -6.095397 1.133894
v -5.705195 -6.024599 1.174896
v -5.797398 -5.863398 1.133894
v -5.901199 -5.793797 1.174896
v -6.013095 -5.686199 1.133894
v -6.1607 -5.637794 1.174896
v -6.270897 -5.578798 1.133894
v -6.4565 -5.573099 1.174896
v -6.548696 -5.550599 1.133894
v -6.757497 -5.606496 1.174896
v -6.8228 -5.603897 1.133894
v -7.031899 -5.734497 1.174896
v -7.069796 -5.734097 1.133894
v -7.250899 -5.943596 1.174896
v -7.268697 -5.930197 1.133894
v -5.660998 -7.0957 1.099997
v -5.562496 -6.944996 1.101297
v -5.635094 -7.0073 1.103699
v -5.604398 -6.925499 1.107496
v -5.663096 -6.991297 1.118797
v -5.639195 -6.909298 1.133894
v -5.684697 -6.979095 1.144099
v -5.6593 -6.899899 1.174896
v -5.7401 -7.040399 1.174098
v -5.723696 -7.051795 1.135694
v -5.695599 -7.071501 1.109397
v -7.336997 -6.080895 1.174098
v -7.250899 -5.943596 1.174896
v -7.310497 -6.005799 1.144099
v -7.268697 -5.930197 1.133894
v -7.331496 -5.992496 1.118797
v -7.299298 -5.9071 1.107496
v -7.3587 -5.975395 1.103699
v -7.336199 -5.879294 1.101297
v -7.423096 -6.036996 1.099997
v -7.385396 -6.056195 1.109397
v -7.354795 -6.071799 1.135694
v -5.660998 -7.0957 1.099997
v -5.695599 -7.071501 1.109397
v -5.885195 -7.3282 1.099997
v -5.910694 -7.294398 1.109397
v -6.170397 -7.479697 1.099997
v -6.184196 -7.439798 1.109397
v -6.488597 -7.5356 1.099997
v -6.489199 -7.493299 1.109397
v -6.808298 -7.490199 1.099997
v -6.795901 -7.449799 1.109397
v -6.489795 -7.458996 1.135694
v -6.785798 -7.416898 1.135694
v -6.490099 -7.438999 1.174098
v -6.779897 -7.3978 1.174098
v -5.723696 -7.051795 1.135694
v -5.931299 -7.266998 1.135694
v -6.195294 -7.407295 1.135694
v -5.7401 -7.040399 1.174098
v -5.943399 -7.251 1.174098
v -6.201797 -7.388401 1.174098
v -7.336997 -6.080895 1.174098
v -7.354795 -6.071799 1.135694
v -7.418799 -6.311696 1.174098
v -7.438397 -6.307595 1.135694
v -7.4377 -6.555896 1.174098
v -7.457697 -6.556999 1.135694
v -7.392495 -6.796598 1.174098
v -7.411497 -6.802797 1.135694
v -7.286298 -7.017296 1.174098
v -7.302999 -7.028198 1.135694
v -7.444196 -6.813496 1.109397
v -7.331699 -7.046997 1.109397
v -7.484298 -6.826698 1.099997
v -7.367098 -7.070195 1.099997
v -7.385396 -6.056195 1.109397
v -7.471996 -6.300497 1.109397
v -7.491999 -6.558799 1.109397
v -7.423096 -6.036996 1.099997
v -7.513296 -6.291699 1.099997
v -7.534199 -6.5611 1.099997
v -7.1096 -7.309401 1.094394
v -6.808298 -7.490199 1.099997
v -7.074999 -7.305896 1.104396
v -6.795901 -7.449799 1.109397
v -7.063096 -7.288795 1.120495
v -6.785798 -7.416898 1.135694
v -7.054096 -7.275795 1.141399
v -6.930196 -7.338398 1.169496
v -7.067799 -7.253897 1.164799
v -6.779897 -7.3978 1.174098
v -7.073599 -7.261598 1.141297
v -7.187396 -7.1451 1.169395
v -7.195699 -7.151401 1.144397
v -7.286298 -7.017296 1.174098
v -7.302999 -7.028198 1.135694
v -7.209199 -7.162696 1.122295
v -7.331699 -7.046997 1.109397
v -7.226699 -7.177799 1.106095
v -7.367098 -7.070195 1.099997
v -7.095497 -7.290798 1.104295
v -7.0831 -7.274198 1.1204
v -10.054 -6.198197 0.199997
v -10.4962 -6.191897 0.199997
v -7.689696 -5.0978 0.199997
v -10.8 -6.191897 0.199997
v -7.689696 5.0978 0.199997
v -10.8 6.191897 0.199997
v -10.4962 6.191897 0.199997
v -10.0527 6.198298 0.199997
v -7.974499 5.398297 0.199997
v -9.6129 6.232094 0.199997
v -9.181398 6.310999 0.199997
v -8.7592 6.439596 0.199997
v -7.344895 -4.868596 0.199997
v -7.344895 4.868596 0.199997
v -6.957596 4.722297 0.199997
v -6.957596 -4.722297 0.199997
v -6.547397 4.666298 0.199997
v -6.547397 -4.666298 0.199997
v -6.134998 -4.703497 0.199997
v -6.134998 4.703497 0.199997
v -5.741399 -4.831999 0.199997
v -5.741399 4.831999 0.199997
v -5.386495 -5.045199 0.199997
v -5.386495 5.045199 0.199997
v 5.359297 5.066496 0.199997
v -5.088299 5.332398 0.199997
v 5.066496 5.359297 0.199997
v -4.861795 5.678999 0.199997
v 4.846596 5.710095 0.199997
v 0 8.789497 0.199997
v 4.710799 6.101197 0.199997
v 0.281399 8.834099 0.199997
v 4.665797 6.512796 0.199997
v 0.535196 8.9634 0.199997
v 4.714095 6.923997 0.199997
v 0.736594 9.164798 0.199997
v 2.941995 9.810298 0.199997
v 0.865894 9.4186 0.199997
v 1.936095 10.0573 0.199997
v 0.910497 9.7 0.199997
v 0.910497 10.2014 0.199997
v -4.718697 6.067496 0.199997
v -0.281399 8.834099 0.199997
v -4.665994 6.478196 0.199997
v -0.535196 8.9634 0.199997
v -4.706496 6.890296 0.199997
v -0.736594 9.164798 0.199997
v -2.821797 9.845495 0.199997
v -0.865894 9.4186 0.199997
v -1.874595 10.0689 0.199997
v -0.910497 9.7 0.199997
v -0.910497 10.2014 0.199997
v -3.743594 9.533298 0.199997
v -4.838198 7.282799 0.199997
v -4.631495 9.1349 0.199997
v -5.477595 8.654099 0.199997
v 3.9177 9.463 0.199997
v 4.853099 7.313996 0.199997
v 5.0758 7.6631 0.199997
v 4.853397 9.018999 0.199997
v 5.739498 8.4827 0.199997
v 5.359297 -5.066496 0.199997
v 5.710095 4.846596 0.199997
v 5.710095 -4.846596 0.199997
v 6.101197 4.710799 0.199997
v 6.101197 -4.710799 0.199997
v 10.2419 0 0.199997
v 10.1916 -1.013696 0.199997
v 10.1916 1.013696 0.199997
v 6.512796 4.665797 0.199997
v 10.0413 2.017498 0.199997
v 6.923997 4.714095 0.199997
v 9.792196 3.001499 0.199997
v 9.447097 3.955996 0.199997
v 7.313996 4.853099 0.199997
v 7.6631 5.0758 0.199997
v 8.4827 5.739498 0.199997
v 9.009099 4.871696 0.199997
v 6.512796 -4.665797 0.199997
v 10.0413 -2.017498 0.199997
v 6.923997 -4.714095 0.199997
v 9.792196 -3.001499 0.199997
v 9.447097 -3.955996 0.199997
v 9.009099 -4.871696 0.199997
v 7.6631 -5.0758 0.199997
v 7.313996 -4.853099 0.199997
v 8.4827 -5.739498 0.199997
v -5.088299 -5.332398 0.199997
v 5.066496 -5.359297 0.199997
v -4.861795 -5.678999 0.199997
v 4.846596 -5.710095 0.199997
v 0 -8.789497 0.199997
v 4.710799 -6.101197 0.199997
v 0.281399 -8.834099 0.199997
v 4.665797 -6.512796 0.199997
v 0.535196 -8.9634 0.199997
v 4.714095 -6.923997 0.199997
v 0.736594 -9.164798 0.199997
v 2.941995 -9.810298 0.199997
v 0.865894 -9.4186 0.199997
v 1.936095 -10.0573 0.199997
v 0.910497 -9.7 0.199997
v 0.910497 -10.2014 0.199997
v 3.9177 -9.463 0.199997
v 4.853099 -7.313996 0.199997
v 5.0758 -7.6631 0.199997
v 5.739498 -8.4827 0.199997
v 4.853397 -9.018999 0.199997
v -4.718697 -6.067496 0.199997
v -0.281399 -8.834099 0.199997
v -4.665994 -6.478196 0.199997
v -0.535196 -8.9634 0.199997
v -4.706496 -6.890296 0.199997
v -0.736594 -9.164798 0.199997
v -2.821797 -9.845495 0.199997
v -0.865894 -9.4186 0.199997
v -1.874595 -10.0689 0.199997
v -0.910497 -9.7 0.199997
v -0.910497 -10.2014 0.199997
v -3.743594 -9.533298 0.199997
v -4.838198 -7.282799 0.199997
v -4.631495 -9.1349 0.199997
v -5.477595 -8.654099 0.199997
v -7.974499 -5.398297 0.199997
v -9.615695 -6.231695 0.199997
v -9.1838 -6.310397 0.199997
v -8.7592 -6.439596 0.199997
v 0.810498 -9.7 0.102597
v 0.807899 -9.7 0
v 0.7617 -9.422796 0.102597
v 0.759095 -9.423696 0
v 0.620896 -9.178996 0.102597
v 0.618899 -9.1807 0
v 0.4053 -8.998 0.102597
v 0.403899 -9.000396 0
v 0.140697 -8.901798 0.102597
v 0.140297 -8.904397 0
v -0.140697 -8.901798 0.102597
v -0.140297 -8.904397 0
v -0.4053 -8.998 0.102597
v -0.403899 -9.000396 0
v -0.620896 -9.178996 0.102597
v -0.618899 -9.1807 0
v -0.7617 -9.422796 0.102597
v -0.759095 -9.423696 0
v -0.810498 -9.7 0.102597
v -0.807899 -9.7 0
v -0.807899 -9.7 0
v -0.807899 -10.2026 0
v -0.810498 -9.7 0.102597
v -0.810498 -10.2078 0.102597
v 0.810498 -10.2078 0.102597
v 0.807899 -10.2026 0
v 0.810498 -9.7 0.102597
v 0.807899 -9.7 0
v 0.807899 9.7 0
v 0.807899 10.2026 0
v 0.810498 9.7 0.102597
v 0.810498 10.2078 0.102597
v -0.810498 10.2078 0.102597
v -0.807899 10.2026 0
v -0.810498 9.7 0.102597
v -0.807899 9.7 0
v -0.810498 9.7 0.102597
v -0.807899 9.7 0
v -0.7617 9.422796 0.102597
v -0.759095 9.423696 0
v -0.620896 9.178996 0.102597
v -0.618899 9.1807 0
v -0.4053 8.998 0.102597
v -0.403899 9.000396 0
v -0.140697 8.901798 0.102597
v -0.140297 8.904397 0
v 0.140697 8.901798 0.102597
v 0.140297 8.904397 0
v 0.4053 8.998 0.102597
v 0.403899 9.000396 0
v 0.620896 9.178996 0.102597
v 0.618899 9.1807 0
v 0.7617 9.422796 0.102597
v 0.759095 9.423696 0
v 5.739498 8.4827 0.199997
v 5.791896 8.449298 0.193596
v 5.0758 7.6631 0.199997
v 5.168795 7.587796 0.175095
v 5.868595 8.395999 0.156897
v 5.246299 7.524895 0.104499
v 5.928695 8.349198 0.0913
v 5.295598 7.485097 0
v 5.9668 8.3139 0
v 5.0758 7.6631 0.199997
v 5.168795 7.587796 0.175095
v 4.853099 7.313996 0.199997
v 4.960596 7.261395 0.175095
v 4.714095 6.923997 0.199997
v 4.830598 6.896799 0.175095
v 4.665797 6.512796 0.199997
v 4.785495 6.512296 0.175095
v 4.710799 6.101197 0.199997
v 4.827499 6.1275 0.175095
v 4.846596 5.710095 0.199997
v 4.954499 5.761796 0.175095
v 5.066496 5.359297 0.199997
v 5.160099 5.433797 0.175095
v 5.359297 5.066496 0.199997
v 5.433797 5.160099 0.175095
v 5.710095 4.846596 0.199997
v 5.761796 4.954499 0.175095
v 6.101197 4.710799 0.199997
v 6.1275 4.827499 0.175095
v 6.512796 4.665797 0.199997
v 6.512296 4.785495 0.175095
v 6.923997 4.714095 0.199997
v 6.896799 4.830598 0.175095
v 7.313996 4.853099 0.199997
v 7.261395 4.960596 0.175095
v 7.6631 5.0758 0.199997
v 7.587796 5.168795 0.175095
v 7.217496 5.0502 0.104499
v 7.524895 5.246299 0.104499
v 7.485097 5.295598 0
v 7.163298 5.094498 0
v 6.874096 4.927796 0.104499
v 6.802397 4.977297 0
v 6.511896 4.885298 0.104499
v 6.423896 4.950797 0
v 6.149399 4.924899 0.104499
v 6.050199 5.016696 0
v 5.804997 5.044496 0.104499
v 5.703598 5.170994 0
v 5.495995 5.238199 0.104499
v 5.404597 5.404597 0
v 5.238199 5.495995 0.104499
v 5.170994 5.703598 0
v 5.044496 5.804997 0.104499
v 5.016696 6.050199 0
v 4.924899 6.149399 0.104499
v 4.950797 6.423896 0
v 4.885298 6.511896 0.104499
v 4.977297 6.802397 0
v 4.927796 6.874096 0.104499
v 5.094498 7.163298 0
v 5.0502 7.217496 0.104499
v 5.295598 7.485097 0
v 5.246299 7.524895 0.104499
v 8.4827 5.739498 0.199997
v 7.6631 5.0758 0.199997
v 8.428496 5.822795 0.183195
v 7.587796 5.168795 0.175095
v 8.376801 5.894196 0.134694
v 7.524895 5.246299 0.104499
v 8.334296 5.945795 0.0601
v 7.485097 5.295598 0
v 8.3139 5.9668 0
v -8.7592 6.439596 0.199997
v -8.690196 6.455898 0.192899
v -7.974499 5.398297 0.199997
v -7.879 5.470299 0.175095
v -8.592998 6.481099 0.155199
v -7.799297 5.530399 0.104499
v -8.515197 6.501996 0.0897
v -7.748597 5.568498 0
v -8.461499 6.514596 0
v -7.974499 5.398297 0.199997
v -7.879 5.470299 0.175095
v -7.689696 5.0978 0.199997
v -7.612699 5.189299 0.175095
v -7.344895 4.868596 0.199997
v -7.290297 4.974997 0.175095
v -6.957596 4.722297 0.199997
v -6.928199 4.838299 0.175095
v -6.547397 4.666298 0.199997
v -6.544595 4.785895 0.175095
v -6.134998 4.703497 0.199997
v -6.159096 4.820698 0.175095
v -5.741399 4.831999 0.199997
v -5.791097 4.940795 0.175095
v -5.386495 5.045199 0.199997
v -5.459296 5.140197 0.175095
v -5.088299 5.332398 0.199997
v -5.180495 5.408698 0.175095
v -4.861795 5.678999 0.199997
v -4.968798 5.732798 0.175095
v -4.718697 6.067496 0.199997
v -4.834896 6.095999 0.175095
v -4.665994 6.478196 0.199997
v -4.785698 6.479996 0.175095
v -4.706496 6.890296 0.199997
v -4.823499 6.865197 0.175095
v -4.838198 7.282799 0.199997
v -4.946595 7.232201 0.175095
v -4.921096 6.8443 0.104499
v -5.037099 7.190096 0.104499
v -5.094498 7.163298 0
v -4.977297 6.802397 0
v -4.885494 6.481498 0.104499
v -4.950797 6.423896 0
v -4.931795 6.119799 0.104499
v -5.016696 6.050199 0
v -5.057895 5.777597 0.104499
v -5.170994 5.703598 0
v -5.257397 5.472397 0.104499
v -5.404597 5.404597 0
v -5.519998 5.219399 0.104499
v -5.703598 5.170994 0
v -5.832499 5.031597 0.104499
v -6.050199 5.016696 0
v -6.179195 4.918497 0.104499
v -6.423896 4.950797 0
v -6.542396 4.885697 0.104499
v -6.802397 4.977297 0
v -6.9036 4.934996 0.104499
v -7.163298 5.094498 0
v -7.244795 5.063796 0.104499
v -7.485097 5.295598 0
v -7.548397 5.265694 0.104499
v -7.748597 5.568498 0
v -7.799297 5.530399 0.104499
v -5.477595 8.654099 0.199997
v -4.838198 7.282799 0.199997
v -5.5592 8.591896 0.182694
v -4.946595 7.232201 0.175095
v -5.627 8.534896 0.135595
v -5.037099 7.190096 0.104499
v -5.629295 8.532798 0.133198
v -5.672395 8.492499 0.0732
v -5.094498 7.163298 0
v -5.700296 8.462399 0
v -8.7592 -6.439596 0.199997
v -7.974499 -5.398297 0.199997
v -8.651399 -6.465697 0.182199
v -7.879 -5.470299 0.175095
v -8.556699 -6.490898 0.130099
v -7.799297 -5.530399 0.104499
v -8.486998 -6.509095 0.0509
v -7.748597 -5.568498 0
v -8.461499 -6.514596 0
v -4.838198 -7.282799 0.199997
v -4.946595 -7.232201 0.175095
v -4.706496 -6.890296 0.199997
v -4.823499 -6.865197 0.175095
v -4.665994 -6.478196 0.199997
v -4.785698 -6.479996 0.175095
v -4.718697 -6.067496 0.199997
v -4.834896 -6.095999 0.175095
v -4.861795 -5.678999 0.199997
v -4.968798 -5.732798 0.175095
v -5.088299 -5.332398 0.199997
v -5.180495 -5.408698 0.175095
v -5.386495 -5.045199 0.199997
v -5.459296 -5.140197 0.175095
v -5.741399 -4.831999 0.199997
v -5.791097 -4.940795 0.175095
v -6.134998 -4.703497 0.199997
v -6.159096 -4.820698 0.175095
v -6.547397 -4.666298 0.199997
v -6.544595 -4.785895 0.175095
v -6.957596 -4.722297 0.199997
v -6.928199 -4.838299 0.175095
v -7.344895 -4.868596 0.199997
v -7.290297 -4.974997 0.175095
v -7.689696 -5.0978 0.199997
v -7.612699 -5.189299 0.175095
v -7.974499 -5.398297 0.199997
v -7.879 -5.470299 0.175095
v -7.548397 -5.265694 0.104499
v -7.799297 -5.530399 0.104499
v -7.748597 -5.568498 0
v -7.485097 -5.295598 0
v -7.244795 -5.063796 0.104499
v -7.163298 -5.094498 0
v -6.9036 -4.934996 0.104499
v -6.802397 -4.977297 0
v -6.542396 -4.885697 0.104499
v -6.423896 -4.950797 0
v -6.179195 -4.918497 0.104499
v -6.050199 -5.016696 0
v -5.832499 -5.031597 0.104499
v -5.703598 -5.170994 0
v -5.519998 -5.219399 0.104499
v -5.404597 -5.404597 0
v -5.257397 -5.472397 0.104499
v -5.170994 -5.703598 0
v -5.057895 -5.777597 0.104499
v -5.016696 -6.050199 0
v -4.931795 -6.119799 0.104499
v -4.950797 -6.423896 0
v -4.885494 -6.481498 0.104499
v -4.977297 -6.802397 0
v -4.921096 -6.8443 0.104499
v -5.094498 -7.163298 0
v -5.037099 -7.190096 0.104499
v -5.477595 -8.654099 0.199997
v -5.527698 -8.616697 0.193697
v -4.838198 -7.282799 0.199997
v -4.946595 -7.232201 0.175095
v -5.603498 -8.555299 0.156295
v -5.037099 -7.190096 0.104499
v -5.662494 -8.502095 0.0904
v -5.094498 -7.163298 0
v -5.700296 -8.462399 0
v 8.4827 -5.739498 0.199997
v 8.449298 -5.791896 0.193596
v 7.6631 -5.0758 0.199997
v 7.587796 -5.168795 0.175095
v 8.395999 -5.868595 0.156897
v 7.524895 -5.246299 0.104499
v 8.349198 -5.928695 0.0913
v 7.485097 -5.295598 0
v 8.3139 -5.9668 0
v 7.6631 -5.0758 0.199997
v 7.587796 -5.168795 0.175095
v 7.313996 -4.853099 0.199997
v 7.261395 -4.960596 0.175095
v 6.923997 -4.714095 0.199997
v 6.896799 -4.830598 0.175095
v 6.512796 -4.665797 0.199997
v 6.512296 -4.785495 0.175095
v 6.101197 -4.710799 0.199997
v 6.1275 -4.827499 0.175095
v 5.710095 -4.846596 0.199997
v 5.761796 -4.954499 0.175095
v 5.359297 -5.066496 0.199997
v 5.433797 -5.160099 0.175095
v 5.066496 -5.359297 0.199997
v 5.160099 -5.433797 0.175095
v 4.846596 -5.710095 0.199997
v 4.954499 -5.761796 0.175095
v 4.710799 -6.101197 0.199997
v 4.827499 -6.1275 0.175095
v 4.665797 -6.512796 0.199997
v 4.785495 -6.512296 0.175095
v 4.714095 -6.923997 0.199997
v 4.830598 -6.896799 0.175095
v 4.853099 -7.313996 0.199997
v 4.960596 -7.261395 0.175095
v 5.0758 -7.6631 0.199997
v 5.168795 -7.587796 0.175095
v 5.0502 -7.217496 0.104499
v 5.246299 -7.524895 0.104499
v 5.295598 -7.485097 0
v 5.094498 -7.163298 0
v 4.927796 -6.874096 0.104499
v 4.977297 -6.802397 0
v 4.885298 -6.511896 0.104499
v 4.950797 -6.423896 0
v 4.924899 -6.149399 0.104499
v 5.016696 -6.050199 0
v 5.044496 -5.804997 0.104499
v 5.170994 -5.703598 0
v 5.238199 -5.495995 0.104499
v 5.404597 -5.404597 0
v 5.495995 -5.238199 0.104499
v 5.703598 -5.170994 0
v 5.804997 -5.044496 0.104499
v 6.050199 -5.016696 0
v 6.149399 -4.924899 0.104499
v 6.423896 -4.950797 0
v 6.511896 -4.885298 0.104499
v 6.802397 -4.977297 0
v 6.874096 -4.927796 0.104499
v 7.163298 -5.094498 0
v 7.217496 -5.0502 0.104499
v 7.485097 -5.295598 0
v 7.524895 -5.246299 0.104499
v 5.739498 -8.4827 0.199997
v 5.0758 -7.6631 0.199997
v 5.822795 -8.428496 0.183195
v 5.168795 -7.587796 0.175095
v 5.894196 -8.376801 0.134694
v 5.246299 -7.524895 0.104499
v 5.945795 -8.334296 0.0601
v 5.295598 -7.485097 0
v 5.9668 -8.3139 0
v -0.910497 10.2014 0.199997
v -0.890595 10.20539 0.197995
v -0.910497 9.7 0.199997
v -0.861299 9.7 0.186998
v -0.859499 10.2101 0.185996
v -0.834 10.212 0.164396
v -0.824797 9.7 0.151497
v -0.816995 10.2111 0.135499
v -0.810498 9.7 0.102597
v -0.810498 10.2078 0.102597
v -0.910497 9.7 0.199997
v -0.861299 9.7 0.186998
v -0.865894 9.4186 0.199997
v -0.819099 9.433895 0.186998
v -0.736594 9.164798 0.199997
v -0.696796 9.193795 0.186998
v -0.535196 8.9634 0.199997
v -0.506198 9.003198 0.186998
v -0.281399 8.834099 0.199997
v -0.266099 8.880895 0.186998
v 0 8.789497 0.199997
v 0 8.838695 0.186998
v 0.281399 8.834099 0.199997
v 0.266099 8.880895 0.186998
v 0.535196 8.9634 0.199997
v 0.506198 9.003198 0.186998
v 0.736594 9.164798 0.199997
v 0.696796 9.193795 0.186998
v 0.865894 9.4186 0.199997
v 0.819099 9.433895 0.186998
v 0.910497 9.7 0.199997
v 0.861299 9.7 0.186998
v 0.784397 9.445101 0.151497
v 0.824797 9.7 0.151497
v 0.810498 9.7 0.102597
v 0.7617 9.422796 0.102597
v 0.667298 9.215199 0.151497
v 0.620896 9.178996 0.102597
v 0.484794 9.032696 0.151497
v 0.4053 8.998 0.102597
v 0.254899 8.915597 0.151497
v 0.140697 8.901798 0.102597
v 0 8.875197 0.151497
v -0.140697 8.901798 0.102597
v -0.254899 8.915597 0.151497
v -0.4053 8.998 0.102597
v -0.484794 9.032696 0.151497
v -0.620896 9.178996 0.102597
v -0.667298 9.215199 0.151497
v -0.7617 9.422796 0.102597
v -0.784397 9.445101 0.151497
v -0.810498 9.7 0.102597
v -0.824797 9.7 0.151497
v 0.810498 10.2078 0.102597
v 0.812995 10.21 0.122297
v 0.810498 9.7 0.102597
v 0.824797 9.7 0.151497
v 0.825799 10.2119 0.153196
v 0.848097 10.2112 0.1782
v 0.861299 9.7 0.186998
v 0.877499 10.2077 0.194394
v 0.910497 9.7 0.199997
v 0.910497 10.2014 0.199997
v -0.810498 -10.2078 0.102597
v -0.812995 -10.21 0.122297
v -0.810498 -9.7 0.102597
v -0.824797 -9.7 0.151497
v -0.825799 -10.2119 0.153196
v -0.848097 -10.2112 0.1782
v -0.861299 -9.7 0.186998
v -0.877499 -10.2077 0.194394
v -0.910497 -9.7 0.199997
v -0.910497 -10.2014 0.199997
v -0.7617 -9.422796 0.102597
v -0.810498 -9.7 0.102597
v -0.784397 -9.445101 0.151497
v -0.824797 -9.7 0.151497
v -0.861299 -9.7 0.186998
v -0.819099 -9.433895 0.186998
v -0.910497 -9.7 0.199997
v -0.865894 -9.4186 0.199997
v -0.696796 -9.193795 0.186998
v -0.736594 -9.164798 0.199997
v -0.506198 -9.003198 0.186998
v -0.535196 -8.9634 0.199997
v -0.266099 -8.880895 0.186998
v -0.281399 -8.834099 0.199997
v 0 -8.838695 0.186998
v 0 -8.789497 0.199997
v 0.266099 -8.880895 0.186998
v 0.281399 -8.834099 0.199997
v 0.506198 -9.003198 0.186998
v 0.535196 -8.9634 0.199997
v 0.696796 -9.193795 0.186998
v 0.736594 -9.164798 0.199997
v 0.819099 -9.433895 0.186998
v 0.865894 -9.4186 0.199997
v 0.861299 -9.7 0.186998
v 0.910497 -9.7 0.199997
v 0.824797 -9.7 0.151497
v 0.784397 -9.445101 0.151497
v 0.667298 -9.215199 0.151497
v 0.484794 -9.032696 0.151497
v 0.254899 -8.915597 0.151497
v 0 -8.875197 0.151497
v -0.254899 -8.915597 0.151497
v -0.484794 -9.032696 0.151497
v -0.667298 -9.215199 0.151497
v 0.810498 -9.7 0.102597
v 0.7617 -9.422796 0.102597
v 0.620896 -9.178996 0.102597
v 0.4053 -8.998 0.102597
v 0.140697 -8.901798 0.102597
v -0.140697 -8.901798 0.102597
v -0.4053 -8.998 0.102597
v -0.620896 -9.178996 0.102597
v 0.910497 -10.2014 0.199997
v 0.890595 -10.20539 0.197995
v 0.910497 -9.7 0.199997
v 0.861299 -9.7 0.186998
v 0.859499 -10.2101 0.185996
v 0.834 -10.212 0.164396
v 0.824797 -9.7 0.151497
v 0.816995 -10.2111 0.135499
v 0.810498 -9.7 0.102597
v 0.810498 -10.2078 0.102597
v -10.4962 -6.341695 0.342095
v -10.8 -6.341695 0.342095
v -10.4962 -6.319099 0.270498
v -10.8 -6.319099 0.270498
v -10.4962 -6.264698 0.218797
v -10.8 -6.264698 0.218797
v -10.4962 -6.191897 0.199997
v -10.8 -6.191897 0.199997
v -10.0673 -6.347596 0.342095
v -10.4962 -6.341695 0.342095
v -10.2301 -6.3308 0.289094
v -10.4962 -6.319099 0.270498
v -10.2296 -6.296998 0.241196
v -10.4962 -6.264698 0.218797
v -10.2289 -6.247299 0.209898
v -10.4962 -6.191897 0.199997
v -10.054 -6.198197 0.199997
v -9.6224 -6.284898 0.209898
v -9.615695 -6.231695 0.199997
v -9.1838 -6.310397 0.199997
v -8.7592 -6.439596 0.199997
v -8.925795 -6.438696 0.209898
v -9.271597 -6.345099 0.209898
v -9.628498 -6.334197 0.241196
v -8.784395 -6.507796 0.218797
v -8.941096 -6.485897 0.241196
v -9.282195 -6.393599 0.241196
v -9.289395 -6.426596 0.289094
v -9.6327 -6.367695 0.289094
v -9.6417 -6.379395 0.342095
v -8.803296 -6.558901 0.270498
v -8.951497 -6.518095 0.289094
v -9.221798 -6.455397 0.342095
v -8.811098 -6.580096 0.342095
v -8.486998 -6.509095 0.0509
v -8.461499 -6.514596 0
v -8.508795 -6.533098 0.0614
v -8.487796 -6.574296 0
v -8.518397 -6.562995 0.0626
v -8.522695 -6.595396 0.0679
v -8.591598 -6.574398 0.147295
v -8.5922 -6.6042 0.161397
v -8.686798 -6.572097 0.218195
v -8.687996 -6.5948 0.240195
v -8.784395 -6.507796 0.218797
v -8.803296 -6.558901 0.270498
v -8.686095 -6.6127 0.265294
v -8.811098 -6.580096 0.342095
v -8.673799 -6.632596 0.317496
v -8.552396 -6.680899 0.2464
v -8.579498 -6.653296 0.201595
v -8.498001 -6.683897 0.105095
v -8.512097 -6.658101 0.0899
v -8.453899 -6.697195 0
v -8.4845 -6.639397 0
v -8.520597 -6.627899 0.0772
v -8.402299 -6.737798 0
v -8.458995 -6.717997 0.136298
v -8.7592 -6.439596 0.199997
v -8.6667 -6.490397 0.184095
v -8.675599 -6.518095 0.189596
v -8.682596 -6.545895 0.201094
v -8.586299 -6.543898 0.138599
v -8.651399 -6.465697 0.182199
v -8.577197 -6.514698 0.135297
v -8.556699 -6.490898 0.130099
v -8.587998 -6.6311 0.179994
v -5.875599 -8.5581 0.136495
v -5.923599 -8.516299 0
v -5.832594 -8.570599 0.0961
v -5.863696 -8.541798 0
v -5.772894 -8.563596 0.07
v -5.798697 -8.541196 0
v -5.7437 -8.55 0.0612
v -5.740296 -8.513295 0
v -5.717796 -8.530896 0.056
v -5.700296 -8.462399 0
v -5.662494 -8.502095 0.0904
v -5.672597 -8.571898 0.127798
v -5.603498 -8.555299 0.156295
v -5.597895 -8.632296 0.187099
v -5.527698 -8.616697 0.193697
v -5.477595 -8.654099 0.199997
v -5.516499 -8.715498 0.218797
v -5.6171 -8.652698 0.198698
v -5.695897 -8.5913 0.136399
v -5.721199 -8.606195 0.149798
v -5.545598 -8.761596 0.270498
v -5.636495 -8.6699 0.215697
v -5.770999 -8.618599 0.187099
v -5.671197 -8.689999 0.261295
v -5.557698 -8.780699 0.342095
v -5.6831 -8.698397 0.317198
v -5.792397 -8.6214 0.245899
v -5.557698 -8.780699 0.342095
v -5.545598 -8.761596 0.270498
v -4.6992 -9.268498 0.342095
v -4.688996 -9.248399 0.270498
v -3.7983 -9.672695 0.342095
v -3.790098 -9.651696 0.270498
v -2.863097 -9.9895 0.342095
v -2.856898 -9.967797 0.270498
v -1.902097 -10.2162 0.342095
v -1.897895 -10.194 0.270498
v -0.923795 -10.3506 0.342095
v -0.921798 -10.3281 0.270498
v -1.887899 -10.1404 0.218797
v -0.916999 -10.2738 0.218797
v -1.874595 -10.0689 0.199997
v -0.910497 -10.2014 0.199997
v -5.516499 -8.715498 0.218797
v -4.664397 -9.199798 0.218797
v -3.770095 -9.600895 0.218797
v -2.841895 -9.915399 0.218797
v -5.477595 -8.654099 0.199997
v -4.631495 -9.1349 0.199997
v -3.743594 -9.533298 0.199997
v -2.821797 -9.845495 0.199997
v -0.829697 -10.3575 0.323194
v -0.923795 -10.3506 0.342095
v -0.854999 -10.3434 0.277895
v -0.921798 -10.3281 0.270498
v -0.868899 -10.3095 0.2334
v -0.916999 -10.2738 0.218797
v -0.876397 -10.2605 0.203997
v -0.910497 -10.2014 0.199997
v -0.877499 -10.2077 0.194394
v -0.848097 -10.2112 0.1782
v -0.842899 -10.2637 0.185394
v -0.825095 -10.3125 0.209194
v -0.796795 -10.3465 0.245398
v -0.748497 -10.361 0.2711
v -0.743699 -10.3471 0.180697
v -0.692296 -10.3608 0.193
v -0.670296 -10.3573 0.0987
v -0.740999 -10.3341 0.098
v -0.785297 -10.3131 0.160599
v -0.791997 -10.27989 0.0994
v -0.812495 -10.26419 0.147998
v -0.810498 -10.2078 0.102597
v -0.812995 -10.21 0.122297
v -0.825799 -10.2119 0.153196
v -0.810498 -10.2078 0.102597
v -0.807899 -10.2026 0
v -0.791997 -10.27989 0.0994
v -0.789398 -10.2748 0
v -0.740999 -10.3341 0.098
v -0.738394 -10.3292 0
v -0.670296 -10.3573 0.0987
v -0.667697 -10.3523 0
v 0.667697 -10.3523 0
v 0.738394 -10.3292 0
v 0.670296 -10.3573 0.0987
v 0.740999 -10.3341 0.098
v 0.789398 -10.2748 0
v 0.791997 -10.27989 0.0994
v 0.807899 -10.2026 0
v 0.810498 -10.2078 0.102597
v 0.692499 -10.3608 0.1921
v 0.670296 -10.3573 0.0987
v 0.736195 -10.3468 0.164199
v 0.740999 -10.3341 0.098
v 0.779694 -10.3128 0.148195
v 0.791997 -10.27989 0.0994
v 0.808197 -10.2638 0.138396
v 0.810498 -10.2078 0.102597
v 0.816995 -10.2111 0.135499
v 0.834 -10.212 0.164396
v 0.827998 -10.2644 0.171095
v 0.8057 -10.3132 0.190598
v 0.770897 -10.3472 0.220597
v 0.748294 -10.361 0.270998
v 0.838095 -10.3445 0.270998
v 0.828999 -10.3576 0.323498
v 0.923795 -10.3506 0.342095
v 0.921798 -10.3281 0.270498
v 0.856095 -10.3105 0.228298
v 0.916999 -10.2738 0.218797
v 0.866699 -10.2616 0.200099
v 0.910497 -10.2014 0.199997
v 0.890595 -10.20539 0.197995
v 0.859499 -10.2101 0.185996
v 0.923795 -10.3506 0.342095
v 0.921798 -10.3281 0.270498
v 1.964497 -10.2044 0.342095
v 1.9602 -10.1822 0.270498
v 2.985 -9.953796 0.342095
v 2.978497 -9.9321 0.270498
v 3.974997 -9.601396 0.342095
v 3.966397 -9.580498 0.270498
v 4.924398 -9.150898 0.342095
v 4.913699 -9.130996 0.270498
v 5.823397 -8.606696 0.342095
v 5.810797 -8.587998 0.270498
v 4.887896 -9.082996 0.218797
v 5.780196 -8.542895 0.218797
v 4.853397 -9.018999 0.199997
v 5.739498 -8.4827 0.199997
v 0.916999 -10.2738 0.218797
v 1.9499 -10.1287 0.218797
v 2.962899 -9.88 0.218797
v 3.945499 -9.530198 0.218797
v 0.910497 -10.2014 0.199997
v 1.936095 -10.0573 0.199997
v 2.941995 -9.810298 0.199997
v 3.9177 -9.463 0.199997
v 5.945795 -8.334296 0.0601
v 5.9668 -8.3139 0
v 5.984795 -8.371198 0.0669
v 6.011098 -8.3503 0
v 6.009596 -8.3844 0.0734
v 6.066 -8.366495 0
v 6.036198 -8.392995 0.0827
v 6.123095 -8.361297 0
v 6.088495 -8.3943 0.1077
v 6.1746 -8.336097 0
v 6.130999 -8.376997 0.136095
v 6.052899 -8.440697 0.245398
v 6.019395 -8.450198 0.204599
v 5.975794 -8.441698 0.167698
v 5.952894 -8.430397 0.153595
v 5.930799 -8.415096 0.143498
v 5.894196 -8.376801 0.134694
v 5.920195 -8.423197 0.153399
v 5.822795 -8.428496 0.183195
v 5.849599 -8.473998 0.195897
v 5.739498 -8.4827 0.199997
v 5.780196 -8.542895 0.218797
v 5.867797 -8.492499 0.208497
v 5.885797 -8.507996 0.225794
v 5.941796 -8.438897 0.163996
v 5.9641 -8.4508 0.178695
v 6.050997 -8.442199 0.2473
v 6.005895 -8.460599 0.217098
v 5.944895 -8.521699 0.317895
v 5.916798 -8.526498 0.270998
v 5.823397 -8.606696 0.342095
v 5.810797 -8.587998 0.270498
v 8.377099 -6.130897 0.135797
v 8.336097 -6.1746 0
v 8.389598 -6.093895 0.0959
v 8.361297 -6.123095 0
v 8.3889 -6.040799 0.0724
v 8.366495 -6.065899 0
v 8.380496 -6.013995 0.0637
v 8.3503 -6.011098 0
v 8.367496 -5.988997 0.0576
v 8.3139 -5.9668 0
v 8.349198 -5.928695 0.0913
v 8.404797 -5.944097 0.129294
v 8.395999 -5.868595 0.156897
v 8.414995 -5.930894 0.143397
v 8.469295 -5.856299 0.193095
v 8.430296 -5.952996 0.1535
v 8.487498 -5.874794 0.205499
v 8.441597 -5.975997 0.167596
v 8.502697 -5.893194 0.222695
v 8.450096 -6.019598 0.204396
v 8.5204 -5.925196 0.267398
v 8.441996 -6.051194 0.247097
v 8.521395 -5.945295 0.317496
v 8.606696 -5.823397 0.342095
v 8.587998 -5.810797 0.270498
v 8.449298 -5.791896 0.193596
v 8.4827 -5.739498 0.199997
v 8.542895 -5.780196 0.218797
v 8.440595 -6.053096 0.245196
v 8.436995 -6.036299 0.186497
v 8.4302 -5.990695 0.151896
v 8.419495 -5.9668 0.1387
v 8.606696 -5.823397 0.342095
v 8.587998 -5.810797 0.270498
v 9.140896 -4.942899 0.342095
v 9.121 -4.932194 0.270498
v 9.585195 -4.013895 0.342095
v 9.564399 -4.005199 0.270498
v 9.935498 -3.045397 0.342095
v 9.913897 -3.038799 0.270498
v 10.1881 -2.047097 0.342095
v 10.166 -2.042597 0.270498
v 10.3407 -1.028597 0.342095
v 10.3182 -1.026296 0.270498
v 10.3917 0 0.342095
v 10.3691 0 0.270498
v 10.3407 1.028597 0.342095
v 10.3182 1.026296 0.270498
v 10.1881 2.047097 0.342095
v 10.166 2.042597 0.270498
v 9.935498 3.045397 0.342095
v 9.913897 3.038799 0.270498
v 9.585195 4.013895 0.342095
v 9.564399 4.005199 0.270498
v 9.140896 4.942899 0.342095
v 9.121 4.932194 0.270498
v 8.606696 5.823397 0.342095
v 8.587998 5.810797 0.270498
v 9.073096 4.906296 0.218797
v 8.542895 5.780196 0.218797
v 9.009099 4.871696 0.199997
v 8.4827 5.739498 0.199997
v 8.542895 -5.780196 0.218797
v 9.073096 -4.906296 0.218797
v 9.514099 -3.984099 0.218797
v 9.861797 -3.022795 0.218797
v 10.1125 -2.031898 0.218797
v 10.264 -1.020896 0.218797
v 10.3147 0 0.218797
v 10.264 1.020896 0.218797
v 10.1125 2.031898 0.218797
v 9.861797 3.022795 0.218797
v 9.514099 3.984099 0.218797
v 8.4827 -5.739498 0.199997
v 9.009099 -4.871696 0.199997
v 9.447097 -3.955996 0.199997
v 9.792196 -3.001499 0.199997
v 10.0413 -2.017498 0.199997
v 10.1916 -1.013696 0.199997
v 10.2419 0 0.199997
v 10.1916 1.013696 0.199997
v 10.0413 2.017498 0.199997
v 9.792196 3.001499 0.199997
v 9.447097 3.955996 0.199997
v 8.334296 5.945795 0.0601
v 8.3139 5.9668 0
v 8.371198 5.984795 0.0669
v 8.3503 6.011098 0
v 8.3844 6.009596 0.0734
v 8.366495 6.066 0
v 8.392995 6.036198 0.0827
v 8.361297 6.123095 0
v 8.3943 6.088495 0.1077
v 8.336097 6.1746 0
v 8.376997 6.130999 0.136095
v 8.440697 6.052899 0.245398
v 8.450198 6.019395 0.204599
v 8.441698 5.975794 0.167698
v 8.430397 5.952894 0.153595
v 8.415096 5.930799 0.143498
v 8.376801 5.894196 0.134694
v 8.423197 5.920195 0.153399
v 8.428496 5.822795 0.183195
v 8.473998 5.849599 0.195897
v 8.4827 5.739498 0.199997
v 8.542895 5.780196 0.218797
v 8.492499 5.867797 0.208497
v 8.507996 5.885797 0.225794
v 8.438897 5.941796 0.163996
v 8.4508 5.9641 0.178695
v 8.442199 6.050997 0.2473
v 8.460599 6.005895 0.217098
v 8.521699 5.944895 0.317895
v 8.526498 5.916798 0.270998
v 8.606696 5.823397 0.342095
v 8.587998 5.810797 0.270498
v 6.130897 8.377099 0.135797
v 6.1746 8.336097 0
v 6.093895 8.389598 0.0959
v 6.123095 8.361297 0
v 6.040799 8.3889 0.0724
v 6.065899 8.366495 0
v 6.013995 8.380496 0.0637
v 6.011098 8.3503 0
v 5.988997 8.367496 0.0576
v 5.9668 8.3139 0
v 5.928695 8.349198 0.0913
v 5.944097 8.404797 0.129294
v 5.868595 8.395999 0.156897
v 5.930894 8.414995 0.143397
v 5.856299 8.469295 0.193095
v 5.952996 8.430296 0.1535
v 5.874794 8.487498 0.205499
v 5.975997 8.441597 0.167596
v 5.893194 8.502697 0.222695
v 6.019598 8.450096 0.204396
v 5.925196 8.5204 0.267398
v 6.051194 8.441996 0.247097
v 5.945295 8.521395 0.317496
v 5.823397 8.606696 0.342095
v 5.810797 8.587998 0.270498
v 5.791896 8.449298 0.193596
v 5.739498 8.4827 0.199997
v 5.780196 8.542895 0.218797
v 6.053096 8.440595 0.245196
v 6.036299 8.436995 0.186497
v 5.990695 8.4302 0.151896
v 5.9668 8.419495 0.1387
v 5.823397 8.606696 0.342095
v 5.810797 8.587998 0.270498
v 4.924398 9.150898 0.342095
v 4.913699 9.130996 0.270498
v 3.974997 9.601396 0.342095
v 3.966397 9.580498 0.270498
v 2.985 9.953796 0.342095
v 2.978497 9.9321 0.270498
v 1.964497 10.2044 0.342095
v 1.9602 10.1822 0.270498
v 0.923795 10.3506 0.342095
v 0.921798 10.3281 0.270498
v 1.9499 10.1287 0.218797
v 0.916999 10.2738 0.218797
v 1.936095 10.0573 0.199997
v 0.910497 10.2014 0.199997
v 5.780196 8.542895 0.218797
v 4.887896 9.082996 0.218797
v 3.945499 9.530198 0.218797
v 2.962899 9.88 0.218797
v 5.739498 8.4827 0.199997
v 4.853397 9.018999 0.199997
v 3.9177 9.463 0.199997
v 2.941995 9.810298 0.199997
v 0.829697 10.3575 0.323194
v 0.923795 10.3506 0.342095
v 0.854999 10.3434 0.277895
v 0.921798 10.3281 0.270498
v 0.868899 10.3095 0.2334
v 0.916999 10.2738 0.218797
v 0.876397 10.2605 0.203997
v 0.910497 10.2014 0.199997
v 0.877499 10.2077 0.194394
v 0.848097 10.2112 0.1782
v 0.842899 10.2637 0.185394
v 0.825095 10.3125 0.209194
v 0.796795 10.3465 0.245398
v 0.748497 10.361 0.2711
v 0.743699 10.3471 0.180697
v 0.692296 10.3608 0.193
v 0.670296 10.3573 0.0987
v 0.740999 10.3341 0.098
v 0.785297 10.3131 0.160599
v 0.791997 10.27989 0.0994
v 0.812495 10.26419 0.147998
v 0.810498 10.2078 0.102597
v 0.812995 10.21 0.122297
v 0.825799 10.2119 0.153196
v 0.810498 10.2078 0.102597
v 0.807899 10.2026 0
v 0.791997 10.27989 0.0994
v 0.789398 10.2748 0
v 0.740999 10.3341 0.098
v 0.738394 10.3292 0
v 0.670296 10.3573 0.0987
v 0.667697 10.3523 0
v -0.667697 10.3523 0
v -0.738394 10.3292 0
v -0.670296 10.3573 0.0987
v -0.740999 10.3341 0.098
v -0.789398 10.2748 0
v -0.791997 10.27989 0.0994
v -0.807899 10.2026 0
v -0.810498 10.2078 0.102597
v -0.692499 10.3608 0.1921
v -0.670296 10.3573 0.0987
v -0.736195 10.3468 0.164199
v -0.740999 10.3341 0.098
v -0.779694 10.3128 0.148195
v -0.791997 10.27989 0.0994
v -0.808197 10.2638 0.138396
v -0.810498 10.2078 0.102597
v -0.816995 10.2111 0.135499
v -0.834 10.212 0.164396
v -0.827998 10.2644 0.171095
v -0.8057 10.3132 0.190598
v -0.770897 10.3472 0.220597
v -0.748294 10.361 0.270998
v -0.838095 10.3445 0.270998
v -0.828999 10.3576 0.323498
v -0.923795 10.3506 0.342095
v -0.921798 10.3281 0.270498
v -0.856095 10.3105 0.228298
v -0.916999 10.2738 0.218797
v -0.866699 10.2616 0.200099
v -0.910497 10.2014 0.199997
v -0.890595 10.20539 0.197995
v -0.859499 10.2101 0.185996
v -0.923795 10.3506 0.342095
v -0.921798 10.3281 0.270498
v -1.902097 10.2162 0.342095
v -1.897895 10.194 0.270498
v -2.863097 9.9895 0.342095
v -2.856898 9.967797 0.270498
v -3.7983 9.672695 0.342095
v -3.790098 9.651696 0.270498
v -4.6992 9.268498 0.342095
v -4.688996 9.248399 0.270498
v -5.557698 8.780699 0.342095
v -5.545598 8.761596 0.270498
v -4.664397 9.199798 0.218797
v -5.516499 8.715498 0.218797
v -4.631495 9.1349 0.199997
v -5.477595 8.654099 0.199997
v -0.916999 10.2738 0.218797
v -1.887899 10.1404 0.218797
v -2.841895 9.915399 0.218797
v -3.770095 9.600895 0.218797
v -0.910497 10.2014 0.199997
v -1.874595 10.0689 0.199997
v -2.821797 9.845495 0.199997
v -3.743594 9.533298 0.199997
v -5.672395 8.492499 0.0732
v -5.700296 8.462399 0
v -5.715197 8.533596 0.0625
v -5.740398 8.513295 0
v -5.769997 8.5662 0.0771
v -5.798798 8.541095 0
v -5.799996 8.5734 0.0897
v -5.863696 8.541798 0
v -5.828899 8.573698 0.104499
v -5.923599 8.516299 0
v -5.876696 8.557397 0.136298
v -5.758196 8.628195 0.201195
v -5.794697 8.619999 0.2455
v -5.741798 8.640199 0.216097
v -5.792796 8.6214 0.247395
v -5.682998 8.698499 0.3178
v -5.652099 8.703196 0.269699
v -5.557698 8.780699 0.342095
v -5.545598 8.761596 0.270498
v -5.516499 8.715498 0.218797
v -5.620098 8.681595 0.223094
v -5.637198 8.694899 0.244898
v -5.720198 8.635598 0.194198
v -5.735296 8.624398 0.180197
v -5.583494 8.6434 0.193798
v -5.477595 8.654099 0.199997
v -5.5592 8.591896 0.182694
v -5.650997 8.590197 0.1508
v -5.627 8.534896 0.135595
v -5.663198 8.579999 0.138897
v -5.629295 8.532798 0.133198
v -5.710697 8.614599 0.161999
v -5.696797 8.625298 0.175196
v -8.486396 6.707298 0.176597
v -8.402299 6.737798 0
v -8.492398 6.6859 0.0954
v -8.453899 6.697195 0
v -8.515697 6.629395 0.0688
v -8.4845 6.639397 0
v -8.517998 6.596696 0.06
v -8.487796 6.574195 0
v -8.513796 6.564199 0.0551
v -8.461499 6.514596 0
v -8.515197 6.501996 0.0897
v -8.572596 6.547898 0.126898
v -8.592998 6.481099 0.155199
v -8.586096 6.543999 0.138497
v -8.675396 6.518197 0.1894
v -8.591395 6.574499 0.1472
v -8.682298 6.545996 0.200897
v -8.591997 6.604295 0.161195
v -8.6865 6.572198 0.217998
v -8.5792 6.653398 0.201398
v -8.685797 6.612795 0.264996
v -8.5532 6.680595 0.246996
v -8.5904 6.6657 0.274897
v -8.695995 6.623899 0.324798
v -8.811098 6.580096 0.342095
v -8.803296 6.558901 0.270498
v -8.690196 6.455898 0.192899
v -8.7592 6.439596 0.199997
v -8.784395 6.507796 0.218797
v -8.563095 6.659597 0.186795
v -8.577799 6.6091 0.148296
v -8.577698 6.578797 0.134999
v -9.220695 6.4556 0.342095
v -8.811098 6.580096 0.342095
v -9.158498 6.457901 0.289094
v -8.803296 6.558901 0.270498
v -9.150099 6.425195 0.241196
v -8.784395 6.507796 0.218797
v -9.1376 6.3771 0.209898
v -8.7592 6.439596 0.199997
v -9.181398 6.310999 0.199997
v -9.619599 6.285196 0.209898
v -9.6129 6.232094 0.199997
v -9.908795 6.258898 0.209898
v -10.0527 6.198298 0.199997
v -10.0986 6.250399 0.209898
v -10.4962 6.191897 0.199997
v -10.4962 6.264698 0.218797
v -10.1001 6.299996 0.241196
v -10.4962 6.319099 0.270498
v -10.1011 6.333798 0.289094
v -10.4962 6.341695 0.342095
v -10.066 6.347596 0.342095
v -9.913998 6.342196 0.289094
v -9.639298 6.379699 0.342095
v -9.63 6.3681 0.289094
v -9.625798 6.334495 0.241196
v -9.9119 6.308495 0.241196
v -10.8 6.191897 0.199997
v -10.8 6.264698 0.218797
v -10.4962 6.191897 0.199997
v -10.4962 6.264698 0.218797
v -10.8 6.319099 0.270498
v -10.4962 6.319099 0.270498
v -10.4962 6.341695 0.342095
v -10.8 6.341695 0.342095
v -4.957199 4.672396 15.700001
v -5.503797 4.014199 15.700001
v -2.051895 1.428198 15.700001
v -5.963498 3.292798 15.700001
v -2.297395 0.985896 15.700001
v -6.329095 2.519398 15.700001
v -6.594997 1.706296 15.700001
v -2.448797 0.503194 15.700001
v -6.7568 0.866199 15.700001
v -2.499997 0 15.700001
v -6.812095 0.0126 15.700001
v -6.759995 -0.841296 15.700001
v -2.448797 -0.503194 15.700001
v -6.601196 -1.6819 15.700001
v -2.297395 -0.985896 15.700001
v -6.338399 -2.495998 15.700001
v -5.975598 -3.270798 15.700001
v -2.051895 -1.428198 15.700001
v -5.518496 -3.993898 15.700001
v -4.974395 -4.654097 15.700001
v -1.722395 -1.811999 15.700001
v -4.351896 -5.240797 15.700001
v -1.322394 -2.121597 15.700001
v -3.660696 -5.744999 15.700001
v -2.9118 -6.158494 15.700001
v -0.868297 -2.344399 15.700001
v -2.116996 -6.474798 15.700001
v -0.378597 -2.471196 15.700001
v -1.288795 -6.689095 15.700001
v -0.4403 -6.797897 15.700001
v 0.126594 -2.496796 15.700001
v 0.4152 -6.799495 15.700001
v 1.264095 -6.693798 15.700001
v 0.6266 -2.420198 15.700001
v 2.0931 -6.482595 15.700001
v 1.100999 -2.244496 15.700001
v 2.889096 -6.169199 15.700001
v 3.639495 -5.758398 15.700001
v 1.530295 -1.976895 15.700001
v 4.332494 -5.256795 15.700001
v 4.957199 -4.672396 15.700001
v 1.896899 -1.628398 15.700001
v 5.503797 -4.014199 15.700001
v 2.185899 -1.2133 15.700001
v 5.963498 -3.292798 15.700001
v 6.329095 -2.519398 15.700001
v 2.3853 -0.748396 15.700001
v 6.594997 -1.706296 15.700001
v 2.4872 -0.252897 15.700001
v 6.7568 -0.866199 15.700001
v 6.812095 -0.0126 15.700001
v 2.4872 0.252897 15.700001
v 6.759995 0.841296 15.700001
v 6.601196 1.6819 15.700001
v 2.3853 0.748396 15.700001
v 6.338399 2.495998 15.700001
v 2.185899 1.2133 15.700001
v 5.975598 3.270798 15.700001
v 5.518496 3.993898 15.700001
v 1.896899 1.628398 15.700001
v 4.974395 4.654097 15.700001
v 1.530295 1.976895 15.700001
v 4.351896 5.240797 15.700001
v 3.660696 5.744999 15.700001
v 1.100999 2.244496 15.700001
v 2.9118 6.158494 15.700001
v 2.116996 6.474798 15.700001
v 0.6266 2.420198 15.700001
v 1.288795 6.689095 15.700001
v 0.126594 2.496796 15.700001
v 0.4403 6.797897 15.700001
v -0.4152 6.799495 15.700001
v -0.378597 2.471196 15.700001
v -1.264095 6.693798 15.700001
v -2.0931 6.482595 15.700001
v -0.868297 2.344399 15.700001
v -2.889096 6.169199 15.700001
v -1.322394 2.121597 15.700001
v -3.639495 5.758398 15.700001
v -4.332494 5.256795 15.700001
v -1.722395 1.811999 15.700001
v -2.499997 0 14.749999
v -2.448797 -0.503194 14.749999
v -2.448797 0.503194 14.749999
v -2.297395 0.985896 14.749999
v -2.297395 -0.985896 14.749999
v -2.051895 1.428198 14.749999
v -2.051895 -1.428198 14.749999
v -1.722395 1.811999 14.749999
v -1.722395 -1.811999 14.749999
v -1.322394 2.121597 14.749999
v -0.868297 2.344399 14.749999
v -0.378597 2.471196 14.749999
v 0.126594 2.496796 14.749999
v 0.6266 2.420198 14.749999
v 1.100999 2.244496 14.749999
v 1.530295 1.976895 14.749999
v 1.896899 1.628398 14.749999
v 2.185899 1.2133 14.749999
v 2.3853 0.748396 14.749999
v 2.4872 0.252897 14.749999
v 2.4872 -0.252897 14.749999
v 2.3853 -0.748396 14.749999
v -1.322394 -2.121597 14.749999
v 2.185899 -1.2133 14.749999
v 1.896899 -1.628398 14.749999
v 1.530295 -1.976895 14.749999
v 1.100999 -2.244496 14.749999
v -0.868297 -2.344399 14.749999
v 0.6266 -2.420198 14.749999
v -0.378597 -2.471196 14.749999
v 0.126594 -2.496796 14.749999
v -2.448797 0.503194 14.749999
v -2.499997 0 15.700001
v -2.499997 0 14.749999
v -2.448797 -0.503194 15.700001
v -2.448797 -0.503194 14.749999
v -2.297395 -0.985896 15.700001
v -2.297395 -0.985896 14.749999
v -2.051895 -1.428198 15.700001
v -2.051895 -1.428198 14.749999
v -1.722395 -1.811999 15.700001
v -1.722395 -1.811999 14.749999
v -1.322394 -2.121597 15.700001
v -1.322394 -2.121597 14.749999
v -0.868297 -2.344399 15.700001
v -0.868297 -2.344399 14.749999
v -0.378597 -2.471196 15.700001
v -0.378597 -2.471196 14.749999
v 0.126594 -2.496796 15.700001
v 0.126594 -2.496796 14.749999
v 0.6266 -2.420198 15.700001
v 0.6266 -2.420198 14.749999
v 1.100999 -2.244496 15.700001
v 1.100999 -2.244496 14.749999
v 1.530295 -1.976895 15.700001
v 1.530295 -1.976895 14.749999
v 1.896899 -1.628398 15.700001
v 1.896899 -1.628398 14.749999
v 2.185899 -1.2133 15.700001
v 2.185899 -1.2133 14.749999
v 2.3853 -0.748396 15.700001
v 2.3853 -0.748396 14.749999
v 2.4872 -0.252897 15.700001
v 2.4872 -0.252897 14.749999
v 2.4872 -0.252897 14.749999
v 2.4872 -0.252897 15.700001
v 2.4872 0.252897 15.700001
v 2.4872 0.252897 14.749999
v 2.3853 0.748396 15.700001
v 2.3853 0.748396 14.749999
v 2.185899 1.2133 15.700001
v 2.185899 1.2133 14.749999
v 1.896899 1.628398 15.700001
v 1.896899 1.628398 14.749999
v 1.530295 1.976895 15.700001
v 1.530295 1.976895 14.749999
v 1.100999 2.244496 15.700001
v 1.100999 2.244496 14.749999
v 0.6266 2.420198 15.700001
v 0.6266 2.420198 14.749999
v 0.126594 2.496796 15.700001
v 0.126594 2.496796 14.749999
v -0.378597 2.471196 15.700001
v -0.378597 2.471196 14.749999
v -0.868297 2.344399 15.700001
v -0.868297 2.344399 14.749999
v -1.322394 2.121597 15.700001
v -1.322394 2.121597 14.749999
v -1.722395 1.811999 15.700001
v -1.722395 1.811999 14.749999
v -2.051895 1.428198 15.700001
v -2.051895 1.428198 14.749999
v -2.297395 0.985896 15.700001
v -2.297395 0.985896 14.749999
v -2.448797 0.503194 15.700001
v -0.807899 -9.7 0
v -0.299996 -9.799998 0
v -0.807899 -10.2026 0
v -0.259799 -9.95 0
v -0.667697 -10.3523 0
v -0.149995 -10.0598 0
v -0.222695 -10.3714 0
v 0 -10.1 0
v 0.222695 -10.3714 0
v 0.149995 -10.0598 0
v 0.667697 -10.3523 0
v 0.259799 -9.95 0
v 0.807899 -10.2026 0
v 0.299996 -9.799998 0
v 0.807899 -9.7 0
v 0.259799 -9.649997 0
v 0.759095 -9.423696 0
v 0.618899 -9.1807 0
v 0.149995 -9.5402 0
v 0.403899 -9.000396 0
v 0 -9.499996 0
v 0.140297 -8.904397 0
v -0.140297 -8.904397 0
v -0.403899 -9.000396 0
v -0.149995 -9.5402 0
v -0.618899 -9.1807 0
v -0.259799 -9.649997 0
v -0.759095 -9.423696 0
v 0.789398 -10.2748 0
v 0.738394 -10.3292 0
v -0.738394 -10.3292 0
v -0.789398 -10.2748 0
v -6.962198 -7.712 0
v -6.4511 -6.9521 0
v -6.528395 -8.061999 0
v -6.249797 -6.875699 0
v -6.330496 -8.2183 0
v -5.094498 -7.163298 0
v -6.128895 -8.369797 0
v -5.700296 -8.462399 0
v -5.923599 -8.516299 0
v -5.863696 -8.541798 0
v -5.798697 -8.541196 0
v -5.740296 -8.513295 0
v -6.664997 -6.926095 0
v -7.408899 -7.366299 0
v -6.842195 -6.803798 0
v -6.942296 -6.613099 0
v -7.8758 -7.039999 0
v -6.942296 -6.3977 0
v -7.748597 -5.568498 0
v -6.842195 -6.206995 0
v -7.485097 -5.295598 0
v -6.664997 -6.084597 0
v -7.163298 -5.094498 0
v -6.802397 -4.977297 0
v -8.461499 -6.514596 0
v -8.365595 -6.756198 0
v -8.402299 -6.737798 0
v -8.453899 -6.697195 0
v -8.4845 -6.639397 0
v -8.487796 -6.574296 0
v -6.4511 -6.058698 0
v -6.423896 -4.950797 0
v -6.050199 -5.016696 0
v -6.249797 -6.134998 0
v -5.703598 -5.170994 0
v -5.404597 -5.404597 0
v -6.106895 -6.2963 0
v -5.170994 -5.703598 0
v -5.016696 -6.050199 0
v -6.055396 -6.505399 0
v -4.950797 -6.423896 0
v -4.977297 -6.802397 0
v -6.106895 -6.714498 0
v 6.903797 6.2963 0
v 6.942296 6.3977 1.299995
v 6.955397 6.505399 0
v 6.955397 6.505399 0
v 6.942296 6.3977 1.299995
v 6.942296 6.613099 1.299995
v 6.903797 6.714498 0
v 6.842195 6.803798 1.299995
v 6.760996 6.875699 0
v 6.664997 6.926095 1.299995
v 6.559598 6.9521 0
v 6.4511 6.9521 1.299995
v 6.345796 6.926095 0
v 6.249797 6.875699 1.299995
v 6.168597 6.803798 0
v 6.106895 6.714498 1.299995
v 6.068497 6.613099 0
v 6.055396 6.505399 1.299995
v 6.068497 6.3977 0
v 6.106895 6.2963 1.299995
v 6.168597 6.206995 0
v 6.249797 6.134998 1.299995
v 6.345796 6.084597 0
v 6.4511 6.058698 1.299995
v 6.559598 6.058698 0
v 6.664997 6.084597 1.299995
v 6.760996 6.134998 0
v 6.842195 6.206995 1.299995
v -6.106895 6.714498 1.299995
v -6.106895 6.714498 0
v -6.055396 6.505399 1.299995
v -6.055396 6.505399 0
v -6.055396 6.505399 1.299995
v -6.055396 6.505399 0
v -6.106895 6.2963 1.299995
v -6.106895 6.2963 0
v -6.249797 6.134998 1.299995
v -6.249797 6.134998 0
v -6.4511 6.058698 1.299995
v -6.4511 6.058698 0
v -6.664997 6.084597 1.299995
v -6.664997 6.084597 0
v -6.842195 6.206995 1.299995
v -6.842195 6.206995 0
v -6.942296 6.3977 1.299995
v -6.942296 6.3977 0
v -6.942296 6.613099 1.299995
v -6.942296 6.613099 0
v -6.842195 6.803798 1.299995
v -6.842195 6.803798 0
v -6.664997 6.926095 1.299995
v -6.664997 6.926095 0
v -6.4511 6.9521 1.299995
v -6.4511 6.9521 0
v -6.249797 6.875699 1.299995
v -6.249797 6.875699 0
v -6.106895 -6.714498 0
v -6.068497 -6.613099 1.299995
v -6.055396 -6.505399 0
v -6.055396 -6.505399 0
v -6.068497 -6.613099 1.299995
v -6.068497 -6.3977 1.299995
v -6.106895 -6.2963 0
v -6.168597 -6.206995 1.299995
v -6.249797 -6.134998 0
v -6.345796 -6.084597 1.299995
v -6.4511 -6.058698 0
v -6.559598 -6.058698 1.299995
v -6.664997 -6.084597 0
v -6.760996 -6.134998 1.299995
v -6.842195 -6.206995 0
v -6.903797 -6.2963 1.299995
v -6.942296 -6.3977 0
v -6.955397 -6.505399 1.299995
v -6.942296 -6.613099 0
v -6.903797 -6.714498 1.299995
v -6.842195 -6.803798 0
v -6.760996 -6.875699 1.299995
v -6.664997 -6.926095 0
v -6.559598 -6.9521 1.299995
v -6.4511 -6.9521 0
v -6.345796 -6.926095 1.299995
v -6.249797 -6.875699 0
v -6.168597 -6.803798 1.299995
v 6.903797 -6.714498 0
v 6.942296 -6.613099 1.299995
v 6.955397 -6.505399 0
v 6.955397 -6.505399 0
v 6.942296 -6.613099 1.299995
v 6.942296 -6.3977 1.299995
v 6.903797 -6.2963 0
v 6.842195 -6.206995 1.299995
v 6.760996 -6.134998 0
v 6.664997 -6.084597 1.299995
v 6.559598 -6.058698 0
v 6.4511 -6.058698 1.299995
v 6.345796 -6.084597 0
v 6.249797 -6.134998 1.299995
v 6.168597 -6.206995 0
v 6.106895 -6.2963 1.299995
v 6.068497 -6.3977 0
v 6.055396 -6.505399 1.299995
v 6.068497 -6.613099 0
v 6.106895 -6.714498 1.299995
v 6.168597 -6.803798 0
v 6.249797 -6.875699 1.299995
v 6.345796 -6.926095 0
v 6.4511 -6.9521 1.299995
v 6.559598 -6.9521 0
v 6.664997 -6.926095 1.299995
v 6.760996 -6.875699 0
v 6.842195 -6.803798 1.299995
v -0.284696 -9.705495 2.620697
v -0.299996 -9.799998 2.327996
v -0.299996 -9.799998 0
v -0.284398 -9.895497 2.035999
v -0.259799 -9.95 0
v -0.239396 -9.980797 1.777595
v -0.149995 -10.0598 0
v -0.155497 -10.0566 1.550495
v -0.0828 -10.0883 1.4557
v 0 -10.1 0
v -0.0314 -10.0983 1.425898
v -0.002 -10.1 1.420998
v 0.0273 -10.0988 1.4247
v 0.0782 -10.0896 1.451897
v 0.149995 -10.0598 0
v 0.117999 -10.0758 1.493096
v 0.175798 -10.0431 1.590895
v 0.259799 -9.95 0
v 0.248295 -9.9684 1.815098
v 0.289798 -9.877598 2.090495
v 0.299996 -9.799998 0
v 0.299996 -9.799998 0
v 0.289798 -9.877598 2.090495
v 0.299197 -9.777498 2.3974
v 0.259799 -9.649997 0
v 0.275296 -9.680795 2.697896
v 0.221598 -9.597796 2.958697
v 0.149995 -9.5402 0
v 0.134796 -9.531998 3.167897
v 0.0616 -9.506398 3.249895
v 0 -9.499996 0
v 0.0105 -9.500199 3.269797
v -0.0168 -9.500497 3.268897
v -0.0425 -9.503 3.260695
v -0.086 -9.512597 3.229999
v -0.149995 -9.5402 0
v -0.120598 -9.525299 3.189295
v -0.171995 -9.554195 3.097099
v -0.241095 -9.6215 2.884
v -0.259799 -9.649997 0
v -0.286496 9.888899 2.056199
v -0.299996 9.799998 2.327996
v -0.299996 9.799998 0
v -0.286496 9.710896 2.603697
v -0.259799 9.649997 0
v -0.246096 9.628397 2.862095
v -0.149995 9.5402 0
v -0.182098 9.561598 3.073596
v -0.135898 9.532499 3.166198
v -0.069 9.508097 3.244596
v 0 9.499996 0
v -0.0218 9.500795 3.267896
v 0.0053 9.499996 3.270298
v 0.0328 9.501796 3.2646
v 0.0811 9.511196 3.234595
v 0.149995 9.5402 0
v 0.119197 9.524697 3.191196
v 0.216198 9.592097 2.976799
v 0.259799 9.649997 0
v 0.274998 9.680098 2.699798
v 0.299996 9.799998 0
v 0.299597 9.784698 2.375197
v 0.299996 9.799998 0
v 0.299597 9.784698 2.375197
v 0.285399 9.892499 2.044999
v 0.259799 9.95 0
v 0.2334 9.988498 1.754498
v 0.149995 10.0598 0
v 0.149 10.06039 1.539099
v 0.0849 10.0877 1.4575
v 0 10.1 0
v 0.0403 10.0973 1.429098
v 0.014 10.0997 1.421999
v -0.014 10.0997 1.421999
v -0.067 10.0924 1.443594
v -0.149995 10.0598 0
v -0.109696 10.0792 1.482897
v -0.1719 10.0459 1.582396
v -0.259799 9.95 0
v -0.246495 9.970998 1.807296
v -10.8 -6.347 0.448895
v -10.8 -6.313097 0.4403
v -10.8 -6.346398 0.430596
v -10.8 -6.265795 0.410396
v -10.8 -6.341695 0.342095
v -10.8 -6.210899 0.399995
v -10.8 6.341695 0.342095
v -10.8 6.210899 0.399995
v -10.8 6.265795 0.410396
v -10.8 -6.346899 0.467098
v -10.8 -6.346195 0.485295
v -10.8 6.346398 0.430596
v -10.8 6.313097 0.4403
v -10.8 6.347 0.448895
v -10.8 6.346899 0.467098
v -10.8 6.346195 0.485295
v -10.8 -6.319099 0.270498
v -10.8 6.319099 0.270498
v -10.8 -6.264698 0.218797
v -10.8 6.264698 0.218797
v -10.8 -6.191897 0.199997
v -10.8 6.191897 0.199997
v -10.8 5.4223 5.231595
v -10.8 5.695199 3.670895
v -10.8 5.702799 3.676295
v -10.8 5.999398 2.115994
v -10.8 6.014496 2.126795
v -10.8 6.334596 0.567496
v -10.8 6.356996 0.583994
v -10.8 6.339997 0.540298
v -10.8 6.343895 0.512898
v -10.8 6.346195 0.485295
v -10.8 6.357198 0.517094
v -10.8 6.3609 0.550598
v -10.8 -4.016494 14.6648
v -10.8 -3.896796 14.6672
v -10.8 -3.841698 14.735501
v -10.8 -2.800297 14.927401
v -10.8 -2.759999 14.986689
v -10.8 -1.686996 15.1017
v -10.8 -1.662397 15.154991
v -10.8 -0.563395 15.18909
v -10.8 -0.555199 15.239391
v -10.8 0.563395 15.18909
v -10.8 0.555199 15.239391
v -10.8 1.662397 15.154991
v -10.8 1.686996 15.1017
v -10.8 2.759999 14.986689
v -10.8 2.800297 14.927401
v -10.8 3.841698 14.735501
v -10.8 3.896796 14.6672
v -10.8 4.016494 14.6648
v -10.8 4.045099 14.609399
v -10.8 4.169899 14.5551
v -10.8 4.179096 14.5234
v -10.8 4.2934 14.4125
v -10.8 -4.045099 14.609399
v -10.8 -4.169899 14.5551
v -10.8 -4.179096 14.5234
v -10.8 -4.2934 14.4125
v -10.8 -6.3609 0.550598
v -10.8 -6.357198 0.517094
v -10.8 -6.356996 0.583994
v -10.8 -6.343895 0.512898
v -10.8 -6.339997 0.540298
v -10.8 -6.346195 0.485295
v -10.8 -6.334596 0.567496
v -10.8 -6.014496 2.126795
v -10.8 -5.999398 2.115994
v -10.8 -5.702799 3.676295
v -10.8 -5.695199 3.670895
v -10.8 -5.4223 5.231595
v -10.8 -4.429894 14.009
v -11.3 -4.429894 14.009
v -10.8 -4.585897 11.8051
v -11.3 -4.630297 11.3007
v -10.8 -4.803395 9.606397
v -11.3 -4.923599 8.600795
v -10.8 -5.082195 7.414698
v -11.3 -5.309498 5.912697
v -10.8 -5.4223 5.231595
v -11.3 -5.787497 3.239297
v -10.8 -5.702799 3.676295
v -10.8 -6.014496 2.126795
v -11.3 -6.356996 0.583994
v -10.8 -6.356996 0.583994
v -10.8 3.841698 14.735501
v -11.3 3.841698 14.735501
v -10.8 2.759999 14.986689
v -11.3 2.759999 14.986689
v -10.8 1.662397 15.154991
v -11.3 1.662397 15.154991
v -10.8 0.555199 15.239391
v -11.3 0.555199 15.239391
v -10.8 -0.555199 15.239391
v -11.3 -0.555199 15.239391
v -10.8 -1.662397 15.154991
v -11.3 -1.662397 15.154991
v -10.8 -2.759999 14.986689
v -11.3 -2.759999 14.986689
v -10.8 -3.841698 14.735501
v -11.3 -3.841698 14.735501
v -10.8 4.429894 14.009
v -10.8 4.585897 11.8051
v -11.3 4.429894 14.009
v -11.3 4.630297 11.3007
v -10.8 4.803395 9.606397
v -11.3 4.923599 8.600795
v -10.8 5.082195 7.414698
v -11.3 5.309498 5.912697
v -10.8 5.4223 5.231595
v -11.3 5.787497 3.239297
v -10.8 5.702799 3.676295
v -10.8 6.014496 2.126795
v -10.8 6.356996 0.583994
v -11.3 6.356996 0.583994
v -10.8 6.210899 0.399995
v -10.8 -6.210899 0.399995
v -11.3 6.210899 0.399995
v -11.3 -6.210899 0.399995
v -11.3 -6.210899 0.399995
v -11.3 5.787497 3.239297
v -11.3 6.210899 0.399995
v -11.3 6.356996 0.583994
v -11.3 6.2761 0.414896
v -11.3 6.328397 0.456697
v -11.3 6.357198 0.517094
v -11.3 -6.2761 0.414896
v -11.3 -6.356996 0.583994
v -11.3 -5.787497 3.239297
v -11.3 5.309498 5.912697
v -11.3 -5.309498 5.912697
v -11.3 4.923599 8.600795
v -11.3 -4.923599 8.600795
v -11.3 4.630297 11.3007
v -11.3 -4.630297 11.3007
v -11.3 0.555199 15.239391
v -11.3 -0.555199 15.239391
v -11.3 -1.662397 15.154991
v -11.3 -2.759999 14.986689
v -11.3 -4.429894 14.009
v -11.3 -3.841698 14.735501
v -11.3 -4.068398 14.6336
v -11.3 -4.252898 14.467099
v -11.3 -4.377394 14.252
v -11.3 -6.328397 0.456697
v -11.3 -6.357198 0.517094
v -11.3 1.662397 15.154991
v -11.3 2.759999 14.986689
v -11.3 4.429894 14.009
v -11.3 3.841698 14.735501
v -11.3 4.068398 14.6336
v -11.3 4.252898 14.467099
v -11.3 4.377394 14.252
v -10.8 -4.169899 14.5551
v -11.3 -4.252898 14.467099
v -10.8 -4.2934 14.4125
v -11.3 -4.377394 14.252
v -10.8 -4.362899 14.286999
v -10.8 -4.408895 14.150999
v -11.3 -4.429894 14.009
v -10.8 -4.429894 14.009
v -11.3 -4.068398 14.6336
v -10.8 -4.016494 14.6648
v -11.3 -3.841698 14.735501
v -10.8 -3.841698 14.735501
v -10.8 4.362899 14.286999
v -11.3 4.377394 14.252
v -10.8 4.2934 14.4125
v -11.3 4.252898 14.467099
v -10.8 4.169899 14.5551
v -11.3 4.068398 14.6336
v -10.8 4.016494 14.6648
v -11.3 3.841698 14.735501
v -10.8 3.841698 14.735501
v -10.8 4.408895 14.150999
v -11.3 4.429894 14.009
v -10.8 4.429894 14.009
v -10.8 -6.357198 0.517094
v -11.3 -6.357198 0.517094
v -10.8 -6.346195 0.485295
v -11.3 -6.328397 0.456697
v -10.8 -6.313097 0.4403
v -11.3 -6.2761 0.414896
v -10.8 -6.265795 0.410396
v -11.3 -6.210899 0.399995
v -10.8 -6.210899 0.399995
v -10.8 -6.3609 0.550598
v -11.3 -6.356996 0.583994
v -10.8 -6.356996 0.583994
v -10.8 6.313097 0.4403
v -11.3 6.328397 0.456697
v -10.8 6.346195 0.485295
v -11.3 6.357198 0.517094
v -10.8 6.357198 0.517094
v -10.8 6.3609 0.550598
v -11.3 6.356996 0.583994
v -10.8 6.356996 0.583994
v -11.3 6.2761 0.414896
v -10.8 6.265795 0.410396
v -11.3 6.210899 0.399995
v -10.8 6.210899 0.399995
vt 0.14895833 0.33849706
vt 0.15925128 0.31696429
vt 0.14895833 0.31696429
vt 0.17123539 0.37946429
vt 0.14895833 0.37163641
vt 0.18020833 0.35894789
vt 0.18020833 0.34582891
vt 0.14895833 0.33945067
vt 0.14895833 0.34238269
vt 0.14895833 0.33683153
vt 0.15016831 0.33444627
vt 0.15126956 0.33108278
vt 0.15911711 0.32238956
vt 0.18020833 0.33748068
vt 0.18020833 0.35059966
vt 0.14895833 0.35697790
vt 0.14895833 0.35404588
vt 0.14895833 0.35959704
vt 0.15016831 0.36198230
vt 0.15126956 0.36534579
vt 0.15911711 0.37403901
vt 0.14895833 0.32479216
vt 0.17123539 0.31696429
vt 0.14895833 0.37946429
vt 0.15925128 0.37946429
vt 0.14895833 0.35793151
vt 0.16717643 0.33908047
vt 0.15954519 0.37946429
vt 0.16878832 0.32461561
vt 0.14895833 0.36467542
vt 0.18020833 0.31696429
vt 0.18020833 0.31696429
vt 0.14895833 0.37946429
vt 0.17529268 0.31696429
vt 0.16988397 0.37946429
vt 0.16791523 0.37946429
vt 0.16791523 0.33648171
vt 0.14895833 0.37946429
vt 0.16791523 0.37946429
vt 0.16791523 0.35947432
vt 0.14895833 0.31696429
vt 0.16988773 0.34219565
vt 0.17530210 0.32685937
vt 0.18020833 0.31696429
vt 0.18020833 0.31696429
vt 0.14895833 0.31696429
vt 0.14895833 0.33026804
vt 0.15954519 0.37539686
vt 0.15954519 0.36498060
vt 0.17784209 0.36498060
vt 0.17784209 0.37946429
vt 0.14895833 0.37946429
vt 0.14895833 0.32481183
vt 0.15193582 0.32481183
vt 0.15193582 0.36722674
vt 0.17023302 0.36722674
vt 0.17023302 0.37946429
vt 0.18020833 0.37946429
vt 0.18020833 0.32705917
vt 0.14895833 0.32705917
vt 0.14895833 0.36947431
vt 0.16262407 0.36947431
vt 0.16262407 0.31696429
vt 0.18020833 0.31696429
vt 0.18020833 0.32930674
vt 0.14895833 0.32930674
vt 0.14895833 0.37172307
vt 0.15780352 0.37172307
vt 0.15780352 0.31696429
vt 0.17703002 0.32975807
vt 0.17703002 0.32790937
vt 0.15780352 0.33981313
vt 0.15780352 0.37946429
vt 0.14895833 0.33981313
vt 0.14895833 0.37946429
vt 0.18020833 0.33981313
vt 0.18020833 0.37946429
vt 0.16262407 0.33981313
vt 0.16262407 0.37946429
vt 0.14895833 0.33981313
vt 0.14895833 0.37946429
vt 0.18020833 0.33981313
vt 0.18020833 0.37946429
vt 0.17023302 0.33981313
vt 0.17023302 0.37946429
vt 0.15193582 0.33981313
vt 0.15193582 0.37946429
vt 0.14895833 0.33981313
vt 0.14895833 0.37946429
vt 0.17784209 0.33981313
vt 0.17784209 0.37946429
vt 0.15954519 0.33981313
vt 0.15954519 0.37946429
vt 0.14895833 0.37946429
vt 0.14895833 0.31696429
vt 0.16591836 0.34625925
vt 0.17784209 0.37946429
vt 0.15954519 0.36048426
vt 0.17784209 0.36048426
vt 0.15954519 0.31806936
vt 0.17784209 0.31806936
vt 0.15954519 0.37946429
vt 0.17784209 0.37946429
vt 0.15954519 0.35823812
vt 0.17784209 0.35823812
vt 0.15954519 0.31696429
vt 0.17784209 0.31696429
vt 0.15954519 0.37946429
vt 0.17784209 0.37946429
vt 0.17784209 0.35593285
vt 0.14895833 0.35590424
vt 0.14895833 0.31696429
vt 0.15193582 0.31696429
vt 0.14895833 0.37946429
vt 0.15193582 0.37946429
vt 0.14895833 0.35374178
vt 0.15193582 0.35374178
vt 0.14895833 0.31696429
vt 0.15193582 0.31696429
vt 0.14895833 0.37946429
vt 0.15193582 0.37946429
vt 0.14895833 0.35149445
vt 0.15193582 0.35149445
vt 0.14895833 0.31696429
vt 0.15193582 0.31696429
vt 0.14895833 0.35872807
vt 0.16321708 0.36066069
vt 0.16480083 0.36138691
vt 0.16597582 0.34626307
vt 0.16495336 0.34684171
vt 0.14895833 0.37946429
vt 0.16392518 0.34057798
vt 0.15193582 0.37946429
vt 0.16415209 0.34054174
vt 0.16276271 0.32687177
vt 0.16079260 0.31696429
vt 0.17023302 0.37946429
vt 0.15193582 0.36048426
vt 0.17023302 0.36048426
vt 0.15193582 0.31806936
vt 0.17023302 0.31806936
vt 0.15193582 0.37946429
vt 0.17023302 0.37946429
vt 0.15193582 0.35823812
vt 0.17023302 0.35823812
vt 0.15193582 0.31696429
vt 0.17023302 0.31696429
vt 0.15193582 0.37946429
vt 0.17023302 0.37946429
vt 0.17023302 0.35584797
vt 0.18020833 0.35581936
vt 0.18020833 0.31696429
vt 0.14895833 0.31696429
vt 0.18020833 0.37946429
vt 0.14895833 0.37946429
vt 0.18020833 0.35374178
vt 0.14895833 0.35374178
vt 0.18020833 0.31696429
vt 0.14895833 0.31696429
vt 0.18020833 0.37946429
vt 0.14895833 0.37946429
vt 0.18020833 0.35149445
vt 0.14895833 0.35149445
vt 0.18020833 0.31696429
vt 0.14895833 0.31696429
vt 0.18020833 0.37946429
vt 0.14895833 0.37946429
vt 0.15325195 0.31696429
vt 0.15352426 0.31696429
vt 0.18020833 0.34274306
vt 0.14895833 0.34924664
vt 0.18020833 0.36335673
vt 0.14895833 0.37654413
vt 0.14895833 0.37946429
vt 0.14895833 0.37946429
vt 0.16262407 0.34924664
vt 0.14895833 0.31696429
vt 0.16262407 0.31696429
vt 0.14895833 0.37946429
vt 0.16262407 0.37946429
vt 0.14895833 0.34699930
vt 0.16262407 0.34699930
vt 0.14895833 0.31696429
vt 0.16262407 0.31696429
vt 0.14895833 0.37946429
vt 0.16262407 0.37946429
vt 0.14895833 0.34475197
vt 0.16262407 0.34475197
vt 0.14895833 0.31696429
vt 0.16262407 0.31696429
vt 0.14895833 0.37946429
vt 0.16262407 0.37946429
vt 0.14895833 0.34250416
vt 0.16262407 0.34250416
vt 0.16262407 0.31696429
vt 0.18020833 0.31696429
vt 0.18020833 0.37946429
vt 0.14895833 0.31696429
vt 0.14895833 0.37946429
vt 0.15780352 0.31696429
vt 0.15780352 0.37946429
vt 0.17703002 0.37946429
vt 0.15780352 0.34025683
vt 0.17703002 0.37946429
vt 0.15780352 0.31696429
vt 0.17703002 0.37946429
vt 0.15780352 0.37946429
vt 0.15780352 0.33800949
vt 0.14895833 0.33800949
vt 0.14895833 0.31696429
vt 0.18020833 0.31696429
vt 0.14895833 0.37817826
vt 0.16187833 0.37817826
vt 0.18020833 0.32031669
vt 0.16121543 0.31696429
vt 0.18020833 0.31696429
vt 0.14895833 0.36273183
vt 0.15725545 0.37946429
vt 0.15770177 0.37946429
vt 0.18020833 0.35917057
vt 0.18020833 0.33661546
vt 0.14895833 0.32210674
vt 0.14895833 0.31696429
vt 0.14895833 0.37946429
vt 0.16262407 0.37946429
vt 0.16262407 0.36273183
vt 0.14895833 0.32031669
vt 0.16262407 0.32031669
vt 0.14895833 0.37946429
vt 0.16262407 0.37946429
vt 0.14895833 0.36048426
vt 0.16262407 0.36048426
vt 0.14895833 0.31806936
vt 0.16262407 0.31806936
vt 0.14895833 0.37946429
vt 0.16262407 0.37946429
vt 0.14895833 0.35823812
vt 0.16262407 0.35823812
vt 0.14895833 0.31696429
vt 0.16262407 0.31696429
vt 0.14895833 0.37946429
vt 0.16262407 0.37946429
vt 0.16262407 0.35576309
vt 0.18020833 0.35573448
vt 0.18020833 0.31696429
vt 0.14895833 0.35570540
vt 0.14895833 0.31696429
vt 0.15780352 0.35567679
vt 0.15780352 0.31696429
vt 0.17703002 0.35564818
vt 0.17703002 0.35749687
vt 0.14895833 0.31696429
vt 0.14895833 0.31696429
vt 0.18020833 0.37946429
vt 0.18020833 0.37946429
vt 0.14895833 0.32256426
vt 0.16262407 0.32256426
vt 0.16262407 0.36498060
vt 0.18020833 0.36498060
vt 0.18020833 0.37946429
vt 0.14895833 0.37946429
vt 0.14895833 0.32481183
vt 0.15780352 0.32481183
vt 0.15780352 0.36722674
vt 0.17703002 0.33900418
vt 0.17703002 0.33715548
vt 0.15780352 0.37946429
vt 0.17703002 0.33530559
vt 0.15780352 0.32705917
vt 0.15780352 0.36947431
vt 0.14895833 0.32705917
vt 0.14895833 0.36947431
vt 0.18020833 0.32705917
vt 0.18020833 0.36947431
vt 0.16262407 0.32705917
vt 0.15352426 0.35328688
vt 0.15325195 0.35305919
vt 0.18020833 0.32256426
vt 0.18020833 0.33244314
vt 0.15727175 0.31696429
vt 0.18020833 0.36498060
vt 0.15702219 0.31696429
vt 0.15972156 0.31696429
vt 0.17023302 0.36498060
vt 0.16177643 0.37946429
vt 0.16165394 0.37946429
vt 0.15193582 0.36498060
vt 0.16321708 0.37946429
vt 0.14895833 0.37946429
vt 0.16480083 0.37946429
vt 0.14895833 0.36498060
vt 0.17784209 0.37946429
vt 0.16479457 0.37946429
vt 0.16665018 0.37946429
vt 0.16878832 0.31696429
vt 0.15963209 0.31696429
vt 0.15047330 0.31696429
vt 0.16988397 0.36538948
vt 0.14895833 0.37946429
vt 0.16791523 0.34810032
vt 0.14895833 0.31696429
vt 0.16791523 0.31696429
vt 0.16791523 0.37109436
vt 0.14895833 0.32025065
vt 0.16791523 0.32008948
vt 0.16988773 0.31696429
vt 0.17530210 0.31696429
vt 0.14895833 0.34289946
vt 0.18020833 0.37946429
vt 0.18020833 0.37946429
vt 0.15954519 0.34817566
vt 0.14895833 0.37946429
vt 0.15047330 0.37946429
vt 0.15963209 0.37946429
vt 0.16878832 0.37946429
vt 0.16665018 0.36858811
vt 0.17784209 0.35345187
vt 0.16479457 0.36138691
vt 0.17529268 0.37946429
vt 0.18020833 0.37946429
vt 0.18020833 0.37946429
vt 0.16878832 0.37946429
vt 0.15954519 0.34699930
vt 0.14895833 0.37730660
vt 0.15954519 0.31696429
vt 0.14895833 0.35465826
vt 0.15954519 0.37946429
vt 0.14895833 0.33201041
vt 0.15954519 0.34475197
vt 0.14895833 0.31696429
vt 0.15954519 0.31696429
vt 0.15954519 0.37946429
vt 0.17784209 0.31696429
vt 0.17784209 0.37946429
vt 0.14895833 0.31696429
vt 0.14895833 0.37946429
vt 0.15193582 0.31696429
vt 0.15193582 0.37946429
vt 0.17023302 0.31696429
vt 0.17023302 0.37946429
vt 0.18020833 0.31696429
vt 0.18020833 0.37946429
vt 0.16717643 0.31696429
vt 0.16591836 0.31696429
vt 0.17784209 0.34699930
vt 0.16597582 0.31696429
vt 0.16495336 0.31696429
vt 0.14895833 0.34699930
vt 0.16392518 0.31696429
vt 0.15193582 0.34699930
vt 0.16415209 0.31696429
vt 0.16276271 0.31696429
vt 0.16079260 0.37946429
vt 0.17023302 0.34699930
vt 0.15193582 0.31696429
vt 0.17023302 0.31696429
vt 0.15193582 0.37946429
vt 0.17023302 0.37946429
vt 0.15193582 0.34475197
vt 0.17023302 0.34475197
vt 0.18020833 0.37946429
vt 0.16121543 0.37946429
vt 0.18020833 0.37263169
vt 0.15725545 0.35108437
vt 0.18020833 0.34699930
vt 0.18020833 0.31696429
vt 0.18020833 0.37946429
vt 0.18020833 0.34475197
vt 0.15770177 0.35068907
vt 0.18020833 0.31978573
vt 0.18020833 0.31696429
vt 0.14895833 0.37946429
vt 0.18020833 0.31696429
vt 0.15727175 0.37946429
vt 0.15702219 0.37946429
vt 0.15972156 0.37946429
vt 0.17023302 0.31696429
vt 0.16177643 0.36665692
vt 0.16165394 0.36663689
vt 0.18020833 0.31866302
vt 0.17703002 0.31866302
vt 0.18020833 0.36908056
vt 0.17703002 0.32051183
vt 0.17759021 0.31696429
vt 0.16095190 0.37946429
vt 0.17703002 0.32236053
vt 0.15780352 0.34318306
vt 0.15780352 0.31696429
vt 0.14895833 0.35938801
vt 0.18020833 0.32939686
vt 0.15780352 0.36683549
vt 0.14895833 0.36683549
vt 0.14895833 0.31696429
vt 0.18020833 0.31696429
vt 0.17703002 0.32421054
vt 0.17703002 0.32605924
vt 0.15780352 0.31696429
vt 0.17703002 0.33160795
vt 0.15780352 0.32930674
vt 0.14895833 0.31696429
vt 0.15780352 0.31696429
vt 0.17703002 0.33345689
vt 0.15780352 0.37946429
vt 0.17703002 0.34085430
vt 0.15780352 0.36498060
vt 0.17703002 0.34270300
vt 0.15780352 0.32256426
vt 0.15780352 0.37946429
vt 0.14895833 0.37946429
vt 0.14895833 0.36273183
vt 0.18020833 0.36273183
vt 0.18020833 0.32031669
vt 0.17703002 0.34455313
vt 0.15780352 0.36273183
vt 0.14895833 0.32031669
vt 0.18020833 0.37946429
vt 0.15780352 0.32031669
vt 0.17703002 0.34640183
vt 0.15780352 0.37946429
vt 0.17703002 0.34825053
vt 0.15780352 0.36048426
vt 0.15780352 0.31806936
vt 0.14895833 0.31806936
vt 0.14895833 0.37946429
vt 0.18020833 0.37946429
vt 0.18020833 0.35823812
vt 0.17703002 0.35010065
vt 0.15780352 0.37946429
vt 0.14895833 0.35823812
vt 0.18020833 0.31696429
vt 0.17703002 0.35194935
vt 0.15780352 0.35823812
vt 0.14895833 0.31696429
vt 0.18020833 0.37946429
vt 0.15780352 0.31696429
vt 0.17703002 0.35379948
vt 0.15780352 0.37946429
vt 0.15780352 0.37946429
vt 0.17703002 0.35934700
vt 0.15780352 0.35374178
vt 0.15780352 0.31696429
vt 0.14895833 0.31696429
vt 0.14895833 0.37946429
vt 0.18020833 0.37946429
vt 0.18020833 0.35149445
vt 0.16262407 0.35149445
vt 0.16262407 0.31696429
vt 0.17703002 0.36119570
vt 0.15780352 0.37946429
vt 0.14895833 0.35149445
vt 0.18020833 0.31696429
vt 0.16262407 0.37946429
vt 0.17703002 0.36304535
vt 0.15780352 0.35149445
vt 0.14895833 0.31696429
vt 0.18020833 0.37946429
vt 0.15780352 0.31696429
vt 0.17703002 0.36489405
vt 0.15780352 0.37946429
vt 0.17703002 0.36674322
vt 0.15780352 0.34924664
vt 0.15780352 0.31696429
vt 0.14895833 0.31696429
vt 0.14895833 0.37946429
vt 0.18020833 0.37946429
vt 0.18020833 0.34699930
vt 0.17703002 0.36859288
vt 0.15780352 0.37946429
vt 0.14895833 0.34699930
vt 0.18020833 0.31696429
vt 0.15780352 0.34699930
vt 0.17703002 0.37044157
vt 0.15780352 0.31696429
vt 0.17703002 0.37229170
vt 0.15780352 0.37946429
vt 0.15780352 0.34475197
vt 0.14895833 0.34475197
vt 0.14895833 0.31696429
vt 0.18020833 0.31696429
vt 0.18020833 0.37946429
vt 0.17703002 0.37414040
vt 0.15780352 0.31696429
vt 0.14895833 0.37946429
vt 0.18020833 0.34250416
vt 0.17703002 0.37598910
vt 0.15780352 0.37946429
vt 0.14895833 0.34250416
vt 0.15780352 0.34250416
vt 0.17703002 0.37783922
vt 0.17703002 0.37946429
vt 0.15780352 0.31696429
vt 0.18020833 0.37817826
vt 0.17703002 0.31696429
vt 0.17703002 0.31696429
vt 0.15780352 0.32813016
vt 0.15780352 0.31696429
vt 0.15780352 0.37817826
vt 0.18020833 0.31696429
vt 0.15780352 0.36004003
vt 0.14895833 0.37946429
vt 0.15780352 0.37946429
vt 0.16097733 0.35143866
vt 0.17703002 0.31696429
vt 0.17758896 0.32208415
vt 0.18020833 0.37095542
vt 0.17703002 0.31696429
vt 0.18020833 0.31696429
vt 0.14895833 0.37520115
vt 0.17703002 0.31696429
vt 0.14895833 0.32853969
vt 0.17703002 0.31696429
vt 0.14895833 0.37946429
vt 0.15317083 0.36154063
vt 0.17703002 0.31696429
vt 0.15754846 0.31696429
vt 0.16076958 0.37946429
vt 0.17703002 0.31696429
vt 0.16276290 0.35112329
vt 0.17703002 0.31696429
vt 0.16345596 0.31696429
vt 0.16279527 0.37946429
vt 0.17703002 0.31696429
vt 0.16082252 0.34274425
vt 0.17703002 0.31696429
vt 0.15761477 0.31696429
vt 0.15325996 0.37712433
vt 0.17703002 0.31696429
vt 0.14895833 0.33184923
vt 0.14895833 0.31696429
vt 0.17703002 0.31696429
vt 0.14895833 0.36478557
vt 0.17703002 0.37946429
vt 0.17927329 0.37817826
vt 0.14895833 0.31696429
vt 0.16262407 0.31696429
vt 0.18020833 0.33800949
vt 0.14895833 0.37946429
vt 0.14895833 0.37817826
vt 0.18020833 0.31696429
vt 0.14895833 0.33800949
vt 0.18020833 0.33800949
vt 0.14895833 0.37946429
vt 0.18020833 0.37946429
vt 0.14895833 0.31696429
vt 0.18020833 0.31696429
vt 0.14895833 0.34025683
vt 0.18020833 0.34025683
vt 0.14895833 0.37946429
vt 0.18020833 0.37946429
vt 0.18020833 0.31696429
vt 0.17023302 0.31696429
vt 0.17023302 0.34250416
vt 0.15193582 0.34250416
vt 0.15156335 0.37817826
vt 0.17023302 0.31696429
vt 0.17023302 0.33800949
vt 0.17023302 0.37946429
vt 0.17023302 0.31696429
vt 0.17023302 0.34025683
vt 0.17023302 0.37946429
vt 0.15193582 0.31696429
vt 0.14895833 0.34250416
vt 0.15193582 0.31696429
vt 0.16895831 0.37817826
vt 0.14895833 0.31696429
vt 0.14895833 0.37817826
vt 0.17784209 0.31696429
vt 0.15954519 0.31696429
vt 0.17784209 0.33800949
vt 0.15954519 0.33800949
vt 0.17784209 0.37946429
vt 0.15954519 0.37946429
vt 0.17784209 0.31696429
vt 0.15954519 0.31696429
vt 0.17784209 0.34025683
vt 0.15954519 0.34025683
vt 0.17784209 0.37946429
vt 0.15954519 0.37946429
vt 0.18020833 0.34529413
vt 0.17329521 0.34340681
vt 0.14895833 0.36641802
vt 0.15642709 0.33860697
vt 0.14895833 0.33000912
vt 0.14895833 0.32268824
vt 0.14895833 0.31754698
vt 0.18020833 0.31696429
vt 0.14895833 0.37946429
vt 0.14895833 0.31696429
vt 0.14895833 0.31696429
vt 0.14895833 0.31696429
vt 0.14895833 0.31696429
vt 0.15954519 0.37946429
vt 0.15887523 0.31696429
vt 0.17685521 0.37946429
vt 0.14895833 0.37946429
vt 0.17784209 0.34250416
vt 0.15399081 0.37946429
vt 0.17100770 0.31696429
vt 0.14895833 0.31696429
vt 0.15193582 0.37946429
vt 0.15193582 0.34025683
vt 0.15193582 0.31696429
vt 0.15193582 0.37946429
vt 0.15193582 0.33800949
vt 0.14895833 0.37946429
vt 0.14895833 0.31696429
vt 0.14895833 0.32112183
vt 0.14895833 0.34377064
vt 0.15954519 0.34250416
vt 0.14895833 0.31696429
vt 0.15954519 0.31696429
vt 0.14895833 0.36554684
vt 0.15954519 0.35149445
vt 0.14895833 0.37946429
vt 0.15954519 0.37946429
vt 0.15954519 0.31696429
vt 0.17784209 0.31696429
vt 0.17784209 0.35374178
vt 0.14895833 0.31696429
vt 0.15954519 0.35374178
vt 0.17784209 0.37946429
vt 0.14895833 0.31696429
vt 0.15954519 0.37946429
vt 0.17784209 0.31696429
vt 0.14895833 0.33113922
vt 0.15954519 0.31696429
vt 0.15954519 0.35596194
vt 0.14895833 0.35378660
vt 0.14895833 0.37643542
vt 0.14895833 0.37946429
vt 0.14895833 0.31696429
vt 0.14895833 0.31937923
vt 0.14895833 0.34202804
vt 0.15954519 0.37946429
vt 0.14895833 0.35291685
vt 0.15954519 0.32481183
vt 0.14895833 0.37556423
vt 0.15954519 0.36722674
vt 0.15954519 0.37946429
vt 0.17784209 0.37946429
vt 0.17784209 0.32705917
vt 0.14895833 0.32705917
vt 0.14895833 0.36947431
vt 0.15193582 0.36947431
vt 0.15193582 0.31696429
vt 0.17023302 0.31696429
vt 0.17023302 0.32930674
vt 0.18020833 0.32930674
vt 0.18020833 0.37172307
vt 0.14895833 0.37172307
vt 0.14895833 0.31696429
vt 0.16262407 0.31696429
vt 0.14895833 0.37946429
vt 0.15954519 0.32705917
vt 0.17784209 0.36947431
vt 0.14895833 0.31696429
vt 0.15193582 0.32930674
vt 0.17023302 0.37172307
vt 0.18020833 0.31696429
vt 0.14895833 0.31696429
vt 0.15954519 0.36947431
vt 0.18020833 0.31696429
vt 0.15411771 0.31696429
vt 0.14895833 0.31850805
vt 0.17388458 0.31696429
vt 0.14895833 0.34115686
vt 0.18020833 0.37946429
vt 0.18020833 0.37946429
vt 0.14895833 0.37946429
vt 0.14895833 0.36380424
vt 0.15954519 0.32930674
vt 0.15954519 0.35618057
vt 0.14895833 0.37590422
vt 0.15836770 0.36822190
vt 0.17461396 0.36393298
vt 0.18020833 0.36228051
vt 0.17784209 0.32930674
vt 0.14895833 0.36340298
vt 0.16470522 0.36737932
vt 0.17850334 0.37395300
vt 0.14895833 0.32930674
vt 0.18020833 0.37878312
vt 0.18020833 0.37946429
vt 0.18020833 0.37946429
vt 0.18020833 0.37946429
vt 0.18020833 0.37946429
vt 0.18020833 0.37946429
vt 0.18020833 0.37946429
vt 0.17218710 0.31696429
vt 0.14895833 0.37946429
vt 0.15954519 0.31696429
vt 0.15954519 0.37172307
vt 0.17784209 0.37172307
vt 0.14895833 0.37172307
vt 0.15193582 0.37172307
vt 0.14895833 0.32939686
vt 0.15954519 0.36683549
vt 0.15954519 0.31696429
vt 0.17784209 0.31696429
vt 0.14895833 0.31696429
vt 0.15193582 0.31696429
vt 0.17023302 0.31696429
vt 0.18020833 0.31696429
vt 0.14895833 0.31696429
vt 0.16262407 0.31696429
vt 0.16771645 0.32939686
vt 0.17784209 0.36683549
vt 0.14895833 0.36683549
vt 0.14983399 0.32939686
vt 0.15193582 0.36683549
vt 0.17023302 0.36683549
vt 0.18020833 0.32939686
vt 0.18020833 0.36683549
vt 0.17737941 0.32939686
vt 0.14895833 0.36683549
vt 0.16040526 0.32939686
vt 0.16262407 0.36683549
vt 0.18020833 0.36683549
vt 0.14895833 0.32939686
vt 0.14895833 0.34400429
vt 0.16613586 0.33968796
vt 0.18003769 0.33256926
vt 0.18020833 0.32718195
vt 0.14895833 0.37946429
vt 0.18020833 0.32352938
vt 0.18020833 0.31891407
vt 0.18020833 0.31696429
vt 0.18020833 0.31696429
vt 0.18020833 0.31696429
vt 0.18020833 0.31696429
vt 0.14895833 0.37946429
vt 0.14895833 0.37946429
vt 0.14895833 0.37946429
vt 0.14895833 0.37946429
vt 0.15491957 0.31696429
vt 0.14895833 0.37946429
vt 0.18020833 0.36048426
vt 0.14895833 0.36048426
vt 0.18020833 0.37946429
vt 0.18020833 0.36048426
vt 0.18020833 0.31806936
vt 0.18020833 0.37946429
vt 0.18020833 0.35823812
vt 0.18020833 0.31696429
vt 0.18020833 0.37946429
vt 0.14895833 0.35579075
vt 0.16262407 0.31696429
vt 0.16262407 0.37946429
vt 0.18020833 0.37946429
vt 0.16262407 0.35374178
vt 0.18020833 0.35374178
vt 0.16262407 0.31696429
vt 0.18020833 0.31696429
vt 0.16262407 0.37946429
vt 0.14895833 0.36048426
vt 0.14895833 0.31806936
vt 0.14895833 0.37946429
vt 0.14895833 0.35823812
vt 0.14895833 0.31696429
vt 0.14895833 0.37946429
vt 0.15193582 0.35587563
vt 0.17023302 0.31696429
vt 0.17023302 0.37946429
vt 0.17023302 0.35374178
vt 0.17023302 0.31696429
vt 0.17023302 0.37946429
vt 0.17023302 0.35149445
vt 0.18020833 0.37946429
vt 0.18020833 0.32256426
vt 0.14895833 0.32256426
vt 0.14895833 0.36498060
vt 0.14895833 0.37946429
vt 0.18020833 0.37946429
vt 0.14895833 0.32481183
vt 0.18020833 0.32481183
vt 0.14895833 0.36722674
vt 0.18020833 0.36722674
vt 0.14895833 0.37946429
vt 0.14895833 0.36498060
vt 0.15193582 0.37946429
vt 0.17023302 0.37946429
vt 0.17023302 0.32481183
vt 0.16262407 0.37946429
vt 0.18020833 0.32481183
vt 0.14895833 0.36722674
vt 0.14895833 0.31696429
vt 0.18020833 0.37946429
vt 0.14895833 0.31696429
vt 0.14895833 0.37946429
vt 0.14895833 0.34475197
vt 0.17784209 0.31696429
vt 0.17784209 0.37946429
vt 0.17784209 0.34475197
vt 0.18020833 0.31696429
vt 0.18020833 0.34924664
vt 0.14895833 0.34924664
vt 0.14895833 0.37946429
vt 0.17784209 0.31696429
vt 0.17784209 0.35149445
vt 0.17784209 0.37946429
vt 0.14895833 0.31696429
vt 0.18020833 0.31696429
vt 0.18020833 0.37172307
vt 0.17023302 0.31696429
vt 0.15193582 0.31696429
vt 0.14895833 0.31696429
vt 0.17784209 0.31696429
vt 0.16262407 0.37172307
vt 0.14895833 0.32930674
vt 0.18020833 0.31696429
vt 0.17023302 0.36947431
vt 0.15193582 0.32705917
vt 0.14895833 0.37946429
vt 0.17784209 0.36722674
vt 0.16262407 0.32930674
vt 0.14895833 0.31696429
vt 0.18020833 0.36947431
vt 0.17023302 0.32705917
vt 0.15193582 0.37946429
vt 0.14895833 0.36722674
vt 0.17784209 0.32481183
vt 0.14895833 0.37946429
vt 0.18020833 0.37946429
vt 0.18020833 0.36722674
vt 0.16262407 0.37946429
vt 0.16262407 0.36722674
vt 0.16262407 0.32481183
vt 0.18020833 0.31806936
vt 0.14895833 0.37946429
vt 0.14895833 0.37946429
vt 0.14895833 0.35374178
vt 0.14895833 0.37946429
vt 0.18020833 0.34475197
vt 0.18020833 0.34250416
vt 0.14895833 0.31696429
vt 0.16262407 0.37946429
vt 0.16262407 0.34025683
vt 0.18020833 0.34025683
vt 0.16262407 0.31696429
vt 0.18020833 0.31696429
vt 0.16262407 0.37946429
vt 0.18020833 0.37946429
vt 0.16262407 0.33800949
vt 0.14895833 0.34025683
vt 0.14895833 0.31696429
vt 0.14895833 0.34025683
vt 0.14895833 0.31696429
vt 0.14895833 0.37946429
vt 0.14895833 0.33800949
vt 0.14895833 0.37321426
vt 0.17708333 0.37946429
vt 0.14895833 0.31696429
vt 0.17959533 0.37946429
vt 0.15410515 0.32975055
vt 0.14895833 0.31696429
vt 0.14895833 0.33214058
vt 0.14895833 0.31696429
vt 0.14895833 0.33214058
vt 0.14895833 0.31696429
vt 0.17506152 0.32975055
vt 0.14957133 0.37946429
vt 0.18020833 0.31696429
vt 0.15208333 0.37946429
vt 0.18020833 0.37321426
vt 0.14957133 0.36696424
vt 0.18020833 0.33867659
vt 0.17201164 0.31696429
vt 0.14895833 0.35323824
vt 0.15857883 0.31696429
vt 0.14895833 0.34821429
vt 0.14895833 0.37946429
vt 0.14895833 0.37946429
vt 0.17058783 0.31696429
vt 0.14895833 0.35323824
vt 0.15715502 0.31696429
vt 0.17959533 0.36696424
vt 0.14895833 0.33867659
vt 0.18020833 0.32006552
vt 0.17948614 0.32686056
vt 0.14968052 0.32686056
vt 0.14895833 0.32006552
vt 0.14895833 0.32255129
vt 0.14895833 0.31696429
vt 0.16770833 0.31696429
vt 0.14895833 0.37387729
vt 0.17092990 0.31696429
vt 0.15458021 0.34148341
vt 0.17985652 0.36442141
vt 0.16890727 0.31743966
vt 0.14895833 0.35487441
vt 0.14895833 0.31696429
vt 0.14895833 0.31696429
vt 0.14895833 0.35811966
vt 0.16025940 0.31743966
vt 0.15438521 0.37341366
vt 0.17458646 0.34148341
vt 0.18020833 0.37387729
vt 0.16064108 0.31696429
vt 0.18020833 0.31696429
vt 0.16064108 0.31696429
vt 0.18020833 0.32255129
vt 0.15438521 0.32301491
vt 0.17458646 0.35494516
vt 0.16025940 0.37898891
vt 0.14895833 0.33830891
vt 0.14895833 0.37946429
vt 0.14895833 0.34155416
vt 0.14895833 0.37946429
vt 0.16890727 0.37898891
vt 0.17985652 0.33200716
vt 0.15458021 0.35494516
vt 0.17092990 0.31696429
vt 0.18020833 0.37946429
vt 0.18020833 0.31696429
vt 0.17735983 0.35008128
vt 0.17422021 0.31696429
vt 0.14895833 0.37147381
vt 0.18020833 0.36870624
vt 0.18020833 0.36554732
vt 0.18020833 0.33408006
vt 0.14895833 0.31696429
vt 0.14895833 0.35772564
vt 0.18020833 0.36100306
vt 0.18020833 0.37946429
vt 0.18020833 0.32276340
vt 0.18020833 0.37946429
vt 0.17054535 0.36013831
vt 0.15185789 0.37946429
vt 0.17422021 0.37946429
vt 0.18020833 0.37946429
vt 0.16933901 0.31696429
vt 0.16085682 0.37946429
vt 0.14895833 0.31696429
vt 0.18020833 0.37946429
vt 0.14895833 0.37946429
vt 0.16551683 0.37376727
vt 0.14895833 0.37368216
vt 0.17621303 0.31696429
vt 0.17482931 0.37946429
vt 0.17324943 0.37946429
vt 0.17292560 0.37946429
vt 0.17394090 0.37946429
vt 0.14895833 0.34754153
vt 0.15284044 0.31696429
vt 0.14895833 0.32140078
vt 0.14895833 0.31696429
vt 0.14895833 0.32472851
vt 0.16085682 0.31696429
vt 0.18020833 0.36490084
vt 0.18020833 0.36693253
vt 0.18020833 0.37387729
vt 0.18020833 0.31696429
vt 0.16145833 0.31696429
vt 0.18020833 0.32255129
vt 0.15823677 0.31696429
vt 0.17458646 0.35494516
vt 0.14931015 0.33200716
vt 0.16025940 0.37898891
vt 0.14895833 0.34155416
vt 0.14895833 0.37946429
vt 0.14895833 0.37946429
vt 0.14895833 0.33830891
vt 0.16890727 0.37898891
vt 0.17478146 0.32301491
vt 0.15458021 0.35494516
vt 0.14895833 0.32255129
vt 0.16852558 0.31696429
vt 0.14895833 0.31696429
vt 0.16852558 0.31696429
vt 0.14895833 0.37387729
vt 0.17478146 0.37341366
vt 0.15458021 0.34148341
vt 0.16890727 0.31743966
vt 0.14895833 0.35811966
vt 0.14895833 0.31696429
vt 0.14895833 0.35487441
vt 0.14895833 0.31696429
vt 0.16025940 0.31743966
vt 0.14931015 0.36442141
vt 0.17458646 0.34148341
vt 0.15823677 0.31696429
vt 0.18020833 0.37946429
vt 0.14895833 0.37502779
vt 0.14895833 0.31696429
vt 0.14895833 0.37946429
vt 0.15399090 0.31696429
vt 0.16636089 0.31696429
vt 0.16152964 0.37946429
vt 0.18020833 0.37470980
vt 0.17489303 0.37946429
vt 0.15888757 0.33149643
vt 0.18020833 0.37946429
vt 0.18020833 0.36234851
vt 0.14895833 0.34888704
vt 0.18020833 0.33870293
vt 0.14895833 0.31696429
vt 0.14895833 0.32274641
vt 0.14895833 0.37366517
vt 0.15862132 0.33629026
vt 0.14895833 0.31696429
vt 0.17730878 0.31696429
vt 0.14895833 0.31696429
vt 0.16152964 0.31696429
vt 0.15982766 0.37946429
vt 0.18020833 0.37946429
vt 0.17489303 0.31696429
vt 0.14895833 0.31696429
vt 0.16364984 0.32266130
vt 0.18020833 0.31696429
vt 0.18012346 0.35677918
vt 0.18020833 0.33542551
vt 0.18020833 0.31696429
vt 0.16218013 0.35003604
vt 0.15618397 0.37946429
vt 0.15848000 0.37793340
vt 0.16170014 0.37286438
vt 0.16361667 0.36563839
vt 0.16381992 0.35749455
vt 0.14895833 0.33193316
vt 0.17710132 0.34351649
vt 0.18020833 0.35024871
vt 0.18020833 0.35343875
vt 0.18020833 0.35335566
vt 0.17960582 0.34987714
vt 0.14895833 0.32255129
vt 0.14895833 0.31696429
vt 0.16770833 0.31696429
vt 0.14895833 0.37387729
vt 0.17092990 0.31696429
vt 0.15458021 0.34148341
vt 0.17985652 0.36442141
vt 0.16890727 0.31743966
vt 0.14895833 0.35487441
vt 0.14895833 0.31696429
vt 0.14895833 0.31696429
vt 0.14895833 0.35811966
vt 0.16025940 0.31743966
vt 0.15438521 0.37341366
vt 0.17458646 0.34148341
vt 0.18020833 0.37387729
vt 0.16064108 0.31696429
vt 0.18020833 0.31696429
vt 0.16064108 0.31696429
vt 0.18020833 0.32255129
vt 0.15438521 0.32301491
vt 0.17458646 0.35494516
vt 0.16025940 0.37898891
vt 0.14895833 0.33830891
vt 0.14895833 0.37946429
vt 0.14895833 0.34155416
vt 0.14895833 0.37946429
vt 0.16890727 0.37898891
vt 0.17985652 0.33200716
vt 0.15458021 0.35494516
vt 0.17092990 0.31696429
vt 0.18020833 0.31696429
vt 0.14895833 0.31696429
vt 0.16551683 0.32266130
vt 0.14895833 0.32274641
vt 0.17621309 0.37946429
vt 0.17482931 0.31696429
vt 0.17324985 0.31696429
vt 0.16085682 0.31696429
vt 0.14895833 0.37946429
vt 0.16933901 0.37946429
vt 0.17422021 0.31696429
vt 0.18020833 0.31696429
vt 0.15185789 0.31696429
vt 0.18020833 0.31696429
vt 0.17054535 0.33629026
vt 0.18020833 0.37366517
vt 0.18020833 0.33542551
vt 0.18020833 0.31696429
vt 0.14895833 0.33870293
vt 0.18020833 0.36234851
vt 0.14895833 0.37946429
vt 0.18020833 0.31696429
vt 0.18020833 0.37946429
vt 0.17735983 0.34634729
vt 0.17422021 0.37946429
vt 0.14895833 0.32495488
vt 0.18020833 0.32772233
vt 0.18020833 0.33088209
vt 0.18020833 0.33152975
vt 0.18020833 0.32949914
vt 0.14895833 0.37170007
vt 0.16085682 0.37946429
vt 0.14895833 0.37946429
vt 0.15284044 0.37946429
vt 0.14895833 0.37502779
vt 0.14895833 0.34888704
vt 0.17292661 0.31696429
vt 0.17394245 0.31696429
vt 0.16453921 0.32135041
vt 0.16453921 0.31696429
vt 0.17307246 0.32879754
vt 0.14895833 0.31696429
vt 0.17996321 0.34140103
vt 0.14895833 0.35788791
vt 0.14895833 0.37946429
vt 0.14895833 0.37654878
vt 0.14895833 0.31696429
vt 0.14895833 0.32752915
vt 0.14895833 0.36156167
vt 0.14895833 0.37946429
vt 0.14895833 0.31696429
vt 0.14895833 0.34597303
vt 0.14895833 0.34672792
vt 0.14895833 0.34672792
vt 0.16453921 0.37109441
vt 0.14895833 0.36869416
vt 0.16453921 0.37946429
vt 0.14895833 0.37946429
vt 0.14895833 0.37946429
vt 0.16453921 0.35584104
vt 0.14895833 0.31696429
vt 0.16453921 0.31696429
vt 0.15611040 0.31696429
vt 0.16462621 0.32427074
vt 0.14895833 0.35115339
vt 0.16462621 0.32723393
vt 0.14895833 0.35777141
vt 0.16462621 0.33019681
vt 0.14895833 0.36438926
vt 0.16462621 0.33315976
vt 0.15612627 0.34061004
vt 0.14927815 0.35314043
vt 0.14916283 0.35343804
vt 0.14895833 0.37100716
vt 0.14895833 0.36996301
vt 0.14895833 0.37946429
vt 0.14895833 0.37762507
vt 0.14895833 0.37946429
vt 0.14895833 0.37946429
vt 0.14895833 0.37946429
vt 0.14895833 0.37946429
vt 0.14895833 0.37946429
vt 0.14895833 0.37946429
vt 0.14895833 0.37946429
vt 0.14895833 0.37946429
vt 0.14895833 0.37946429
vt 0.14895833 0.31696429
vt 0.14895833 0.31696429
vt 0.14895833 0.37946429
vt 0.14895833 0.37946429
vt 0.14895833 0.31696429
vt 0.14895833 0.31696429
vt 0.14895833 0.31696429
vt 0.14895833 0.31696429
vt 0.14895833 0.31696429
vt 0.14895833 0.31696429
vt 0.14895833 0.31696429
vt 0.14895833 0.31880351
vt 0.14895833 0.31696429
vt 0.14895833 0.32542141
vt 0.14895833 0.32640602
vt 0.14914921 0.34295751
vt 0.14926552 0.34325816
vt 0.15611040 0.35584177
vt 0.14895833 0.33203931
vt 0.16462621 0.36623176
vt 0.14895833 0.33865716
vt 0.16462621 0.36919476
vt 0.14895833 0.34527518
vt 0.16462621 0.37215795
vt 0.15612627 0.37946429
vt 0.16462621 0.36326881
vt 0.14927815 0.37946429
vt 0.14916283 0.37946429
vt 0.14895833 0.37946429
vt 0.14895833 0.31696429
vt 0.14895833 0.35189308
vt 0.14895833 0.31696429
vt 0.14895833 0.35851051
vt 0.14895833 0.31696429
vt 0.14895833 0.36512806
vt 0.14895833 0.32151677
vt 0.14895833 0.37174680
vt 0.14895833 0.32783927
vt 0.14895833 0.37836434
vt 0.14895833 0.33416178
vt 0.14895833 0.37946429
vt 0.14895833 0.34594800
vt 0.14895833 0.35610058
vt 0.15254677 0.36310806
vt 0.15844940 0.36582555
vt 0.16462621 0.36611177
vt 0.16462621 0.31696429
vt 0.16462621 0.35257925
vt 0.14895833 0.37946429
vt 0.16462621 0.37946429
vt 0.15844940 0.37946429
vt 0.15260233 0.31696429
vt 0.14895833 0.31696429
vt 0.14895833 0.31696429
vt 0.14895833 0.31696429
vt 0.14895833 0.37946429
vt 0.14895833 0.31696429
vt 0.14895833 0.37946429
vt 0.14895833 0.31696429
vt 0.14895833 0.31696429
vt 0.14895833 0.31696429
vt 0.14895833 0.31696429
vt 0.14895833 0.31696429
vt 0.14895833 0.31696429
vt 0.14895833 0.31696429
vt 0.14895833 0.32591547
vt 0.14895833 0.37898435
vt 0.14914515 0.34267296
vt 0.14926015 0.34297671
vt 0.15609477 0.35585179
vt 0.16462621 0.36359801
vt 0.16462621 0.37946429
vt 0.16462621 0.31696429
vt 0.14895833 0.33327808
vt 0.16462621 0.33327808
vt 0.14895833 0.34453549
vt 0.14895833 0.31696429
vt 0.14914921 0.31696429
vt 0.14926552 0.31696429
vt 0.14895833 0.33791806
vt 0.14895833 0.37946429
vt 0.14895833 0.37946429
vt 0.14895833 0.37946429
vt 0.14895833 0.33130051
vt 0.14895833 0.37491180
vt 0.14895833 0.32468178
vt 0.14895833 0.36858930
vt 0.14895833 0.31806423
vt 0.14895833 0.36226680
vt 0.14895833 0.31696429
vt 0.14895833 0.35039307
vt 0.14895833 0.34030058
vt 0.15260233 0.33334555
vt 0.15844940 0.33060302
vt 0.16462621 0.33031680
vt 0.16462621 0.37946429
vt 0.16462621 0.34384932
vt 0.14895833 0.31696429
vt 0.16462621 0.31696429
vt 0.15844940 0.31696429
vt 0.15254677 0.37946429
vt 0.14895833 0.37946429
vt 0.14895833 0.37946429
vt 0.14895833 0.37946429
vt 0.14895833 0.31696429
vt 0.14895833 0.37946429
vt 0.14895833 0.31696429
vt 0.14895833 0.37946429
vt 0.14895833 0.37946429
vt 0.14895833 0.37946429
vt 0.14895833 0.37946429
vt 0.14895833 0.37946429
vt 0.14895833 0.37946429
vt 0.14895833 0.37946429
vt 0.14895833 0.37048926
vt 0.14895833 0.31744422
vt 0.14923671 0.35379543
vt 0.15608252 0.34073939
vt 0.16462621 0.33283057
vt 0.16462621 0.31696429
vt 0.16462621 0.37946429
vt 0.14895833 0.36315049
vt 0.16462621 0.36315049
vt 0.16453921 0.34673567
vt 0.16453921 0.37946429
vt 0.14895833 0.34673567
vt 0.14895833 0.33304741
vt 0.16453921 0.33148040
vt 0.14895833 0.33148040
vt 0.14895833 0.37946429
vt 0.16453921 0.37946429
vt 0.14895833 0.32062979
vt 0.16453921 0.31696429
vt 0.17559115 0.31696429
vt 0.16453921 0.31696429
vt 0.18000083 0.31696429
vt 0.14895833 0.31696429
vt 0.14895833 0.37946429
vt 0.14895833 0.37109728
vt 0.14895833 0.37946429
vt 0.14895833 0.32607278
vt 0.14895833 0.37946429
vt 0.14895833 0.37946429
vt 0.14895833 0.35584191
vt 0.14895833 0.34101366
vt 0.14895833 0.31696429
vt 0.14895833 0.31696429
vt 0.14895833 0.31696429
vt 0.14895833 0.34011054
vt 0.14895833 0.37054679
vt 0.16944034 0.31696429
vt 0.18020833 0.31696429
vt 0.18020833 0.31696429
vt 0.14895833 0.34426679
vt 0.14895833 0.35216179
vt 0.18020833 0.31696429
vt 0.16944034 0.31696429
vt 0.18020833 0.31696429
vt 0.14895833 0.32588179
vt 0.14895833 0.35631804
vt 0.18020833 0.37729091
vt 0.18020833 0.31696429
vt 0.18020833 0.31696429
vt 0.18020833 0.31696429
vt 0.18020833 0.31696429
vt 0.18020833 0.31696429
vt 0.18020833 0.31696429
vt 0.17912165 0.31696429
vt 0.14895833 0.37946429
vt 0.14895833 0.37946429
vt 0.14895833 0.37946429
vt 0.14895833 0.37946429
vt 0.14895833 0.37946429
vt 0.14895833 0.37946429
vt 0.17689883 0.37946429
vt 0.14895833 0.37946429
vt 0.15844515 0.35316166
vt 0.15426733 0.37946429
vt 0.17209283 0.37946429
vt 0.18020833 0.35950904
vt 0.18020833 0.37946429
vt 0.18020833 0.37270041
vt 0.15705752 0.37522891
vt 0.18020833 0.35276354
vt 0.15705752 0.34406029
vt 0.18020833 0.33282678
vt 0.15705752 0.31696429
vt 0.18020833 0.31696429
vt 0.15705752 0.37946429
vt 0.18020833 0.37946429
vt 0.15705752 0.37946429
vt 0.18020833 0.37946429
vt 0.14895833 0.31696429
vt 0.14895833 0.31696429
vt 0.17211289 0.31696429
vt 0.14895833 0.33016291
vt 0.17211289 0.34223791
vt 0.14895833 0.35178478
vt 0.17211289 0.37340629
vt 0.14895833 0.37340667
vt 0.17211289 0.37946429
vt 0.14895833 0.37946429
vt 0.17211283 0.37373229
vt 0.14895833 0.37373080
vt 0.18020833 0.31956891
vt 0.18020833 0.31696429
vt 0.14895833 0.31696429
vt 0.18020833 0.31696429
vt 0.18020833 0.31696429
vt 0.18020833 0.31696429
vt 0.14895833 0.31696429
vt 0.14895833 0.32075041
vt 0.18020833 0.32303053
vt 0.14895833 0.32649216
vt 0.18020833 0.32649216
vt 0.18020833 0.37946429
vt 0.18020833 0.37946429
vt 0.14895833 0.37946429
vt 0.18020833 0.37685966
vt 0.14895833 0.37567816
vt 0.18020833 0.37339804
vt 0.14895833 0.36993641
vt 0.18020833 0.36993641
vt 0.18020833 0.37946429
vt 0.14895833 0.37946429
vt 0.18020833 0.37946429
vt 0.14895833 0.36776461
vt 0.16462521 0.34147753
vt 0.14895833 0.31696429
vt 0.15552027 0.37946429
vt 0.14895833 0.31696429
vt 0.17369496 0.31696429
vt 0.14895833 0.31696429
vt 0.18020833 0.37946429
vt 0.14895833 0.37946429
vt 0.18020833 0.37946429
vt 0.14895833 0.31696429
vt 0.14895833 0.33295168
vt 0.14895833 0.31696429
vt 0.18020833 0.37177767
vt 0.18020833 0.37946429
vt 0.17211289 0.32445254
vt 0.14895833 0.32445254
vt 0.18020833 0.31696429
vt 0.18020833 0.31696429
vt 0.17558502 0.34956469
vt 0.14895833 0.31696429
vt 0.14895833 0.37946429
vt 0.16787339 0.37946429
vt 0.14895833 0.32866396
vt 0.15959064 0.34641375
vt 0.14895833 0.37946429
vt 0.15073665 0.31696429
vt 0.14895833 0.37946429
vt 0.14895833 0.37946429
vt 0.14895833 0.37946429
vt 0.14895833 0.37946429
vt 0.14895833 0.37946429
vt 0.18020833 0.37393870
vt 0.18020833 0.36871447
vt 0.18020833 0.36663927
vt 0.14895833 0.37197603
vt 0.17774990 0.36772646
vt 0.17210915 0.37197603
vt 0.14895833 0.37273678
vt 0.14895833 0.37273678
vt 0.14895833 0.31696429
vt 0.14895833 0.31696429
vt 0.14895833 0.37946429
vt 0.14895833 0.37946429
vt 0.14895833 0.31696429
vt 0.14895833 0.31696429
vt 0.16103908 0.37946429
vt 0.15705752 0.37946429
vt 0.16231427 0.37946429
vt 0.18020833 0.37946429
vt 0.18020833 0.37946429
vt 0.16322453 0.37946429
vt 0.18020833 0.37206054
vt 0.16377040 0.37946429
vt 0.18020833 0.35616303
vt 0.16395227 0.31696429
vt 0.18020833 0.34026554
vt 0.16377040 0.31696429
vt 0.18020833 0.32436803
vt 0.16322453 0.31696429
vt 0.18020833 0.31696429
vt 0.16231427 0.31696429
vt 0.18020833 0.31696429
vt 0.15705384 0.31696429
vt 0.16103908 0.31696429
vt 0.14895833 0.31696429
vt 0.14895833 0.31696429
vt 0.14895833 0.31793479
vt 0.14895833 0.31872991
vt 0.14895833 0.35015504
vt 0.14895833 0.35015504
vt 0.14895833 0.37946429
vt 0.14895833 0.37946429
vt 0.14895833 0.37946429
vt 0.14895833 0.37946429
vt 0.14895833 0.37946429
vt 0.14895833 0.35015516
vt 0.14895833 0.31873029
vt 0.17818634 0.37910316
vt 0.17818634 0.37946429
vt 0.18020833 0.37946429
vt 0.15672616 0.37946429
vt 0.16917896 0.37946429
vt 0.18020833 0.37946429
vt 0.15428927 0.37946429
vt 0.16917896 0.37946429
vt 0.15134809 0.37946429
vt 0.15134809 0.34849091
vt 0.18020833 0.34849091
vt 0.18020833 0.31710241
vt 0.17818634 0.31787891
vt 0.17818634 0.31696429
vt 0.15134809 0.31710241
vt 0.14895833 0.31696429
vt 0.16917896 0.31710241
vt 0.16917896 0.31696429
vt 0.15428927 0.31710241
vt 0.18020833 0.31710241
vt 0.18020833 0.34849078
vt 0.16467527 0.34849078
vt 0.16467527 0.37946429
vt 0.14895833 0.37946429
vt 0.14895833 0.37946429
vt 0.17506127 0.37946429
vt 0.15795546 0.37946429
vt 0.16017158 0.37946429
vt 0.17379146 0.37946429
vt 0.18020833 0.37946429
vt 0.15045027 0.36043879
vt 0.17506127 0.34849066
vt 0.14895833 0.34849066
vt 0.18020833 0.37946429
vt 0.18020833 0.37946429
vt 0.14895833 0.37946429
vt 0.18020833 0.32901416
vt 0.14895833 0.31710241
vt 0.16691884 0.31696429
vt 0.16467527 0.31710241
vt 0.18020833 0.31696429
vt 0.17818634 0.34849104
vt 0.15428927 0.34849078
vt 0.16917896 0.34849078
vt 0.14895833 0.31787829
vt 0.14895833 0.31696429
vt 0.16308052 0.31710154
vt 0.16956077 0.31696429
vt 0.16007483 0.31710154
vt 0.14895833 0.31696429
vt 0.17494839 0.31710154
vt 0.14895833 0.31710154
vt 0.14895833 0.34848929
vt 0.18020833 0.34848916
vt 0.14895833 0.37946429
vt 0.18020833 0.37946429
vt 0.14895833 0.37946429
vt 0.18020833 0.37946429
vt 0.18020833 0.37946429
vt 0.14895833 0.37946429
vt 0.16783590 0.37946429
vt 0.16893708 0.37946429
vt 0.14895833 0.37946429
vt 0.16893708 0.34848903
vt 0.14895833 0.34848903
vt 0.18020833 0.32902066
vt 0.16090847 0.36045866
vt 0.18020833 0.31710154
vt 0.18020833 0.31696429
vt 0.14895833 0.31710154
vt 0.14895833 0.31696429
vt 0.16893708 0.31710154
vt 0.14895833 0.37946429
vt 0.18020833 0.37946429
vt 0.15105785 0.37946429
vt 0.17565308 0.37946429
vt 0.15324501 0.37946429
vt 0.17494839 0.37946429
vt 0.15469096 0.37946429
vt 0.16007483 0.37946429
vt 0.16308052 0.37946429
vt 0.16007483 0.34848941
vt 0.16308052 0.34848953
vt 0.14895833 0.37946429
vt 0.14895833 0.37910091
vt 0.14895833 0.34848953
vt 0.14895833 0.34848916
vt 0.17494839 0.34848929
vt 0.14895833 0.31696429
vt 0.14895833 0.31696429
vt 0.14895833 0.31793441
vt 0.14895833 0.31873016
vt 0.14895833 0.35015479
vt 0.14895833 0.35015491
vt 0.14895833 0.37946429
vt 0.14895833 0.37946429
vt 0.14895833 0.37946429
vt 0.14895833 0.37946429
vt 0.14895833 0.37946429
vt 0.14895833 0.35015466
vt 0.14895833 0.31872991
vt 0.15924971 0.31696429
vt 0.14895833 0.31696429
vt 0.14895833 0.37946429
vt 0.14895833 0.33835466
vt 0.14895833 0.37946429
vt 0.14895833 0.33943619
vt 0.14895833 0.36845704
vt 0.14895833 0.31696429
vt 0.14895833 0.37946429
vt 0.14895833 0.31696429
vt 0.14895833 0.37946429
vt 0.18020833 0.31696429
vt 0.18020833 0.37946429
vt 0.16265815 0.31696429
vt 0.16265815 0.37946429
vt 0.14895833 0.31696429
vt 0.14895833 0.37946429
vt 0.18020833 0.31696429
vt 0.18020833 0.37946429
vt 0.17562065 0.33531191
vt 0.17785939 0.31696429
vt 0.14895833 0.34295239
vt 0.14895833 0.31696429
vt 0.14895833 0.33020015
vt 0.14895833 0.37946429
vt 0.14895833 0.31744780
vt 0.14895833 0.37946429
vt 0.14895833 0.35730840
vt 0.14895833 0.37946429
vt 0.14895833 0.37946429
vt 0.14895833 0.37442471
vt 0.14895833 0.37057175
vt 0.14895833 0.36990680
vt 0.14895833 0.37946429
vt 0.14895833 0.37946429
vt 0.14895833 0.37946429
vt 0.18020833 0.37946429
vt 0.18020833 0.37946429
vt 0.16265815 0.37946429
vt 0.16265815 0.37946429
vt 0.14895833 0.37946429
vt 0.14895833 0.37946429
vt 0.18020833 0.37946429
vt 0.18020833 0.37946429
vt 0.14895833 0.37946429
vt 0.14895833 0.37946429
vt 0.18020833 0.32014932
vt 0.18020833 0.31696429
vt 0.14895833 0.37243678
vt 0.14895833 0.37946429
vt 0.14895833 0.37946429
vt 0.14895833 0.37820424
vt 0.16453464 0.37946429
vt 0.14895833 0.37816932
vt 0.17525559 0.37946429
vt 0.14895833 0.37946429
vt 0.16265815 0.37946429
vt 0.18020833 0.37946429
vt 0.14895833 0.37946429
vt 0.14895833 0.37946429
vt 0.18020833 0.37946429
vt 0.18020833 0.37946429
vt 0.15945295 0.37946429
vt 0.15945295 0.37946429
vt 0.17275583 0.33568301
vt 0.16184790 0.34463431
vt 0.15010396 0.34162678
vt 0.14895833 0.37946429
vt 0.15005270 0.34158804
vt 0.14895833 0.32969298
vt 0.18020833 0.37946429
vt 0.18020833 0.31696429
vt 0.18020833 0.31696429
vt 0.17220176 0.37946429
vt 0.17220176 0.37946429
vt 0.18020833 0.37946429
vt 0.18020833 0.37946429
vt 0.14895833 0.32805433
vt 0.14895833 0.36457946
vt 0.15381683 0.37946429
vt 0.14895833 0.37946429
vt 0.17045564 0.37946429
vt 0.18020833 0.37946429
vt 0.14895833 0.37946429
vt 0.18020833 0.37946429
vt 0.17220176 0.37946429
vt 0.14895833 0.31696429
vt 0.14895833 0.37946429
vt 0.18020833 0.31744780
vt 0.18020833 0.35730840
vt 0.16043139 0.31696429
vt 0.18009634 0.37946429
vt 0.18020833 0.31855478
vt 0.14895833 0.31696429
vt 0.18020833 0.34903331
vt 0.17851422 0.37905278
vt 0.14895833 0.34915428
vt 0.17662907 0.37946429
vt 0.17467935 0.37946429
vt 0.14895833 0.31696429
vt 0.17577241 0.37946429
vt 0.18020833 0.31696429
vt 0.17918278 0.37188491
vt 0.18020833 0.36557466
vt 0.18020833 0.36044841
vt 0.18020833 0.31696429
vt 0.18020833 0.35293941
vt 0.14895833 0.35027916
vt 0.15979803 0.31696429
vt 0.17220176 0.32129979
vt 0.18020833 0.32375854
vt 0.14895833 0.34996066
vt 0.14895833 0.32892191
vt 0.15945295 0.33408516
vt 0.16877965 0.31696429
vt 0.17276033 0.31696429
vt 0.14895833 0.34441191
vt 0.14895833 0.31696429
vt 0.15675203 0.34945279
vt 0.17786465 0.31696429
vt 0.16352084 0.35138566
vt 0.16968253 0.35698304
vt 0.17413177 0.36441991
vt 0.17569008 0.36816704
vt 0.18020833 0.31696429
vt 0.17949940 0.37946429
vt 0.18020833 0.37946429
vt 0.18020833 0.37946429
vt 0.15288415 0.31696429
vt 0.14895833 0.37946429
vt 0.16265815 0.37946429
vt 0.18020833 0.31696429
vt 0.18020833 0.37946429
vt 0.14895833 0.37946429
vt 0.18020833 0.32370503
vt 0.14895833 0.37946429
vt 0.14895833 0.37946429
vt 0.14895833 0.34760417
vt 0.18020833 0.31696429
vt 0.14895833 0.37946429
vt 0.14895833 0.33784248
vt 0.18020833 0.35730840
vt 0.15297965 0.37241425
vt 0.16044184 0.37946429
vt 0.18020833 0.31744780
vt 0.16956153 0.33918728
vt 0.18020833 0.33020015
vt 0.18020833 0.34295239
vt 0.14895833 0.34295239
vt 0.14895833 0.36845704
vt 0.16265815 0.36845704
vt 0.17355853 0.37946429
vt 0.18020833 0.36845704
vt 0.17391365 0.36073406
vt 0.14895833 0.36845704
vt 0.14895833 0.34295239
vt 0.14895833 0.33020015
vt 0.14895833 0.31744780
vt 0.14895833 0.35730840
vt 0.18020833 0.36845704
vt 0.18020833 0.34295239
vt 0.18020833 0.33020015
vt 0.18020833 0.31744780
vt 0.18020833 0.35730840
vt 0.16265815 0.34295239
vt 0.16265815 0.33020015
vt 0.16265815 0.31744780
vt 0.16265815 0.35730840
vt 0.14895833 0.33020015
vt 0.14895833 0.31744780
vt 0.14895833 0.35730840
vt 0.18020833 0.35163053
vt 0.15448741 0.37946429
vt 0.18020833 0.31696429
vt 0.15339432 0.37946429
vt 0.14895833 0.31696429
vt 0.14998389 0.37188491
vt 0.14895833 0.36557466
vt 0.18020833 0.31696429
vt 0.15093759 0.34189303
vt 0.15211026 0.31825878
vt 0.15329403 0.31696429
vt 0.18020833 0.37946429
vt 0.14895833 0.31716551
vt 0.14965857 0.31939556
vt 0.15065245 0.37905278
vt 0.14895833 0.31744780
vt 0.18020833 0.36832728
vt 0.14895833 0.35730840
vt 0.14895833 0.37946429
vt 0.16964708 0.31696429
vt 0.15696497 0.37946429
vt 0.15058709 0.37946429
vt 0.14895833 0.31696429
vt 0.15696497 0.37946429
vt 0.14895833 0.37946429
vt 0.14895833 0.37946429
vt 0.18020833 0.37946429
vt 0.15886278 0.37946429
vt 0.17549896 0.37946429
vt 0.18020833 0.33096184
vt 0.14895833 0.37946429
vt 0.15696497 0.37946429
vt 0.18020833 0.31696429
vt 0.14895833 0.37946429
vt 0.18020833 0.37946429
vt 0.16971371 0.37946429
vt 0.14895833 0.37946429
vt 0.18020833 0.37946429
vt 0.18020833 0.37946429
vt 0.15395584 0.37946429
vt 0.16469827 0.37946429
vt 0.18020833 0.37946429
vt 0.14895833 0.37946429
vt 0.18020833 0.37946429
vt 0.16971371 0.37946429
vt 0.15915527 0.33911182
vt 0.17052434 0.34502806
vt 0.14895833 0.37820424
vt 0.18020833 0.37946429
vt 0.18020833 0.37946429
vt 0.16650852 0.37946429
vt 0.16650852 0.37946429
vt 0.18020833 0.37946429
vt 0.18020833 0.37946429
vt 0.14895833 0.37946429
vt 0.14895833 0.35730840
vt 0.18020833 0.37946429
vt 0.18020833 0.34334888
vt 0.18020833 0.37946429
vt 0.14895833 0.37946429
vt 0.14895833 0.37817051
vt 0.14895833 0.31696429
vt 0.14895833 0.37946429
vt 0.14895833 0.32599427
vt 0.18020833 0.37946429
vt 0.14895833 0.37946429
vt 0.18020833 0.35730840
vt 0.14895833 0.35730840
vt 0.18020833 0.31744780
vt 0.14895833 0.31744780
vt 0.18020833 0.33020015
vt 0.14895833 0.33020015
vt 0.18020833 0.34295239
vt 0.14895833 0.34295239
vt 0.18020833 0.36845704
vt 0.14895833 0.36845704
vt 0.18020833 0.31696429
vt 0.14895833 0.31696429
vt 0.18020833 0.37946429
vt 0.14895833 0.37946429
vt 0.18020833 0.37946429
vt 0.14895833 0.37946429
vt 0.16991696 0.31696429
vt 0.14895833 0.31696429
vt 0.14895833 0.37946429
vt 0.14895833 0.34664215
vt 0.14895833 0.36240615
vt 0.14895833 0.37946429
vt 0.14895833 0.31696429
vt 0.18020833 0.31696429
vt 0.18020833 0.37946429
vt 0.18020833 0.37946429
vt 0.18020833 0.31696429
vt 0.18020833 0.36845704
vt 0.18020833 0.34295239
vt 0.18020833 0.33020015
vt 0.18020833 0.31744780
vt 0.18020833 0.35730840
vt 0.18020833 0.37946429
vt 0.18020833 0.37946429
vt 0.18020833 0.37946429
vt 0.16650852 0.37946429
vt 0.17628252 0.31696429
vt 0.18020833 0.37946429
vt 0.14895833 0.37946429
vt 0.14895833 0.37946429
vt 0.15272439 0.37946429
vt 0.14895833 0.37946429
vt 0.14895833 0.31696429
vt 0.18020833 0.31696429
vt 0.18020833 0.36845704
vt 0.16650852 0.36845704
vt 0.16650852 0.34295239
vt 0.14895833 0.31696429
vt 0.14966727 0.37946429
vt 0.15347665 0.36816704
vt 0.15130202 0.31696429
vt 0.15503489 0.36441991
vt 0.15948414 0.35698304
vt 0.16564589 0.35138566
vt 0.17241464 0.34945279
vt 0.18020833 0.31696429
vt 0.18020833 0.34441191
vt 0.15640640 0.31696429
vt 0.16971371 0.33408516
vt 0.16038702 0.31696429
vt 0.18020833 0.32892191
vt 0.16936863 0.31696429
vt 0.14895833 0.32375854
vt 0.15696497 0.32129979
vt 0.18020833 0.34996066
vt 0.18020833 0.35027916
vt 0.14895833 0.31696429
vt 0.14895833 0.36044841
vt 0.15966790 0.34107353
vt 0.14895833 0.34295239
vt 0.15560814 0.37946429
vt 0.14895833 0.36845704
vt 0.16896846 0.37946429
vt 0.14895833 0.31744780
vt 0.14895833 0.33020015
vt 0.18020833 0.33020015
vt 0.18020833 0.34295239
vt 0.16650852 0.33020015
vt 0.17662545 0.37706651
vt 0.14895833 0.31696429
vt 0.14895833 0.31696429
vt 0.15033972 0.32508053
vt 0.18020833 0.33897056
vt 0.18020833 0.37946429
vt 0.18020833 0.33886434
vt 0.18020833 0.32538177
vt 0.14895833 0.31696429
vt 0.18020833 0.34280791
vt 0.18020833 0.37721266
vt 0.18020833 0.37644704
vt 0.14895833 0.37946429
vt 0.14895833 0.35293941
vt 0.14895833 0.37946429
vt 0.16650852 0.37946429
vt 0.16650852 0.35730840
vt 0.16650852 0.31744780
vt 0.18020833 0.35730840
vt 0.18020833 0.31744780
vt 0.16650852 0.31696429
vt 0.18020833 0.37946429
vt 0.16650852 0.37946429
vt 0.14895833 0.31696429
vt 0.14895833 0.31696429
vt 0.14895833 0.31696429
vt 0.14895833 0.31696429
vt 0.14895833 0.31696429
vt 0.14895833 0.31696429
vt 0.14895833 0.31696429
vt 0.14895833 0.31696429
vt 0.18020833 0.31696429
vt 0.14895833 0.31696429
vt 0.15563965 0.31696429
vt 0.14895833 0.31696429
vt 0.14895833 0.31696429
vt 0.14895833 0.31696429
vt 0.18020833 0.31696429
vt 0.18020833 0.31696429
vt 0.18020833 0.31696429
vt 0.16019040 0.31696429
vt 0.16901346 0.31696429
vt 0.14895833 0.31696429
vt 0.14895833 0.31696429
vt 0.14895833 0.31696429
vt 0.17537303 0.31696429
vt 0.17587777 0.31696429
vt 0.17581784 0.31696429
vt 0.14895833 0.31696429
vt 0.14895833 0.31696429
vt 0.18020833 0.31696429
vt 0.18020833 0.31696429
vt 0.18020833 0.31696429
vt 0.15140445 0.31696429
vt 0.15140445 0.31696429
vt 0.14895833 0.31696429
vt 0.15140445 0.31696429
vt 0.15140445 0.31696429
vt 0.18020833 0.31696429
vt 0.14895833 0.31696429
vt 0.16744308 0.31696429
vt 0.18020833 0.31696429
vt 0.14895833 0.31696429
vt 0.14895833 0.31696429
vt 0.17298433 0.31696429
vt 0.17291083 0.31696429
vt 0.15013558 0.31696429
vt 0.15013558 0.31696429
vt 0.17294958 0.31696429
vt 0.15013558 0.31696429
vt 0.14895833 0.31696429
vt 0.14895833 0.31696429
vt 0.15013558 0.31696429
vt 0.14895833 0.35062303
vt 0.14895833 0.35062303
vt 0.14895833 0.35733058
vt 0.14895833 0.35733058
vt 0.14895833 0.36403682
vt 0.14895833 0.35062303
vt 0.14895833 0.35062303
vt 0.14895833 0.36403682
vt 0.14895833 0.37074305
vt 0.14895833 0.37074305
vt 0.14895833 0.37745048
vt 0.14895833 0.37745048
vt 0.14895833 0.37946429
vt 0.14895833 0.37946429
vt 0.14895833 0.37946429
vt 0.14895833 0.37946429
vt 0.14895833 0.37946429
vt 0.14895833 0.37946429
vt 0.14895833 0.37946429
vt 0.14895833 0.37946429
vt 0.14895833 0.31696429
vt 0.14895833 0.31696429
vt 0.14895833 0.31696429
vt 0.14895833 0.31696429
vt 0.14895833 0.31696429
vt 0.14895833 0.31696429
vt 0.14895833 0.31696429
vt 0.14895833 0.31696429
vt 0.14895833 0.31696429
vt 0.14895833 0.31696429
vt 0.14895833 0.31951918
vt 0.14895833 0.31951918
vt 0.14895833 0.32622542
vt 0.14895833 0.32622542
vt 0.14895833 0.33293309
vt 0.14895833 0.33293309
vt 0.14895833 0.33963932
vt 0.14895833 0.33963932
vt 0.14895833 0.34634556
vt 0.14895833 0.34634556
vt 0.14895833 0.35305299
vt 0.14895833 0.35305299
vt 0.14895833 0.35975923
vt 0.14895833 0.35975923
vt 0.14895833 0.36646570
vt 0.14895833 0.36646570
vt 0.14895833 0.37317290
vt 0.14895833 0.37317290
vt 0.14895833 0.37946429
vt 0.14895833 0.37946429
vt 0.14895833 0.37946429
vt 0.14895833 0.37946429
vt 0.14895833 0.37946429
vt 0.14895833 0.37946429
vt 0.14895833 0.37946429
vt 0.14895833 0.37946429
vt 0.14895833 0.37946429
vt 0.14895833 0.37946429
vt 0.14895833 0.31696429
vt 0.14895833 0.31696429
vt 0.14895833 0.31696429
vt 0.14895833 0.31696429
vt 0.14895833 0.31696429
vt 0.14895833 0.31696429
vt 0.14895833 0.31696429
vt 0.14895833 0.31696429
vt 0.14895833 0.31696429
vt 0.14895833 0.31696429
vt 0.14895833 0.32194819
vt 0.14895833 0.32194819
vt 0.14895833 0.32865443
vt 0.14895833 0.32865443
vt 0.14895833 0.33536162
vt 0.14895833 0.33536162
vt 0.14895833 0.34206785
vt 0.14895833 0.34206785
vt 0.14895833 0.34877552
vt 0.14895833 0.34877552
vt 0.14895833 0.35548176
vt 0.14895833 0.35548176
vt 0.14895833 0.36218943
vt 0.14895833 0.36218943
vt 0.14895833 0.36889567
vt 0.14895833 0.36889567
vt 0.14895833 0.37560190
vt 0.14895833 0.37560190
vt 0.14895833 0.37946429
vt 0.14895833 0.37946429
vt 0.14895833 0.37946429
vt 0.14895833 0.37946429
vt 0.15013558 0.31696429
vt 0.15013558 0.31696429
vt 0.17298433 0.31696429
vt 0.17291083 0.31696429
vt 0.14895833 0.31696429
vt 0.14895833 0.31696429
vt 0.17293177 0.31696429
vt 0.14895833 0.31696429
vt 0.15013558 0.31696429
vt 0.15013558 0.31696429
vt 0.14895833 0.31696429
vt 0.18020833 0.31696429
vt 0.15140445 0.31696429
vt 0.18020833 0.31696429
vt 0.15140445 0.31696429
vt 0.15140445 0.31696429
vt 0.15140445 0.31696429
vt 0.18020833 0.31696429
vt 0.18020833 0.31696429
vt 0.14895833 0.31696429
vt 0.14895833 0.31696429
vt 0.17587777 0.31696429
vt 0.14895833 0.31696429
vt 0.17581784 0.31696429
vt 0.14895833 0.31696429
vt 0.14895833 0.31696429
vt 0.16744308 0.31696429
vt 0.16019040 0.31696429
vt 0.18020833 0.31696429
vt 0.18020833 0.31696429
vt 0.18020833 0.31696429
vt 0.15563965 0.31696429
vt 0.14895833 0.31696429
vt 0.14895833 0.31696429
vt 0.14895833 0.31696429
vt 0.14895833 0.31696429
vt 0.18020833 0.31696429
vt 0.18020833 0.31696429
vt 0.16901346 0.31696429
vt 0.14895833 0.31696429
vt 0.14895833 0.31696429
vt 0.17537303 0.31696429
vt 0.14895833 0.31696429
vt 0.14895833 0.31696429
vt 0.14895833 0.31696429
vt 0.14895833 0.31696429
vt 0.14895833 0.31696429
vt 0.14895833 0.31696429
vt 0.14895833 0.31696429
vt 0.14895833 0.31696429
vt 0.14895833 0.37666166
vt 0.14895833 0.36557628
vt 0.18020833 0.37946429
vt 0.16622814 0.37618479
vt 0.14895833 0.37946429
vt 0.15919215 0.37762241
vt 0.15012545 0.37946429
vt 0.14895833 0.37946429
vt 0.16858096 0.37262303
vt 0.16761214 0.37530303
vt 0.14895833 0.37232304
vt 0.15012545 0.37911028
vt 0.14895833 0.31696429
vt 0.14895833 0.37911028
vt 0.14895833 0.31710641
vt 0.18020833 0.31710641
vt 0.18020833 0.37946429
vt 0.14895833 0.37946429
vt 0.18020833 0.31809853
vt 0.14895833 0.37946429
vt 0.18020833 0.37946429
vt 0.18020833 0.31909068
vt 0.14895833 0.37946429
vt 0.14895833 0.33593090
vt 0.17695727 0.37805329
vt 0.14895833 0.37946429
vt 0.17661909 0.37918128
vt 0.14895833 0.31809853
vt 0.15945614 0.32233490
vt 0.14895833 0.37946429
vt 0.18020833 0.37946429
vt 0.14895833 0.37946429
vt 0.14895833 0.37946429
vt 0.18020833 0.32008292
vt 0.14895833 0.35226752
vt 0.18020833 0.37946429
vt 0.14895833 0.31696429
vt 0.18020833 0.32107504
vt 0.14895833 0.31696429
vt 0.14895833 0.32107504
vt 0.15933190 0.36672165
vt 0.14895833 0.37946429
vt 0.17625640 0.31696429
vt 0.14895833 0.32206716
vt 0.17657121 0.31696429
vt 0.14895833 0.37671866
vt 0.14895833 0.37946429
vt 0.16837446 0.31696429
vt 0.14895833 0.32305958
vt 0.15012545 0.32305958
vt 0.14895833 0.37946429
vt 0.15012545 0.37946429
vt 0.16622540 0.31696429
vt 0.15913583 0.31696429
vt 0.14895833 0.37946429
vt 0.16750944 0.31696429
vt 0.14895833 0.31733705
vt 0.16896064 0.31769754
vt 0.18020833 0.37946429
vt 0.14895833 0.32405152
vt 0.14895833 0.31696429
vt 0.14895833 0.31696429
vt 0.18020833 0.37946429
vt 0.18020833 0.32305958
vt 0.14895833 0.31696429
vt 0.18020833 0.37946429
vt 0.18020833 0.32206716
vt 0.14895833 0.37946429
vt 0.18020833 0.37911028
vt 0.14895833 0.31696429
vt 0.14895833 0.31696429
vt 0.16211552 0.31696429
vt 0.17914271 0.31696429
vt 0.17811027 0.31696429
vt 0.16038714 0.31696429
vt 0.17811027 0.31696429
vt 0.16038714 0.31696429
vt 0.15994633 0.31696429
vt 0.18020833 0.31696429
vt 0.14895833 0.31696429
vt 0.14895833 0.31696429
vt 0.16505253 0.31696429
vt 0.14895833 0.31696429
vt 0.14895833 0.31696429
vt 0.18020833 0.31696429
vt 0.16064064 0.31696429
vt 0.18020833 0.31696429
vt 0.17796252 0.31696429
vt 0.15566565 0.31696429
vt 0.16211552 0.31696429
vt 0.14895833 0.31696429
vt 0.14895833 0.31696429
vt 0.14895833 0.31696429
vt 0.17722643 0.31696429
vt 0.14895833 0.31696429
vt 0.17722643 0.31696429
vt 0.14895833 0.31696429
vt 0.17722643 0.32524766
vt 0.14895833 0.33055854
vt 0.17722643 0.34549578
vt 0.14895833 0.34549603
vt 0.17181102 0.34549578
vt 0.17173982 0.33055854
vt 0.17173982 0.31696429
vt 0.17173982 0.31696429
vt 0.17173982 0.31696429
vt 0.14895833 0.31696429
vt 0.14895833 0.31696429
vt 0.16625322 0.31696429
vt 0.16682039 0.31696429
vt 0.16625322 0.31696429
vt 0.18020833 0.31696429
vt 0.18020833 0.31696429
vt 0.16076652 0.31696429
vt 0.16076652 0.31696429
vt 0.18020833 0.31696429
vt 0.18020833 0.31696429
vt 0.15527988 0.31696429
vt 0.15530477 0.31696429
vt 0.15527988 0.31696429
vt 0.18020833 0.31696429
vt 0.18020833 0.31696429
vt 0.14979328 0.31696429
vt 0.14979328 0.31696429
vt 0.17829996 0.31696429
vt 0.17829996 0.33055854
vt 0.14895833 0.33055854
vt 0.17821328 0.34549578
vt 0.14895833 0.34549578
vt 0.14895833 0.34549578
vt 0.14895833 0.33055854
vt 0.14895833 0.31696429
vt 0.16635109 0.34549578
vt 0.16625322 0.33055854
vt 0.16625322 0.31696429
vt 0.18020833 0.34548141
vt 0.18020833 0.33055854
vt 0.18020833 0.31696429
vt 0.16095946 0.34546241
vt 0.16076652 0.33055854
vt 0.16076652 0.31696429
vt 0.18020833 0.34547829
vt 0.18020833 0.33055854
vt 0.18020833 0.31696429
vt 0.15528641 0.34549578
vt 0.15527988 0.33055854
vt 0.15527988 0.31696429
vt 0.18020833 0.33055854
vt 0.18020833 0.34549554
vt 0.14979328 0.33055854
vt 0.14972646 0.34549578
vt 0.17281327 0.33055854
vt 0.17272490 0.34549578
vt 0.18020833 0.33055854
vt 0.18020833 0.34549578
vt 0.16732664 0.33055854
vt 0.16729052 0.34549603
vt 0.14895833 0.34549578
vt 0.14895833 0.32524766
vt 0.16732664 0.31696429
vt 0.18020833 0.31696429
vt 0.18020833 0.31696429
vt 0.17281327 0.31696429
vt 0.17251077 0.31696429
vt 0.14895833 0.31696429
vt 0.14895833 0.31696429
vt 0.16732664 0.31696429
vt 0.18020833 0.31696429
vt 0.14895833 0.31696429
vt 0.16690571 0.31696429
vt 0.18020833 0.31696429
vt 0.14895833 0.31696429
vt 0.14895833 0.31696429
vt 0.17281327 0.31696429
vt 0.14895833 0.31696429
vt 0.17812758 0.31696429
vt 0.17829996 0.31696429
vt 0.14948108 0.31696429
vt 0.14979328 0.31696429
vt 0.18020833 0.31696429
vt 0.14895833 0.31696429
vt 0.15573233 0.31696429
vt 0.14895833 0.31696429
vt 0.16247546 0.31696429
vt 0.14895833 0.31696429
vt 0.16247546 0.31696429
vt 0.14895833 0.31696429
vt 0.17926971 0.31696429
vt 0.17820315 0.31696429
vt 0.16057289 0.31696429
vt 0.16057289 0.31696429
vt 0.18020833 0.31696429
vt 0.16013958 0.31696429
vt 0.14895833 0.31696429
vt 0.17806952 0.31696429
vt 0.17820315 0.31696429
vt 0.18020833 0.31754403
vt 0.16537758 0.31696429
vt 0.14895833 0.31696429
vt 0.18020833 0.31696429
vt 0.16080771 0.31696429
vt 0.14895833 0.31696429
vt 0.14895833 0.31696429
vt 0.14895833 0.37946429
vt 0.14895833 0.37946429
vt 0.14895833 0.33863254
vt 0.18020833 0.37946429
vt 0.18020833 0.33863254
vt 0.16995196 0.37946429
vt 0.15979246 0.37012105
vt 0.15496514 0.37946429
vt 0.18020833 0.37012105
vt 0.18020833 0.31696429
vt 0.15038527 0.31842865
vt 0.18020833 0.33651166
vt 0.15081465 0.31867965
vt 0.14895833 0.35180678
vt 0.18020833 0.37946429
vt 0.14895833 0.37946429
vt 0.14895833 0.37946429
vt 0.14895833 0.31696429
vt 0.18020833 0.31696429
vt 0.18020833 0.32638742
vt 0.18020833 0.34859766
vt 0.18020833 0.36684127
vt 0.18020833 0.37946429
vt 0.15416146 0.37946429
vt 0.16631538 0.31696429
vt 0.16712046 0.31696429
vt 0.18020833 0.31696429
vt 0.17153765 0.31696429
vt 0.17402596 0.31696429
vt 0.17405964 0.31696429
vt 0.17331166 0.32438089
vt 0.16988511 0.33640863
vt 0.16933752 0.33773954
vt 0.18020833 0.36068364
vt 0.15793032 0.35698416
vt 0.18020833 0.37946429
vt 0.18020833 0.37946429
vt 0.14895833 0.31696429
vt 0.18020833 0.32707431
vt 0.14895833 0.33621992
vt 0.14895833 0.36896564
vt 0.18020833 0.37276967
vt 0.14895833 0.36956729
vt 0.14895833 0.37946429
vt 0.18020833 0.31696429
vt 0.15189346 0.31696429
vt 0.15147647 0.31696429
vt 0.18020833 0.33916028
vt 0.15548364 0.34623601
vt 0.18020833 0.37946429
vt 0.15979246 0.37946429
vt 0.17912165 0.37946429
vt 0.14895833 0.37946429
vt 0.14895833 0.37946429
vt 0.14895833 0.37946429
vt 0.14895833 0.37946429
vt 0.14895833 0.37946429
vt 0.14895833 0.37946429
vt 0.15979246 0.35841141
vt 0.15496514 0.37946429
vt 0.18020833 0.35841141
vt 0.18020833 0.37946429
vt 0.15038527 0.37946429
vt 0.18020833 0.32480203
vt 0.15081465 0.37946429
vt 0.14895833 0.34009716
vt 0.18020833 0.37049741
vt 0.14895833 0.37247153
vt 0.14895833 0.37308353
vt 0.14895833 0.37946429
vt 0.18020833 0.31696429
vt 0.18020833 0.31696429
vt 0.18020833 0.33688803
vt 0.18020833 0.35513167
vt 0.18020833 0.37946429
vt 0.15416146 0.37946429
vt 0.16631538 0.37946429
vt 0.16712046 0.37946429
vt 0.18020833 0.31696429
vt 0.17153765 0.31696429
vt 0.17402596 0.31696429
vt 0.17405964 0.31696429
vt 0.17331166 0.31696429
vt 0.16988511 0.32469903
vt 0.16933752 0.32602991
vt 0.18020833 0.34897404
vt 0.15793032 0.34527453
vt 0.18020833 0.37310527
vt 0.18020833 0.37946429
vt 0.14895833 0.31696429
vt 0.18020833 0.31696429
vt 0.14895833 0.32451029
vt 0.14895833 0.35725601
vt 0.18020833 0.36106004
vt 0.14895833 0.35785766
vt 0.14895833 0.37946429
vt 0.18020833 0.37946429
vt 0.15189346 0.31696429
vt 0.15147647 0.31696429
vt 0.18020833 0.32745065
vt 0.15548364 0.33452656
vt 0.18020833 0.37314601
vt 0.15979246 0.37314601
vt 0.18020833 0.37946429
vt 0.18020833 0.33863254
vt 0.16995196 0.37946429
vt 0.14895833 0.37946429
vt 0.14895833 0.37946429
vt 0.14895833 0.33863254
vt 0.18020833 0.31913766
vt 0.18020833 0.31696429
vt 0.18020833 0.31696429
vt 0.18020833 0.31696429
vt 0.18020833 0.31696429
vt 0.18020833 0.31696429
vt 0.18020833 0.31696429
vt 0.15257708 0.37363227
vt 0.18020833 0.37946429
vt 0.15257708 0.37946429
vt 0.15430584 0.37946429
vt 0.16593016 0.33730566
vt 0.14906795 0.36246641
vt 0.18020833 0.33730566
vt 0.18020833 0.31696429
vt 0.16434363 0.31696429
vt 0.18020833 0.31696429
vt 0.16434363 0.31696429
vt 0.18020833 0.34684366
vt 0.16434363 0.34684366
vt 0.18020833 0.37946429
vt 0.16434363 0.37946429
vt 0.18020833 0.37946429
vt 0.16434363 0.37946429
vt 0.18020833 0.35638166
vt 0.16434363 0.35638166
vt 0.18020833 0.37946429
vt 0.16434363 0.37946429
vt 0.18020833 0.32107367
vt 0.16434363 0.32107367
vt 0.18020833 0.36591967
vt 0.16434363 0.36591967
vt 0.18020833 0.31696429
vt 0.16434363 0.31696429
vt 0.17729233 0.33061154
vt 0.14895833 0.31696429
vt 0.17519821 0.37543129
vt 0.16103221 0.35111092
vt 0.14895833 0.32517077
vt 0.16610057 0.31696429
vt 0.18020833 0.31696429
vt 0.14895833 0.37946429
vt 0.14895833 0.37946429
vt 0.14895833 0.37916216
vt 0.14895833 0.36068654
vt 0.14895833 0.33920416
vt 0.14895833 0.33919454
vt 0.18020833 0.32211390
vt 0.18020833 0.37946429
vt 0.18020833 0.37946429
vt 0.16550291 0.37946429
vt 0.18020833 0.37076353
vt 0.14895833 0.34048929
vt 0.15993527 0.31696429
vt 0.15884984 0.31696429
vt 0.17683358 0.31696429
vt 0.18020833 0.31696429
vt 0.18020833 0.33061154
vt 0.15536483 0.37946429
vt 0.16613645 0.37946429
vt 0.15536483 0.35090794
vt 0.18020833 0.33691953
vt 0.17209283 0.31696429
vt 0.15844515 0.34326691
vt 0.15426733 0.31696429
vt 0.14895833 0.37946429
vt 0.17689883 0.31696429
vt 0.16655552 0.37946429
vt 0.16655552 0.35090794
vt 0.15578389 0.37946429
vt 0.17729233 0.36582692
vt 0.14895833 0.37946429
vt 0.18020833 0.36582692
vt 0.18020833 0.37946429
vt 0.16422952 0.37946429
vt 0.18020833 0.33051677
vt 0.16422952 0.33051677
vt 0.18020833 0.37536167
vt 0.16422952 0.37536167
vt 0.18020833 0.31696429
vt 0.16422952 0.31696429
vt 0.18020833 0.34005153
vt 0.16422952 0.34005153
vt 0.16422952 0.37946429
vt 0.14895833 0.36983441
vt 0.18020833 0.37946429
vt 0.17346907 0.32018592
vt 0.15874792 0.34412290
vt 0.14895833 0.36949565
vt 0.16319723 0.37946429
vt 0.18020833 0.37946429
vt 0.18020833 0.31696429
vt 0.14895833 0.31696429
vt 0.14895833 0.32982016
vt 0.14895833 0.34381967
vt 0.14895833 0.35186291
vt 0.18020833 0.37946429
vt 0.16809226 0.31696429
vt 0.16422952 0.31696429
vt 0.18020833 0.32386478
vt 0.16422952 0.34958641
vt 0.14895833 0.35446566
vt 0.16180260 0.31696429
vt 0.16422952 0.31696429
vt 0.16055922 0.31696429
vt 0.17796857 0.31696429
vt 0.18020833 0.31696429
vt 0.16422952 0.31696429
vt 0.18020833 0.31696429
vt 0.14940057 0.33377891
vt 0.18020833 0.35912116
vt 0.16593016 0.35912116
vt 0.18020833 0.31696429
vt 0.18020833 0.34958641
vt 0.18020833 0.31696429
vt 0.18020833 0.37946429
vt 0.14895833 0.37946429
vt 0.17187326 0.37946429
vt 0.14895833 0.37946429
vt 0.14895833 0.37363227
vt 0.14895833 0.31696429
vt 0.14895833 0.31696429
vt 0.14895833 0.31696429
vt 0.14895833 0.31696429
vt 0.14895833 0.31696429
vt 0.14895833 0.31696429
vt 0.14895833 0.37875778
vt 0.14895833 0.36853891
vt 0.14895833 0.36482278
vt 0.14895833 0.36162691
vt 0.15360665 0.36162691
vt 0.14895833 0.31696429
vt 0.14895833 0.31696429
vt 0.14895833 0.35608278
vt 0.14895833 0.36007755
vt 0.14895833 0.37946429
vt 0.14895833 0.37946429
vt 0.14895833 0.31696429
vt 0.14895833 0.32296230
vt 0.14895833 0.35092552
vt 0.14895833 0.36690463
vt 0.14895833 0.37946429
vt 0.14895833 0.31696429
vt 0.14895833 0.31696429
vt 0.14895833 0.32978942
vt 0.14895833 0.34576841
vt 0.14895833 0.37373181
vt 0.14895833 0.37946429
vt 0.14895833 0.31696429
vt 0.14895833 0.31696429
vt 0.14895833 0.33661653
vt 0.14895833 0.34061130
vt 0.14895833 0.37946429
vt 0.14895833 0.37946429
vt 0.14895833 0.31696429
vt 0.14895833 0.36007755
vt 0.14895833 0.37946429
vt 0.14895833 0.32296230
vt 0.14895833 0.36690463
vt 0.14895833 0.31696429
vt 0.14895833 0.32978942
vt 0.14895833 0.37373181
vt 0.14895833 0.31696429
vt 0.14895833 0.33661653
vt 0.14895833 0.37946429
vt 0.15627908 0.33661653
vt 0.15627908 0.37946429
vt 0.15627908 0.31696429
vt 0.15627908 0.36007755
vt 0.15627908 0.37946429
vt 0.15627908 0.32296230
vt 0.15627908 0.36690463
vt 0.15627908 0.31696429
vt 0.15627908 0.32978942
vt 0.15627908 0.37373181
vt 0.15627908 0.31696429
vt 0.15541927 0.36162691
vt 0.16655552 0.36482278
vt 0.15245990 0.36162691
vt 0.15128508 0.37145629
vt 0.16655552 0.31696429
vt 0.15111777 0.31696429
vt 0.15192771 0.31696429
vt 0.16655552 0.31696429
vt 0.15358552 0.31696429
vt 0.16655552 0.31696429
vt 0.15578389 0.31696429
vt 0.16613645 0.31696429
vt 0.15536483 0.31696429
vt 0.16833483 0.31696429
vt 0.15536483 0.31696429
vt 0.16999259 0.31696429
vt 0.15536483 0.31696429
vt 0.17080259 0.31696429
vt 0.17063528 0.37145629
vt 0.15536483 0.36482278
vt 0.16946039 0.36162691
vt 0.16650108 0.36162691
vt 0.14895833 0.37946429
vt 0.14895833 0.37946429
vt 0.14895833 0.37946429
vt 0.14895833 0.37946429
vt 0.14895833 0.33738741
vt 0.14895833 0.34537691
vt 0.14895833 0.37733503
vt 0.14895833 0.37946429
vt 0.14895833 0.31696429
vt 0.14895833 0.31696429
vt 0.14895833 0.33223029
vt 0.14895833 0.35220404
vt 0.14895833 0.37217792
vt 0.14895833 0.37946429
vt 0.14895833 0.31696429
vt 0.14895833 0.31696429
vt 0.14895833 0.32707317
vt 0.14895833 0.35903128
vt 0.14895833 0.36702077
vt 0.14895833 0.37946429
vt 0.14895833 0.37946429
vt 0.14895833 0.32191606
vt 0.14895833 0.32191606
vt 0.14895833 0.37946429
vt 0.14895833 0.37946429
vt 0.14895833 0.34537691
vt 0.14895833 0.37946429
vt 0.14895833 0.31696429
vt 0.14895833 0.35220404
vt 0.14895833 0.37946429
vt 0.14895833 0.31696429
vt 0.14895833 0.35903128
vt 0.14895833 0.37946429
vt 0.14895833 0.32191606
vt 0.15627908 0.37946429
vt 0.15627908 0.32191606
vt 0.15627908 0.37946429
vt 0.15627908 0.37946429
vt 0.15627908 0.34537691
vt 0.15627908 0.37946429
vt 0.15627908 0.31696429
vt 0.15627908 0.35220404
vt 0.15627908 0.37946429
vt 0.15627908 0.31696429
vt 0.15627908 0.35903128
vt 0.14895833 0.36162691
vt 0.15257708 0.36482278
vt 0.15153665 0.36162691
vt 0.15100927 0.36853891
vt 0.15257708 0.31696429
vt 0.15074971 0.37875778
vt 0.15118233 0.31696429
vt 0.15257708 0.31696429
vt 0.15239234 0.31696429
vt 0.15257708 0.31696429
vt 0.15430584 0.31696429
vt 0.14895833 0.36162691
vt 0.14895833 0.36482278
vt 0.16126527 0.36162691
vt 0.16776465 0.37687091
vt 0.14895833 0.31696429
vt 0.17340471 0.31696429
vt 0.14895833 0.31696429
vt 0.17819071 0.31696429
vt 0.14895833 0.31696429
vt 0.14895833 0.31696429
vt 0.14895833 0.35991816
vt 0.14895833 0.35991816
vt 0.14895833 0.31881567
vt 0.14895833 0.31881567
vt 0.14895833 0.37946429
vt 0.14895833 0.37946429
vt 0.14895833 0.36161055
vt 0.14895833 0.36161055
vt 0.14895833 0.32050790
vt 0.14895833 0.32050790
vt 0.14895833 0.37946429
vt 0.14895833 0.37946429
vt 0.14895833 0.36330278
vt 0.14895833 0.36330278
vt 0.14895833 0.32220014
vt 0.14895833 0.32220014
vt 0.14895833 0.37946429
vt 0.14895833 0.37946429
vt 0.14895833 0.36499502
vt 0.14895833 0.36499502
vt 0.14895833 0.32389255
vt 0.14895833 0.32389255
vt 0.14895833 0.37946429
vt 0.14895833 0.37946429
vt 0.14895833 0.36668731
vt 0.14895833 0.36668731
vt 0.14895833 0.32558479
vt 0.14895833 0.32558479
vt 0.14895833 0.37946429
vt 0.14895833 0.37946429
vt 0.14895833 0.32558479
vt 0.14895833 0.37946429
vt 0.17288758 0.37946429
vt 0.17288758 0.33243515
vt 0.14895833 0.36668731
vt 0.17288758 0.37946429
vt 0.14895833 0.37946429
vt 0.17288758 0.31696429
vt 0.14895833 0.32389255
vt 0.17288758 0.35129418
vt 0.14895833 0.36499502
vt 0.17288758 0.37946429
vt 0.14895833 0.37946429
vt 0.17288758 0.32220014
vt 0.14895833 0.32220014
vt 0.14895833 0.36330278
vt 0.14895833 0.35991816
vt 0.14895833 0.31881567
vt 0.14895833 0.37946429
vt 0.14895833 0.36161055
vt 0.14895833 0.32050790
vt 0.14895833 0.37946429
vt 0.17288758 0.35991816
vt 0.17288758 0.31696429
vt 0.17288758 0.37946429
vt 0.17288758 0.34105917
vt 0.17288758 0.31696429
vt 0.17288758 0.37015315
vt 0.14895833 0.31696429
vt 0.14895833 0.31696429
vt 0.15204515 0.31696429
vt 0.14895833 0.31696429
vt 0.15713233 0.31696429
vt 0.14895833 0.31696429
vt 0.16310990 0.37320179
vt 0.14895833 0.36482278
vt 0.16790140 0.36162691
vt 0.14895833 0.36162691
vt 0.14895833 0.31696429
vt 0.14895833 0.31696429
vt 0.15204515 0.31696429
vt 0.14895833 0.31696429
vt 0.15713233 0.31696429
vt 0.14895833 0.31696429
vt 0.16310990 0.37320179
vt 0.14895833 0.36482278
vt 0.16790140 0.36162691
vt 0.14895833 0.36162691
vt 0.14895833 0.37946429
vt 0.14895833 0.37946429
vt 0.14895833 0.31696429
vt 0.14895833 0.31696429
vt 0.14895833 0.33749865
vt 0.14895833 0.33749865
vt 0.14895833 0.37860115
vt 0.14895833 0.37860115
vt 0.14895833 0.31696429
vt 0.14895833 0.31696429
vt 0.14895833 0.33580628
vt 0.14895833 0.33580628
vt 0.14895833 0.37690892
vt 0.14895833 0.37690892
vt 0.14895833 0.31696429
vt 0.14895833 0.31696429
vt 0.14895833 0.33411403
vt 0.14895833 0.33411403
vt 0.14895833 0.37521666
vt 0.14895833 0.37521666
vt 0.14895833 0.31696429
vt 0.14895833 0.31696429
vt 0.14895833 0.33242179
vt 0.14895833 0.33242179
vt 0.14895833 0.37352429
vt 0.14895833 0.37352429
vt 0.14895833 0.37946429
vt 0.14895833 0.37946429
vt 0.14895833 0.33072941
vt 0.14895833 0.33072941
vt 0.14895833 0.37946429
vt 0.14895833 0.33072941
vt 0.15627908 0.33072941
vt 0.15627908 0.37946429
vt 0.14895833 0.37352429
vt 0.15627908 0.35982341
vt 0.14895833 0.33242179
vt 0.15627908 0.31696429
vt 0.14895833 0.31696429
vt 0.15627908 0.31696429
vt 0.14895833 0.37521666
vt 0.15627908 0.34096441
vt 0.14895833 0.33411403
vt 0.15627908 0.31696429
vt 0.14895833 0.31696429
vt 0.14895833 0.37690892
vt 0.14895833 0.37946429
vt 0.14895833 0.31696429
vt 0.14895833 0.33749865
vt 0.14895833 0.37860115
vt 0.14895833 0.31696429
vt 0.14895833 0.33580628
vt 0.15627908 0.37946429
vt 0.15627908 0.31696429
vt 0.15627908 0.35119941
vt 0.15627908 0.37946429
vt 0.15627908 0.32210541
vt 0.15627908 0.37005840
vt 0.17241490 0.36162691
vt 0.18020833 0.36482278
vt 0.14898302 0.36162691
vt 0.15548246 0.37687091
vt 0.18020833 0.31696429
vt 0.16112246 0.31696429
vt 0.18020833 0.31696429
vt 0.16590846 0.31696429
vt 0.18020833 0.31696429
vt 0.16995196 0.31696429
vt 0.14895833 0.31696429
vt 0.14895833 0.31696429
vt 0.14895833 0.31696429
vt 0.14895833 0.31696429
vt 0.14895833 0.31696429
vt 0.14895833 0.31696429
vt 0.14895833 0.31696429
vt 0.14895833 0.31696429
vt 0.15554552 0.31696429
vt 0.15554552 0.31696429
vt 0.16294958 0.31696429
vt 0.16294958 0.31696429
vt 0.15777315 0.31696429
vt 0.15259233 0.31696429
vt 0.14895833 0.31696429
vt 0.14895833 0.31696429
vt 0.14895833 0.31696429
vt 0.14895833 0.31696429
vt 0.14895833 0.31696429
vt 0.14895833 0.31696429
vt 0.14895833 0.31696429
vt 0.14895833 0.31696429
vt 0.14895833 0.31696429
vt 0.16294958 0.31696429
vt 0.15554552 0.31696429
vt 0.15259183 0.31696429
vt 0.16294958 0.31696429
vt 0.15877315 0.31696429
vt 0.14895833 0.31696429
vt 0.14895833 0.31696429
vt 0.14895833 0.31696429
vt 0.15678315 0.31696429
vt 0.18020833 0.31696429
vt 0.16850808 0.31696429
vt 0.18020833 0.31696429
vt 0.16850808 0.31696429
vt 0.18020833 0.31696429
vt 0.16850808 0.31696429
vt 0.18020833 0.31696429
vt 0.18020833 0.31696429
vt 0.18020833 0.31696429
vt 0.17635752 0.31696429
vt 0.17635752 0.31696429
vt 0.14903227 0.31696429
vt 0.14903227 0.31696429
vt 0.17635752 0.31696429
vt 0.14903227 0.31696429
vt 0.17004640 0.31696429
vt 0.18020833 0.31696429
vt 0.18020833 0.31696429
vt 0.14903227 0.31696429
vt 0.14895833 0.31696429
vt 0.15678315 0.31696429
vt 0.15678315 0.31696429
vt 0.14895833 0.31696429
vt 0.18020833 0.31696429
vt 0.18020833 0.31696429
vt 0.14895833 0.31696429
vt 0.18020833 0.31696429
vt 0.14895833 0.31696429
vt 0.18020833 0.31696429
vt 0.14895833 0.31696429
vt 0.18020833 0.31696429
vt 0.14895833 0.31696429
vt 0.18020833 0.31696429
vt 0.15593378 0.31696429
vt 0.18020833 0.31696429
vt 0.18020833 0.31696429
vt 0.15593378 0.31696429
vt 0.18020833 0.31696429
vt 0.15593378 0.31696429
vt 0.18020833 0.31696429
vt 0.14895833 0.31696429
vt 0.14895833 0.31696429
vt 0.14895833 0.31696429
vt 0.14895833 0.31696429
vt 0.14895833 0.31696429
vt 0.14895833 0.31696429
vt 0.14895833 0.31696429
vt 0.14895833 0.31696429
vt 0.15625127 0.31696429
vt 0.15625127 0.31696429
vt 0.16389058 0.31696429
vt 0.16389058 0.31696429
vt 0.15780065 0.31696429
vt 0.15172758 0.31696429
vt 0.14895833 0.31696429
vt 0.14895833 0.31696429
vt 0.14895833 0.31696429
vt 0.14895833 0.31696429
vt 0.14895833 0.31696429
vt 0.14895833 0.31696429
vt 0.14895833 0.31696429
vt 0.14895833 0.31696429
vt 0.14895833 0.31696429
vt 0.16389058 0.31696429
vt 0.15625127 0.31696429
vt 0.15172708 0.31696429
vt 0.16389058 0.31696429
vt 0.15788890 0.31696429
vt 0.14895833 0.31696429
vt 0.16256608 0.31696429
vt 0.14895833 0.31696429
vt 0.16256608 0.31696429
vt 0.14895833 0.31696429
vt 0.16256608 0.31696429
vt 0.14895833 0.31696429
vt 0.16256608 0.31696429
vt 0.14895833 0.31696429
vt 0.16256608 0.31696429
vt 0.14895833 0.31696429
vt 0.18020833 0.31696429
vt 0.18020833 0.31696429
vt 0.14895833 0.31696429
vt 0.18020833 0.31696429
vt 0.14895833 0.31696429
vt 0.18020833 0.31696429
vt 0.14895833 0.31696429
vt 0.18020833 0.31696429
vt 0.17516521 0.31696429
vt 0.17516521 0.31696429
vt 0.15772245 0.31696429
vt 0.15853158 0.31696429
vt 0.16617603 0.31696429
vt 0.16617603 0.31696429
vt 0.18020833 0.31696429
vt 0.18020833 0.31696429
vt 0.18020833 0.31696429
vt 0.18020833 0.31696429
vt 0.14895833 0.31696429
vt 0.17516521 0.31696429
vt 0.17516521 0.31696429
vt 0.17516521 0.31696429
vt 0.15853158 0.31696429
vt 0.15585227 0.31696429
vt 0.16617603 0.31696429
vt 0.16017989 0.31696429
vt 0.14954240 0.31696429
vt 0.14895833 0.31696429
vt 0.18020833 0.31696429
vt 0.18020833 0.31696429
vt 0.18020833 0.31696429
vt 0.16483120 0.31696429
vt 0.16304822 0.31696429
vt 0.16483120 0.31696429
vt 0.16865341 0.31696429
vt 0.17539883 0.31696429
vt 0.17629776 0.31696429
vt 0.18020833 0.31696429
vt 0.18020833 0.31696429
vt 0.18020833 0.31696429
vt 0.18020833 0.31696429
vt 0.14895833 0.31696429
vt 0.14895833 0.31696429
vt 0.14895833 0.31696429
vt 0.14909334 0.31696429
vt 0.16348634 0.31696429
vt 0.17236603 0.31696429
vt 0.17113078 0.31696429
vt 0.14895833 0.31696429
vt 0.17113078 0.31696429
vt 0.14895833 0.31696429
vt 0.17113078 0.31696429
vt 0.14895833 0.31696429
vt 0.17149828 0.31696429
vt 0.15495420 0.31696429
vt 0.15449715 0.31696429
vt 0.18020833 0.31696429
vt 0.18020833 0.31696429
vt 0.15315241 0.31696429
vt 0.15315241 0.31696429
vt 0.18020833 0.31696429
vt 0.18020833 0.31696429
vt 0.18020833 0.31696429
vt 0.15588526 0.31696429
vt 0.15449715 0.31696429
vt 0.15449715 0.31696429
vt 0.18020833 0.31696429
vt 0.14895833 0.31696429
vt 0.16767282 0.31696429
vt 0.16709627 0.31696429
vt 0.18020833 0.31696429
vt 0.16709627 0.31696429
vt 0.18020833 0.31696429
vt 0.16709627 0.31696429
vt 0.18020833 0.31696429
vt 0.16729356 0.31696429
vt 0.15046269 0.31696429
vt 0.15046269 0.31696429
vt 0.14895833 0.31696429
vt 0.14895833 0.31696429
vt 0.17969520 0.31696429
vt 0.17969520 0.31696429
vt 0.15046269 0.31696429
vt 0.15046269 0.31696429
vt 0.15046269 0.31696429
vt 0.14895833 0.31696429
vt 0.14895833 0.31696429
vt 0.14895833 0.31696429
vt 0.17969520 0.31696429
vt 0.17969520 0.31696429
vt 0.18020833 0.31696429
vt 0.15315241 0.31696429
vt 0.14895833 0.31696429
vt 0.16348634 0.31696429
vt 0.14895833 0.31696429
vt 0.14895833 0.31696429
vt 0.14895833 0.31696429
vt 0.14895833 0.31696429
vt 0.18020833 0.31696429
vt 0.18020833 0.31696429
vt 0.18020833 0.31696429
vt 0.18020833 0.31696429
vt 0.17629776 0.31696429
vt 0.17588139 0.31696429
vt 0.16865341 0.31696429
vt 0.16415084 0.31696429
vt 0.16483120 0.31696429
vt 0.15298358 0.31696429
vt 0.14954240 0.31696429
vt 0.14895833 0.31696429
vt 0.14895833 0.31696429
vt 0.14895833 0.31696429
vt 0.18020833 0.31696429
vt 0.14895833 0.31696429
vt 0.14895833 0.31696429
vt 0.15853158 0.31696429
vt 0.14895833 0.31696429
vt 0.14954240 0.31696429
vt 0.16483120 0.31696429
vt 0.16865341 0.31696429
vt 0.17629776 0.31696429
vt 0.18020833 0.31696429
vt 0.18020833 0.31696429
vt 0.14895833 0.31696429
vt 0.16348634 0.31696429
vt 0.18020833 0.31696429
vt 0.17000564 0.31696429
vt 0.18020833 0.31696429
vt 0.15315515 0.31696429
vt 0.14895833 0.31696429
vt 0.14895833 0.31696429
vt 0.15315515 0.31696429
vt 0.14895833 0.31696429
vt 0.15315515 0.31696429
vt 0.15209883 0.31696429
vt 0.16464508 0.31696429
vt 0.17000564 0.31696429
vt 0.17576646 0.31696429
vt 0.18020833 0.31696429
vt 0.18020833 0.31696429
vt 0.17000564 0.31696429
vt 0.14895833 0.31696429
vt 0.16020321 0.31696429
vt 0.16916571 0.31696429
vt 0.16020758 0.31696429
vt 0.16916571 0.31696429
vt 0.16020758 0.31696429
vt 0.16916571 0.31696429
vt 0.16020758 0.31696429
vt 0.16020758 0.31696429
vt 0.15124952 0.31696429
vt 0.15124952 0.31696429
vt 0.14895833 0.31696429
vt 0.15124952 0.31833204
vt 0.14895833 0.31832928
vt 0.16916571 0.31696429
vt 0.16020758 0.31696429
vt 0.15943283 0.31832466
vt 0.16916571 0.31833266
vt 0.14895833 0.31696429
vt 0.14895833 0.31833266
vt 0.14895833 0.31696429
vt 0.14895833 0.31696429
vt 0.14895833 0.31696429
vt 0.14895833 0.31696429
vt 0.14895833 0.31696429
vt 0.14895833 0.31696429
vt 0.14895833 0.31696429
vt 0.15124952 0.31696429
vt 0.15124952 0.31696429
vt 0.14895833 0.31696429
vt 0.14895833 0.31696429
vt 0.14895833 0.31696429
vt 0.15124952 0.31696429
vt 0.15124952 0.31696429
vt 0.14895833 0.31696429
vt 0.14895833 0.31696429
vt 0.14895833 0.37946429
vt 0.14895833 0.37946429
vt 0.14895833 0.37946429
vt 0.14895833 0.37088491
vt 0.14895833 0.36122389
vt 0.14895833 0.32821878
vt 0.14895833 0.37946429
vt 0.14895833 0.31696429
vt 0.14895833 0.32644339
vt 0.14895833 0.37946429
vt 0.14895833 0.32391633
vt 0.14895833 0.32391633
vt 0.14895833 0.31696429
vt 0.14895833 0.37946429
vt 0.14895833 0.32391633
vt 0.14895833 0.35289945
vt 0.14895833 0.34323825
vt 0.14895833 0.33357729
vt 0.14895833 0.32391633
vt 0.14895833 0.37946429
vt 0.14895833 0.31696429
vt 0.17192164 0.31696429
vt 0.15562171 0.31696429
vt 0.17192164 0.31696429
vt 0.15562171 0.31696429
vt 0.17192164 0.31696429
vt 0.15562171 0.31696429
vt 0.15562171 0.31696429
vt 0.14895833 0.31696429
vt 0.14895833 0.31696429
vt 0.15562171 0.31696429
vt 0.14895833 0.32717478
vt 0.14895833 0.32717478
vt 0.15208377 0.32717478
vt 0.16200296 0.32717478
vt 0.17192164 0.31696429
vt 0.17192164 0.32717478
vt 0.14895833 0.31696429
vt 0.16012083 0.31696429
vt 0.16903977 0.31696429
vt 0.16011315 0.31696429
vt 0.16903977 0.31696429
vt 0.16011315 0.31696429
vt 0.16011315 0.31696429
vt 0.15118658 0.31696429
vt 0.15118658 0.31696429
vt 0.14895833 0.31696429
vt 0.14895833 0.31696429
vt 0.14895833 0.31696429
vt 0.14895833 0.31832666
vt 0.14895833 0.31832666
vt 0.16903977 0.31696429
vt 0.16011315 0.31696429
vt 0.15118658 0.31696429
vt 0.14902915 0.31832666
vt 0.16011315 0.31696429
vt 0.16903977 0.31832666
vt 0.15786402 0.31832404
vt 0.14895833 0.31696429
vt 0.14895833 0.31696429
vt 0.15118658 0.31696429
vt 0.14895833 0.31696429
vt 0.14895833 0.31696429
vt 0.14895833 0.31696429
vt 0.14895833 0.31696429
vt 0.14895833 0.31696429
vt 0.15118658 0.31696429
vt 0.15118658 0.31696429
vt 0.15702582 0.31696429
vt 0.15424020 0.31696429
vt 0.15684021 0.31696429
vt 0.15424020 0.31696429
vt 0.15684021 0.31696429
vt 0.15424020 0.31696429
vt 0.15684021 0.31696429
vt 0.15684021 0.31696429
vt 0.15943957 0.31696429
vt 0.15943957 0.31696429
vt 0.16203893 0.31696429
vt 0.16204519 0.31696429
vt 0.16463835 0.31696429
vt 0.15424020 0.31696429
vt 0.15684021 0.31696429
vt 0.15943957 0.31696429
vt 0.15943331 0.31696429
vt 0.15424020 0.31696429
vt 0.15685148 0.31696429
vt 0.16451830 0.31696429
vt 0.16463835 0.31696429
vt 0.16203893 0.31696429
vt 0.16463835 0.31696429
vt 0.16203893 0.31696429
vt 0.16463835 0.31696429
vt 0.16203893 0.31696429
vt 0.16463835 0.31696429
vt 0.16203893 0.31696429
vt 0.16463835 0.31696429
vt 0.16258831 0.31696429
vt 0.16576398 0.31696429
vt 0.16463835 0.31696429
vt 0.18020833 0.31696429
vt 0.16811336 0.31696429
vt 0.14895833 0.31696429
vt 0.17151196 0.31696429
vt 0.16983778 0.31696429
vt 0.14987088 0.31696429
vt 0.14987088 0.31696429
vt 0.17243726 0.31696429
vt 0.17243726 0.31696429
vt 0.16245390 0.31696429
vt 0.16245390 0.31696429
vt 0.14895833 0.31696429
vt 0.14895833 0.31696429
vt 0.18020833 0.31696429
vt 0.14895833 0.31696429
vt 0.18020833 0.31696429
vt 0.18020833 0.31696429
vt 0.16717333 0.31696429
vt 0.14895833 0.31696429
vt 0.16983778 0.31696429
vt 0.16958637 0.31696429
vt 0.16983778 0.31696429
vt 0.14895833 0.31696429
vt 0.14987088 0.31696429
vt 0.17243726 0.31696429
vt 0.14987088 0.31696429
vt 0.17243726 0.31696429
vt 0.14987088 0.31696429
vt 0.17243726 0.31696429
vt 0.17215163 0.31696429
vt 0.16245390 0.31696429
vt 0.18020833 0.31696429
vt 0.18020833 0.31696429
vt 0.17503683 0.31696429
vt 0.17509178 0.31696429
vt 0.17503683 0.31696429
vt 0.16770432 0.31696429
vt 0.16505341 0.31696429
vt 0.17503683 0.31696429
vt 0.16505341 0.31696429
vt 0.17503683 0.31696429
vt 0.16505341 0.31696429
vt 0.17503683 0.31696429
vt 0.16505341 0.31696429
vt 0.17503683 0.31696429
vt 0.16505341 0.31696429
vt 0.16751496 0.31696429
vt 0.16006170 0.31696429
vt 0.16006170 0.31696429
vt 0.15915353 0.31696429
vt 0.15007833 0.31696429
vt 0.14895833 0.31696429
vt 0.14895833 0.31696429
vt 0.18020833 0.31696429
vt 0.18020833 0.31696429
vt 0.17763639 0.31696429
vt 0.17763639 0.31696429
vt 0.14895833 0.31696429
vt 0.14895833 0.31696429
vt 0.18020833 0.31696429
vt 0.18020833 0.31696429
vt 0.18020833 0.31696429
vt 0.18020833 0.31696429
vt 0.18020833 0.31696429
vt 0.18020833 0.31696429
vt 0.18020833 0.31696429
vt 0.18020833 0.31696429
vt 0.18020833 0.31696429
vt 0.16035596 0.31696429
vt 0.16006170 0.31696429
vt 0.16006170 0.31696429
vt 0.16006170 0.31696429
vt 0.16006170 0.31696429
vt 0.15007833 0.31696429
vt 0.14895833 0.31696429
vt 0.14895833 0.31696429
vt 0.18020833 0.31696429
vt 0.14895833 0.31696429
vt 0.18020833 0.31696429
vt 0.14895833 0.31696429
vt 0.18020833 0.31696429
vt 0.14895833 0.31696429
vt 0.17810453 0.31696429
vt 0.17763639 0.31696429
vt 0.17763639 0.31696429
vt 0.17763639 0.31696429
vt 0.14895833 0.31696429
vt 0.14895833 0.31696429
vt 0.18020833 0.31696429
vt 0.18020833 0.31696429
vt 0.18020833 0.31696429
vt 0.18020833 0.31696429
vt 0.18020833 0.31696429
vt 0.18020833 0.31696429
vt 0.18020833 0.31696429
vt 0.18020833 0.31696429
vt 0.18020833 0.31696429
vt 0.18020833 0.31696429
vt 0.18020833 0.31696429
vt 0.18020833 0.31696429
vt 0.18020833 0.31696429
vt 0.18020833 0.31696429
vt 0.18020833 0.31696429
vt 0.18020833 0.31696429
vt 0.18020833 0.31696429
vt 0.14895833 0.31696429
vt 0.14895833 0.31696429
vt 0.18020833 0.31696429
vt 0.14895833 0.31696429
vt 0.18020833 0.31696429
vt 0.18020833 0.31696429
vt 0.18020833 0.31696429
vt 0.18020833 0.31696429
vt 0.18020833 0.31696429
vt 0.14895833 0.31696429
vt 0.14895833 0.31696429
vt 0.18020833 0.31696429
vt 0.18020833 0.31696429
vt 0.18020833 0.31696429
vt 0.18020833 0.31696429
vt 0.18020833 0.31696429
vt 0.18020833 0.31696429
vt 0.18020833 0.31696429
vt 0.18020833 0.31696429
vt 0.17854465 0.31696429
vt 0.18020833 0.31696429
vt 0.14895833 0.31696429
vt 0.18020833 0.31696429
vt 0.14895833 0.31696429
vt 0.18020833 0.31696429
vt 0.17591403 0.31696429
vt 0.17763639 0.31696429
vt 0.17503683 0.31696429
vt 0.17528401 0.31696429
vt 0.18020833 0.31696429
vt 0.18020833 0.31696429
vt 0.18020833 0.31696429
vt 0.18020833 0.31696429
vt 0.18020833 0.31696429
vt 0.14895833 0.31696429
vt 0.14895833 0.31696429
vt 0.16245390 0.31696429
vt 0.17419363 0.31696429
vt 0.17243726 0.31696429
vt 0.15943957 0.31696429
vt 0.15943957 0.31696429
vt 0.15943957 0.31696429
vt 0.15943957 0.31696429
vt 0.15988023 0.31696429
vt 0.18020833 0.31696429
vt 0.18020833 0.31696429
vt 0.18020833 0.31696429
vt 0.14895833 0.31696429
vt 0.14895833 0.31696429
vt 0.14895833 0.31696429
vt 0.16983778 0.31696429
vt 0.16983778 0.31696429
vt 0.16983778 0.31696429
vt 0.16245390 0.31696429
vt 0.14895833 0.31696429
vt 0.14895833 0.31696429
vt 0.18020833 0.31696429
vt 0.18020833 0.31696429
vt 0.18020833 0.31696429
vt 0.18020833 0.31696429
vt 0.18020833 0.31696429
vt 0.18020833 0.31696429
vt 0.15007833 0.31696429
vt 0.15007833 0.31696429
vt 0.15007833 0.31696429
vt 0.18020833 0.31696429
vt 0.18020833 0.31696429
vt 0.18020833 0.31696429
vt 0.17192164 0.32717478
vt 0.14895833 0.32717478
vt 0.15034208 0.31696429
vt 0.14895833 0.31696429
vt 0.15034208 0.31696429
vt 0.14895833 0.31696429
vt 0.15034208 0.31696429
vt 0.15034208 0.31696429
vt 0.17192164 0.31696429
vt 0.17192164 0.31696429
vt 0.15034208 0.31696429
vt 0.17192164 0.31696429
vt 0.14895833 0.31696429
vt 0.14895833 0.31696429
vt 0.17192164 0.31696429
vt 0.14895833 0.31832666
vt 0.14895833 0.31696429
vt 0.14895833 0.31832666
vt 0.14895833 0.31696429
vt 0.14902915 0.31832666
vt 0.15118658 0.31696429
vt 0.15786402 0.31832404
vt 0.16011315 0.31696429
vt 0.16903977 0.31832666
vt 0.16903977 0.31696429
vt 0.16011315 0.31696429
vt 0.16011315 0.31696429
vt 0.15118658 0.31696429
vt 0.15118658 0.31696429
vt 0.14895833 0.31696429
vt 0.14895833 0.31696429
vt 0.14895833 0.31696429
vt 0.14895833 0.31696429
vt 0.14895833 0.31696429
vt 0.14895833 0.31696429
vt 0.14895833 0.31696429
vt 0.14895833 0.31696429
vt 0.15118658 0.31696429
vt 0.15118658 0.31696429
vt 0.15118658 0.31696429
vt 0.16011315 0.31696429
vt 0.16012083 0.31696429
vt 0.16903977 0.31696429
vt 0.16903977 0.31696429
vt 0.16011315 0.31696429
vt 0.14895833 0.37251224
vt 0.14895833 0.36285128
vt 0.14895833 0.37251224
vt 0.14895833 0.35319032
vt 0.14895833 0.34352912
vt 0.14895833 0.31696429
vt 0.14895833 0.37251224
vt 0.14895833 0.37946429
vt 0.14895833 0.31696429
vt 0.14895833 0.36998518
vt 0.14895833 0.31696429
vt 0.14895833 0.31696429
vt 0.14895833 0.37946429
vt 0.14895833 0.36825676
vt 0.14895833 0.31696429
vt 0.14895833 0.33520468
vt 0.14895833 0.32554366
vt 0.14895833 0.31696429
vt 0.14895833 0.31696429
vt 0.14895833 0.37251224
vt 0.17192164 0.32717478
vt 0.14895833 0.32717478
vt 0.15034208 0.31696429
vt 0.14895833 0.31696429
vt 0.15034208 0.31696429
vt 0.14895833 0.31696429
vt 0.15034208 0.31696429
vt 0.15034208 0.31696429
vt 0.17192164 0.31696429
vt 0.17192164 0.31696429
vt 0.15034208 0.31696429
vt 0.17192164 0.31696429
vt 0.14895833 0.31696429
vt 0.14895833 0.31696429
vt 0.17192164 0.31696429
vt 0.14895833 0.31832928
vt 0.14895833 0.31833266
vt 0.14895833 0.31696429
vt 0.14895833 0.31696429
vt 0.14895833 0.31696429
vt 0.14895833 0.31696429
vt 0.14895833 0.31696429
vt 0.14895833 0.31696429
vt 0.14895833 0.31696429
vt 0.14895833 0.31696429
vt 0.15124952 0.31696429
vt 0.15124952 0.31696429
vt 0.16020321 0.31696429
vt 0.14895833 0.31696429
vt 0.14895833 0.31696429
vt 0.14895833 0.31696429
vt 0.16020758 0.31696429
vt 0.16916571 0.31696429
vt 0.16916571 0.31696429
vt 0.16020758 0.31696429
vt 0.16916571 0.31696429
vt 0.16020758 0.31696429
vt 0.16020758 0.31696429
vt 0.15124952 0.31696429
vt 0.15124952 0.31696429
vt 0.14895833 0.31696429
vt 0.15124952 0.31833204
vt 0.16916571 0.31696429
vt 0.16020758 0.31696429
vt 0.15943283 0.31832466
vt 0.16916571 0.31833266
vt 0.14895833 0.31696429
vt 0.14895833 0.31696429
vt 0.15124952 0.31696429
vt 0.15124952 0.31696429
vt 0.18020833 0.31696429
vt 0.14895833 0.31696429
vt 0.18020833 0.31696429
vt 0.14895833 0.31696429
vt 0.18020833 0.31696429
vt 0.14895833 0.31696429
vt 0.18020833 0.31696429
vt 0.18020833 0.31696429
vt 0.18020833 0.31696429
vt 0.18020833 0.31696429
vt 0.18020833 0.31696429
vt 0.18020833 0.31696429
vt 0.18020833 0.31696429
vt 0.14895833 0.31696429
vt 0.18020833 0.31696429
vt 0.18020833 0.31696429
vt 0.18020833 0.31696429
vt 0.14895833 0.31696429
vt 0.18020833 0.31696429
vt 0.18020833 0.31696429
vt 0.18020833 0.31696429
vt 0.18020833 0.31696429
vt 0.18020833 0.31696429
vt 0.17854465 0.31696429
vt 0.18020833 0.31696429
vt 0.14895833 0.31696429
vt 0.18020833 0.31696429
vt 0.14895833 0.31696429
vt 0.18020833 0.31696429
vt 0.14895833 0.31696429
vt 0.18020833 0.31696429
vt 0.14895833 0.31696429
vt 0.18020833 0.31696429
vt 0.14895833 0.31696429
vt 0.18020833 0.31696429
vt 0.14895833 0.31696429
vt 0.17763639 0.31696429
vt 0.17763639 0.31696429
vt 0.17810453 0.31696429
vt 0.18020833 0.31696429
vt 0.14895833 0.31696429
vt 0.14895833 0.31696429
vt 0.15007833 0.31696429
vt 0.15007833 0.31696429
vt 0.16006170 0.31696429
vt 0.16006170 0.31696429
vt 0.16505341 0.31696429
vt 0.16505341 0.31696429
vt 0.17503683 0.31696429
vt 0.17503683 0.31696429
vt 0.18020833 0.31696429
vt 0.18020833 0.31696429
vt 0.18020833 0.31696429
vt 0.17591403 0.31696429
vt 0.17763639 0.31696429
vt 0.17763639 0.31696429
vt 0.17763639 0.31696429
vt 0.17763639 0.31696429
vt 0.18020833 0.31696429
vt 0.14895833 0.31696429
vt 0.14895833 0.31696429
vt 0.15007833 0.31696429
vt 0.14895833 0.31696429
vt 0.15007833 0.31696429
vt 0.14895833 0.31696429
vt 0.15007833 0.31696429
vt 0.14895833 0.31696429
vt 0.15915353 0.31696429
vt 0.16006170 0.31696429
vt 0.16006170 0.31696429
vt 0.16006170 0.31696429
vt 0.16505341 0.31696429
vt 0.16751496 0.31696429
vt 0.17503683 0.31696429
vt 0.17528401 0.31696429
vt 0.18020833 0.31696429
vt 0.18020833 0.31696429
vt 0.14895833 0.31696429
vt 0.14895833 0.31696429
vt 0.16245390 0.31696429
vt 0.17419363 0.31696429
vt 0.17243726 0.31696429
vt 0.14987088 0.31696429
vt 0.17243726 0.31696429
vt 0.14987088 0.31696429
vt 0.17243726 0.31696429
vt 0.14987088 0.31696429
vt 0.17243726 0.31696429
vt 0.14987088 0.31696429
vt 0.17243726 0.31696429
vt 0.14987088 0.31696429
vt 0.14895833 0.31696429
vt 0.16983778 0.31696429
vt 0.16958637 0.31696429
vt 0.14895833 0.31696429
vt 0.16983778 0.31696429
vt 0.16717333 0.31696429
vt 0.18020833 0.31696429
vt 0.16451830 0.31696429
vt 0.16463835 0.31696429
vt 0.16203893 0.31696429
vt 0.16203893 0.31696429
vt 0.15943957 0.31696429
vt 0.15943957 0.31696429
vt 0.15684021 0.31696429
vt 0.15684021 0.31696429
vt 0.15424020 0.31696429
vt 0.15424020 0.31696429
vt 0.15684021 0.31696429
vt 0.15424020 0.31696429
vt 0.15702582 0.31696429
vt 0.15943957 0.31696429
vt 0.15988023 0.31696429
vt 0.15943957 0.31696429
vt 0.16203893 0.31696429
vt 0.16258831 0.31696429
vt 0.16463835 0.31696429
vt 0.16576398 0.31696429
vt 0.16463835 0.31696429
vt 0.18020833 0.31696429
vt 0.16811336 0.31696429
vt 0.14895833 0.31696429
vt 0.17151196 0.31696429
vt 0.16983778 0.31696429
vt 0.15684021 0.31696429
vt 0.15424020 0.31696429
vt 0.15684021 0.31696429
vt 0.15424020 0.31696429
vt 0.15685148 0.31696429
vt 0.15943957 0.31696429
vt 0.15943957 0.31696429
vt 0.15943331 0.31696429
vt 0.16204519 0.31696429
vt 0.16463835 0.31696429
vt 0.17243726 0.31696429
vt 0.17215163 0.31696429
vt 0.16245390 0.31696429
vt 0.14895833 0.31696429
vt 0.14895833 0.31696429
vt 0.18020833 0.31696429
vt 0.14895833 0.31696429
vt 0.18020833 0.31696429
vt 0.14895833 0.31696429
vt 0.18020833 0.31696429
vt 0.14895833 0.31696429
vt 0.18020833 0.31696429
vt 0.18020833 0.31696429
vt 0.18020833 0.31696429
vt 0.18020833 0.31696429
vt 0.18020833 0.31696429
vt 0.18020833 0.31696429
vt 0.18020833 0.31696429
vt 0.17503683 0.31696429
vt 0.17503683 0.31696429
vt 0.17503683 0.31696429
vt 0.17509178 0.31696429
vt 0.17503683 0.31696429
vt 0.16770432 0.31696429
vt 0.16505341 0.31696429
vt 0.16035596 0.31696429
vt 0.16006170 0.31696429
vt 0.18020833 0.31696429
vt 0.18020833 0.31696429
vt 0.18020833 0.31696429
vt 0.18020833 0.31696429
vt 0.18020833 0.31696429
vt 0.18020833 0.31696429
vt 0.18020833 0.31696429
vt 0.18020833 0.31696429
vt 0.18020833 0.31696429
vt 0.18020833 0.31696429
vt 0.18020833 0.31696429
vt 0.18020833 0.31696429
vt 0.18020833 0.31696429
vt 0.18020833 0.31696429
vt 0.18020833 0.31696429
vt 0.18020833 0.31696429
vt 0.18020833 0.31696429
vt 0.18020833 0.31696429
vt 0.18020833 0.31696429
vt 0.18020833 0.31696429
vt 0.18020833 0.31696429
vt 0.18020833 0.31696429
vt 0.18020833 0.31696429
vt 0.18020833 0.31696429
vt 0.18020833 0.31696429
vt 0.16505341 0.31696429
vt 0.16245390 0.31696429
vt 0.16245390 0.31696429
vt 0.16245390 0.31696429
vt 0.16983778 0.31696429
vt 0.16983778 0.31696429
vt 0.16983778 0.31696429
vt 0.14895833 0.31696429
vt 0.14895833 0.31696429
vt 0.14895833 0.31696429
vt 0.18020833 0.31696429
vt 0.18020833 0.31696429
vt 0.18020833 0.31696429
vt 0.16463835 0.31696429
vt 0.16463835 0.31696429
vt 0.16463835 0.31696429
vt 0.16203893 0.31696429
vt 0.15943957 0.31696429
vt 0.16203893 0.31696429
vt 0.14895833 0.31696429
vt 0.17192164 0.31696429
vt 0.15562171 0.31696429
vt 0.17192164 0.31696429
vt 0.15562171 0.31696429
vt 0.17192164 0.31696429
vt 0.15562171 0.31696429
vt 0.15562171 0.31696429
vt 0.14895833 0.31696429
vt 0.14895833 0.31696429
vt 0.15562171 0.31696429
vt 0.14895833 0.32717478
vt 0.14895833 0.32717478
vt 0.15208377 0.32717478
vt 0.16200296 0.32717478
vt 0.17192164 0.31696429
vt 0.17192164 0.32717478
vt 0.14895833 0.31696429
vt 0.14895833 0.31696429
vt 0.14895833 0.31696429
vt 0.14895833 0.31696429
vt 0.14895833 0.31696429
vt 0.14895833 0.31696429
vt 0.14895833 0.31696429
vt 0.14895833 0.31696429
vt 0.14895833 0.31696429
vt 0.14895833 0.31696429
vt 0.14895833 0.31696429
vt 0.14895833 0.31696429
vt 0.15259183 0.31696429
vt 0.14895833 0.31696429
vt 0.14895833 0.31696429
vt 0.15554552 0.31696429
vt 0.15877315 0.31696429
vt 0.16294958 0.31696429
vt 0.16294958 0.31696429
vt 0.16294958 0.31696429
vt 0.15554552 0.31696429
vt 0.15554552 0.31696429
vt 0.14895833 0.31696429
vt 0.14895833 0.31696429
vt 0.15554552 0.31696429
vt 0.16294958 0.31696429
vt 0.15777315 0.31696429
vt 0.15259233 0.31696429
vt 0.14895833 0.31696429
vt 0.14895833 0.31696429
vt 0.14895833 0.31696429
vt 0.14895833 0.31696429
vt 0.14895833 0.31696429
vt 0.14895833 0.31696429
vt 0.14895833 0.31696429
vt 0.14895833 0.31696429
vt 0.18020833 0.31696429
vt 0.17481933 0.31696429
vt 0.18020833 0.31696429
vt 0.18020833 0.31696429
vt 0.15578514 0.31696429
vt 0.16463283 0.31696429
vt 0.17635777 0.31696429
vt 0.16463283 0.31696429
vt 0.17635777 0.31696429
vt 0.16463283 0.31696429
vt 0.17635777 0.31696429
vt 0.18020833 0.31696429
vt 0.18020833 0.31696429
vt 0.14903259 0.31696429
vt 0.14903259 0.31696429
vt 0.18020833 0.31696429
vt 0.14903259 0.31696429
vt 0.18020833 0.31696429
vt 0.14903259 0.31696429
vt 0.14895833 0.31696429
vt 0.18020833 0.31696429
vt 0.18020833 0.31696429
vt 0.14895833 0.31696429
vt 0.18020833 0.31696429
vt 0.18020833 0.31696429
vt 0.18020833 0.31696429
vt 0.18020833 0.31696429
vt 0.18020833 0.31696429
vt 0.17838915 0.31696429
vt 0.18020833 0.31696429
vt 0.14895833 0.31696429
vt 0.14895833 0.31696429
vt 0.17838915 0.31696429
vt 0.14895833 0.31696429
vt 0.17838915 0.31696429
vt 0.14895833 0.31696429
vt 0.15209533 0.31696429
vt 0.16464021 0.31696429
vt 0.18020833 0.31696429
vt 0.17947345 0.31696429
vt 0.18020833 0.31696429
vt 0.18020833 0.31696429
vt 0.18020833 0.31696429
vt 0.14895833 0.31696429
vt 0.14895833 0.31696429
vt 0.14895833 0.31696429
vt 0.14895833 0.31696429
vt 0.14895833 0.31696429
vt 0.14895833 0.31696429
vt 0.14895833 0.31696429
vt 0.14895833 0.31696429
vt 0.14895833 0.31696429
vt 0.14895833 0.31696429
vt 0.14895833 0.31696429
vt 0.15172708 0.31696429
vt 0.14895833 0.31696429
vt 0.14895833 0.31696429
vt 0.15625127 0.31696429
vt 0.15788890 0.31696429
vt 0.16389058 0.31696429
vt 0.16389058 0.31696429
vt 0.15625127 0.31696429
vt 0.14895833 0.31696429
vt 0.14895833 0.31696429
vt 0.14895833 0.31696429
vt 0.14895833 0.31696429
vt 0.14895833 0.31696429
vt 0.15625127 0.31696429
vt 0.16389058 0.31696429
vt 0.15625127 0.31696429
vt 0.16389058 0.31696429
vt 0.15780065 0.31696429
vt 0.15172758 0.31696429
vt 0.14895833 0.31696429
vt 0.14895833 0.31696429
vt 0.14895833 0.31696429
vt 0.14895833 0.31696429
vt 0.17672647 0.31696429
vt 0.14895833 0.31696429
vt 0.17672647 0.31696429
vt 0.14895833 0.31696429
vt 0.17672647 0.31696429
vt 0.14895833 0.31696429
vt 0.17672647 0.31696429
vt 0.14895833 0.31696429
vt 0.17991108 0.31696429
vt 0.18020833 0.31696429
vt 0.18020833 0.31696429
vt 0.14895833 0.31696429
vt 0.14895833 0.31696429
vt 0.18020833 0.31696429
vt 0.14895833 0.31696429
vt 0.18020833 0.31696429
vt 0.14895833 0.31696429
vt 0.18020833 0.31696429
vt 0.14895833 0.31696429
vt 0.15514714 0.31696429
vt 0.15264163 0.31696429
vt 0.18020833 0.31696429
vt 0.18020833 0.31696429
vt 0.18020833 0.31696429
vt 0.18020833 0.31696429
vt 0.16946084 0.31696429
vt 0.17023064 0.31696429
vt 0.16946084 0.31696429
vt 0.15335403 0.31696429
vt 0.15264163 0.31696429
vt 0.15264163 0.31696429
vt 0.18020833 0.31696429
vt 0.18020833 0.31696429
vt 0.16184733 0.31696429
vt 0.15838964 0.31696429
vt 0.14895833 0.31696429
vt 0.14895833 0.31696429
vt 0.14895833 0.31696429
vt 0.18020833 0.31696429
vt 0.18020833 0.31696429
vt 0.14895833 0.31696429
vt 0.14895833 0.31696429
vt 0.16184733 0.31696429
vt 0.16184733 0.31696429
vt 0.16946084 0.31696429
vt 0.17187101 0.31696429
vt 0.18020833 0.31696429
vt 0.18020833 0.31696429
vt 0.18020833 0.31696429
vt 0.18020833 0.31696429
vt 0.17482133 0.31696429
vt 0.17105303 0.31696429
vt 0.16343958 0.31696429
vt 0.16343958 0.31696429
vt 0.16311795 0.31696429
vt 0.14895833 0.31696429
vt 0.14895833 0.31696429
vt 0.14895833 0.31696429
vt 0.17264528 0.31696429
vt 0.14895833 0.31696429
vt 0.17264528 0.31696429
vt 0.14895833 0.31696429
vt 0.17264528 0.31696429
vt 0.14895833 0.31696429
vt 0.15585003 0.31696429
vt 0.15741832 0.31696429
vt 0.18020833 0.31696429
vt 0.18020833 0.31696429
vt 0.15901052 0.31696429
vt 0.15901052 0.31696429
vt 0.18020833 0.31696429
vt 0.18020833 0.31696429
vt 0.18020833 0.31696429
vt 0.15687764 0.31696429
vt 0.15741832 0.31696429
vt 0.15741832 0.31696429
vt 0.18020833 0.31696429
vt 0.17394678 0.31696429
vt 0.16298408 0.31696429
vt 0.14895833 0.31696429
vt 0.18020833 0.31696429
vt 0.14895833 0.31696429
vt 0.18020833 0.31696429
vt 0.14895833 0.31696429
vt 0.18020833 0.31696429
vt 0.14895833 0.31696429
vt 0.16219502 0.31696429
vt 0.16219502 0.31696429
vt 0.17901415 0.31696429
vt 0.17900877 0.31696429
vt 0.14895833 0.31696429
vt 0.14895833 0.31696429
vt 0.17901415 0.31696429
vt 0.14895833 0.31696429
vt 0.17901415 0.31696429
vt 0.14895833 0.31696429
vt 0.17900515 0.31696429
vt 0.16219502 0.31696429
vt 0.16219502 0.31696429
vt 0.18020833 0.31696429
vt 0.15901052 0.31696429
vt 0.17338952 0.31696429
vt 0.14895833 0.31696429
vt 0.16240496 0.31696429
vt 0.16343958 0.31696429
vt 0.16343958 0.31696429
vt 0.17105303 0.31696429
vt 0.17474157 0.31696429
vt 0.18020833 0.31696429
vt 0.18020833 0.31696429
vt 0.18020833 0.31696429
vt 0.18020833 0.31696429
vt 0.14895833 0.31696429
vt 0.14895833 0.31696429
vt 0.14895833 0.31696429
vt 0.14895833 0.31696429
vt 0.16022576 0.31696429
vt 0.18020833 0.31696429
vt 0.18020833 0.31696429
vt 0.18020833 0.31696429
vt 0.17991108 0.31696429
vt 0.17991108 0.31696429
vt 0.16946084 0.31696429
vt 0.14895833 0.31696429
vt 0.18020833 0.31696429
vt 0.18020833 0.31696429
vt 0.17105303 0.31696429
vt 0.16343958 0.31696429
vt 0.14895833 0.31696429
vt 0.16219502 0.31696429
vt 0.18020833 0.31696429
vt 0.14895833 0.31696429
vt 0.18020833 0.31696429
vt 0.14895833 0.31696429
vt 0.18020833 0.31696429
vt 0.14895833 0.31696429
vt 0.18020833 0.31696429
vt 0.14895833 0.31696429
vt 0.18020833 0.31696429
vt 0.18020833 0.31696429
vt 0.17599865 0.31696429
vt 0.16087208 0.31696429
vt 0.18020833 0.31696429
vt 0.17599865 0.31696429
vt 0.16087208 0.31696429
vt 0.18020833 0.31696429
vt 0.17599865 0.31696429
vt 0.16087208 0.31696429
vt 0.14895833 0.31696429
vt 0.14895833 0.31696429
vt 0.14895833 0.32664441
vt 0.14895833 0.35374041
vt 0.14895833 0.34681215
vt 0.14895833 0.37946429
vt 0.14895833 0.37946429
vt 0.14895833 0.31696429
vt 0.14895833 0.31696429
vt 0.14895833 0.33319679
vt 0.14895833 0.34385567
vt 0.14895833 0.37032503
vt 0.14895833 0.37946429
vt 0.14895833 0.37946429
vt 0.14895833 0.31696429
vt 0.14895833 0.31958141
vt 0.14895833 0.33397079
vt 0.14895833 0.35670966
vt 0.14895833 0.37234254
vt 0.14895833 0.31696429
vt 0.14895833 0.31696429
vt 0.14895833 0.31696429
vt 0.14895833 0.32408603
vt 0.14895833 0.34309428
vt 0.14895833 0.36245778
vt 0.14895833 0.37946429
vt 0.14895833 0.37946429
vt 0.14895833 0.37946429
vt 0.14895833 0.37946429
vt 0.14895833 0.37946429
vt 0.14895833 0.33201815
vt 0.14895833 0.35257291
vt 0.14895833 0.35151792
vt 0.14895833 0.37101767
vt 0.14895833 0.37946429
vt 0.14895833 0.37946429
vt 0.14895833 0.31696429
vt 0.14895833 0.31696429
vt 0.14895833 0.34268816
vt 0.14895833 0.34033002
vt 0.14895833 0.37220817
vt 0.14895833 0.37946429
vt 0.14895833 0.37946429
vt 0.14895833 0.31696429
vt 0.14895833 0.37946429
vt 0.14895833 0.37946429
vt 0.14895833 0.37946429
vt 0.14895833 0.37946429
vt 0.14895833 0.36441042
vt 0.14895833 0.34385567
vt 0.14895833 0.34491065
vt 0.14895833 0.32541090
vt 0.14895833 0.31696429
vt 0.14895833 0.31696429
vt 0.14895833 0.37946429
vt 0.14895833 0.37946429
vt 0.14895833 0.35598867
vt 0.14895833 0.35374041
vt 0.14895833 0.32422041
vt 0.14895833 0.31696429
vt 0.14895833 0.31696429
vt 0.14895833 0.37946429
vt 0.14895833 0.37946429
vt 0.14895833 0.37946429
vt 0.14895833 0.37946429
vt 0.14895833 0.36978416
vt 0.14895833 0.34268816
vt 0.14895833 0.34961643
vt 0.14895833 0.31696429
vt 0.14895833 0.31696429
vt 0.14895833 0.37946429
vt 0.14895833 0.37946429
vt 0.14895833 0.36323178
vt 0.14895833 0.35257291
vt 0.14895833 0.32610354
vt 0.14895833 0.37946429
vt 0.14895833 0.37946429
vt 0.14895833 0.37946429
vt 0.14895833 0.37684716
vt 0.14895833 0.36245778
vt 0.14895833 0.33971891
vt 0.14895833 0.32408603
vt 0.14895833 0.31696429
vt 0.14895833 0.31696429
vt 0.14895833 0.31696429
vt 0.14895833 0.37234254
vt 0.14895833 0.35333429
vt 0.14895833 0.33397079
vt 0.14895833 0.31696429
vt 0.14895833 0.31696429
vt 0.14895833 0.32377591
vt 0.14895833 0.33439966
vt 0.14895833 0.34376541
vt 0.14895833 0.37255703
vt 0.14895833 0.37411704
vt 0.14895833 0.31696429
vt 0.14895833 0.31696429
vt 0.14895833 0.31696429
vt 0.14895833 0.32387154
vt 0.14895833 0.34017191
vt 0.14895833 0.36202891
vt 0.14895833 0.36022704
vt 0.14895833 0.37946429
vt 0.14895833 0.37946429
vt 0.14895833 0.37946429
vt 0.14895833 0.37946429
vt 0.14895833 0.34800303
vt 0.14895833 0.35150078
vt 0.14895833 0.37946429
vt 0.14895833 0.37946429
vt 0.14895833 0.31696429
vt 0.14895833 0.31696429
vt 0.14895833 0.33577903
vt 0.14895833 0.34097265
vt 0.14895833 0.37337102
vt 0.14895833 0.37912990
vt 0.14895833 0.37946429
vt 0.14895833 0.37946429
vt 0.14895833 0.31696429
vt 0.14895833 0.31729867
vt 0.14895833 0.34856640
vt 0.14895833 0.35545592
vt 0.14895833 0.36862155
vt 0.14895833 0.37946429
vt 0.14895833 0.37946429
vt 0.14895833 0.31696429
vt 0.14895833 0.31696429
vt 0.14895833 0.34492779
vt 0.14895833 0.35258316
vt 0.14895833 0.37946429
vt 0.14895833 0.37946429
vt 0.14895833 0.37946429
vt 0.14895833 0.31696429
vt 0.14895833 0.31696429
vt 0.14895833 0.32255129
vt 0.14895833 0.31696429
vt 0.16770833 0.31696429
vt 0.14895833 0.37387729
vt 0.17092990 0.31696429
vt 0.15458021 0.34148341
vt 0.17985652 0.36442141
vt 0.16890727 0.31743966
vt 0.14895833 0.35487441
vt 0.14895833 0.31696429
vt 0.14895833 0.31696429
vt 0.14895833 0.35811966
vt 0.16025940 0.31743966
vt 0.15438521 0.37341366
vt 0.17458646 0.34148341
vt 0.18020833 0.37387729
vt 0.16064108 0.31696429
vt 0.18020833 0.31696429
vt 0.16064108 0.31696429
vt 0.18020833 0.32255129
vt 0.15438521 0.32301491
vt 0.17458646 0.35494516
vt 0.16025940 0.37898891
vt 0.14895833 0.33830891
vt 0.14895833 0.37946429
vt 0.14895833 0.34155416
vt 0.14895833 0.37946429
vt 0.16890727 0.37898891
vt 0.17985652 0.33200716
vt 0.15458021 0.35494516
vt 0.17092990 0.31696429
vt 0.14895833 0.33481728
vt 0.14895833 0.33637728
vt 0.14895833 0.36516892
vt 0.14895833 0.37453453
vt 0.14895833 0.37946429
vt 0.14895833 0.31696429
vt 0.14895833 0.37946429
vt 0.14895833 0.31696429
vt 0.14895833 0.32584916
vt 0.14895833 0.32003066
vt 0.14895833 0.35635115
vt 0.14895833 0.36400642
vt 0.14895833 0.37946429
vt 0.14895833 0.37946429
vt 0.14895833 0.31696429
vt 0.14895833 0.31696429
vt 0.14895833 0.34031266
vt 0.14895833 0.35347828
vt 0.14895833 0.36036791
vt 0.14895833 0.31696429
vt 0.14895833 0.31696429
vt 0.14895833 0.31696429
vt 0.14895833 0.31696429
vt 0.14895833 0.34295029
vt 0.14895833 0.34814391
vt 0.14895833 0.37946429
vt 0.14895833 0.37946429
vt 0.14895833 0.37946429
vt 0.14895833 0.37946429
vt 0.14895833 0.33242215
vt 0.14895833 0.33591990
vt 0.14895833 0.37057941
vt 0.14895833 0.37351191
vt 0.14895833 0.37946429
vt 0.14895833 0.31696429
vt 0.14895833 0.32189404
vt 0.14895833 0.32369592
vt 0.14895833 0.34375103
vt 0.14895833 0.36005129
vt 0.14895833 0.37410267
vt 0.14895833 0.37946429
vt 0.14895833 0.37946429
vt 0.14895833 0.31696429
vt 0.14895833 0.31696429
vt 0.14895833 0.32463829
vt 0.14895833 0.31696429
vt 0.14895833 0.31696429
vt 0.14895833 0.31696429
vt 0.14895833 0.37179028
vt 0.14895833 0.35540129
vt 0.14895833 0.33286628
vt 0.14895833 0.31852591
vt 0.14895833 0.31696429
vt 0.14895833 0.37946429
vt 0.14895833 0.37946429
vt 0.14895833 0.36977528
vt 0.14895833 0.34109441
vt 0.14895833 0.33289992
vt 0.14895833 0.31696429
vt 0.14895833 0.31696429
vt 0.14895833 0.37946429
vt 0.14895833 0.37946429
vt 0.14895833 0.34932254
vt 0.14895833 0.34727390
vt 0.14895833 0.31696429
vt 0.14895833 0.31696429
vt 0.14895833 0.37946429
vt 0.14895833 0.37946429
vt 0.14895833 0.34915467
vt 0.14895833 0.37946429
vt 0.14895833 0.34915467
vt 0.14895833 0.36759241
vt 0.14895833 0.33071704
vt 0.14895833 0.34102728
vt 0.14895833 0.36356229
vt 0.14895833 0.37790266
vt 0.14895833 0.37946429
vt 0.14895833 0.37946429
vt 0.14895833 0.37946429
vt 0.14895833 0.32665329
vt 0.14895833 0.35533416
vt 0.14895833 0.36352866
vt 0.14895833 0.37946429
vt 0.14895833 0.37946429
vt 0.14895833 0.31696429
vt 0.14895833 0.31696429
vt 0.14895833 0.34710603
vt 0.14895833 0.37383891
vt 0.14895833 0.31696429
vt 0.14895833 0.31696429
vt 0.14895833 0.31696429
vt 0.14895833 0.32258966
vt 0.14895833 0.34102728
vt 0.14895833 0.35946491
vt 0.14895833 0.37790266
vt 0.14895833 0.37946429
vt 0.14895833 0.37946429
vt 0.14895833 0.37946429
vt 0.14895833 0.32665329
vt 0.14895833 0.34509103
vt 0.14895833 0.36352866
vt 0.14895833 0.37946429
vt 0.14895833 0.37946429
vt 0.14895833 0.31696429
vt 0.14895833 0.31696429
vt 0.14895833 0.35540129
vt 0.14895833 0.33696366
vt 0.14895833 0.31852591
vt 0.14895833 0.31696429
vt 0.14895833 0.37946429
vt 0.14895833 0.37946429
vt 0.14895833 0.36977528
vt 0.14895833 0.35133754
vt 0.14895833 0.33289992
vt 0.14895833 0.31696429
vt 0.14895833 0.31696429
vt 0.14895833 0.37946429
vt 0.14895833 0.37946429
vt 0.14895833 0.36571153
vt 0.14895833 0.34727390
vt 0.14895833 0.32883616
vt 0.14895833 0.31696429
vt 0.14895833 0.37946429
vt 0.14895833 0.32463829
vt 0.14895833 0.31696429
vt 0.14895833 0.31696429
vt 0.14895833 0.31696429
vt 0.14895833 0.37179028
vt 0.14895833 0.35540129
vt 0.14895833 0.33286628
vt 0.14895833 0.31852591
vt 0.14895833 0.31696429
vt 0.14895833 0.37946429
vt 0.14895833 0.37946429
vt 0.14895833 0.36977528
vt 0.14895833 0.34109441
vt 0.14895833 0.33289992
vt 0.14895833 0.31696429
vt 0.14895833 0.31696429
vt 0.14895833 0.37946429
vt 0.14895833 0.37946429
vt 0.14895833 0.34932254
vt 0.14895833 0.34727390
vt 0.14895833 0.31696429
vt 0.14895833 0.31696429
vt 0.14895833 0.37946429
vt 0.14895833 0.37946429
vt 0.14895833 0.34915467
vt 0.14895833 0.37946429
vt 0.14895833 0.34915467
vt 0.14895833 0.36759241
vt 0.14895833 0.33071704
vt 0.14895833 0.34102728
vt 0.14895833 0.36356229
vt 0.14895833 0.37790266
vt 0.14895833 0.37946429
vt 0.14895833 0.37946429
vt 0.14895833 0.37946429
vt 0.14895833 0.32665329
vt 0.14895833 0.35533416
vt 0.14895833 0.36352866
vt 0.14895833 0.37946429
vt 0.14895833 0.37946429
vt 0.14895833 0.31696429
vt 0.14895833 0.31696429
vt 0.14895833 0.34710603
vt 0.14895833 0.37383891
vt 0.14895833 0.31696429
vt 0.14895833 0.31696429
vt 0.14895833 0.31696429
vt 0.14895833 0.32258966
vt 0.14895833 0.34102728
vt 0.14895833 0.35946491
vt 0.14895833 0.37790266
vt 0.14895833 0.37946429
vt 0.14895833 0.37946429
vt 0.14895833 0.37946429
vt 0.14895833 0.32665329
vt 0.14895833 0.34509103
vt 0.14895833 0.36352866
vt 0.14895833 0.37946429
vt 0.14895833 0.37946429
vt 0.14895833 0.31696429
vt 0.14895833 0.31696429
vt 0.14895833 0.35540129
vt 0.14895833 0.33696366
vt 0.14895833 0.31852591
vt 0.14895833 0.31696429
vt 0.14895833 0.37946429
vt 0.14895833 0.37946429
vt 0.14895833 0.36977528
vt 0.14895833 0.35133754
vt 0.14895833 0.33289992
vt 0.14895833 0.31696429
vt 0.14895833 0.31696429
vt 0.14895833 0.37946429
vt 0.14895833 0.37946429
vt 0.14895833 0.36571153
vt 0.14895833 0.34727390
vt 0.14895833 0.32883616
vt 0.14895833 0.31696429
vt 0.14895833 0.37946429
vt 0.14895833 0.32463829
vt 0.14895833 0.31696429
vt 0.14895833 0.31696429
vt 0.14895833 0.31696429
vt 0.14895833 0.37179028
vt 0.14895833 0.35540129
vt 0.14895833 0.33286628
vt 0.14895833 0.31852591
vt 0.14895833 0.31696429
vt 0.14895833 0.37946429
vt 0.14895833 0.37946429
vt 0.14895833 0.36977528
vt 0.14895833 0.34109441
vt 0.14895833 0.33289992
vt 0.14895833 0.31696429
vt 0.14895833 0.31696429
vt 0.14895833 0.37946429
vt 0.14895833 0.37946429
vt 0.14895833 0.34932254
vt 0.14895833 0.34727390
vt 0.14895833 0.31696429
vt 0.14895833 0.31696429
vt 0.14895833 0.37946429
vt 0.14895833 0.37946429
vt 0.14895833 0.34915467
vt 0.14895833 0.37946429
vt 0.14895833 0.34915467
vt 0.14895833 0.36759241
vt 0.14895833 0.33071704
vt 0.14895833 0.34102728
vt 0.14895833 0.36356229
vt 0.14895833 0.37790266
vt 0.14895833 0.37946429
vt 0.14895833 0.37946429
vt 0.14895833 0.37946429
vt 0.14895833 0.32665329
vt 0.14895833 0.35533416
vt 0.14895833 0.36352866
vt 0.14895833 0.37946429
vt 0.14895833 0.37946429
vt 0.14895833 0.31696429
vt 0.14895833 0.31696429
vt 0.14895833 0.34710603
vt 0.14895833 0.37383891
vt 0.14895833 0.31696429
vt 0.14895833 0.31696429
vt 0.14895833 0.31696429
vt 0.14895833 0.32258966
vt 0.14895833 0.34102728
vt 0.14895833 0.35946491
vt 0.14895833 0.37790266
vt 0.14895833 0.37946429
vt 0.14895833 0.37946429
vt 0.14895833 0.37946429
vt 0.14895833 0.32665329
vt 0.14895833 0.34509103
vt 0.14895833 0.36352866
vt 0.14895833 0.37946429
vt 0.14895833 0.37946429
vt 0.14895833 0.31696429
vt 0.14895833 0.31696429
vt 0.14895833 0.35540129
vt 0.14895833 0.33696366
vt 0.14895833 0.31852591
vt 0.14895833 0.31696429
vt 0.14895833 0.37946429
vt 0.14895833 0.37946429
vt 0.14895833 0.36977528
vt 0.14895833 0.35133754
vt 0.14895833 0.33289992
vt 0.14895833 0.31696429
vt 0.14895833 0.31696429
vt 0.14895833 0.37946429
vt 0.14895833 0.37946429
vt 0.14895833 0.36571153
vt 0.14895833 0.34727390
vt 0.14895833 0.32883616
vt 0.14895833 0.31696429
vt 0.14895833 0.37946429
vt 0.14895833 0.34727390
vt 0.14895833 0.34727390
vt 0.14895833 0.31696429
vt 0.14895833 0.31696429
vt 0.14895833 0.37946429
vt 0.14895833 0.37946429
vt 0.14895833 0.34915467
vt 0.14895833 0.34915467
vt 0.14895833 0.31696429
vt 0.14895833 0.31696429
vt 0.14895833 0.37946429
vt 0.14895833 0.37946429
vt 0.14895833 0.36352866
vt 0.14895833 0.36352866
vt 0.14895833 0.32665329
vt 0.14895833 0.32665329
vt 0.14895833 0.37946429
vt 0.14895833 0.37946429
vt 0.14895833 0.37790266
vt 0.14895833 0.37790266
vt 0.14895833 0.34102728
vt 0.14895833 0.34102728
vt 0.14895833 0.31696429
vt 0.14895833 0.31696429
vt 0.14895833 0.31696429
vt 0.14895833 0.31696429
vt 0.14895833 0.35540129
vt 0.14895833 0.35540129
vt 0.14895833 0.31852591
vt 0.14895833 0.31852591
vt 0.14895833 0.37946429
vt 0.14895833 0.37946429
vt 0.14895833 0.36977528
vt 0.14895833 0.36977528
vt 0.14895833 0.33289992
vt 0.14895833 0.33289992
vt 0.14895833 0.31696429
vt 0.14895833 0.31696429
vt 0.14895833 0.37946429
vt 0.14895833 0.37946429
vt 0.14895833 0.37179028
vt 0.14895833 0.31696429
vt 0.14895833 0.31696429
vt 0.14895833 0.31696429
vt 0.14895833 0.32463829
vt 0.14895833 0.34102728
vt 0.14895833 0.36356229
vt 0.14895833 0.37790266
vt 0.14895833 0.37946429
vt 0.14895833 0.37946429
vt 0.14895833 0.37946429
vt 0.14895833 0.32665329
vt 0.14895833 0.35533416
vt 0.14895833 0.36352866
vt 0.14895833 0.37946429
vt 0.14895833 0.37946429
vt 0.14895833 0.31696429
vt 0.14895833 0.31696429
vt 0.14895833 0.34710603
vt 0.14895833 0.34915467
vt 0.14895833 0.37946429
vt 0.14895833 0.37946429
vt 0.14895833 0.31696429
vt 0.14895833 0.31696429
vt 0.14895833 0.34727390
vt 0.14895833 0.35540129
vt 0.14895833 0.33286628
vt 0.14895833 0.31852591
vt 0.14895833 0.31696429
vt 0.14895833 0.37946429
vt 0.14895833 0.37946429
vt 0.14895833 0.36977528
vt 0.14895833 0.34109441
vt 0.14895833 0.33289992
vt 0.14895833 0.31696429
vt 0.14895833 0.31696429
vt 0.14895833 0.37946429
vt 0.14895833 0.37946429
vt 0.14895833 0.34932254
vt 0.17783465 0.37773553
vt 0.17783465 0.33880341
vt 0.14895833 0.37474066
vt 0.14895833 0.33880341
vt 0.14895833 0.33880341
vt 0.14895833 0.37474066
vt 0.14895833 0.33880341
vt 0.14895833 0.37773553
vt 0.14895833 0.37946429
vt 0.14895833 0.37946429
vt 0.14895833 0.32161528
vt 0.14895833 0.33059953
vt 0.14895833 0.35755253
vt 0.14895833 0.36953166
vt 0.14895833 0.37946429
vt 0.14895833 0.37946429
vt 0.14895833 0.31696429
vt 0.14895833 0.32239567
vt 0.14895833 0.34036441
vt 0.14895833 0.36132778
vt 0.14895833 0.37630166
vt 0.14895833 0.37946429
vt 0.14895833 0.31696429
vt 0.14895833 0.31696429
vt 0.14895833 0.32317616
vt 0.14895833 0.35312392
vt 0.14895833 0.35911341
vt 0.14895833 0.37946429
vt 0.14895833 0.37946429
vt 0.14895833 0.31696429
vt 0.14895833 0.31696429
vt 0.14895833 0.31696429
vt 0.14895833 0.37946429
vt 0.14895833 0.35911341
vt 0.14895833 0.32317616
vt 0.14895833 0.31696429
vt 0.14895833 0.37630166
vt 0.14895833 0.34036441
vt 0.14895833 0.31696429
vt 0.14895833 0.37946429
vt 0.14895833 0.35755253
vt 0.14895833 0.32161528
vt 0.14895833 0.37946429
vt 0.17783465 0.31696429
vt 0.17783465 0.37946429
vt 0.17783465 0.35312392
vt 0.17783465 0.31696429
vt 0.17783465 0.37946429
vt 0.17783465 0.36132778
vt 0.17783465 0.32239567
vt 0.17783465 0.37946429
vt 0.17783465 0.36953166
vt 0.17783465 0.33059953
vt 0.17783465 0.37946429
vt 0.14895833 0.31696429
vt 0.14895833 0.31696429
vt 0.14895833 0.31696429
vt 0.14895833 0.31696429
vt 0.14895833 0.31696429
vt 0.14895833 0.31696429
vt 0.14895833 0.31696429
vt 0.14895833 0.31696429
vt 0.14895833 0.31696429
vt 0.14895833 0.31696429
vt 0.14895833 0.31696429
vt 0.14895833 0.31696429
vt 0.14895833 0.31696429
vt 0.14895833 0.31696429
vt 0.14895833 0.31696429
vt 0.14895833 0.31696429
vt 0.14895833 0.31696429
vt 0.14895833 0.31696429
vt 0.14895833 0.31696429
vt 0.14895833 0.31696429
vt 0.14895833 0.31696429
vt 0.14895833 0.31696429
vt 0.17783465 0.31696429
vt 0.14895833 0.31696429
vt 0.17783465 0.33391591
vt 0.14895833 0.34409817
vt 0.17783465 0.35428053
vt 0.14895833 0.37464516
vt 0.17783465 0.37464516
vt 0.14895833 0.31696429
vt 0.14895833 0.34409817
vt 0.14895833 0.37464516
vt 0.14895833 0.35428053
vt 0.14895833 0.37464516
vt 0.14895833 0.31696429
vt 0.14895833 0.33391591
vt 0.14895833 0.31752691
vt 0.14895833 0.31752691
vt 0.14895833 0.31696429
vt 0.14895833 0.31696429
vt 0.14895833 0.31696429
vt 0.14895833 0.31696429
vt 0.14895833 0.31696429
vt 0.14895833 0.31752691
vt 0.14895833 0.31696429
vt 0.14895833 0.31696429
vt 0.17783465 0.31696429
vt 0.17783465 0.31696429
vt 0.17783465 0.31752691
vt 0.17783465 0.31696429
vt 0.15018383 0.31696429
vt 0.14895833 0.31696429
vt 0.14895833 0.31696429
vt 0.14895833 0.31696429
vt 0.14895833 0.31696429
vt 0.14895833 0.31696429
vt 0.14895833 0.31696429
vt 0.14895833 0.31696429
vt 0.15042658 0.31696429
vt 0.16054046 0.31696429
vt 0.16687740 0.31696429
vt 0.16691364 0.31696429
vt 0.18020833 0.31696429
vt 0.18020833 0.31696429
vt 0.18020833 0.31696429
vt 0.18020833 0.31696429
vt 0.18020833 0.31696429
vt 0.18020833 0.31696429
vt 0.18020833 0.31696429
vt 0.18020833 0.31696429
vt 0.18020833 0.31696429
vt 0.16691396 0.31696429
vt 0.16691364 0.31696429
vt 0.16691364 0.31696429
vt 0.16054046 0.31696429
vt 0.16054046 0.31696429
vt 0.15133202 0.37946429
vt 0.15133202 0.37946429
vt 0.14895833 0.37946429
vt 0.14895833 0.37946429
vt 0.14895833 0.37946429
vt 0.14895833 0.37946429
vt 0.14895833 0.37946429
vt 0.14895833 0.37946429
vt 0.14895833 0.35187154
vt 0.14895833 0.34588203
vt 0.14895833 0.31696429
vt 0.14895833 0.31696429
vt 0.14895833 0.31696429
vt 0.14895833 0.31696429
vt 0.14895833 0.36905966
vt 0.14895833 0.35408591
vt 0.14895833 0.33312241
vt 0.14895833 0.31696429
vt 0.14895833 0.31696429
vt 0.14895833 0.37946429
vt 0.14895833 0.37946429
vt 0.14895833 0.36228965
vt 0.14895833 0.35031066
vt 0.14895833 0.32335766
vt 0.14895833 0.31696429
vt 0.14895833 0.37946429
vt 0.14895833 0.37946429
vt 0.14895833 0.37049355
vt 0.14895833 0.36749877
vt 0.14895833 0.33156152
vt 0.14895833 0.33156152
vt 0.14895833 0.33156152
vt 0.14895833 0.36749877
vt 0.14895833 0.37946429
vt 0.14895833 0.31696429
vt 0.14895833 0.35031066
vt 0.14895833 0.37946429
vt 0.14895833 0.31696429
vt 0.14895833 0.33312241
vt 0.14895833 0.36905966
vt 0.14895833 0.31696429
vt 0.14895833 0.31696429
vt 0.14895833 0.35187154
vt 0.15133202 0.33156152
vt 0.15133202 0.37049355
vt 0.15133202 0.37946429
vt 0.15133202 0.32335766
vt 0.15133202 0.36228965
vt 0.15133202 0.37946429
vt 0.15133202 0.31696429
vt 0.15133202 0.35408591
vt 0.15133202 0.31696429
vt 0.15133202 0.31696429
vt 0.15133202 0.34588203
vt 0.14895833 0.31696429
vt 0.14895833 0.31696429
vt 0.14895833 0.31696429
vt 0.14895833 0.31696429
vt 0.14895833 0.31696429
vt 0.14895833 0.31696429
vt 0.14895833 0.31696429
vt 0.14895833 0.31696429
vt 0.14895833 0.31696429
vt 0.14895833 0.31696429
vt 0.14895833 0.31696429
vt 0.14895833 0.31696429
vt 0.14895833 0.31696429
vt 0.14895833 0.31696429
vt 0.14895833 0.31696429
vt 0.14895833 0.31696429
vt 0.14895833 0.31696429
vt 0.14895833 0.31696429
vt 0.14895833 0.31696429
vt 0.14895833 0.31696429
vt 0.14895833 0.31696429
vt 0.14895833 0.31696429
vt 0.15133202 0.31696429
vt 0.14895833 0.31696429
vt 0.15133202 0.31696429
vt 0.14895833 0.37946429
vt 0.15133202 0.37946429
vt 0.14895833 0.37573229
vt 0.15133202 0.37573229
vt 0.14895833 0.31696429
vt 0.14895833 0.37946429
vt 0.14895833 0.37573229
vt 0.14895833 0.37946429
vt 0.14895833 0.37573229
vt 0.14895833 0.31696429
vt 0.14895833 0.31696429
vt 0.14895833 0.31925191
vt 0.14895833 0.31925191
vt 0.14895833 0.33961666
vt 0.14895833 0.34979890
vt 0.14895833 0.35998129
vt 0.14895833 0.37946429
vt 0.14895833 0.37946429
vt 0.14895833 0.31925191
vt 0.14895833 0.34979890
vt 0.14895833 0.37946429
vt 0.15133202 0.35998129
vt 0.15133202 0.37946429
vt 0.15133202 0.31925191
vt 0.15133202 0.33961666
vt 0.15018383 0.31696429
vt 0.14895833 0.31696429
vt 0.14895833 0.31696429
vt 0.14895833 0.31696429
vt 0.14895833 0.31696429
vt 0.14895833 0.31696429
vt 0.14895833 0.31696429
vt 0.14895833 0.31696429
vt 0.15042658 0.31696429
vt 0.16054046 0.31696429
vt 0.16687740 0.31696429
vt 0.16691364 0.31696429
vt 0.18020833 0.31696429
vt 0.18020833 0.31696429
vt 0.18020833 0.31696429
vt 0.18020833 0.31696429
vt 0.18020833 0.31696429
vt 0.18020833 0.31696429
vt 0.18020833 0.31696429
vt 0.18020833 0.31696429
vt 0.18020833 0.31696429
vt 0.16691396 0.31696429
vt 0.16691364 0.31696429
vt 0.16691364 0.31696429
vt 0.16054046 0.31696429
vt 0.16054046 0.31696429
vt 0.15133202 0.34247755
vt 0.14895833 0.34247755
vt 0.15133202 0.31696429
vt 0.14895833 0.31696429
vt 0.15133202 0.37946429
vt 0.14895833 0.37946429
vt 0.15133202 0.35304329
vt 0.14895833 0.35304329
vt 0.15133202 0.37946429
vt 0.14895833 0.37946429
vt 0.14895833 0.35304329
vt 0.14895833 0.37946429
vt 0.14895833 0.35304329
vt 0.14895833 0.37946429
vt 0.14895833 0.34247755
vt 0.14895833 0.31696429
vt 0.14895833 0.37946429
vt 0.14895833 0.34247755
vt 0.14895833 0.31696429
vt 0.14895833 0.37946429
vt 0.16539440 0.31696429
vt 0.17608640 0.31696429
vt 0.16539808 0.31696429
vt 0.17608640 0.31696429
vt 0.16539808 0.31696429
vt 0.17608640 0.31696429
vt 0.16539808 0.31696429
vt 0.17608640 0.31696429
vt 0.15471396 0.31696429
vt 0.14895833 0.31696429
vt 0.15316171 0.31696429
vt 0.15470983 0.31696429
vt 0.14895833 0.31696429
vt 0.15316171 0.31696429
vt 0.15470983 0.31696429
vt 0.15470983 0.31696429
vt 0.14895833 0.31696429
vt 0.15316171 0.31696429
vt 0.15470952 0.31696429
vt 0.14895833 0.31696429
vt 0.14895833 0.31696429
vt 0.14895833 0.31696429
vt 0.14895833 0.31696429
vt 0.14895833 0.31696429
vt 0.14895833 0.31696429
vt 0.14895833 0.31696429
vt 0.14895833 0.31696429
vt 0.14895833 0.31696429
vt 0.14895833 0.31696429
vt 0.14895833 0.31696429
vt 0.14895833 0.31696429
vt 0.14895833 0.31696429
vt 0.15133202 0.35602579
vt 0.14895833 0.35602579
vt 0.15133202 0.32414966
vt 0.14895833 0.32414966
vt 0.15133202 0.31696429
vt 0.14895833 0.31696429
vt 0.15133202 0.31696429
vt 0.14895833 0.31696429
vt 0.15133202 0.35352154
vt 0.14895833 0.35352154
vt 0.14895833 0.31696429
vt 0.14895833 0.35352154
vt 0.14895833 0.31696429
vt 0.14895833 0.35352154
vt 0.14895833 0.35602579
vt 0.14895833 0.32414966
vt 0.14895833 0.31696429
vt 0.14895833 0.35602579
vt 0.14895833 0.32414966
vt 0.14895833 0.31696429
vt 0.14895833 0.33880341
vt 0.14895833 0.33880341
vt 0.14895833 0.31696429
vt 0.14895833 0.31696429
vt 0.14895833 0.31696429
vt 0.14895833 0.31696429
vt 0.14895833 0.35677566
vt 0.14895833 0.35677566
vt 0.14895833 0.32109978
vt 0.14895833 0.32109978
vt 0.14895833 0.37946429
vt 0.14895833 0.37946429
vt 0.14895833 0.37474804
vt 0.14895833 0.37474804
vt 0.14895833 0.33907204
vt 0.14895833 0.33907204
vt 0.14895833 0.31696429
vt 0.14895833 0.31696429
vt 0.14895833 0.37946429
vt 0.14895833 0.37946429
vt 0.14895833 0.35704430
vt 0.14895833 0.35704430
vt 0.14895833 0.37946429
vt 0.14895833 0.35704430
vt 0.17783465 0.35704430
vt 0.17783465 0.37946429
vt 0.14895833 0.31696429
vt 0.17783465 0.31696429
vt 0.14895833 0.33907204
vt 0.17783465 0.35096404
vt 0.14895833 0.37474804
vt 0.17783465 0.37946429
vt 0.14895833 0.37946429
vt 0.17783465 0.31696429
vt 0.14895833 0.32109978
vt 0.17783465 0.34488379
vt 0.14895833 0.35677566
vt 0.17783465 0.31696429
vt 0.14895833 0.31696429
vt 0.17783465 0.31696429
vt 0.14895833 0.31696429
vt 0.17783465 0.33880341
vt 0.14895833 0.33880341
vt 0.14895833 0.31696429
vt 0.14895833 0.31696429
vt 0.14895833 0.31696429
vt 0.14895833 0.31696429
vt 0.14895833 0.31696429
vt 0.14895833 0.31696429
vt 0.14895833 0.31696429
vt 0.14895833 0.31696429
vt 0.14895833 0.31696429
vt 0.14895833 0.31696429
vt 0.14895833 0.31696429
vt 0.14895833 0.36428628
vt 0.14895833 0.36428628
vt 0.14895833 0.37946429
vt 0.14895833 0.37946429
vt 0.14895833 0.37946429
vt 0.14895833 0.37946429
vt 0.14895833 0.34631391
vt 0.14895833 0.34631391
vt 0.14895833 0.37946429
vt 0.14895833 0.37946429
vt 0.14895833 0.31696429
vt 0.14895833 0.31696429
vt 0.14895833 0.32834165
vt 0.14895833 0.32834165
vt 0.14895833 0.36401765
vt 0.14895833 0.36401765
vt 0.14895833 0.37946429
vt 0.14895833 0.37946429
vt 0.14895833 0.31696429
vt 0.14895833 0.31696429
vt 0.14895833 0.34604527
vt 0.14895833 0.34604527
vt 0.14895833 0.31696429
vt 0.14895833 0.34604527
vt 0.15133202 0.34604527
vt 0.15133202 0.31696429
vt 0.14895833 0.37946429
vt 0.15133202 0.37946429
vt 0.14895833 0.36401765
vt 0.15133202 0.35212566
vt 0.14895833 0.32834165
vt 0.15133202 0.31696429
vt 0.14895833 0.31696429
vt 0.15133202 0.37946429
vt 0.14895833 0.37946429
vt 0.15133202 0.35820592
vt 0.14895833 0.34631391
vt 0.15133202 0.31856604
vt 0.14895833 0.37946429
vt 0.15133202 0.37946429
vt 0.14895833 0.37946429
vt 0.15133202 0.36428628
vt 0.14895833 0.36428628
vt 0.14895833 0.31696429
vt 0.14895833 0.31696429
vt 0.14895833 0.31696429
vt 0.14895833 0.31696429
vt 0.14895833 0.31696429
vt 0.14895833 0.31696429
vt 0.14895833 0.31696429
vt 0.14895833 0.31696429
vt 0.14895833 0.31696429
vt 0.14895833 0.31696429
vt 0.14895833 0.31696429
vt 0.14895833 0.31696429
vt 0.14895833 0.31696429
vt 0.14895833 0.31696429
vt 0.14895833 0.31696429
vt 0.14895833 0.31696429
vt 0.14895833 0.31696429
vt 0.14895833 0.31696429
vt 0.14895833 0.31696429
vt 0.14895833 0.31696429
vt 0.14895833 0.31696429
vt 0.14895833 0.31696429
vt 0.14895833 0.35395102
vt 0.14895833 0.35395102
vt 0.14895833 0.37946429
vt 0.14895833 0.37946429
vt 0.14895833 0.31696429
vt 0.14895833 0.31696429
vt 0.14895833 0.34338528
vt 0.14895833 0.34338528
vt 0.14895833 0.37946429
vt 0.14895833 0.37946429
vt 0.14895833 0.34338528
vt 0.14895833 0.37946429
vt 0.15133202 0.34338528
vt 0.15133202 0.37946429
vt 0.14895833 0.35395102
vt 0.14895833 0.37946429
vt 0.14895833 0.31696429
vt 0.15133202 0.35395102
vt 0.15133202 0.37946429
vt 0.15133202 0.31696429
vt 0.15133202 0.34290704
vt 0.14895833 0.34290704
vt 0.15133202 0.31696429
vt 0.14895833 0.31696429
vt 0.15133202 0.31696429
vt 0.14895833 0.31696429
vt 0.15133202 0.37227891
vt 0.14895833 0.37227891
vt 0.15133202 0.34040278
vt 0.14895833 0.34040278
vt 0.14895833 0.37227891
vt 0.14895833 0.34040278
vt 0.14895833 0.37227891
vt 0.14895833 0.34040278
vt 0.14895833 0.34290704
vt 0.14895833 0.31696429
vt 0.14895833 0.31696429
vt 0.14895833 0.34290704
vt 0.14895833 0.31696429
vt 0.14895833 0.31696429
vt 0.15471452 0.31696429
vt 0.14895833 0.31696429
vt 0.15315865 0.31696429
vt 0.14895833 0.31696429
vt 0.15315865 0.31696429
vt 0.14895833 0.31696429
vt 0.15315865 0.31696429
vt 0.14895833 0.31696429
vt 0.15470827 0.31696429
vt 0.14895833 0.31696429
vt 0.15470840 0.31696429
vt 0.16539215 0.31696429
vt 0.16539590 0.31696429
vt 0.17608346 0.31696429
vt 0.17608346 0.31696429
vt 0.16539590 0.31696429
vt 0.17608346 0.31696429
vt 0.16539590 0.31696429
vt 0.17608346 0.31696429
vt 0.15470840 0.31696429
vt 0.15470840 0.31696429
vt 0.14895833 0.37946429
vt 0.16434456 0.37946429
vt 0.17644144 0.37946429
vt 0.18020833 0.37946429
vt 0.17644144 0.31696429
vt 0.18020833 0.31696429
vt 0.16434456 0.31696429
vt 0.14895833 0.31696429
vt 0.18020833 0.33550181
vt 0.17163897 0.31696429
vt 0.14895833 0.32458456
vt 0.18020833 0.34066327
vt 0.15489150 0.31696429
vt 0.15489150 0.37946429
vt 0.18020833 0.37599685
vt 0.18020833 0.32043185
vt 0.16754330 0.36900045
vt 0.16754330 0.32742800
vt 0.14895833 0.32277931
vt 0.14895833 0.37364938
vt 0.17967082 0.31696429
vt 0.17967082 0.37946429
vt 0.15748955 0.37946429
vt 0.15748955 0.31696429
vt 0.17337991 0.31696429
vt 0.14895833 0.32726605
vt 0.18020833 0.33062114
vt 0.18020833 0.37059529
vt 0.14895833 0.37447478
vt 0.14895833 0.37946429
vt 0.15141077 0.31696429
vt 0.17824835 0.37946429
vt 0.15421934 0.34981330
vt 0.16238458 0.37946429
vt 0.15120364 0.37946429
vt 0.14979459 0.31696429
vt 0.14895833 0.37946429
vt 0.14895833 0.33804392
vt 0.14895833 0.31696429
vt 0.14895833 0.37321429
vt 0.14895833 0.31696429
vt 0.17825080 0.31696429
vt 0.15091831 0.37946429
vt 0.17495895 0.34549131
vt 0.16678209 0.37946429
vt 0.17749084 0.37946429
vt 0.17937208 0.31696429
vt 0.18020833 0.37946429
vt 0.18020833 0.33804392
vt 0.18020833 0.31696429
vt 0.18020833 0.37321429
vt 0.18020833 0.31696429
vt 0.17980588 0.35237102
vt 0.18020833 0.32106663
vt 0.17280150 0.31696429
vt 0.16318334 0.36747463
vt 0.14895833 0.34359078
vt 0.14895833 0.32496639
vt 0.18020833 0.36859717
vt 0.14895833 0.31696429
vt 0.14961646 0.34604790
vt 0.17337991 0.37946429
vt 0.15145309 0.37946429
vt 0.15145309 0.31696429
vt 0.18020833 0.37455942
vt 0.18020833 0.32186927
vt 0.18020833 0.31696429
vt 0.18020833 0.37946429
vt 0.18020833 0.31696429
vt 0.16378383 0.36894228
vt 0.18020833 0.31696429
vt 0.14895833 0.37497367
vt 0.14895833 0.31696429
vt 0.16789158 0.37946429
vt 0.17620728 0.37946429
vt 0.15439189 0.31696429
vt 0.16566653 0.37814804
vt 0.18020833 0.37946429
vt 0.16378383 0.32748546
vt 0.18020833 0.37946429
vt 0.14895833 0.32145418
vt 0.14895833 0.37946429
vt 0.16789158 0.31696429
vt 0.18020833 0.31696429
vt 0.15439189 0.37946429
vt 0.17620728 0.31696429
vt 0.16566653 0.31828059
vt 0.14895833 0.36916174
vt 0.18020833 0.36580672
vt 0.18020833 0.32583298
vt 0.14895833 0.32195296
vt 0.14895833 0.31696429
vt 0.15141077 0.37946429
vt 0.17824835 0.31696429
vt 0.15421934 0.34661545
vt 0.16238458 0.31696429
vt 0.15120364 0.31696429
vt 0.14979459 0.37946429
vt 0.14895833 0.31696429
vt 0.14895833 0.35838427
vt 0.14895833 0.37946429
vt 0.14895833 0.32321419
vt 0.14895833 0.37946429
vt 0.14895833 0.35283794
vt 0.14895833 0.37146177
vt 0.18020833 0.32783188
vt 0.14961646 0.35038056
vt 0.14895833 0.37946429
vt 0.17825080 0.37946429
vt 0.15091831 0.31696429
vt 0.17495895 0.35093679
vt 0.16678209 0.31696429
vt 0.17749084 0.31696429
vt 0.17937208 0.37946429
vt 0.18020833 0.31696429
vt 0.18020833 0.35838427
vt 0.18020833 0.37946429
vt 0.18020833 0.32321419
vt 0.18020833 0.37946429
vt 0.17980588 0.34405674
vt 0.18020833 0.37536182
vt 0.17280150 0.37946429
vt 0.16318334 0.32895436
vt 0.18020833 0.36092676
vt 0.17181516 0.37946429
vt 0.14895833 0.37191929
vt 0.18020833 0.35576548
vt 0.17066108 0.31696429
vt 0.17707690 0.31696429
vt 0.17066108 0.32102229
vt 0.17707690 0.32102229
vt 0.17066108 0.35633029
vt 0.17707690 0.35633029
vt 0.17066108 0.37946429
vt 0.17707690 0.37946429
vt 0.17066108 0.37946429
vt 0.17707690 0.37946429
vt 0.17066108 0.33725415
vt 0.17707690 0.33725415
vt 0.17066108 0.37256216
vt 0.17707690 0.37256216
vt 0.17066108 0.37946429
vt 0.17707690 0.37946429
vt 0.17066108 0.31817816
vt 0.17707690 0.31817816
vt 0.17066108 0.35348617
vt 0.17707690 0.35348617
vt 0.15208977 0.31696429
vt 0.15208977 0.34788854
vt 0.15850558 0.31696429
vt 0.15850558 0.34723666
vt 0.17066108 0.33128429
vt 0.17707690 0.33193617
vt 0.17066108 0.37946429
vt 0.17707690 0.37946429
vt 0.17707690 0.31696429
vt 0.17707690 0.34854003
vt 0.17066108 0.31696429
vt 0.17066108 0.34919191
vt 0.15850558 0.36514428
vt 0.15208977 0.36449240
vt 0.15850558 0.31696429
vt 0.15208977 0.31696429
vt 0.17066108 0.34294240
vt 0.17707690 0.34294240
vt 0.17066108 0.37825041
vt 0.17707690 0.37825041
vt 0.17066108 0.31696429
vt 0.17707690 0.31696429
vt 0.17066108 0.32386641
vt 0.17707690 0.32386641
vt 0.17066108 0.35917442
vt 0.17707690 0.35917442
vt 0.17066108 0.37946429
vt 0.17707690 0.37946429
vt 0.17066108 0.31696429
vt 0.17707690 0.31696429
vt 0.17066108 0.34009829
vt 0.17707690 0.34009829
vt 0.17066108 0.37540629
vt 0.17707690 0.37540629
vt 0.18020833 0.34461916
vt 0.18020833 0.35239591
vt 0.18020833 0.34461916
vt 0.18020833 0.36000616
vt 0.18020833 0.36497054
vt 0.18020833 0.37539316
vt 0.18020833 0.37758953
vt 0.18020833 0.37946429
vt 0.18020833 0.37946429
vt 0.16278577 0.31696429
vt 0.17047927 0.31696429
vt 0.16278577 0.34529390
vt 0.17047927 0.34529390
vt 0.16278577 0.37946429
vt 0.17047927 0.37946429
vt 0.16278577 0.31696429
vt 0.17047927 0.31696429
vt 0.16278577 0.36123754
vt 0.17047927 0.36123754
vt 0.16278577 0.37946429
vt 0.17047927 0.37946429
vt 0.16278577 0.33019991
vt 0.17047927 0.33019991
vt 0.16278577 0.37718119
vt 0.17047927 0.37718119
vt 0.16278577 0.31696429
vt 0.17047927 0.31696429
vt 0.16278577 0.34614356
vt 0.17047927 0.34614356
vt 0.16278577 0.37946429
vt 0.17047927 0.37946429
vt 0.16278577 0.31696429
vt 0.17047927 0.31696429
vt 0.16278577 0.36208715
vt 0.17047927 0.36208715
vt 0.16278577 0.37946429
vt 0.17047927 0.37946429
vt 0.17817277 0.36208715
vt 0.17817277 0.37946429
vt 0.18020833 0.37946429
vt 0.18020833 0.35817220
vt 0.17817277 0.31696429
vt 0.18020833 0.31696429
vt 0.17817277 0.37946429
vt 0.18020833 0.37946429
vt 0.17817277 0.34614356
vt 0.18020833 0.33048316
vt 0.17817277 0.31696429
vt 0.18020833 0.37946429
vt 0.17817277 0.37718119
vt 0.18020833 0.35369052
vt 0.17817277 0.33019991
vt 0.18020833 0.31696429
vt 0.17817277 0.37946429
vt 0.18020833 0.37689789
vt 0.17817277 0.36123754
vt 0.18020833 0.32600166
vt 0.17817277 0.31696429
vt 0.18020833 0.37946429
vt 0.17817277 0.37946429
vt 0.18020833 0.34920903
vt 0.17817277 0.34529390
vt 0.18020833 0.31696429
vt 0.17817277 0.31696429
vt 0.14895833 0.34461916
vt 0.14895833 0.34461916
vt 0.14895833 0.35721241
vt 0.14895833 0.36000616
vt 0.14895833 0.36983141
vt 0.14895833 0.37539316
vt 0.14895833 0.37946429
vt 0.14895833 0.37946429
vt 0.14895833 0.37946429
vt 0.18020833 0.34461916
vt 0.18020833 0.33644004
vt 0.14895833 0.34461916
vt 0.14895833 0.32923216
vt 0.18020833 0.32386241
vt 0.14895833 0.31696429
vt 0.18020833 0.31696429
vt 0.14895833 0.31696429
vt 0.18020833 0.31696429
vt 0.16278577 0.37946429
vt 0.17047927 0.37946429
vt 0.16278577 0.31696429
vt 0.17047927 0.31696429
vt 0.16278577 0.35980730
vt 0.17047927 0.35980730
vt 0.16278577 0.37946429
vt 0.17047927 0.37946429
vt 0.16278577 0.32876979
vt 0.17047927 0.32876979
vt 0.16278577 0.37575092
vt 0.17047927 0.37575092
vt 0.16278577 0.31696429
vt 0.17047927 0.31696429
vt 0.16278577 0.34471329
vt 0.17047927 0.34471329
vt 0.16278577 0.37946429
vt 0.17047927 0.37946429
vt 0.16278577 0.31696429
vt 0.17047927 0.31696429
vt 0.16278577 0.36065691
vt 0.17047927 0.36065691
vt 0.16278577 0.31696429
vt 0.17047927 0.31696429
vt 0.16278577 0.32961929
vt 0.17047927 0.32961929
vt 0.16278577 0.37660054
vt 0.17047927 0.37660054
vt 0.17817277 0.32961929
vt 0.17817277 0.37660054
vt 0.18020833 0.37660054
vt 0.18020833 0.32570429
vt 0.17817277 0.31696429
vt 0.18020833 0.31696429
vt 0.17817277 0.36065691
vt 0.18020833 0.34891166
vt 0.17817277 0.31696429
vt 0.18020833 0.31696429
vt 0.17817277 0.37946429
vt 0.18020833 0.37211904
vt 0.17817277 0.34471329
vt 0.18020833 0.32122278
vt 0.17817277 0.31696429
vt 0.18020833 0.37946429
vt 0.17817277 0.37575092
vt 0.18020833 0.34443017
vt 0.17817277 0.32876979
vt 0.18020833 0.31696429
vt 0.17817277 0.37946429
vt 0.18020833 0.36763753
vt 0.17817277 0.35980730
vt 0.18020833 0.31696429
vt 0.17817277 0.31696429
vt 0.18020833 0.37946429
vt 0.17817277 0.37946429
vt 0.17977696 0.34461916
vt 0.14895833 0.34461916
vt 0.17841171 0.33184641
vt 0.14895833 0.32923216
vt 0.17697240 0.31958179
vt 0.14895833 0.31696429
vt 0.17691665 0.31910479
vt 0.17576883 0.31696429
vt 0.14895833 0.31696429
vt 0.17480233 0.31696429
vt 0.14895833 0.34461916
vt 0.18020833 0.34461916
vt 0.14895833 0.33163666
vt 0.18020833 0.32923216
vt 0.14895833 0.31848579
vt 0.18020833 0.31696429
vt 0.14895833 0.31696429
vt 0.18020833 0.31696429
vt 0.14895833 0.31696429
vt 0.16278577 0.31982804
vt 0.17047927 0.31982804
vt 0.16278577 0.36680928
vt 0.17047927 0.36680928
vt 0.16278577 0.31696429
vt 0.17047927 0.31696429
vt 0.16278577 0.33577166
vt 0.17047927 0.33577166
vt 0.16278577 0.37946429
vt 0.17047927 0.37946429
vt 0.16278577 0.37946429
vt 0.17047927 0.37946429
vt 0.16278577 0.35171528
vt 0.17047927 0.35171528
vt 0.16278577 0.37946429
vt 0.17047927 0.37946429
vt 0.16278577 0.32067766
vt 0.17047927 0.32067766
vt 0.16278577 0.36765878
vt 0.17047927 0.36765878
vt 0.16278577 0.31696429
vt 0.17047927 0.31696429
vt 0.16278577 0.33662127
vt 0.17047927 0.33662127
vt 0.16278577 0.37946429
vt 0.17047927 0.37946429
vt 0.16278577 0.31696429
vt 0.17047927 0.31696429
vt 0.17817277 0.37946429
vt 0.17817277 0.31696429
vt 0.18020833 0.31696429
vt 0.18020833 0.37946429
vt 0.17817277 0.33662127
vt 0.18020833 0.32879104
vt 0.17817277 0.31696429
vt 0.18020833 0.37946429
vt 0.17817277 0.36765878
vt 0.18020833 0.35199841
vt 0.17817277 0.32067766
vt 0.18020833 0.31696429
vt 0.17817277 0.37946429
vt 0.18020833 0.37520579
vt 0.17817277 0.35171528
vt 0.18020833 0.32430953
vt 0.17817277 0.37946429
vt 0.18020833 0.37946429
vt 0.17817277 0.37946429
vt 0.18020833 0.34751691
vt 0.17817277 0.33577166
vt 0.18020833 0.31696429
vt 0.17817277 0.31696429
vt 0.18020833 0.37072429
vt 0.17817277 0.36680928
vt 0.18020833 0.31982804
vt 0.17817277 0.31982804
vt 0.14938971 0.34461916
vt 0.15018533 0.33691766
vt 0.18020833 0.34461916
vt 0.18020833 0.32923216
vt 0.15165846 0.32413079
vt 0.18020833 0.31696429
vt 0.15311215 0.31696429
vt 0.18020833 0.31696429
vt 0.15436465 0.31696429
vt 0.15098990 0.34461916
vt 0.15142996 0.35239591
vt 0.14895833 0.34461916
vt 0.14895833 0.36000616
vt 0.15186102 0.36497054
vt 0.14895833 0.37539316
vt 0.15194941 0.37758953
vt 0.14895833 0.37946429
vt 0.15173406 0.37946429
vt 0.16278577 0.34612228
vt 0.17047927 0.34612228
vt 0.16278577 0.37946429
vt 0.17047927 0.37946429
vt 0.16278577 0.31696429
vt 0.17047927 0.31696429
vt 0.16278577 0.36206578
vt 0.17047927 0.36206578
vt 0.16278577 0.37946429
vt 0.17047927 0.37946429
vt 0.16278577 0.33102830
vt 0.17047927 0.33102830
vt 0.16278577 0.37800940
vt 0.17047927 0.37800940
vt 0.16278577 0.31696429
vt 0.17047927 0.31696429
vt 0.16278577 0.34697189
vt 0.17047927 0.34697189
vt 0.16278577 0.37946429
vt 0.17047927 0.37946429
vt 0.16278577 0.31696429
vt 0.17047927 0.31696429
vt 0.16278577 0.36291541
vt 0.17047927 0.36291541
vt 0.16278577 0.37946429
vt 0.17047927 0.37946429
vt 0.16278577 0.33187790
vt 0.17047927 0.33187790
vt 0.17817277 0.37946429
vt 0.17817277 0.33187790
vt 0.18020833 0.33187790
vt 0.18020833 0.37946429
vt 0.17817277 0.36291541
vt 0.18020833 0.35508527
vt 0.17817277 0.31696429
vt 0.18020833 0.31696429
vt 0.17817277 0.37946429
vt 0.18020833 0.37829264
vt 0.17817277 0.34697189
vt 0.18020833 0.32739641
vt 0.17817277 0.31696429
vt 0.18020833 0.37946429
vt 0.17817277 0.37800940
vt 0.18020833 0.35060378
vt 0.17817277 0.33102830
vt 0.18020833 0.31696429
vt 0.17817277 0.37946429
vt 0.18020833 0.37381117
vt 0.17817277 0.36206578
vt 0.18020833 0.32291480
vt 0.17817277 0.31696429
vt 0.18020833 0.37946429
vt 0.17817277 0.37946429
vt 0.18020833 0.34612228
vt 0.17817277 0.34612228
vt 0.18020833 0.34461916
vt 0.18020833 0.34461916
vt 0.18020833 0.35721241
vt 0.18020833 0.36000616
vt 0.18020833 0.36983141
vt 0.18020833 0.37539316
vt 0.18020833 0.37946429
vt 0.18020833 0.37946429
vt 0.18020833 0.37946429
vt 0.14895833 0.31696429
vt 0.14895833 0.31696429
vt 0.17708334 0.31696429
vt 0.17708334 0.31696429
vt 0.14895833 0.31696429
vt 0.14895833 0.31696429
vt 0.17708334 0.31822103
vt 0.14895833 0.32045179
vt 0.17708334 0.32465691
vt 0.14895833 0.32465691
vt 0.14895833 0.33056052
vt 0.14895833 0.33056052
vt 0.14895833 0.36357592
vt 0.14895833 0.36357592
vt 0.14895833 0.37946429
vt 0.14895833 0.37946429
vt 0.14895833 0.31696429
vt 0.14895833 0.31696429
vt 0.14895833 0.33762203
vt 0.14895833 0.33762203
vt 0.14895833 0.37063740
vt 0.14895833 0.37063740
vt 0.14895833 0.37946429
vt 0.14895833 0.37946429
vt 0.14895833 0.31696429
vt 0.14895833 0.31696429
vt 0.14895833 0.34468354
vt 0.14895833 0.34468354
vt 0.14895833 0.37769891
vt 0.14895833 0.37769891
vt 0.14895833 0.31696429
vt 0.14895833 0.31696429
vt 0.14958671 0.37769891
vt 0.14958671 0.31696429
vt 0.15280465 0.31696429
vt 0.15280465 0.37403054
vt 0.14958671 0.34468354
vt 0.15280465 0.33734679
vt 0.14958671 0.31696429
vt 0.15280465 0.31696429
vt 0.14958671 0.37946429
vt 0.15280465 0.37946429
vt 0.14958671 0.37063740
vt 0.15280465 0.35229553
vt 0.14958671 0.33762203
vt 0.15280465 0.31696429
vt 0.14958671 0.31696429
vt 0.15280465 0.37946429
vt 0.14958671 0.37946429
vt 0.15280465 0.36724429
vt 0.14958671 0.36357592
vt 0.15280465 0.33056052
vt 0.14958671 0.33056052
vt 0.18020833 0.31696429
vt 0.18020833 0.31696429
vt 0.15208333 0.31696429
vt 0.15208333 0.31696429
vt 0.18020833 0.31696429
vt 0.18020833 0.31696429
vt 0.15208333 0.37788028
vt 0.18020833 0.37565041
vt 0.15208333 0.37144441
vt 0.18020833 0.37144441
vt 0.18020833 0.32465691
vt 0.18020833 0.32216979
vt 0.15208329 0.32465691
vt 0.15208329 0.31822103
vt 0.18020833 0.31797366
vt 0.18020833 0.31696429
vt 0.15208329 0.31696429
vt 0.18020833 0.31696429
vt 0.15208329 0.31696429
vt 0.18020833 0.31696429
vt 0.15280465 0.31696429
vt 0.15280465 0.33056052
vt 0.14958671 0.31696429
vt 0.14958671 0.33056052
vt 0.14895833 0.33056052
vt 0.14895833 0.31696429
vt 0.14895833 0.33056052
vt 0.14895833 0.31696429
vt 0.14895833 0.37946429
vt 0.14895833 0.37946429
vt 0.14895833 0.35651441
vt 0.14895833 0.35651441
vt 0.14895833 0.32349904
vt 0.14895833 0.32349904
vt 0.14895833 0.31696429
vt 0.14895833 0.31696429
vt 0.14895833 0.37946429
vt 0.14895833 0.37946429
vt 0.14895833 0.34945293
vt 0.14895833 0.34945293
vt 0.14895833 0.31696429
vt 0.14895833 0.31696429
vt 0.14895833 0.37946429
vt 0.14895833 0.37946429
vt 0.14895833 0.37540676
vt 0.14895833 0.37540676
vt 0.14958671 0.37540676
vt 0.14958671 0.37946429
vt 0.14958671 0.31696429
vt 0.14958671 0.34945293
vt 0.14958671 0.37946429
vt 0.14958671 0.31696429
vt 0.14958671 0.32349904
vt 0.14958671 0.35651441
vt 0.14958671 0.37946429
vt 0.15280465 0.37540676
vt 0.15280465 0.31696429
vt 0.15280465 0.32377430
vt 0.15280465 0.36045803
vt 0.15280465 0.37946429
vt 0.15280465 0.31696429
vt 0.15280465 0.34550928
vt 0.15280465 0.37946429
vt 0.14895833 0.37144441
vt 0.14895833 0.37394804
vt 0.17708338 0.37144441
vt 0.17708338 0.37788028
vt 0.14895833 0.37813904
vt 0.14895833 0.31696429
vt 0.17708338 0.31696429
vt 0.14895833 0.31696429
vt 0.17708338 0.31696429
vt 0.14895833 0.31696429
vt 0.16434456 0.31696429
vt 0.18020833 0.31696429
vt 0.16434456 0.31696429
vt 0.18020833 0.31696429
vt 0.16434456 0.31696429
vt 0.18020833 0.31696429
vt 0.16434456 0.31696429
vt 0.18020833 0.31696429
vt 0.15960152 0.31696429
vt 0.14895833 0.31696429
vt 0.14953277 0.31696429
vt 0.14895833 0.31696429
vt 0.14953277 0.31696429
vt 0.14895833 0.31696429
vt 0.14953277 0.31696429
vt 0.14895833 0.31696429
vt 0.16008646 0.31696429
vt 0.18020833 0.31696429
vt 0.18020833 0.31696429
vt 0.15110584 0.31696429
vt 0.17786065 0.31696429
vt 0.16835365 0.31696429
vt 0.18020833 0.31696429
vt 0.18020833 0.31696429
vt 0.17786065 0.31696429
vt 0.16835365 0.31696429
vt 0.18020833 0.31696429
vt 0.18020833 0.31696429
vt 0.18020833 0.31696429
vt 0.18020833 0.31696429
vt 0.17786065 0.31696429
vt 0.16835365 0.31696429
vt 0.15092339 0.31696429
vt 0.17786065 0.31696429
vt 0.15597902 0.31696429
vt 0.15997408 0.31696429
vt 0.15491502 0.31696429
vt 0.15982146 0.31696429
vt 0.15491502 0.31696429
vt 0.15491502 0.31696429
vt 0.14895833 0.31696429
vt 0.14895833 0.31696429
vt 0.14895833 0.31696429
vt 0.14895833 0.31696429
vt 0.14895833 0.31696429
vt 0.14895833 0.31696429
vt 0.14895833 0.31696429
vt 0.14895833 0.31884991
vt 0.14895833 0.31885041
vt 0.14895833 0.31884991
vt 0.14895833 0.31696429
vt 0.15491502 0.31696429
vt 0.15491502 0.31696429
vt 0.16120527 0.31696429
vt 0.16035183 0.31696429
vt 0.15491502 0.31696429
vt 0.16205146 0.31885004
vt 0.15498177 0.31885041
vt 0.14895833 0.31696429
vt 0.14895833 0.31696429
vt 0.14895833 0.31696429
vt 0.14895833 0.31696429
vt 0.14895833 0.31696429
vt 0.14895833 0.31696429
vt 0.14895833 0.31696429
vt 0.14895833 0.31696429
vt 0.14895833 0.31696429
vt 0.14895833 0.31786166
vt 0.14895833 0.31794353
vt 0.14895833 0.31696429
vt 0.14895833 0.31696429
vt 0.14895833 0.31696429
vt 0.14895833 0.31696429
vt 0.14895833 0.31696429
vt 0.14895833 0.31696429
vt 0.14895833 0.31696429
vt 0.14895833 0.31696429
vt 0.14895833 0.31696429
vt 0.14895833 0.31696429
vt 0.15043215 0.31696429
vt 0.15439971 0.31696429
vt 0.15783796 0.31696429
vt 0.16221252 0.31696429
vt 0.16221252 0.31696429
vt 0.15439971 0.31696429
vt 0.14895833 0.31696429
vt 0.14895833 0.31696429
vt 0.16221252 0.31696429
vt 0.15439971 0.31696429
vt 0.14895833 0.31696429
vt 0.15439971 0.31696429
vt 0.16221252 0.31794353
vt 0.15511308 0.31794291
vt 0.14895833 0.31787791
vt 0.14895833 0.37946429
vt 0.14895833 0.37946429
vt 0.14895833 0.37946429
vt 0.14895833 0.37946429
vt 0.14895833 0.37946429
vt 0.14895833 0.37946429
vt 0.14895833 0.37946429
vt 0.14895833 0.37946429
vt 0.14895833 0.37946429
vt 0.14895833 0.37946429
vt 0.14895833 0.37946429
vt 0.14895833 0.37946429
vt 0.14895833 0.37946429
vt 0.14895833 0.37946429
vt 0.14895833 0.37946429
vt 0.14895833 0.37946429
vt 0.14895833 0.37946429
vt 0.14895833 0.37946429
vt 0.14895833 0.37946429
vt 0.14895833 0.37946429
vt 0.14895833 0.37946429
vt 0.14895833 0.37946429
vt 0.14895833 0.37946429
vt 0.14895833 0.37946429
vt 0.14895833 0.31696429
vt 0.14895833 0.31696429
vt 0.14895833 0.31696429
vt 0.14895833 0.31696429
vt 0.14895833 0.31696429
vt 0.14895833 0.31696429
vt 0.14895833 0.31696429
vt 0.14895833 0.31696429
vt 0.14895833 0.31696429
vt 0.14895833 0.31696429
vt 0.14895833 0.31696429
vt 0.14895833 0.31696429
vt 0.14895833 0.31696429
vt 0.14895833 0.31696429
vt 0.14895833 0.31696429
vt 0.14895833 0.31696429
vt 0.14895833 0.31696429
vt 0.14895833 0.31696429
vt 0.14895833 0.31696429
vt 0.14895833 0.31696429
vt 0.14895833 0.31696429
vt 0.14895833 0.31696429
vt 0.14895833 0.31696429
vt 0.14895833 0.31696429
vt 0.14895833 0.31696429
vt 0.14895833 0.31696429
vt 0.14895833 0.31696429
vt 0.14895833 0.31696429
vt 0.14895833 0.31696429
vt 0.14895833 0.31696429
vt 0.14895833 0.31696429
vt 0.14895833 0.31696429
vt 0.14895833 0.31696429
vt 0.14895833 0.31696429
vt 0.14895833 0.31696429
vt 0.14895833 0.31696429
vt 0.14895833 0.31696429
vt 0.14895833 0.31696429
vt 0.14895833 0.31696429
vt 0.14895833 0.31696429
vt 0.14895833 0.31696429
vt 0.14895833 0.31696429
vt 0.14895833 0.31696429
vt 0.14895833 0.31696429
vt 0.14895833 0.31696429
vt 0.14895833 0.31696429
vt 0.14895833 0.31696429
vt 0.14895833 0.31696429
vt 0.14895833 0.31696429
vt 0.14895833 0.31696429
vt 0.14895833 0.31696429
vt 0.14895833 0.31696429
vt 0.14895833 0.31696429
vt 0.14895833 0.31696429
vt 0.14895833 0.31696429
vt 0.14895833 0.31696429
vt 0.14895833 0.31696429
vt 0.14895833 0.31696429
vt 0.14895833 0.31696429
vt 0.14895833 0.31696429
vt 0.14895833 0.31696429
vt 0.14895833 0.31696429
vt 0.14895833 0.31696429
vt 0.14895833 0.31696429
vt 0.14895833 0.36955430
vt 0.14895833 0.36955430
vt 0.14895833 0.37537934
vt 0.14895833 0.37537934
vt 0.14895833 0.37946429
vt 0.14895833 0.37946429
vt 0.14895833 0.37946429
vt 0.14895833 0.37946429
vt 0.14895833 0.37946429
vt 0.14895833 0.37946429
vt 0.14895833 0.37946429
vt 0.14895833 0.37946429
vt 0.14895833 0.37946429
vt 0.14895833 0.37946429
vt 0.14895833 0.37946429
vt 0.14895833 0.37946429
vt 0.14895833 0.36955430
vt 0.14895833 0.37537934
vt 0.14895833 0.37946429
vt 0.14895833 0.37946429
vt 0.14895833 0.36955430
vt 0.14895833 0.37537934
vt 0.14895833 0.37946429
vt 0.14895833 0.37946429
vt 0.15563090 0.31696429
vt 0.16057102 0.31696429
vt 0.15542371 0.31696429
vt 0.16070540 0.31696429
vt 0.15542371 0.31696429
vt 0.16127302 0.31696429
vt 0.15542371 0.31696429
vt 0.16201183 0.31696429
vt 0.15542371 0.31696429
vt 0.16272827 0.31696429
vt 0.15540558 0.31696429
vt 0.14895833 0.31696429
vt 0.14895833 0.31696429
vt 0.14895833 0.31696429
vt 0.14895833 0.31696429
vt 0.14895833 0.31696429
vt 0.14895833 0.31696429
vt 0.14895833 0.31696429
vt 0.14895833 0.31696429
vt 0.14895833 0.31696429
vt 0.14895833 0.31696429
vt 0.14895833 0.31696429
vt 0.14895833 0.31696429
vt 0.14895833 0.31696429
vt 0.14895833 0.31696429
vt 0.14895833 0.31696429
vt 0.14895833 0.31696429
vt 0.14895833 0.31696429
vt 0.14895833 0.31696429
vt 0.14895833 0.31696429
vt 0.14895833 0.31696429
vt 0.14895833 0.31696429
vt 0.14895833 0.31696429
vt 0.14895833 0.31696429
vt 0.14895833 0.31696429
vt 0.14895833 0.31696429
vt 0.14895833 0.31696429
vt 0.14895833 0.31696429
vt 0.14895833 0.31696429
vt 0.14895833 0.31696429
vt 0.14895833 0.31696429
vt 0.14895833 0.31696429
vt 0.14895833 0.31696429
vt 0.14895833 0.31696429
vt 0.15067796 0.31696429
vt 0.14895833 0.31696429
vt 0.15521377 0.31696429
vt 0.14895833 0.31696429
vt 0.15521377 0.31696429
vt 0.14895833 0.31696429
vt 0.15521377 0.31696429
vt 0.14895833 0.31696429
vt 0.15521377 0.31696429
vt 0.14895833 0.31696429
vt 0.15529165 0.31696429
vt 0.16250727 0.31696429
vt 0.16250727 0.31696429
vt 0.15799152 0.31696429
vt 0.16250727 0.31696429
vt 0.16250727 0.31696429
vt 0.14895833 0.31696429
vt 0.14895833 0.31696429
vt 0.14895833 0.31696429
vt 0.14895833 0.31696429
vt 0.14895833 0.37946429
vt 0.14895833 0.37946429
vt 0.14895833 0.37946429
vt 0.14895833 0.37946429
vt 0.14895833 0.37946429
vt 0.14895833 0.37946429
vt 0.14895833 0.37946429
vt 0.14895833 0.37946429
vt 0.14895833 0.37946429
vt 0.14895833 0.37946429
vt 0.14895833 0.37946429
vt 0.14895833 0.37946429
vt 0.14895833 0.31696429
vt 0.14895833 0.31696429
vt 0.14895833 0.37946429
vt 0.14895833 0.37946429
vt 0.14895833 0.31696429
vt 0.14895833 0.31696429
vt 0.14895833 0.31696429
vt 0.14895833 0.31696429
vt 0.14895833 0.31696429
vt 0.14895833 0.31696429
vt 0.14895833 0.31696429
vt 0.14895833 0.31696429
vt 0.14895833 0.31696429
vt 0.14895833 0.31696429
vt 0.14895833 0.31696429
vt 0.14895833 0.31696429
vt 0.14895833 0.31696429
vt 0.14895833 0.31696429
vt 0.14895833 0.37946429
vt 0.14895833 0.37946429
vt 0.14895833 0.37946429
vt 0.14895833 0.37946429
vt 0.14895833 0.37946429
vt 0.14895833 0.37946429
vt 0.14895833 0.31696429
vt 0.14895833 0.37946429
vt 0.14895833 0.31696429
vt 0.14895833 0.31696429
vt 0.14895833 0.31696429
vt 0.14895833 0.37946429
vt 0.14895833 0.37946429
vt 0.14895833 0.37946429
vt 0.14895833 0.37946429
vt 0.14895833 0.37946429
vt 0.14895833 0.37946429
vt 0.14895833 0.31696429
vt 0.14895833 0.37946429
vt 0.14895833 0.31696429
vt 0.14895833 0.31696429
vt 0.14895833 0.31696429
vt 0.15563090 0.31696429
vt 0.16057102 0.31696429
vt 0.15542371 0.31696429
vt 0.16070540 0.31696429
vt 0.15542371 0.31696429
vt 0.16127302 0.31696429
vt 0.15542371 0.31696429
vt 0.16201183 0.31696429
vt 0.15542371 0.31696429
vt 0.16272827 0.31696429
vt 0.15540558 0.31696429
vt 0.14895833 0.31696429
vt 0.14895833 0.31696429
vt 0.14895833 0.31696429
vt 0.14895833 0.31696429
vt 0.14895833 0.31696429
vt 0.14895833 0.31696429
vt 0.14895833 0.31696429
vt 0.14895833 0.31696429
vt 0.14895833 0.31696429
vt 0.14895833 0.31696429
vt 0.14895833 0.31696429
vt 0.14895833 0.31696429
vt 0.14895833 0.31696429
vt 0.14895833 0.31696429
vt 0.14895833 0.31696429
vt 0.14895833 0.31696429
vt 0.14895833 0.31696429
vt 0.14895833 0.31696429
vt 0.14895833 0.31696429
vt 0.14895833 0.31696429
vt 0.14895833 0.31696429
vt 0.14895833 0.31696429
vt 0.14895833 0.31696429
vt 0.14895833 0.31696429
vt 0.14895833 0.31696429
vt 0.14895833 0.31696429
vt 0.14895833 0.31696429
vt 0.14895833 0.31696429
vt 0.14895833 0.31696429
vt 0.14895833 0.31696429
vt 0.14895833 0.31696429
vt 0.14895833 0.31696429
vt 0.14895833 0.31696429
vt 0.15067796 0.31696429
vt 0.14895833 0.31696429
vt 0.15521377 0.31696429
vt 0.14895833 0.31696429
vt 0.15521377 0.31696429
vt 0.14895833 0.31696429
vt 0.15521377 0.31696429
vt 0.14895833 0.31696429
vt 0.15521377 0.31696429
vt 0.14895833 0.31696429
vt 0.15529165 0.31696429
vt 0.16250727 0.31696429
vt 0.16250727 0.31696429
vt 0.15799152 0.31696429
vt 0.16250727 0.31696429
vt 0.16250727 0.31696429
vt 0.14895833 0.31696429
vt 0.14895833 0.31696429
vt 0.14895833 0.31696429
vt 0.14895833 0.31696429
vt 0.14895833 0.31696429
vt 0.14895833 0.31696429
vt 0.14895833 0.31696429
vt 0.14895833 0.31696429
vt 0.14895833 0.31696429
vt 0.14895833 0.31696429
vt 0.14895833 0.31696429
vt 0.14895833 0.31696429
vt 0.14895833 0.32104923
vt 0.14895833 0.32104923
vt 0.14895833 0.32687427
vt 0.14895833 0.32687427
vt 0.14895833 0.32104923
vt 0.14895833 0.32687427
vt 0.14895833 0.32104923
vt 0.14895833 0.32687427
vt 0.14895833 0.31696429
vt 0.14895833 0.31696429
vt 0.14895833 0.31696429
vt 0.14895833 0.31696429
vt 0.14895833 0.31696429
vt 0.14895833 0.31696429
vt 0.14895833 0.31696429
vt 0.14895833 0.31696429
vt 0.14895833 0.31696429
vt 0.14895833 0.31696429
vt 0.14895833 0.31696429
vt 0.14895833 0.31696429
vt 0.14895833 0.31696429
vt 0.14895833 0.31696429
vt 0.14895833 0.31696429
vt 0.14895833 0.31696429
vt 0.14895833 0.31696429
vt 0.14895833 0.31696429
vt 0.14895833 0.31696429
vt 0.14895833 0.31696429
vt 0.14895833 0.31696429
vt 0.14895833 0.31696429
vt 0.14895833 0.31696429
vt 0.14895833 0.31696429
vt 0.14895833 0.31696429
vt 0.14895833 0.31696429
vt 0.14895833 0.31696429
vt 0.14895833 0.31696429
vt 0.14895833 0.31696429
vt 0.14895833 0.31696429
vt 0.14895833 0.31696429
vt 0.14895833 0.31696429
vt 0.14895833 0.31696429
vt 0.14895833 0.31696429
vt 0.14895833 0.31696429
vt 0.14895833 0.31696429
vt 0.14895833 0.31696429
vt 0.14895833 0.31696429
vt 0.14895833 0.31696429
vt 0.14895833 0.31696429
vt 0.14895833 0.31696429
vt 0.14895833 0.31696429
vt 0.14895833 0.31696429
vt 0.14895833 0.31696429
vt 0.14895833 0.31696429
vt 0.14895833 0.31696429
vt 0.14895833 0.31696429
vt 0.14895833 0.31696429
vt 0.14895833 0.31696429
vt 0.14895833 0.31696429
vt 0.14895833 0.31696429
vt 0.14895833 0.31696429
vt 0.14895833 0.31696429
vt 0.14895833 0.31696429
vt 0.14895833 0.31696429
vt 0.14895833 0.31696429
vt 0.14895833 0.31696429
vt 0.14895833 0.31696429
vt 0.14895833 0.31696429
vt 0.14895833 0.31696429
vt 0.14895833 0.31696429
vt 0.14895833 0.31696429
vt 0.14895833 0.31696429
vt 0.14895833 0.31696429
vt 0.14895833 0.31696429
vt 0.14895833 0.31696429
vt 0.14895833 0.31696429
vt 0.14895833 0.31696429
vt 0.14895833 0.31696429
vt 0.14895833 0.31696429
vt 0.14895833 0.31696429
vt 0.14895833 0.31696429
vt 0.14895833 0.31696429
vt 0.14895833 0.31696429
vt 0.14895833 0.31696429
vt 0.14895833 0.31696429
vt 0.14895833 0.31696429
vt 0.14895833 0.31696429
vt 0.14895833 0.31696429
vt 0.14895833 0.31696429
vt 0.14895833 0.31696429
vt 0.14895833 0.31696429
vt 0.14895833 0.31696429
vt 0.14895833 0.31696429
vt 0.14895833 0.31696429
vt 0.14895833 0.31696429
vt 0.14895833 0.31696429
vt 0.14895833 0.31696429
vt 0.14895833 0.31696429
vt 0.14895833 0.31696429
vt 0.14895833 0.31696429
vt 0.14895833 0.31696429
vt 0.14895833 0.31696429
vt 0.14895833 0.31696429
vt 0.14895833 0.31696429
vt 0.14895833 0.31696429
vt 0.15440208 0.31696429
vt 0.16048721 0.31696429
vt 0.15534996 0.31696429
vt 0.16035696 0.31696429
vt 0.15534996 0.31696429
vt 0.16090615 0.31696429
vt 0.15534996 0.31696429
vt 0.16177183 0.31696429
vt 0.15534996 0.31696429
vt 0.16263015 0.31797316
vt 0.15533352 0.31797229
vt 0.14895833 0.31696429
vt 0.14895833 0.31797303
vt 0.14895833 0.31696429
vt 0.14895833 0.31797303
vt 0.14895833 0.31797316
vt 0.14895833 0.31696429
vt 0.14895833 0.31797316
vt 0.14895833 0.31696429
vt 0.14895833 0.31696429
vt 0.14895833 0.31696429
vt 0.14895833 0.31696429
vt 0.14895833 0.31696429
vt 0.14895833 0.31696429
vt 0.14895833 0.31696429
vt 0.14895833 0.31696429
vt 0.14895833 0.31696429
vt 0.14895833 0.31696429
vt 0.14895833 0.31696429
vt 0.14895833 0.31696429
vt 0.14895833 0.31696429
vt 0.14895833 0.31696429
vt 0.14895833 0.31696429
vt 0.14895833 0.31885303
vt 0.14895833 0.31885303
vt 0.14895833 0.31696429
vt 0.14895833 0.31696429
vt 0.14895833 0.31696429
vt 0.14895833 0.31696429
vt 0.14895833 0.31696429
vt 0.14895833 0.31696429
vt 0.14895833 0.31696429
vt 0.14895833 0.31696429
vt 0.14895833 0.31696429
vt 0.14895833 0.31696429
vt 0.14999708 0.31696429
vt 0.14895833 0.31696429
vt 0.15482327 0.31696429
vt 0.14895833 0.31696429
vt 0.15482327 0.31696429
vt 0.14895833 0.31696429
vt 0.15482327 0.31696429
vt 0.14895833 0.31696429
vt 0.15482327 0.31696429
vt 0.14895833 0.31884904
vt 0.14999690 0.31884966
vt 0.15597640 0.31885166
vt 0.16198658 0.31885303
vt 0.16198658 0.31696429
vt 0.15724515 0.31696429
vt 0.16198658 0.31696429
vt 0.16198658 0.31696429
vt 0.14895833 0.31696429
vt 0.14895833 0.31696429
vt 0.14895833 0.31696429
vt 0.16040365 0.31696429
vt 0.14895833 0.31696429
vt 0.15654327 0.31696429
vt 0.14895833 0.31696429
vt 0.15654327 0.31696429
vt 0.14895833 0.31696429
vt 0.15654327 0.31696429
vt 0.14895833 0.31696429
vt 0.16013739 0.31696429
vt 0.18020833 0.31696429
vt 0.18020833 0.31696429
vt 0.18020833 0.31696429
vt 0.15124371 0.31696429
vt 0.15392096 0.31696429
vt 0.17805608 0.31696429
vt 0.17805608 0.31696429
vt 0.15392096 0.31696429
vt 0.17805608 0.31696429
vt 0.15392096 0.31696429
vt 0.17805608 0.31696429
vt 0.15172552 0.31696429
vt 0.18020833 0.31696429
vt 0.18020833 0.31696429
vt 0.18020833 0.31696429
vt 0.18020833 0.31696429
vt 0.18020833 0.31696429
vt 0.14895833 0.35180941
vt 0.14895833 0.34231916
vt 0.16482211 0.35180941
vt 0.16482211 0.34231916
vt 0.14895833 0.33282891
vt 0.16482211 0.33282891
vt 0.16482211 0.32333879
vt 0.14895833 0.32333879
vt 0.16725583 0.36976214
vt 0.18020833 0.31696429
vt 0.16133902 0.33923567
vt 0.16686621 0.32231130
vt 0.14895833 0.37946429
vt 0.18020833 0.35063805
vt 0.18020833 0.37399829
vt 0.14895833 0.34862004
vt 0.17978027 0.37946429
vt 0.14895833 0.31696429
vt 0.17632465 0.31696429
vt 0.17958352 0.31696429
vt 0.14895833 0.34780853
vt 0.18020833 0.32547079
vt 0.14895833 0.31696429
vt 0.18020833 0.34870915
vt 0.16611008 0.37686803
vt 0.16133902 0.35719291
vt 0.18020833 0.31696429
vt 0.16618139 0.32895465
vt 0.18020833 0.31696429
vt 0.14895833 0.37946429
vt 0.14895833 0.37946429
vt 0.18020833 0.31759544
vt 0.17009402 0.37946429
vt 0.17281691 0.36766680
vt 0.15727032 0.35135813
vt 0.14895833 0.35181792
vt 0.14895833 0.32457377
vt 0.14895833 0.31696429
vt 0.17249728 0.34861542
vt 0.18020833 0.31696429
vt 0.18020833 0.32398553
vt 0.14895833 0.35819017
vt 0.17040373 0.35038819
vt 0.17089487 0.37946429
vt 0.15765268 0.37946429
vt 0.14895833 0.31696429
vt 0.14895833 0.31696429
vt 0.18020833 0.37860842
vt 0.16191084 0.32666643
vt 0.15813936 0.33216042
vt 0.14895833 0.37946429
vt 0.17620010 0.37946429
vt 0.16230024 0.37411727
vt 0.18020833 0.34579052
vt 0.18020833 0.31716328
vt 0.14895833 0.32243028
vt 0.18020833 0.37909916
vt 0.14938647 0.31696429
vt 0.15284211 0.31696429
vt 0.18020833 0.31732941
vt 0.14958335 0.37946429
vt 0.14895833 0.37095778
vt 0.18020833 0.37926529
vt 0.18020833 0.34771942
vt 0.17620010 0.37946429
vt 0.16305644 0.31956054
vt 0.14895833 0.37946429
vt 0.15813936 0.36426816
vt 0.16298521 0.36747392
vt 0.14895833 0.37946429
vt 0.18020833 0.31696429
vt 0.14895833 0.37883313
vt 0.17089487 0.31696429
vt 0.15907271 0.31696429
vt 0.17189641 0.34507044
vt 0.14895833 0.33823841
vt 0.18020833 0.37185480
vt 0.17249728 0.34781315
vt 0.18020833 0.37946429
vt 0.14895833 0.37946429
vt 0.14895833 0.34461065
vt 0.14895833 0.37244304
vt 0.15876303 0.34604039
vt 0.17281691 0.32876177
vt 0.17151413 0.31696429
vt 0.14895833 0.31696429
vt 0.18020833 0.37946429
vt 0.14895833 0.31782015
vt 0.18020833 0.37946429
vt 0.16458333 0.31696429
vt 0.16778178 0.34780853
vt 0.16778178 0.34862004
vt 0.17724615 0.37946429
vt 0.17724615 0.31696429
vt 0.18020833 0.33923567
vt 0.18020833 0.35719291
vt 0.15068227 0.37946429
vt 0.15068227 0.31696429
vt 0.17568271 0.31696429
vt 0.14895833 0.32876177
vt 0.17217277 0.34461065
vt 0.14895833 0.34781315
vt 0.17249777 0.33823841
vt 0.18020833 0.31696429
vt 0.16647489 0.37946429
vt 0.18020833 0.36426816
vt 0.14895833 0.37946429
vt 0.15741759 0.37926529
vt 0.16378165 0.31732941
vt 0.16378165 0.37909916
vt 0.15741759 0.31716328
vt 0.17568271 0.37946429
vt 0.14895833 0.37946429
vt 0.18020833 0.33216042
vt 0.16647489 0.31696429
vt 0.18020833 0.37946429
vt 0.14895833 0.36766680
vt 0.17249777 0.35819017
vt 0.17217277 0.35181792
vt 0.14895833 0.34861542
vt 0.18020833 0.34905279
vt 0.14895833 0.31696429
vt 0.18020833 0.31696429
vt 0.14895833 0.34737578
vt 0.18020833 0.34737578
vt 0.14895833 0.37946429
vt 0.18020833 0.37946429
vt 0.14895833 0.34569866
vt 0.18020833 0.34569866
vt 0.14895833 0.37946429
vt 0.18020833 0.37946429
vt 0.14895833 0.34402155
vt 0.18020833 0.34402155
vt 0.14895833 0.37946429
vt 0.18020833 0.37946429
vt 0.14895833 0.34234442
vt 0.18020833 0.34234442
vt 0.14895833 0.37946429
vt 0.18020833 0.37946429
vt 0.14895833 0.34066726
vt 0.18020833 0.34066726
vt 0.14895833 0.37946429
vt 0.18020833 0.37946429
vt 0.14895833 0.33899017
vt 0.18020833 0.33899017
vt 0.14895833 0.37946429
vt 0.18020833 0.37946429
vt 0.14895833 0.33731301
vt 0.18020833 0.33731301
vt 0.14895833 0.37946429
vt 0.18020833 0.37946429
vt 0.14895833 0.33563592
vt 0.18020833 0.33563592
vt 0.18020833 0.31696429
vt 0.14895833 0.31696429
vt 0.14895833 0.36079265
vt 0.18020833 0.36079265
vt 0.14895833 0.31696429
vt 0.18020833 0.31696429
vt 0.14895833 0.35911556
vt 0.18020833 0.35911556
vt 0.14895833 0.31696429
vt 0.18020833 0.31696429
vt 0.14895833 0.35743840
vt 0.18020833 0.35743840
vt 0.14895833 0.31696429
vt 0.18020833 0.31696429
vt 0.14895833 0.35576131
vt 0.18020833 0.35576131
vt 0.14895833 0.31696429
vt 0.18020833 0.31696429
vt 0.14895833 0.35408415
vt 0.18020833 0.35408415
vt 0.14895833 0.31696429
vt 0.18020833 0.31696429
vt 0.14895833 0.35240703
vt 0.18020833 0.35240703
vt 0.14895833 0.31696429
vt 0.18020833 0.31696429
vt 0.14895833 0.35072991
vt 0.18020833 0.35072991
vt 0.14895833 0.37946429
vt 0.18020833 0.37946429
vt 0.14895833 0.34905279
vt 0.18020833 0.32321431
vt 0.15208333 0.31696429
vt 0.18020833 0.37946429
vt 0.14957133 0.31696429
vt 0.17506152 0.36667802
vt 0.14895833 0.37946429
vt 0.14895833 0.36428799
vt 0.14895833 0.37946429
vt 0.14895833 0.36428799
vt 0.14895833 0.37946429
vt 0.15410515 0.36667802
vt 0.17959533 0.31696429
vt 0.14895833 0.37946429
vt 0.17708333 0.31696429
vt 0.14895833 0.32321431
vt 0.17959533 0.32946433
vt 0.14895833 0.35775198
vt 0.15715502 0.37946429
vt 0.14895833 0.34319033
vt 0.17058783 0.37946429
vt 0.14895833 0.34821429
vt 0.14895833 0.31696429
vt 0.14895833 0.31696429
vt 0.15857883 0.37946429
vt 0.14895833 0.34319033
vt 0.17201164 0.37946429
vt 0.14957133 0.32946433
vt 0.18020833 0.35775198
vt 0.14895833 0.37636306
vt 0.14968052 0.36956801
vt 0.17948614 0.36956801
vt 0.18020833 0.37636306
vt 0.18020833 0.32171877
vt 0.16152964 0.31696429
vt 0.16636089 0.37946429
vt 0.14895833 0.31696429
vt 0.15399090 0.37946429
vt 0.14895833 0.37946429
vt 0.14895833 0.36449529
vt 0.17710177 0.35291316
vt 0.18020833 0.34617986
vt 0.18020833 0.34298803
vt 0.18020833 0.34307029
vt 0.17959938 0.34655132
vt 0.17489303 0.31696429
vt 0.15888757 0.36493214
vt 0.18020833 0.31696429
vt 0.18020833 0.33408006
vt 0.18020833 0.37946429
vt 0.18020833 0.36100306
vt 0.18012346 0.33964940
vt 0.18020833 0.37946429
vt 0.16364984 0.37376727
vt 0.17489303 0.37946429
vt 0.14895833 0.37946429
vt 0.18020833 0.31696429
vt 0.16218007 0.34639253
vt 0.15618397 0.31696429
vt 0.15847994 0.31849505
vt 0.16169906 0.32356192
vt 0.16361535 0.33078464
vt 0.16381956 0.33892603
vt 0.16152964 0.37946429
vt 0.15982766 0.31696429
vt 0.14895833 0.37946429
vt 0.14895833 0.37946429
vt 0.17730878 0.37946429
vt 0.15862132 0.36013831
vt 0.14895833 0.37368216
vt 0.14895833 0.32276340
vt 0.14895833 0.37946429
vt 0.14895833 0.34754153
vt 0.18020833 0.35772564
vt 0.18020833 0.31696429
vt 0.14895833 0.32140078
vt 0.14895833 0.37946429
vt 0.17708334 0.37259317
vt 0.14895833 0.35899966
vt 0.14895833 0.33742891
vt 0.17708334 0.35102229
vt 0.17708334 0.32383540
vt 0.14895833 0.37946429
vt 0.17708334 0.37946429
vt 0.14895833 0.37946429
vt 0.17708334 0.37946429
vt 0.14895833 0.37946429
vt 0.17708334 0.36727491
vt 0.14895833 0.35368141
vt 0.17708334 0.34008803
vt 0.14895833 0.32649454
vt 0.17708334 0.31696429
vt 0.14895833 0.31696429
vt 0.17708334 0.31696429
vt 0.14895833 0.31696429
vt 0.17708334 0.31696429
vt 0.14895833 0.36993404
vt 0.17708334 0.35634054
vt 0.14895833 0.34274716
vt 0.17708334 0.32915366
vt 0.14895833 0.31696429
vt 0.17708334 0.31696429
vt 0.14895833 0.31696429
vt 0.17708334 0.37946429
vt 0.17708334 0.37946429
vt 0.14895833 0.37946429
vt 0.17708334 0.33742891
vt 0.14895833 0.33742891
vt 0.17708334 0.35899966
vt 0.14895833 0.35899966
vt 0.17708334 0.37946429
vt 0.14895833 0.37946429
vt 0.17708334 0.31696429
vt 0.14895833 0.31696429
vt 0.17708334 0.31696429
vt 0.14895833 0.31696429
vt 0.17708334 0.34274716
vt 0.14895833 0.34274716
vt 0.17708334 0.36993404
vt 0.14895833 0.36993404
vt 0.17708334 0.31696429
vt 0.14895833 0.31696429
vt 0.17708334 0.31696429
vt 0.14895833 0.31696429
vt 0.17708334 0.32649454
vt 0.14895833 0.32649454
vt 0.17708334 0.35368141
vt 0.14895833 0.35368141
vt 0.17708334 0.37946429
vt 0.14895833 0.37946429
vt 0.17708334 0.37946429
vt 0.14895833 0.37946429
vt 0.14895833 0.37946429
vt 0.17708334 0.37259317
vt 0.14895833 0.35899966
vt 0.14895833 0.33742891
vt 0.17708334 0.35102229
vt 0.17708334 0.32383540
vt 0.14895833 0.37946429
vt 0.17708334 0.37946429
vt 0.14895833 0.37946429
vt 0.17708334 0.37946429
vt 0.14895833 0.37946429
vt 0.17708334 0.36727491
vt 0.14895833 0.35368141
vt 0.17708334 0.34008803
vt 0.14895833 0.32649454
vt 0.17708334 0.31696429
vt 0.14895833 0.31696429
vt 0.17708334 0.31696429
vt 0.14895833 0.31696429
vt 0.17708334 0.31696429
vt 0.14895833 0.36993404
vt 0.17708334 0.35634054
vt 0.14895833 0.34274716
vt 0.17708334 0.32915366
vt 0.14895833 0.31696429
vt 0.17708334 0.31696429
vt 0.14895833 0.31696429
vt 0.17708334 0.37946429
vt 0.14895833 0.37946429
vt 0.17708334 0.37259317
vt 0.14895833 0.35899966
vt 0.14895833 0.33742891
vt 0.17708334 0.35102229
vt 0.17708334 0.32383540
vt 0.14895833 0.37946429
vt 0.17708334 0.37946429
vt 0.14895833 0.37946429
vt 0.17708334 0.37946429
vt 0.14895833 0.37946429
vt 0.17708334 0.36727491
vt 0.14895833 0.35368141
vt 0.17708334 0.34008803
vt 0.14895833 0.32649454
vt 0.17708334 0.31696429
vt 0.14895833 0.31696429
vt 0.17708334 0.31696429
vt 0.14895833 0.31696429
vt 0.17708334 0.31696429
vt 0.14895833 0.36993404
vt 0.17708334 0.35634054
vt 0.14895833 0.34274716
vt 0.17708334 0.32915366
vt 0.14895833 0.31696429
vt 0.17708334 0.31696429
vt 0.14895833 0.31696429
vt 0.17708334 0.37946429
vt 0.15703795 0.31696429
vt 0.17533540 0.31696429
vt 0.14895833 0.31696429
vt 0.18020833 0.31696429
vt 0.14895833 0.31696429
vt 0.14895833 0.31696429
vt 0.14895833 0.37144441
vt 0.16142652 0.37224116
vt 0.16735246 0.36229653
vt 0.14895833 0.35180941
vt 0.16921365 0.35574704
vt 0.16951972 0.35205866
vt 0.16929015 0.34839729
vt 0.16759115 0.34191916
vt 0.14895833 0.33217441
vt 0.16501545 0.33664341
vt 0.15890414 0.32832378
vt 0.14895833 0.31696429
vt 0.14895833 0.31696429
vt 0.18020833 0.31696429
vt 0.14895833 0.31696429
vt 0.14895833 0.37946429
vt 0.18020833 0.37946429
vt 0.17099872 0.37946429
vt 0.14895833 0.37946429
vt 0.15221683 0.37946429
vt 0.14895833 0.37578566
vt 0.14895833 0.36425416
vt 0.18020833 0.36209491
vt 0.18020833 0.35237316
vt 0.14895833 0.34461916
vt 0.17896789 0.34593591
vt 0.17902514 0.34251966
vt 0.17953746 0.33929216
vt 0.18020833 0.33371516
vt 0.14895833 0.32498416
vt 0.18020833 0.32910641
vt 0.18020833 0.32172929
vt 0.14895833 0.31696429
vt 0.14895833 0.31696429
vt 0.18020833 0.31696429
vt 0.17533540 0.31696429
vt 0.14895833 0.31696429
vt 0.15810070 0.31696429
vt 0.14895833 0.31696429
vt 0.14895833 0.31696429
vt 0.14895833 0.37144441
vt 0.18020833 0.37626441
vt 0.18020833 0.36943741
vt 0.18020833 0.36051654
vt 0.14895833 0.35180941
vt 0.17909008 0.35453728
vt 0.17894033 0.35114129
vt 0.17929271 0.34769641
vt 0.18020833 0.34154591
vt 0.14895833 0.33217441
vt 0.18020833 0.33648253
vt 0.14895833 0.32162154
vt 0.14895833 0.31696429
vt 0.15209558 0.31696429
vt 0.14895833 0.31696429
vt 0.17238253 0.31696429
vt 0.14895833 0.37946429
vt 0.17238253 0.37946429
vt 0.18020833 0.37946429
vt 0.14895833 0.37946429
vt 0.14895833 0.37804316
vt 0.14895833 0.36425416
vt 0.16213846 0.36411204
vt 0.16724052 0.35537554
vt 0.14895833 0.34461916
vt 0.16901615 0.34966741
vt 0.16945983 0.34637441
vt 0.16946022 0.34286941
vt 0.16811108 0.33617228
vt 0.14895833 0.32498416
vt 0.16565190 0.33057816
vt 0.15943321 0.32174428
vt 0.14895833 0.31696429
vt 0.14895833 0.31696429
vt 0.16138790 0.36734094
vt 0.16084927 0.37157144
vt 0.16024858 0.36741866
vt 0.15898496 0.37748493
vt 0.15471771 0.36799844
vt 0.15833333 0.37946429
vt 0.15471771 0.32843013
vt 0.15833333 0.31696429
vt 0.15898496 0.31894364
vt 0.16252790 0.36734630
vt 0.16366702 0.36743476
vt 0.16024858 0.32900991
vt 0.16084927 0.32485713
vt 0.16138790 0.32908763
vt 0.16252790 0.32908227
vt 0.16366702 0.32899381
vt 0.15024033 0.37082179
vt 0.15024033 0.32560678
vt 0.14895833 0.37763252
vt 0.14895833 0.31879606
vt 0.14895833 0.37946429
vt 0.14895833 0.31696429
vt 0.18020833 0.37876298
vt 0.14895833 0.31696429
vt 0.14895833 0.31696429
vt 0.15535320 0.36431422
vt 0.15629590 0.36567058
vt 0.17630781 0.31696429
vt 0.17770446 0.31696429
vt 0.17664398 0.31696429
vt 0.17688573 0.31696429
vt 0.17703212 0.37946429
vt 0.17771972 0.31696429
vt 0.17794765 0.31696429
vt 0.15436090 0.31696429
vt 0.16184533 0.31696429
vt 0.16528762 0.31696429
vt 0.16787446 0.34073417
vt 0.17039026 0.34815715
vt 0.17495836 0.36252077
vt 0.17649043 0.36919491
vt 0.18020833 0.37344705
vt 0.18020833 0.37946429
vt 0.18020833 0.37344705
vt 0.18020833 0.37946429
vt 0.14895833 0.36919491
vt 0.14895833 0.36252077
vt 0.14895833 0.34815715
vt 0.14895833 0.34073417
vt 0.14895833 0.31696429
vt 0.14895833 0.31696429
vt 0.15642465 0.31696429
vt 0.15821279 0.31696429
vt 0.16601337 0.31696429
vt 0.16658653 0.31696429
vt 0.17373002 0.37946429
vt 0.15257276 0.31696429
vt 0.14895833 0.31696429
vt 0.14895833 0.31696429
vt 0.14895833 0.37946429
vt 0.18020833 0.31696429
vt 0.18020833 0.31696429
vt 0.18020833 0.31696429
vt 0.14895833 0.31696429
vt 0.14895833 0.31696429
vt 0.14895833 0.37946429
vt 0.14895833 0.31696429
vt 0.15448917 0.36567058
vt 0.15543140 0.36431422
vt 0.17396463 0.31696429
vt 0.17444194 0.31696429
vt 0.18020833 0.37876298
vt 0.54895833 0.31696429
vt 0.56458333 0.31696429
vt 0.54895833 0.32911410
vt 0.56458333 0.37946429
vt 0.54895833 0.35530199
vt 0.56458333 0.35688891
vt 0.54895833 0.37946429
vt 0.56458333 0.32137598
vt 0.54895833 0.37946429
vt 0.56458333 0.31696429
vt 0.54895833 0.35522761
vt 0.54895833 0.31696429
vt 0.56458333 0.37533869
vt 0.54895833 0.37533869
vt 0.54895833 0.37946429
vt 0.56458333 0.37946429
vt 0.54895833 0.37451185
vt 0.56458333 0.37451185
vt 0.54895833 0.36067428
vt 0.56458333 0.36067428
vt 0.54895833 0.34683670
vt 0.56458333 0.34683670
vt 0.54895833 0.33299937
vt 0.56458333 0.33299937
vt 0.54895833 0.31916179
vt 0.56458333 0.31916179
vt 0.54895833 0.31696429
vt 0.56458333 0.31696429
vt 0.54895833 0.31696429
vt 0.56458333 0.31696429
vt 0.54895833 0.35064180
vt 0.54895833 0.32445593
vt 0.56458333 0.35064180
vt 0.56458333 0.37946429
vt 0.54895833 0.31696429
vt 0.56458333 0.31696429
vt 0.54895833 0.37946429
vt 0.56458333 0.33219053
vt 0.54895833 0.37089803
vt 0.56458333 0.36770798
vt 0.54895833 0.31696429
vt 0.54895833 0.35078182
vt 0.54895833 0.37946429
vt 0.56458333 0.37946429
vt 0.54895833 0.31696429
vt 0.55765268 0.31696429
vt 0.54895833 0.34821429
vt 0.55765268 0.34821429
vt 0.58020833 0.37946429
vt 0.58020833 0.37946429
vt 0.56059316 0.37946429
vt 0.55146221 0.31696429
vt 0.55651763 0.37946429
vt 0.55325225 0.37946429
vt 0.55144695 0.31696429
vt 0.58020833 0.37946429
vt 0.54895833 0.31696429
vt 0.56049016 0.37946429
vt 0.55443195 0.33889677
vt 0.58020833 0.33889677
vt 0.57854894 0.31696429
vt 0.56899885 0.31696429
vt 0.54895833 0.37946429
vt 0.55066732 0.37946429
vt 0.54895833 0.37946429
vt 0.54895833 0.37946429
vt 0.55267623 0.36919491
vt 0.55877641 0.34815715
vt 0.54895833 0.35094168
vt 0.56387904 0.31696429
vt 0.57804969 0.31696429
vt 0.58020833 0.37946429
vt 0.54895833 0.37946429
vt 0.58020833 0.37946429
vt 0.54895833 0.31696429
vt 0.58020833 0.36919491
vt 0.58020833 0.34815715
vt 0.54895833 0.35094168
vt 0.58020833 0.31696429
vt 0.56949857 0.31696429
vt 0.55796579 0.37946429
vt 0.55018476 0.37946429
vt 0.54895833 0.37946429
vt 0.56458333 0.37946429
vt 0.54895833 0.31696429
vt 0.56458333 0.31696429
vt 0.54895833 0.31696429
vt 0.54895833 0.32623978
vt 0.56458333 0.34420555
vt 0.54895833 0.34420555
vt 0.56458333 0.37561666
vt 0.54895833 0.36804965
vt 0.56458333 0.34442029
vt 0.54895833 0.34442029
vt 0.54895833 0.32731379
vt 0.56458333 0.32257866
vt 0.54895833 0.34527966
vt 0.56458333 0.35377491
vt 0.54895833 0.36890891
vt 0.56458333 0.37946429
vt 0.54895833 0.37946429
vt 0.56458333 0.37946429
vt 0.54895833 0.37946429
vt 0.54895833 0.31696429
vt 0.56458333 0.31696429
vt 0.54895833 0.31696429
vt 0.54895833 0.31696429
vt 0.56458333 0.31696429
vt 0.54895833 0.31696429
vt 0.56458333 0.31696429
vt 0.54895833 0.31696429
vt 0.56458333 0.31696429
vt 0.54895833 0.31696429
vt 0.56458333 0.31696429
vt 0.54895833 0.31696429
vt 0.54895833 0.31696429
vt 0.56458333 0.31696429
vt 0.54895833 0.31696429
vt 0.54895833 0.36719791
vt 0.56458333 0.36439378
vt 0.54895833 0.36016591
vt 0.56458333 0.35595979
vt 0.54895833 0.35595254
vt 0.54895833 0.35173916
vt 0.56458333 0.34752579
vt 0.54895833 0.34752579
vt 0.56458333 0.37282779
vt 0.54895833 0.37422991
vt 0.56458333 0.31696429
vt 0.54895833 0.31696429
f 1/1 2/2 3/3
f 3/3 2/2 4/4
f 3/3 4/4 5/5
f 5/5 4/4 6/6
f 5/5 6/6 7/7
f 7/7 6/6 8/8
f 7/7 8/8 9/9
f 9/9 8/8 10/10
f 9/9 10/10 11/11
f 11/11 10/10 12/12
f 11/11 12/12 13/13
f 14/14 15/15 16/16
f 16/16 15/15 17/17
f 16/16 17/17 18/18
f 18/18 17/17 19/19
f 18/18 19/19 20/20
f 20/20 19/19 21/21
f 15/15 14/14 22/22
f 22/22 14/14 23/23
f 22/22 23/23 24/24
f 24/24 23/23 25/25
f 24/24 25/25 26/26
f 27/27 28/28 29/29
f 29/29 28/28 30/30
f 29/29 30/30 31/31
f 31/31 30/30 32/32
f 32/32 30/30 33/33
f 32/32 33/33 34/34
f 34/34 33/33 35/35
f 35/35 33/33 36/36
f 36/36 33/33 37/37
f 37/37 33/33 38/38
f 37/37 38/38 39/39
f 39/39 38/38 40/40
f 40/40 38/38 41/41
f 40/40 41/41 42/42
f 42/42 41/41 43/43
f 43/43 41/41 44/44
f 44/44 41/41 45/45
f 45/45 41/41 46/46
f 46/46 41/41 47/47
f 46/46 47/47 48/48
f 48/48 47/47 49/49
f 48/48 49/49 50/50
f 50/50 49/49 51/51
f 50/50 51/51 52/52
f 52/52 51/51 53/53
f 52/52 53/53 54/54
f 54/54 53/53 55/55
f 54/54 55/55 56/56
f 56/56 55/55 57/57
f 56/56 57/57 58/58
f 58/58 57/57 59/59
f 58/58 59/59 60/60
f 60/60 59/59 61/61
f 60/60 61/61 62/62
f 62/62 61/61 63/63
f 62/62 63/63 64/64
f 64/64 63/63 65/65
f 64/64 65/65 66/66
f 66/66 65/65 67/67
f 66/66 67/67 68/68
f 68/68 67/67 69/69
f 68/68 69/69 70/70
f 70/70 69/69 71/71
f 71/71 69/69 72/72
f 71/71 72/72 73/73
f 73/73 72/72 74/74
f 73/73 74/74 75/75
f 75/75 74/74 76/76
f 75/75 76/76 77/77
f 77/77 76/76 78/78
f 77/77 78/78 79/79
f 79/79 78/78 80/80
f 79/79 80/80 81/81
f 81/81 80/80 82/82
f 81/81 82/82 83/83
f 83/83 82/82 84/84
f 83/83 84/84 85/85
f 85/85 84/84 86/86
f 85/85 86/86 87/87
f 87/87 86/86 88/88
f 87/87 88/88 89/89
f 89/89 88/88 90/90
f 89/89 90/90 91/91
f 91/91 90/90 92/92
f 91/91 92/92 93/93
f 93/93 92/92 94/94
f 93/93 94/94 95/95
f 27/27 96/96 28/28
f 28/28 96/96 97/97
f 28/28 97/97 98/98
f 98/98 97/97 99/99
f 98/98 99/99 100/100
f 100/100 99/99 101/101
f 100/100 101/101 102/102
f 102/102 101/101 103/103
f 102/102 103/103 104/104
f 104/104 103/103 105/105
f 104/104 105/105 106/106
f 106/106 105/105 107/107
f 106/106 107/107 108/108
f 108/108 107/107 109/109
f 108/108 109/109 110/110
f 110/110 109/109 111/111
f 110/110 111/111 112/112
f 112/112 111/111 113/113
f 112/112 113/113 114/114
f 114/114 113/113 115/115
f 114/114 115/115 116/116
f 116/116 115/115 117/117
f 116/116 117/117 118/118
f 118/118 117/117 119/119
f 118/118 119/119 120/120
f 120/120 119/119 121/121
f 120/120 121/121 122/122
f 122/122 121/121 123/123
f 122/122 123/123 124/124
f 124/124 123/123 125/125
f 124/124 125/125 126/126
f 126/126 125/125 127/127
f 126/126 127/127 128/128
f 96/96 129/129 97/97
f 97/97 129/129 130/130
f 97/97 130/130 131/131
f 131/131 130/130 132/132
f 131/131 132/132 133/133
f 133/133 132/132 134/134
f 133/133 134/134 135/135
f 135/135 136/136 133/133
f 133/133 136/136 137/137
f 133/133 137/137 138/138
f 138/138 137/137 139/139
f 138/138 139/139 140/140
f 140/140 139/139 141/141
f 140/140 141/141 142/142
f 142/142 141/141 143/143
f 142/142 143/143 144/144
f 144/144 143/143 145/145
f 144/144 145/145 146/146
f 146/146 145/145 147/147
f 146/146 147/147 148/148
f 148/148 147/147 149/149
f 148/148 149/149 150/150
f 150/150 149/149 151/151
f 150/150 151/151 152/152
f 152/152 151/151 153/153
f 152/152 153/153 154/154
f 154/154 153/153 155/155
f 154/154 155/155 156/156
f 156/156 155/155 157/157
f 156/156 157/157 158/158
f 158/158 157/157 159/159
f 158/158 159/159 160/160
f 160/160 159/159 161/161
f 160/160 161/161 162/162
f 162/162 161/161 163/163
f 162/162 163/163 164/164
f 164/164 163/163 165/165
f 164/164 165/165 166/166
f 166/166 165/165 167/167
f 166/166 167/167 168/168
f 168/168 167/167 169/169
f 169/169 167/167 170/170
f 170/170 167/167 171/171
f 170/170 171/171 172/172
f 172/172 171/171 173/173
f 173/173 171/171 174/174
f 174/174 171/171 175/175
f 175/175 171/171 176/176
f 175/175 176/176 177/177
f 177/177 176/176 178/178
f 177/177 178/178 179/179
f 179/179 178/178 180/180
f 179/179 180/180 181/181
f 181/181 180/180 182/182
f 181/181 182/182 183/183
f 183/183 182/182 184/184
f 183/183 184/184 185/185
f 185/185 184/184 186/186
f 185/185 186/186 187/187
f 187/187 186/186 188/188
f 187/187 188/188 189/189
f 189/189 188/188 190/190
f 189/189 190/190 191/191
f 191/191 190/190 192/192
f 191/191 192/192 193/193
f 193/193 192/192 194/194
f 193/193 194/194 195/195
f 195/195 194/194 196/196
f 195/195 196/196 197/197
f 197/197 196/196 198/198
f 197/197 198/198 199/199
f 199/199 198/198 200/200
f 199/199 200/200 201/201
f 201/201 200/200 202/202
f 201/201 202/202 203/203
f 203/203 202/202 204/204
f 203/203 204/204 205/205
f 205/205 204/204 206/206
f 205/205 206/206 207/207
f 207/207 206/206 208/208
f 207/207 208/208 209/209
f 209/209 208/208 210/210
f 209/209 210/210 211/211
f 211/211 210/210 212/212
f 211/211 212/212 213/213
f 137/137 136/136 214/214
f 214/214 136/136 215/215
f 214/214 215/215 216/216
f 214/214 216/216 217/217
f 217/217 216/216 218/218
f 217/217 218/218 219/219
f 219/219 220/220 217/217
f 217/217 220/220 221/221
f 217/217 221/221 222/222
f 223/223 224/224 222/222
f 222/222 224/224 225/225
f 222/222 225/225 217/217
f 217/217 225/225 226/226
f 217/217 226/226 227/227
f 227/227 226/226 228/228
f 227/227 228/228 229/229
f 229/229 228/228 230/230
f 229/229 230/230 231/231
f 231/231 230/230 232/232
f 231/231 232/232 233/233
f 233/233 232/232 234/234
f 233/233 234/234 235/235
f 235/235 234/234 236/236
f 235/235 236/236 237/237
f 237/237 236/236 238/238
f 237/237 238/238 239/239
f 239/239 238/238 240/240
f 239/239 240/240 241/241
f 241/241 240/240 242/242
f 241/241 242/242 243/243
f 243/243 242/242 244/244
f 243/243 244/244 245/245
f 245/245 244/244 246/246
f 245/245 246/246 247/247
f 247/247 246/246 248/248
f 247/247 248/248 249/249
f 249/249 248/248 250/250
f 249/249 250/250 251/251
f 223/223 252/252 224/224
f 224/224 252/252 253/253
f 224/224 253/253 254/254
f 254/254 255/255 224/224
f 224/224 255/255 256/256
f 224/224 256/256 257/257
f 257/257 256/256 258/258
f 257/257 258/258 259/259
f 259/259 258/258 260/260
f 259/259 260/260 261/261
f 261/261 260/260 262/262
f 261/261 262/262 263/263
f 263/263 262/262 264/264
f 263/263 264/264 265/265
f 265/265 264/264 266/266
f 266/266 264/264 267/267
f 266/266 267/267 268/268
f 268/268 267/267 269/269
f 268/268 269/269 270/270
f 270/270 269/269 271/271
f 270/270 271/271 272/272
f 272/272 271/271 273/273
f 272/272 273/273 274/274
f 274/274 273/273 275/275
f 274/274 275/275 62/62
f 62/62 275/275 60/60
f 255/255 276/276 256/256
f 256/256 276/276 277/277
f 256/256 277/277 278/278
f 278/278 277/277 279/279
f 278/278 279/279 280/280
f 278/278 280/280 281/281
f 281/281 280/280 282/282
f 281/281 282/282 283/283
f 281/281 283/283 284/284
f 284/284 283/283 285/285
f 284/284 285/285 286/286
f 284/284 286/286 287/287
f 287/287 286/286 288/288
f 287/287 288/288 289/289
f 289/289 288/288 290/290
f 289/289 290/290 291/291
f 291/291 290/290 292/292
f 291/291 292/292 50/50
f 50/50 292/292 48/48
f 290/290 293/293 292/292
f 292/292 293/293 294/294
f 292/292 294/294 48/48
f 48/48 294/294 295/295
f 48/48 295/295 296/296
f 296/296 297/297 48/48
f 48/48 297/297 46/46
f 298/298 299/299 300/300
f 300/300 299/299 301/301
f 300/300 301/301 302/302
f 302/302 301/301 303/303
f 303/303 301/301 304/304
f 303/303 304/304 305/305
f 305/305 304/304 306/306
f 306/306 304/304 307/307
f 307/307 304/304 308/308
f 307/307 308/308 309/309
f 309/309 308/308 310/310
f 310/310 308/308 311/311
f 310/310 311/311 312/312
f 312/312 311/311 313/313
f 313/313 311/311 314/314
f 314/314 311/311 315/315
f 315/315 311/311 316/316
f 316/316 311/311 317/317
f 316/316 317/317 318/318
f 318/318 317/317 128/128
f 128/128 317/317 126/126
f 298/298 319/319 299/299
f 299/299 319/319 320/320
f 299/299 320/320 321/321
f 321/321 322/322 299/299
f 299/299 322/322 323/323
f 299/299 323/323 324/324
f 324/324 323/323 325/325
f 324/324 325/325 326/326
f 326/326 325/325 327/327
f 326/326 327/327 328/328
f 328/328 327/327 329/329
f 328/328 329/329 330/330
f 330/330 329/329 331/331
f 330/330 331/331 332/332
f 332/332 331/331 333/333
f 332/332 333/333 334/334
f 334/334 333/333 335/335
f 334/334 335/335 336/336
f 336/336 335/335 337/337
f 336/336 337/337 338/338
f 338/338 337/337 339/339
f 338/338 339/339 340/340
f 340/340 339/339 341/341
f 340/340 341/341 342/342
f 342/342 341/341 189/189
f 342/342 189/189 191/191
f 322/322 343/343 323/323
f 323/323 343/343 344/344
f 323/323 344/344 345/345
f 345/345 344/344 346/346
f 345/345 346/346 347/347
f 345/345 347/347 348/348
f 348/348 347/347 349/349
f 348/348 349/349 350/350
f 350/350 349/349 351/351
f 350/350 351/351 352/352
f 352/352 353/353 350/350
f 350/350 353/353 354/354
f 350/350 354/354 355/355
f 355/355 354/354 356/356
f 355/355 356/356 357/357
f 357/357 356/356 358/358
f 357/357 358/358 359/359
f 359/359 358/358 360/360
f 359/359 360/360 337/337
f 337/337 360/360 339/339
f 354/354 353/353 361/361
f 361/361 353/353 362/362
f 361/361 362/362 363/363
f 363/363 364/364 361/361
f 361/361 364/364 179/179
f 361/361 179/179 365/365
f 365/365 179/179 181/181
f 365/365 181/181 366/366
f 366/366 181/181 183/183
f 366/366 183/183 367/367
f 367/367 183/183 185/185
f 367/367 185/185 368/368
f 368/368 185/185 187/187
f 368/368 187/187 341/341
f 341/341 187/187 189/189
f 364/364 369/369 179/179
f 179/179 369/369 177/177
f 369/369 370/370 177/177
f 177/177 370/370 371/371
f 177/177 371/371 372/372
f 372/372 175/175 177/177
f 168/168 373/373 166/166
f 166/166 373/373 374/374
f 166/166 374/374 375/375
f 375/375 376/376 166/166
f 166/166 376/376 164/164
f 164/164 376/376 377/377
f 377/377 376/376 378/378
f 377/377 378/378 379/379
f 377/377 379/379 125/125
f 125/125 379/379 127/127
f 380/380 381/381 382/382
f 382/382 381/381 383/383
f 382/382 383/383 384/384
f 384/384 383/383 385/385
f 385/385 383/383 386/386
f 385/385 386/386 387/387
f 387/387 386/386 388/388
f 387/387 388/388 389/389
f 389/389 388/388 390/390
f 390/390 388/388 391/391
f 390/390 391/391 392/392
f 392/392 391/391 393/393
f 392/392 393/393 394/394
f 394/394 393/393 77/77
f 394/394 77/77 79/79
f 386/386 395/395 388/388
f 388/388 395/395 391/391
f 395/395 396/396 391/391
f 391/391 396/396 397/397
f 391/391 397/397 393/393
f 393/393 397/397 75/75
f 393/393 75/75 77/77
f 397/397 396/396 73/73
f 73/73 396/396 71/71
f 70/70 398/398 68/68
f 68/68 398/398 399/399
f 68/68 399/399 66/66
f 66/66 399/399 400/400
f 66/66 400/400 64/64
f 64/64 400/400 274/274
f 64/64 274/274 62/62
f 399/399 398/398 401/401
f 401/401 398/398 402/402
f 401/401 402/402 270/270
f 270/270 402/402 268/268
f 263/263 265/265 403/403
f 403/403 265/265 404/404
f 403/403 404/404 405/405
f 405/405 404/404 406/406
f 405/405 406/406 407/407
f 407/407 406/406 408/408
f 407/407 408/408 409/409
f 409/409 408/408 410/410
f 409/409 410/410 411/411
f 411/411 410/410 412/412
f 411/411 412/412 228/228
f 228/228 412/412 230/230
f 406/406 413/413 408/408
f 408/408 413/413 414/414
f 408/408 414/414 410/410
f 410/410 414/414 415/415
f 410/410 415/415 412/412
f 412/412 415/415 416/416
f 412/412 416/416 230/230
f 230/230 416/416 232/232
f 414/414 413/413 417/417
f 417/417 413/413 418/418
f 417/417 418/418 419/419
f 419/419 418/418 420/420
f 419/419 420/420 421/421
f 421/421 420/420 422/422
f 421/421 422/422 423/423
f 423/423 422/422 424/424
f 423/423 424/424 425/425
f 425/425 424/424 426/426
f 425/425 426/426 238/238
f 238/238 426/426 240/240
f 420/420 427/427 422/422
f 422/422 427/427 428/428
f 422/422 428/428 424/424
f 424/424 428/428 429/429
f 424/424 429/429 426/426
f 426/426 429/429 430/430
f 426/426 430/430 240/240
f 240/240 430/430 242/242
f 427/427 431/431 428/428
f 428/428 431/431 432/432
f 428/428 432/432 429/429
f 429/429 432/432 433/433
f 429/429 433/433 430/430
f 430/430 433/433 434/434
f 430/430 434/434 242/242
f 242/242 434/434 244/244
f 432/432 431/431 435/435
f 435/435 431/431 436/436
f 435/435 436/436 437/437
f 437/437 436/436 250/250
f 437/437 250/250 248/248
f 249/249 251/251 438/438
f 438/438 251/251 439/439
f 438/438 439/439 440/440
f 440/440 439/439 441/441
f 440/440 441/441 442/442
f 442/442 441/441 443/443
f 442/442 443/443 444/444
f 444/444 443/443 445/445
f 444/444 445/445 446/446
f 446/446 445/445 447/447
f 446/446 447/447 165/165
f 165/165 447/447 167/167
f 439/439 448/448 441/441
f 441/441 448/448 449/449
f 441/441 449/449 443/443
f 443/443 449/449 450/450
f 443/443 450/450 445/445
f 445/445 450/450 451/451
f 445/445 451/451 447/447
f 447/447 451/451 452/452
f 447/447 452/452 167/167
f 167/167 452/452 171/171
f 448/448 453/453 449/449
f 449/449 453/453 454/454
f 449/449 454/454 450/450
f 450/450 454/454 455/455
f 450/450 455/455 451/451
f 451/451 455/455 456/456
f 451/451 456/456 452/452
f 452/452 456/456 176/176
f 452/452 176/176 171/171
f 454/454 453/453 457/457
f 457/457 453/453 458/458
f 457/457 458/458 459/459
f 459/459 458/458 460/460
f 459/459 460/460 461/461
f 461/461 460/460 462/462
f 461/461 462/462 463/463
f 463/463 462/462 464/464
f 463/463 464/464 465/465
f 465/465 464/464 466/466
f 465/465 466/466 182/182
f 182/182 466/466 184/184
f 460/460 467/467 462/462
f 462/462 467/467 468/468
f 462/462 468/468 464/464
f 464/464 468/468 469/469
f 464/464 469/469 466/466
f 466/466 469/469 470/470
f 466/466 470/470 184/184
f 184/184 470/470 186/186
f 468/468 467/467 471/471
f 471/471 467/467 472/472
f 471/471 472/472 473/473
f 473/473 472/472 474/474
f 473/473 474/474 475/475
f 475/475 474/474 476/476
f 475/475 476/476 477/477
f 477/477 476/476 478/478
f 477/477 478/478 479/479
f 479/479 478/478 480/480
f 479/479 480/480 192/192
f 192/192 480/480 194/194
f 474/474 481/481 476/476
f 476/476 481/481 482/482
f 476/476 482/482 478/478
f 478/478 482/482 483/483
f 478/478 483/483 480/480
f 480/480 483/483 484/484
f 480/480 484/484 194/194
f 194/194 484/484 196/196
f 481/481 485/485 482/482
f 482/482 485/485 486/486
f 482/482 486/486 483/483
f 483/483 486/486 487/487
f 483/483 487/487 484/484
f 484/484 487/487 198/198
f 484/484 198/198 196/196
f 486/486 485/485 488/488
f 488/488 485/485 489/489
f 488/488 489/489 200/200
f 200/200 489/489 202/202
f 206/206 490/490 208/208
f 208/208 490/490 491/491
f 208/208 491/491 210/210
f 210/210 491/491 492/492
f 210/210 492/492 212/212
f 493/493 494/494 495/495
f 495/495 494/494 496/496
f 491/491 497/497 492/492
f 498/498 496/496 499/499
f 498/498 499/499 500/500
f 500/500 499/499 501/501
f 500/500 501/501 502/502
f 502/502 501/501 503/503
f 502/502 503/503 504/504
f 504/504 503/503 505/505
f 505/505 503/503 506/506
f 505/505 506/506 507/507
f 507/507 506/506 508/508
f 508/508 506/506 509/509
f 508/508 509/509 510/510
f 510/510 509/509 511/511
f 510/510 511/511 512/512
f 512/512 511/511 513/513
f 513/513 511/511 514/514
f 513/513 514/514 515/515
f 515/515 514/514 516/516
f 516/516 514/514 517/517
f 516/516 517/517 518/518
f 518/518 517/517 519/519
f 518/518 519/519 520/520
f 520/520 519/519 521/521
f 521/521 519/519 522/522
f 521/521 522/522 523/523
f 523/523 522/522 524/524
f 523/523 524/524 525/525
f 525/525 524/524 526/526
f 526/526 524/524 527/527
f 526/526 527/527 528/528
f 528/528 527/527 529/529
f 529/529 527/527 530/530
f 529/529 530/530 531/531
f 531/531 530/530 381/381
f 531/531 381/381 380/380
f 496/496 494/494 499/499
f 499/499 494/494 532/532
f 499/499 532/532 501/501
f 501/501 532/532 503/503
f 533/533 534/534 213/213
f 213/213 534/534 535/535
f 213/213 535/535 211/211
f 211/211 535/535 536/536
f 211/211 536/536 209/209
f 209/209 536/536 537/537
f 209/209 537/537 207/207
f 207/207 537/537 205/205
f 533/533 538/538 534/534
f 534/534 538/538 539/539
f 534/534 539/539 540/540
f 540/540 539/539 541/541
f 540/540 541/541 542/542
f 542/542 541/541 543/543
f 542/542 543/543 544/544
f 544/544 543/543 545/545
f 544/544 545/545 546/546
f 546/546 545/545 547/547
f 546/546 547/547 548/548
f 548/548 547/547 549/549
f 548/548 549/549 550/550
f 550/550 549/549 551/551
f 550/550 551/551 552/552
f 552/552 551/551 553/553
f 552/552 553/553 340/340
f 340/340 553/553 338/338
f 538/538 554/554 539/539
f 539/539 554/554 555/555
f 539/539 555/555 541/541
f 541/541 555/555 556/556
f 541/541 556/556 543/543
f 543/543 556/556 557/557
f 543/543 557/557 545/545
f 545/545 557/557 558/558
f 545/545 558/558 547/547
f 547/547 558/558 559/559
f 547/547 559/559 549/549
f 549/549 559/559 560/560
f 549/549 560/560 551/551
f 551/551 560/560 561/561
f 551/551 561/561 553/553
f 553/553 561/561 562/562
f 553/553 562/562 338/338
f 338/338 562/562 336/336
f 555/555 554/554 563/563
f 563/563 554/554 564/564
f 563/563 564/564 565/565
f 565/565 564/564 566/566
f 565/565 566/566 567/567
f 567/567 566/566 568/568
f 567/567 568/568 569/569
f 569/569 568/568 570/570
f 569/569 570/570 571/571
f 571/571 570/570 572/572
f 571/571 572/572 573/573
f 573/573 572/572 574/574
f 573/573 574/574 575/575
f 575/575 574/574 576/576
f 575/575 576/576 577/577
f 577/577 576/576 578/578
f 577/577 578/578 579/579
f 579/579 578/578 580/580
f 580/580 578/578 581/581
f 580/580 581/581 582/582
f 582/582 581/581 583/583
f 583/583 581/581 584/584
f 584/584 581/581 585/585
f 585/585 581/581 586/586
f 586/586 581/581 587/587
f 586/586 587/587 588/588
f 588/588 587/587 589/589
f 589/589 587/587 590/590
f 590/590 587/587 591/591
f 591/591 587/587 592/592
f 591/591 592/592 593/593
f 593/593 592/592 594/594
f 594/594 592/592 595/595
f 595/595 592/592 596/596
f 595/595 596/596 597/597
f 597/597 596/596 598/598
f 598/598 596/596 562/562
f 598/598 562/562 599/599
f 599/599 562/562 561/561
f 599/599 561/561 600/600
f 600/600 561/561 560/560
f 600/600 560/560 601/601
f 601/601 560/560 559/559
f 601/601 559/559 602/602
f 602/602 559/559 558/558
f 602/602 558/558 603/603
f 603/603 558/558 557/557
f 603/603 557/557 604/604
f 604/604 557/557 556/556
f 604/604 556/556 563/563
f 563/563 556/556 555/555
f 566/566 605/605 568/568
f 568/568 605/605 570/570
f 605/605 606/606 570/570
f 570/570 606/606 572/572
f 606/606 607/607 572/572
f 572/572 607/607 574/574
f 607/607 608/608 574/574
f 574/574 608/608 576/576
f 576/576 608/608 578/578
f 578/578 608/608 581/581
f 592/592 587/587 609/609
f 609/609 587/587 610/610
f 609/609 610/610 332/332
f 332/332 610/610 330/330
f 311/311 308/308 611/611
f 611/611 308/308 612/612
f 611/611 612/612 613/613
f 613/613 612/612 614/614
f 613/613 614/614 615/615
f 615/615 614/614 616/616
f 615/615 616/616 617/617
f 617/617 616/616 618/618
f 617/617 618/618 116/116
f 116/116 618/618 114/114
f 614/614 619/619 616/616
f 616/616 619/619 620/620
f 616/616 620/620 618/618
f 618/618 620/620 621/621
f 618/618 621/621 114/114
f 114/114 621/621 112/112
f 619/619 622/622 620/620
f 620/620 622/622 623/623
f 620/620 623/623 621/621
f 621/621 623/623 624/624
f 621/621 624/624 112/112
f 112/112 624/624 110/110
f 622/622 625/625 623/623
f 623/623 625/625 626/626
f 623/623 626/626 624/624
f 624/624 626/626 627/627
f 624/624 627/627 110/110
f 110/110 627/627 108/108
f 625/625 628/628 626/626
f 626/626 628/628 627/627
f 627/627 628/628 108/108
f 108/108 628/628 629/629
f 108/108 629/629 106/106
f 106/106 629/629 630/630
f 106/106 630/630 104/104
f 104/104 630/630 631/631
f 104/104 631/631 102/102
f 102/102 631/631 632/632
f 102/102 632/632 100/100
f 100/100 632/632 98/98
f 632/632 633/633 98/98
f 98/98 633/633 28/28
f 633/633 30/30 28/28
f 49/49 47/47 634/634
f 634/634 47/47 635/635
f 634/634 635/635 636/636
f 636/636 635/635 637/637
f 636/636 637/637 638/638
f 638/638 637/637 639/639
f 638/638 639/639 640/640
f 640/640 639/639 641/641
f 640/640 641/641 642/642
f 642/642 641/641 643/643
f 642/642 643/643 644/644
f 644/644 643/643 645/645
f 644/644 645/645 646/646
f 646/646 645/645 647/647
f 646/646 647/647 648/648
f 648/648 647/647 649/649
f 648/648 649/649 650/650
f 650/650 649/649 651/651
f 650/650 651/651 652/652
f 652/652 651/651 78/78
f 652/652 78/78 76/76
f 637/637 653/653 639/639
f 639/639 653/653 654/654
f 639/639 654/654 641/641
f 641/641 654/654 655/655
f 641/641 655/655 643/643
f 643/643 655/655 656/656
f 643/643 656/656 645/645
f 645/645 656/656 657/657
f 645/645 657/657 647/647
f 647/647 657/657 658/658
f 647/647 658/658 649/649
f 649/649 658/658 659/659
f 649/649 659/659 651/651
f 651/651 659/659 80/80
f 651/651 80/80 78/78
f 653/653 660/660 654/654
f 654/654 660/660 661/661
f 654/654 661/661 655/655
f 655/655 661/661 662/662
f 655/655 662/662 663/663
f 660/660 664/664 661/661
f 661/661 664/664 665/665
f 661/661 665/665 662/662
f 666/666 667/667 664/664
f 664/664 667/667 668/668
f 664/664 668/668 669/669
f 670/670 671/671 666/666
f 666/666 671/671 672/672
f 666/666 672/672 673/673
f 673/673 672/672 674/674
f 674/674 672/672 675/675
f 675/675 672/672 676/676
f 676/676 672/672 677/677
f 676/676 677/677 678/678
f 678/678 677/677 679/679
f 679/679 677/677 680/680
f 680/680 677/677 681/681
f 680/680 681/681 682/682
f 682/682 681/681 683/683
f 683/683 681/681 656/656
f 683/683 656/656 684/684
f 684/684 656/656 685/685
f 685/685 656/656 686/686
f 686/686 656/656 687/687
f 687/687 656/656 688/688
f 688/688 656/656 655/655
f 688/688 655/655 689/689
f 689/689 655/655 663/663
f 690/690 691/691 670/670
f 670/670 691/691 692/692
f 670/670 692/692 671/671
f 671/671 692/692 693/693
f 671/671 693/693 677/677
f 677/677 693/693 694/694
f 677/677 694/694 681/681
f 681/681 694/694 695/695
f 681/681 695/695 657/657
f 657/657 695/695 658/658
f 691/691 690/690 92/92
f 92/92 690/690 94/94
f 696/696 697/697 95/95
f 95/95 697/697 698/698
f 95/95 698/698 93/93
f 93/93 698/698 699/699
f 93/93 699/699 91/91
f 91/91 699/699 700/700
f 91/91 700/700 89/89
f 89/89 700/700 701/701
f 89/89 701/701 87/87
f 87/87 701/701 702/702
f 87/87 702/702 85/85
f 85/85 702/702 703/703
f 85/85 703/703 83/83
f 83/83 703/703 704/704
f 83/83 704/704 81/81
f 81/81 704/704 705/705
f 81/81 705/705 79/79
f 79/79 705/705 394/394
f 696/696 706/706 697/697
f 697/697 706/706 707/707
f 697/697 707/707 698/698
f 698/698 707/707 699/699
f 707/707 706/706 708/708
f 708/708 706/706 709/709
f 708/708 709/709 710/710
f 710/710 709/709 711/711
f 710/710 711/711 701/701
f 701/701 711/711 702/702
f 709/709 712/712 711/711
f 711/711 712/712 713/713
f 711/711 713/713 702/702
f 702/702 713/713 703/703
f 712/712 714/714 713/713
f 713/713 714/714 715/715
f 713/713 715/715 703/703
f 703/703 715/715 704/704
f 714/714 716/716 715/715
f 715/715 716/716 717/717
f 715/715 717/717 704/704
f 704/704 717/717 705/705
f 717/717 716/716 718/718
f 718/718 716/716 719/719
f 718/718 719/719 392/392
f 392/392 719/719 390/390
f 389/389 385/385 387/387
f 579/579 720/720 577/577
f 577/577 720/720 721/721
f 577/577 721/721 722/722
f 723/723 599/599 722/722
f 722/722 599/599 724/724
f 722/722 724/724 577/577
f 577/577 724/724 575/575
f 723/723 725/725 599/599
f 599/599 725/725 726/726
f 599/599 726/726 727/727
f 727/727 728/728 599/599
f 599/599 728/728 729/729
f 599/599 729/729 730/730
f 730/730 598/598 599/599
f 673/673 731/731 666/666
f 666/666 731/731 732/732
f 666/666 732/732 667/667
f 669/669 733/733 664/664
f 664/664 733/733 734/734
f 664/664 734/734 735/735
f 735/735 665/665 664/664
f 671/671 677/677 672/672
f 419/419 736/736 417/417
f 417/417 736/736 415/415
f 417/417 415/415 414/414
f 415/415 736/736 416/416
f 416/416 736/736 737/737
f 416/416 737/737 232/232
f 232/232 737/737 234/234
f 736/736 419/419 738/738
f 738/738 419/419 421/421
f 738/738 421/421 423/423
f 229/229 739/739 227/227
f 227/227 739/739 214/214
f 227/227 214/214 217/217
f 139/139 137/137 739/739
f 739/739 137/137 214/214
f 739/739 229/229 740/740
f 740/740 229/229 231/231
f 740/740 231/231 741/741
f 741/741 231/231 233/233
f 741/741 233/233 742/742
f 742/742 233/233 235/235
f 742/742 235/235 743/743
f 743/743 235/235 237/237
f 743/743 237/237 744/744
f 744/744 237/237 239/239
f 744/744 239/239 745/745
f 745/745 239/239 241/241
f 745/745 241/241 746/746
f 746/746 241/241 243/243
f 746/746 243/243 747/747
f 747/747 243/243 245/245
f 747/747 245/245 748/748
f 748/748 245/245 749/749
f 748/748 749/749 750/750
f 750/750 749/749 751/751
f 750/750 751/751 752/752
f 752/752 751/751 753/753
f 752/752 753/753 754/754
f 754/754 753/753 444/444
f 754/754 444/444 446/446
f 99/99 97/97 131/131
f 131/131 133/133 755/755
f 755/755 133/133 138/138
f 755/755 138/138 756/756
f 756/756 138/138 140/140
f 756/756 140/140 757/757
f 757/757 140/140 142/142
f 757/757 142/142 758/758
f 758/758 142/142 144/144
f 758/758 144/144 759/759
f 759/759 144/144 146/146
f 759/759 146/146 760/760
f 760/760 146/146 148/148
f 760/760 148/148 761/761
f 761/761 148/148 150/150
f 761/761 150/150 762/762
f 762/762 150/150 152/152
f 762/762 152/152 763/763
f 763/763 152/152 154/154
f 763/763 154/154 764/764
f 764/764 154/154 156/156
f 764/764 156/156 765/765
f 765/765 156/156 158/158
f 765/765 158/158 766/766
f 766/766 158/158 160/160
f 766/766 160/160 767/767
f 767/767 160/160 162/162
f 767/767 162/162 377/377
f 377/377 162/162 164/164
f 411/411 228/228 226/226
f 411/411 226/226 768/768
f 768/768 226/226 225/225
f 768/768 225/225 769/769
f 769/769 225/225 257/257
f 769/769 257/257 259/259
f 257/257 225/225 224/224
f 411/411 768/768 409/409
f 409/409 768/768 770/770
f 409/409 770/770 407/407
f 407/407 770/770 405/405
f 770/770 768/768 769/769
f 256/256 278/278 771/771
f 771/771 278/278 281/281
f 771/771 281/281 772/772
f 772/772 281/281 773/773
f 772/772 773/773 774/774
f 774/774 773/773 775/775
f 774/774 775/775 776/776
f 776/776 775/775 777/777
f 776/776 777/777 778/778
f 778/778 777/777 58/58
f 778/778 58/58 60/60
f 770/770 769/769 779/779
f 779/779 769/769 259/259
f 779/779 259/259 261/261
f 289/289 291/291 287/287
f 287/287 291/291 780/780
f 287/287 780/780 781/781
f 781/781 780/780 782/782
f 781/781 782/782 775/775
f 775/775 782/782 777/777
f 780/780 291/291 52/52
f 52/52 291/291 50/50
f 773/773 281/281 284/284
f 773/773 284/284 781/781
f 781/781 284/284 287/287
f 256/256 771/771 258/258
f 258/258 771/771 783/783
f 258/258 783/783 260/260
f 260/260 783/783 784/784
f 260/260 784/784 262/262
f 262/262 784/784 785/785
f 262/262 785/785 264/264
f 264/264 785/785 267/267
f 783/783 771/771 772/772
f 403/403 405/405 779/779
f 779/779 405/405 770/770
f 403/403 779/779 261/261
f 468/468 471/471 469/469
f 469/469 471/471 786/786
f 469/469 786/786 470/470
f 470/470 786/786 787/787
f 470/470 787/787 186/186
f 186/186 787/787 188/188
f 465/465 182/182 180/180
f 356/356 354/354 365/365
f 365/365 354/354 361/361
f 356/356 365/365 366/366
f 348/348 350/350 788/788
f 788/788 350/350 355/355
f 788/788 355/355 789/789
f 789/789 355/355 357/357
f 789/789 357/357 790/790
f 790/790 357/357 359/359
f 790/790 359/359 335/335
f 335/335 359/359 337/337
f 325/325 323/323 345/345
f 345/345 348/348 791/791
f 791/791 348/348 788/788
f 791/791 788/788 792/792
f 792/792 788/788 789/789
f 792/792 789/789 793/793
f 793/793 789/789 790/790
f 793/793 790/790 333/333
f 333/333 790/790 335/335
f 465/465 180/180 794/794
f 794/794 180/180 178/178
f 794/794 178/178 795/795
f 795/795 178/178 176/176
f 795/795 176/176 456/456
f 465/465 794/794 463/463
f 463/463 794/794 796/796
f 463/463 796/796 461/461
f 461/461 796/796 459/459
f 796/796 794/794 795/795
f 796/796 795/795 797/797
f 797/797 795/795 456/456
f 797/797 456/456 455/455
f 457/457 459/459 797/797
f 797/797 459/459 796/796
f 457/457 797/797 455/455
f 317/317 311/311 798/798
f 798/798 311/311 611/611
f 798/798 611/611 799/799
f 799/799 611/611 613/613
f 799/799 613/613 800/800
f 800/800 613/613 615/615
f 800/800 615/615 617/617
f 126/126 317/317 124/124
f 124/124 317/317 798/798
f 124/124 798/798 122/122
f 122/122 798/798 799/799
f 122/122 799/799 120/120
f 120/120 799/799 800/800
f 120/120 800/800 118/118
f 118/118 800/800 617/617
f 118/118 617/617 116/116
f 767/767 377/377 125/125
f 767/767 125/125 123/123
f 446/446 165/165 163/163
f 454/454 457/457 455/455
f 705/705 717/717 718/718
f 705/705 718/718 394/394
f 394/394 718/718 392/392
f 699/699 707/707 708/708
f 701/701 700/700 710/710
f 710/710 700/700 708/708
f 700/700 699/699 708/708
f 73/73 75/75 397/397
f 74/74 72/72 801/801
f 801/801 72/72 69/69
f 801/801 69/69 67/67
f 76/76 74/74 802/802
f 802/802 74/74 801/801
f 802/802 801/801 803/803
f 803/803 801/801 67/67
f 803/803 67/67 65/65
f 80/80 659/659 82/82
f 82/82 659/659 804/804
f 82/82 804/804 84/84
f 84/84 804/804 805/805
f 84/84 805/805 86/86
f 86/86 805/805 806/806
f 86/86 806/806 88/88
f 88/88 806/806 807/807
f 88/88 807/807 90/90
f 90/90 807/807 691/691
f 90/90 691/691 92/92
f 803/803 808/808 802/802
f 802/802 808/808 652/652
f 802/802 652/652 76/76
f 652/652 808/808 650/650
f 650/650 808/808 809/809
f 650/650 809/809 648/648
f 648/648 809/809 810/810
f 648/648 810/810 646/646
f 646/646 810/810 811/811
f 646/646 811/811 644/644
f 644/644 811/811 812/812
f 644/644 812/812 642/642
f 642/642 812/812 813/813
f 642/642 813/813 640/640
f 640/640 813/813 814/814
f 640/640 814/814 638/638
f 638/638 814/814 636/636
f 808/808 803/803 815/815
f 815/815 803/803 65/65
f 815/815 65/65 63/63
f 804/804 659/659 658/658
f 805/805 804/804 695/695
f 695/695 804/804 658/658
f 806/806 805/805 694/694
f 694/694 805/805 695/695
f 807/807 806/806 693/693
f 693/693 806/806 694/694
f 691/691 807/807 692/692
f 692/692 807/807 693/693
f 399/399 401/401 400/400
f 400/400 401/401 272/272
f 400/400 272/272 274/274
f 270/270 272/272 401/401
f 63/63 816/816 815/815
f 815/815 816/816 809/809
f 815/815 809/809 808/808
f 809/809 816/816 810/810
f 810/810 816/816 817/817
f 810/810 817/817 811/811
f 811/811 817/817 818/818
f 811/811 818/818 812/812
f 812/812 818/818 819/819
f 812/812 819/819 813/813
f 813/813 819/819 820/820
f 813/813 820/820 814/814
f 814/814 820/820 821/821
f 814/814 821/821 636/636
f 636/636 821/821 634/634
f 817/817 816/816 61/61
f 61/61 816/816 63/63
f 681/681 657/657 656/656
f 818/818 817/817 59/59
f 59/59 817/817 61/61
f 271/271 269/269 822/822
f 822/822 269/269 267/267
f 822/822 267/267 785/785
f 273/273 271/271 823/823
f 823/823 271/271 822/822
f 823/823 822/822 824/824
f 824/824 822/822 785/785
f 824/824 785/785 784/784
f 275/275 273/273 825/825
f 825/825 273/273 823/823
f 825/825 823/823 826/826
f 826/826 823/823 824/824
f 826/826 824/824 827/827
f 827/827 824/824 784/784
f 827/827 784/784 783/783
f 60/60 275/275 778/778
f 778/778 275/275 825/825
f 778/778 825/825 776/776
f 776/776 825/825 826/826
f 776/776 826/826 774/774
f 774/774 826/826 827/827
f 774/774 827/827 772/772
f 772/772 827/827 783/783
f 818/818 59/59 57/57
f 56/56 58/58 777/777
f 818/818 57/57 819/819
f 819/819 57/57 55/55
f 819/819 55/55 820/820
f 820/820 55/55 53/53
f 820/820 53/53 821/821
f 821/821 53/53 51/51
f 821/821 51/51 634/634
f 634/634 51/51 49/49
f 54/54 56/56 782/782
f 782/782 56/56 777/777
f 403/403 261/261 263/263
f 773/773 781/781 775/775
f 54/54 782/782 780/780
f 780/780 52/52 54/54
f 736/736 738/738 737/737
f 737/737 738/738 828/828
f 737/737 828/828 234/234
f 234/234 828/828 236/236
f 828/828 738/738 423/423
f 141/141 139/139 740/740
f 740/740 139/139 739/739
f 141/141 740/740 741/741
f 101/101 99/99 755/755
f 755/755 99/99 131/131
f 101/101 755/755 756/756
f 828/828 423/423 425/425
f 238/238 236/236 425/425
f 425/425 236/236 828/828
f 141/141 741/741 143/143
f 143/143 741/741 742/742
f 143/143 742/742 145/145
f 145/145 742/742 743/743
f 145/145 743/743 147/147
f 147/147 743/743 744/744
f 147/147 744/744 149/149
f 149/149 744/744 745/745
f 149/149 745/745 151/151
f 151/151 745/745 746/746
f 151/151 746/746 153/153
f 153/153 746/746 747/747
f 153/153 747/747 155/155
f 155/155 747/747 748/748
f 155/155 748/748 157/157
f 157/157 748/748 750/750
f 157/157 750/750 159/159
f 159/159 750/750 752/752
f 159/159 752/752 161/161
f 161/161 752/752 754/754
f 161/161 754/754 163/163
f 163/163 754/754 446/446
f 101/101 756/756 103/103
f 103/103 756/756 757/757
f 103/103 757/757 105/105
f 105/105 757/757 758/758
f 105/105 758/758 107/107
f 107/107 758/758 759/759
f 107/107 759/759 109/109
f 109/109 759/759 760/760
f 109/109 760/760 111/111
f 111/111 760/760 761/761
f 111/111 761/761 113/113
f 113/113 761/761 762/762
f 113/113 762/762 115/115
f 115/115 762/762 763/763
f 115/115 763/763 117/117
f 117/117 763/763 764/764
f 117/117 764/764 119/119
f 119/119 764/764 765/765
f 119/119 765/765 121/121
f 121/121 765/765 766/766
f 121/121 766/766 123/123
f 123/123 766/766 767/767
f 437/437 829/829 435/435
f 435/435 829/829 433/433
f 435/435 433/433 432/432
f 433/433 829/829 434/434
f 434/434 829/829 246/246
f 434/434 246/246 244/244
f 246/246 829/829 248/248
f 248/248 829/829 437/437
f 749/749 245/245 247/247
f 247/247 249/249 830/830
f 830/830 249/249 438/438
f 830/830 438/438 831/831
f 831/831 438/438 440/440
f 831/831 440/440 442/442
f 751/751 749/749 830/830
f 830/830 749/749 247/247
f 751/751 830/830 831/831
f 751/751 831/831 753/753
f 753/753 831/831 442/442
f 753/753 442/442 444/444
f 471/471 473/473 786/786
f 786/786 473/473 832/832
f 786/786 832/832 787/787
f 787/787 832/832 833/833
f 787/787 833/833 188/188
f 188/188 833/833 190/190
f 358/358 356/356 366/366
f 358/358 366/366 367/367
f 327/327 325/325 791/791
f 791/791 325/325 345/345
f 327/327 791/791 792/792
f 473/473 475/475 832/832
f 832/832 475/475 477/477
f 832/832 477/477 833/833
f 833/833 477/477 479/479
f 833/833 479/479 190/190
f 190/190 479/479 192/192
f 360/360 358/358 367/367
f 360/360 367/367 368/368
f 329/329 327/327 792/792
f 329/329 792/792 793/793
f 360/360 368/368 339/339
f 339/339 368/368 341/341
f 329/329 793/793 331/331
f 331/331 793/793 333/333
f 552/552 340/340 342/342
f 342/342 191/191 834/834
f 834/834 191/191 193/193
f 834/834 193/193 835/835
f 835/835 193/193 195/195
f 835/835 195/195 836/836
f 836/836 195/195 197/197
f 836/836 197/197 837/837
f 837/837 197/197 838/838
f 837/837 838/838 839/839
f 839/839 838/838 840/840
f 839/839 840/840 841/841
f 841/841 840/840 842/842
f 841/841 842/842 843/843
f 843/843 842/842 536/536
f 843/843 536/536 535/535
f 609/609 332/332 334/334
f 562/562 596/596 336/336
f 336/336 596/596 334/334
f 488/488 200/200 487/487
f 487/487 200/200 198/198
f 835/835 550/550 834/834
f 834/834 550/550 552/552
f 834/834 552/552 342/342
f 550/550 835/835 548/548
f 548/548 835/835 836/836
f 548/548 836/836 546/546
f 546/546 836/836 837/837
f 546/546 837/837 544/544
f 544/544 837/837 839/839
f 544/544 839/839 542/542
f 542/542 839/839 841/841
f 542/542 841/841 540/540
f 540/540 841/841 843/843
f 540/540 843/843 534/534
f 534/534 843/843 535/535
f 724/724 599/599 600/600
f 596/596 592/592 609/609
f 334/334 596/596 609/609
f 486/486 488/488 487/487
f 838/838 197/197 199/199
f 199/199 201/201 844/844
f 844/844 201/201 203/203
f 844/844 203/203 845/845
f 845/845 203/203 205/205
f 845/845 205/205 537/537
f 724/724 600/600 846/846
f 846/846 600/600 601/601
f 846/846 601/601 847/847
f 847/847 601/601 602/602
f 847/847 602/602 848/848
f 848/848 602/602 603/603
f 848/848 603/603 849/849
f 849/849 603/603 604/604
f 849/849 604/604 565/565
f 565/565 604/604 563/563
f 845/845 840/840 844/844
f 844/844 840/840 838/838
f 844/844 838/838 199/199
f 840/840 845/845 842/842
f 842/842 845/845 537/537
f 842/842 537/537 536/536
f 847/847 573/573 846/846
f 846/846 573/573 575/575
f 846/846 575/575 724/724
f 573/573 847/847 571/571
f 571/571 847/847 848/848
f 571/571 848/848 569/569
f 569/569 848/848 849/849
f 569/569 849/849 567/567
f 567/567 849/849 565/565
f 850/850 851/851 852/852
f 852/852 851/851 853/853
f 852/852 853/853 854/854
f 854/854 853/853 855/855
f 854/854 855/855 856/856
f 856/856 855/855 857/857
f 856/856 857/857 858/858
f 858/858 857/857 859/859
f 858/858 859/859 860/860
f 860/860 859/859 861/861
f 860/860 861/861 862/862
f 862/862 861/861 863/863
f 862/862 863/863 864/864
f 864/864 863/863 865/865
f 864/864 865/865 866/866
f 866/866 865/865 867/867
f 867/867 865/865 868/868
f 867/867 868/868 869/869
f 869/869 868/868 870/870
f 869/869 870/870 871/871
f 871/871 870/870 872/872
f 872/872 870/870 873/873
f 873/873 870/870 874/874
f 873/873 874/874 875/875
f 875/875 874/874 876/876
f 875/875 876/876 877/877
f 877/877 876/876 850/850
f 850/850 876/876 851/851
f 862/862 878/878 860/860
f 860/860 878/878 879/879
f 880/880 881/881 854/854
f 854/854 881/881 852/852
f 882/882 883/883 884/884
f 884/884 883/883 885/885
f 884/884 885/885 886/886
f 886/886 885/885 887/887
f 886/886 887/887 888/888
f 888/888 887/887 889/889
f 888/888 889/889 890/890
f 890/890 889/889 891/891
f 890/890 891/891 892/892
f 890/890 892/892 893/893
f 893/893 892/892 894/894
f 893/893 894/894 895/895
f 895/895 894/894 896/896
f 895/895 896/896 897/897
f 895/895 897/897 898/898
f 898/898 897/897 899/899
f 898/898 899/899 900/900
f 900/900 899/899 901/901
f 900/900 901/901 902/902
f 902/902 901/901 903/903
f 902/902 903/903 904/904
f 902/902 904/904 905/905
f 905/905 904/904 906/906
f 905/905 906/906 907/907
f 907/907 906/906 908/908
f 907/907 908/908 909/909
f 907/907 909/909 910/910
f 910/910 909/909 911/911
f 910/910 911/911 912/912
f 912/912 911/911 882/882
f 912/912 882/882 884/884
f 913/913 914/914 915/915
f 915/915 914/914 916/916
f 915/915 916/916 917/917
f 917/917 916/916 918/918
f 917/917 918/918 919/919
f 914/914 913/913 920/920
f 920/920 913/913 921/921
f 920/920 921/921 922/922
f 920/920 922/922 923/923
f 923/923 922/922 924/924
f 923/923 924/924 925/925
f 923/923 925/925 926/926
f 926/926 925/925 927/927
f 926/926 927/927 928/928
f 926/926 928/928 929/929
f 929/929 928/928 930/930
f 929/929 930/930 931/931
f 929/929 931/931 932/932
f 932/932 931/931 933/933
f 932/932 933/933 934/934
f 932/932 934/934 935/935
f 935/935 934/934 936/936
f 935/935 936/936 937/937
f 937/937 936/936 938/938
f 937/937 938/938 939/939
f 939/939 938/938 940/940
f 940/940 938/938 941/941
f 941/941 938/938 942/942
f 937/937 939/939 943/943
f 943/943 939/939 944/944
f 943/943 944/944 945/945
f 945/945 944/944 946/946
f 946/946 944/944 947/947
f 946/946 947/947 948/948
f 948/948 947/947 916/916
f 916/916 947/947 918/918
f 919/919 949/949 917/917
f 917/917 949/949 950/950
f 951/951 952/952 953/953
f 953/953 952/952 954/954
f 953/953 954/954 955/955
f 955/955 954/954 956/956
f 955/955 956/956 957/957
f 957/957 956/956 958/958
f 957/957 958/958 959/959
f 959/959 958/958 960/960
f 959/959 960/960 961/961
f 959/959 961/961 962/962
f 962/962 961/961 963/963
f 962/962 963/963 964/964
f 964/964 963/963 965/965
f 964/964 965/965 966/966
f 964/964 966/966 967/967
f 967/967 966/966 968/968
f 967/967 968/968 969/969
f 969/969 968/968 970/970
f 969/969 970/970 971/971
f 971/971 970/970 972/972
f 971/971 972/972 973/973
f 971/971 973/973 974/974
f 974/974 973/973 975/975
f 974/974 975/975 976/976
f 976/976 975/975 977/977
f 976/976 977/977 978/978
f 976/976 978/978 979/979
f 979/979 978/978 980/980
f 979/979 980/980 981/981
f 981/981 980/980 951/951
f 981/981 951/951 953/953
f 982/982 983/983 984/984
f 984/984 983/983 985/985
f 984/984 985/985 986/986
f 986/986 985/985 987/987
f 987/987 985/985 988/988
f 987/987 988/988 989/989
f 989/989 988/988 990/990
f 989/989 990/990 991/991
f 991/991 990/990 992/992
f 991/991 992/992 993/993
f 983/983 982/982 994/994
f 994/994 982/982 995/995
f 994/994 995/995 996/996
f 994/994 996/996 997/997
f 997/997 996/996 998/998
f 997/997 998/998 999/999
f 997/997 999/999 1000/1000
f 1000/1000 999/999 1001/1001
f 1000/1000 1001/1001 1002/1002
f 1000/1000 1002/1002 1003/1003
f 1003/1003 1002/1002 1004/1004
f 1003/1003 1004/1004 1005/1005
f 1003/1003 1005/1005 1006/1006
f 1006/1006 1005/1005 1007/1007
f 1006/1006 1007/1007 1008/1008
f 1006/1006 1008/1008 1009/1009
f 1009/1009 1008/1008 1010/1010
f 1009/1009 1010/1010 1011/1011
f 1011/1011 1010/1010 1012/1012
f 1011/1011 1012/1012 993/993
f 993/993 1012/1012 991/991
f 1010/1010 1013/1013 1012/1012
f 1012/1012 1013/1013 1014/1014
f 1014/1014 1013/1013 1015/1015
f 1015/1015 1013/1013 1016/1016
f 1016/1016 1013/1013 1017/1017
f 1017/1017 1013/1013 1018/1018
f 986/986 1019/1019 984/984
f 984/984 1019/1019 1020/1020
f 1020/1020 1019/1019 1021/1021
f 1020/1020 1021/1021 1022/1022
f 1022/1022 1023/1023 1020/1020
f 1020/1020 1023/1023 1024/1024
f 1025/1025 1026/1026 1027/1027
f 1027/1027 1026/1026 1028/1028
f 1027/1027 1028/1028 1029/1029
f 1029/1029 1028/1028 1030/1030
f 1029/1029 1030/1030 1031/1031
f 1031/1031 1030/1030 1032/1032
f 1031/1031 1032/1032 1033/1033
f 1033/1033 1032/1032 1034/1034
f 1033/1033 1034/1034 1035/1035
f 1033/1033 1035/1035 1036/1036
f 1036/1036 1035/1035 1037/1037
f 1036/1036 1037/1037 1038/1038
f 1038/1038 1037/1037 1039/1039
f 1038/1038 1039/1039 1040/1040
f 1038/1038 1040/1040 1041/1041
f 1041/1041 1040/1040 1042/1042
f 1041/1041 1042/1042 1043/1043
f 1043/1043 1042/1042 1044/1044
f 1043/1043 1044/1044 1045/1045
f 1045/1045 1044/1044 1046/1046
f 1045/1045 1046/1046 1047/1047
f 1045/1045 1047/1047 1048/1048
f 1048/1048 1047/1047 1049/1049
f 1048/1048 1049/1049 1050/1050
f 1050/1050 1049/1049 1051/1051
f 1050/1050 1051/1051 1052/1052
f 1050/1050 1052/1052 1053/1053
f 1053/1053 1052/1052 1054/1054
f 1053/1053 1054/1054 1055/1055
f 1055/1055 1054/1054 1025/1025
f 1055/1055 1025/1025 1027/1027
f 1056/1056 1057/1057 1058/1058
f 1058/1058 1057/1057 1059/1059
f 1058/1058 1059/1059 1060/1060
f 1060/1060 1059/1059 1061/1061
f 1060/1060 1061/1061 1062/1062
f 1057/1057 1056/1056 1063/1063
f 1063/1063 1056/1056 1064/1064
f 1063/1063 1064/1064 1065/1065
f 1063/1063 1065/1065 1066/1066
f 1066/1066 1065/1065 1067/1067
f 1066/1066 1067/1067 1068/1068
f 1066/1066 1068/1068 1069/1069
f 1069/1069 1068/1068 1070/1070
f 1069/1069 1070/1070 1071/1071
f 1069/1069 1071/1071 1072/1072
f 1072/1072 1071/1071 1073/1073
f 1072/1072 1073/1073 1074/1074
f 1072/1072 1074/1074 1075/1075
f 1075/1075 1074/1074 1076/1076
f 1075/1075 1076/1076 1077/1077
f 1075/1075 1077/1077 1078/1078
f 1078/1078 1077/1077 1079/1079
f 1078/1078 1079/1079 1080/1080
f 1080/1080 1079/1079 1081/1081
f 1080/1080 1081/1081 1082/1082
f 1082/1082 1081/1081 1083/1083
f 1083/1083 1081/1081 1084/1084
f 1084/1084 1081/1081 1085/1085
f 1082/1082 1086/1086 1080/1080
f 1080/1080 1086/1086 1087/1087
f 1087/1087 1086/1086 1088/1088
f 1088/1088 1086/1086 1089/1089
f 1088/1088 1089/1089 1090/1090
f 1090/1090 1089/1089 1091/1091
f 1091/1091 1089/1089 1061/1061
f 1091/1091 1061/1061 1059/1059
f 1062/1062 1092/1092 1060/1060
f 1060/1060 1092/1092 1093/1093
f 1094/1094 1095/1095 1096/1096
f 1096/1096 1095/1095 1097/1097
f 1096/1096 1097/1097 1098/1098
f 1098/1098 1097/1097 1099/1099
f 1099/1099 1097/1097 1100/1100
f 1099/1099 1100/1100 1101/1101
f 1101/1101 1100/1100 1102/1102
f 1102/1102 1100/1100 1103/1103
f 1102/1102 1103/1103 1104/1104
f 1104/1104 1103/1103 1105/1105
f 1104/1104 1105/1105 1106/1106
f 1106/1106 1105/1105 1107/1107
f 1106/1106 1107/1107 1108/1108
f 1108/1108 1107/1107 1109/1109
f 1095/1095 1110/1110 1097/1097
f 1097/1097 1110/1110 1111/1111
f 1111/1111 1110/1110 1112/1112
f 1111/1111 1112/1112 1113/1113
f 1113/1113 1112/1112 1114/1114
f 1114/1114 1112/1112 1115/1115
f 1114/1114 1115/1115 1116/1116
f 1116/1116 1115/1115 1117/1117
f 1118/1118 1119/1119 1120/1120
f 1120/1120 1119/1119 1121/1121
f 1120/1120 1121/1121 1122/1122
f 1122/1122 1121/1121 1123/1123
f 1122/1122 1123/1123 1124/1124
f 1124/1124 1123/1123 1125/1125
f 1124/1124 1125/1125 1126/1126
f 1126/1126 1127/1127 1124/1124
f 1124/1124 1127/1127 1128/1128
f 1124/1124 1128/1128 1129/1129
f 1129/1129 1128/1128 1130/1130
f 1129/1129 1130/1130 1131/1131
f 1129/1129 1131/1131 1132/1132
f 1132/1132 1131/1131 1133/1133
f 1132/1132 1133/1133 1134/1134
f 1134/1134 1133/1133 1135/1135
f 1134/1134 1135/1135 1136/1136
f 1136/1136 1135/1135 1137/1137
f 1136/1136 1137/1137 1138/1138
f 1138/1138 1137/1137 1139/1139
f 1138/1138 1139/1139 1140/1140
f 1140/1140 1139/1139 1141/1141
f 1140/1140 1141/1141 1142/1142
f 1142/1142 1141/1141 1143/1143
f 1142/1142 1143/1143 1144/1144
f 1142/1142 1144/1144 1145/1145
f 1145/1145 1144/1144 1146/1146
f 1145/1145 1146/1146 1147/1147
f 1147/1147 1146/1146 1148/1148
f 1147/1147 1148/1148 1149/1149
f 1149/1149 1148/1148 1150/1150
f 1149/1149 1150/1150 1151/1151
f 1151/1151 1150/1150 1152/1152
f 1151/1151 1152/1152 1153/1153
f 1153/1153 1152/1152 1154/1154
f 1153/1153 1154/1154 1155/1155
f 1155/1155 1154/1154 1156/1156
f 1155/1155 1156/1156 1157/1157
f 1157/1157 1158/1158 1155/1155
f 1155/1155 1158/1158 1159/1159
f 1155/1155 1159/1159 1160/1160
f 1160/1160 1159/1159 1161/1161
f 1160/1160 1161/1161 1162/1162
f 1162/1162 1161/1161 1163/1163
f 1162/1162 1163/1163 1164/1164
f 1164/1164 1163/1163 1165/1165
f 1164/1164 1165/1165 1166/1166
f 1159/1159 1167/1167 1161/1161
f 1166/1166 1168/1168 1164/1164
f 1164/1164 1168/1168 1169/1169
f 1164/1164 1169/1169 1170/1170
f 1170/1170 1171/1171 1164/1164
f 1164/1164 1171/1171 1172/1172
f 1172/1172 1171/1171 1173/1173
f 1172/1172 1173/1173 1174/1174
f 1174/1174 1173/1173 1175/1175
f 1174/1174 1175/1175 1176/1176
f 1176/1176 1175/1175 1177/1177
f 1176/1176 1177/1177 1178/1178
f 1178/1178 1177/1177 1179/1179
f 1178/1178 1179/1179 1180/1180
f 1180/1180 1179/1179 1181/1181
f 1180/1180 1181/1181 1182/1182
f 1182/1182 1181/1181 1183/1183
f 1182/1182 1183/1183 1184/1184
f 1184/1184 1185/1185 1182/1182
f 1182/1182 1185/1185 1186/1186
f 1182/1182 1186/1186 1187/1187
f 1187/1187 1188/1188 1182/1182
f 1182/1182 1188/1188 1189/1189
f 1182/1182 1189/1189 1190/1190
f 1190/1190 1189/1189 1191/1191
f 1190/1190 1191/1191 1192/1192
f 1192/1192 1193/1193 1190/1190
f 1190/1190 1193/1193 1194/1194
f 1190/1190 1194/1194 1195/1195
f 1195/1195 1196/1196 1190/1190
f 1190/1190 1196/1196 1197/1197
f 1197/1197 1196/1196 1198/1198
f 1197/1197 1198/1198 1199/1199
f 1199/1199 1198/1198 1200/1200
f 1199/1199 1200/1200 1201/1201
f 1201/1201 1200/1200 1202/1202
f 1201/1201 1202/1202 1203/1203
f 1203/1203 1202/1202 1204/1204
f 1203/1203 1204/1204 1205/1205
f 1205/1205 1204/1204 1206/1206
f 1205/1205 1206/1206 1207/1207
f 1205/1205 1207/1207 1208/1208
f 1208/1208 1207/1207 1209/1209
f 1208/1208 1209/1209 1210/1210
f 1210/1210 1211/1211 1208/1208
f 1208/1208 1211/1211 1212/1212
f 1208/1208 1212/1212 1213/1213
f 1213/1213 1214/1214 1208/1208
f 1208/1208 1214/1214 1215/1215
f 1215/1215 1214/1214 1216/1216
f 1217/1217 1218/1218 1120/1120
f 1120/1120 1218/1218 1219/1219
f 1120/1120 1219/1219 1220/1220
f 1221/1221 1222/1222 1217/1217
f 1217/1217 1222/1222 1223/1223
f 1217/1217 1223/1223 1218/1218
f 1222/1222 1221/1221 1224/1224
f 1224/1224 1221/1221 1225/1225
f 1224/1224 1225/1225 1226/1226
f 1226/1226 1225/1225 1227/1227
f 1226/1226 1227/1227 1228/1228
f 1228/1228 1227/1227 1229/1229
f 1228/1228 1229/1229 1230/1230
f 1230/1230 1229/1229 1231/1231
f 1230/1230 1231/1231 1232/1232
f 1232/1232 1231/1231 1233/1233
f 1233/1233 1231/1231 1234/1234
f 1234/1234 1231/1231 1235/1235
f 1235/1235 1231/1231 1236/1236
f 1236/1236 1231/1231 1237/1237
f 1237/1237 1231/1231 1238/1238
f 1238/1238 1231/1231 1239/1239
f 1238/1238 1239/1239 1240/1240
f 1240/1240 1239/1239 1241/1241
f 1241/1241 1239/1239 1242/1242
f 1242/1242 1239/1239 1243/1243
f 1243/1243 1239/1239 1244/1244
f 1244/1244 1239/1239 1245/1245
f 1245/1245 1239/1239 1246/1246
f 1245/1245 1246/1246 1247/1247
f 1247/1247 1246/1246 1248/1248
f 1247/1247 1248/1248 1249/1249
f 1249/1249 1248/1248 1250/1250
f 1249/1249 1250/1250 1251/1251
f 1251/1251 1250/1250 1252/1252
f 1251/1251 1252/1252 1253/1253
f 1253/1253 1252/1252 1254/1254
f 1253/1253 1254/1254 1255/1255
f 1255/1255 1254/1254 1256/1256
f 1256/1256 1254/1254 1257/1257
f 1256/1256 1257/1257 1258/1258
f 1258/1258 1257/1257 1259/1259
f 1259/1259 1257/1257 1260/1260
f 1260/1260 1257/1257 1261/1261
f 1261/1261 1257/1257 1262/1262
f 1262/1262 1257/1257 1263/1263
f 1262/1262 1263/1263 1264/1264
f 1220/1220 1118/1118 1120/1120
f 1265/1265 1266/1266 1267/1267
f 1267/1267 1266/1266 1268/1268
f 1268/1268 1266/1266 1269/1269
f 1268/1268 1269/1269 1270/1270
f 1270/1270 1269/1269 1271/1271
f 1271/1271 1269/1269 1272/1272
f 1271/1271 1272/1272 1273/1273
f 1273/1273 1272/1272 1274/1274
f 1273/1273 1274/1274 1275/1275
f 1275/1275 1274/1274 1276/1276
f 1275/1275 1277/1277 1273/1273
f 1273/1273 1277/1277 1278/1278
f 1273/1273 1278/1278 1279/1279
f 1273/1273 1279/1279 1280/1280
f 1280/1280 1279/1279 1281/1281
f 1280/1280 1281/1281 1282/1282
f 1280/1280 1282/1282 1283/1283
f 1283/1283 1282/1282 1284/1284
f 1283/1283 1284/1284 1285/1285
f 1285/1285 1284/1284 1286/1286
f 1285/1285 1286/1286 1287/1287
f 1287/1287 1286/1286 1288/1288
f 1287/1287 1288/1288 1289/1289
f 1290/1290 1291/1291 1292/1292
f 1292/1292 1291/1291 1293/1293
f 1292/1292 1293/1293 1294/1294
f 1294/1294 1295/1295 1292/1292
f 1296/1296 1297/1297 1298/1298
f 1298/1298 1297/1297 1299/1299
f 1298/1298 1299/1299 1300/1300
f 1300/1300 1301/1301 1298/1298
f 1302/1302 1303/1303 1304/1304
f 1304/1304 1303/1303 1305/1305
f 1304/1304 1305/1305 1306/1306
f 1306/1306 1305/1305 1307/1307
f 1306/1306 1307/1307 1308/1308
f 1309/1309 1310/1310 1311/1311
f 1311/1311 1310/1310 1312/1312
f 1311/1311 1312/1312 1313/1313
f 1313/1313 1312/1312 1314/1314
f 1313/1313 1314/1314 1315/1315
f 1316/1316 1317/1317 1318/1318
f 1318/1318 1317/1317 1319/1319
f 1318/1318 1319/1319 1320/1320
f 1320/1320 1321/1321 1318/1318
f 1322/1322 1323/1323 1324/1324
f 1324/1324 1323/1323 1325/1325
f 1324/1324 1325/1325 1326/1326
f 1326/1326 1325/1325 1327/1327
f 1326/1326 1327/1327 1328/1328
f 1328/1328 1327/1327 1329/1329
f 1324/1324 1330/1330 1322/1322
f 1322/1322 1330/1330 1331/1331
f 1331/1331 1330/1330 1332/1332
f 1331/1331 1332/1332 1333/1333
f 1334/1334 1335/1335 1336/1336
f 1336/1336 1335/1335 1337/1337
f 1336/1336 1337/1337 1338/1338
f 1338/1338 1337/1337 1339/1339
f 1338/1338 1339/1339 1340/1340
f 1340/1340 1339/1339 1341/1341
f 1336/1336 1342/1342 1334/1334
f 1334/1334 1342/1342 1343/1343
f 1343/1343 1342/1342 1344/1344
f 1343/1343 1344/1344 1345/1345
f 1346/1346 1347/1347 1348/1348
f 1348/1348 1347/1347 1349/1349
f 1348/1348 1349/1349 1350/1350
f 1351/1351 1352/1352 1350/1350
f 1350/1350 1352/1352 1348/1348
f 1348/1348 1353/1353 1346/1346
f 1346/1346 1353/1353 1354/1354
f 1354/1354 1353/1353 1355/1355
f 1354/1354 1355/1355 1356/1356
f 1357/1357 1358/1358 1359/1359
f 1359/1359 1358/1358 1360/1360
f 1359/1359 1360/1360 1361/1361
f 1361/1361 1360/1360 1362/1362
f 1361/1361 1362/1362 1363/1363
f 1363/1363 1362/1362 1364/1364
f 1357/1357 1359/1359 1365/1365
f 1365/1365 1359/1359 1366/1366
f 1365/1365 1366/1366 1367/1367
f 1368/1368 1369/1369 1370/1370
f 1370/1370 1369/1369 1371/1371
f 1370/1370 1371/1371 1372/1372
f 1369/1369 1368/1368 1373/1373
f 1373/1373 1368/1368 1374/1374
f 1373/1373 1374/1374 1375/1375
f 1375/1375 1374/1374 1376/1376
f 1375/1375 1377/1377 1373/1373
f 1370/1370 1372/1372 1378/1378
f 1378/1378 1372/1372 1379/1379
f 1378/1378 1379/1379 1380/1380
f 1380/1380 1379/1379 1381/1381
f 1380/1380 1381/1381 1382/1382
f 1383/1383 1384/1384 1382/1382
f 1382/1382 1384/1384 1380/1380
f 1385/1385 1386/1386 1387/1387
f 1387/1387 1386/1386 1388/1388
f 1387/1387 1388/1388 1389/1389
f 1387/1387 1389/1389 1390/1390
f 1390/1390 1389/1389 1391/1391
f 1390/1390 1391/1391 1392/1392
f 1392/1392 1391/1391 1393/1393
f 1392/1392 1393/1393 1394/1394
f 1394/1394 1393/1393 1395/1395
f 1394/1394 1395/1395 1396/1396
f 1396/1396 1395/1395 1397/1397
f 1397/1397 1395/1395 1398/1398
f 1398/1398 1395/1395 1399/1399
f 1398/1398 1399/1399 1400/1400
f 1400/1400 1399/1399 1401/1401
f 1401/1401 1399/1399 1402/1402
f 1402/1402 1399/1399 1403/1403
f 1402/1402 1403/1403 1404/1404
f 1404/1404 1403/1403 1405/1405
f 1406/1406 1407/1407 1408/1408
f 1408/1408 1407/1407 1409/1409
f 1410/1410 1411/1411 1412/1412
f 1412/1412 1411/1411 1413/1413
f 1414/1414 1415/1415 1416/1416
f 1416/1416 1415/1415 1417/1417
f 1416/1416 1417/1417 1418/1418
f 1416/1416 1418/1418 1419/1419
f 1419/1419 1418/1418 1420/1420
f 1419/1419 1420/1420 1421/1421
f 1421/1421 1420/1420 1422/1422
f 1421/1421 1422/1422 1423/1423
f 1423/1423 1422/1422 1424/1424
f 1423/1423 1424/1424 1425/1425
f 1425/1425 1424/1424 1426/1426
f 1425/1425 1426/1426 1427/1427
f 1427/1427 1426/1426 1428/1428
f 1427/1427 1428/1428 1429/1429
f 1429/1429 1428/1428 1430/1430
f 1429/1429 1430/1430 1431/1431
f 1431/1431 1432/1432 1429/1429
f 1433/1433 1434/1434 1435/1435
f 1435/1435 1434/1434 1436/1436
f 1435/1435 1436/1436 1437/1437
f 1437/1437 1436/1436 1438/1438
f 1437/1437 1438/1438 1439/1439
f 1437/1437 1439/1439 1440/1440
f 1440/1440 1439/1439 1441/1441
f 1440/1440 1441/1441 1442/1442
f 1442/1442 1443/1443 1440/1440
f 1440/1440 1443/1443 1437/1437
f 1443/1443 1444/1444 1437/1437
f 1437/1437 1444/1444 1445/1445
f 1437/1437 1445/1445 1435/1435
f 1435/1435 1445/1445 1433/1433
f 1446/1446 1447/1447 1448/1448
f 1448/1448 1447/1447 1449/1449
f 1448/1448 1449/1449 1450/1450
f 1451/1451 1452/1452 1450/1450
f 1450/1450 1452/1452 1453/1453
f 1450/1450 1453/1453 1454/1454
f 1454/1454 1453/1453 1455/1455
f 1454/1454 1455/1455 1456/1456
f 1456/1456 1455/1455 1457/1457
f 1456/1456 1457/1457 1458/1458
f 1458/1458 1457/1457 1459/1459
f 1459/1459 1457/1457 1460/1460
f 1459/1459 1460/1460 1461/1461
f 1461/1461 1460/1460 1462/1462
f 1461/1461 1462/1462 1463/1463
f 1463/1463 1462/1462 1464/1464
f 1463/1463 1464/1464 1465/1465
f 1465/1465 1464/1464 1466/1466
f 1465/1465 1466/1466 1467/1467
f 1467/1467 1466/1466 1468/1468
f 1467/1467 1468/1468 1469/1469
f 1469/1469 1468/1468 1470/1470
f 1469/1469 1470/1470 1471/1471
f 1471/1471 1470/1470 1472/1472
f 1471/1471 1472/1472 1473/1473
f 1473/1473 1472/1472 1474/1474
f 1473/1473 1474/1474 1475/1475
f 1475/1475 1474/1474 1476/1476
f 1475/1475 1476/1476 1473/1473
f 1473/1473 1476/1476 1477/1477
f 1473/1473 1477/1477 1471/1471
f 1471/1471 1477/1477 1478/1478
f 1471/1471 1478/1478 1469/1469
f 1469/1469 1478/1478 1467/1467
f 1452/1452 1451/1451 1479/1479
f 1479/1479 1451/1451 1480/1480
f 1479/1479 1480/1480 1468/1468
f 1468/1468 1480/1480 1470/1470
f 1472/1472 1481/1481 1474/1474
f 1476/1476 1482/1482 1477/1477
f 1477/1477 1482/1482 1478/1478
f 1478/1478 1482/1482 1483/1483
f 1483/1483 1482/1482 1484/1484
f 1483/1483 1484/1484 1485/1485
f 1485/1485 1484/1484 1486/1486
f 1485/1485 1486/1486 1465/1465
f 1465/1465 1486/1486 1463/1463
f 1458/1458 1487/1487 1456/1456
f 1456/1456 1487/1487 1446/1446
f 1456/1456 1446/1446 1448/1448
f 1468/1468 1466/1466 1479/1479
f 1479/1479 1466/1466 1488/1488
f 1479/1479 1488/1488 1452/1452
f 1452/1452 1488/1488 1489/1489
f 1452/1452 1489/1489 1453/1453
f 1453/1453 1489/1489 1455/1455
f 1448/1448 1450/1450 1454/1454
f 1456/1456 1448/1448 1454/1454
f 1483/1483 1485/1485 1478/1478
f 1478/1478 1485/1485 1467/1467
f 1485/1485 1465/1465 1467/1467
f 1466/1466 1464/1464 1488/1488
f 1488/1488 1464/1464 1462/1462
f 1488/1488 1462/1462 1489/1489
f 1489/1489 1462/1462 1460/1460
f 1489/1489 1460/1460 1455/1455
f 1455/1455 1460/1460 1457/1457
f 1490/1490 1491/1491 1492/1492
f 1492/1492 1491/1491 1493/1493
f 1492/1492 1493/1493 1494/1494
f 1494/1494 1493/1493 1495/1495
f 1494/1494 1495/1495 1496/1496
f 1496/1496 1495/1495 1497/1497
f 1496/1496 1497/1497 1498/1498
f 1498/1498 1497/1497 1499/1499
f 1498/1498 1499/1499 1500/1500
f 1500/1500 1499/1499 1501/1501
f 1500/1500 1501/1501 1502/1502
f 1502/1502 1501/1501 1503/1503
f 1503/1503 1501/1501 1504/1504
f 1504/1504 1501/1501 1505/1505
f 1504/1504 1505/1505 1506/1506
f 1506/1506 1505/1505 1507/1507
f 1506/1506 1507/1507 1508/1508
f 1508/1508 1507/1507 1509/1509
f 1508/1508 1509/1509 1510/1510
f 1510/1510 1509/1509 1511/1511
f 1510/1510 1511/1511 1512/1512
f 1497/1497 1495/1495 1513/1513
f 1513/1513 1495/1495 1514/1514
f 1513/1513 1514/1514 1515/1515
f 1515/1515 1514/1514 1516/1516
f 1515/1515 1516/1516 1517/1517
f 1517/1517 1516/1516 1511/1511
f 1517/1517 1511/1511 1509/1509
f 1518/1518 1519/1519 1512/1512
f 1512/1512 1519/1519 1520/1520
f 1512/1512 1520/1520 1508/1508
f 1508/1508 1520/1520 1506/1506
f 1521/1521 1522/1522 1518/1518
f 1518/1518 1522/1522 1519/1519
f 1519/1519 1522/1522 1520/1520
f 1520/1520 1522/1522 1506/1506
f 1500/1500 1502/1502 1523/1523
f 1523/1523 1502/1502 1524/1524
f 1523/1523 1524/1524 1525/1525
f 1525/1525 1524/1524 1526/1526
f 1525/1525 1526/1526 1527/1527
f 1527/1527 1526/1526 1528/1528
f 1527/1527 1528/1528 1492/1492
f 1492/1492 1528/1528 1490/1490
f 1524/1524 1529/1529 1526/1526
f 1526/1526 1529/1529 1530/1530
f 1526/1526 1530/1530 1528/1528
f 1528/1528 1530/1530 1531/1531
f 1528/1528 1531/1531 1490/1490
f 1517/1517 1509/1509 1515/1515
f 1515/1515 1509/1509 1532/1532
f 1515/1515 1532/1532 1513/1513
f 1513/1513 1532/1532 1499/1499
f 1513/1513 1499/1499 1497/1497
f 1527/1527 1492/1492 1494/1494
f 1494/1494 1496/1496 1533/1533
f 1533/1533 1496/1496 1498/1498
f 1533/1533 1498/1498 1500/1500
f 1512/1512 1508/1508 1510/1510
f 1509/1509 1507/1507 1532/1532
f 1532/1532 1507/1507 1505/1505
f 1532/1532 1505/1505 1499/1499
f 1499/1499 1505/1505 1501/1501
f 1494/1494 1533/1533 1527/1527
f 1527/1527 1533/1533 1523/1523
f 1527/1527 1523/1523 1525/1525
f 1523/1523 1533/1533 1500/1500
f 1534/1534 1535/1535 1536/1536
f 1536/1536 1535/1535 1537/1537
f 1536/1536 1537/1537 1538/1538
f 1538/1538 1537/1537 1539/1539
f 1538/1538 1539/1539 1540/1540
f 1538/1538 1540/1540 1541/1541
f 1541/1541 1540/1540 1542/1542
f 1541/1541 1542/1542 1543/1543
f 1543/1543 1544/1544 1541/1541
f 1541/1541 1544/1544 1538/1538
f 1544/1544 1545/1545 1538/1538
f 1538/1538 1545/1545 1546/1546
f 1538/1538 1546/1546 1536/1536
f 1536/1536 1546/1546 1534/1534
f 1547/1547 1548/1548 1549/1549
f 1549/1549 1548/1548 1550/1550
f 1549/1549 1550/1550 1551/1551
f 1552/1552 1553/1553 1551/1551
f 1551/1551 1553/1553 1554/1554
f 1551/1551 1554/1554 1555/1555
f 1555/1555 1554/1554 1556/1556
f 1555/1555 1556/1556 1557/1557
f 1557/1557 1556/1556 1558/1558
f 1557/1557 1558/1558 1559/1559
f 1559/1559 1558/1558 1560/1560
f 1559/1559 1560/1560 1561/1561
f 1561/1561 1560/1560 1562/1562
f 1561/1561 1562/1562 1563/1563
f 1563/1563 1562/1562 1564/1564
f 1563/1563 1564/1564 1565/1565
f 1565/1565 1564/1564 1566/1566
f 1565/1565 1566/1566 1567/1567
f 1553/1553 1552/1552 1568/1568
f 1568/1568 1552/1552 1569/1569
f 1568/1568 1569/1569 1570/1570
f 1570/1570 1569/1569 1571/1571
f 1570/1570 1571/1571 1572/1572
f 1572/1572 1571/1571 1573/1573
f 1572/1572 1573/1573 1574/1574
f 1574/1574 1573/1573 1575/1575
f 1574/1574 1575/1575 1576/1576
f 1576/1576 1575/1575 1577/1577
f 1576/1576 1577/1577 1578/1578
f 1579/1579 1580/1580 1578/1578
f 1578/1578 1580/1580 1581/1581
f 1578/1578 1581/1581 1582/1582
f 1582/1582 1581/1581 1583/1583
f 1582/1582 1583/1583 1584/1584
f 1584/1584 1583/1583 1585/1585
f 1584/1584 1585/1585 1586/1586
f 1586/1586 1585/1585 1587/1587
f 1586/1586 1587/1587 1588/1588
f 1588/1588 1587/1587 1589/1589
f 1588/1588 1589/1589 1590/1590
f 1590/1590 1589/1589 1591/1591
f 1590/1590 1591/1591 1592/1592
f 1592/1592 1591/1591 1593/1593
f 1592/1592 1593/1593 1594/1594
f 1579/1579 1595/1595 1580/1580
f 1580/1580 1595/1595 1596/1596
f 1580/1580 1596/1596 1597/1597
f 1597/1597 1596/1596 1598/1598
f 1597/1597 1598/1598 1599/1599
f 1595/1595 1600/1600 1596/1596
f 1596/1596 1600/1600 1598/1598
f 1601/1601 1602/1602 1599/1599
f 1599/1599 1602/1602 1603/1603
f 1599/1599 1603/1603 1604/1604
f 1604/1604 1603/1603 1583/1583
f 1604/1604 1583/1583 1581/1581
f 1605/1605 1606/1606 1601/1601
f 1601/1601 1606/1606 1607/1607
f 1601/1601 1607/1607 1602/1602
f 1602/1602 1607/1607 1587/1587
f 1602/1602 1587/1587 1585/1585
f 1605/1605 1608/1608 1606/1606
f 1606/1606 1608/1608 1609/1609
f 1606/1606 1609/1609 1591/1591
f 1591/1591 1609/1609 1610/1610
f 1591/1591 1610/1610 1593/1593
f 1593/1593 1610/1610 1611/1611
f 1611/1611 1610/1610 1612/1612
f 1612/1612 1610/1610 1613/1613
f 1613/1613 1610/1610 1614/1614
f 1613/1613 1614/1614 1615/1615
f 1615/1615 1614/1614 1616/1616
f 1616/1616 1614/1614 1617/1617
f 1616/1616 1617/1617 1618/1618
f 1618/1618 1617/1617 1619/1619
f 1619/1619 1617/1617 1620/1620
f 1619/1619 1620/1620 1621/1621
f 1621/1621 1620/1620 1622/1622
f 1621/1621 1622/1622 1623/1623
f 1623/1623 1622/1622 1624/1624
f 1623/1623 1624/1624 1625/1625
f 1608/1608 1626/1626 1609/1609
f 1609/1609 1626/1626 1627/1627
f 1609/1609 1627/1627 1610/1610
f 1610/1610 1627/1627 1614/1614
f 1626/1626 1628/1628 1627/1627
f 1627/1627 1628/1628 1629/1629
f 1627/1627 1629/1629 1614/1614
f 1614/1614 1629/1629 1617/1617
f 1630/1630 1631/1631 1628/1628
f 1628/1628 1631/1631 1632/1632
f 1628/1628 1632/1632 1629/1629
f 1629/1629 1632/1632 1617/1617
f 1630/1630 1633/1633 1631/1631
f 1631/1631 1633/1633 1622/1622
f 1631/1631 1622/1622 1620/1620
f 1633/1633 1624/1624 1622/1622
f 1634/1634 1635/1635 1625/1625
f 1625/1625 1635/1635 1636/1636
f 1625/1625 1636/1636 1623/1623
f 1623/1623 1636/1636 1637/1637
f 1623/1623 1637/1637 1621/1621
f 1621/1621 1637/1637 1638/1638
f 1621/1621 1638/1638 1619/1619
f 1635/1635 1634/1634 1639/1639
f 1639/1639 1634/1634 1640/1640
f 1639/1639 1640/1640 1641/1641
f 1641/1641 1640/1640 1642/1642
f 1642/1642 1640/1640 1643/1643
f 1642/1642 1643/1643 1644/1644
f 1644/1644 1643/1643 1645/1645
f 1645/1645 1643/1643 1646/1646
f 1645/1645 1646/1646 1647/1647
f 1647/1647 1646/1646 1648/1648
f 1647/1647 1648/1648 1649/1649
f 1649/1649 1648/1648 1650/1650
f 1650/1650 1648/1648 1651/1651
f 1651/1651 1648/1648 1652/1652
f 1651/1651 1652/1652 1653/1653
f 1653/1653 1652/1652 1654/1654
f 1654/1654 1652/1652 1655/1655
f 1654/1654 1655/1655 1656/1656
f 1656/1656 1655/1655 1657/1657
f 1656/1656 1657/1657 1654/1654
f 1654/1654 1657/1657 1658/1658
f 1658/1658 1657/1657 1659/1659
f 1658/1658 1659/1659 1660/1660
f 1660/1660 1659/1659 1661/1661
f 1660/1660 1661/1661 1662/1662
f 1648/1648 1655/1655 1652/1652
f 1655/1655 1661/1661 1657/1657
f 1657/1657 1661/1661 1659/1659
f 1660/1660 1662/1662 1663/1663
f 1663/1663 1662/1662 1664/1664
f 1663/1663 1664/1664 1665/1665
f 1665/1665 1664/1664 1666/1666
f 1665/1665 1666/1666 1667/1667
f 1667/1667 1666/1666 1668/1668
f 1668/1668 1666/1666 1669/1669
f 1669/1669 1666/1666 1670/1670
f 1670/1670 1666/1666 1671/1671
f 1670/1670 1671/1671 1672/1672
f 1672/1672 1671/1671 1673/1673
f 1673/1673 1671/1671 1674/1674
f 1673/1673 1674/1674 1567/1567
f 1567/1567 1674/1674 1565/1565
f 1671/1671 1675/1675 1674/1674
f 1674/1674 1675/1675 1676/1676
f 1674/1674 1676/1676 1565/1565
f 1565/1565 1676/1676 1563/1563
f 1676/1676 1675/1675 1677/1677
f 1677/1677 1675/1675 1678/1678
f 1677/1677 1678/1678 1679/1679
f 1679/1679 1678/1678 1680/1680
f 1679/1679 1680/1680 1559/1559
f 1559/1559 1680/1680 1557/1557
f 1678/1678 1547/1547 1680/1680
f 1680/1680 1547/1547 1549/1549
f 1680/1680 1549/1549 1557/1557
f 1557/1557 1549/1549 1555/1555
f 1639/1639 1681/1681 1635/1635
f 1635/1635 1681/1681 1682/1682
f 1635/1635 1682/1682 1683/1683
f 1635/1635 1683/1683 1636/1636
f 1636/1636 1683/1683 1684/1684
f 1636/1636 1684/1684 1637/1637
f 1594/1594 1685/1685 1592/1592
f 1592/1592 1685/1685 1686/1686
f 1592/1592 1686/1686 1687/1687
f 1592/1592 1687/1687 1688/1688
f 1688/1688 1687/1687 1689/1689
f 1688/1688 1689/1689 1690/1690
f 1688/1688 1690/1690 1691/1691
f 1691/1691 1690/1690 1692/1692
f 1691/1691 1692/1692 1693/1693
f 1693/1693 1692/1692 1694/1694
f 1693/1693 1694/1694 1695/1695
f 1695/1695 1694/1694 1696/1696
f 1695/1695 1696/1696 1697/1697
f 1697/1697 1696/1696 1560/1560
f 1697/1697 1560/1560 1558/1558
f 1692/1692 1698/1698 1694/1694
f 1694/1694 1698/1698 1696/1696
f 1696/1696 1698/1698 1699/1699
f 1699/1699 1698/1698 1700/1700
f 1699/1699 1700/1700 1566/1566
f 1665/1665 1658/1658 1663/1663
f 1663/1663 1658/1658 1660/1660
f 1549/1549 1551/1551 1555/1555
f 1563/1563 1676/1676 1677/1677
f 1559/1559 1561/1561 1679/1679
f 1679/1679 1561/1561 1677/1677
f 1561/1561 1563/1563 1677/1677
f 1699/1699 1566/1566 1564/1564
f 1556/1556 1554/1554 1701/1701
f 1701/1701 1554/1554 1553/1553
f 1701/1701 1553/1553 1702/1702
f 1702/1702 1553/1553 1568/1568
f 1702/1702 1568/1568 1703/1703
f 1703/1703 1568/1568 1570/1570
f 1703/1703 1570/1570 1704/1704
f 1704/1704 1570/1570 1572/1572
f 1704/1704 1572/1572 1705/1705
f 1705/1705 1572/1572 1574/1574
f 1705/1705 1574/1574 1582/1582
f 1582/1582 1574/1574 1576/1576
f 1582/1582 1576/1576 1578/1578
f 1558/1558 1556/1556 1706/1706
f 1706/1706 1556/1556 1701/1701
f 1706/1706 1701/1701 1707/1707
f 1707/1707 1701/1701 1702/1702
f 1707/1707 1702/1702 1708/1708
f 1708/1708 1702/1702 1703/1703
f 1708/1708 1703/1703 1709/1709
f 1709/1709 1703/1703 1704/1704
f 1709/1709 1704/1704 1710/1710
f 1710/1710 1704/1704 1705/1705
f 1710/1710 1705/1705 1584/1584
f 1584/1584 1705/1705 1582/1582
f 1699/1699 1564/1564 1562/1562
f 1699/1699 1562/1562 1696/1696
f 1696/1696 1562/1562 1560/1560
f 1697/1697 1706/1706 1711/1711
f 1711/1711 1706/1706 1707/1707
f 1711/1711 1707/1707 1712/1712
f 1712/1712 1707/1707 1708/1708
f 1712/1712 1708/1708 1713/1713
f 1713/1713 1708/1708 1709/1709
f 1713/1713 1709/1709 1714/1714
f 1714/1714 1709/1709 1710/1710
f 1714/1714 1710/1710 1586/1586
f 1586/1586 1710/1710 1584/1584
f 1706/1706 1697/1697 1558/1558
f 1697/1697 1711/1711 1695/1695
f 1695/1695 1711/1711 1715/1715
f 1695/1695 1715/1715 1693/1693
f 1693/1693 1715/1715 1691/1691
f 1715/1715 1711/1711 1712/1712
f 1715/1715 1712/1712 1716/1716
f 1716/1716 1712/1712 1713/1713
f 1716/1716 1713/1713 1717/1717
f 1717/1717 1713/1713 1714/1714
f 1717/1717 1714/1714 1588/1588
f 1588/1588 1714/1714 1586/1586
f 1688/1688 1691/1691 1716/1716
f 1716/1716 1691/1691 1715/1715
f 1688/1688 1716/1716 1717/1717
f 1588/1588 1590/1590 1717/1717
f 1717/1717 1590/1590 1688/1688
f 1590/1590 1592/1592 1688/1688
f 1604/1604 1581/1581 1597/1597
f 1597/1597 1581/1581 1580/1580
f 1602/1602 1585/1585 1603/1603
f 1603/1603 1585/1585 1583/1583
f 1606/1606 1591/1591 1589/1589
f 1606/1606 1589/1589 1607/1607
f 1607/1607 1589/1589 1587/1587
f 1631/1631 1620/1620 1632/1632
f 1632/1632 1620/1620 1617/1617
f 1599/1599 1604/1604 1597/1597
f 1718/1718 1719/1719 1720/1720
f 1720/1720 1719/1719 1721/1721
f 1720/1720 1721/1721 1722/1722
f 1722/1722 1721/1721 1723/1723
f 1722/1722 1723/1723 1724/1724
f 1725/1725 1726/1726 1718/1718
f 1718/1718 1726/1726 1727/1727
f 1718/1718 1727/1727 1728/1728
f 1729/1729 1730/1730 1725/1725
f 1725/1725 1730/1730 1731/1731
f 1725/1725 1731/1731 1732/1732
f 1730/1730 1729/1729 1733/1733
f 1733/1733 1729/1729 1734/1734
f 1733/1733 1734/1734 1735/1735
f 1735/1735 1734/1734 1736/1736
f 1735/1735 1736/1736 1737/1737
f 1737/1737 1736/1736 1738/1738
f 1737/1737 1738/1738 1739/1739
f 1739/1739 1738/1738 1740/1740
f 1740/1740 1738/1738 1741/1741
f 1740/1740 1741/1741 1742/1742
f 1742/1742 1741/1741 1743/1743
f 1742/1742 1743/1743 1744/1744
f 1744/1744 1743/1743 1745/1745
f 1744/1744 1745/1745 1746/1746
f 1734/1734 1747/1747 1736/1736
f 1736/1736 1747/1747 1748/1748
f 1736/1736 1748/1748 1741/1741
f 1741/1741 1748/1748 1749/1749
f 1741/1741 1749/1749 1743/1743
f 1743/1743 1749/1749 1745/1745
f 1747/1747 1750/1750 1748/1748
f 1748/1748 1750/1750 1751/1751
f 1748/1748 1751/1751 1749/1749
f 1749/1749 1751/1751 1745/1745
f 1750/1750 1752/1752 1751/1751
f 1751/1751 1752/1752 1745/1745
f 1744/1744 1746/1746 1753/1753
f 1753/1753 1746/1746 1754/1754
f 1753/1753 1754/1754 1755/1755
f 1755/1755 1754/1754 1756/1756
f 1755/1755 1756/1756 1757/1757
f 1758/1758 1759/1759 1757/1757
f 1757/1757 1759/1759 1760/1760
f 1757/1757 1760/1760 1755/1755
f 1755/1755 1760/1760 1761/1761
f 1755/1755 1761/1761 1762/1762
f 1762/1762 1761/1761 1763/1763
f 1762/1762 1763/1763 1764/1764
f 1765/1765 1766/1766 1758/1758
f 1758/1758 1766/1766 1767/1767
f 1758/1758 1767/1767 1768/1768
f 1768/1768 1767/1767 1769/1769
f 1768/1768 1769/1769 1770/1770
f 1770/1770 1769/1769 1771/1771
f 1770/1770 1771/1771 1772/1772
f 1772/1772 1771/1771 1773/1773
f 1772/1772 1773/1773 1774/1774
f 1774/1774 1773/1773 1775/1775
f 1774/1774 1775/1775 1776/1776
f 1766/1766 1765/1765 1777/1777
f 1777/1777 1765/1765 1778/1778
f 1777/1777 1778/1778 1779/1779
f 1777/1777 1779/1779 1780/1780
f 1780/1780 1779/1779 1781/1781
f 1780/1780 1781/1781 1782/1782
f 1782/1782 1781/1781 1783/1783
f 1782/1782 1783/1783 1784/1784
f 1784/1784 1783/1783 1785/1785
f 1784/1784 1785/1785 1786/1786
f 1786/1786 1785/1785 1787/1787
f 1786/1786 1787/1787 1788/1788
f 1788/1788 1787/1787 1789/1789
f 1788/1788 1789/1789 1790/1790
f 1790/1790 1789/1789 1791/1791
f 1790/1790 1791/1791 1792/1792
f 1792/1792 1791/1791 1793/1793
f 1792/1792 1793/1793 1794/1794
f 1794/1794 1793/1793 1795/1795
f 1794/1794 1795/1795 1796/1796
f 1796/1796 1795/1795 1797/1797
f 1796/1796 1797/1797 1798/1798
f 1798/1798 1797/1797 1799/1799
f 1798/1798 1799/1799 1800/1800
f 1800/1800 1799/1799 1801/1801
f 1801/1801 1799/1799 1802/1802
f 1802/1802 1799/1799 1797/1797
f 1802/1802 1797/1797 1803/1803
f 1803/1803 1797/1797 1795/1795
f 1803/1803 1795/1795 1793/1793
f 1781/1781 1804/1804 1783/1783
f 1783/1783 1804/1804 1785/1785
f 1785/1785 1804/1804 1787/1787
f 1787/1787 1804/1804 1805/1805
f 1787/1787 1805/1805 1789/1789
f 1789/1789 1805/1805 1806/1806
f 1789/1789 1806/1806 1791/1791
f 1791/1791 1806/1806 1793/1793
f 1806/1806 1803/1803 1793/1793
f 1800/1800 1807/1807 1798/1798
f 1798/1798 1807/1807 1808/1808
f 1798/1798 1808/1808 1796/1796
f 1796/1796 1808/1808 1809/1809
f 1796/1796 1809/1809 1794/1794
f 1794/1794 1809/1809 1810/1810
f 1794/1794 1810/1810 1792/1792
f 1792/1792 1810/1810 1811/1811
f 1792/1792 1811/1811 1790/1790
f 1790/1790 1811/1811 1812/1812
f 1790/1790 1812/1812 1788/1788
f 1788/1788 1812/1812 1813/1813
f 1788/1788 1813/1813 1786/1786
f 1786/1786 1813/1813 1814/1814
f 1786/1786 1814/1814 1784/1784
f 1784/1784 1814/1814 1815/1815
f 1784/1784 1815/1815 1782/1782
f 1782/1782 1815/1815 1816/1816
f 1782/1782 1816/1816 1817/1817
f 1817/1817 1816/1816 1818/1818
f 1817/1817 1818/1818 1766/1766
f 1766/1766 1818/1818 1767/1767
f 1808/1808 1807/1807 1819/1819
f 1819/1819 1807/1807 1820/1820
f 1819/1819 1820/1820 1821/1821
f 1821/1821 1820/1820 1822/1822
f 1821/1821 1822/1822 1823/1823
f 1823/1823 1822/1822 1824/1824
f 1823/1823 1824/1824 1825/1825
f 1825/1825 1824/1824 1826/1826
f 1825/1825 1826/1826 1827/1827
f 1827/1827 1826/1826 1828/1828
f 1827/1827 1828/1828 1829/1829
f 1829/1829 1828/1828 1830/1830
f 1829/1829 1830/1830 1812/1812
f 1812/1812 1830/1830 1813/1813
f 1820/1820 1831/1831 1822/1822
f 1822/1822 1831/1831 1832/1832
f 1832/1832 1831/1831 1833/1833
f 1833/1833 1831/1831 1834/1834
f 1833/1833 1834/1834 1835/1835
f 1835/1835 1834/1834 1836/1836
f 1836/1836 1834/1834 1837/1837
f 1837/1837 1834/1834 1838/1838
f 1838/1838 1834/1834 1839/1839
f 1838/1838 1839/1839 1840/1840
f 1840/1840 1839/1839 1841/1841
f 1840/1840 1841/1841 1842/1842
f 1842/1842 1841/1841 1843/1843
f 1842/1842 1843/1843 1844/1844
f 1844/1844 1843/1843 1845/1845
f 1844/1844 1845/1845 1846/1846
f 1846/1846 1845/1845 1847/1847
f 1846/1846 1847/1847 1848/1848
f 1848/1848 1847/1847 1849/1849
f 1849/1849 1847/1847 1845/1845
f 1849/1849 1845/1845 1850/1850
f 1850/1850 1845/1845 1722/1722
f 1850/1850 1722/1722 1851/1851
f 1851/1851 1722/1722 1724/1724
f 1852/1852 1853/1853 1854/1854
f 1854/1854 1853/1853 1855/1855
f 1854/1854 1855/1855 1824/1824
f 1824/1824 1855/1855 1826/1826
f 1856/1856 1857/1857 1852/1852
f 1852/1852 1857/1857 1858/1858
f 1852/1852 1858/1858 1853/1853
f 1853/1853 1858/1858 1859/1859
f 1853/1853 1859/1859 1860/1860
f 1860/1860 1859/1859 1861/1861
f 1860/1860 1861/1861 1830/1830
f 1830/1830 1861/1861 1813/1813
f 1857/1857 1856/1856 1773/1773
f 1773/1773 1856/1856 1862/1862
f 1773/1773 1862/1862 1775/1775
f 1776/1776 1863/1863 1774/1774
f 1774/1774 1863/1863 1864/1864
f 1774/1774 1864/1864 1865/1865
f 1774/1774 1865/1865 1761/1761
f 1761/1761 1865/1865 1763/1763
f 1764/1764 1866/1866 1762/1762
f 1762/1762 1866/1866 1867/1867
f 1762/1762 1867/1867 1753/1753
f 1753/1753 1867/1867 1744/1744
f 1866/1866 1868/1868 1867/1867
f 1867/1867 1868/1868 1869/1869
f 1867/1867 1869/1869 1742/1742
f 1742/1742 1869/1869 1870/1870
f 1742/1742 1870/1870 1740/1740
f 1737/1737 1871/1871 1735/1735
f 1735/1735 1871/1871 1872/1872
f 1735/1735 1872/1872 1733/1733
f 1733/1733 1872/1872 1873/1873
f 1733/1733 1873/1873 1874/1874
f 1874/1874 1730/1730 1733/1733
f 1732/1732 1726/1726 1725/1725
f 1728/1728 1719/1719 1718/1718
f 1851/1851 1875/1875 1850/1850
f 1850/1850 1875/1875 1849/1849
f 1838/1838 1840/1840 1848/1848
f 1848/1848 1840/1840 1842/1842
f 1848/1848 1842/1842 1844/1844
f 1846/1846 1848/1848 1844/1844
f 1741/1741 1738/1738 1736/1736
f 1744/1744 1867/1867 1742/1742
f 1755/1755 1762/1762 1753/1753
f 1772/1772 1774/1774 1876/1876
f 1876/1876 1774/1774 1761/1761
f 1876/1876 1761/1761 1760/1760
f 1772/1772 1876/1876 1770/1770
f 1770/1770 1876/1876 1759/1759
f 1770/1770 1759/1759 1768/1768
f 1768/1768 1759/1759 1758/1758
f 1759/1759 1876/1876 1760/1760
f 1769/1769 1818/1818 1877/1877
f 1877/1877 1818/1818 1816/1816
f 1877/1877 1816/1816 1878/1878
f 1878/1878 1816/1816 1815/1815
f 1878/1878 1815/1815 1879/1879
f 1879/1879 1815/1815 1814/1814
f 1879/1879 1814/1814 1861/1861
f 1861/1861 1814/1814 1813/1813
f 1818/1818 1769/1769 1767/1767
f 1777/1777 1780/1780 1817/1817
f 1817/1817 1780/1780 1782/1782
f 1777/1777 1817/1817 1766/1766
f 1769/1769 1877/1877 1771/1771
f 1771/1771 1877/1877 1880/1880
f 1771/1771 1880/1880 1773/1773
f 1773/1773 1880/1880 1857/1857
f 1880/1880 1877/1877 1878/1878
f 1880/1880 1878/1878 1881/1881
f 1881/1881 1878/1878 1879/1879
f 1881/1881 1879/1879 1859/1859
f 1859/1859 1879/1879 1861/1861
f 1859/1859 1858/1858 1881/1881
f 1881/1881 1858/1858 1857/1857
f 1881/1881 1857/1857 1880/1880
f 1812/1812 1811/1811 1829/1829
f 1829/1829 1811/1811 1882/1882
f 1829/1829 1882/1882 1827/1827
f 1827/1827 1882/1882 1883/1883
f 1827/1827 1883/1883 1825/1825
f 1825/1825 1883/1883 1823/1823
f 1882/1882 1811/1811 1810/1810
f 1860/1860 1830/1830 1828/1828
f 1853/1853 1860/1860 1855/1855
f 1855/1855 1860/1860 1828/1828
f 1855/1855 1828/1828 1826/1826
f 1882/1882 1810/1810 1884/1884
f 1884/1884 1810/1810 1809/1809
f 1884/1884 1809/1809 1819/1819
f 1819/1819 1809/1809 1808/1808
f 1884/1884 1819/1819 1821/1821
f 1884/1884 1821/1821 1883/1883
f 1883/1883 1821/1821 1823/1823
f 1884/1884 1883/1883 1882/1882
f 1885/1885 1886/1886 1887/1887
f 1887/1887 1886/1886 1888/1888
f 1888/1888 1886/1886 1889/1889
f 1888/1888 1889/1889 1890/1890
f 1890/1890 1889/1889 1891/1891
f 1890/1890 1891/1891 1892/1892
f 1893/1893 1894/1894 1895/1895
f 1895/1895 1894/1894 1896/1896
f 1895/1895 1896/1896 1897/1897
f 1897/1897 1898/1898 1895/1895
f 1895/1895 1898/1898 1899/1899
f 1895/1895 1899/1899 1900/1900
f 1900/1900 1899/1899 1901/1901
f 1900/1900 1901/1901 1902/1902
f 1902/1902 1901/1901 1903/1903
f 1902/1902 1903/1903 1904/1904
f 1904/1904 1903/1903 1905/1905
f 1904/1904 1905/1905 1906/1906
f 1906/1906 1907/1907 1904/1904
f 1904/1904 1907/1907 1908/1908
f 1904/1904 1908/1908 1909/1909
f 1909/1909 1908/1908 1910/1910
f 1910/1910 1908/1908 1911/1911
f 1910/1910 1911/1911 1912/1912
f 1912/1912 1911/1911 1913/1913
f 1912/1912 1913/1913 1914/1914
f 1914/1914 1913/1913 1915/1915
f 1914/1914 1915/1915 1916/1916
f 1907/1907 1917/1917 1908/1908
f 1908/1908 1917/1917 1911/1911
f 1917/1917 1913/1913 1911/1911
f 1916/1916 1918/1918 1914/1914
f 1914/1914 1918/1918 1919/1919
f 1914/1914 1919/1919 1920/1920
f 1914/1914 1920/1920 1912/1912
f 1912/1912 1920/1920 1910/1910
f 1909/1909 1921/1921 1904/1904
f 1904/1904 1921/1921 1922/1922
f 1904/1904 1922/1922 1902/1902
f 1902/1902 1922/1922 1923/1923
f 1902/1902 1923/1923 1900/1900
f 1900/1900 1923/1923 1893/1893
f 1900/1900 1893/1893 1895/1895
f 1924/1924 1925/1925 1926/1926
f 1926/1926 1925/1925 1927/1927
f 1926/1926 1927/1927 1928/1928
f 1928/1928 1927/1927 1929/1929
f 1929/1929 1927/1927 1930/1930
f 1929/1929 1930/1930 1931/1931
f 1925/1925 1932/1932 1927/1927
f 1927/1927 1932/1932 1930/1930
f 1932/1932 1933/1933 1930/1930
f 1928/1928 1934/1934 1926/1926
f 1935/1935 1936/1936 1937/1937
f 1937/1937 1936/1936 1938/1938
f 1937/1937 1938/1938 1939/1939
f 1936/1936 1940/1940 1938/1938
f 1938/1938 1940/1940 1941/1941
f 1937/1937 1939/1939 1942/1942
f 1942/1942 1939/1939 1943/1943
f 1942/1942 1943/1943 1944/1944
f 1944/1944 1943/1943 1945/1945
f 1944/1944 1945/1945 1946/1946
f 1946/1946 1945/1945 1947/1947
f 1946/1946 1947/1947 1948/1948
f 1948/1948 1947/1947 1949/1949
f 1948/1948 1949/1949 1950/1950
f 1950/1950 1949/1949 1951/1951
f 1950/1950 1951/1951 1952/1952
f 1952/1952 1951/1951 1953/1953
f 1952/1952 1953/1953 1954/1954
f 1954/1954 1953/1953 1955/1955
f 1954/1954 1955/1955 1956/1956
f 1956/1956 1955/1955 1957/1957
f 1956/1956 1957/1957 1958/1958
f 1958/1958 1957/1957 1959/1959
f 1958/1958 1959/1959 1960/1960
f 1960/1960 1959/1959 1961/1961
f 1960/1960 1961/1961 1962/1962
f 1962/1962 1961/1961 1963/1963
f 1962/1962 1963/1963 1964/1964
f 1964/1964 1963/1963 1965/1965
f 1964/1964 1965/1965 1966/1966
f 1966/1966 1965/1965 1967/1967
f 1966/1966 1967/1967 1968/1968
f 1968/1968 1967/1967 1969/1969
f 1968/1968 1969/1969 1970/1970
f 1970/1970 1969/1969 1971/1971
f 1970/1970 1971/1971 1972/1972
f 1972/1972 1971/1971 1973/1973
f 1972/1972 1973/1973 1974/1974
f 1974/1974 1973/1973 1975/1975
f 1974/1974 1975/1975 1976/1976
f 1976/1976 1975/1975 1977/1977
f 1976/1976 1977/1977 1978/1978
f 1978/1978 1977/1977 1979/1979
f 1978/1978 1979/1979 1980/1980
f 1980/1980 1979/1979 1981/1981
f 1981/1981 1979/1979 1982/1982
f 1981/1981 1982/1982 1983/1983
f 1983/1983 1982/1982 1984/1984
f 1983/1983 1984/1984 1985/1985
f 1985/1985 1984/1984 1986/1986
f 1985/1985 1986/1986 1987/1987
f 1987/1987 1986/1986 1988/1988
f 1987/1987 1988/1988 1989/1989
f 1989/1989 1988/1988 1990/1990
f 1989/1989 1990/1990 1991/1991
f 1991/1991 1990/1990 1992/1992
f 1991/1991 1992/1992 1993/1993
f 1993/1993 1992/1992 1994/1994
f 1993/1993 1994/1994 1995/1995
f 1995/1995 1994/1994 1996/1996
f 1995/1995 1996/1996 1997/1997
f 1997/1997 1996/1996 1998/1998
f 1997/1997 1998/1998 1999/1999
f 1999/1999 1998/1998 2000/2000
f 1999/1999 2000/2000 2001/2001
f 2001/2001 2000/2000 2002/2002
f 2001/2001 2002/2002 2003/2003
f 2003/2003 2002/2002 2004/2004
f 2003/2003 2004/2004 2005/2005
f 2005/2005 2004/2004 2006/2006
f 2005/2005 2006/2006 2007/2007
f 2007/2007 2006/2006 2008/2008
f 2007/2007 2008/2008 2009/2009
f 2009/2009 2008/2008 2010/2010
f 2009/2009 2010/2010 2011/2011
f 2011/2011 2010/2010 2012/2012
f 2011/2011 2012/2012 2013/2013
f 2013/2013 2012/2012 2014/2014
f 2013/2013 2014/2014 2015/2015
f 2015/2015 2014/2014 2016/2016
f 2015/2015 2016/2016 2017/2017
f 2017/2017 2016/2016 2018/2018
f 2017/2017 2018/2018 2019/2019
f 2019/2019 2018/2018 2020/2020
f 2019/2019 2020/2020 2021/2021
f 2021/2021 2020/2020 2022/2022
f 2022/2022 2020/2020 2023/2023
f 2021/2021 2024/2024 2019/2019
f 2025/2025 2026/2026 2027/2027
f 2027/2027 2026/2026 2028/2028
f 2027/2027 2028/2028 2029/2029
f 2029/2029 2028/2028 2030/2030
f 2030/2030 2028/2028 2031/2031
f 2030/2030 2031/2031 2032/2032
f 2026/2026 2033/2033 2028/2028
f 2028/2028 2033/2033 2031/2031
f 2033/2033 2034/2034 2031/2031
f 2029/2029 2035/2035 2027/2027
f 2036/2036 2037/2037 2038/2038
f 2038/2038 2037/2037 2039/2039
f 2038/2038 2039/2039 2040/2040
f 2041/2041 2042/2042 2040/2040
f 2040/2040 2042/2042 2038/2038
f 2038/2038 2042/2042 2043/2043
f 2043/2043 2042/2042 2044/2044
f 2043/2043 2044/2044 2045/2045
f 2045/2045 2044/2044 2046/2046
f 2045/2045 2046/2046 2047/2047
f 2047/2047 2046/2046 2048/2048
f 2048/2048 2046/2046 2049/2049
f 2048/2048 2049/2049 2050/2050
f 2050/2050 2049/2049 2051/2051
f 2051/2051 2049/2049 2052/2052
f 2051/2051 2052/2052 2053/2053
f 2053/2053 2052/2052 2054/2054
f 2053/2053 2054/2054 2055/2055
f 2055/2055 2054/2054 2056/2056
f 2055/2055 2056/2056 2057/2057
f 2057/2057 2056/2056 2058/2058
f 2058/2058 2056/2056 2059/2059
f 2059/2059 2056/2056 2060/2060
f 2060/2060 2056/2056 2061/2061
f 2061/2061 2056/2056 2054/2054
f 2061/2061 2054/2054 2062/2062
f 2062/2062 2054/2054 2052/2052
f 2062/2062 2052/2052 2063/2063
f 2063/2063 2052/2052 2049/2049
f 2063/2063 2049/2049 2064/2064
f 2064/2064 2049/2049 2065/2065
f 2065/2065 2049/2049 2066/2066
f 2066/2066 2049/2049 2046/2046
f 2066/2066 2046/2046 2044/2044
f 2045/2045 2047/2047 2043/2043
f 2043/2043 2047/2047 2036/2036
f 2043/2043 2036/2036 2038/2038
f 2067/2067 2068/2068 2069/2069
f 2069/2069 2068/2068 2070/2070
f 2070/2070 2068/2068 2071/2071
f 2070/2070 2071/2071 2072/2072
f 2072/2072 2071/2071 2073/2073
f 2072/2072 2073/2073 2074/2074
f 2075/2075 2076/2076 2077/2077
f 2077/2077 2076/2076 2078/2078
f 2077/2077 2078/2078 2079/2079
f 2079/2079 2078/2078 2080/2080
f 2079/2079 2080/2080 2081/2081
f 2081/2081 2080/2080 2082/2082
f 2081/2081 2082/2082 2083/2083
f 2080/2080 2084/2084 2082/2082
f 2082/2082 2084/2084 2085/2085
f 2081/2081 2083/2083 2086/2086
f 2086/2086 2083/2083 2087/2087
f 2086/2086 2087/2087 2088/2088
f 2088/2088 2087/2087 2089/2089
f 2088/2088 2089/2089 2090/2090
f 2090/2090 2089/2089 2091/2091
f 2090/2090 2091/2091 2092/2092
f 2092/2092 2091/2091 2093/2093
f 2092/2092 2093/2093 2094/2094
f 2094/2094 2093/2093 2095/2095
f 2094/2094 2095/2095 2096/2096
f 2096/2096 2095/2095 2097/2097
f 2096/2096 2097/2097 2098/2098
f 2087/2087 2099/2099 2089/2089
f 2089/2089 2099/2099 2100/2100
f 2089/2089 2100/2100 2091/2091
f 2091/2091 2100/2100 2093/2093
f 2099/2099 2101/2101 2100/2100
f 2100/2100 2101/2101 2102/2102
f 2100/2100 2102/2102 2093/2093
f 2093/2093 2102/2102 2095/2095
f 2101/2101 2103/2103 2102/2102
f 2102/2102 2103/2103 2104/2104
f 2102/2102 2104/2104 2095/2095
f 2095/2095 2104/2104 2097/2097
f 2103/2103 2097/2097 2104/2104
f 2096/2096 2098/2098 2105/2105
f 2105/2105 2098/2098 2106/2106
f 2105/2105 2106/2106 2107/2107
f 2105/2105 2107/2107 2108/2108
f 2108/2108 2107/2107 2109/2109
f 2108/2108 2109/2109 2110/2110
f 2110/2110 2109/2109 2111/2111
f 2110/2110 2111/2111 2112/2112
f 2112/2112 2111/2111 2113/2113
f 2112/2112 2113/2113 2114/2114
f 2114/2114 2113/2113 2115/2115
f 2114/2114 2115/2115 2116/2116
f 2116/2116 2115/2115 2117/2117
f 2116/2116 2117/2117 2118/2118
f 2118/2118 2117/2117 2119/2119
f 2118/2118 2119/2119 2120/2120
f 2118/2118 2120/2120 2121/2121
f 2121/2121 2120/2120 2122/2122
f 2121/2121 2122/2122 2123/2123
f 2123/2123 2122/2122 2124/2124
f 2123/2123 2124/2124 2125/2125
f 2125/2125 2124/2124 2126/2126
f 2125/2125 2126/2126 2127/2127
f 2127/2127 2126/2126 2128/2128
f 2128/2128 2126/2126 2129/2129
f 2128/2128 2129/2129 2130/2130
f 2130/2130 2129/2129 2131/2131
f 2122/2122 2132/2132 2124/2124
f 2124/2124 2132/2132 2129/2129
f 2124/2124 2129/2129 2126/2126
f 2125/2125 2127/2127 2133/2133
f 2133/2133 2127/2127 2134/2134
f 2133/2133 2134/2134 2135/2135
f 2136/2136 2137/2137 2135/2135
f 2135/2135 2137/2137 2138/2138
f 2135/2135 2138/2138 2133/2133
f 2133/2133 2138/2138 2123/2123
f 2133/2133 2123/2123 2125/2125
f 2139/2139 2140/2140 2136/2136
f 2136/2136 2140/2140 2141/2141
f 2136/2136 2141/2141 2137/2137
f 2137/2137 2141/2141 2118/2118
f 2137/2137 2118/2118 2121/2121
f 2142/2142 2108/2108 2139/2139
f 2139/2139 2108/2108 2110/2110
f 2139/2139 2110/2110 2112/2112
f 2094/2094 2096/2096 2142/2142
f 2142/2142 2096/2096 2105/2105
f 2142/2142 2105/2105 2108/2108
f 2092/2092 2075/2075 2090/2090
f 2090/2090 2075/2075 2143/2143
f 2090/2090 2143/2143 2088/2088
f 2088/2088 2143/2143 2079/2079
f 2088/2088 2079/2079 2081/2081
f 2143/2143 2075/2075 2077/2077
f 2139/2139 2112/2112 2140/2140
f 2140/2140 2112/2112 2114/2114
f 2140/2140 2114/2114 2116/2116
f 2143/2143 2077/2077 2079/2079
f 2086/2086 2088/2088 2081/2081
f 2141/2141 2140/2140 2116/2116
f 2118/2118 2141/2141 2116/2116
f 2138/2138 2137/2137 2121/2121
f 2123/2123 2138/2138 2121/2121
f 2144/2144 2145/2145 2146/2146
f 2146/2146 2145/2145 2147/2147
f 2146/2146 2147/2147 2148/2148
f 2148/2148 2147/2147 2149/2149
f 2148/2148 2149/2149 2150/2150
f 2150/2150 2149/2149 2151/2151
f 2150/2150 2151/2151 2152/2152
f 2152/2152 2151/2151 2153/2153
f 2152/2152 2153/2153 2154/2154
f 2154/2154 2153/2153 2155/2155
f 2154/2154 2155/2155 2156/2156
f 2156/2156 2155/2155 2157/2157
f 2156/2156 2157/2157 2158/2158
f 2158/2158 2157/2157 2159/2159
f 2158/2158 2159/2159 2160/2160
f 2160/2160 2159/2159 2149/2149
f 2160/2160 2149/2149 2147/2147
f 2158/2158 2161/2161 2156/2156
f 2156/2156 2161/2161 2154/2154
f 2152/2152 2162/2162 2150/2150
f 2150/2150 2162/2162 2163/2163
f 2150/2150 2163/2163 2164/2164
f 2164/2164 2163/2163 2165/2165
f 2164/2164 2165/2165 2144/2144
f 2163/2163 2166/2166 2165/2165
f 2164/2164 2144/2144 2146/2146
f 2151/2151 2149/2149 2159/2159
f 2155/2155 2153/2153 2157/2157
f 2157/2157 2153/2153 2159/2159
f 2153/2153 2151/2151 2159/2159
f 2164/2164 2146/2146 2148/2148
f 2164/2164 2148/2148 2150/2150
f 2167/2167 2168/2168 2169/2169
f 2169/2169 2168/2168 2170/2170
f 2169/2169 2170/2170 2171/2171
f 2171/2171 2170/2170 2172/2172
f 2171/2171 2172/2172 2173/2173
f 2173/2173 2172/2172 2174/2174
f 2173/2173 2174/2174 2175/2175
f 2175/2175 2176/2176 2173/2173
f 2173/2173 2176/2176 2177/2177
f 2173/2173 2177/2177 2171/2171
f 2171/2171 2177/2177 2178/2178
f 2171/2171 2178/2178 2169/2169
f 2169/2169 2178/2178 2179/2179
f 2169/2169 2179/2179 2167/2167
f 2167/2167 2179/2179 2180/2180
f 2180/2180 2179/2179 2181/2181
f 2180/2180 2181/2181 2182/2182
f 2182/2182 2181/2181 2183/2183
f 2182/2182 2183/2183 2184/2184
f 2184/2184 2183/2183 2185/2185
f 2185/2185 2183/2183 2186/2186
f 2185/2185 2186/2186 2187/2187
f 2187/2187 2186/2186 2188/2188
f 2187/2187 2188/2188 2189/2189
f 2189/2189 2188/2188 2190/2190
f 2189/2189 2190/2190 2191/2191
f 2191/2191 2190/2190 2192/2192
f 2191/2191 2192/2192 2193/2193
f 2193/2193 2192/2192 2194/2194
f 2194/2194 2192/2192 2195/2195
f 2195/2195 2192/2192 2196/2196
f 2195/2195 2196/2196 2197/2197
f 2197/2197 2196/2196 2198/2198
f 2197/2197 2198/2198 2199/2199
f 2199/2199 2198/2198 2200/2200
f 2199/2199 2200/2200 2201/2201
f 2201/2201 2200/2200 2202/2202
f 2201/2201 2202/2202 2203/2203
f 2176/2176 2204/2204 2177/2177
f 2177/2177 2204/2204 2205/2205
f 2177/2177 2205/2205 2178/2178
f 2178/2178 2205/2205 2206/2206
f 2178/2178 2206/2206 2179/2179
f 2179/2179 2206/2206 2181/2181
f 2204/2204 2207/2207 2205/2205
f 2205/2205 2207/2207 2208/2208
f 2205/2205 2208/2208 2206/2206
f 2206/2206 2208/2208 2209/2209
f 2206/2206 2209/2209 2181/2181
f 2181/2181 2209/2209 2183/2183
f 2207/2207 2210/2210 2208/2208
f 2208/2208 2210/2210 2211/2211
f 2208/2208 2211/2211 2209/2209
f 2209/2209 2211/2211 2212/2212
f 2209/2209 2212/2212 2183/2183
f 2183/2183 2212/2212 2186/2186
f 2210/2210 2213/2213 2211/2211
f 2211/2211 2213/2213 2214/2214
f 2211/2211 2214/2214 2212/2212
f 2212/2212 2214/2214 2215/2215
f 2212/2212 2215/2215 2186/2186
f 2186/2186 2215/2215 2188/2188
f 2213/2213 2216/2216 2214/2214
f 2214/2214 2216/2216 2217/2217
f 2214/2214 2217/2217 2215/2215
f 2215/2215 2217/2217 2218/2218
f 2215/2215 2218/2218 2188/2188
f 2188/2188 2218/2218 2190/2190
f 2216/2216 2219/2219 2217/2217
f 2217/2217 2219/2219 2220/2220
f 2217/2217 2220/2220 2218/2218
f 2218/2218 2220/2220 2221/2221
f 2218/2218 2221/2221 2190/2190
f 2190/2190 2221/2221 2192/2192
f 2220/2220 2219/2219 2222/2222
f 2222/2222 2219/2219 2223/2223
f 2222/2222 2223/2223 2224/2224
f 2224/2224 2223/2223 2225/2225
f 2224/2224 2225/2225 2200/2200
f 2200/2200 2225/2225 2202/2202
f 2201/2201 2203/2203 2226/2226
f 2226/2226 2203/2203 2227/2227
f 2226/2226 2227/2227 2228/2228
f 2228/2228 2227/2227 2229/2229
f 2228/2228 2229/2229 2230/2230
f 2230/2230 2229/2229 2231/2231
f 2230/2230 2231/2231 2232/2232
f 2232/2232 2233/2233 2230/2230
f 2230/2230 2233/2233 2234/2234
f 2230/2230 2234/2234 2235/2235
f 2235/2235 2234/2234 2236/2236
f 2235/2235 2236/2236 2237/2237
f 2237/2237 2236/2236 2238/2238
f 2237/2237 2238/2238 2239/2239
f 2233/2233 2240/2240 2234/2234
f 2234/2234 2240/2240 2241/2241
f 2234/2234 2241/2241 2236/2236
f 2236/2236 2241/2241 2242/2242
f 2236/2236 2242/2242 2238/2238
f 2240/2240 2243/2243 2241/2241
f 2241/2241 2243/2243 2244/2244
f 2241/2241 2244/2244 2245/2245
f 2245/2245 2242/2242 2241/2241
f 2239/2239 2246/2246 2237/2237
f 2237/2237 2246/2246 2247/2247
f 2237/2237 2247/2247 2248/2248
f 2248/2248 2247/2247 2249/2249
f 2248/2248 2249/2249 2226/2226
f 2226/2226 2249/2249 2201/2201
f 2246/2246 2250/2250 2247/2247
f 2247/2247 2250/2250 2251/2251
f 2247/2247 2251/2251 2249/2249
f 2249/2249 2251/2251 2199/2199
f 2249/2249 2199/2199 2201/2201
f 2250/2250 2252/2252 2251/2251
f 2251/2251 2252/2252 2197/2197
f 2251/2251 2197/2197 2199/2199
f 2252/2252 2253/2253 2197/2197
f 2197/2197 2253/2253 2195/2195
f 2196/2196 2192/2192 2254/2254
f 2254/2254 2192/2192 2221/2221
f 2254/2254 2221/2221 2222/2222
f 2222/2222 2221/2221 2220/2220
f 2235/2235 2237/2237 2248/2248
f 2196/2196 2254/2254 2198/2198
f 2198/2198 2254/2254 2224/2224
f 2198/2198 2224/2224 2200/2200
f 2224/2224 2254/2254 2222/2222
f 2226/2226 2228/2228 2248/2248
f 2248/2248 2228/2228 2235/2235
f 2228/2228 2230/2230 2235/2235
f 2255/2255 2256/2256 2257/2257
f 2257/2257 2256/2256 2258/2258
f 2257/2257 2258/2258 2259/2259
f 2259/2259 2258/2258 2260/2260
f 2259/2259 2260/2260 2261/2261
f 2261/2261 2260/2260 2262/2262
f 2262/2262 2260/2260 2263/2263
f 2262/2262 2263/2263 2264/2264
f 2264/2264 2263/2263 2265/2265
f 2264/2264 2265/2265 2266/2266
f 2266/2266 2265/2265 2267/2267
f 2266/2266 2267/2267 2268/2268
f 2256/2256 2269/2269 2258/2258
f 2258/2258 2269/2269 2270/2270
f 2258/2258 2270/2270 2260/2260
f 2260/2260 2270/2270 2263/2263
f 2269/2269 2267/2267 2270/2270
f 2270/2270 2267/2267 2265/2265
f 2270/2270 2265/2265 2263/2263
f 2271/2271 2272/2272 2268/2268
f 2268/2268 2272/2272 2273/2273
f 2268/2268 2273/2273 2266/2266
f 2266/2266 2273/2273 2274/2274
f 2266/2266 2274/2274 2264/2264
f 2264/2264 2274/2274 2275/2275
f 2264/2264 2275/2275 2262/2262
f 2271/2271 2276/2276 2272/2272
f 2272/2272 2276/2276 2277/2277
f 2272/2272 2277/2277 2273/2273
f 2273/2273 2277/2277 2274/2274
f 2277/2277 2276/2276 2274/2274
f 2274/2274 2276/2276 2275/2275
f 2278/2278 2279/2279 2280/2280
f 2281/2281 2282/2282 2283/2283
f 2284/2284 2285/2285 2286/2286
f 2286/2286 2285/2285 2287/2287
f 2287/2287 2285/2285 2288/2288
f 2287/2287 2288/2288 2289/2289
f 2289/2289 2288/2288 2290/2290
f 2289/2289 2290/2290 2291/2291
f 2289/2289 2291/2291 2292/2292
f 2292/2292 2291/2291 2293/2293
f 2292/2292 2293/2293 2294/2294
f 2294/2294 2295/2295 2292/2292
f 2292/2292 2295/2295 2296/2296
f 2296/2296 2295/2295 2297/2297
f 2296/2296 2297/2297 2298/2298
f 2298/2298 2297/2297 2299/2299
f 2298/2298 2299/2299 2300/2300
f 2300/2300 2299/2299 2301/2301
f 2300/2300 2301/2301 2302/2302
f 2302/2302 2303/2303 2300/2300
f 2300/2300 2303/2303 2304/2304
f 2304/2304 2303/2303 2305/2305
f 2304/2304 2305/2305 2306/2306
f 2306/2306 2307/2307 2304/2304
f 2304/2304 2307/2307 2308/2308
f 2304/2304 2308/2308 2309/2309
f 2309/2309 2310/2310 2304/2304
f 2304/2304 2310/2310 2311/2311
f 2311/2311 2310/2310 2312/2312
f 2311/2311 2312/2312 2313/2313
f 2311/2311 2313/2313 2314/2314
f 2314/2314 2313/2313 2315/2315
f 2314/2314 2315/2315 2316/2316
f 2316/2316 2315/2315 2317/2317
f 2316/2316 2317/2317 2318/2318
f 2316/2316 2318/2318 2319/2319
f 2319/2319 2318/2318 2320/2320
f 2319/2319 2320/2320 2321/2321
f 2319/2319 2321/2321 2322/2322
f 2322/2322 2321/2321 2323/2323
f 2322/2322 2323/2323 2324/2324
f 2322/2322 2324/2324 2325/2325
f 2325/2325 2324/2324 2326/2326
f 2325/2325 2326/2326 2327/2327
f 2327/2327 2326/2326 2328/2328
f 2329/2329 2330/2330 2331/2331
f 2331/2331 2330/2330 2332/2332
f 2332/2332 2330/2330 2333/2333
f 2332/2332 2333/2333 2334/2334
f 2334/2334 2333/2333 2335/2335
f 2336/2336 2337/2337 2338/2338
f 2338/2338 2337/2337 2339/2339
f 2339/2339 2337/2337 2340/2340
f 2339/2339 2340/2340 2341/2341
f 2341/2341 2340/2340 2342/2342
f 2341/2341 2342/2342 2343/2343
f 2341/2341 2343/2343 2344/2344
f 2344/2344 2343/2343 2345/2345
f 2344/2344 2345/2345 2346/2346
f 2346/2346 2347/2347 2344/2344
f 2344/2344 2347/2347 2348/2348
f 2348/2348 2347/2347 2349/2349
f 2348/2348 2349/2349 2350/2350
f 2350/2350 2349/2349 2351/2351
f 2350/2350 2351/2351 2352/2352
f 2352/2352 2351/2351 2353/2353
f 2352/2352 2353/2353 2354/2354
f 2354/2354 2355/2355 2352/2352
f 2352/2352 2355/2355 2356/2356
f 2356/2356 2355/2355 2357/2357
f 2356/2356 2357/2357 2358/2358
f 2358/2358 2359/2359 2356/2356
f 2356/2356 2359/2359 2360/2360
f 2356/2356 2360/2360 2361/2361
f 2361/2361 2362/2362 2356/2356
f 2356/2356 2362/2362 2363/2363
f 2363/2363 2362/2362 2364/2364
f 2363/2363 2364/2364 2365/2365
f 2363/2363 2365/2365 2366/2366
f 2366/2366 2365/2365 2367/2367
f 2366/2366 2367/2367 2368/2368
f 2368/2368 2367/2367 2369/2369
f 2368/2368 2369/2369 2370/2370
f 2368/2368 2370/2370 2371/2371
f 2371/2371 2370/2370 2372/2372
f 2371/2371 2372/2372 2373/2373
f 2371/2371 2373/2373 2374/2374
f 2374/2374 2373/2373 2375/2375
f 2374/2374 2375/2375 2376/2376
f 2374/2374 2376/2376 2377/2377
f 2377/2377 2376/2376 2378/2378
f 2377/2377 2378/2378 2379/2379
f 2379/2379 2378/2378 2380/2380
f 2381/2381 2382/2382 2383/2383
f 2384/2384 2385/2385 2386/2386
f 2387/2387 2388/2388 2389/2389
f 2389/2389 2388/2388 2390/2390
f 2390/2390 2388/2388 2391/2391
f 2390/2390 2391/2391 2392/2392
f 2392/2392 2391/2391 2393/2393
f 2394/2394 2395/2395 2396/2396
f 2396/2396 2395/2395 2397/2397
f 2398/2398 2399/2399 2400/2400
f 2400/2400 2399/2399 2401/2401
f 2401/2401 2399/2399 2402/2402
f 2401/2401 2402/2402 2403/2403
f 2403/2403 2402/2402 2404/2404
f 2403/2403 2404/2404 2405/2405
f 2405/2405 2404/2404 2406/2406
f 2405/2405 2406/2406 2407/2407
f 2407/2407 2406/2406 2408/2408
f 2407/2407 2408/2408 2409/2409
f 2409/2409 2408/2408 2410/2410
f 2409/2409 2410/2410 2411/2411
f 2411/2411 2410/2410 2412/2412
f 2411/2411 2412/2412 2413/2413
f 2413/2413 2412/2412 2414/2414
f 2413/2413 2414/2414 2415/2415
f 2415/2415 2414/2414 2416/2416
f 2415/2415 2416/2416 2417/2417
f 2417/2417 2416/2416 2418/2418
f 2417/2417 2418/2418 2419/2419
f 2419/2419 2418/2418 2420/2420
f 2419/2419 2420/2420 2421/2421
f 2421/2421 2420/2420 2422/2422
f 2422/2422 2420/2420 2423/2423
f 2423/2423 2420/2420 2418/2418
f 2423/2423 2418/2418 2424/2424
f 2424/2424 2418/2418 2416/2416
f 2424/2424 2416/2416 2425/2425
f 2425/2425 2416/2416 2426/2426
f 2426/2426 2416/2416 2414/2414
f 2426/2426 2414/2414 2427/2427
f 2427/2427 2414/2414 2428/2428
f 2428/2428 2414/2414 2429/2429
f 2429/2429 2414/2414 2430/2430
f 2430/2430 2414/2414 2412/2412
f 2430/2430 2412/2412 2431/2431
f 2431/2431 2412/2412 2432/2432
f 2432/2432 2412/2412 2433/2433
f 2433/2433 2412/2412 2410/2410
f 2433/2433 2410/2410 2434/2434
f 2434/2434 2410/2410 2435/2435
f 2435/2435 2410/2410 2436/2436
f 2436/2436 2410/2410 2437/2437
f 2437/2437 2410/2410 2408/2408
f 2437/2437 2408/2408 2438/2438
f 2438/2438 2408/2408 2406/2406
f 2438/2438 2406/2406 2439/2439
f 2439/2439 2406/2406 2440/2440
f 2440/2440 2406/2406 2404/2404
f 2440/2440 2404/2404 2441/2441
f 2441/2441 2404/2404 2442/2442
f 2442/2442 2404/2404 2402/2402
f 2442/2442 2402/2402 2443/2443
f 2443/2443 2402/2402 2399/2399
f 2421/2421 2444/2444 2419/2419
f 2445/2445 2446/2446 2447/2447
f 2448/2448 2449/2449 2450/2450
f 2450/2450 2449/2449 2451/2451
f 2450/2450 2451/2451 2452/2452
f 2452/2452 2453/2453 2450/2450
f 2454/2454 2455/2455 2456/2456
f 2457/2457 2458/2458 2459/2459
f 2459/2459 2458/2458 2460/2460
f 2460/2460 2458/2458 2461/2461
f 2460/2460 2461/2461 2462/2462
f 2462/2462 2461/2461 2463/2463
f 2462/2462 2463/2463 2464/2464
f 2464/2464 2463/2463 2465/2465
f 2464/2464 2465/2465 2466/2466
f 2466/2466 2465/2465 2467/2467
f 2466/2466 2467/2467 2468/2468
f 2468/2468 2467/2467 2469/2469
f 2468/2468 2469/2469 2470/2470
f 2470/2470 2469/2469 2471/2471
f 2470/2470 2471/2471 2472/2472
f 2458/2458 2473/2473 2461/2461
f 2461/2461 2473/2473 2463/2463
f 2473/2473 2474/2474 2463/2463
f 2463/2463 2474/2474 2465/2465
f 2474/2474 2475/2475 2465/2465
f 2465/2465 2475/2475 2476/2476
f 2465/2465 2476/2476 2477/2477
f 2465/2465 2477/2477 2467/2467
f 2467/2467 2477/2477 2478/2478
f 2467/2467 2478/2478 2479/2479
f 2467/2467 2479/2479 2469/2469
f 2469/2469 2479/2479 2480/2480
f 2469/2469 2480/2480 2481/2481
f 2481/2481 2482/2482 2469/2469
f 2469/2469 2482/2482 2471/2471
f 2472/2472 2483/2483 2470/2470
f 2470/2470 2483/2483 2484/2484
f 2470/2470 2484/2484 2485/2485
f 2485/2485 2484/2484 2486/2486
f 2485/2485 2486/2486 2487/2487
f 2487/2487 2486/2486 2488/2488
f 2487/2487 2488/2488 2489/2489
f 2487/2487 2489/2489 2490/2490
f 2490/2490 2489/2489 2491/2491
f 2490/2490 2491/2491 2492/2492
f 2492/2492 2493/2493 2490/2490
f 2490/2490 2493/2493 2494/2494
f 2490/2490 2494/2494 2495/2495
f 2495/2495 2494/2494 2496/2496
f 2495/2495 2496/2496 2497/2497
f 2497/2497 2496/2496 2498/2498
f 2493/2493 2496/2496 2494/2494
f 2495/2495 2499/2499 2490/2490
f 2490/2490 2499/2499 2487/2487
f 2499/2499 2500/2500 2487/2487
f 2487/2487 2500/2500 2485/2485
f 2500/2500 2501/2501 2485/2485
f 2485/2485 2501/2501 2502/2502
f 2485/2485 2502/2502 2470/2470
f 2470/2470 2502/2502 2468/2468
f 2503/2503 2504/2504 2505/2505
f 2505/2505 2504/2504 2506/2506
f 2507/2507 2508/2508 2509/2509
f 2509/2509 2508/2508 2510/2510
f 2509/2509 2510/2510 2511/2511
f 2511/2511 2510/2510 2512/2512
f 2511/2511 2512/2512 2513/2513
f 2513/2513 2512/2512 2514/2514
f 2514/2514 2512/2512 2515/2515
f 2514/2514 2515/2515 2516/2516
f 2516/2516 2515/2515 2517/2517
f 2518/2518 2519/2519 2520/2520
f 2520/2520 2519/2519 2521/2521
f 2520/2520 2521/2521 2522/2522
f 2522/2522 2521/2521 2523/2523
f 2522/2522 2523/2523 2524/2524
f 2524/2524 2523/2523 2525/2525
f 2524/2524 2525/2525 2526/2526
f 2526/2526 2525/2525 2527/2527
f 2526/2526 2527/2527 2528/2528
f 2528/2528 2527/2527 2529/2529
f 2528/2528 2529/2529 2530/2530
f 2530/2530 2529/2529 2531/2531
f 2530/2530 2531/2531 2532/2532
f 2532/2532 2531/2531 2533/2533
f 2532/2532 2533/2533 2534/2534
f 2534/2534 2533/2533 2535/2535
f 2534/2534 2535/2535 2536/2536
f 2536/2536 2535/2535 2537/2537
f 2536/2536 2537/2537 2538/2538
f 2538/2538 2537/2537 2539/2539
f 2538/2538 2539/2539 2540/2540
f 2519/2519 2541/2541 2521/2521
f 2521/2521 2541/2541 2542/2542
f 2521/2521 2542/2542 2523/2523
f 2523/2523 2542/2542 2543/2543
f 2523/2523 2543/2543 2525/2525
f 2525/2525 2543/2543 2544/2544
f 2525/2525 2544/2544 2527/2527
f 2527/2527 2544/2544 2545/2545
f 2527/2527 2545/2545 2529/2529
f 2529/2529 2545/2545 2546/2546
f 2529/2529 2546/2546 2531/2531
f 2531/2531 2546/2546 2547/2547
f 2531/2531 2547/2547 2533/2533
f 2533/2533 2547/2547 2548/2548
f 2533/2533 2548/2548 2535/2535
f 2535/2535 2548/2548 2549/2549
f 2535/2535 2549/2549 2537/2537
f 2537/2537 2549/2549 2550/2550
f 2537/2537 2550/2550 2539/2539
f 2539/2539 2550/2550 2551/2551
f 2551/2551 2550/2550 2552/2552
f 2551/2551 2552/2552 2553/2553
f 2541/2541 2554/2554 2542/2542
f 2542/2542 2554/2554 2555/2555
f 2542/2542 2555/2555 2543/2543
f 2543/2543 2555/2555 2556/2556
f 2543/2543 2556/2556 2544/2544
f 2544/2544 2556/2556 2557/2557
f 2544/2544 2557/2557 2545/2545
f 2545/2545 2557/2557 2558/2558
f 2545/2545 2558/2558 2546/2546
f 2546/2546 2558/2558 2559/2559
f 2546/2546 2559/2559 2547/2547
f 2547/2547 2559/2559 2560/2560
f 2547/2547 2560/2560 2548/2548
f 2548/2548 2560/2560 2561/2561
f 2548/2548 2561/2561 2549/2549
f 2549/2549 2561/2561 2562/2562
f 2549/2549 2562/2562 2550/2550
f 2550/2550 2562/2562 2552/2552
f 2563/2563 2564/2564 2565/2565
f 2565/2565 2564/2564 2566/2566
f 2566/2566 2564/2564 2567/2567
f 2566/2566 2567/2567 2568/2568
f 2568/2568 2567/2567 2569/2569
f 2569/2569 2567/2567 2570/2570
f 2569/2569 2570/2570 2571/2571
f 2571/2571 2570/2570 2572/2572
f 2571/2571 2572/2572 2573/2573
f 2574/2574 2575/2575 2576/2576
f 2576/2576 2575/2575 2577/2577
f 2576/2576 2577/2577 2578/2578
f 2578/2578 2577/2577 2579/2579
f 2578/2578 2579/2579 2580/2580
f 2580/2580 2579/2579 2581/2581
f 2581/2581 2579/2579 2582/2582
f 2581/2581 2582/2582 2583/2583
f 2583/2583 2582/2582 2584/2584
f 2585/2585 2586/2586 2587/2587
f 2587/2587 2586/2586 2588/2588
f 2587/2587 2588/2588 2589/2589
f 2589/2589 2588/2588 2590/2590
f 2589/2589 2590/2590 2591/2591
f 2591/2591 2590/2590 2592/2592
f 2591/2591 2592/2592 2593/2593
f 2593/2593 2592/2592 2594/2594
f 2593/2593 2594/2594 2595/2595
f 2595/2595 2594/2594 2596/2596
f 2595/2595 2596/2596 2597/2597
f 2597/2597 2596/2596 2598/2598
f 2597/2597 2598/2598 2599/2599
f 2599/2599 2598/2598 2600/2600
f 2599/2599 2600/2600 2601/2601
f 2601/2601 2600/2600 2602/2602
f 2601/2601 2602/2602 2603/2603
f 2603/2603 2602/2602 2604/2604
f 2603/2603 2604/2604 2605/2605
f 2605/2605 2604/2604 2606/2606
f 2605/2605 2606/2606 2607/2607
f 2586/2586 2608/2608 2588/2588
f 2588/2588 2608/2608 2609/2609
f 2588/2588 2609/2609 2590/2590
f 2590/2590 2609/2609 2610/2610
f 2590/2590 2610/2610 2592/2592
f 2592/2592 2610/2610 2611/2611
f 2592/2592 2611/2611 2594/2594
f 2594/2594 2611/2611 2612/2612
f 2594/2594 2612/2612 2596/2596
f 2596/2596 2612/2612 2613/2613
f 2596/2596 2613/2613 2598/2598
f 2598/2598 2613/2613 2614/2614
f 2598/2598 2614/2614 2600/2600
f 2600/2600 2614/2614 2615/2615
f 2600/2600 2615/2615 2602/2602
f 2602/2602 2615/2615 2616/2616
f 2602/2602 2616/2616 2604/2604
f 2604/2604 2616/2616 2617/2617
f 2604/2604 2617/2617 2606/2606
f 2606/2606 2617/2617 2618/2618
f 2618/2618 2617/2617 2619/2619
f 2618/2618 2619/2619 2620/2620
f 2608/2608 2621/2621 2609/2609
f 2609/2609 2621/2621 2622/2622
f 2609/2609 2622/2622 2610/2610
f 2610/2610 2622/2622 2623/2623
f 2610/2610 2623/2623 2611/2611
f 2611/2611 2623/2623 2624/2624
f 2611/2611 2624/2624 2612/2612
f 2612/2612 2624/2624 2625/2625
f 2612/2612 2625/2625 2613/2613
f 2613/2613 2625/2625 2626/2626
f 2613/2613 2626/2626 2614/2614
f 2614/2614 2626/2626 2627/2627
f 2614/2614 2627/2627 2615/2615
f 2615/2615 2627/2627 2628/2628
f 2615/2615 2628/2628 2616/2616
f 2616/2616 2628/2628 2629/2629
f 2616/2616 2629/2629 2617/2617
f 2617/2617 2629/2629 2619/2619
f 2630/2630 2631/2631 2632/2632
f 2632/2632 2631/2631 2633/2633
f 2633/2633 2631/2631 2634/2634
f 2633/2633 2634/2634 2635/2635
f 2635/2635 2634/2634 2636/2636
f 2636/2636 2634/2634 2637/2637
f 2636/2636 2637/2637 2638/2638
f 2638/2638 2637/2637 2639/2639
f 2638/2638 2639/2639 2640/2640
f 2641/2641 2642/2642 2643/2643
f 2643/2643 2642/2642 2644/2644
f 2644/2644 2642/2642 2645/2645
f 2644/2644 2645/2645 2646/2646
f 2646/2646 2645/2645 2647/2647
f 2646/2646 2647/2647 2648/2648
f 2648/2648 2647/2647 2649/2649
f 2648/2648 2649/2649 2650/2650
f 2651/2651 2652/2652 2653/2653
f 2653/2653 2652/2652 2654/2654
f 2653/2653 2654/2654 2655/2655
f 2655/2655 2654/2654 2656/2656
f 2655/2655 2656/2656 2657/2657
f 2657/2657 2656/2656 2658/2658
f 2657/2657 2658/2658 2659/2659
f 2659/2659 2658/2658 2660/2660
f 2659/2659 2660/2660 2661/2661
f 2661/2661 2660/2660 2662/2662
f 2661/2661 2662/2662 2663/2663
f 2663/2663 2662/2662 2664/2664
f 2663/2663 2664/2664 2665/2665
f 2665/2665 2664/2664 2666/2666
f 2665/2665 2666/2666 2667/2667
f 2667/2667 2666/2666 2668/2668
f 2667/2667 2668/2668 2669/2669
f 2669/2669 2668/2668 2670/2670
f 2669/2669 2670/2670 2671/2671
f 2671/2671 2670/2670 2672/2672
f 2671/2671 2672/2672 2673/2673
f 2673/2673 2672/2672 2674/2674
f 2673/2673 2674/2674 2675/2675
f 2675/2675 2674/2674 2676/2676
f 2675/2675 2676/2676 2677/2677
f 2677/2677 2676/2676 2678/2678
f 2677/2677 2678/2678 2679/2679
f 2679/2679 2678/2678 2680/2680
f 2680/2680 2678/2678 2681/2681
f 2680/2680 2681/2681 2682/2682
f 2682/2682 2681/2681 2683/2683
f 2683/2683 2681/2681 2684/2684
f 2684/2684 2681/2681 2685/2685
f 2684/2684 2685/2685 2686/2686
f 2686/2686 2685/2685 2687/2687
f 2686/2686 2687/2687 2688/2688
f 2688/2688 2687/2687 2689/2689
f 2688/2688 2689/2689 2690/2690
f 2690/2690 2689/2689 2691/2691
f 2690/2690 2691/2691 2692/2692
f 2692/2692 2691/2691 2693/2693
f 2692/2692 2693/2693 2694/2694
f 2694/2694 2693/2693 2695/2695
f 2694/2694 2695/2695 2696/2696
f 2696/2696 2695/2695 2666/2666
f 2696/2696 2666/2666 2664/2664
f 2652/2652 2697/2697 2654/2654
f 2654/2654 2697/2697 2698/2698
f 2654/2654 2698/2698 2656/2656
f 2656/2656 2698/2698 2699/2699
f 2656/2656 2699/2699 2658/2658
f 2658/2658 2699/2699 2700/2700
f 2658/2658 2700/2700 2660/2660
f 2660/2660 2700/2700 2701/2701
f 2660/2660 2701/2701 2662/2662
f 2662/2662 2701/2701 2702/2702
f 2662/2662 2702/2702 2664/2664
f 2664/2664 2702/2702 2696/2696
f 2697/2697 2703/2703 2698/2698
f 2698/2698 2703/2703 2704/2704
f 2698/2698 2704/2704 2699/2699
f 2699/2699 2704/2704 2705/2705
f 2699/2699 2705/2705 2700/2700
f 2700/2700 2705/2705 2706/2706
f 2700/2700 2706/2706 2701/2701
f 2701/2701 2706/2706 2707/2707
f 2701/2701 2707/2707 2702/2702
f 2702/2702 2707/2707 2708/2708
f 2702/2702 2708/2708 2696/2696
f 2696/2696 2708/2708 2694/2694
f 2666/2666 2695/2695 2668/2668
f 2668/2668 2695/2695 2693/2693
f 2668/2668 2693/2693 2670/2670
f 2670/2670 2693/2693 2691/2691
f 2670/2670 2691/2691 2672/2672
f 2672/2672 2691/2691 2689/2689
f 2672/2672 2689/2689 2674/2674
f 2674/2674 2689/2689 2687/2687
f 2674/2674 2687/2687 2676/2676
f 2676/2676 2687/2687 2685/2685
f 2676/2676 2685/2685 2678/2678
f 2678/2678 2685/2685 2681/2681
f 2709/2709 2710/2710 2711/2711
f 2711/2711 2710/2710 2712/2712
f 2711/2711 2712/2712 2713/2713
f 2713/2713 2712/2712 2714/2714
f 2713/2713 2714/2714 2715/2715
f 2715/2715 2714/2714 2716/2716
f 2715/2715 2716/2716 2717/2717
f 2717/2717 2716/2716 2718/2718
f 2719/2719 2720/2720 2721/2721
f 2721/2721 2720/2720 2722/2722
f 2721/2721 2722/2722 2723/2723
f 2723/2723 2722/2722 2724/2724
f 2723/2723 2724/2724 2725/2725
f 2725/2725 2724/2724 2726/2726
f 2725/2725 2726/2726 2727/2727
f 2727/2727 2726/2726 2728/2728
f 2729/2729 2730/2730 2731/2731
f 2731/2731 2730/2730 2732/2732
f 2731/2731 2732/2732 2733/2733
f 2733/2733 2732/2732 2734/2734
f 2733/2733 2734/2734 2735/2735
f 2735/2735 2734/2734 2736/2736
f 2735/2735 2736/2736 2737/2737
f 2737/2737 2736/2736 2738/2738
f 2737/2737 2738/2738 2739/2739
f 2739/2739 2738/2738 2740/2740
f 2739/2739 2740/2740 2741/2741
f 2741/2741 2740/2740 2742/2742
f 2741/2741 2742/2742 2743/2743
f 2743/2743 2742/2742 2744/2744
f 2743/2743 2744/2744 2745/2745
f 2745/2745 2744/2744 2746/2746
f 2745/2745 2746/2746 2747/2747
f 2747/2747 2746/2746 2748/2748
f 2747/2747 2748/2748 2749/2749
f 2749/2749 2748/2748 2750/2750
f 2749/2749 2750/2750 2751/2751
f 2751/2751 2750/2750 2752/2752
f 2751/2751 2752/2752 2753/2753
f 2753/2753 2752/2752 2754/2754
f 2753/2753 2754/2754 2755/2755
f 2755/2755 2754/2754 2756/2756
f 2755/2755 2756/2756 2757/2757
f 2757/2757 2756/2756 2758/2758
f 2758/2758 2756/2756 2759/2759
f 2758/2758 2759/2759 2760/2760
f 2760/2760 2759/2759 2761/2761
f 2761/2761 2759/2759 2762/2762
f 2762/2762 2759/2759 2763/2763
f 2762/2762 2763/2763 2764/2764
f 2764/2764 2763/2763 2765/2765
f 2764/2764 2765/2765 2766/2766
f 2766/2766 2765/2765 2767/2767
f 2766/2766 2767/2767 2768/2768
f 2768/2768 2767/2767 2769/2769
f 2768/2768 2769/2769 2770/2770
f 2770/2770 2769/2769 2771/2771
f 2770/2770 2771/2771 2772/2772
f 2772/2772 2771/2771 2773/2773
f 2772/2772 2773/2773 2774/2774
f 2774/2774 2773/2773 2744/2744
f 2774/2774 2744/2744 2742/2742
f 2730/2730 2775/2775 2732/2732
f 2732/2732 2775/2775 2776/2776
f 2732/2732 2776/2776 2734/2734
f 2734/2734 2776/2776 2777/2777
f 2734/2734 2777/2777 2736/2736
f 2736/2736 2777/2777 2778/2778
f 2736/2736 2778/2778 2738/2738
f 2738/2738 2778/2778 2779/2779
f 2738/2738 2779/2779 2740/2740
f 2740/2740 2779/2779 2780/2780
f 2740/2740 2780/2780 2742/2742
f 2742/2742 2780/2780 2774/2774
f 2775/2775 2781/2781 2776/2776
f 2776/2776 2781/2781 2782/2782
f 2776/2776 2782/2782 2777/2777
f 2777/2777 2782/2782 2783/2783
f 2777/2777 2783/2783 2778/2778
f 2778/2778 2783/2783 2784/2784
f 2778/2778 2784/2784 2779/2779
f 2779/2779 2784/2784 2785/2785
f 2779/2779 2785/2785 2780/2780
f 2780/2780 2785/2785 2786/2786
f 2780/2780 2786/2786 2774/2774
f 2774/2774 2786/2786 2772/2772
f 2744/2744 2773/2773 2746/2746
f 2746/2746 2773/2773 2771/2771
f 2746/2746 2771/2771 2748/2748
f 2748/2748 2771/2771 2769/2769
f 2748/2748 2769/2769 2750/2750
f 2750/2750 2769/2769 2767/2767
f 2750/2750 2767/2767 2752/2752
f 2752/2752 2767/2767 2765/2765
f 2752/2752 2765/2765 2754/2754
f 2754/2754 2765/2765 2763/2763
f 2754/2754 2763/2763 2756/2756
f 2756/2756 2763/2763 2759/2759
f 2787/2787 2788/2788 2789/2789
f 2789/2789 2788/2788 2790/2790
f 2790/2790 2788/2788 2791/2791
f 2790/2790 2791/2791 2792/2792
f 2792/2792 2791/2791 2793/2793
f 2792/2792 2793/2793 2794/2794
f 2794/2794 2793/2793 2795/2795
f 2794/2794 2795/2795 2796/2796
f 2797/2797 2798/2798 2799/2799
f 2799/2799 2798/2798 2800/2800
f 2799/2799 2800/2800 2801/2801
f 2801/2801 2800/2800 2802/2802
f 2801/2801 2802/2802 2803/2803
f 2803/2803 2802/2802 2804/2804
f 2803/2803 2804/2804 2805/2805
f 2805/2805 2804/2804 2806/2806
f 2805/2805 2806/2806 2807/2807
f 2807/2807 2806/2806 2808/2808
f 2808/2808 2806/2806 2809/2809
f 2809/2809 2806/2806 2810/2810
f 2810/2810 2806/2806 2811/2811
f 2810/2810 2811/2811 2812/2812
f 2812/2812 2811/2811 2813/2813
f 2812/2812 2813/2813 2814/2814
f 2814/2814 2813/2813 2815/2815
f 2814/2814 2815/2815 2816/2816
f 2816/2816 2815/2815 2817/2817
f 2817/2817 2815/2815 2818/2818
f 2818/2818 2815/2815 2819/2819
f 2818/2818 2819/2819 2798/2798
f 2798/2798 2819/2819 2800/2800
f 2807/2807 2820/2820 2805/2805
f 2805/2805 2820/2820 2821/2821
f 2805/2805 2821/2821 2803/2803
f 2803/2803 2821/2821 2822/2822
f 2803/2803 2822/2822 2801/2801
f 2823/2823 2824/2824 2820/2820
f 2820/2820 2824/2824 2821/2821
f 2824/2824 2822/2822 2821/2821
f 2802/2802 2800/2800 2825/2825
f 2825/2825 2800/2800 2819/2819
f 2825/2825 2819/2819 2813/2813
f 2813/2813 2819/2819 2815/2815
f 2802/2802 2825/2825 2804/2804
f 2804/2804 2825/2825 2811/2811
f 2804/2804 2811/2811 2806/2806
f 2811/2811 2825/2825 2813/2813
f 2826/2826 2827/2827 2828/2828
f 2828/2828 2827/2827 2829/2829
f 2828/2828 2829/2829 2830/2830
f 2830/2830 2829/2829 2831/2831
f 2830/2830 2831/2831 2832/2832
f 2832/2832 2831/2831 2833/2833
f 2832/2832 2833/2833 2834/2834
f 2834/2834 2833/2833 2835/2835
f 2834/2834 2835/2835 2836/2836
f 2836/2836 2835/2835 2837/2837
f 2836/2836 2837/2837 2838/2838
f 2838/2838 2837/2837 2839/2839
f 2838/2838 2839/2839 2840/2840
f 2840/2840 2839/2839 2841/2841
f 2841/2841 2839/2839 2842/2842
f 2841/2841 2842/2842 2843/2843
f 2843/2843 2842/2842 2844/2844
f 2844/2844 2842/2842 2845/2845
f 2845/2845 2842/2842 2846/2846
f 2845/2845 2846/2846 2831/2831
f 2831/2831 2846/2846 2833/2833
f 2829/2829 2845/2845 2831/2831
f 2840/2840 2847/2847 2838/2838
f 2838/2838 2847/2847 2836/2836
f 2836/2836 2848/2848 2834/2834
f 2834/2834 2848/2848 2849/2849
f 2834/2834 2849/2849 2832/2832
f 2832/2832 2849/2849 2850/2850
f 2832/2832 2850/2850 2830/2830
f 2830/2830 2850/2850 2828/2828
f 2848/2848 2851/2851 2849/2849
f 2849/2849 2851/2851 2850/2850
f 2851/2851 2826/2826 2850/2850
f 2850/2850 2826/2826 2828/2828
f 2846/2846 2842/2842 2852/2852
f 2852/2852 2842/2842 2839/2839
f 2852/2852 2839/2839 2837/2837
f 2835/2835 2833/2833 2852/2852
f 2852/2852 2833/2833 2846/2846
f 2835/2835 2852/2852 2837/2837
f 2853/2853 2854/2854 2855/2855
f 2855/2855 2854/2854 2856/2856
f 2855/2855 2856/2856 2857/2857
f 2857/2857 2856/2856 2858/2858
f 2857/2857 2858/2858 2859/2859
f 2859/2859 2858/2858 2860/2860
f 2859/2859 2860/2860 2861/2861
f 2859/2859 2861/2861 2862/2862
f 2862/2862 2861/2861 2863/2863
f 2862/2862 2863/2863 2864/2864
f 2862/2862 2864/2864 2865/2865
f 2865/2865 2864/2864 2866/2866
f 2865/2865 2866/2866 2867/2867
f 2867/2867 2866/2866 2868/2868
f 2867/2867 2868/2868 2853/2853
f 2867/2867 2853/2853 2855/2855
f 2865/2865 2867/2867 2855/2855
f 2862/2862 2865/2865 2857/2857
f 2857/2857 2865/2865 2855/2855
f 2859/2859 2862/2862 2857/2857
f 2869/2869 2870/2870 2871/2871
f 2871/2871 2870/2870 2872/2872
f 2871/2871 2872/2872 2873/2873
f 2873/2873 2872/2872 2874/2874
f 2873/2873 2874/2874 2875/2875
f 2875/2875 2874/2874 2876/2876
f 2875/2875 2876/2876 2877/2877
f 2877/2877 2876/2876 2878/2878
f 2877/2877 2878/2878 2879/2879
f 2879/2879 2878/2878 2880/2880
f 2880/2880 2878/2878 2881/2881
f 2881/2881 2878/2878 2882/2882
f 2882/2882 2878/2878 2883/2883
f 2882/2882 2883/2883 2884/2884
f 2884/2884 2883/2883 2885/2885
f 2884/2884 2885/2885 2886/2886
f 2886/2886 2885/2885 2887/2887
f 2886/2886 2887/2887 2888/2888
f 2888/2888 2887/2887 2889/2889
f 2889/2889 2887/2887 2890/2890
f 2890/2890 2887/2887 2891/2891
f 2890/2890 2891/2891 2870/2870
f 2870/2870 2891/2891 2872/2872
f 2879/2879 2892/2892 2877/2877
f 2877/2877 2892/2892 2893/2893
f 2877/2877 2893/2893 2875/2875
f 2875/2875 2893/2893 2894/2894
f 2875/2875 2894/2894 2873/2873
f 2895/2895 2896/2896 2892/2892
f 2892/2892 2896/2896 2893/2893
f 2896/2896 2894/2894 2893/2893
f 2874/2874 2872/2872 2897/2897
f 2897/2897 2872/2872 2891/2891
f 2897/2897 2891/2891 2885/2885
f 2885/2885 2891/2891 2887/2887
f 2874/2874 2897/2897 2876/2876
f 2876/2876 2897/2897 2883/2883
f 2876/2876 2883/2883 2878/2878
f 2883/2883 2897/2897 2885/2885
f 2898/2898 2899/2899 2900/2900
f 2900/2900 2899/2899 2901/2901
f 2900/2900 2901/2901 2902/2902
f 2902/2902 2901/2901 2903/2903
f 2902/2902 2903/2903 2904/2904
f 2904/2904 2903/2903 2905/2905
f 2904/2904 2905/2905 2906/2906
f 2904/2904 2906/2906 2907/2907
f 2907/2907 2906/2906 2908/2908
f 2907/2907 2908/2908 2909/2909
f 2909/2909 2908/2908 2910/2910
f 2909/2909 2910/2910 2911/2911
f 2911/2911 2910/2910 2912/2912
f 2911/2911 2912/2912 2913/2913
f 2913/2913 2912/2912 2914/2914
f 2913/2913 2914/2914 2915/2915
f 2915/2915 2914/2914 2916/2916
f 2916/2916 2914/2914 2917/2917
f 2916/2916 2917/2917 2918/2918
f 2918/2918 2917/2917 2919/2919
f 2918/2918 2919/2919 2920/2920
f 2920/2920 2919/2919 2921/2921
f 2920/2920 2921/2921 2922/2922
f 2922/2922 2921/2921 2923/2923
f 2922/2922 2923/2923 2924/2924
f 2924/2924 2923/2923 2925/2925
f 2924/2924 2925/2925 2926/2926
f 2908/2908 2927/2927 2910/2910
f 2910/2910 2927/2927 2928/2928
f 2910/2910 2928/2928 2912/2912
f 2912/2912 2928/2928 2929/2929
f 2912/2912 2929/2929 2914/2914
f 2914/2914 2929/2929 2917/2917
f 2928/2928 2927/2927 2930/2930
f 2930/2930 2927/2927 2931/2931
f 2930/2930 2931/2931 2932/2932
f 2932/2932 2931/2931 2925/2925
f 2932/2932 2925/2925 2923/2923
f 2933/2933 2934/2934 2926/2926
f 2926/2926 2934/2934 2935/2935
f 2926/2926 2935/2935 2924/2924
f 2924/2924 2935/2935 2936/2936
f 2924/2924 2936/2936 2922/2922
f 2922/2922 2936/2936 2937/2937
f 2922/2922 2937/2937 2920/2920
f 2920/2920 2937/2937 2938/2938
f 2920/2920 2938/2938 2918/2918
f 2934/2934 2933/2933 2939/2939
f 2939/2939 2933/2933 2940/2940
f 2939/2939 2940/2940 2941/2941
f 2939/2939 2941/2941 2942/2942
f 2942/2942 2941/2941 2943/2943
f 2942/2942 2943/2943 2944/2944
f 2944/2944 2943/2943 2945/2945
f 2944/2944 2945/2945 2946/2946
f 2946/2946 2945/2945 2947/2947
f 2946/2946 2947/2947 2948/2948
f 2948/2948 2947/2947 2949/2949
f 2948/2948 2949/2949 2950/2950
f 2950/2950 2949/2949 2951/2951
f 2950/2950 2951/2951 2952/2952
f 2950/2950 2952/2952 2953/2953
f 2953/2953 2952/2952 2954/2954
f 2953/2953 2954/2954 2955/2955
f 2955/2955 2954/2954 2956/2956
f 2955/2955 2956/2956 2957/2957
f 2957/2957 2956/2956 2958/2958
f 2957/2957 2958/2958 2959/2959
f 2959/2959 2958/2958 2960/2960
f 2959/2959 2960/2960 2961/2961
f 2961/2961 2960/2960 2962/2962
f 2962/2962 2960/2960 2963/2963
f 2962/2962 2963/2963 2964/2964
f 2964/2964 2963/2963 2965/2965
f 2964/2964 2965/2965 2966/2966
f 2966/2966 2965/2965 2967/2967
f 2966/2966 2967/2967 2968/2968
f 2968/2968 2967/2967 2969/2969
f 2968/2968 2969/2969 2970/2970
f 2954/2954 2971/2971 2956/2956
f 2956/2956 2971/2971 2972/2972
f 2956/2956 2972/2972 2958/2958
f 2958/2958 2972/2972 2973/2973
f 2958/2958 2973/2973 2960/2960
f 2960/2960 2973/2973 2963/2963
f 2972/2972 2971/2971 2974/2974
f 2974/2974 2971/2971 2975/2975
f 2974/2974 2975/2975 2967/2967
f 2967/2967 2975/2975 2969/2969
f 2970/2970 2976/2976 2968/2968
f 2968/2968 2976/2976 2977/2977
f 2968/2968 2977/2977 2978/2978
f 2978/2978 2977/2977 2979/2979
f 2978/2978 2979/2979 2980/2980
f 2980/2980 2979/2979 2981/2981
f 2980/2980 2981/2981 2982/2982
f 2982/2982 2981/2981 2983/2983
f 2983/2983 2981/2981 2984/2984
f 2983/2983 2984/2984 2985/2985
f 2985/2985 2984/2984 2986/2986
f 2985/2985 2986/2986 2987/2987
f 2987/2987 2986/2986 2988/2988
f 2987/2987 2988/2988 2989/2989
f 2976/2976 2990/2990 2977/2977
f 2977/2977 2990/2990 2991/2991
f 2977/2977 2991/2991 2979/2979
f 2979/2979 2991/2991 2992/2992
f 2979/2979 2992/2992 2981/2981
f 2981/2981 2992/2992 2984/2984
f 2990/2990 2993/2993 2991/2991
f 2991/2991 2993/2993 2994/2994
f 2991/2991 2994/2994 2992/2992
f 2992/2992 2994/2994 2995/2995
f 2992/2992 2995/2995 2984/2984
f 2984/2984 2995/2995 2986/2986
f 2993/2993 2996/2996 2994/2994
f 2994/2994 2996/2996 2997/2997
f 2994/2994 2997/2997 2995/2995
f 2995/2995 2997/2997 2988/2988
f 2995/2995 2988/2988 2986/2986
f 2982/2982 2998/2998 2980/2980
f 2980/2980 2998/2998 2999/2999
f 2980/2980 2999/2999 2978/2978
f 2978/2978 2999/2999 2966/2966
f 2978/2978 2966/2966 2968/2968
f 2998/2998 3000/3000 2999/2999
f 2999/2999 3000/3000 2964/2964
f 2999/2999 2964/2964 2966/2966
f 3000/3000 2962/2962 2964/2964
f 2959/2959 2961/2961 3001/3001
f 3001/3001 2961/2961 3002/3002
f 3001/3001 3002/3002 3003/3003
f 3003/3003 3002/3002 3004/3004
f 3003/3003 3004/3004 3005/3005
f 3003/3003 3005/3005 3006/3006
f 3006/3006 3005/3005 3007/3007
f 3006/3006 3007/3007 3008/3008
f 3008/3008 3007/3007 3009/3009
f 3008/3008 3009/3009 3010/3010
f 3010/3010 3009/3009 3011/3011
f 3010/3010 3011/3011 3012/3012
f 3012/3012 3011/3011 3013/3013
f 3012/3012 3013/3013 3014/3014
f 3014/3014 3013/3013 3015/3015
f 3014/3014 3015/3015 3016/3016
f 3016/3016 3015/3015 3017/3017
f 3016/3016 3017/3017 3018/3018
f 3018/3018 3017/3017 3019/3019
f 3018/3018 3019/3019 3020/3020
f 3020/3020 3019/3019 2938/2938
f 3020/3020 2938/2938 2937/2937
f 2913/2913 2915/2915 3021/3021
f 3021/3021 2915/2915 2898/2898
f 3021/3021 2898/2898 2900/2900
f 2911/2911 2913/2913 3021/3021
f 3021/3021 2900/2900 3022/3022
f 3022/3022 2900/2900 2902/2902
f 3022/3022 2902/2902 2907/2907
f 2907/2907 2902/2902 2904/2904
f 2919/2919 2917/2917 3023/3023
f 3023/3023 2917/2917 2929/2929
f 3023/3023 2929/2929 2930/2930
f 2930/2930 2929/2929 2928/2928
f 2937/2937 2936/2936 3020/3020
f 3020/3020 2936/2936 3024/3024
f 3020/3020 3024/3024 3018/3018
f 3018/3018 3024/3024 3025/3025
f 3018/3018 3025/3025 3016/3016
f 3016/3016 3025/3025 3026/3026
f 3016/3016 3026/3026 3014/3014
f 3014/3014 3026/3026 3027/3027
f 3014/3014 3027/3027 3012/3012
f 3012/3012 3027/3027 3028/3028
f 3012/3012 3028/3028 3010/3010
f 3010/3010 3028/3028 3029/3029
f 3010/3010 3029/3029 3008/3008
f 3008/3008 3029/3029 3030/3030
f 3008/3008 3030/3030 3006/3006
f 3006/3006 3030/3030 3031/3031
f 3006/3006 3031/3031 3003/3003
f 3003/3003 3031/3031 3032/3032
f 3003/3003 3032/3032 3001/3001
f 3001/3001 3032/3032 2957/2957
f 3001/3001 2957/2957 2959/2959
f 2965/2965 2963/2963 2973/2973
f 2909/2909 2911/2911 3022/3022
f 3022/3022 2911/2911 3021/3021
f 2909/2909 3022/3022 2907/2907
f 2919/2919 3023/3023 2921/2921
f 2921/2921 3023/3023 2932/2932
f 2921/2921 2932/2932 2923/2923
f 2932/2932 3023/3023 2930/2930
f 2936/2936 2935/2935 3024/3024
f 3024/3024 2935/2935 2934/2934
f 3024/3024 2934/2934 3025/3025
f 3025/3025 2934/2934 2939/2939
f 3025/3025 2939/2939 3026/3026
f 3026/3026 2939/2939 2942/2942
f 3026/3026 2942/2942 3027/3027
f 3027/3027 2942/2942 2944/2944
f 3027/3027 2944/2944 3028/3028
f 3028/3028 2944/2944 2946/2946
f 3028/3028 2946/2946 3029/3029
f 3029/3029 2946/2946 2948/2948
f 3029/3029 2948/2948 3030/3030
f 3030/3030 2948/2948 2950/2950
f 3030/3030 2950/2950 3031/3031
f 3031/3031 2950/2950 2953/2953
f 3031/3031 2953/2953 3032/3032
f 3032/3032 2953/2953 2955/2955
f 3032/3032 2955/2955 2957/2957
f 2972/2972 2974/2974 2973/2973
f 2973/2973 2974/2974 2965/2965
f 2974/2974 2967/2967 2965/2965
f 3033/3033 3034/3034 3035/3035
f 3035/3035 3034/3034 3036/3036
f 3035/3035 3036/3036 3037/3037
f 3037/3037 3036/3036 3038/3038
f 3038/3038 3036/3036 3039/3039
f 3038/3038 3039/3039 3040/3040
f 3040/3040 3039/3039 3041/3041
f 3040/3040 3041/3041 3042/3042
f 3042/3042 3041/3041 3043/3043
f 3043/3043 3041/3041 3044/3044
f 3043/3043 3044/3044 3045/3045
f 3045/3045 3044/3044 3046/3046
f 3046/3046 3044/3044 3047/3047
f 3047/3047 3044/3044 3048/3048
f 3047/3047 3048/3048 3033/3033
f 3033/3033 3048/3048 3034/3034
f 3042/3042 3049/3049 3040/3040
f 3039/3039 3036/3036 3034/3034
f 3041/3041 3039/3039 3048/3048
f 3048/3048 3039/3039 3034/3034
f 3044/3044 3041/3041 3048/3048
f 3050/3050 3051/3051 3052/3052
f 3052/3052 3051/3051 3053/3053
f 3052/3052 3053/3053 3054/3054
f 3054/3054 3053/3053 3055/3055
f 3054/3054 3055/3055 3056/3056
f 3056/3056 3055/3055 3057/3057
f 3056/3056 3057/3057 3058/3058
f 3058/3058 3057/3057 3059/3059
f 3058/3058 3059/3059 3060/3060
f 3060/3060 3059/3059 3061/3061
f 3060/3060 3061/3061 3062/3062
f 3055/3055 3063/3063 3057/3057
f 3057/3057 3063/3063 3064/3064
f 3057/3057 3064/3064 3059/3059
f 3059/3059 3064/3064 3065/3065
f 3059/3059 3065/3065 3061/3061
f 3063/3063 3066/3066 3064/3064
f 3064/3064 3066/3066 3065/3065
f 3060/3060 3062/3062 3067/3067
f 3067/3067 3062/3062 3068/3068
f 3067/3067 3068/3068 3069/3069
f 3067/3067 3069/3069 3070/3070
f 3070/3070 3069/3069 3071/3071
f 3070/3070 3071/3071 3072/3072
f 3072/3072 3071/3071 3073/3073
f 3072/3072 3073/3073 3074/3074
f 3074/3074 3073/3073 3075/3075
f 3074/3074 3075/3075 3076/3076
f 3076/3076 3075/3075 3077/3077
f 3076/3076 3077/3077 3050/3050
f 3073/3073 3071/3071 3078/3078
f 3078/3078 3071/3071 3079/3079
f 3078/3078 3079/3079 3080/3080
f 3080/3080 3077/3077 3078/3078
f 3078/3078 3077/3077 3075/3075
f 3078/3078 3075/3075 3073/3073
f 3076/3076 3050/3050 3052/3052
f 3076/3076 3052/3052 3081/3081
f 3081/3081 3052/3052 3054/3054
f 3081/3081 3054/3054 3082/3082
f 3082/3082 3054/3054 3056/3056
f 3082/3082 3056/3056 3058/3058
f 3076/3076 3081/3081 3074/3074
f 3074/3074 3081/3081 3083/3083
f 3074/3074 3083/3083 3072/3072
f 3072/3072 3083/3083 3070/3070
f 3083/3083 3081/3081 3082/3082
f 3083/3083 3082/3082 3084/3084
f 3084/3084 3082/3082 3058/3058
f 3084/3084 3058/3058 3060/3060
f 3067/3067 3070/3070 3084/3084
f 3084/3084 3070/3070 3083/3083
f 3067/3067 3084/3084 3060/3060
f 3085/3085 3086/3086 3087/3087
f 3087/3087 3086/3086 3088/3088
f 3087/3087 3088/3088 3089/3089
f 3089/3089 3090/3090 3087/3087
f 3087/3087 3090/3090 3091/3091
f 3091/3091 3090/3090 3092/3092
f 3091/3091 3092/3092 3093/3093
f 3093/3093 3092/3092 3094/3094
f 3094/3094 3092/3092 3095/3095
f 3094/3094 3095/3095 3096/3096
f 3090/3090 3097/3097 3092/3092
f 3092/3092 3097/3097 3098/3098
f 3092/3092 3098/3098 3095/3095
f 3095/3095 3098/3098 3099/3099
f 3099/3099 3098/3098 3100/3100
f 3099/3099 3100/3100 3101/3101
f 3101/3101 3102/3102 3099/3099
f 3099/3099 3102/3102 3103/3103
f 3093/3093 3104/3104 3091/3091
f 3105/3105 3106/3106 3107/3107
f 3107/3107 3106/3106 3108/3108
f 3107/3107 3108/3108 3109/3109
f 3109/3109 3108/3108 3110/3110
f 3109/3109 3110/3110 3111/3111
f 3111/3111 3110/3110 3112/3112
f 3111/3111 3112/3112 3113/3113
f 3113/3113 3112/3112 3114/3114
f 3114/3114 3112/3112 3115/3115
f 3114/3114 3115/3115 3116/3116
f 3116/3116 3115/3115 3117/3117
f 3117/3117 3115/3115 3118/3118
f 3118/3118 3115/3115 3119/3119
f 3119/3119 3115/3115 3120/3120
f 3119/3119 3120/3120 3121/3121
f 3110/3110 3120/3120 3112/3112
f 3112/3112 3120/3120 3115/3115
f 3111/3111 3113/3113 3109/3109
f 3109/3109 3113/3113 3122/3122
f 3109/3109 3122/3122 3107/3107
f 3107/3107 3122/3122 3105/3105
f 3123/3123 3124/3124 3125/3125
f 3125/3125 3124/3124 3126/3126
f 3125/3125 3126/3126 3127/3127
f 3127/3127 3126/3126 3128/3128
f 3127/3127 3128/3128 3129/3129
f 3129/3129 3128/3128 3130/3130
f 3129/3129 3130/3130 3131/3131
f 3131/3131 3130/3130 3132/3132
f 3131/3131 3132/3132 3133/3133
f 3133/3133 3132/3132 3134/3134
f 3133/3133 3134/3134 3135/3135
f 3126/3126 3136/3136 3128/3128
f 3128/3128 3136/3136 3137/3137
f 3128/3128 3137/3137 3130/3130
f 3130/3130 3137/3137 3138/3138
f 3130/3130 3138/3138 3132/3132
f 3132/3132 3138/3138 3139/3139
f 3132/3132 3139/3139 3134/3134
f 3137/3137 3136/3136 3140/3140
f 3140/3140 3136/3136 3141/3141
f 3140/3140 3141/3141 3142/3142
f 3140/3140 3142/3142 3138/3138
f 3138/3138 3142/3142 3139/3139
f 3133/3133 3143/3143 3131/3131
f 3131/3131 3143/3143 3144/3144
f 3131/3131 3144/3144 3129/3129
f 3129/3129 3144/3144 3145/3145
f 3129/3129 3145/3145 3127/3127
f 3127/3127 3145/3145 3125/3125
f 3144/3144 3143/3143 3146/3146
f 3146/3146 3143/3143 3147/3147
f 3146/3146 3147/3147 3148/3148
f 3148/3148 3147/3147 3149/3149
f 3148/3148 3149/3149 3150/3150
f 3150/3150 3151/3151 3148/3148
f 3148/3148 3151/3151 3152/3152
f 3148/3148 3152/3152 3146/3146
f 3146/3146 3152/3152 3145/3145
f 3146/3146 3145/3145 3144/3144
f 3152/3152 3151/3151 3125/3125
f 3125/3125 3151/3151 3123/3123
f 3145/3145 3152/3152 3125/3125
f 3140/3140 3138/3138 3137/3137
f 3153/3153 3154/3154 3155/3155
f 3155/3155 3154/3154 3156/3156
f 3155/3155 3156/3156 3157/3157
f 3157/3157 3156/3156 3158/3158
f 3157/3157 3158/3158 3159/3159
f 3159/3159 3158/3158 3160/3160
f 3159/3159 3160/3160 3161/3161
f 3161/3161 3160/3160 3162/3162
f 3161/3161 3162/3162 3163/3163
f 3163/3163 3162/3162 3164/3164
f 3163/3163 3164/3164 3165/3165
f 3158/3158 3166/3166 3160/3160
f 3160/3160 3166/3166 3167/3167
f 3160/3160 3167/3167 3162/3162
f 3162/3162 3167/3167 3168/3168
f 3162/3162 3168/3168 3169/3169
f 3166/3166 3170/3170 3167/3167
f 3167/3167 3170/3170 3171/3171
f 3167/3167 3171/3171 3168/3168
f 3169/3169 3164/3164 3162/3162
f 3165/3165 3172/3172 3163/3163
f 3163/3163 3172/3172 3173/3173
f 3163/3163 3173/3173 3174/3174
f 3174/3174 3173/3173 3175/3175
f 3174/3174 3175/3175 3176/3176
f 3176/3176 3175/3175 3177/3177
f 3176/3176 3177/3177 3178/3178
f 3178/3178 3177/3177 3179/3179
f 3178/3178 3179/3179 3180/3180
f 3180/3180 3179/3179 3181/3181
f 3180/3180 3181/3181 3182/3182
f 3182/3182 3181/3181 3183/3183
f 3183/3183 3181/3181 3184/3184
f 3184/3184 3181/3181 3185/3185
f 3184/3184 3185/3185 3186/3186
f 3186/3186 3185/3185 3187/3187
f 3186/3186 3187/3187 3188/3188
f 3188/3188 3187/3187 3189/3189
f 3188/3188 3189/3189 3190/3190
f 3190/3190 3189/3189 3191/3191
f 3190/3190 3191/3191 3192/3192
f 3192/3192 3191/3191 3193/3193
f 3192/3192 3193/3193 3194/3194
f 3194/3194 3193/3193 3195/3195
f 3194/3194 3195/3195 3196/3196
f 3196/3196 3195/3195 3197/3197
f 3196/3196 3197/3197 3198/3198
f 3198/3198 3197/3197 3199/3199
f 3198/3198 3199/3199 3200/3200
f 3173/3173 3172/3172 3201/3201
f 3201/3201 3172/3172 3202/3202
f 3201/3201 3202/3202 3203/3203
f 3203/3203 3202/3202 3204/3204
f 3203/3203 3204/3204 3205/3205
f 3203/3203 3205/3205 3206/3206
f 3206/3206 3205/3205 3207/3207
f 3206/3206 3207/3207 3208/3208
f 3208/3208 3207/3207 3209/3209
f 3208/3208 3209/3209 3210/3210
f 3210/3210 3209/3209 3211/3211
f 3210/3210 3211/3211 3212/3212
f 3212/3212 3211/3211 3193/3193
f 3212/3212 3193/3193 3191/3191
f 3207/3207 3213/3213 3209/3209
f 3209/3209 3213/3213 3214/3214
f 3209/3209 3214/3214 3215/3215
f 3215/3215 3214/3214 3199/3199
f 3215/3215 3199/3199 3197/3197
f 3198/3198 3200/3200 3216/3216
f 3216/3216 3200/3200 3217/3217
f 3216/3216 3217/3217 3218/3218
f 3218/3218 3217/3217 3219/3219
f 3218/3218 3219/3219 3220/3220
f 3220/3220 3221/3221 3218/3218
f 3218/3218 3221/3221 3222/3222
f 3218/3218 3222/3222 3223/3223
f 3223/3223 3222/3222 3224/3224
f 3223/3223 3224/3224 3225/3225
f 3225/3225 3224/3224 3226/3226
f 3225/3225 3226/3226 3227/3227
f 3227/3227 3226/3226 3228/3228
f 3227/3227 3228/3228 3229/3229
f 3229/3229 3228/3228 3230/3230
f 3229/3229 3230/3230 3231/3231
f 3231/3231 3230/3230 3232/3232
f 3232/3232 3230/3230 3233/3233
f 3232/3232 3233/3233 3234/3234
f 3234/3234 3233/3233 3235/3235
f 3234/3234 3235/3235 3236/3236
f 3236/3236 3235/3235 3237/3237
f 3236/3236 3237/3237 3238/3238
f 3238/3238 3237/3237 3239/3239
f 3238/3238 3239/3239 3240/3240
f 3240/3240 3239/3239 3241/3241
f 3240/3240 3241/3241 3242/3242
f 3242/3242 3241/3241 3243/3243
f 3242/3242 3243/3243 3244/3244
f 3244/3244 3243/3243 3245/3245
f 3244/3244 3245/3245 3246/3246
f 3246/3246 3245/3245 3247/3247
f 3246/3246 3247/3247 3248/3248
f 3248/3248 3247/3247 3249/3249
f 3248/3248 3249/3249 3250/3250
f 3250/3250 3249/3249 3251/3251
f 3250/3250 3251/3251 3252/3252
f 3221/3221 3253/3253 3222/3222
f 3222/3222 3253/3253 3254/3254
f 3222/3222 3254/3254 3224/3224
f 3224/3224 3254/3254 3255/3255
f 3224/3224 3255/3255 3226/3226
f 3226/3226 3255/3255 3256/3256
f 3226/3226 3256/3256 3228/3228
f 3228/3228 3256/3256 3257/3257
f 3228/3228 3257/3257 3230/3230
f 3230/3230 3257/3257 3233/3233
f 3254/3254 3253/3253 3258/3258
f 3258/3258 3253/3253 3259/3259
f 3258/3258 3259/3259 3260/3260
f 3260/3260 3259/3259 3261/3261
f 3260/3260 3261/3261 3262/3262
f 3262/3262 3261/3261 3263/3263
f 3262/3262 3263/3263 3264/3264
f 3264/3264 3263/3263 3265/3265
f 3264/3264 3265/3265 3266/3266
f 3266/3266 3265/3265 3239/3239
f 3266/3266 3239/3239 3237/3237
f 3259/3259 3267/3267 3261/3261
f 3261/3261 3267/3267 3268/3268
f 3261/3261 3268/3268 3263/3263
f 3263/3263 3268/3268 3269/3269
f 3263/3263 3269/3269 3265/3265
f 3265/3265 3269/3269 3241/3241
f 3265/3265 3241/3241 3239/3239
f 3267/3267 3270/3270 3268/3268
f 3268/3268 3270/3270 3271/3271
f 3268/3268 3271/3271 3272/3272
f 3272/3272 3271/3271 3273/3273
f 3272/3272 3273/3273 3245/3245
f 3245/3245 3273/3273 3274/3274
f 3245/3245 3274/3274 3247/3247
f 3252/3252 3275/3275 3250/3250
f 3250/3250 3275/3275 3276/3276
f 3250/3250 3276/3276 3277/3277
f 3277/3277 3276/3276 3278/3278
f 3277/3277 3278/3278 3279/3279
f 3279/3279 3278/3278 3280/3280
f 3279/3279 3280/3280 3281/3281
f 3281/3281 3280/3280 3282/3282
f 3281/3281 3282/3282 3283/3283
f 3283/3283 3282/3282 3284/3284
f 3283/3283 3284/3284 3285/3285
f 3285/3285 3284/3284 3286/3286
f 3286/3286 3284/3284 3287/3287
f 3287/3287 3284/3284 3288/3288
f 3287/3287 3288/3288 3289/3289
f 3289/3289 3288/3288 3290/3290
f 3290/3290 3288/3288 3291/3291
f 3291/3291 3288/3288 3292/3292
f 3291/3291 3292/3292 3293/3293
f 3293/3293 3292/3292 3294/3294
f 3293/3293 3294/3294 3295/3295
f 3295/3295 3294/3294 3280/3280
f 3295/3295 3280/3280 3278/3278
f 3275/3275 3296/3296 3276/3276
f 3276/3276 3296/3296 3297/3297
f 3276/3276 3297/3297 3278/3278
f 3278/3278 3297/3297 3295/3295
f 3296/3296 3298/3298 3297/3297
f 3297/3297 3298/3298 3299/3299
f 3297/3297 3299/3299 3300/3300
f 3297/3297 3300/3300 3295/3295
f 3295/3295 3300/3300 3293/3293
f 3285/3285 3301/3301 3283/3283
f 3283/3283 3301/3301 3302/3302
f 3283/3283 3302/3302 3281/3281
f 3281/3281 3302/3302 3303/3303
f 3281/3281 3303/3303 3279/3279
f 3279/3279 3303/3303 3304/3304
f 3279/3279 3304/3304 3277/3277
f 3277/3277 3304/3304 3305/3305
f 3277/3277 3305/3305 3250/3250
f 3250/3250 3305/3305 3248/3248
f 3301/3301 3306/3306 3302/3302
f 3302/3302 3306/3306 3307/3307
f 3302/3302 3307/3307 3308/3308
f 3308/3308 3307/3307 3309/3309
f 3308/3308 3309/3309 3310/3310
f 3310/3310 3309/3309 3311/3311
f 3310/3310 3311/3311 3312/3312
f 3312/3312 3311/3311 3313/3313
f 3312/3312 3313/3313 3314/3314
f 3314/3314 3313/3313 3242/3242
f 3314/3314 3242/3242 3244/3244
f 3309/3309 3315/3315 3311/3311
f 3311/3311 3315/3315 3316/3316
f 3311/3311 3316/3316 3313/3313
f 3313/3313 3316/3316 3240/3240
f 3313/3313 3240/3240 3242/3242
f 3316/3316 3315/3315 3238/3238
f 3238/3238 3315/3315 3236/3236
f 3231/3231 3317/3317 3229/3229
f 3229/3229 3317/3317 3318/3318
f 3229/3229 3318/3318 3319/3319
f 3229/3229 3319/3319 3320/3320
f 3320/3320 3319/3319 3321/3321
f 3320/3320 3321/3321 3322/3322
f 3322/3322 3321/3321 3323/3323
f 3322/3322 3323/3323 3324/3324
f 3324/3324 3323/3323 3325/3325
f 3324/3324 3325/3325 3326/3326
f 3326/3326 3325/3325 3327/3327
f 3326/3326 3327/3327 3328/3328
f 3328/3328 3327/3327 3190/3190
f 3328/3328 3190/3190 3192/3192
f 3327/3327 3188/3188 3190/3190
f 3182/3182 3329/3329 3180/3180
f 3180/3180 3329/3329 3330/3330
f 3180/3180 3330/3330 3178/3178
f 3178/3178 3330/3330 3331/3331
f 3178/3178 3331/3331 3176/3176
f 3176/3176 3331/3331 3332/3332
f 3176/3176 3332/3332 3174/3174
f 3174/3174 3332/3332 3161/3161
f 3174/3174 3161/3161 3163/3163
f 3329/3329 3333/3333 3330/3330
f 3330/3330 3333/3333 3153/3153
f 3330/3330 3153/3153 3155/3155
f 3331/3331 3330/3330 3155/3155
f 3185/3185 3181/3181 3334/3334
f 3334/3334 3181/3181 3179/3179
f 3334/3334 3179/3179 3335/3335
f 3335/3335 3179/3179 3177/3177
f 3335/3335 3177/3177 3336/3336
f 3336/3336 3177/3177 3175/3175
f 3336/3336 3175/3175 3201/3201
f 3201/3201 3175/3175 3173/3173
f 3187/3187 3185/3185 3337/3337
f 3337/3337 3185/3185 3334/3334
f 3337/3337 3334/3334 3338/3338
f 3338/3338 3334/3334 3335/3335
f 3338/3338 3335/3335 3339/3339
f 3339/3339 3335/3335 3336/3336
f 3339/3339 3336/3336 3203/3203
f 3203/3203 3336/3336 3201/3201
f 3189/3189 3187/3187 3340/3340
f 3340/3340 3187/3187 3337/3337
f 3340/3340 3337/3337 3341/3341
f 3341/3341 3337/3337 3338/3338
f 3341/3341 3338/3338 3342/3342
f 3342/3342 3338/3338 3339/3339
f 3342/3342 3339/3339 3206/3206
f 3206/3206 3339/3339 3203/3203
f 3326/3326 3328/3328 3343/3343
f 3343/3343 3328/3328 3192/3192
f 3343/3343 3192/3192 3194/3194
f 3324/3324 3326/3326 3344/3344
f 3344/3344 3326/3326 3343/3343
f 3344/3344 3343/3343 3345/3345
f 3345/3345 3343/3343 3194/3194
f 3345/3345 3194/3194 3196/3196
f 3322/3322 3324/3324 3346/3346
f 3346/3346 3324/3324 3344/3344
f 3346/3346 3344/3344 3347/3347
f 3347/3347 3344/3344 3345/3345
f 3347/3347 3345/3345 3348/3348
f 3348/3348 3345/3345 3196/3196
f 3348/3348 3196/3196 3198/3198
f 3227/3227 3229/3229 3320/3320
f 3320/3320 3322/3322 3349/3349
f 3349/3349 3322/3322 3346/3346
f 3349/3349 3346/3346 3350/3350
f 3350/3350 3346/3346 3347/3347
f 3350/3350 3347/3347 3351/3351
f 3351/3351 3347/3347 3348/3348
f 3351/3351 3348/3348 3216/3216
f 3216/3216 3348/3348 3198/3198
f 3266/3266 3237/3237 3235/3235
f 3235/3235 3233/3233 3352/3352
f 3352/3352 3233/3233 3257/3257
f 3352/3352 3257/3257 3353/3353
f 3353/3353 3257/3257 3256/3256
f 3353/3353 3256/3256 3354/3354
f 3354/3354 3256/3256 3255/3255
f 3354/3354 3255/3255 3258/3258
f 3258/3258 3255/3255 3254/3254
f 3240/3240 3316/3316 3238/3238
f 3303/3303 3302/3302 3308/3308
f 3308/3308 3310/3310 3355/3355
f 3355/3355 3310/3310 3312/3312
f 3355/3355 3312/3312 3356/3356
f 3356/3356 3312/3312 3314/3314
f 3356/3356 3314/3314 3357/3357
f 3357/3357 3314/3314 3244/3244
f 3357/3357 3244/3244 3246/3246
f 3292/3292 3288/3288 3284/3284
f 3292/3292 3284/3284 3282/3282
f 3332/3332 3331/3331 3157/3157
f 3157/3157 3331/3331 3155/3155
f 3212/3212 3191/3191 3340/3340
f 3340/3340 3191/3191 3189/3189
f 3212/3212 3340/3340 3341/3341
f 3225/3225 3227/3227 3349/3349
f 3349/3349 3227/3227 3320/3320
f 3225/3225 3349/3349 3350/3350
f 3264/3264 3266/3266 3352/3352
f 3352/3352 3266/3266 3235/3235
f 3264/3264 3352/3352 3353/3353
f 3304/3304 3303/3303 3355/3355
f 3355/3355 3303/3303 3308/3308
f 3304/3304 3355/3355 3356/3356
f 3294/3294 3292/3292 3282/3282
f 3294/3294 3282/3282 3280/3280
f 3159/3159 3161/3161 3332/3332
f 3212/3212 3341/3341 3210/3210
f 3210/3210 3341/3341 3342/3342
f 3210/3210 3342/3342 3208/3208
f 3208/3208 3342/3342 3206/3206
f 3193/3193 3211/3211 3195/3195
f 3195/3195 3211/3211 3215/3215
f 3195/3195 3215/3215 3197/3197
f 3215/3215 3211/3211 3209/3209
f 3225/3225 3350/3350 3223/3223
f 3223/3223 3350/3350 3351/3351
f 3223/3223 3351/3351 3218/3218
f 3218/3218 3351/3351 3216/3216
f 3264/3264 3353/3353 3262/3262
f 3262/3262 3353/3353 3354/3354
f 3262/3262 3354/3354 3260/3260
f 3260/3260 3354/3354 3258/3258
f 3241/3241 3269/3269 3243/3243
f 3243/3243 3269/3269 3272/3272
f 3243/3243 3272/3272 3245/3245
f 3272/3272 3269/3269 3268/3268
f 3304/3304 3356/3356 3305/3305
f 3305/3305 3356/3356 3357/3357
f 3305/3305 3357/3357 3248/3248
f 3248/3248 3357/3357 3246/3246
f 3157/3157 3159/3159 3332/3332
f 3358/3358 3359/3359 3360/3360
f 3360/3360 3359/3359 3361/3361
f 3360/3360 3361/3361 3362/3362
f 3362/3362 3361/3361 3363/3363
f 3362/3362 3363/3363 3364/3364
f 3364/3364 3363/3363 3365/3365
f 3364/3364 3365/3365 3366/3366
f 3366/3366 3365/3365 3367/3367
f 3367/3367 3365/3365 3368/3368
f 3367/3367 3368/3368 3369/3369
f 3369/3369 3368/3368 3370/3370
f 3370/3370 3368/3368 3371/3371
f 3371/3371 3368/3368 3365/3365
f 3371/3371 3365/3365 3363/3363
f 3364/3364 3366/3366 3362/3362
f 3362/3362 3366/3366 3372/3372
f 3362/3362 3372/3372 3360/3360
f 3360/3360 3372/3372 3358/3358
f 3373/3373 3374/3374 3375/3375
f 3375/3375 3374/3374 3376/3376
f 3375/3375 3376/3376 3377/3377
f 3377/3377 3376/3376 3378/3378
f 3377/3377 3378/3378 3379/3379
f 3379/3379 3378/3378 3380/3380
f 3379/3379 3380/3380 3381/3381
f 3381/3381 3380/3380 3382/3382
f 3382/3382 3380/3380 3383/3383
f 3382/3382 3383/3383 3384/3384
f 3384/3384 3383/3383 3385/3385
f 3384/3384 3385/3385 3386/3386
f 3386/3386 3385/3385 3387/3387
f 3386/3386 3387/3387 3388/3388
f 3388/3388 3387/3387 3389/3389
f 3388/3388 3389/3389 3390/3390
f 3390/3390 3389/3389 3391/3391
f 3390/3390 3391/3391 3392/3392
f 3392/3392 3391/3391 3393/3393
f 3392/3392 3393/3393 3394/3394
f 3376/3376 3374/3374 3387/3387
f 3387/3387 3374/3374 3389/3389
f 3394/3394 3395/3395 3392/3392
f 3392/3392 3395/3395 3396/3396
f 3392/3392 3396/3396 3390/3390
f 3390/3390 3396/3396 3397/3397
f 3390/3390 3397/3397 3388/3388
f 3388/3388 3397/3397 3386/3386
f 3396/3396 3395/3395 3398/3398
f 3398/3398 3395/3395 3399/3399
f 3398/3398 3399/3399 3400/3400
f 3400/3400 3401/3401 3398/3398
f 3398/3398 3401/3401 3402/3402
f 3398/3398 3402/3402 3397/3397
f 3397/3397 3402/3402 3386/3386
f 3402/3402 3401/3401 3384/3384
f 3384/3384 3401/3401 3382/3382
f 3383/3383 3380/3380 3378/3378
f 3387/3387 3385/3385 3376/3376
f 3376/3376 3385/3385 3378/3378
f 3385/3385 3383/3383 3378/3378
f 3384/3384 3386/3386 3402/3402
f 3398/3398 3397/3397 3396/3396
f 3403/3403 3404/3404 3405/3405
f 3405/3405 3404/3404 3406/3406
f 3405/3405 3406/3406 3407/3407
f 3407/3407 3408/3408 3405/3405
f 3405/3405 3408/3408 3409/3409
f 3409/3409 3408/3408 3410/3410
f 3409/3409 3410/3410 3411/3411
f 3411/3411 3410/3410 3412/3412
f 3412/3412 3410/3410 3413/3413
f 3412/3412 3413/3413 3414/3414
f 3408/3408 3415/3415 3410/3410
f 3410/3410 3415/3415 3416/3416
f 3410/3410 3416/3416 3413/3413
f 3413/3413 3416/3416 3417/3417
f 3417/3417 3416/3416 3418/3418
f 3417/3417 3418/3418 3419/3419
f 3419/3419 3420/3420 3417/3417
f 3417/3417 3420/3420 3421/3421
f 3411/3411 3422/3422 3409/3409
f 3423/3423 3424/3424 3425/3425
f 3425/3425 3424/3424 3426/3426
f 3425/3425 3426/3426 3427/3427
f 3427/3427 3426/3426 3428/3428
f 3427/3427 3428/3428 3429/3429
f 3429/3429 3428/3428 3430/3430
f 3429/3429 3430/3430 3431/3431
f 3431/3431 3430/3430 3432/3432
f 3432/3432 3430/3430 3433/3433
f 3432/3432 3433/3433 3434/3434
f 3434/3434 3433/3433 3435/3435
f 3435/3435 3433/3433 3436/3436
f 3436/3436 3433/3433 3430/3430
f 3436/3436 3430/3430 3428/3428
f 3429/3429 3431/3431 3427/3427
f 3427/3427 3431/3431 3437/3437
f 3427/3427 3437/3437 3425/3425
f 3425/3425 3437/3437 3423/3423
f 3438/3438 3439/3439 3440/3440
f 3440/3440 3439/3439 3441/3441
f 3440/3440 3441/3441 3442/3442
f 3442/3442 3441/3441 3443/3443
f 3442/3442 3443/3443 3444/3444
f 3444/3444 3443/3443 3445/3445
f 3444/3444 3445/3445 3446/3446
f 3446/3446 3445/3445 3447/3447
f 3446/3446 3447/3447 3448/3448
f 3448/3448 3447/3447 3449/3449
f 3448/3448 3449/3449 3450/3450
f 3445/3445 3443/3443 3451/3451
f 3451/3451 3443/3443 3452/3452
f 3451/3451 3452/3452 3453/3453
f 3453/3453 3449/3449 3451/3451
f 3451/3451 3449/3449 3447/3447
f 3451/3451 3447/3447 3445/3445
f 3448/3448 3450/3450 3454/3454
f 3454/3454 3450/3450 3455/3455
f 3454/3454 3455/3455 3456/3456
f 3454/3454 3456/3456 3457/3457
f 3457/3457 3456/3456 3458/3458
f 3457/3457 3458/3458 3459/3459
f 3459/3459 3458/3458 3460/3460
f 3459/3459 3460/3460 3461/3461
f 3461/3461 3460/3460 3462/3462
f 3461/3461 3462/3462 3463/3463
f 3463/3463 3462/3462 3464/3464
f 3463/3463 3464/3464 3438/3438
f 3458/3458 3465/3465 3460/3460
f 3460/3460 3465/3465 3466/3466
f 3460/3460 3466/3466 3462/3462
f 3462/3462 3466/3466 3467/3467
f 3462/3462 3467/3467 3464/3464
f 3465/3465 3468/3468 3466/3466
f 3466/3466 3468/3468 3467/3467
f 3463/3463 3438/3438 3440/3440
f 3463/3463 3440/3440 3469/3469
f 3469/3469 3440/3440 3442/3442
f 3469/3469 3442/3442 3470/3470
f 3470/3470 3442/3442 3444/3444
f 3470/3470 3444/3444 3446/3446
f 3463/3463 3469/3469 3461/3461
f 3461/3461 3469/3469 3471/3471
f 3461/3461 3471/3471 3459/3459
f 3459/3459 3471/3471 3457/3457
f 3471/3471 3469/3469 3470/3470
f 3448/3448 3454/3454 3472/3472
f 3472/3472 3454/3454 3457/3457
f 3472/3472 3457/3457 3471/3471
f 3470/3470 3446/3446 3472/3472
f 3472/3472 3446/3446 3448/3448
f 3470/3470 3472/3472 3471/3471
f 3473/3473 3474/3474 3475/3475
f 3475/3475 3474/3474 3476/3476
f 3475/3475 3476/3476 3477/3477
f 3477/3477 3476/3476 3478/3478
f 3477/3477 3478/3478 3479/3479
f 3479/3479 3478/3478 3480/3480
f 3479/3479 3480/3480 3481/3481
f 3481/3481 3480/3480 3482/3482
f 3481/3481 3482/3482 3483/3483
f 3483/3483 3482/3482 3484/3484
f 3483/3483 3484/3484 3485/3485
f 3478/3478 3486/3486 3480/3480
f 3480/3480 3486/3486 3487/3487
f 3480/3480 3487/3487 3482/3482
f 3482/3482 3487/3487 3488/3488
f 3482/3482 3488/3488 3489/3489
f 3486/3486 3490/3490 3487/3487
f 3487/3487 3490/3490 3491/3491
f 3487/3487 3491/3491 3488/3488
f 3489/3489 3484/3484 3482/3482
f 3483/3483 3485/3485 3492/3492
f 3492/3492 3485/3485 3493/3493
f 3492/3492 3493/3493 3494/3494
f 3492/3492 3494/3494 3495/3495
f 3495/3495 3494/3494 3496/3496
f 3495/3495 3496/3496 3497/3497
f 3497/3497 3496/3496 3498/3498
f 3497/3497 3498/3498 3499/3499
f 3499/3499 3498/3498 3500/3500
f 3499/3499 3500/3500 3501/3501
f 3501/3501 3500/3500 3502/3502
f 3501/3501 3502/3502 3503/3503
f 3503/3503 3502/3502 3504/3504
f 3503/3503 3504/3504 3505/3505
f 3505/3505 3504/3504 3506/3506
f 3505/3505 3506/3506 3507/3507
f 3507/3507 3506/3506 3508/3508
f 3508/3508 3506/3506 3509/3509
f 3508/3508 3509/3509 3510/3510
f 3510/3510 3509/3509 3511/3511
f 3511/3511 3509/3509 3512/3512
f 3511/3511 3512/3512 3513/3513
f 3513/3513 3512/3512 3514/3514
f 3513/3513 3514/3514 3515/3515
f 3515/3515 3514/3514 3516/3516
f 3515/3515 3516/3516 3517/3517
f 3517/3517 3516/3516 3518/3518
f 3517/3517 3518/3518 3519/3519
f 3519/3519 3518/3518 3520/3520
f 3519/3519 3520/3520 3521/3521
f 3521/3521 3520/3520 3522/3522
f 3521/3521 3522/3522 3523/3523
f 3523/3523 3522/3522 3524/3524
f 3523/3523 3524/3524 3525/3525
f 3496/3496 3526/3526 3498/3498
f 3498/3498 3526/3526 3527/3527
f 3498/3498 3527/3527 3500/3500
f 3500/3500 3527/3527 3528/3528
f 3500/3500 3528/3528 3502/3502
f 3502/3502 3528/3528 3529/3529
f 3502/3502 3529/3529 3504/3504
f 3504/3504 3529/3529 3530/3530
f 3504/3504 3530/3530 3506/3506
f 3506/3506 3530/3530 3509/3509
f 3527/3527 3526/3526 3531/3531
f 3531/3531 3526/3526 3532/3532
f 3531/3531 3532/3532 3533/3533
f 3533/3533 3532/3532 3534/3534
f 3533/3533 3534/3534 3535/3535
f 3535/3535 3534/3534 3536/3536
f 3535/3535 3536/3536 3537/3537
f 3537/3537 3536/3536 3538/3538
f 3537/3537 3538/3538 3539/3539
f 3539/3539 3538/3538 3516/3516
f 3539/3539 3516/3516 3514/3514
f 3532/3532 3540/3540 3534/3534
f 3534/3534 3540/3540 3541/3541
f 3534/3534 3541/3541 3536/3536
f 3536/3536 3541/3541 3542/3542
f 3536/3536 3542/3542 3538/3538
f 3538/3538 3542/3542 3518/3518
f 3538/3538 3518/3518 3516/3516
f 3540/3540 3543/3543 3541/3541
f 3541/3541 3543/3543 3544/3544
f 3541/3541 3544/3544 3542/3542
f 3542/3542 3544/3544 3520/3520
f 3542/3542 3520/3520 3518/3518
f 3543/3543 3545/3545 3544/3544
f 3544/3544 3545/3545 3522/3522
f 3544/3544 3522/3522 3520/3520
f 3545/3545 3546/3546 3522/3522
f 3522/3522 3546/3546 3547/3547
f 3522/3522 3547/3547 3524/3524
f 3523/3523 3525/3525 3548/3548
f 3548/3548 3525/3525 3549/3549
f 3548/3548 3549/3549 3550/3550
f 3550/3550 3549/3549 3551/3551
f 3550/3550 3551/3551 3552/3552
f 3552/3552 3551/3551 3553/3553
f 3552/3552 3553/3553 3554/3554
f 3554/3554 3553/3553 3555/3555
f 3554/3554 3555/3555 3556/3556
f 3556/3556 3555/3555 3557/3557
f 3556/3556 3557/3557 3558/3558
f 3558/3558 3557/3557 3559/3559
f 3558/3558 3559/3559 3560/3560
f 3560/3560 3559/3559 3561/3561
f 3560/3560 3561/3561 3562/3562
f 3562/3562 3561/3561 3563/3563
f 3562/3562 3563/3563 3564/3564
f 3564/3564 3563/3563 3565/3565
f 3564/3564 3565/3565 3566/3566
f 3566/3566 3565/3565 3567/3567
f 3566/3566 3567/3567 3568/3568
f 3568/3568 3567/3567 3569/3569
f 3569/3569 3567/3567 3570/3570
f 3569/3569 3570/3570 3571/3571
f 3571/3571 3570/3570 3572/3572
f 3571/3571 3572/3572 3573/3573
f 3573/3573 3572/3572 3574/3574
f 3573/3573 3574/3574 3575/3575
f 3575/3575 3574/3574 3576/3576
f 3575/3575 3576/3576 3577/3577
f 3577/3577 3576/3576 3578/3578
f 3577/3577 3578/3578 3579/3579
f 3579/3579 3578/3578 3580/3580
f 3580/3580 3578/3578 3581/3581
f 3580/3580 3581/3581 3582/3582
f 3582/3582 3581/3581 3583/3583
f 3583/3583 3581/3581 3584/3584
f 3583/3583 3584/3584 3585/3585
f 3585/3585 3584/3584 3586/3586
f 3586/3586 3584/3584 3587/3587
f 3586/3586 3587/3587 3588/3588
f 3588/3588 3587/3587 3589/3589
f 3588/3588 3589/3589 3590/3590
f 3590/3590 3589/3589 3591/3591
f 3591/3591 3589/3589 3592/3592
f 3591/3591 3592/3592 3593/3593
f 3593/3593 3592/3592 3594/3594
f 3593/3593 3594/3594 3595/3595
f 3595/3595 3594/3594 3596/3596
f 3595/3595 3596/3596 3555/3555
f 3555/3555 3596/3596 3557/3557
f 3553/3553 3595/3595 3555/3555
f 3577/3577 3579/3579 3597/3597
f 3597/3597 3579/3579 3598/3598
f 3597/3597 3598/3598 3599/3599
f 3599/3599 3598/3598 3600/3600
f 3599/3599 3600/3600 3601/3601
f 3601/3601 3602/3602 3599/3599
f 3599/3599 3602/3602 3603/3603
f 3599/3599 3603/3603 3597/3597
f 3597/3597 3603/3603 3575/3575
f 3597/3597 3575/3575 3577/3577
f 3602/3602 3604/3604 3603/3603
f 3603/3603 3604/3604 3605/3605
f 3603/3603 3605/3605 3573/3573
f 3573/3573 3605/3605 3606/3606
f 3573/3573 3606/3606 3571/3571
f 3564/3564 3607/3607 3562/3562
f 3562/3562 3607/3607 3608/3608
f 3562/3562 3608/3608 3609/3609
f 3609/3609 3608/3608 3610/3610
f 3609/3609 3610/3610 3611/3611
f 3611/3611 3610/3610 3612/3612
f 3611/3611 3612/3612 3613/3613
f 3613/3613 3612/3612 3614/3614
f 3613/3613 3614/3614 3615/3615
f 3615/3615 3614/3614 3616/3616
f 3615/3615 3616/3616 3617/3617
f 3617/3617 3616/3616 3618/3618
f 3617/3617 3618/3618 3550/3550
f 3550/3550 3618/3618 3548/3548
f 3610/3610 3619/3619 3612/3612
f 3612/3612 3619/3619 3620/3620
f 3612/3612 3620/3620 3614/3614
f 3614/3614 3620/3620 3621/3621
f 3614/3614 3621/3621 3616/3616
f 3616/3616 3621/3621 3622/3622
f 3616/3616 3622/3622 3618/3618
f 3618/3618 3622/3622 3623/3623
f 3618/3618 3623/3623 3548/3548
f 3548/3548 3623/3623 3523/3523
f 3619/3619 3624/3624 3620/3620
f 3620/3620 3624/3624 3625/3625
f 3620/3620 3625/3625 3621/3621
f 3621/3621 3625/3625 3626/3626
f 3621/3621 3626/3626 3622/3622
f 3622/3622 3626/3626 3627/3627
f 3622/3622 3627/3627 3623/3623
f 3623/3623 3627/3627 3521/3521
f 3623/3623 3521/3521 3523/3523
f 3624/3624 3628/3628 3625/3625
f 3625/3625 3628/3628 3629/3629
f 3625/3625 3629/3629 3630/3630
f 3625/3625 3630/3630 3631/3631
f 3631/3631 3630/3630 3632/3632
f 3631/3631 3632/3632 3633/3633
f 3633/3633 3632/3632 3515/3515
f 3633/3633 3515/3515 3517/3517
f 3632/3632 3513/3513 3515/3515
f 3507/3507 3634/3634 3505/3505
f 3505/3505 3634/3634 3635/3635
f 3505/3505 3635/3635 3636/3636
f 3636/3636 3635/3635 3637/3637
f 3636/3636 3637/3637 3638/3638
f 3638/3638 3637/3637 3639/3639
f 3638/3638 3639/3639 3640/3640
f 3640/3640 3639/3639 3641/3641
f 3640/3640 3641/3641 3642/3642
f 3642/3642 3641/3641 3643/3643
f 3642/3642 3643/3643 3495/3495
f 3495/3495 3643/3643 3492/3492
f 3635/3635 3644/3644 3637/3637
f 3637/3637 3644/3644 3645/3645
f 3637/3637 3645/3645 3639/3639
f 3639/3639 3645/3645 3646/3646
f 3639/3639 3646/3646 3641/3641
f 3641/3641 3646/3646 3647/3647
f 3641/3641 3647/3647 3643/3643
f 3643/3643 3647/3647 3648/3648
f 3643/3643 3648/3648 3492/3492
f 3492/3492 3648/3648 3483/3483
f 3644/3644 3649/3649 3645/3645
f 3645/3645 3649/3649 3650/3650
f 3645/3645 3650/3650 3651/3651
f 3645/3645 3651/3651 3652/3652
f 3652/3652 3651/3651 3653/3653
f 3652/3652 3653/3653 3475/3475
f 3475/3475 3653/3653 3473/3473
f 3646/3646 3645/3645 3652/3652
f 3652/3652 3475/3475 3654/3654
f 3654/3654 3475/3475 3477/3477
f 3654/3654 3477/3477 3655/3655
f 3655/3655 3477/3477 3479/3479
f 3655/3655 3479/3479 3481/3481
f 3503/3503 3505/3505 3636/3636
f 3503/3503 3636/3636 3638/3638
f 3539/3539 3514/3514 3512/3512
f 3512/3512 3509/3509 3656/3656
f 3656/3656 3509/3509 3530/3530
f 3656/3656 3530/3530 3657/3657
f 3657/3657 3530/3530 3529/3529
f 3657/3657 3529/3529 3658/3658
f 3658/3658 3529/3529 3528/3528
f 3658/3658 3528/3528 3531/3531
f 3531/3531 3528/3528 3527/3527
f 3626/3626 3625/3625 3631/3631
f 3631/3631 3633/3633 3659/3659
f 3659/3659 3633/3633 3517/3517
f 3659/3659 3517/3517 3519/3519
f 3560/3560 3562/3562 3609/3609
f 3609/3609 3611/3611 3660/3660
f 3660/3660 3611/3611 3613/3613
f 3660/3660 3613/3613 3661/3661
f 3661/3661 3613/3613 3615/3615
f 3661/3661 3615/3615 3662/3662
f 3662/3662 3615/3615 3617/3617
f 3662/3662 3617/3617 3552/3552
f 3552/3552 3617/3617 3550/3550
f 3565/3565 3563/3563 3663/3663
f 3663/3663 3563/3563 3561/3561
f 3663/3663 3561/3561 3664/3664
f 3664/3664 3561/3561 3559/3559
f 3664/3664 3559/3559 3665/3665
f 3665/3665 3559/3559 3557/3557
f 3665/3665 3557/3557 3596/3596
f 3567/3567 3565/3565 3666/3666
f 3666/3666 3565/3565 3663/3663
f 3666/3666 3663/3663 3667/3667
f 3667/3667 3663/3663 3664/3664
f 3667/3667 3664/3664 3668/3668
f 3668/3668 3664/3664 3665/3665
f 3668/3668 3665/3665 3594/3594
f 3594/3594 3665/3665 3596/3596
f 3570/3570 3567/3567 3669/3669
f 3669/3669 3567/3567 3666/3666
f 3669/3669 3666/3666 3670/3670
f 3670/3670 3666/3666 3667/3667
f 3670/3670 3667/3667 3671/3671
f 3671/3671 3667/3667 3668/3668
f 3671/3671 3668/3668 3592/3592
f 3592/3592 3668/3668 3594/3594
f 3572/3572 3570/3570 3672/3672
f 3672/3672 3570/3570 3669/3669
f 3672/3672 3669/3669 3673/3673
f 3673/3673 3669/3669 3670/3670
f 3673/3673 3670/3670 3674/3674
f 3674/3674 3670/3670 3671/3671
f 3674/3674 3671/3671 3589/3589
f 3589/3589 3671/3671 3592/3592
f 3575/3575 3603/3603 3573/3573
f 3647/3647 3646/3646 3654/3654
f 3654/3654 3646/3646 3652/3652
f 3647/3647 3654/3654 3655/3655
f 3501/3501 3503/3503 3638/3638
f 3501/3501 3638/3638 3640/3640
f 3537/3537 3539/3539 3656/3656
f 3656/3656 3539/3539 3512/3512
f 3537/3537 3656/3656 3657/3657
f 3627/3627 3626/3626 3659/3659
f 3659/3659 3626/3626 3631/3631
f 3627/3627 3659/3659 3519/3519
f 3558/3558 3560/3560 3660/3660
f 3660/3660 3560/3560 3609/3609
f 3558/3558 3660/3660 3661/3661
f 3572/3572 3672/3672 3574/3574
f 3574/3574 3672/3672 3675/3675
f 3574/3574 3675/3675 3576/3576
f 3576/3576 3675/3675 3676/3676
f 3576/3576 3676/3676 3578/3578
f 3578/3578 3676/3676 3581/3581
f 3675/3675 3672/3672 3673/3673
f 3647/3647 3655/3655 3648/3648
f 3648/3648 3655/3655 3481/3481
f 3648/3648 3481/3481 3483/3483
f 3501/3501 3640/3640 3499/3499
f 3499/3499 3640/3640 3642/3642
f 3499/3499 3642/3642 3497/3497
f 3497/3497 3642/3642 3495/3495
f 3537/3537 3657/3657 3535/3535
f 3535/3535 3657/3657 3658/3658
f 3535/3535 3658/3658 3533/3533
f 3533/3533 3658/3658 3531/3531
f 3627/3627 3519/3519 3521/3521
f 3558/3558 3661/3661 3556/3556
f 3556/3556 3661/3661 3662/3662
f 3556/3556 3662/3662 3554/3554
f 3554/3554 3662/3662 3552/3552
f 3675/3675 3673/3673 3677/3677
f 3677/3677 3673/3673 3674/3674
f 3677/3677 3674/3674 3587/3587
f 3587/3587 3674/3674 3589/3589
f 3675/3675 3677/3677 3676/3676
f 3676/3676 3677/3677 3584/3584
f 3676/3676 3584/3584 3581/3581
f 3584/3584 3677/3677 3587/3587
f 3678/3678 3679/3679 3680/3680
f 3680/3680 3679/3679 3681/3681
f 3680/3680 3681/3681 3682/3682
f 3682/3682 3681/3681 3683/3683
f 3682/3682 3683/3683 3684/3684
f 3684/3684 3683/3683 3685/3685
f 3684/3684 3685/3685 3686/3686
f 3686/3686 3685/3685 3687/3687
f 3687/3687 3685/3685 3688/3688
f 3687/3687 3688/3688 3689/3689
f 3689/3689 3688/3688 3690/3690
f 3690/3690 3688/3688 3691/3691
f 3691/3691 3688/3688 3692/3692
f 3692/3692 3688/3688 3693/3693
f 3692/3692 3693/3693 3694/3694
f 3683/3683 3693/3693 3685/3685
f 3685/3685 3693/3693 3688/3688
f 3684/3684 3686/3686 3682/3682
f 3682/3682 3686/3686 3695/3695
f 3682/3682 3695/3695 3680/3680
f 3680/3680 3695/3695 3678/3678
f 3696/3696 3697/3697 3698/3698
f 3698/3698 3697/3697 3699/3699
f 3698/3698 3699/3699 3700/3700
f 3700/3700 3699/3699 3701/3701
f 3700/3700 3701/3701 3702/3702
f 3702/3702 3701/3701 3703/3703
f 3702/3702 3703/3703 3704/3704
f 3704/3704 3703/3703 3705/3705
f 3704/3704 3705/3705 3706/3706
f 3707/3707 3708/3708 3706/3706
f 3706/3706 3708/3708 3709/3709
f 3706/3706 3709/3709 3704/3704
f 3704/3704 3709/3709 3702/3702
f 3708/3708 3707/3707 3710/3710
f 3710/3710 3707/3707 3711/3711
f 3710/3710 3711/3711 3712/3712
f 3712/3712 3711/3711 3713/3713
f 3714/3714 3715/3715 3712/3712
f 3712/3712 3715/3715 3716/3716
f 3712/3712 3716/3716 3710/3710
f 3710/3710 3716/3716 3717/3717
f 3710/3710 3717/3717 3708/3708
f 3708/3708 3717/3717 3718/3718
f 3708/3708 3718/3718 3709/3709
f 3709/3709 3718/3718 3702/3702
f 3715/3715 3714/3714 3719/3719
f 3719/3719 3714/3714 3720/3720
f 3719/3719 3720/3720 3721/3721
f 3721/3721 3722/3722 3719/3719
f 3719/3719 3722/3722 3723/3723
f 3719/3719 3723/3723 3724/3724
f 3724/3724 3723/3723 3725/3725
f 3724/3724 3725/3725 3726/3726
f 3726/3726 3725/3725 3727/3727
f 3726/3726 3727/3727 3717/3717
f 3717/3717 3727/3727 3718/3718
f 3723/3723 3728/3728 3725/3725
f 3725/3725 3728/3728 3698/3698
f 3725/3725 3698/3698 3727/3727
f 3727/3727 3698/3698 3700/3700
f 3727/3727 3700/3700 3718/3718
f 3718/3718 3700/3700 3702/3702
f 3728/3728 3696/3696 3698/3698
f 3715/3715 3719/3719 3724/3724
f 3715/3715 3724/3724 3726/3726
f 3716/3716 3715/3715 3726/3726
f 3716/3716 3726/3726 3717/3717
f 3729/3729 3730/3730 3731/3731
f 3731/3731 3730/3730 3732/3732
f 3731/3731 3732/3732 3733/3733
f 3731/3731 3733/3733 3734/3734
f 3734/3734 3733/3733 3735/3735
f 3734/3734 3735/3735 3736/3736
f 3736/3736 3735/3735 3737/3737
f 3736/3736 3737/3737 3738/3738
f 3738/3738 3737/3737 3739/3739
f 3738/3738 3739/3739 3740/3740
f 3740/3740 3739/3739 3741/3741
f 3740/3740 3741/3741 3742/3742
f 3742/3742 3741/3741 3743/3743
f 3742/3742 3743/3743 3744/3744
f 3744/3744 3743/3743 3745/3745
f 3745/3745 3743/3743 3746/3746
f 3745/3745 3746/3746 3747/3747
f 3747/3747 3746/3746 3748/3748
f 3747/3747 3748/3748 3749/3749
f 3749/3749 3748/3748 3735/3735
f 3735/3735 3748/3748 3737/3737
f 3750/3750 3751/3751 3742/3742
f 3742/3742 3751/3751 3752/3752
f 3742/3742 3752/3752 3740/3740
f 3740/3740 3752/3752 3738/3738
f 3750/3750 3753/3753 3751/3751
f 3751/3751 3753/3753 3754/3754
f 3751/3751 3754/3754 3755/3755
f 3755/3755 3754/3754 3734/3734
f 3755/3755 3734/3734 3736/3736
f 3753/3753 3729/3729 3754/3754
f 3754/3754 3729/3729 3731/3731
f 3754/3754 3731/3731 3734/3734
f 3739/3739 3737/3737 3748/3748
f 3755/3755 3736/3736 3738/3738
f 3741/3741 3739/3739 3746/3746
f 3746/3746 3739/3739 3748/3748
f 3743/3743 3741/3741 3746/3746
f 3751/3751 3755/3755 3752/3752
f 3752/3752 3755/3755 3738/3738
f 3756/3756 3757/3757 3758/3758
f 3758/3758 3757/3757 3759/3759
f 3758/3758 3759/3759 3760/3760
f 3760/3760 3759/3759 3761/3761
f 3761/3761 3759/3759 3762/3762
f 3762/3762 3759/3759 3763/3763
f 3762/3762 3763/3763 3764/3764
f 3764/3764 3763/3763 3765/3765
f 3764/3764 3765/3765 3766/3766
f 3766/3766 3765/3765 3767/3767
f 3767/3767 3765/3765 3768/3768
f 3768/3768 3765/3765 3769/3769
f 3768/3768 3769/3769 3770/3770
f 3770/3770 3769/3769 3771/3771
f 3771/3771 3769/3769 3772/3772
f 3772/3772 3769/3769 3773/3773
f 3772/3772 3773/3773 3756/3756
f 3756/3756 3773/3773 3757/3757
f 3763/3763 3759/3759 3757/3757
f 3765/3765 3763/3763 3773/3773
f 3773/3773 3763/3763 3757/3757
f 3769/3769 3765/3765 3773/3773
f 3774/3774 3775/3775 3776/3776
f 3776/3776 3775/3775 3777/3777
f 3776/3776 3777/3777 3778/3778
f 3778/3778 3777/3777 3779/3779
f 3778/3778 3779/3779 3780/3780
f 3780/3780 3779/3779 3781/3781
f 3780/3780 3781/3781 3782/3782
f 3782/3782 3781/3781 3783/3783
f 3782/3782 3783/3783 3784/3784
f 3785/3785 3786/3786 3784/3784
f 3784/3784 3786/3786 3787/3787
f 3784/3784 3787/3787 3782/3782
f 3782/3782 3787/3787 3780/3780
f 3786/3786 3785/3785 3788/3788
f 3788/3788 3785/3785 3789/3789
f 3788/3788 3789/3789 3790/3790
f 3790/3790 3791/3791 3788/3788
f 3788/3788 3791/3791 3792/3792
f 3788/3788 3792/3792 3793/3793
f 3793/3793 3792/3792 3794/3794
f 3793/3793 3794/3794 3795/3795
f 3795/3795 3794/3794 3796/3796
f 3795/3795 3796/3796 3776/3776
f 3776/3776 3796/3796 3797/3797
f 3776/3776 3797/3797 3774/3774
f 3792/3792 3791/3791 3798/3798
f 3798/3798 3791/3791 3799/3799
f 3798/3798 3799/3799 3800/3800
f 3800/3800 3799/3799 3801/3801
f 3800/3800 3801/3801 3802/3802
f 3802/3802 3803/3803 3800/3800
f 3800/3800 3803/3803 3804/3804
f 3800/3800 3804/3804 3798/3798
f 3798/3798 3804/3804 3794/3794
f 3798/3798 3794/3794 3792/3792
f 3803/3803 3805/3805 3804/3804
f 3804/3804 3805/3805 3797/3797
f 3804/3804 3797/3797 3796/3796
f 3794/3794 3804/3804 3796/3796
f 3776/3776 3778/3778 3795/3795
f 3795/3795 3778/3778 3806/3806
f 3795/3795 3806/3806 3793/3793
f 3793/3793 3806/3806 3786/3786
f 3793/3793 3786/3786 3788/3788
f 3778/3778 3780/3780 3806/3806
f 3806/3806 3780/3780 3787/3787
f 3806/3806 3787/3787 3786/3786
f 3807/3807 3808/3808 3809/3809
f 3809/3809 3808/3808 3810/3810
f 3809/3809 3810/3810 3811/3811
f 3811/3811 3810/3810 3812/3812
f 3811/3811 3812/3812 3813/3813
f 3813/3813 3812/3812 3814/3814
f 3813/3813 3814/3814 3815/3815
f 3813/3813 3815/3815 3816/3816
f 3816/3816 3815/3815 3817/3817
f 3816/3816 3817/3817 3818/3818
f 3818/3818 3817/3817 3819/3819
f 3818/3818 3819/3819 3820/3820
f 3820/3820 3819/3819 3821/3821
f 3820/3820 3821/3821 3822/3822
f 3822/3822 3821/3821 3823/3823
f 3822/3822 3823/3823 3824/3824
f 3824/3824 3823/3823 3825/3825
f 3824/3824 3825/3825 3826/3826
f 3826/3826 3825/3825 3827/3827
f 3827/3827 3825/3825 3828/3828
f 3827/3827 3828/3828 3829/3829
f 3829/3829 3828/3828 3830/3830
f 3829/3829 3830/3830 3831/3831
f 3831/3831 3830/3830 3832/3832
f 3831/3831 3832/3832 3833/3833
f 3833/3833 3832/3832 3834/3834
f 3833/3833 3834/3834 3835/3835
f 3819/3819 3836/3836 3821/3821
f 3821/3821 3836/3836 3837/3837
f 3821/3821 3837/3837 3823/3823
f 3823/3823 3837/3837 3838/3838
f 3823/3823 3838/3838 3825/3825
f 3825/3825 3838/3838 3828/3828
f 3836/3836 3839/3839 3837/3837
f 3837/3837 3839/3839 3840/3840
f 3837/3837 3840/3840 3838/3838
f 3838/3838 3840/3840 3830/3830
f 3838/3838 3830/3830 3828/3828
f 3840/3840 3839/3839 3832/3832
f 3832/3832 3839/3839 3834/3834
f 3833/3833 3835/3835 3841/3841
f 3841/3841 3835/3835 3842/3842
f 3841/3841 3842/3842 3843/3843
f 3843/3843 3842/3842 3844/3844
f 3843/3843 3844/3844 3845/3845
f 3846/3846 3847/3847 3845/3845
f 3845/3845 3847/3847 3848/3848
f 3845/3845 3848/3848 3843/3843
f 3843/3843 3848/3848 3849/3849
f 3843/3843 3849/3849 3850/3850
f 3850/3850 3849/3849 3851/3851
f 3850/3850 3851/3851 3852/3852
f 3852/3852 3851/3851 3853/3853
f 3852/3852 3853/3853 3854/3854
f 3854/3854 3853/3853 3855/3855
f 3854/3854 3855/3855 3829/3829
f 3829/3829 3855/3855 3827/3827
f 3847/3847 3846/3846 3856/3856
f 3856/3856 3846/3846 3857/3857
f 3856/3856 3857/3857 3858/3858
f 3856/3856 3858/3858 3859/3859
f 3859/3859 3858/3858 3860/3860
f 3859/3859 3860/3860 3861/3861
f 3861/3861 3860/3860 3862/3862
f 3861/3861 3862/3862 3863/3863
f 3863/3863 3862/3862 3864/3864
f 3863/3863 3864/3864 3865/3865
f 3865/3865 3864/3864 3866/3866
f 3865/3865 3866/3866 3867/3867
f 3867/3867 3866/3866 3868/3868
f 3867/3867 3868/3868 3869/3869
f 3869/3869 3868/3868 3870/3870
f 3869/3869 3870/3870 3871/3871
f 3871/3871 3870/3870 3872/3872
f 3872/3872 3870/3870 3873/3873
f 3872/3872 3873/3873 3874/3874
f 3874/3874 3873/3873 3875/3875
f 3874/3874 3875/3875 3876/3876
f 3876/3876 3875/3875 3877/3877
f 3876/3876 3877/3877 3878/3878
f 3878/3878 3877/3877 3879/3879
f 3878/3878 3879/3879 3880/3880
f 3864/3864 3881/3881 3866/3866
f 3866/3866 3881/3881 3882/3882
f 3866/3866 3882/3882 3868/3868
f 3868/3868 3882/3882 3883/3883
f 3868/3868 3883/3883 3870/3870
f 3870/3870 3883/3883 3873/3873
f 3882/3882 3881/3881 3884/3884
f 3884/3884 3881/3881 3885/3885
f 3884/3884 3885/3885 3877/3877
f 3877/3877 3885/3885 3879/3879
f 3880/3880 3886/3886 3878/3878
f 3878/3878 3886/3886 3887/3887
f 3878/3878 3887/3887 3888/3888
f 3888/3888 3887/3887 3889/3889
f 3888/3888 3889/3889 3890/3890
f 3890/3890 3889/3889 3891/3891
f 3890/3890 3891/3891 3892/3892
f 3892/3892 3891/3891 3893/3893
f 3893/3893 3891/3891 3894/3894
f 3893/3893 3894/3894 3895/3895
f 3895/3895 3894/3894 3896/3896
f 3895/3895 3896/3896 3897/3897
f 3897/3897 3896/3896 3898/3898
f 3898/3898 3896/3896 3899/3899
f 3899/3899 3896/3896 3900/3900
f 3899/3899 3900/3900 3901/3901
f 3901/3901 3900/3900 3902/3902
f 3901/3901 3902/3902 3903/3903
f 3903/3903 3902/3902 3904/3904
f 3904/3904 3902/3902 3905/3905
f 3904/3904 3905/3905 3906/3906
f 3906/3906 3905/3905 3887/3887
f 3906/3906 3887/3887 3886/3886
f 3892/3892 3907/3907 3890/3890
f 3890/3890 3907/3907 3908/3908
f 3890/3890 3908/3908 3888/3888
f 3888/3888 3908/3908 3876/3876
f 3888/3888 3876/3876 3878/3878
f 3907/3907 3909/3909 3908/3908
f 3908/3908 3909/3909 3874/3874
f 3908/3908 3874/3874 3876/3876
f 3909/3909 3872/3872 3874/3874
f 3869/3869 3871/3871 3910/3910
f 3910/3910 3871/3871 3911/3911
f 3910/3910 3911/3911 3912/3912
f 3912/3912 3911/3911 3913/3913
f 3912/3912 3913/3913 3914/3914
f 3914/3914 3913/3913 3915/3915
f 3914/3914 3915/3915 3916/3916
f 3916/3916 3915/3915 3917/3917
f 3916/3916 3917/3917 3918/3918
f 3918/3918 3917/3917 3919/3919
f 3918/3918 3919/3919 3920/3920
f 3920/3920 3919/3919 3921/3921
f 3920/3920 3921/3921 3922/3922
f 3922/3922 3921/3921 3923/3923
f 3922/3922 3923/3923 3924/3924
f 3922/3922 3924/3924 3851/3851
f 3851/3851 3924/3924 3853/3853
f 3826/3826 3925/3925 3824/3824
f 3824/3824 3925/3925 3926/3926
f 3824/3824 3926/3926 3822/3822
f 3822/3822 3926/3926 3927/3927
f 3822/3822 3927/3927 3820/3820
f 3820/3820 3927/3927 3818/3818
f 3926/3926 3925/3925 3928/3928
f 3928/3928 3925/3925 3807/3807
f 3928/3928 3807/3807 3809/3809
f 3927/3927 3926/3926 3928/3928
f 3928/3928 3809/3809 3929/3929
f 3929/3929 3809/3809 3811/3811
f 3929/3929 3811/3811 3816/3816
f 3816/3816 3811/3811 3813/3813
f 3829/3829 3831/3831 3854/3854
f 3854/3854 3831/3831 3930/3930
f 3854/3854 3930/3930 3852/3852
f 3852/3852 3930/3930 3850/3850
f 3851/3851 3849/3849 3922/3922
f 3922/3922 3849/3849 3931/3931
f 3922/3922 3931/3931 3920/3920
f 3920/3920 3931/3931 3932/3932
f 3920/3920 3932/3932 3918/3918
f 3918/3918 3932/3932 3933/3933
f 3918/3918 3933/3933 3916/3916
f 3916/3916 3933/3933 3934/3934
f 3916/3916 3934/3934 3914/3914
f 3914/3914 3934/3934 3935/3935
f 3914/3914 3935/3935 3912/3912
f 3912/3912 3935/3935 3936/3936
f 3912/3912 3936/3936 3910/3910
f 3910/3910 3936/3936 3867/3867
f 3910/3910 3867/3867 3869/3869
f 3875/3875 3873/3873 3883/3883
f 3900/3900 3896/3896 3894/3894
f 3894/3894 3891/3891 3937/3937
f 3937/3937 3891/3891 3889/3889
f 3937/3937 3889/3889 3905/3905
f 3905/3905 3889/3889 3887/3887
f 3818/3818 3927/3927 3929/3929
f 3929/3929 3927/3927 3928/3928
f 3818/3818 3929/3929 3816/3816
f 3832/3832 3830/3830 3840/3840
f 3831/3831 3833/3833 3930/3930
f 3930/3930 3833/3833 3841/3841
f 3930/3930 3841/3841 3850/3850
f 3850/3850 3841/3841 3843/3843
f 3849/3849 3848/3848 3931/3931
f 3931/3931 3848/3848 3847/3847
f 3931/3931 3847/3847 3932/3932
f 3932/3932 3847/3847 3856/3856
f 3932/3932 3856/3856 3933/3933
f 3933/3933 3856/3856 3859/3859
f 3933/3933 3859/3859 3934/3934
f 3934/3934 3859/3859 3861/3861
f 3934/3934 3861/3861 3935/3935
f 3935/3935 3861/3861 3863/3863
f 3935/3935 3863/3863 3936/3936
f 3936/3936 3863/3863 3865/3865
f 3936/3936 3865/3865 3867/3867
f 3882/3882 3884/3884 3883/3883
f 3883/3883 3884/3884 3875/3875
f 3884/3884 3877/3877 3875/3875
f 3902/3902 3900/3900 3937/3937
f 3937/3937 3900/3900 3894/3894
f 3902/3902 3937/3937 3905/3905
f 3938/3938 3939/3939 3940/3940
f 3940/3940 3939/3939 3941/3941
f 3940/3940 3941/3941 3942/3942
f 3942/3942 3941/3941 3943/3943
f 3942/3942 3943/3943 3944/3944
f 3944/3944 3943/3943 3945/3945
f 3944/3944 3945/3945 3946/3946
f 3947/3947 3948/3948 3946/3946
f 3946/3946 3948/3948 3949/3949
f 3946/3946 3949/3949 3944/3944
f 3944/3944 3949/3949 3942/3942
f 3950/3950 3951/3951 3947/3947
f 3947/3947 3951/3951 3952/3952
f 3947/3947 3952/3952 3948/3948
f 3948/3948 3952/3952 3949/3949
f 3953/3953 3954/3954 3950/3950
f 3950/3950 3954/3954 3955/3955
f 3950/3950 3955/3955 3951/3951
f 3951/3951 3955/3955 3952/3952
f 3953/3953 3938/3938 3954/3954
f 3954/3954 3938/3938 3955/3955
f 3955/3955 3938/3938 3940/3940
f 3952/3952 3955/3955 3940/3940
f 3949/3949 3952/3952 3942/3942
f 3942/3942 3952/3952 3940/3940
f 3956/3956 3957/3957 3958/3958
f 3958/3958 3957/3957 3959/3959
f 3958/3958 3959/3959 3960/3960
f 3960/3960 3959/3959 3961/3961
f 3961/3961 3959/3959 3962/3962
f 3961/3961 3962/3962 3963/3963
f 3963/3963 3962/3962 3964/3964
f 3963/3963 3964/3964 3965/3965
f 3965/3965 3964/3964 3966/3966
f 3965/3965 3966/3966 3967/3967
f 3967/3967 3966/3966 3968/3968
f 3967/3967 3968/3968 3969/3969
f 3969/3969 3968/3968 3970/3970
f 3969/3969 3970/3970 3971/3971
f 3971/3971 3970/3970 3972/3972
f 3971/3971 3972/3972 3973/3973
f 3973/3973 3972/3972 3974/3974
f 3973/3973 3974/3974 3975/3975
f 3975/3975 3974/3974 3976/3976
f 3975/3975 3976/3976 3977/3977
f 3977/3977 3976/3976 3978/3978
f 3977/3977 3978/3978 3979/3979
f 3979/3979 3978/3978 3980/3980
f 3979/3979 3980/3980 3981/3981
f 3981/3981 3980/3980 3982/3982
f 3981/3981 3982/3982 3983/3983
f 3983/3983 3982/3982 3984/3984
f 3983/3983 3984/3984 3985/3985
f 3985/3985 3984/3984 3986/3986
f 3986/3986 3984/3984 3987/3987
f 3986/3986 3987/3987 3988/3988
f 3988/3988 3987/3987 3989/3989
f 3989/3989 3987/3987 3990/3990
f 3989/3989 3990/3990 3991/3991
f 3991/3991 3990/3990 3992/3992
f 3991/3991 3992/3992 3993/3993
f 3993/3993 3992/3992 3994/3994
f 3993/3993 3994/3994 3995/3995
f 3995/3995 3994/3994 3996/3996
f 3996/3996 3994/3994 3997/3997
f 3996/3996 3997/3997 3998/3998
f 3999/3999 4000/4000 3957/3957
f 3999/3999 3957/3957 3956/3956
f 4001/4001 4002/4002 4003/4003
f 4003/4003 4002/4002 4004/4004
f 4003/4003 4004/4004 4005/4005
f 4005/4005 4004/4004 4006/4006
f 4005/4005 4006/4006 4007/4007
f 4005/4005 4007/4007 4008/4008
f 4008/4008 4007/4007 4009/4009
f 4008/4008 4009/4009 4010/4010
f 4010/4010 4009/4009 4011/4011
f 4010/4010 4011/4011 4012/4012
f 4010/4010 4012/4012 4013/4013
f 4013/4013 4012/4012 4014/4014
f 4013/4013 4014/4014 4015/4015
f 4015/4015 4014/4014 4016/4016
f 4015/4015 4016/4016 4017/4017
f 4017/4017 4016/4016 4018/4018
f 4019/4019 4020/4020 4021/4021
f 4019/4019 4021/4021 4022/4022
f 4022/4022 4021/4021 4023/4023
f 4022/4022 4023/4023 4024/4024
f 4022/4022 4024/4024 4025/4025
f 4025/4025 4024/4024 4026/4026
f 4025/4025 4026/4026 4027/4027
f 4027/4027 4026/4026 4028/4028
f 4027/4027 4028/4028 4029/4029
f 4029/4029 4028/4028 4030/4030
f 4029/4029 4030/4030 4031/4031
f 4031/4031 4030/4030 4032/4032
f 4031/4031 4032/4032 4033/4033
f 4033/4033 4032/4032 4034/4034
f 4033/4033 4034/4034 4035/4035
f 4035/4035 4034/4034 4036/4036
f 4035/4035 4036/4036 4037/4037
f 4037/4037 4036/4036 4038/4038
f 4037/4037 4038/4038 4039/4039
f 4039/4039 4038/4038 4040/4040
f 4039/4039 4040/4040 4041/4041
f 4041/4041 4040/4040 4042/4042
f 4041/4041 4042/4042 4043/4043
f 4043/4043 4042/4042 4044/4044
f 4043/4043 4044/4044 4045/4045
f 4045/4045 4044/4044 4001/4001
f 4045/4045 4001/4001 4003/4003
f 4046/4046 4047/4047 4048/4048
f 4048/4048 4047/4047 4049/4049
f 4048/4048 4049/4049 4050/4050
f 4050/4050 4049/4049 4051/4051
f 4051/4051 4049/4049 4052/4052
f 4051/4051 4052/4052 4053/4053
f 4053/4053 4052/4052 4054/4054
f 4053/4053 4054/4054 4055/4055
f 4055/4055 4054/4054 4056/4056
f 4055/4055 4056/4056 4057/4057
f 4057/4057 4056/4056 4058/4058
f 4058/4058 4056/4056 4059/4059
f 4058/4058 4059/4059 4060/4060
f 4060/4060 4059/4059 4061/4061
f 4060/4060 4061/4061 4062/4062
f 4062/4062 4061/4061 4063/4063
f 4062/4062 4063/4063 4064/4064
f 4064/4064 4063/4063 4065/4065
f 4064/4064 4065/4065 4066/4066
f 4066/4066 4065/4065 4067/4067
f 4066/4066 4067/4067 4068/4068
f 4068/4068 4067/4067 4069/4069
f 4068/4068 4069/4069 4070/4070
f 4070/4070 4069/4069 4071/4071
f 4072/4072 4073/4073 4074/4074
f 4074/4074 4073/4073 4075/4075
f 4074/4074 4075/4075 4076/4076
f 4076/4076 4075/4075 4077/4077
f 4076/4076 4077/4077 4078/4078
f 4078/4078 4077/4077 4079/4079
f 4078/4078 4079/4079 4080/4080
f 4080/4080 4079/4079 4081/4081
f 4080/4080 4081/4081 4082/4082
f 4082/4082 4081/4081 4083/4083
f 4082/4082 4083/4083 4084/4084
f 4084/4084 4083/4083 4085/4085
f 4084/4084 4085/4085 4086/4086
f 4086/4086 4085/4085 4087/4087
f 4087/4087 4085/4085 4088/4088
f 4087/4087 4088/4088 4089/4089
f 4089/4089 4088/4088 4046/4046
f 4046/4046 4088/4088 4047/4047
f 4090/4090 4091/4091 4092/4092
f 4092/4092 4091/4091 4093/4093
f 4092/4092 4093/4093 4094/4094
f 4094/4094 4093/4093 4095/4095
f 4094/4094 4095/4095 4096/4096
f 4096/4096 4095/4095 4097/4097
f 4096/4096 4097/4097 4098/4098
f 4098/4098 4097/4097 4099/4099
f 4098/4098 4099/4099 4100/4100
f 4098/4098 4100/4100 4101/4101
f 4101/4101 4100/4100 4102/4102
f 4101/4101 4102/4102 4103/4103
f 4103/4103 4102/4102 4104/4104
f 4103/4103 4104/4104 4105/4105
f 4103/4103 4105/4105 4106/4106
f 4106/4106 4105/4105 4107/4107
f 4106/4106 4107/4107 4108/4108
f 4108/4108 4107/4107 4109/4109
f 4108/4108 4109/4109 4110/4110
f 4110/4110 4109/4109 4111/4111
f 4110/4110 4111/4111 4112/4112
f 4110/4110 4112/4112 4113/4113
f 4113/4113 4112/4112 4114/4114
f 4113/4113 4114/4114 4115/4115
f 4115/4115 4114/4114 4116/4116
f 4115/4115 4116/4116 4117/4117
f 4115/4115 4117/4117 4118/4118
f 4118/4118 4117/4117 4119/4119
f 4118/4118 4119/4119 4120/4120
f 4120/4120 4119/4119 4090/4090
f 4120/4120 4090/4090 4092/4092
f 4121/4121 4122/4122 4123/4123
f 4123/4123 4122/4122 4124/4124
f 4123/4123 4124/4124 4125/4125
f 4125/4125 4124/4124 4126/4126
f 4125/4125 4126/4126 4127/4127
f 4127/4127 4126/4126 4128/4128
f 4128/4128 4126/4126 4129/4129
f 4128/4128 4129/4129 4130/4130
f 4130/4130 4129/4129 4131/4131
f 4131/4131 4129/4129 4132/4132
f 4131/4131 4132/4132 4133/4133
f 4133/4133 4132/4132 4134/4134
f 4133/4133 4134/4134 4135/4135
f 4135/4135 4134/4134 4136/4136
f 4135/4135 4136/4136 4137/4137
f 4137/4137 4136/4136 4138/4138
f 4137/4137 4138/4138 4139/4139
f 4139/4139 4138/4138 4140/4140
f 4139/4139 4140/4140 4141/4141
f 4141/4141 4140/4140 4142/4142
f 4141/4141 4142/4142 4143/4143
f 4143/4143 4142/4142 4144/4144
f 4143/4143 4144/4144 4145/4145
f 4145/4145 4144/4144 4146/4146
f 4145/4145 4146/4146 4147/4147
f 4147/4147 4146/4146 4148/4148
f 4147/4147 4148/4148 4149/4149
f 4149/4149 4148/4148 4150/4150
f 4149/4149 4150/4150 4151/4151
f 4151/4151 4150/4150 4152/4152
f 4151/4151 4152/4152 4153/4153
f 4153/4153 4152/4152 4154/4154
f 4153/4153 4154/4154 4155/4155
f 4155/4155 4154/4154 4156/4156
f 4155/4155 4156/4156 4157/4157
f 4157/4157 4156/4156 4158/4158
f 4158/4158 4156/4156 4159/4159
f 4158/4158 4159/4159 4160/4160
f 4160/4160 4159/4159 4161/4161
f 4160/4160 4161/4161 4162/4162
f 4163/4163 4164/4164 4122/4122
f 4163/4163 4122/4122 4121/4121
f 4165/4165 4166/4166 4167/4167
f 4167/4167 4166/4166 4168/4168
f 4167/4167 4168/4168 4169/4169
f 4169/4169 4168/4168 4170/4170
f 4169/4169 4170/4170 4171/4171
f 4171/4171 4170/4170 4172/4172
f 4171/4171 4172/4172 4173/4173
f 4173/4173 4172/4172 4174/4174
f 4173/4173 4174/4174 4175/4175
f 4175/4175 4174/4174 4176/4176
f 4175/4175 4176/4176 4177/4177
f 4177/4177 4176/4176 4178/4178
f 4177/4177 4178/4178 4179/4179
f 4179/4179 4178/4178 4180/4180
f 4179/4179 4180/4180 4181/4181
f 4181/4181 4180/4180 4182/4182
f 4181/4181 4182/4182 4183/4183
f 4183/4183 4182/4182 4184/4184
f 4183/4183 4184/4184 4185/4185
f 4185/4185 4184/4184 4186/4186
f 4187/4187 4188/4188 4189/4189
f 4189/4189 4188/4188 4190/4190
f 4189/4189 4190/4190 4191/4191
f 4191/4191 4190/4190 4192/4192
f 4191/4191 4192/4192 4193/4193
f 4166/4166 4165/4165 4194/4194
f 4194/4194 4165/4165 4195/4195
f 4194/4194 4195/4195 4196/4196
f 4196/4196 4195/4195 4197/4197
f 4196/4196 4197/4197 4198/4198
f 4198/4198 4197/4197 4199/4199
f 4198/4198 4199/4199 4200/4200
f 4200/4200 4199/4199 4201/4201
f 4200/4200 4201/4201 4202/4202
f 4202/4202 4201/4201 4203/4203
f 4202/4202 4203/4203 4204/4204
f 4204/4204 4203/4203 4205/4205
f 4204/4204 4205/4205 4206/4206
f 4206/4206 4205/4205 4207/4207
f 4206/4206 4207/4207 4189/4189
f 4189/4189 4207/4207 4187/4187
f 4208/4208 4209/4209 4210/4210
f 4210/4210 4209/4209 4211/4211
f 4210/4210 4211/4211 4212/4212
f 4212/4212 4211/4211 4213/4213
f 4212/4212 4213/4213 4214/4214
f 4214/4214 4213/4213 4215/4215
f 4214/4214 4215/4215 4216/4216
f 4216/4216 4215/4215 4217/4217
f 4216/4216 4217/4217 4218/4218
f 4218/4218 4217/4217 4219/4219
f 4218/4218 4219/4219 4220/4220
f 4220/4220 4219/4219 4221/4221
f 4220/4220 4221/4221 4222/4222
f 4222/4222 4221/4221 4223/4223
f 4222/4222 4223/4223 4224/4224
f 4224/4224 4223/4223 4225/4225
f 4224/4224 4225/4225 4193/4193
f 4193/4193 4225/4225 4191/4191
f 4209/4209 4208/4208 4226/4226
f 4226/4226 4208/4208 4227/4227
f 4226/4226 4227/4227 4228/4228
f 4228/4228 4227/4227 4229/4229
f 4228/4228 4229/4229 4230/4230
f 4230/4230 4229/4229 4231/4231
f 4230/4230 4231/4231 4232/4232
f 4232/4232 4231/4231 4233/4233
f 4232/4232 4233/4233 4234/4234
f 4234/4234 4233/4233 4235/4235
f 4234/4234 4235/4235 4236/4236
f 4236/4236 4235/4235 4237/4237
f 4236/4236 4237/4237 4238/4238
f 4238/4238 4237/4237 4239/4239
f 4238/4238 4239/4239 4240/4240
f 4240/4240 4239/4239 4241/4241
f 4240/4240 4241/4241 4242/4242
f 4190/4190 4243/4243 4192/4192
f 4240/4240 4242/4242 4186/4186
f 4240/4240 4186/4186 4184/4184
f 4166/4166 4211/4211 4168/4168
f 4168/4168 4211/4211 4209/4209
f 4168/4168 4209/4209 4170/4170
f 4170/4170 4209/4209 4226/4226
f 4170/4170 4226/4226 4172/4172
f 4172/4172 4226/4226 4228/4228
f 4172/4172 4228/4228 4174/4174
f 4174/4174 4228/4228 4230/4230
f 4174/4174 4230/4230 4176/4176
f 4176/4176 4230/4230 4232/4232
f 4176/4176 4232/4232 4178/4178
f 4178/4178 4232/4232 4234/4234
f 4178/4178 4234/4234 4180/4180
f 4180/4180 4234/4234 4236/4236
f 4180/4180 4236/4236 4182/4182
f 4182/4182 4236/4236 4238/4238
f 4182/4182 4238/4238 4184/4184
f 4184/4184 4238/4238 4240/4240
f 4211/4211 4166/4166 4213/4213
f 4213/4213 4166/4166 4194/4194
f 4213/4213 4194/4194 4215/4215
f 4215/4215 4194/4194 4196/4196
f 4215/4215 4196/4196 4217/4217
f 4217/4217 4196/4196 4198/4198
f 4217/4217 4198/4198 4219/4219
f 4219/4219 4198/4198 4200/4200
f 4219/4219 4200/4200 4221/4221
f 4221/4221 4200/4200 4202/4202
f 4221/4221 4202/4202 4223/4223
f 4223/4223 4202/4202 4204/4204
f 4223/4223 4204/4204 4225/4225
f 4225/4225 4204/4204 4206/4206
f 4225/4225 4206/4206 4191/4191
f 4191/4191 4206/4206 4189/4189
f 4244/4244 4245/4245 4246/4246
f 4246/4246 4245/4245 4247/4247
f 4246/4246 4247/4247 4248/4248
f 4248/4248 4247/4247 4249/4249
f 4248/4248 4249/4249 4250/4250
f 4250/4250 4249/4249 4251/4251
f 4250/4250 4251/4251 4252/4252
f 4252/4252 4251/4251 4253/4253
f 4252/4252 4253/4253 4254/4254
f 4254/4254 4253/4253 4255/4255
f 4254/4254 4255/4255 4256/4256
f 4256/4256 4255/4255 4257/4257
f 4256/4256 4257/4257 4258/4258
f 4258/4258 4257/4257 4259/4259
f 4258/4258 4259/4259 4260/4260
f 4260/4260 4259/4259 4261/4261
f 4260/4260 4261/4261 4262/4262
f 4262/4262 4261/4261 4263/4263
f 4262/4262 4263/4263 4264/4264
f 4264/4264 4263/4263 4265/4265
f 4266/4266 4267/4267 4268/4268
f 4268/4268 4267/4267 4269/4269
f 4268/4268 4269/4269 4270/4270
f 4270/4270 4269/4269 4271/4271
f 4270/4270 4271/4271 4272/4272
f 4245/4245 4244/4244 4273/4273
f 4273/4273 4244/4244 4274/4274
f 4273/4273 4274/4274 4275/4275
f 4275/4275 4274/4274 4276/4276
f 4275/4275 4276/4276 4277/4277
f 4277/4277 4276/4276 4278/4278
f 4277/4277 4278/4278 4279/4279
f 4279/4279 4278/4278 4280/4280
f 4279/4279 4280/4280 4281/4281
f 4281/4281 4280/4280 4282/4282
f 4281/4281 4282/4282 4283/4283
f 4283/4283 4282/4282 4284/4284
f 4283/4283 4284/4284 4285/4285
f 4285/4285 4284/4284 4286/4286
f 4285/4285 4286/4286 4268/4268
f 4268/4268 4286/4286 4266/4266
f 4287/4287 4288/4288 4289/4289
f 4289/4289 4288/4288 4290/4290
f 4289/4289 4290/4290 4291/4291
f 4291/4291 4290/4290 4292/4292
f 4291/4291 4292/4292 4293/4293
f 4293/4293 4292/4292 4294/4294
f 4293/4293 4294/4294 4295/4295
f 4295/4295 4294/4294 4296/4296
f 4295/4295 4296/4296 4297/4297
f 4297/4297 4296/4296 4298/4298
f 4297/4297 4298/4298 4299/4299
f 4299/4299 4298/4298 4300/4300
f 4299/4299 4300/4300 4301/4301
f 4301/4301 4300/4300 4302/4302
f 4301/4301 4302/4302 4303/4303
f 4303/4303 4302/4302 4304/4304
f 4303/4303 4304/4304 4272/4272
f 4272/4272 4304/4304 4270/4270
f 4288/4288 4287/4287 4305/4305
f 4305/4305 4287/4287 4306/4306
f 4305/4305 4306/4306 4307/4307
f 4307/4307 4306/4306 4308/4308
f 4307/4307 4308/4308 4309/4309
f 4309/4309 4308/4308 4310/4310
f 4309/4309 4310/4310 4311/4311
f 4311/4311 4310/4310 4312/4312
f 4311/4311 4312/4312 4313/4313
f 4313/4313 4312/4312 4314/4314
f 4313/4313 4314/4314 4315/4315
f 4315/4315 4314/4314 4316/4316
f 4315/4315 4316/4316 4317/4317
f 4317/4317 4316/4316 4318/4318
f 4317/4317 4318/4318 4319/4319
f 4319/4319 4318/4318 4320/4320
f 4319/4319 4320/4320 4321/4321
f 4269/4269 4322/4322 4271/4271
f 4319/4319 4321/4321 4265/4265
f 4319/4319 4265/4265 4263/4263
f 4245/4245 4290/4290 4247/4247
f 4247/4247 4290/4290 4288/4288
f 4247/4247 4288/4288 4249/4249
f 4249/4249 4288/4288 4305/4305
f 4249/4249 4305/4305 4251/4251
f 4251/4251 4305/4305 4307/4307
f 4251/4251 4307/4307 4253/4253
f 4253/4253 4307/4307 4309/4309
f 4253/4253 4309/4309 4255/4255
f 4255/4255 4309/4309 4311/4311
f 4255/4255 4311/4311 4257/4257
f 4257/4257 4311/4311 4313/4313
f 4257/4257 4313/4313 4259/4259
f 4259/4259 4313/4313 4315/4315
f 4259/4259 4315/4315 4261/4261
f 4261/4261 4315/4315 4317/4317
f 4261/4261 4317/4317 4263/4263
f 4263/4263 4317/4317 4319/4319
f 4290/4290 4245/4245 4292/4292
f 4292/4292 4245/4245 4273/4273
f 4292/4292 4273/4273 4294/4294
f 4294/4294 4273/4273 4275/4275
f 4294/4294 4275/4275 4296/4296
f 4296/4296 4275/4275 4277/4277
f 4296/4296 4277/4277 4298/4298
f 4298/4298 4277/4277 4279/4279
f 4298/4298 4279/4279 4300/4300
f 4300/4300 4279/4279 4281/4281
f 4300/4300 4281/4281 4302/4302
f 4302/4302 4281/4281 4283/4283
f 4302/4302 4283/4283 4304/4304
f 4304/4304 4283/4283 4285/4285
f 4304/4304 4285/4285 4270/4270
f 4270/4270 4285/4285 4268/4268
f 4323/4323 4324/4324 4325/4325
f 4325/4325 4324/4324 4326/4326
f 4325/4325 4326/4326 4327/4327
f 4327/4327 4326/4326 4328/4328
f 4327/4327 4328/4328 4329/4329
f 4329/4329 4328/4328 4330/4330
f 4329/4329 4330/4330 4331/4331
f 4331/4331 4330/4330 4332/4332
f 4331/4331 4332/4332 4333/4333
f 4333/4333 4332/4332 4334/4334
f 4333/4333 4334/4334 4335/4335
f 4335/4335 4334/4334 4336/4336
f 4335/4335 4336/4336 4337/4337
f 4337/4337 4336/4336 4338/4338
f 4337/4337 4338/4338 4339/4339
f 4339/4339 4338/4338 4340/4340
f 4339/4339 4340/4340 4341/4341
f 4341/4341 4340/4340 4342/4342
f 4341/4341 4342/4342 4343/4343
f 4343/4343 4342/4342 4344/4344
f 4345/4345 4346/4346 4347/4347
f 4347/4347 4346/4346 4348/4348
f 4347/4347 4348/4348 4349/4349
f 4349/4349 4348/4348 4350/4350
f 4349/4349 4350/4350 4351/4351
f 4324/4324 4323/4323 4352/4352
f 4352/4352 4323/4323 4353/4353
f 4352/4352 4353/4353 4354/4354
f 4354/4354 4353/4353 4355/4355
f 4354/4354 4355/4355 4356/4356
f 4356/4356 4355/4355 4357/4357
f 4356/4356 4357/4357 4358/4358
f 4358/4358 4357/4357 4359/4359
f 4358/4358 4359/4359 4360/4360
f 4360/4360 4359/4359 4361/4361
f 4360/4360 4361/4361 4362/4362
f 4362/4362 4361/4361 4363/4363
f 4362/4362 4363/4363 4364/4364
f 4364/4364 4363/4363 4365/4365
f 4364/4364 4365/4365 4347/4347
f 4347/4347 4365/4365 4345/4345
f 4366/4366 4367/4367 4368/4368
f 4368/4368 4367/4367 4369/4369
f 4368/4368 4369/4369 4370/4370
f 4370/4370 4369/4369 4371/4371
f 4370/4370 4371/4371 4372/4372
f 4372/4372 4371/4371 4373/4373
f 4372/4372 4373/4373 4374/4374
f 4374/4374 4373/4373 4375/4375
f 4374/4374 4375/4375 4376/4376
f 4376/4376 4375/4375 4377/4377
f 4376/4376 4377/4377 4378/4378
f 4378/4378 4377/4377 4379/4379
f 4378/4378 4379/4379 4380/4380
f 4380/4380 4379/4379 4381/4381
f 4380/4380 4381/4381 4382/4382
f 4382/4382 4381/4381 4383/4383
f 4382/4382 4383/4383 4351/4351
f 4351/4351 4383/4383 4349/4349
f 4367/4367 4366/4366 4384/4384
f 4384/4384 4366/4366 4385/4385
f 4384/4384 4385/4385 4386/4386
f 4386/4386 4385/4385 4387/4387
f 4386/4386 4387/4387 4388/4388
f 4388/4388 4387/4387 4389/4389
f 4388/4388 4389/4389 4390/4390
f 4390/4390 4389/4389 4391/4391
f 4390/4390 4391/4391 4392/4392
f 4392/4392 4391/4391 4393/4393
f 4392/4392 4393/4393 4394/4394
f 4394/4394 4393/4393 4395/4395
f 4394/4394 4395/4395 4396/4396
f 4396/4396 4395/4395 4397/4397
f 4396/4396 4397/4397 4398/4398
f 4398/4398 4397/4397 4399/4399
f 4398/4398 4399/4399 4400/4400
f 4348/4348 4401/4401 4350/4350
f 4398/4398 4400/4400 4344/4344
f 4398/4398 4344/4344 4342/4342
f 4324/4324 4369/4369 4326/4326
f 4326/4326 4369/4369 4367/4367
f 4326/4326 4367/4367 4328/4328
f 4328/4328 4367/4367 4384/4384
f 4328/4328 4384/4384 4330/4330
f 4330/4330 4384/4384 4386/4386
f 4330/4330 4386/4386 4332/4332
f 4332/4332 4386/4386 4388/4388
f 4332/4332 4388/4388 4334/4334
f 4334/4334 4388/4388 4390/4390
f 4334/4334 4390/4390 4336/4336
f 4336/4336 4390/4390 4392/4392
f 4336/4336 4392/4392 4338/4338
f 4338/4338 4392/4392 4394/4394
f 4338/4338 4394/4394 4340/4340
f 4340/4340 4394/4394 4396/4396
f 4340/4340 4396/4396 4342/4342
f 4342/4342 4396/4396 4398/4398
f 4369/4369 4324/4324 4371/4371
f 4371/4371 4324/4324 4352/4352
f 4371/4371 4352/4352 4373/4373
f 4373/4373 4352/4352 4354/4354
f 4373/4373 4354/4354 4375/4375
f 4375/4375 4354/4354 4356/4356
f 4375/4375 4356/4356 4377/4377
f 4377/4377 4356/4356 4358/4358
f 4377/4377 4358/4358 4379/4379
f 4379/4379 4358/4358 4360/4360
f 4379/4379 4360/4360 4381/4381
f 4381/4381 4360/4360 4362/4362
f 4381/4381 4362/4362 4383/4383
f 4383/4383 4362/4362 4364/4364
f 4383/4383 4364/4364 4349/4349
f 4349/4349 4364/4364 4347/4347
f 4402/4402 4403/4403 4404/4404
f 4404/4404 4403/4403 4405/4405
f 4406/4406 4407/4407 4408/4408
f 4408/4408 4407/4407 4409/4409
f 4408/4408 4409/4409 4410/4410
f 4410/4410 4409/4409 4411/4411
f 4410/4410 4411/4411 4412/4412
f 4412/4412 4411/4411 4413/4413
f 4412/4412 4413/4413 4414/4414
f 4414/4414 4413/4413 4415/4415
f 4414/4414 4415/4415 4416/4416
f 4416/4416 4415/4415 4417/4417
f 4416/4416 4417/4417 4418/4418
f 4418/4418 4417/4417 4419/4419
f 4418/4418 4419/4419 4420/4420
f 4420/4420 4419/4419 4421/4421
f 4420/4420 4421/4421 4422/4422
f 4422/4422 4421/4421 4423/4423
f 4422/4422 4423/4423 4424/4424
f 4424/4424 4423/4423 4425/4425
f 4424/4424 4425/4425 4426/4426
f 4426/4426 4425/4425 4427/4427
f 4426/4426 4427/4427 4428/4428
f 4428/4428 4427/4427 4429/4429
f 4428/4428 4429/4429 4430/4430
f 4430/4430 4429/4429 4431/4431
f 4430/4430 4431/4431 4432/4432
f 4432/4432 4431/4431 4433/4433
f 4432/4432 4433/4433 4434/4434
f 4434/4434 4433/4433 4435/4435
f 4434/4434 4435/4435 4436/4436
f 4436/4436 4435/4435 4437/4437
f 4436/4436 4437/4437 4438/4438
f 4438/4438 4437/4437 4439/4439
f 4438/4438 4439/4439 4440/4440
f 4440/4440 4439/4439 4441/4441
f 4440/4440 4441/4441 4402/4402
f 4402/4402 4441/4441 4403/4403
f 4442/4442 4443/4443 4444/4444
f 4444/4444 4443/4443 4445/4445
f 4444/4444 4445/4445 4446/4446
f 4446/4446 4445/4445 4447/4447
f 4446/4446 4447/4447 4448/4448
f 4448/4448 4447/4447 4449/4449
f 4448/4448 4449/4449 4450/4450
f 4450/4450 4449/4449 4451/4451
f 4450/4450 4451/4451 4452/4452
f 4452/4452 4451/4451 4453/4453
f 4452/4452 4453/4453 4454/4454
f 4454/4454 4453/4453 4455/4455
f 4454/4454 4455/4455 4456/4456
f 4456/4456 4455/4455 4457/4457
f 4456/4456 4457/4457 4458/4458
f 4458/4458 4457/4457 4459/4459
f 4458/4458 4459/4459 4460/4460
f 4460/4460 4459/4459 4461/4461
f 4460/4460 4461/4461 4462/4462
f 4462/4462 4461/4461 4463/4463
f 4464/4464 4465/4465 4466/4466
f 4466/4466 4465/4465 4405/4405
f 4466/4466 4405/4405 4403/4403
f 4443/4443 4442/4442 4467/4467
f 4467/4467 4442/4442 4468/4468
f 4467/4467 4468/4468 4469/4469
f 4469/4469 4468/4468 4470/4470
f 4469/4469 4470/4470 4471/4471
f 4471/4471 4470/4470 4472/4472
f 4471/4471 4472/4472 4473/4473
f 4473/4473 4472/4472 4474/4474
f 4473/4473 4474/4474 4475/4475
f 4475/4475 4474/4474 4476/4476
f 4475/4475 4476/4476 4477/4477
f 4477/4477 4476/4476 4478/4478
f 4477/4477 4478/4478 4479/4479
f 4479/4479 4478/4478 4480/4480
f 4479/4479 4480/4480 4466/4466
f 4466/4466 4480/4480 4464/4464
f 4407/4407 4463/4463 4409/4409
f 4409/4409 4463/4463 4461/4461
f 4409/4409 4461/4461 4411/4411
f 4411/4411 4461/4461 4459/4459
f 4411/4411 4459/4459 4413/4413
f 4413/4413 4459/4459 4457/4457
f 4413/4413 4457/4457 4415/4415
f 4415/4415 4457/4457 4455/4455
f 4415/4415 4455/4455 4417/4417
f 4417/4417 4455/4455 4453/4453
f 4417/4417 4453/4453 4419/4419
f 4419/4419 4453/4453 4451/4451
f 4419/4419 4451/4451 4421/4421
f 4421/4421 4451/4451 4449/4449
f 4421/4421 4449/4449 4423/4423
f 4423/4423 4449/4449 4447/4447
f 4423/4423 4447/4447 4425/4425
f 4425/4425 4447/4447 4445/4445
f 4425/4425 4445/4445 4427/4427
f 4427/4427 4445/4445 4443/4443
f 4427/4427 4443/4443 4429/4429
f 4429/4429 4443/4443 4467/4467
f 4429/4429 4467/4467 4431/4431
f 4431/4431 4467/4467 4469/4469
f 4431/4431 4469/4469 4433/4433
f 4433/4433 4469/4469 4471/4471
f 4433/4433 4471/4471 4435/4435
f 4435/4435 4471/4471 4473/4473
f 4435/4435 4473/4473 4437/4437
f 4437/4437 4473/4473 4475/4475
f 4437/4437 4475/4475 4439/4439
f 4439/4439 4475/4475 4477/4477
f 4439/4439 4477/4477 4441/4441
f 4441/4441 4477/4477 4479/4479
f 4441/4441 4479/4479 4403/4403
f 4403/4403 4479/4479 4466/4466
f 4481/4481 4482/4482 4483/4483
f 4483/4483 4482/4482 4484/4484
f 4483/4483 4484/4484 4485/4485
f 4483/4483 4485/4485 4486/4486
f 4486/4486 4485/4485 4487/4487
f 4486/4486 4487/4487 4488/4488
f 4486/4486 4488/4488 4489/4489
f 4489/4489 4488/4488 4490/4490
f 4489/4489 4490/4490 4491/4491
f 4491/4491 4490/4490 4492/4492
f 4491/4491 4492/4492 4493/4493
f 4493/4493 4492/4492 4494/4494
f 4493/4493 4494/4494 4495/4495
f 4495/4495 4494/4494 4496/4496
f 4495/4495 4496/4496 4497/4497
f 4497/4497 4496/4496 4498/4498
f 4497/4497 4498/4498 4499/4499
f 4499/4499 4498/4498 4500/4500
f 4499/4499 4500/4500 4501/4501
f 4501/4501 4500/4500 4502/4502
f 4501/4501 4502/4502 4503/4503
f 4503/4503 4502/4502 4504/4504
f 4503/4503 4504/4504 4505/4505
f 4505/4505 4504/4504 4506/4506
f 4505/4505 4506/4506 4507/4507
f 4507/4507 4506/4506 4508/4508
f 4507/4507 4508/4508 4509/4509
f 4509/4509 4508/4508 4510/4510
f 4509/4509 4510/4510 4511/4511
f 4511/4511 4512/4512 4509/4509
f 4509/4509 4512/4512 4513/4513
f 4509/4509 4513/4513 4507/4507
f 4507/4507 4513/4513 4514/4514
f 4507/4507 4514/4514 4505/4505
f 4505/4505 4514/4514 4515/4515
f 4505/4505 4515/4515 4503/4503
f 4503/4503 4515/4515 4516/4516
f 4503/4503 4516/4516 4501/4501
f 4501/4501 4516/4516 4517/4517
f 4501/4501 4517/4517 4499/4499
f 4499/4499 4517/4517 4518/4518
f 4499/4499 4518/4518 4497/4497
f 4497/4497 4518/4518 4519/4519
f 4497/4497 4519/4519 4495/4495
f 4495/4495 4519/4519 4520/4520
f 4495/4495 4520/4520 4493/4493
f 4493/4493 4520/4520 4521/4521
f 4493/4493 4521/4521 4491/4491
f 4491/4491 4521/4521 4522/4522
f 4491/4491 4522/4522 4489/4489
f 4489/4489 4522/4522 4523/4523
f 4489/4489 4523/4523 4486/4486
f 4486/4486 4523/4523 4483/4483
f 4512/4512 4524/4524 4513/4513
f 4513/4513 4524/4524 4525/4525
f 4513/4513 4525/4525 4514/4514
f 4514/4514 4525/4525 4526/4526
f 4514/4514 4526/4526 4515/4515
f 4515/4515 4526/4526 4527/4527
f 4515/4515 4527/4527 4516/4516
f 4516/4516 4527/4527 4528/4528
f 4516/4516 4528/4528 4517/4517
f 4517/4517 4528/4528 4529/4529
f 4517/4517 4529/4529 4518/4518
f 4518/4518 4529/4529 4530/4530
f 4518/4518 4530/4530 4519/4519
f 4519/4519 4530/4530 4531/4531
f 4519/4519 4531/4531 4520/4520
f 4520/4520 4531/4531 4532/4532
f 4520/4520 4532/4532 4521/4521
f 4521/4521 4532/4532 4533/4533
f 4521/4521 4533/4533 4522/4522
f 4522/4522 4533/4533 4534/4534
f 4522/4522 4534/4534 4523/4523
f 4523/4523 4534/4534 4481/4481
f 4523/4523 4481/4481 4483/4483
f 4535/4535 4536/4536 4537/4537
f 4537/4537 4536/4536 4538/4538
f 4537/4537 4538/4538 4539/4539
f 4539/4539 4538/4538 4540/4540
f 4539/4539 4540/4540 4541/4541
f 4541/4541 4540/4540 4542/4542
f 4541/4541 4542/4542 4543/4543
f 4543/4543 4544/4544 4541/4541
f 4541/4541 4544/4544 4539/4539
f 4544/4544 4545/4545 4539/4539
f 4539/4539 4545/4545 4537/4537
f 4545/4545 4535/4535 4537/4537
f 4546/4546 4547/4547 4548/4548
f 4548/4548 4547/4547 4549/4549
f 4548/4548 4549/4549 4550/4550
f 4550/4550 4549/4549 4551/4551
f 4550/4550 4551/4551 4552/4552
f 4552/4552 4551/4551 4553/4553
f 4552/4552 4553/4553 4554/4554
f 4554/4554 4555/4555 4552/4552
f 4552/4552 4555/4555 4550/4550
f 4555/4555 4556/4556 4550/4550
f 4550/4550 4556/4556 4548/4548
f 4556/4556 4546/4546 4548/4548
f 4557/4557 4558/4558 4559/4559
f 4559/4559 4558/4558 4560/4560
f 4559/4559 4560/4560 4561/4561
f 4561/4561 4560/4560 4562/4562
f 4561/4561 4562/4562 4563/4563
f 4558/4558 4564/4564 4560/4560
f 4560/4560 4564/4564 4565/4565
f 4560/4560 4565/4565 4562/4562
f 4562/4562 4565/4565 4566/4566
f 4566/4566 4565/4565 4567/4567
f 4566/4566 4567/4567 4568/4568
f 4569/4569 4570/4570 4564/4564
f 4564/4564 4570/4570 4565/4565
f 4570/4570 4567/4567 4565/4565
f 4571/4571 4572/4572 4573/4573
f 4573/4573 4572/4572 4574/4574
f 4573/4573 4574/4574 4575/4575
f 4575/4575 4574/4574 4576/4576
f 4575/4575 4576/4576 4577/4577
f 4572/4572 4578/4578 4574/4574
f 4574/4574 4578/4578 4579/4579
f 4574/4574 4579/4579 4576/4576
f 4576/4576 4579/4579 4580/4580
f 4580/4580 4579/4579 4581/4581
f 4580/4580 4581/4581 4582/4582
f 4583/4583 4584/4584 4578/4578
f 4578/4578 4584/4584 4579/4579
f 4584/4584 4581/4581 4579/4579
f 4585/4585 4586/4586 4587/4587
f 4587/4587 4586/4586 4588/4588
f 4587/4587 4588/4588 4589/4589
f 4589/4589 4588/4588 4590/4590
f 4589/4589 4590/4590 4591/4591
f 4591/4591 4590/4590 4592/4592
f 4591/4591 4592/4592 4593/4593
f 4591/4591 4593/4593 4594/4594
f 4594/4594 4593/4593 4595/4595
f 4594/4594 4595/4595 4596/4596
f 4596/4596 4595/4595 4597/4597
f 4596/4596 4597/4597 4598/4598
f 4598/4598 4597/4597 4599/4599
f 4598/4598 4599/4599 4600/4600
f 4598/4598 4600/4600 4601/4601
f 4601/4601 4600/4600 4602/4602
f 4601/4601 4602/4602 4603/4603
f 4603/4603 4602/4602 4604/4604
f 4603/4603 4604/4604 4605/4605
f 4605/4605 4606/4606 4603/4603
f 4603/4603 4606/4606 4607/4607
f 4603/4603 4607/4607 4601/4601
f 4601/4601 4607/4607 4608/4608
f 4601/4601 4608/4608 4598/4598
f 4598/4598 4608/4608 4596/4596
f 4607/4607 4606/4606 4609/4609
f 4609/4609 4606/4606 4585/4585
f 4609/4609 4585/4585 4587/4587
f 4608/4608 4607/4607 4609/4609
f 4609/4609 4587/4587 4610/4610
f 4610/4610 4587/4587 4589/4589
f 4610/4610 4589/4589 4594/4594
f 4594/4594 4589/4589 4591/4591
f 4596/4596 4608/4608 4610/4610
f 4610/4610 4608/4608 4609/4609
f 4596/4596 4610/4610 4594/4594
f 4611/4611 4612/4612 4613/4613
f 4613/4613 4612/4612 4614/4614
f 4613/4613 4614/4614 4615/4615
f 4613/4613 4615/4615 4616/4616
f 4616/4616 4615/4615 4617/4617
f 4616/4616 4617/4617 4618/4618
f 4616/4616 4618/4618 4619/4619
f 4619/4619 4618/4618 4620/4620
f 4619/4619 4620/4620 4621/4621
f 4621/4621 4620/4620 4622/4622
f 4621/4621 4622/4622 4623/4623
f 4623/4623 4622/4622 4624/4624
f 4623/4623 4624/4624 4625/4625
f 4625/4625 4624/4624 4626/4626
f 4625/4625 4626/4626 4627/4627
f 4627/4627 4626/4626 4628/4628
f 4627/4627 4628/4628 4629/4629
f 4629/4629 4628/4628 4630/4630
f 4629/4629 4630/4630 4631/4631
f 4631/4631 4630/4630 4632/4632
f 4631/4631 4632/4632 4633/4633
f 4633/4633 4632/4632 4634/4634
f 4633/4633 4634/4634 4635/4635
f 4635/4635 4634/4634 4636/4636
f 4635/4635 4636/4636 4637/4637
f 4637/4637 4636/4636 4638/4638
f 4637/4637 4638/4638 4639/4639
f 4639/4639 4638/4638 4640/4640
f 4639/4639 4640/4640 4641/4641
f 4641/4641 4642/4642 4639/4639
f 4639/4639 4642/4642 4643/4643
f 4639/4639 4643/4643 4637/4637
f 4637/4637 4643/4643 4644/4644
f 4637/4637 4644/4644 4635/4635
f 4635/4635 4644/4644 4645/4645
f 4635/4635 4645/4645 4633/4633
f 4633/4633 4645/4645 4646/4646
f 4633/4633 4646/4646 4631/4631
f 4631/4631 4646/4646 4647/4647
f 4631/4631 4647/4647 4629/4629
f 4629/4629 4647/4647 4648/4648
f 4629/4629 4648/4648 4627/4627
f 4627/4627 4648/4648 4649/4649
f 4627/4627 4649/4649 4625/4625
f 4625/4625 4649/4649 4650/4650
f 4625/4625 4650/4650 4623/4623
f 4623/4623 4650/4650 4651/4651
f 4623/4623 4651/4651 4621/4621
f 4621/4621 4651/4651 4652/4652
f 4621/4621 4652/4652 4619/4619
f 4619/4619 4652/4652 4653/4653
f 4619/4619 4653/4653 4616/4616
f 4616/4616 4653/4653 4613/4613
f 4642/4642 4654/4654 4643/4643
f 4643/4643 4654/4654 4655/4655
f 4643/4643 4655/4655 4644/4644
f 4644/4644 4655/4655 4656/4656
f 4644/4644 4656/4656 4645/4645
f 4645/4645 4656/4656 4657/4657
f 4645/4645 4657/4657 4646/4646
f 4646/4646 4657/4657 4658/4658
f 4646/4646 4658/4658 4647/4647
f 4647/4647 4658/4658 4659/4659
f 4647/4647 4659/4659 4648/4648
f 4648/4648 4659/4659 4660/4660
f 4648/4648 4660/4660 4649/4649
f 4649/4649 4660/4660 4661/4661
f 4649/4649 4661/4661 4650/4650
f 4650/4650 4661/4661 4662/4662
f 4650/4650 4662/4662 4651/4651
f 4651/4651 4662/4662 4663/4663
f 4651/4651 4663/4663 4652/4652
f 4652/4652 4663/4663 4664/4664
f 4652/4652 4664/4664 4653/4653
f 4653/4653 4664/4664 4611/4611
f 4653/4653 4611/4611 4613/4613
f 4665/4665 4666/4666 4667/4667
f 4667/4667 4666/4666 4668/4668
f 4667/4667 4668/4668 4669/4669
f 4669/4669 4668/4668 4670/4670
f 4669/4669 4670/4670 4671/4671
f 4671/4671 4670/4670 4672/4672
f 4671/4671 4672/4672 4673/4673
f 4673/4673 4674/4674 4671/4671
f 4671/4671 4674/4674 4669/4669
f 4674/4674 4675/4675 4669/4669
f 4669/4669 4675/4675 4667/4667
f 4675/4675 4665/4665 4667/4667
f 4676/4676 4677/4677 4678/4678
f 4678/4678 4677/4677 4679/4679
f 4678/4678 4679/4679 4680/4680
f 4680/4680 4679/4679 4681/4681
f 4680/4680 4681/4681 4682/4682
f 4682/4682 4681/4681 4683/4683
f 4682/4682 4683/4683 4684/4684
f 4684/4684 4685/4685 4682/4682
f 4682/4682 4685/4685 4680/4680
f 4685/4685 4686/4686 4680/4680
f 4680/4680 4686/4686 4678/4678
f 4686/4686 4676/4676 4678/4678
f 4687/4687 4688/4688 4689/4689
f 4689/4689 4688/4688 4690/4690
f 4689/4689 4690/4690 4691/4691
f 4691/4691 4690/4690 4692/4692
f 4691/4691 4692/4692 4693/4693
f 4688/4688 4694/4694 4690/4690
f 4690/4690 4694/4694 4695/4695
f 4690/4690 4695/4695 4692/4692
f 4692/4692 4695/4695 4696/4696
f 4696/4696 4695/4695 4697/4697
f 4696/4696 4697/4697 4698/4698
f 4699/4699 4700/4700 4694/4694
f 4694/4694 4700/4700 4695/4695
f 4700/4700 4697/4697 4695/4695
f 4701/4701 4702/4702 4703/4703
f 4703/4703 4702/4702 4704/4704
f 4703/4703 4704/4704 4705/4705
f 4705/4705 4704/4704 4706/4706
f 4705/4705 4706/4706 4707/4707
f 4702/4702 4708/4708 4704/4704
f 4704/4704 4708/4708 4709/4709
f 4704/4704 4709/4709 4706/4706
f 4706/4706 4709/4709 4710/4710
f 4710/4710 4709/4709 4711/4711
f 4710/4710 4711/4711 4712/4712
f 4713/4713 4714/4714 4708/4708
f 4708/4708 4714/4714 4709/4709
f 4714/4714 4711/4711 4709/4709
f 4715/4715 4716/4716 4717/4717
f 4717/4717 4716/4716 4718/4718
f 4717/4717 4718/4718 4719/4719
f 4719/4719 4718/4718 4720/4720
f 4719/4719 4720/4720 4721/4721
f 4721/4721 4720/4720 4722/4722
f 4721/4721 4722/4722 4723/4723
f 4721/4721 4723/4723 4724/4724
f 4724/4724 4723/4723 4725/4725
f 4724/4724 4725/4725 4726/4726
f 4726/4726 4725/4725 4727/4727
f 4726/4726 4727/4727 4728/4728
f 4728/4728 4727/4727 4729/4729
f 4728/4728 4729/4729 4730/4730
f 4728/4728 4730/4730 4731/4731
f 4731/4731 4730/4730 4732/4732
f 4731/4731 4732/4732 4733/4733
f 4733/4733 4732/4732 4734/4734
f 4733/4733 4734/4734 4735/4735
f 4735/4735 4736/4736 4733/4733
f 4733/4733 4736/4736 4737/4737
f 4733/4733 4737/4737 4731/4731
f 4731/4731 4737/4737 4738/4738
f 4731/4731 4738/4738 4728/4728
f 4728/4728 4738/4738 4726/4726
f 4737/4737 4736/4736 4739/4739
f 4739/4739 4736/4736 4715/4715
f 4739/4739 4715/4715 4717/4717
f 4738/4738 4737/4737 4739/4739
f 4739/4739 4717/4717 4740/4740
f 4740/4740 4717/4717 4719/4719
f 4740/4740 4719/4719 4724/4724
f 4724/4724 4719/4719 4721/4721
f 4726/4726 4738/4738 4740/4740
f 4740/4740 4738/4738 4739/4739
f 4726/4726 4740/4740 4724/4724
f 4741/4741 4742/4742 4743/4743
f 4743/4743 4742/4742 4744/4744
f 4743/4743 4744/4744 4745/4745
f 4745/4745 4744/4744 4746/4746
f 4745/4745 4746/4746 4747/4747
f 4747/4747 4746/4746 4748/4748
f 4747/4747 4748/4748 4749/4749
f 4749/4749 4748/4748 4750/4750
f 4750/4750 4748/4748 4751/4751
f 4750/4750 4751/4751 4752/4752
f 4752/4752 4751/4751 4753/4753
f 4752/4752 4753/4753 4754/4754
f 4742/4742 4755/4755 4744/4744
f 4744/4744 4755/4755 4756/4756
f 4744/4744 4756/4756 4746/4746
f 4746/4746 4756/4756 4757/4757
f 4746/4746 4757/4757 4748/4748
f 4748/4748 4757/4757 4751/4751
f 4755/4755 4758/4758 4756/4756
f 4756/4756 4758/4758 4759/4759
f 4756/4756 4759/4759 4757/4757
f 4757/4757 4759/4759 4760/4760
f 4757/4757 4760/4760 4751/4751
f 4751/4751 4760/4760 4753/4753
f 4761/4761 4762/4762 4763/4763
f 4763/4763 4762/4762 4764/4764
f 4763/4763 4764/4764 4765/4765
f 4765/4765 4764/4764 4766/4766
f 4765/4765 4766/4766 4767/4767
f 4767/4767 4766/4766 4768/4768
f 4767/4767 4768/4768 4769/4769
f 4770/4770 4771/4771 4769/4769
f 4769/4769 4771/4771 4772/4772
f 4769/4769 4772/4772 4767/4767
f 4767/4767 4772/4772 4765/4765
f 4770/4770 4773/4773 4771/4771
f 4771/4771 4773/4773 4774/4774
f 4771/4771 4774/4774 4775/4775
f 4775/4775 4774/4774 4776/4776
f 4775/4775 4776/4776 4763/4763
f 4763/4763 4776/4776 4761/4761
f 4773/4773 4777/4777 4774/4774
f 4774/4774 4777/4777 4778/4778
f 4774/4774 4778/4778 4776/4776
f 4776/4776 4778/4778 4779/4779
f 4776/4776 4779/4779 4761/4761
f 4780/4780 4781/4781 4777/4777
f 4777/4777 4781/4781 4778/4778
f 4781/4781 4779/4779 4778/4778
f 4763/4763 4765/4765 4775/4775
f 4775/4775 4765/4765 4772/4772
f 4775/4775 4772/4772 4771/4771
f 4782/4782 4783/4783 4784/4784
f 4784/4784 4783/4783 4785/4785
f 4784/4784 4785/4785 4786/4786
f 4786/4786 4785/4785 4787/4787
f 4786/4786 4787/4787 4788/4788
f 4788/4788 4787/4787 4789/4789
f 4788/4788 4789/4789 4790/4790
f 4790/4790 4791/4791 4788/4788
f 4788/4788 4791/4791 4786/4786
f 4791/4791 4792/4792 4786/4786
f 4786/4786 4792/4792 4784/4784
f 4792/4792 4782/4782 4784/4784
f 4793/4793 4794/4794 4795/4795
f 4795/4795 4794/4794 4796/4796
f 4795/4795 4796/4796 4797/4797
f 4797/4797 4796/4796 4798/4798
f 4797/4797 4798/4798 4799/4799
f 4799/4799 4798/4798 4800/4800
f 4799/4799 4800/4800 4801/4801
f 4801/4801 4800/4800 4802/4802
f 4802/4802 4800/4800 4803/4803
f 4802/4802 4803/4803 4804/4804
f 4804/4804 4803/4803 4805/4805
f 4804/4804 4805/4805 4806/4806
f 4794/4794 4807/4807 4796/4796
f 4796/4796 4807/4807 4808/4808
f 4796/4796 4808/4808 4798/4798
f 4798/4798 4808/4808 4809/4809
f 4798/4798 4809/4809 4800/4800
f 4800/4800 4809/4809 4803/4803
f 4807/4807 4810/4810 4808/4808
f 4808/4808 4810/4810 4811/4811
f 4808/4808 4811/4811 4809/4809
f 4809/4809 4811/4811 4812/4812
f 4809/4809 4812/4812 4803/4803
f 4803/4803 4812/4812 4805/4805
f 4813/4813 4814/4814 4815/4815
f 4815/4815 4814/4814 4816/4816
f 4815/4815 4816/4816 4817/4817
f 4817/4817 4816/4816 4818/4818
f 4817/4817 4818/4818 4819/4819
f 4819/4819 4818/4818 4820/4820
f 4819/4819 4820/4820 4821/4821
f 4821/4821 4820/4820 4822/4822
f 4821/4821 4822/4822 4823/4823
f 4823/4823 4822/4822 4824/4824
f 4823/4823 4824/4824 4825/4825
f 4825/4825 4824/4824 4826/4826
f 4825/4825 4826/4826 4827/4827
f 4827/4827 4826/4826 4828/4828
f 4827/4827 4828/4828 4829/4829
f 4829/4829 4828/4828 4830/4830
f 4829/4829 4830/4830 4831/4831
f 4831/4831 4830/4830 4832/4832
f 4831/4831 4832/4832 4833/4833
f 4833/4833 4832/4832 4834/4834
f 4834/4834 4832/4832 4835/4835
f 4834/4834 4835/4835 4836/4836
f 4836/4836 4835/4835 4837/4837
f 4837/4837 4835/4835 4838/4838
f 4838/4838 4835/4835 4839/4839
f 4838/4838 4839/4839 4840/4840
f 4840/4840 4839/4839 4841/4841
f 4840/4840 4841/4841 4842/4842
f 4842/4842 4841/4841 4843/4843
f 4842/4842 4843/4843 4844/4844
f 4844/4844 4843/4843 4845/4845
f 4844/4844 4845/4845 4846/4846
f 4846/4846 4845/4845 4847/4847
f 4846/4846 4847/4847 4848/4848
f 4848/4848 4847/4847 4849/4849
f 4848/4848 4849/4849 4850/4850
f 4850/4850 4849/4849 4851/4851
f 4850/4850 4851/4851 4852/4852
f 4852/4852 4851/4851 4853/4853
f 4852/4852 4853/4853 4854/4854
f 4854/4854 4853/4853 4855/4855
f 4855/4855 4853/4853 4816/4816
f 4855/4855 4816/4816 4814/4814
f 4818/4818 4816/4816 4853/4853
f 4820/4820 4818/4818 4851/4851
f 4851/4851 4818/4818 4853/4853
f 4822/4822 4820/4820 4849/4849
f 4849/4849 4820/4820 4851/4851
f 4824/4824 4822/4822 4847/4847
f 4847/4847 4822/4822 4849/4849
f 4826/4826 4824/4824 4845/4845
f 4845/4845 4824/4824 4847/4847
f 4828/4828 4826/4826 4843/4843
f 4843/4843 4826/4826 4845/4845
f 4830/4830 4828/4828 4841/4841
f 4841/4841 4828/4828 4843/4843
f 4832/4832 4830/4830 4839/4839
f 4839/4839 4830/4830 4841/4841
f 4835/4835 4832/4832 4839/4839
f 4856/4856 4857/4857 4858/4858
f 4858/4858 4857/4857 4859/4859
f 4858/4858 4859/4859 4860/4860
f 4860/4860 4859/4859 4861/4861
f 4860/4860 4861/4861 4862/4862
f 4862/4862 4861/4861 4863/4863
f 4862/4862 4863/4863 4864/4864
f 4864/4864 4865/4865 4862/4862
f 4862/4862 4865/4865 4860/4860
f 4865/4865 4866/4866 4860/4860
f 4860/4860 4866/4866 4858/4858
f 4866/4866 4856/4856 4858/4858
f 4867/4867 4868/4868 4869/4869
f 4869/4869 4868/4868 4870/4870
f 4869/4869 4870/4870 4871/4871
f 4871/4871 4870/4870 4872/4872
f 4871/4871 4872/4872 4873/4873
f 4873/4873 4872/4872 4874/4874
f 4873/4873 4874/4874 4875/4875
f 4875/4875 4874/4874 4876/4876
f 4875/4875 4876/4876 4877/4877
f 4877/4877 4876/4876 4878/4878
f 4877/4877 4878/4878 4879/4879
f 4879/4879 4878/4878 4880/4880
f 4879/4879 4880/4880 4881/4881
f 4881/4881 4880/4880 4882/4882
f 4881/4881 4882/4882 4883/4883
f 4883/4883 4882/4882 4884/4884
f 4883/4883 4884/4884 4885/4885
f 4885/4885 4884/4884 4886/4886
f 4885/4885 4886/4886 4887/4887
f 4887/4887 4886/4886 4888/4888
f 4888/4888 4886/4886 4889/4889
f 4888/4888 4889/4889 4890/4890
f 4890/4890 4889/4889 4891/4891
f 4891/4891 4889/4889 4892/4892
f 4892/4892 4889/4889 4893/4893
f 4892/4892 4893/4893 4894/4894
f 4894/4894 4893/4893 4895/4895
f 4894/4894 4895/4895 4896/4896
f 4896/4896 4895/4895 4897/4897
f 4896/4896 4897/4897 4898/4898
f 4898/4898 4897/4897 4899/4899
f 4898/4898 4899/4899 4900/4900
f 4900/4900 4899/4899 4901/4901
f 4900/4900 4901/4901 4902/4902
f 4902/4902 4901/4901 4903/4903
f 4902/4902 4903/4903 4904/4904
f 4904/4904 4903/4903 4905/4905
f 4904/4904 4905/4905 4906/4906
f 4906/4906 4905/4905 4907/4907
f 4906/4906 4907/4907 4908/4908
f 4908/4908 4907/4907 4909/4909
f 4909/4909 4907/4907 4870/4870
f 4909/4909 4870/4870 4868/4868
f 4872/4872 4870/4870 4907/4907
f 4874/4874 4872/4872 4905/4905
f 4905/4905 4872/4872 4907/4907
f 4876/4876 4874/4874 4903/4903
f 4903/4903 4874/4874 4905/4905
f 4878/4878 4876/4876 4901/4901
f 4901/4901 4876/4876 4903/4903
f 4880/4880 4878/4878 4899/4899
f 4899/4899 4878/4878 4901/4901
f 4882/4882 4880/4880 4897/4897
f 4897/4897 4880/4880 4899/4899
f 4884/4884 4882/4882 4895/4895
f 4895/4895 4882/4882 4897/4897
f 4886/4886 4884/4884 4893/4893
f 4893/4893 4884/4884 4895/4895
f 4889/4889 4886/4886 4893/4893
f 4910/4910 4911/4911 4912/4912
f 4912/4912 4911/4911 4913/4913
f 4912/4912 4913/4913 4914/4914
f 4914/4914 4913/4913 4915/4915
f 4914/4914 4915/4915 4916/4916
f 4916/4916 4915/4915 4917/4917
f 4916/4916 4917/4917 4918/4918
f 4918/4918 4919/4919 4916/4916
f 4916/4916 4919/4919 4914/4914
f 4919/4919 4920/4920 4914/4914
f 4914/4914 4920/4920 4912/4912
f 4920/4920 4910/4910 4912/4912
f 4921/4921 4922/4922 4923/4923
f 4923/4923 4922/4922 4924/4924
f 4923/4923 4924/4924 4925/4925
f 4925/4925 4924/4924 4926/4926
f 4925/4925 4926/4926 4927/4927
f 4927/4927 4926/4926 4928/4928
f 4927/4927 4928/4928 4929/4929
f 4929/4929 4930/4930 4927/4927
f 4927/4927 4930/4930 4925/4925
f 4930/4930 4931/4931 4925/4925
f 4925/4925 4931/4931 4923/4923
f 4931/4931 4921/4921 4923/4923
f 4932/4932 4933/4933 4934/4934
f 4934/4934 4933/4933 4935/4935
f 4934/4934 4935/4935 4936/4936
f 4936/4936 4935/4935 4937/4937
f 4936/4936 4937/4937 4938/4938
f 4938/4938 4937/4937 4939/4939
f 4938/4938 4939/4939 4940/4940
f 4940/4940 4939/4939 4941/4941
f 4941/4941 4939/4939 4942/4942
f 4941/4941 4942/4942 4943/4943
f 4943/4943 4942/4942 4944/4944
f 4943/4943 4944/4944 4945/4945
f 4933/4933 4946/4946 4935/4935
f 4935/4935 4946/4946 4947/4947
f 4935/4935 4947/4947 4937/4937
f 4937/4937 4947/4947 4948/4948
f 4937/4937 4948/4948 4939/4939
f 4939/4939 4948/4948 4942/4942
f 4946/4946 4949/4949 4947/4947
f 4947/4947 4949/4949 4950/4950
f 4947/4947 4950/4950 4948/4948
f 4948/4948 4950/4950 4951/4951
f 4948/4948 4951/4951 4942/4942
f 4942/4942 4951/4951 4944/4944
f 4952/4952 4953/4953 4954/4954
f 4954/4954 4953/4953 4955/4955
f 4954/4954 4955/4955 4956/4956
f 4956/4956 4955/4955 4957/4957
f 4956/4956 4957/4957 4958/4958
f 4958/4958 4957/4957 4959/4959
f 4958/4958 4959/4959 4960/4960
f 4960/4960 4959/4959 4961/4961
f 4961/4961 4959/4959 4962/4962
f 4961/4961 4962/4962 4963/4963
f 4963/4963 4962/4962 4964/4964
f 4963/4963 4964/4964 4965/4965
f 4953/4953 4966/4966 4955/4955
f 4955/4955 4966/4966 4967/4967
f 4955/4955 4967/4967 4957/4957
f 4957/4957 4967/4967 4968/4968
f 4957/4957 4968/4968 4959/4959
f 4959/4959 4968/4968 4962/4962
f 4966/4966 4969/4969 4967/4967
f 4967/4967 4969/4969 4970/4970
f 4967/4967 4970/4970 4968/4968
f 4968/4968 4970/4970 4971/4971
f 4968/4968 4971/4971 4962/4962
f 4962/4962 4971/4971 4964/4964
f 4972/4972 4973/4973 4974/4974
f 4974/4974 4973/4973 4975/4975
f 4974/4974 4975/4975 4976/4976
f 4976/4976 4975/4975 4977/4977
f 4976/4976 4977/4977 4978/4978
f 4978/4978 4977/4977 4979/4979
f 4978/4978 4979/4979 4980/4980
f 4977/4977 4981/4981 4979/4979
f 4978/4978 4980/4980 4982/4982
f 4982/4982 4980/4980 4983/4983
f 4982/4982 4983/4983 4984/4984
f 4984/4984 4983/4983 4985/4985
f 4984/4984 4985/4985 4986/4986
f 4984/4984 4986/4986 4987/4987
f 4987/4987 4986/4986 4988/4988
f 4987/4987 4988/4988 4989/4989
f 4989/4989 4988/4988 4990/4990
f 4989/4989 4990/4990 4972/4972
f 4989/4989 4972/4972 4991/4991
f 4991/4991 4972/4972 4974/4974
f 4991/4991 4974/4974 4992/4992
f 4992/4992 4974/4974 4976/4976
f 4992/4992 4976/4976 4982/4982
f 4982/4982 4976/4976 4978/4978
f 4987/4987 4989/4989 4991/4991
f 4987/4987 4991/4991 4992/4992
f 4984/4984 4987/4987 4992/4992
f 4984/4984 4992/4992 4982/4982
f 4993/4993 4994/4994 4995/4995
f 4995/4995 4994/4994 4996/4996
f 4995/4995 4996/4996 4997/4997
f 4997/4997 4996/4996 4998/4998
f 4997/4997 4998/4998 4999/4999
f 4999/4999 5000/5000 4997/4997
f 4997/4997 5000/5000 5001/5001
f 5001/5001 5000/5000 5002/5002
f 5001/5001 5002/5002 5003/5003
f 5003/5003 5004/5004 5001/5001
f 4995/4995 4997/4997 5005/5005
f 5005/5005 4997/4997 5006/5006
f 5005/5005 5006/5006 5007/5007
f 5005/5005 5007/5007 5008/5008
f 5008/5008 5007/5007 5009/5009
f 5008/5008 5009/5009 5010/5010
f 5010/5010 5009/5009 5011/5011
f 5011/5011 5009/5009 5012/5012
f 5011/5011 5012/5012 5013/5013
f 5013/5013 5012/5012 5014/5014
f 5013/5013 5014/5014 5015/5015
f 5015/5015 5014/5014 5016/5016
f 5015/5015 5016/5016 5017/5017
f 5017/5017 5016/5016 5018/5018
f 5017/5017 5018/5018 5019/5019
f 5019/5019 5018/5018 5020/5020
f 5019/5019 5020/5020 5021/5021
f 5021/5021 5020/5020 5022/5022
f 5021/5021 5022/5022 5023/5023
f 5023/5023 5022/5022 5024/5024
f 5023/5023 5024/5024 5025/5025
f 5025/5025 5024/5024 5026/5026
f 5025/5025 5026/5026 5027/5027
f 5027/5027 5026/5026 5028/5028
f 5027/5027 5028/5028 5029/5029
f 5029/5029 5028/5028 5030/5030
f 5029/5029 5030/5030 5031/5031
f 5031/5031 5030/5030 5032/5032
f 5031/5031 5032/5032 5033/5033
f 5020/5020 5034/5034 5022/5022
f 5022/5022 5034/5034 5035/5035
f 5035/5035 5034/5034 5036/5036
f 5035/5035 5036/5036 5037/5037
f 5037/5037 5036/5036 5038/5038
f 5037/5037 5038/5038 5039/5039
f 5039/5039 5038/5038 5040/5040
f 5039/5039 5040/5040 5041/5041
f 5041/5041 5040/5040 5042/5042
f 5041/5041 5042/5042 5043/5043
f 5043/5043 5042/5042 5044/5044
f 5040/5040 5038/5038 5045/5045
f 5045/5045 5038/5038 5046/5046
f 5045/5045 5046/5046 5047/5047
f 5047/5047 5046/5046 5048/5048
f 5029/5029 5049/5049 5027/5027
f 5027/5027 5049/5049 5050/5050
f 5050/5050 5049/5049 5051/5051
f 5051/5051 5049/5049 5052/5052
f 5051/5051 5052/5052 5053/5053
f 5015/5015 5017/5017 5054/5054
f 5054/5054 5017/5017 5055/5055
f 5054/5054 5055/5055 5056/5056
f 5056/5056 5055/5055 5057/5057
f 5056/5056 5057/5057 5058/5058
f 5058/5058 5057/5057 5059/5059
f 5058/5058 5059/5059 5060/5060
f 5059/5059 5057/5057 5061/5061
f 5061/5061 5057/5057 5062/5062
f 5061/5061 5062/5062 5063/5063
f 5063/5063 5062/5062 5064/5064
f 5063/5063 5064/5064 5065/5065
f 5065/5065 5064/5064 5066/5066
f 5066/5066 5064/5064 5067/5067
f 5066/5066 5067/5067 5068/5068
f 5069/5069 5070/5070 5068/5068
f 5068/5068 5070/5070 5066/5066
f 5058/5058 5060/5060 5071/5071
f 5071/5071 5060/5060 5072/5072
f 5071/5071 5072/5072 5073/5073
f 5073/5073 5072/5072 5074/5074
f 5073/5073 5074/5074 5075/5075
f 5076/5076 5077/5077 5075/5075
f 5075/5075 5077/5077 5078/5078
f 5075/5075 5078/5078 5073/5073
f 5076/5076 5079/5079 5077/5077
f 5015/5015 5054/5054 5080/5080
f 5080/5080 5054/5054 5081/5081
f 5080/5080 5081/5081 5082/5082
f 5082/5082 5081/5081 5083/5083
f 5082/5082 5083/5083 5084/5084
f 5084/5084 5083/5083 5085/5085
f 5084/5084 5085/5085 5086/5086
f 5086/5086 5085/5085 5087/5087
f 5086/5086 5087/5087 5088/5088
f 5088/5088 5087/5087 5089/5089
f 5088/5088 5089/5089 5090/5090
f 5090/5090 5089/5089 5091/5091
f 5090/5090 5091/5091 5092/5092
f 5092/5092 5091/5091 5093/5093
f 5092/5092 5093/5093 5094/5094
f 5094/5094 5093/5093 5095/5095
f 5091/5091 5089/5089 5096/5096
f 5096/5096 5089/5089 5097/5097
f 5096/5096 5097/5097 5098/5098
f 5099/5099 5100/5100 5098/5098
f 5098/5098 5100/5100 5096/5096
f 5082/5082 5084/5084 5101/5101
f 5101/5101 5084/5084 5102/5102
f 5101/5101 5102/5102 5103/5103
f 5103/5103 5102/5102 5104/5104
f 5103/5103 5104/5104 5105/5105
f 5105/5105 5104/5104 5106/5106
f 5105/5105 5106/5106 5107/5107
f 5107/5107 5106/5106 5108/5108
f 5107/5107 5108/5108 5109/5109
f 5109/5109 5108/5108 5110/5110
f 5109/5109 5110/5110 5111/5111
f 5107/5107 5112/5112 5105/5105
f 5105/5105 5112/5112 5113/5113
f 5113/5113 5112/5112 5114/5114
f 5113/5113 5114/5114 5115/5115
f 4995/4995 5116/5116 4993/4993
f 4993/4993 5116/5116 5117/5117
f 5117/5117 5116/5116 5118/5118
f 5118/5118 5116/5116 5119/5119
f 5120/5120 5121/5121 5122/5122
f 5122/5122 5121/5121 5123/5123
f 5122/5122 5123/5123 5124/5124
f 5124/5124 5123/5123 5125/5125
f 5124/5124 5125/5125 5126/5126
f 5126/5126 5125/5125 5127/5127
f 5126/5126 5127/5127 5128/5128
f 5128/5128 5127/5127 5129/5129
f 5128/5128 5129/5129 5130/5130
f 5130/5130 5129/5129 5131/5131
f 5130/5130 5131/5131 5132/5132
f 5132/5132 5131/5131 5133/5133
f 5132/5132 5133/5133 5134/5134
f 5134/5134 5133/5133 5135/5135
f 5134/5134 5135/5135 5136/5136
f 5136/5136 5135/5135 5137/5137
f 5136/5136 5137/5137 5138/5138
f 5138/5138 5137/5137 5139/5139
f 5140/5140 5141/5141 5142/5142
f 5142/5142 5141/5141 5143/5143
f 5144/5144 5145/5145 5146/5146
f 5146/5146 5145/5145 5147/5147
f 5148/5148 5149/5149 5150/5150
f 5150/5150 5149/5149 5151/5151
f 5152/5152 5153/5153 5154/5154
f 5154/5154 5153/5153 5155/5155
f 5156/5156 5157/5157 5158/5158
f 5158/5158 5157/5157 5159/5159
f 5158/5158 5159/5159 5160/5160
f 5160/5160 5159/5159 5161/5161
f 5160/5160 5161/5161 5162/5162
f 5162/5162 5161/5161 5163/5163
f 5162/5162 5163/5163 5164/5164
f 5164/5164 5163/5163 5165/5165
f 5164/5164 5165/5165 5166/5166
f 5166/5166 5165/5165 5167/5167
f 5166/5166 5167/5167 5168/5168
f 5168/5168 5167/5167 5169/5169
f 5168/5168 5169/5169 5170/5170
f 5170/5170 5169/5169 5171/5171
f 5170/5170 5171/5171 5172/5172
f 5172/5172 5171/5171 5173/5173
f 5172/5172 5173/5173 5150/5150
f 5150/5150 5173/5173 5148/5148
f 5174/5174 5175/5175 5176/5176
f 5176/5176 5175/5175 5177/5177
f 5177/5177 5175/5175 5178/5178
f 5177/5177 5178/5178 5179/5179
f 5179/5179 5178/5178 5180/5180
f 5179/5179 5180/5180 5181/5181
f 5181/5181 5180/5180 5182/5182
f 5183/5183 5184/5184 5185/5185
f 5185/5185 5184/5184 5186/5186
f 5185/5185 5186/5186 5187/5187
f 5187/5187 5186/5186 5188/5188
f 5187/5187 5188/5188 5189/5189
f 5189/5189 5188/5188 5190/5190
f 5189/5189 5190/5190 5191/5191
f 5191/5191 5190/5190 5192/5192
f 5191/5191 5192/5192 5193/5193
f 5193/5193 5192/5192 5194/5194
f 5193/5193 5194/5194 5195/5195
f 5195/5195 5194/5194 5196/5196
f 5195/5195 5196/5196 5197/5197
f 5197/5197 5196/5196 5198/5198
f 5197/5197 5198/5198 5199/5199
f 5199/5199 5198/5198 5200/5200
f 5199/5199 5200/5200 5201/5201
f 5201/5201 5200/5200 5202/5202
f 5201/5201 5202/5202 5203/5203
f 5203/5203 5202/5202 5204/5204
f 5203/5203 5204/5204 5205/5205
f 5205/5205 5204/5204 5206/5206
f 5205/5205 5206/5206 5207/5207
f 5207/5207 5206/5206 5208/5208
f 5207/5207 5208/5208 5209/5209
f 5209/5209 5208/5208 5210/5210
f 5210/5210 5208/5208 5211/5211
f 5210/5210 5211/5211 5212/5212
f 5212/5212 5211/5211 5213/5213
f 5213/5213 5211/5211 5214/5214
f 5214/5214 5211/5211 5215/5215
f 5214/5214 5215/5215 5216/5216
f 5216/5216 5215/5215 5217/5217
f 5216/5216 5217/5217 5218/5218
f 5218/5218 5217/5217 5219/5219
f 5218/5218 5219/5219 5220/5220
f 5220/5220 5219/5219 5221/5221
f 5220/5220 5221/5221 5222/5222
f 5222/5222 5221/5221 5223/5223
f 5222/5222 5223/5223 5224/5224
f 5224/5224 5223/5223 5225/5225
f 5224/5224 5225/5225 5226/5226
f 5226/5226 5225/5225 5227/5227
f 5226/5226 5227/5227 5228/5228
f 5228/5228 5227/5227 5229/5229
f 5228/5228 5229/5229 5230/5230
f 5230/5230 5229/5229 5231/5231
f 5230/5230 5231/5231 5232/5232
f 5232/5232 5231/5231 5233/5233
f 5232/5232 5233/5233 5234/5234
f 5234/5234 5233/5233 5235/5235
f 5234/5234 5235/5235 5236/5236
f 5236/5236 5235/5235 5237/5237
f 5237/5237 5235/5235 5186/5186
f 5237/5237 5186/5186 5184/5184
f 5188/5188 5186/5186 5235/5235
f 5190/5190 5188/5188 5233/5233
f 5233/5233 5188/5188 5235/5235
f 5192/5192 5190/5190 5231/5231
f 5231/5231 5190/5190 5233/5233
f 5194/5194 5192/5192 5229/5229
f 5229/5229 5192/5192 5231/5231
f 5196/5196 5194/5194 5227/5227
f 5227/5227 5194/5194 5229/5229
f 5198/5198 5196/5196 5225/5225
f 5225/5225 5196/5196 5227/5227
f 5200/5200 5198/5198 5223/5223
f 5223/5223 5198/5198 5225/5225
f 5202/5202 5200/5200 5221/5221
f 5221/5221 5200/5200 5223/5223
f 5204/5204 5202/5202 5219/5219
f 5219/5219 5202/5202 5221/5221
f 5206/5206 5204/5204 5217/5217
f 5217/5217 5204/5204 5219/5219
f 5208/5208 5206/5206 5215/5215
f 5215/5215 5206/5206 5217/5217
f 5211/5211 5208/5208 5215/5215
f 5238/5238 5239/5239 5240/5240
f 5240/5240 5239/5239 5241/5241
f 5240/5240 5241/5241 5242/5242
f 5242/5242 5241/5241 5243/5243
f 5242/5242 5243/5243 5244/5244
f 5244/5244 5243/5243 5245/5245
f 5244/5244 5245/5245 5246/5246
f 5247/5247 5248/5248 5249/5249
f 5249/5249 5248/5248 5250/5250
f 5250/5250 5248/5248 5251/5251
f 5250/5250 5251/5251 5252/5252
f 5252/5252 5251/5251 5253/5253
f 5252/5252 5253/5253 5254/5254
f 5254/5254 5253/5253 5255/5255
f 5256/5256 5257/5257 5258/5258
f 5258/5258 5257/5257 5259/5259
f 5258/5258 5259/5259 5260/5260
f 5260/5260 5259/5259 5261/5261
f 5260/5260 5261/5261 5262/5262
f 5262/5262 5261/5261 5263/5263
f 5262/5262 5263/5263 5264/5264
f 5264/5264 5263/5263 5265/5265
f 5264/5264 5265/5265 5266/5266
f 5266/5266 5265/5265 5267/5267
f 5266/5266 5267/5267 5268/5268
f 5268/5268 5267/5267 5269/5269
f 5268/5268 5269/5269 5270/5270
f 5270/5270 5269/5269 5271/5271
f 5270/5270 5271/5271 5272/5272
f 5272/5272 5271/5271 5273/5273
f 5272/5272 5273/5273 5274/5274
f 5274/5274 5273/5273 5275/5275
f 5274/5274 5275/5275 5276/5276
f 5276/5276 5275/5275 5277/5277
f 5276/5276 5277/5277 5278/5278
f 5278/5278 5277/5277 5279/5279
f 5278/5278 5279/5279 5280/5280
f 5280/5280 5279/5279 5281/5281
f 5280/5280 5281/5281 5282/5282
f 5282/5282 5281/5281 5283/5283
f 5283/5283 5281/5281 5284/5284
f 5283/5283 5284/5284 5285/5285
f 5285/5285 5284/5284 5286/5286
f 5286/5286 5284/5284 5287/5287
f 5287/5287 5284/5284 5288/5288
f 5287/5287 5288/5288 5289/5289
f 5289/5289 5288/5288 5290/5290
f 5289/5289 5290/5290 5291/5291
f 5291/5291 5290/5290 5292/5292
f 5291/5291 5292/5292 5293/5293
f 5293/5293 5292/5292 5294/5294
f 5293/5293 5294/5294 5295/5295
f 5295/5295 5294/5294 5296/5296
f 5295/5295 5296/5296 5297/5297
f 5297/5297 5296/5296 5298/5298
f 5297/5297 5298/5298 5299/5299
f 5299/5299 5298/5298 5300/5300
f 5299/5299 5300/5300 5301/5301
f 5301/5301 5300/5300 5302/5302
f 5301/5301 5302/5302 5303/5303
f 5303/5303 5302/5302 5304/5304
f 5303/5303 5304/5304 5305/5305
f 5305/5305 5304/5304 5306/5306
f 5305/5305 5306/5306 5307/5307
f 5307/5307 5306/5306 5308/5308
f 5307/5307 5308/5308 5309/5309
f 5309/5309 5308/5308 5310/5310
f 5310/5310 5308/5308 5259/5259
f 5310/5310 5259/5259 5257/5257
f 5261/5261 5259/5259 5308/5308
f 5263/5263 5261/5261 5306/5306
f 5306/5306 5261/5261 5308/5308
f 5265/5265 5263/5263 5304/5304
f 5304/5304 5263/5263 5306/5306
f 5267/5267 5265/5265 5302/5302
f 5302/5302 5265/5265 5304/5304
f 5269/5269 5267/5267 5300/5300
f 5300/5300 5267/5267 5302/5302
f 5271/5271 5269/5269 5298/5298
f 5298/5298 5269/5269 5300/5300
f 5273/5273 5271/5271 5296/5296
f 5296/5296 5271/5271 5298/5298
f 5275/5275 5273/5273 5294/5294
f 5294/5294 5273/5273 5296/5296
f 5277/5277 5275/5275 5292/5292
f 5292/5292 5275/5275 5294/5294
f 5279/5279 5277/5277 5290/5290
f 5290/5290 5277/5277 5292/5292
f 5281/5281 5279/5279 5288/5288
f 5288/5288 5279/5279 5290/5290
f 5284/5284 5281/5281 5288/5288
f 5311/5311 5312/5312 5313/5313
f 5313/5313 5312/5312 5314/5314
f 5313/5313 5314/5314 5315/5315
f 5315/5315 5314/5314 5316/5316
f 5315/5315 5316/5316 5317/5317
f 5317/5317 5316/5316 5318/5318
f 5318/5318 5316/5316 5319/5319
f 5318/5318 5319/5319 5320/5320
f 5321/5321 5322/5322 5323/5323
f 5323/5323 5322/5322 5324/5324
f 5323/5323 5324/5324 5325/5325
f 5325/5325 5324/5324 5326/5326
f 5325/5325 5326/5326 5327/5327
f 5327/5327 5326/5326 5328/5328
f 5327/5327 5328/5328 5329/5329
f 5330/5330 5331/5331 5332/5332
f 5332/5332 5331/5331 5333/5333
f 5332/5332 5333/5333 5334/5334
f 5334/5334 5333/5333 5335/5335
f 5334/5334 5335/5335 5336/5336
f 5336/5336 5335/5335 5337/5337
f 5336/5336 5337/5337 5338/5338
f 5338/5338 5337/5337 5339/5339
f 5338/5338 5339/5339 5340/5340
f 5340/5340 5339/5339 5341/5341
f 5340/5340 5341/5341 5342/5342
f 5342/5342 5341/5341 5343/5343
f 5342/5342 5343/5343 5344/5344
f 5344/5344 5343/5343 5345/5345
f 5344/5344 5345/5345 5346/5346
f 5346/5346 5345/5345 5347/5347
f 5346/5346 5347/5347 5348/5348
f 5348/5348 5347/5347 5349/5349
f 5348/5348 5349/5349 5350/5350
f 5350/5350 5349/5349 5351/5351
f 5350/5350 5351/5351 5352/5352
f 5352/5352 5351/5351 5353/5353
f 5352/5352 5353/5353 5354/5354
f 5354/5354 5353/5353 5355/5355
f 5354/5354 5355/5355 5356/5356
f 5356/5356 5355/5355 5357/5357
f 5357/5357 5355/5355 5358/5358
f 5357/5357 5358/5358 5359/5359
f 5359/5359 5358/5358 5360/5360
f 5360/5360 5358/5358 5361/5361
f 5361/5361 5358/5358 5362/5362
f 5361/5361 5362/5362 5363/5363
f 5363/5363 5362/5362 5364/5364
f 5363/5363 5364/5364 5365/5365
f 5365/5365 5364/5364 5366/5366
f 5365/5365 5366/5366 5367/5367
f 5367/5367 5366/5366 5368/5368
f 5367/5367 5368/5368 5369/5369
f 5369/5369 5368/5368 5370/5370
f 5369/5369 5370/5370 5371/5371
f 5371/5371 5370/5370 5372/5372
f 5371/5371 5372/5372 5373/5373
f 5373/5373 5372/5372 5374/5374
f 5373/5373 5374/5374 5375/5375
f 5375/5375 5374/5374 5376/5376
f 5375/5375 5376/5376 5377/5377
f 5377/5377 5376/5376 5378/5378
f 5377/5377 5378/5378 5379/5379
f 5379/5379 5378/5378 5380/5380
f 5379/5379 5380/5380 5381/5381
f 5381/5381 5380/5380 5382/5382
f 5381/5381 5382/5382 5383/5383
f 5383/5383 5382/5382 5384/5384
f 5384/5384 5382/5382 5333/5333
f 5384/5384 5333/5333 5331/5331
f 5335/5335 5333/5333 5382/5382
f 5337/5337 5335/5335 5380/5380
f 5380/5380 5335/5335 5382/5382
f 5339/5339 5337/5337 5378/5378
f 5378/5378 5337/5337 5380/5380
f 5341/5341 5339/5339 5376/5376
f 5376/5376 5339/5339 5378/5378
f 5343/5343 5341/5341 5374/5374
f 5374/5374 5341/5341 5376/5376
f 5345/5345 5343/5343 5372/5372
f 5372/5372 5343/5343 5374/5374
f 5347/5347 5345/5345 5370/5370
f 5370/5370 5345/5345 5372/5372
f 5349/5349 5347/5347 5368/5368
f 5368/5368 5347/5347 5370/5370
f 5351/5351 5349/5349 5366/5366
f 5366/5366 5349/5349 5368/5368
f 5353/5353 5351/5351 5364/5364
f 5364/5364 5351/5351 5366/5366
f 5355/5355 5353/5353 5362/5362
f 5362/5362 5353/5353 5364/5364
f 5358/5358 5355/5355 5362/5362
f 5385/5385 5386/5386 5387/5387
f 5387/5387 5386/5386 5388/5388
f 5388/5388 5386/5386 5389/5389
f 5388/5388 5389/5389 5390/5390
f 5390/5390 5389/5389 5391/5391
f 5390/5390 5391/5391 5392/5392
f 5392/5392 5391/5391 5393/5393
f 5394/5394 5395/5395 5396/5396
f 5396/5396 5395/5395 5397/5397
f 5397/5397 5395/5395 5398/5398
f 5397/5397 5398/5398 5399/5399
f 5399/5399 5398/5398 5400/5400
f 5399/5399 5400/5400 5401/5401
f 5401/5401 5400/5400 5402/5402
f 5403/5403 5404/5404 5405/5405
f 5405/5405 5404/5404 5406/5406
f 5405/5405 5406/5406 5407/5407
f 5407/5407 5406/5406 5408/5408
f 5407/5407 5408/5408 5409/5409
f 5409/5409 5408/5408 5410/5410
f 5409/5409 5410/5410 5411/5411
f 5411/5411 5410/5410 5412/5412
f 5411/5411 5412/5412 5413/5413
f 5413/5413 5412/5412 5414/5414
f 5413/5413 5414/5414 5415/5415
f 5415/5415 5414/5414 5416/5416
f 5415/5415 5416/5416 5417/5417
f 5417/5417 5416/5416 5418/5418
f 5417/5417 5418/5418 5419/5419
f 5419/5419 5418/5418 5420/5420
f 5419/5419 5420/5420 5421/5421
f 5421/5421 5420/5420 5422/5422
f 5421/5421 5422/5422 5423/5423
f 5423/5423 5422/5422 5424/5424
f 5423/5423 5424/5424 5425/5425
f 5425/5425 5424/5424 5426/5426
f 5425/5425 5426/5426 5427/5427
f 5427/5427 5426/5426 5428/5428
f 5427/5427 5428/5428 5429/5429
f 5429/5429 5428/5428 5430/5430
f 5430/5430 5428/5428 5431/5431
f 5430/5430 5431/5431 5432/5432
f 5432/5432 5431/5431 5433/5433
f 5433/5433 5431/5431 5434/5434
f 5434/5434 5431/5431 5435/5435
f 5434/5434 5435/5435 5436/5436
f 5436/5436 5435/5435 5437/5437
f 5436/5436 5437/5437 5438/5438
f 5438/5438 5437/5437 5439/5439
f 5438/5438 5439/5439 5440/5440
f 5440/5440 5439/5439 5441/5441
f 5440/5440 5441/5441 5442/5442
f 5442/5442 5441/5441 5443/5443
f 5442/5442 5443/5443 5444/5444
f 5444/5444 5443/5443 5445/5445
f 5444/5444 5445/5445 5446/5446
f 5446/5446 5445/5445 5447/5447
f 5446/5446 5447/5447 5448/5448
f 5448/5448 5447/5447 5449/5449
f 5448/5448 5449/5449 5450/5450
f 5450/5450 5449/5449 5451/5451
f 5450/5450 5451/5451 5452/5452
f 5452/5452 5451/5451 5453/5453
f 5452/5452 5453/5453 5454/5454
f 5454/5454 5453/5453 5455/5455
f 5454/5454 5455/5455 5456/5456
f 5456/5456 5455/5455 5457/5457
f 5457/5457 5455/5455 5406/5406
f 5457/5457 5406/5406 5404/5404
f 5408/5408 5406/5406 5455/5455
f 5410/5410 5408/5408 5453/5453
f 5453/5453 5408/5408 5455/5455
f 5412/5412 5410/5410 5451/5451
f 5451/5451 5410/5410 5453/5453
f 5414/5414 5412/5412 5449/5449
f 5449/5449 5412/5412 5451/5451
f 5416/5416 5414/5414 5447/5447
f 5447/5447 5414/5414 5449/5449
f 5418/5418 5416/5416 5445/5445
f 5445/5445 5416/5416 5447/5447
f 5420/5420 5418/5418 5443/5443
f 5443/5443 5418/5418 5445/5445
f 5422/5422 5420/5420 5441/5441
f 5441/5441 5420/5420 5443/5443
f 5424/5424 5422/5422 5439/5439
f 5439/5439 5422/5422 5441/5441
f 5426/5426 5424/5424 5437/5437
f 5437/5437 5424/5424 5439/5439
f 5428/5428 5426/5426 5435/5435
f 5435/5435 5426/5426 5437/5437
f 5431/5431 5428/5428 5435/5435
f 5458/5458 5459/5459 5460/5460
f 5460/5460 5459/5459 5461/5461
f 5460/5460 5461/5461 5462/5462
f 5462/5462 5461/5461 5463/5463
f 5462/5462 5463/5463 5464/5464
f 5464/5464 5463/5463 5465/5465
f 5464/5464 5465/5465 5466/5466
f 5467/5467 5468/5468 5469/5469
f 5469/5469 5468/5468 5470/5470
f 5470/5470 5468/5468 5471/5471
f 5470/5470 5471/5471 5472/5472
f 5470/5470 5472/5472 5473/5473
f 5473/5473 5472/5472 5474/5474
f 5473/5473 5474/5474 5475/5475
f 5475/5475 5474/5474 5476/5476
f 5477/5477 5478/5478 5479/5479
f 5479/5479 5478/5478 5480/5480
f 5479/5479 5480/5480 5481/5481
f 5481/5481 5480/5480 5482/5482
f 5481/5481 5482/5482 5483/5483
f 5483/5483 5482/5482 5484/5484
f 5483/5483 5484/5484 5485/5485
f 5485/5485 5484/5484 5486/5486
f 5485/5485 5486/5486 5487/5487
f 5487/5487 5486/5486 5488/5488
f 5487/5487 5488/5488 5489/5489
f 5489/5489 5488/5488 5490/5490
f 5489/5489 5490/5490 5491/5491
f 5491/5491 5490/5490 5492/5492
f 5491/5491 5492/5492 5493/5493
f 5493/5493 5492/5492 5494/5494
f 5493/5493 5494/5494 5495/5495
f 5495/5495 5494/5494 5496/5496
f 5495/5495 5496/5496 5497/5497
f 5497/5497 5496/5496 5498/5498
f 5498/5498 5496/5496 5499/5499
f 5498/5498 5499/5499 5500/5500
f 5500/5500 5499/5499 5501/5501
f 5501/5501 5499/5499 5502/5502
f 5502/5502 5499/5499 5503/5503
f 5502/5502 5503/5503 5504/5504
f 5504/5504 5503/5503 5505/5505
f 5504/5504 5505/5505 5506/5506
f 5506/5506 5505/5505 5507/5507
f 5506/5506 5507/5507 5508/5508
f 5508/5508 5507/5507 5509/5509
f 5508/5508 5509/5509 5510/5510
f 5510/5510 5509/5509 5511/5511
f 5510/5510 5511/5511 5512/5512
f 5512/5512 5511/5511 5513/5513
f 5512/5512 5513/5513 5514/5514
f 5514/5514 5513/5513 5515/5515
f 5514/5514 5515/5515 5516/5516
f 5516/5516 5515/5515 5517/5517
f 5516/5516 5517/5517 5518/5518
f 5518/5518 5517/5517 5519/5519
f 5519/5519 5517/5517 5480/5480
f 5519/5519 5480/5480 5478/5478
f 5482/5482 5480/5480 5517/5517
f 5484/5484 5482/5482 5515/5515
f 5515/5515 5482/5482 5517/5517
f 5486/5486 5484/5484 5513/5513
f 5513/5513 5484/5484 5515/5515
f 5488/5488 5486/5486 5511/5511
f 5511/5511 5486/5486 5513/5513
f 5490/5490 5488/5488 5509/5509
f 5509/5509 5488/5488 5511/5511
f 5492/5492 5490/5490 5507/5507
f 5507/5507 5490/5490 5509/5509
f 5494/5494 5492/5492 5505/5505
f 5505/5505 5492/5492 5507/5507
f 5496/5496 5494/5494 5503/5503
f 5503/5503 5494/5494 5505/5505
f 5499/5499 5496/5496 5503/5503
f 5520/5520 5521/5521 5522/5522
f 5522/5522 5521/5521 5523/5523
f 5523/5523 5521/5521 5524/5524
f 5523/5523 5524/5524 5525/5525
f 5523/5523 5525/5525 5526/5526
f 5526/5526 5525/5525 5527/5527
f 5526/5526 5527/5527 5528/5528
f 5528/5528 5527/5527 5529/5529
f 5530/5530 5531/5531 5532/5532
f 5532/5532 5531/5531 5533/5533
f 5533/5533 5531/5531 5534/5534
f 5533/5533 5534/5534 5535/5535
f 5533/5533 5535/5535 5536/5536
f 5536/5536 5535/5535 5537/5537
f 5536/5536 5537/5537 5538/5538
f 5538/5538 5537/5537 5539/5539
f 5540/5540 5541/5541 5542/5542
f 5542/5542 5541/5541 5543/5543
f 5542/5542 5543/5543 5544/5544
f 5542/5542 5544/5544 5545/5545
f 5545/5545 5544/5544 5546/5546
f 5545/5545 5546/5546 5547/5547
f 5545/5545 5547/5547 5548/5548
f 5548/5548 5547/5547 5549/5549
f 5548/5548 5549/5549 5550/5550
f 5550/5550 5549/5549 5551/5551
f 5550/5550 5551/5551 5552/5552
f 5552/5552 5551/5551 5553/5553
f 5552/5552 5553/5553 5554/5554
f 5554/5554 5553/5553 5555/5555
f 5554/5554 5555/5555 5556/5556
f 5556/5556 5555/5555 5557/5557
f 5556/5556 5557/5557 5558/5558
f 5558/5558 5557/5557 5559/5559
f 5558/5558 5559/5559 5560/5560
f 5560/5560 5559/5559 5561/5561
f 5560/5560 5561/5561 5562/5562
f 5562/5562 5561/5561 5563/5563
f 5562/5562 5563/5563 5564/5564
f 5564/5564 5563/5563 5565/5565
f 5564/5564 5566/5566 5562/5562
f 5562/5562 5566/5566 5567/5567
f 5562/5562 5567/5567 5560/5560
f 5560/5560 5567/5567 5568/5568
f 5560/5560 5568/5568 5558/5558
f 5558/5558 5568/5568 5569/5569
f 5558/5558 5569/5569 5556/5556
f 5556/5556 5569/5569 5570/5570
f 5556/5556 5570/5570 5554/5554
f 5554/5554 5570/5570 5571/5571
f 5554/5554 5571/5571 5552/5552
f 5552/5552 5571/5571 5572/5572
f 5552/5552 5572/5572 5550/5550
f 5550/5550 5572/5572 5573/5573
f 5550/5550 5573/5573 5548/5548
f 5548/5548 5573/5573 5574/5574
f 5548/5548 5574/5574 5545/5545
f 5545/5545 5574/5574 5542/5542
f 5566/5566 5575/5575 5567/5567
f 5567/5567 5575/5575 5576/5576
f 5567/5567 5576/5576 5568/5568
f 5568/5568 5576/5576 5577/5577
f 5568/5568 5577/5577 5569/5569
f 5569/5569 5577/5577 5578/5578
f 5569/5569 5578/5578 5570/5570
f 5570/5570 5578/5578 5579/5579
f 5570/5570 5579/5579 5571/5571
f 5571/5571 5579/5579 5580/5580
f 5571/5571 5580/5580 5572/5572
f 5572/5572 5580/5580 5581/5581
f 5572/5572 5581/5581 5573/5573
f 5573/5573 5581/5581 5582/5582
f 5573/5573 5582/5582 5574/5574
f 5574/5574 5582/5582 5540/5540
f 5574/5574 5540/5540 5542/5542
f 5583/5583 5584/5584 5585/5585
f 5585/5585 5584/5584 5586/5586
f 5586/5586 5584/5584 5587/5587
f 5586/5586 5587/5587 5588/5588
f 5586/5586 5588/5588 5589/5589
f 5589/5589 5588/5588 5590/5590
f 5589/5589 5590/5590 5591/5591
f 5591/5591 5590/5590 5592/5592
f 5593/5593 5594/5594 5595/5595
f 5595/5595 5594/5594 5596/5596
f 5595/5595 5596/5596 5597/5597
f 5597/5597 5596/5596 5598/5598
f 5597/5597 5598/5598 5599/5599
f 5599/5599 5598/5598 5600/5600
f 5601/5601 5602/5602 5603/5603
f 5603/5603 5602/5602 5604/5604
f 5603/5603 5604/5604 5605/5605
f 5605/5605 5604/5604 5606/5606
f 5605/5605 5606/5606 5607/5607
f 5607/5607 5606/5606 5608/5608
f 5607/5607 5608/5608 5609/5609
f 5607/5607 5609/5609 5610/5610
f 5610/5610 5609/5609 5611/5611
f 5610/5610 5611/5611 5612/5612
f 5613/5613 5614/5614 5612/5612
f 5612/5612 5614/5614 5615/5615
f 5612/5612 5615/5615 5610/5610
f 5610/5610 5615/5615 5616/5616
f 5610/5610 5616/5616 5605/5605
f 5605/5605 5616/5616 5603/5603
f 5613/5613 5617/5617 5614/5614
f 5614/5614 5617/5617 5618/5618
f 5614/5614 5618/5618 5619/5619
f 5619/5619 5618/5618 5620/5620
f 5619/5619 5620/5620 5621/5621
f 5621/5621 5620/5620 5622/5622
f 5621/5621 5622/5622 5601/5601
f 5617/5617 5623/5623 5618/5618
f 5618/5618 5623/5623 5624/5624
f 5618/5618 5624/5624 5620/5620
f 5620/5620 5624/5624 5625/5625
f 5620/5620 5625/5625 5622/5622
f 5623/5623 5626/5626 5624/5624
f 5624/5624 5626/5626 5625/5625
f 5621/5621 5601/5601 5603/5603
f 5619/5619 5621/5621 5616/5616
f 5616/5616 5621/5621 5603/5603
f 5607/5607 5610/5610 5605/5605
f 5614/5614 5619/5619 5615/5615
f 5615/5615 5619/5619 5616/5616
f 5627/5627 5628/5628 5629/5629
f 5629/5629 5628/5628 5630/5630
f 5629/5629 5630/5630 5631/5631
f 5631/5631 5630/5630 5632/5632
f 5631/5631 5632/5632 5633/5633
f 5633/5633 5632/5632 5634/5634
f 5633/5633 5634/5634 5635/5635
f 5635/5635 5634/5634 5636/5636
f 5635/5635 5636/5636 5637/5637
f 5637/5637 5636/5636 5638/5638
f 5638/5638 5636/5636 5639/5639
f 5638/5638 5639/5639 5640/5640
f 5640/5640 5639/5639 5641/5641
f 5641/5641 5639/5639 5642/5642
f 5642/5642 5639/5639 5643/5643
f 5642/5642 5643/5643 5644/5644
f 5644/5644 5643/5643 5645/5645
f 5644/5644 5645/5645 5646/5646
f 5646/5646 5645/5645 5647/5647
f 5647/5647 5645/5645 5648/5648
f 5647/5647 5648/5648 5632/5632
f 5632/5632 5648/5648 5634/5634
f 5630/5630 5647/5647 5632/5632
f 5646/5646 5649/5649 5644/5644
f 5644/5644 5649/5649 5650/5650
f 5644/5644 5650/5650 5642/5642
f 5651/5651 5652/5652 5637/5637
f 5637/5637 5652/5652 5653/5653
f 5637/5637 5653/5653 5654/5654
f 5654/5654 5653/5653 5655/5655
f 5654/5654 5655/5655 5633/5633
f 5633/5633 5655/5655 5631/5631
f 5651/5651 5656/5656 5652/5652
f 5652/5652 5656/5656 5657/5657
f 5652/5652 5657/5657 5653/5653
f 5653/5653 5657/5657 5655/5655
f 5656/5656 5658/5658 5657/5657
f 5657/5657 5658/5658 5629/5629
f 5657/5657 5629/5629 5655/5655
f 5655/5655 5629/5629 5631/5631
f 5658/5658 5627/5627 5629/5629
f 5633/5633 5635/5635 5654/5654
f 5654/5654 5635/5635 5637/5637
f 5634/5634 5648/5648 5659/5659
f 5659/5659 5648/5648 5645/5645
f 5659/5659 5645/5645 5643/5643
f 5639/5639 5636/5636 5659/5659
f 5659/5659 5636/5636 5634/5634
f 5639/5639 5659/5659 5643/5643
f 5660/5660 5661/5661 5662/5662
f 5662/5662 5661/5661 5663/5663
f 5662/5662 5663/5663 5664/5664
f 5664/5664 5663/5663 5665/5665
f 5664/5664 5665/5665 5666/5666
f 5666/5666 5665/5665 5667/5667
f 5666/5666 5667/5667 5668/5668
f 5668/5668 5667/5667 5669/5669
f 5668/5668 5669/5669 5670/5670
f 5668/5668 5670/5670 5671/5671
f 5671/5671 5670/5670 5672/5672
f 5671/5671 5672/5672 5673/5673
f 5673/5673 5672/5672 5674/5674
f 5673/5673 5674/5674 5675/5675
f 5675/5675 5676/5676 5673/5673
f 5673/5673 5676/5676 5677/5677
f 5673/5673 5677/5677 5678/5678
f 5678/5678 5677/5677 5679/5679
f 5678/5678 5679/5679 5664/5664
f 5664/5664 5679/5679 5662/5662
f 5676/5676 5680/5680 5677/5677
f 5677/5677 5680/5680 5681/5681
f 5677/5677 5681/5681 5679/5679
f 5679/5679 5681/5681 5682/5682
f 5679/5679 5682/5682 5662/5662
f 5662/5662 5682/5682 5660/5660
f 5681/5681 5680/5680 5683/5683
f 5683/5683 5680/5680 5684/5684
f 5683/5683 5684/5684 5685/5685
f 5685/5685 5686/5686 5683/5683
f 5683/5683 5686/5686 5682/5682
f 5683/5683 5682/5682 5681/5681
f 5686/5686 5660/5660 5682/5682
f 5668/5668 5671/5671 5666/5666
f 5666/5666 5671/5671 5678/5678
f 5666/5666 5678/5678 5664/5664
f 5671/5671 5673/5673 5678/5678
f 5687/5687 5688/5688 5689/5689
f 5689/5689 5688/5688 5690/5690
f 5689/5689 5690/5690 5691/5691
f 5691/5691 5690/5690 5692/5692
f 5691/5691 5692/5692 5693/5693
f 5693/5693 5692/5692 5694/5694
f 5693/5693 5694/5694 5695/5695
f 5695/5695 5694/5694 5696/5696
f 5695/5695 5696/5696 5697/5697
f 5697/5697 5696/5696 5698/5698
f 5698/5698 5696/5696 5699/5699
f 5698/5698 5699/5699 5700/5700
f 5700/5700 5699/5699 5701/5701
f 5700/5700 5701/5701 5702/5702
f 5688/5688 5703/5703 5690/5690
f 5690/5690 5703/5703 5704/5704
f 5690/5690 5704/5704 5692/5692
f 5692/5692 5704/5704 5705/5705
f 5692/5692 5705/5705 5694/5694
f 5694/5694 5705/5705 5706/5706
f 5694/5694 5706/5706 5696/5696
f 5696/5696 5706/5706 5699/5699
f 5703/5703 5707/5707 5704/5704
f 5704/5704 5707/5707 5708/5708
f 5704/5704 5708/5708 5705/5705
f 5705/5705 5708/5708 5709/5709
f 5705/5705 5709/5709 5706/5706
f 5706/5706 5709/5709 5710/5710
f 5706/5706 5710/5710 5699/5699
f 5699/5699 5710/5710 5701/5701
f 5711/5711 5712/5712 5713/5713
f 5713/5713 5712/5712 5714/5714
f 5713/5713 5714/5714 5715/5715
f 5715/5715 5714/5714 5716/5716
f 5715/5715 5716/5716 5717/5717
f 5717/5717 5716/5716 5718/5718
f 5717/5717 5718/5718 5719/5719
f 5719/5719 5720/5720 5717/5717
f 5717/5717 5720/5720 5721/5721
f 5717/5717 5721/5721 5715/5715
f 5715/5715 5721/5721 5722/5722
f 5715/5715 5722/5722 5713/5713
f 5713/5713 5722/5722 5723/5723
f 5713/5713 5723/5723 5711/5711
f 5711/5711 5723/5723 5724/5724
f 5724/5724 5723/5723 5725/5725
f 5724/5724 5725/5725 5726/5726
f 5726/5726 5725/5725 5727/5727
f 5727/5727 5725/5725 5728/5728
f 5728/5728 5725/5725 5729/5729
f 5728/5728 5729/5729 5730/5730
f 5730/5730 5729/5729 5731/5731
f 5730/5730 5731/5731 5732/5732
f 5732/5732 5731/5731 5733/5733
f 5733/5733 5731/5731 5734/5734
f 5734/5734 5731/5731 5721/5721
f 5734/5734 5721/5721 5720/5720
f 5729/5729 5725/5725 5723/5723
f 5729/5729 5723/5723 5722/5722
f 5731/5731 5729/5729 5722/5722
f 5731/5731 5722/5722 5721/5721
f 5735/5735 5736/5736 5737/5737
f 5737/5737 5736/5736 5738/5738
f 5737/5737 5738/5738 5739/5739
f 5739/5739 5738/5738 5740/5740
f 5739/5739 5740/5740 5741/5741
f 5741/5741 5740/5740 5742/5742
f 5743/5743 5744/5744 5745/5745
f 5745/5745 5744/5744 5746/5746
f 5746/5746 5744/5744 5747/5747
f 5746/5746 5747/5747 5748/5748
f 5748/5748 5747/5747 5749/5749
f 5748/5748 5749/5749 5750/5750
f 5751/5751 5752/5752 5753/5753
f 5753/5753 5752/5752 5754/5754
f 5753/5753 5754/5754 5755/5755
f 5755/5755 5754/5754 5756/5756
f 5755/5755 5756/5756 5757/5757
f 5757/5757 5756/5756 5758/5758
f 5757/5757 5758/5758 5759/5759
f 5759/5759 5760/5760 5757/5757
f 5757/5757 5760/5760 5761/5761
f 5757/5757 5761/5761 5755/5755
f 5755/5755 5761/5761 5762/5762
f 5755/5755 5762/5762 5753/5753
f 5753/5753 5762/5762 5763/5763
f 5753/5753 5763/5763 5751/5751
f 5751/5751 5763/5763 5764/5764
f 5764/5764 5763/5763 5765/5765
f 5764/5764 5765/5765 5766/5766
f 5766/5766 5765/5765 5767/5767
f 5767/5767 5765/5765 5768/5768
f 5768/5768 5765/5765 5769/5769
f 5768/5768 5769/5769 5770/5770
f 5770/5770 5769/5769 5771/5771
f 5770/5770 5771/5771 5772/5772
f 5772/5772 5771/5771 5773/5773
f 5773/5773 5771/5771 5774/5774
f 5774/5774 5771/5771 5761/5761
f 5774/5774 5761/5761 5760/5760
f 5769/5769 5765/5765 5763/5763
f 5769/5769 5763/5763 5762/5762
f 5771/5771 5769/5769 5762/5762
f 5771/5771 5762/5762 5761/5761
f 5775/5775 5776/5776 5777/5777
f 5777/5777 5776/5776 5778/5778
f 5777/5777 5778/5778 5779/5779
f 5779/5779 5778/5778 5780/5780
f 5779/5779 5780/5780 5781/5781
f 5781/5781 5780/5780 5782/5782
f 5781/5781 5782/5782 5783/5783
f 5783/5783 5782/5782 5784/5784
f 5783/5783 5784/5784 5785/5785
f 5785/5785 5784/5784 5786/5786
f 5786/5786 5784/5784 5787/5787
f 5786/5786 5787/5787 5788/5788
f 5788/5788 5787/5787 5789/5789
f 5788/5788 5789/5789 5790/5790
f 5776/5776 5791/5791 5778/5778
f 5778/5778 5791/5791 5792/5792
f 5778/5778 5792/5792 5780/5780
f 5780/5780 5792/5792 5793/5793
f 5780/5780 5793/5793 5782/5782
f 5782/5782 5793/5793 5794/5794
f 5782/5782 5794/5794 5784/5784
f 5784/5784 5794/5794 5787/5787
f 5791/5791 5795/5795 5792/5792
f 5792/5792 5795/5795 5796/5796
f 5792/5792 5796/5796 5793/5793
f 5793/5793 5796/5796 5797/5797
f 5793/5793 5797/5797 5794/5794
f 5794/5794 5797/5797 5798/5798
f 5794/5794 5798/5798 5787/5787
f 5787/5787 5798/5798 5789/5789
f 5799/5799 5800/5800 5801/5801
f 5801/5801 5800/5800 5802/5802
f 5801/5801 5802/5802 5803/5803
f 5803/5803 5802/5802 5804/5804
f 5803/5803 5804/5804 5805/5805
f 5805/5805 5804/5804 5806/5806
f 5805/5805 5806/5806 5807/5807
f 5807/5807 5806/5806 5808/5808
f 5807/5807 5808/5808 5809/5809
f 5809/5809 5810/5810 5807/5807
f 5807/5807 5810/5810 5811/5811
f 5807/5807 5811/5811 5805/5805
f 5805/5805 5811/5811 5812/5812
f 5805/5805 5812/5812 5803/5803
f 5803/5803 5812/5812 5813/5813
f 5803/5803 5813/5813 5801/5801
f 5801/5801 5813/5813 5814/5814
f 5801/5801 5814/5814 5815/5815
f 5815/5815 5814/5814 5816/5816
f 5815/5815 5816/5816 5817/5817
f 5817/5817 5816/5816 5818/5818
f 5817/5817 5818/5818 5819/5819
f 5819/5819 5818/5818 5820/5820
f 5820/5820 5818/5818 5821/5821
f 5820/5820 5821/5821 5822/5822
f 5822/5822 5821/5821 5823/5823
f 5822/5822 5823/5823 5824/5824
f 5824/5824 5823/5823 5813/5813
f 5824/5824 5813/5813 5812/5812
f 5810/5810 5825/5825 5811/5811
f 5811/5811 5825/5825 5826/5826
f 5811/5811 5826/5826 5812/5812
f 5812/5812 5826/5826 5824/5824
f 5825/5825 5827/5827 5826/5826
f 5826/5826 5827/5827 5828/5828
f 5826/5826 5828/5828 5824/5824
f 5824/5824 5828/5828 5822/5822
f 5827/5827 5829/5829 5828/5828
f 5828/5828 5829/5829 5830/5830
f 5828/5828 5830/5830 5822/5822
f 5822/5822 5830/5830 5820/5820
f 5815/5815 5799/5799 5801/5801
f 5821/5821 5818/5818 5816/5816
f 5813/5813 5823/5823 5814/5814
f 5814/5814 5823/5823 5816/5816
f 5823/5823 5821/5821 5816/5816
f 5831/5831 5832/5832 5833/5833
f 5833/5833 5832/5832 5834/5834
f 5833/5833 5834/5834 5835/5835
f 5835/5835 5834/5834 5836/5836
f 5835/5835 5836/5836 5837/5837
f 5837/5837 5836/5836 5838/5838
f 5837/5837 5838/5838 5839/5839
f 5839/5839 5838/5838 5840/5840
f 5839/5839 5840/5840 5841/5841
f 5839/5839 5841/5841 5842/5842
f 5842/5842 5841/5841 5843/5843
f 5842/5842 5843/5843 5844/5844
f 5844/5844 5843/5843 5845/5845
f 5844/5844 5845/5845 5846/5846
f 5846/5846 5845/5845 5847/5847
f 5846/5846 5847/5847 5848/5848
f 5848/5848 5847/5847 5849/5849
f 5848/5848 5849/5849 5850/5850
f 5850/5850 5849/5849 5851/5851
f 5850/5850 5851/5851 5852/5852
f 5852/5852 5851/5851 5853/5853
f 5853/5853 5851/5851 5854/5854
f 5854/5854 5851/5851 5855/5855
f 5855/5855 5851/5851 5849/5849
f 5855/5855 5849/5849 5847/5847
f 5843/5843 5856/5856 5845/5845
f 5845/5845 5856/5856 5857/5857
f 5845/5845 5857/5857 5858/5858
f 5845/5845 5858/5858 5847/5847
f 5847/5847 5858/5858 5855/5855
f 5852/5852 5859/5859 5850/5850
f 5850/5850 5859/5859 5860/5860
f 5850/5850 5860/5860 5848/5848
f 5848/5848 5860/5860 5861/5861
f 5848/5848 5861/5861 5846/5846
f 5846/5846 5861/5861 5862/5862
f 5846/5846 5862/5862 5844/5844
f 5844/5844 5862/5862 5842/5842
f 5859/5859 5831/5831 5860/5860
f 5860/5860 5831/5831 5833/5833
f 5860/5860 5833/5833 5861/5861
f 5861/5861 5833/5833 5835/5835
f 5861/5861 5835/5835 5862/5862
f 5862/5862 5835/5835 5837/5837
f 5862/5862 5837/5837 5842/5842
f 5842/5842 5837/5837 5839/5839
f 5863/5863 5864/5864 5865/5865
f 5865/5865 5864/5864 5866/5866
f 5865/5865 5866/5866 5867/5867
f 5867/5867 5866/5866 5868/5868
f 5867/5867 5868/5868 5869/5869
f 5869/5869 5868/5868 5870/5870
f 5869/5869 5870/5870 5871/5871
f 5871/5871 5870/5870 5872/5872
f 5871/5871 5872/5872 5873/5873
f 5873/5873 5872/5872 5874/5874
f 5873/5873 5874/5874 5875/5875
f 5875/5875 5874/5874 5876/5876
f 5875/5875 5876/5876 5877/5877
f 5877/5877 5876/5876 5878/5878
f 5877/5877 5878/5878 5879/5879
f 5879/5879 5878/5878 5880/5880
f 5879/5879 5880/5880 5881/5881
f 5881/5881 5880/5880 5882/5882
f 5881/5881 5882/5882 5883/5883
f 5883/5883 5882/5882 5884/5884
f 5883/5883 5884/5884 5885/5885
f 5885/5885 5884/5884 5886/5886
f 5885/5885 5886/5886 5887/5887
f 5887/5887 5886/5886 5888/5888
f 5888/5888 5886/5886 5889/5889
f 5888/5888 5889/5889 5890/5890
f 5890/5890 5889/5889 5891/5891
f 5890/5890 5891/5891 5892/5892
f 5864/5864 5893/5893 5866/5866
f 5866/5866 5893/5893 5894/5894
f 5866/5866 5894/5894 5868/5868
f 5868/5868 5894/5894 5895/5895
f 5868/5868 5895/5895 5870/5870
f 5870/5870 5895/5895 5896/5896
f 5870/5870 5896/5896 5872/5872
f 5872/5872 5896/5896 5897/5897
f 5872/5872 5897/5897 5874/5874
f 5874/5874 5897/5897 5898/5898
f 5874/5874 5898/5898 5876/5876
f 5876/5876 5898/5898 5899/5899
f 5876/5876 5899/5899 5878/5878
f 5878/5878 5899/5899 5900/5900
f 5878/5878 5900/5900 5880/5880
f 5880/5880 5900/5900 5901/5901
f 5880/5880 5901/5901 5882/5882
f 5882/5882 5901/5901 5902/5902
f 5882/5882 5902/5902 5884/5884
f 5884/5884 5902/5902 5903/5903
f 5884/5884 5903/5903 5886/5886
f 5886/5886 5903/5903 5889/5889
f 5893/5893 5904/5904 5894/5894
f 5894/5894 5904/5904 5905/5905
f 5894/5894 5905/5905 5895/5895
f 5895/5895 5905/5905 5906/5906
f 5895/5895 5906/5906 5896/5896
f 5896/5896 5906/5906 5907/5907
f 5896/5896 5907/5907 5897/5897
f 5897/5897 5907/5907 5908/5908
f 5897/5897 5908/5908 5898/5898
f 5898/5898 5908/5908 5909/5909
f 5898/5898 5909/5909 5899/5899
f 5899/5899 5909/5909 5910/5910
f 5899/5899 5910/5910 5900/5900
f 5900/5900 5910/5910 5911/5911
f 5900/5900 5911/5911 5901/5901
f 5901/5901 5911/5911 5912/5912
f 5901/5901 5912/5912 5902/5902
f 5902/5902 5912/5912 5913/5913
f 5902/5902 5913/5913 5903/5903
f 5903/5903 5913/5913 5914/5914
f 5903/5903 5914/5914 5889/5889
f 5889/5889 5914/5914 5891/5891
f 5915/5915 5916/5916 5917/5917
f 5917/5917 5916/5916 5918/5918
f 5917/5917 5918/5918 5919/5919
f 5919/5919 5918/5918 5920/5920
f 5919/5919 5920/5920 5921/5921
f 5921/5921 5920/5920 5922/5922
f 5921/5921 5922/5922 5923/5923
f 5923/5923 5922/5922 5924/5924
f 5923/5923 5924/5924 5925/5925
f 5925/5925 5926/5926 5923/5923
f 5923/5923 5926/5926 5927/5927
f 5923/5923 5927/5927 5921/5921
f 5921/5921 5927/5927 5928/5928
f 5921/5921 5928/5928 5919/5919
f 5919/5919 5928/5928 5929/5929
f 5919/5919 5929/5929 5917/5917
f 5917/5917 5929/5929 5930/5930
f 5917/5917 5930/5930 5931/5931
f 5931/5931 5930/5930 5932/5932
f 5931/5931 5932/5932 5933/5933
f 5933/5933 5932/5932 5934/5934
f 5933/5933 5934/5934 5935/5935
f 5935/5935 5934/5934 5936/5936
f 5936/5936 5934/5934 5937/5937
f 5936/5936 5937/5937 5938/5938
f 5938/5938 5937/5937 5939/5939
f 5938/5938 5939/5939 5940/5940
f 5940/5940 5939/5939 5929/5929
f 5940/5940 5929/5929 5928/5928
f 5926/5926 5941/5941 5927/5927
f 5927/5927 5941/5941 5942/5942
f 5927/5927 5942/5942 5928/5928
f 5928/5928 5942/5942 5940/5940
f 5941/5941 5943/5943 5942/5942
f 5942/5942 5943/5943 5944/5944
f 5942/5942 5944/5944 5940/5940
f 5940/5940 5944/5944 5938/5938
f 5943/5943 5945/5945 5944/5944
f 5944/5944 5945/5945 5946/5946
f 5944/5944 5946/5946 5938/5938
f 5938/5938 5946/5946 5936/5936
f 5931/5931 5915/5915 5917/5917
f 5937/5937 5934/5934 5932/5932
f 5929/5929 5939/5939 5930/5930
f 5930/5930 5939/5939 5932/5932
f 5939/5939 5937/5937 5932/5932
f 5947/5947 5948/5948 5949/5949
f 5949/5949 5948/5948 5950/5950
f 5949/5949 5950/5950 5951/5951
f 5951/5951 5950/5950 5952/5952
f 5951/5951 5952/5952 5953/5953
f 5953/5953 5952/5952 5954/5954
f 5953/5953 5954/5954 5955/5955
f 5955/5955 5954/5954 5956/5956
f 5955/5955 5956/5956 5957/5957
f 5955/5955 5957/5957 5958/5958
f 5958/5958 5957/5957 5959/5959
f 5958/5958 5959/5959 5960/5960
f 5960/5960 5959/5959 5961/5961
f 5960/5960 5961/5961 5962/5962
f 5962/5962 5961/5961 5963/5963
f 5962/5962 5963/5963 5964/5964
f 5964/5964 5963/5963 5965/5965
f 5964/5964 5965/5965 5966/5966
f 5966/5966 5965/5965 5967/5967
f 5966/5966 5967/5967 5968/5968
f 5968/5968 5967/5967 5969/5969
f 5969/5969 5967/5967 5970/5970
f 5970/5970 5967/5967 5971/5971
f 5971/5971 5967/5967 5965/5965
f 5971/5971 5965/5965 5963/5963
f 5959/5959 5972/5972 5961/5961
f 5961/5961 5972/5972 5973/5973
f 5961/5961 5973/5973 5974/5974
f 5961/5961 5974/5974 5963/5963
f 5963/5963 5974/5974 5971/5971
f 5968/5968 5975/5975 5966/5966
f 5966/5966 5975/5975 5976/5976
f 5966/5966 5976/5976 5964/5964
f 5964/5964 5976/5976 5977/5977
f 5964/5964 5977/5977 5962/5962
f 5962/5962 5977/5977 5978/5978
f 5962/5962 5978/5978 5960/5960
f 5960/5960 5978/5978 5958/5958
f 5975/5975 5947/5947 5976/5976
f 5976/5976 5947/5947 5949/5949
f 5976/5976 5949/5949 5977/5977
f 5977/5977 5949/5949 5951/5951
f 5977/5977 5951/5951 5978/5978
f 5978/5978 5951/5951 5953/5953
f 5978/5978 5953/5953 5958/5958
f 5958/5958 5953/5953 5955/5955
f 5979/5979 5980/5980 5981/5981
f 5981/5981 5980/5980 5982/5982
f 5981/5981 5982/5982 5983/5983
f 5983/5983 5982/5982 5984/5984
f 5983/5983 5984/5984 5985/5985
f 5985/5985 5984/5984 5986/5986
f 5985/5985 5986/5986 5987/5987
f 5987/5987 5986/5986 5988/5988
f 5987/5987 5988/5988 5989/5989
f 5989/5989 5988/5988 5990/5990
f 5990/5990 5988/5988 5991/5991
f 5990/5990 5991/5991 5992/5992
f 5992/5992 5991/5991 5993/5993
f 5992/5992 5993/5993 5994/5994
f 5980/5980 5995/5995 5982/5982
f 5982/5982 5995/5995 5996/5996
f 5982/5982 5996/5996 5984/5984
f 5984/5984 5996/5996 5997/5997
f 5984/5984 5997/5997 5986/5986
f 5986/5986 5997/5997 5998/5998
f 5986/5986 5998/5998 5988/5988
f 5988/5988 5998/5998 5991/5991
f 5995/5995 5999/5999 5996/5996
f 5996/5996 5999/5999 6000/6000
f 5996/5996 6000/6000 5997/5997
f 5997/5997 6000/6000 6001/6001
f 5997/5997 6001/6001 5998/5998
f 5998/5998 6001/6001 6002/6002
f 5998/5998 6002/6002 5991/5991
f 5991/5991 6002/6002 5993/5993
f 6003/6003 6004/6004 6005/6005
f 6005/6005 6004/6004 6006/6006
f 6005/6005 6006/6006 6007/6007
f 6007/6007 6006/6006 6008/6008
f 6007/6007 6008/6008 6009/6009
f 6009/6009 6008/6008 6010/6010
f 6009/6009 6010/6010 6011/6011
f 6011/6011 6012/6012 6009/6009
f 6009/6009 6012/6012 6013/6013
f 6009/6009 6013/6013 6007/6007
f 6007/6007 6013/6013 6014/6014
f 6007/6007 6014/6014 6005/6005
f 6005/6005 6014/6014 6015/6015
f 6005/6005 6015/6015 6003/6003
f 6003/6003 6015/6015 6016/6016
f 6016/6016 6015/6015 6017/6017
f 6016/6016 6017/6017 6018/6018
f 6018/6018 6017/6017 6019/6019
f 6019/6019 6017/6017 6020/6020
f 6020/6020 6017/6017 6021/6021
f 6020/6020 6021/6021 6022/6022
f 6022/6022 6021/6021 6023/6023
f 6022/6022 6023/6023 6024/6024
f 6024/6024 6023/6023 6025/6025
f 6025/6025 6023/6023 6026/6026
f 6026/6026 6023/6023 6013/6013
f 6026/6026 6013/6013 6012/6012
f 6021/6021 6017/6017 6015/6015
f 6021/6021 6015/6015 6014/6014
f 6023/6023 6021/6021 6014/6014
f 6023/6023 6014/6014 6013/6013
f 6027/6027 6028/6028 6029/6029
f 6029/6029 6028/6028 6030/6030
f 6029/6029 6030/6030 6031/6031
f 6031/6031 6030/6030 6032/6032
f 6031/6031 6032/6032 6033/6033
f 6033/6033 6032/6032 6034/6034
f 6035/6035 6036/6036 6037/6037
f 6037/6037 6036/6036 6038/6038
f 6038/6038 6036/6036 6039/6039
f 6038/6038 6039/6039 6040/6040
f 6040/6040 6039/6039 6041/6041
f 6040/6040 6041/6041 6042/6042
f 6043/6043 6044/6044 6045/6045
f 6045/6045 6044/6044 6046/6046
f 6045/6045 6046/6046 6047/6047
f 6047/6047 6046/6046 6048/6048
f 6047/6047 6048/6048 6049/6049
f 6049/6049 6048/6048 6050/6050
f 6049/6049 6050/6050 6051/6051
f 6051/6051 6052/6052 6049/6049
f 6049/6049 6052/6052 6053/6053
f 6049/6049 6053/6053 6047/6047
f 6047/6047 6053/6053 6054/6054
f 6047/6047 6054/6054 6045/6045
f 6045/6045 6054/6054 6055/6055
f 6045/6045 6055/6055 6043/6043
f 6043/6043 6055/6055 6056/6056
f 6056/6056 6055/6055 6057/6057
f 6056/6056 6057/6057 6058/6058
f 6058/6058 6057/6057 6059/6059
f 6059/6059 6057/6057 6060/6060
f 6060/6060 6057/6057 6061/6061
f 6060/6060 6061/6061 6062/6062
f 6062/6062 6061/6061 6063/6063
f 6062/6062 6063/6063 6064/6064
f 6064/6064 6063/6063 6065/6065
f 6065/6065 6063/6063 6066/6066
f 6066/6066 6063/6063 6053/6053
f 6066/6066 6053/6053 6052/6052
f 6061/6061 6057/6057 6055/6055
f 6061/6061 6055/6055 6054/6054
f 6063/6063 6061/6061 6054/6054
f 6063/6063 6054/6054 6053/6053
f 6067/6067 6068/6068 6069/6069
f 6069/6069 6068/6068 6070/6070
f 6069/6069 6070/6070 6071/6071
f 6071/6071 6070/6070 6072/6072
f 6071/6071 6072/6072 6073/6073
f 6073/6073 6072/6072 6074/6074
f 6073/6073 6074/6074 6075/6075
f 6075/6075 6074/6074 6076/6076
f 6075/6075 6076/6076 6077/6077
f 6077/6077 6076/6076 6078/6078
f 6078/6078 6076/6076 6079/6079
f 6078/6078 6079/6079 6080/6080
f 6080/6080 6079/6079 6081/6081
f 6080/6080 6081/6081 6082/6082
f 6068/6068 6083/6083 6070/6070
f 6070/6070 6083/6083 6084/6084
f 6070/6070 6084/6084 6072/6072
f 6072/6072 6084/6084 6085/6085
f 6072/6072 6085/6085 6074/6074
f 6074/6074 6085/6085 6086/6086
f 6074/6074 6086/6086 6076/6076
f 6076/6076 6086/6086 6079/6079
f 6083/6083 6087/6087 6084/6084
f 6084/6084 6087/6087 6088/6088
f 6084/6084 6088/6088 6085/6085
f 6085/6085 6088/6088 6089/6089
f 6085/6085 6089/6089 6086/6086
f 6086/6086 6089/6089 6090/6090
f 6086/6086 6090/6090 6079/6079
f 6079/6079 6090/6090 6081/6081
f 6091/6091 6092/6092 6093/6093
f 6093/6093 6092/6092 6094/6094
f 6093/6093 6094/6094 6095/6095
f 6095/6095 6094/6094 6096/6096
f 6095/6095 6096/6096 6097/6097
f 6097/6097 6096/6096 6098/6098
f 6097/6097 6098/6098 6099/6099
f 6099/6099 6098/6098 6100/6100
f 6099/6099 6100/6100 6101/6101
f 6099/6099 6101/6101 6102/6102
f 6102/6102 6101/6101 6103/6103
f 6102/6102 6103/6103 6104/6104
f 6104/6104 6103/6103 6105/6105
f 6104/6104 6105/6105 6106/6106
f 6104/6104 6106/6106 6107/6107
f 6107/6107 6106/6106 6108/6108
f 6107/6107 6108/6108 6109/6109
f 6110/6110 6111/6111 6109/6109
f 6109/6109 6111/6111 6112/6112
f 6109/6109 6112/6112 6107/6107
f 6107/6107 6112/6112 6113/6113
f 6107/6107 6113/6113 6104/6104
f 6104/6104 6113/6113 6114/6114
f 6104/6104 6114/6114 6102/6102
f 6102/6102 6114/6114 6097/6097
f 6102/6102 6097/6097 6099/6099
f 6111/6111 6110/6110 6115/6115
f 6115/6115 6110/6110 6116/6116
f 6115/6115 6116/6116 6117/6117
f 6115/6115 6117/6117 6118/6118
f 6118/6118 6117/6117 6119/6119
f 6118/6118 6119/6119 6120/6120
f 6120/6120 6119/6119 6121/6121
f 6120/6120 6121/6121 6091/6091
f 6120/6120 6091/6091 6093/6093
f 6120/6120 6093/6093 6122/6122
f 6122/6122 6093/6093 6095/6095
f 6122/6122 6095/6095 6114/6114
f 6114/6114 6095/6095 6097/6097
f 6111/6111 6115/6115 6118/6118
f 6118/6118 6120/6120 6123/6123
f 6123/6123 6120/6120 6122/6122
f 6123/6123 6122/6122 6113/6113
f 6113/6113 6122/6122 6114/6114
f 6112/6112 6111/6111 6123/6123
f 6123/6123 6111/6111 6118/6118
f 6112/6112 6123/6123 6113/6113
f 6124/6124 6125/6125 6126/6126
f 6126/6126 6125/6125 6127/6127
f 6126/6126 6127/6127 6128/6128
f 6128/6128 6127/6127 6129/6129
f 6128/6128 6129/6129 6130/6130
f 6130/6130 6129/6129 6131/6131
f 6130/6130 6131/6131 6132/6132
f 6132/6132 6131/6131 6133/6133
f 6132/6132 6133/6133 6134/6134
f 6132/6132 6134/6134 6135/6135
f 6135/6135 6134/6134 6136/6136
f 6135/6135 6136/6136 6137/6137
f 6137/6137 6136/6136 6138/6138
f 6137/6137 6138/6138 6139/6139
f 6139/6139 6138/6138 6140/6140
f 6139/6139 6140/6140 6141/6141
f 6141/6141 6140/6140 6142/6142
f 6141/6141 6142/6142 6143/6143
f 6143/6143 6142/6142 6144/6144
f 6143/6143 6144/6144 6145/6145
f 6145/6145 6144/6144 6146/6146
f 6146/6146 6144/6144 6147/6147
f 6147/6147 6144/6144 6148/6148
f 6148/6148 6144/6144 6149/6149
f 6149/6149 6144/6144 6142/6142
f 6149/6149 6142/6142 6140/6140
f 6136/6136 6150/6150 6138/6138
f 6138/6138 6150/6150 6151/6151
f 6138/6138 6151/6151 6152/6152
f 6138/6138 6152/6152 6140/6140
f 6140/6140 6152/6152 6149/6149
f 6143/6143 6145/6145 6153/6153
f 6153/6153 6145/6145 6124/6124
f 6153/6153 6124/6124 6126/6126
f 6141/6141 6143/6143 6153/6153
f 6153/6153 6126/6126 6154/6154
f 6154/6154 6126/6126 6128/6128
f 6154/6154 6128/6128 6155/6155
f 6155/6155 6128/6128 6130/6130
f 6155/6155 6130/6130 6135/6135
f 6135/6135 6130/6130 6132/6132
f 6139/6139 6141/6141 6154/6154
f 6154/6154 6141/6141 6153/6153
f 6139/6139 6154/6154 6155/6155
f 6139/6139 6155/6155 6137/6137
f 6137/6137 6155/6155 6135/6135
f 6156/6156 6157/6157 6158/6158
f 6158/6158 6157/6157 6159/6159
f 6158/6158 6159/6159 6160/6160
f 6160/6160 6159/6159 6161/6161
f 6160/6160 6161/6161 6162/6162
f 6162/6162 6161/6161 6163/6163
f 6162/6162 6163/6163 6164/6164
f 6162/6162 6164/6164 6165/6165
f 6165/6165 6164/6164 6166/6166
f 6165/6165 6166/6166 6167/6167
f 6167/6167 6166/6166 6168/6168
f 6167/6167 6168/6168 6169/6169
f 6169/6169 6168/6168 6170/6170
f 6169/6169 6170/6170 6171/6171
f 6169/6169 6171/6171 6172/6172
f 6172/6172 6171/6171 6173/6173
f 6172/6172 6173/6173 6174/6174
f 6174/6174 6173/6173 6175/6175
f 6174/6174 6175/6175 6176/6176
f 6174/6174 6176/6176 6177/6177
f 6177/6177 6176/6176 6178/6178
f 6177/6177 6178/6178 6179/6179
f 6179/6179 6178/6178 6156/6156
f 6179/6179 6156/6156 6158/6158
f 6179/6179 6158/6158 6180/6180
f 6180/6180 6158/6158 6160/6160
f 6180/6180 6160/6160 6165/6165
f 6165/6165 6160/6160 6162/6162
f 6172/6172 6174/6174 6177/6177
f 6177/6177 6179/6179 6181/6181
f 6181/6181 6179/6179 6180/6180
f 6181/6181 6180/6180 6167/6167
f 6167/6167 6180/6180 6165/6165
f 6169/6169 6172/6172 6181/6181
f 6181/6181 6172/6172 6177/6177
f 6169/6169 6181/6181 6167/6167
f 6182/6182 6183/6183 6184/6184
f 6184/6184 6183/6183 6185/6185
f 6185/6185 6183/6183 6186/6186
f 6185/6185 6186/6186 6187/6187
f 6187/6187 6186/6186 6188/6188
f 6188/6188 6186/6186 6189/6189
f 6190/6190 6191/6191 6192/6192
f 6192/6192 6191/6191 6193/6193
f 6192/6192 6193/6193 6194/6194
f 6194/6194 6193/6193 6195/6195
f 6194/6194 6195/6195 6196/6196
f 6194/6194 6196/6196 6197/6197
f 6197/6197 6196/6196 6198/6198
f 6197/6197 6198/6198 6199/6199
f 6199/6199 6198/6198 6200/6200
f 6199/6199 6200/6200 6201/6201
f 6199/6199 6201/6201 6202/6202
f 6202/6202 6201/6201 6203/6203
f 6202/6202 6203/6203 6204/6204
f 6204/6204 6203/6203 6205/6205
f 6204/6204 6205/6205 6206/6206
f 6204/6204 6206/6206 6207/6207
f 6207/6207 6206/6206 6208/6208
f 6207/6207 6208/6208 6209/6209
f 6207/6207 6209/6209 6210/6210
f 6210/6210 6209/6209 6211/6211
f 6210/6210 6211/6211 6212/6212
f 6212/6212 6211/6211 6213/6213
f 6212/6212 6213/6213 6214/6214
f 6212/6212 6214/6214 6215/6215
f 6215/6215 6214/6214 6216/6216
f 6215/6215 6216/6216 6217/6217
f 6217/6217 6216/6216 6218/6218
f 6217/6217 6218/6218 6219/6219
f 6217/6217 6219/6219 6220/6220
f 6220/6220 6219/6219 6221/6221
f 6220/6220 6221/6221 6222/6222
f 6220/6220 6222/6222 6223/6223
f 6223/6223 6222/6222 6224/6224
f 6223/6223 6224/6224 6225/6225
f 6225/6225 6224/6224 6226/6226
f 6225/6225 6226/6226 6227/6227
f 6225/6225 6227/6227 6228/6228
f 6228/6228 6227/6227 6229/6229
f 6228/6228 6229/6229 6230/6230
f 6228/6228 6230/6230 6231/6231
f 6231/6231 6230/6230 6232/6232
f 6231/6231 6232/6232 6233/6233
f 6233/6233 6232/6232 6234/6234
f 6233/6233 6234/6234 6235/6235
f 6233/6233 6235/6235 6236/6236
f 6236/6236 6235/6235 6237/6237
f 6236/6236 6237/6237 6238/6238
f 6238/6238 6237/6237 6239/6239
f 6238/6238 6239/6239 6240/6240
f 6238/6238 6240/6240 6241/6241
f 6241/6241 6240/6240 6242/6242
f 6241/6241 6242/6242 6243/6243
f 6241/6241 6243/6243 6244/6244
f 6244/6244 6243/6243 6245/6245
f 6244/6244 6245/6245 6246/6246
f 6246/6246 6245/6245 6247/6247
f 6246/6246 6247/6247 6248/6248
f 6246/6246 6248/6248 6249/6249
f 6249/6249 6248/6248 6250/6250
f 6249/6249 6250/6250 6251/6251
f 6251/6251 6250/6250 6252/6252
f 6251/6251 6252/6252 6253/6253
f 6251/6251 6253/6253 6254/6254
f 6254/6254 6253/6253 6255/6255
f 6254/6254 6255/6255 6256/6256
f 6254/6254 6256/6256 6257/6257
f 6257/6257 6256/6256 6258/6258
f 6257/6257 6258/6258 6259/6259
f 6259/6259 6258/6258 6260/6260
f 6259/6259 6260/6260 6261/6261
f 6259/6259 6261/6261 6262/6262
f 6262/6262 6261/6261 6263/6263
f 6262/6262 6263/6263 6264/6264
f 6262/6262 6264/6264 6265/6265
f 6265/6265 6264/6264 6266/6266
f 6265/6265 6266/6266 6267/6267
f 6267/6267 6266/6266 6268/6268
f 6267/6267 6268/6268 6269/6269
f 6267/6267 6269/6269 6270/6270
f 6270/6270 6269/6269 6190/6190
f 6270/6270 6190/6190 6192/6192
f 6271/6271 6272/6272 6273/6273
f 6273/6273 6272/6272 6274/6274
f 6274/6274 6272/6272 6275/6275
f 6274/6274 6275/6275 6276/6276
f 6276/6276 6275/6275 6277/6277
f 6276/6276 6277/6277 6278/6278
f 6278/6278 6277/6277 6279/6279
f 6278/6278 6279/6279 6280/6280
f 6280/6280 6279/6279 6281/6281
f 6281/6281 6279/6279 6282/6282
f 6282/6282 6279/6279 6283/6283
f 6283/6283 6279/6279 6284/6284
f 6284/6284 6279/6279 6285/6285
f 6285/6285 6279/6279 6286/6286
f 6286/6286 6279/6279 6287/6287
f 6287/6287 6279/6279 6288/6288
f 6288/6288 6279/6279 6289/6289
f 6289/6289 6279/6279 6290/6290
f 6290/6290 6279/6279 6291/6291
f 6291/6291 6279/6279 6292/6292
f 6292/6292 6279/6279 6293/6293
f 6292/6292 6293/6293 6294/6294
f 6294/6294 6293/6293 6295/6295
f 6295/6295 6293/6293 6296/6296
f 6296/6296 6293/6293 6297/6297
f 6297/6297 6293/6293 6298/6298
f 6297/6297 6298/6298 6299/6299
f 6299/6299 6298/6298 6300/6300
f 6299/6299 6300/6300 6301/6301
f 6302/6302 6303/6303 6304/6304
f 6304/6304 6303/6303 6305/6305
f 6304/6304 6305/6305 6306/6306
f 6306/6306 6305/6305 6307/6307
f 6306/6306 6307/6307 6308/6308
f 6308/6308 6307/6307 6309/6309
f 6308/6308 6309/6309 6310/6310
f 6310/6310 6309/6309 6311/6311
f 6310/6310 6311/6311 6312/6312
f 6312/6312 6311/6311 6313/6313
f 6312/6312 6313/6313 6314/6314
f 6314/6314 6313/6313 6315/6315
f 6314/6314 6315/6315 6316/6316
f 6316/6316 6315/6315 6317/6317
f 6316/6316 6317/6317 6318/6318
f 6318/6318 6317/6317 6319/6319
f 6318/6318 6319/6319 6320/6320
f 6320/6320 6319/6319 6321/6321
f 6320/6320 6321/6321 6322/6322
f 6322/6322 6321/6321 6323/6323
f 6322/6322 6323/6323 6324/6324
f 6324/6324 6323/6323 6325/6325
f 6324/6324 6325/6325 6326/6326
f 6326/6326 6325/6325 6327/6327
f 6326/6326 6327/6327 6328/6328
f 6328/6328 6327/6327 6329/6329
f 6328/6328 6329/6329 6330/6330
f 6330/6330 6329/6329 6331/6331
f 6330/6330 6331/6331 6332/6332
f 6332/6332 6331/6331 6333/6333
f 6332/6332 6333/6333 6334/6334
f 6335/6335 6336/6336 6337/6337
f 6335/6335 6337/6337 6338/6338
f 6338/6338 6337/6337 6339/6339
f 6338/6338 6339/6339 6340/6340
f 6340/6340 6339/6339 6341/6341
f 6340/6340 6341/6341 6342/6342
f 6342/6342 6341/6341 6343/6343
f 6342/6342 6343/6343 6344/6344
f 6344/6344 6343/6343 6345/6345
f 6344/6344 6345/6345 6346/6346
f 6346/6346 6345/6345 6347/6347
f 6346/6346 6347/6347 6348/6348
f 6348/6348 6347/6347 6349/6349
f 6348/6348 6349/6349 6350/6350
f 6350/6350 6349/6349 6351/6351
f 6350/6350 6351/6351 6352/6352
f 6352/6352 6351/6351 6353/6353
f 6352/6352 6353/6353 6354/6354
f 6354/6354 6353/6353 6355/6355
f 6354/6354 6355/6355 6356/6356
f 6356/6356 6355/6355 6357/6357
f 6356/6356 6357/6357 6358/6358
f 6358/6358 6357/6357 6359/6359
f 6358/6358 6359/6359 6360/6360
f 6360/6360 6359/6359 6361/6361
f 6360/6360 6361/6361 6362/6362
f 6362/6362 6361/6361 6363/6363
f 6362/6362 6363/6363 6364/6364
f 6364/6364 6363/6363 6365/6365
f 6364/6364 6365/6365 6302/6302
f 6302/6302 6365/6365 6303/6303
f 6366/6366 6367/6367 6368/6368
f 6368/6368 6367/6367 6369/6369
f 6368/6368 6369/6369 6370/6370
f 6370/6370 6369/6369 6371/6371
f 6370/6370 6371/6371 6372/6372
f 6372/6372 6371/6371 6373/6373
f 6372/6372 6373/6373 6374/6374
f 6374/6374 6373/6373 6375/6375
f 6374/6374 6375/6375 6376/6376
f 6376/6376 6375/6375 6377/6377
f 6376/6376 6377/6377 6378/6378
f 6378/6378 6377/6377 6379/6379
f 6378/6378 6379/6379 6380/6380
f 6380/6380 6379/6379 6381/6381
f 6380/6380 6381/6381 6382/6382
f 6382/6382 6381/6381 6383/6383
f 6383/6383 6381/6381 6384/6384
f 6383/6383 6384/6384 6385/6385
f 6385/6385 6384/6384 6386/6386
f 6385/6385 6386/6386 6387/6387
f 6387/6387 6386/6386 6388/6388
f 6388/6388 6386/6386 6389/6389
f 6389/6389 6386/6386 6390/6390
f 6389/6389 6390/6390 6391/6391
f 6391/6391 6390/6390 6392/6392
f 6391/6391 6392/6392 6393/6393
f 6393/6393 6392/6392 6366/6366
f 6366/6366 6392/6392 6367/6367
f 6378/6378 6394/6394 6376/6376
f 6376/6376 6394/6394 6395/6395
f 6396/6396 6397/6397 6370/6370
f 6370/6370 6397/6397 6368/6368
f 6398/6398 6399/6399 6400/6400
f 6400/6400 6399/6399 6401/6401
f 6400/6400 6401/6401 6402/6402
f 6402/6402 6401/6401 6403/6403
f 6402/6402 6403/6403 6404/6404
f 6404/6404 6403/6403 6405/6405
f 6404/6404 6405/6405 6406/6406
f 6406/6406 6405/6405 6407/6407
f 6407/6407 6405/6405 6408/6408
f 6408/6408 6405/6405 6409/6409
f 6399/6399 6398/6398 6410/6410
f 6410/6410 6398/6398 6411/6411
f 6410/6410 6411/6411 6412/6412
f 6412/6412 6411/6411 6413/6413
f 6413/6413 6411/6411 6414/6414
f 6413/6413 6414/6414 6415/6415
f 6415/6415 6414/6414 6416/6416
f 6415/6415 6416/6416 6417/6417
f 6417/6417 6416/6416 6418/6418
f 6417/6417 6418/6418 6419/6419
f 6419/6419 6418/6418 6420/6420
f 6419/6419 6420/6420 6421/6421
f 6416/6416 6414/6414 6422/6422
f 6422/6422 6414/6414 6423/6423
f 6422/6422 6423/6423 6424/6424
f 6424/6424 6425/6425 6422/6422
f 6422/6422 6425/6425 6426/6426
f 6422/6422 6426/6426 6427/6427
f 6419/6419 6421/6421 6428/6428
f 6428/6428 6421/6421 6429/6429
f 6428/6428 6429/6429 6430/6430
f 6428/6428 6430/6430 6431/6431
f 6431/6431 6430/6430 6432/6432
f 6431/6431 6432/6432 6433/6433
f 6431/6431 6433/6433 6434/6434
f 6434/6434 6433/6433 6435/6435
f 6434/6434 6435/6435 6436/6436
f 6434/6434 6436/6436 6437/6437
f 6437/6437 6436/6436 6438/6438
f 6437/6437 6438/6438 6439/6439
f 6437/6437 6439/6439 6440/6440
f 6440/6440 6439/6439 6403/6403
f 6440/6440 6403/6403 6401/6401
f 6441/6441 6442/6442 6443/6443
f 6444/6444 6445/6445 6446/6446
f 6444/6444 6446/6446 6447/6447
f 6447/6447 6446/6446 6448/6448
f 6447/6447 6448/6448 6449/6449
f 6449/6449 6448/6448 6450/6450
f 6449/6449 6450/6450 6451/6451
f 6451/6451 6450/6450 6452/6452
f 6451/6451 6452/6452 6453/6453
f 6453/6453 6452/6452 6454/6454
f 6453/6453 6454/6454 6455/6455
f 6455/6455 6454/6454 6456/6456
f 6455/6455 6456/6456 6457/6457
f 6457/6457 6456/6456 6458/6458
f 6457/6457 6458/6458 6459/6459
f 6459/6459 6458/6458 6460/6460
f 6459/6459 6460/6460 6461/6461
f 6461/6461 6460/6460 6462/6462
f 6461/6461 6462/6462 6463/6463
f 6463/6463 6462/6462 6464/6464
f 6463/6463 6464/6464 6465/6465
f 6465/6465 6464/6464 6466/6466
f 6465/6465 6466/6466 6467/6467
f 6467/6467 6466/6466 6468/6468
f 6467/6467 6468/6468 6441/6441
f 6441/6441 6468/6468 6442/6442
f 6469/6469 6470/6470 6471/6471
f 6471/6471 6470/6470 6472/6472
f 6473/6473 6474/6474 6475/6475
f 6475/6475 6474/6474 6476/6476
f 6475/6475 6476/6476 6477/6477
f 6477/6477 6476/6476 6478/6478
f 6477/6477 6478/6478 6479/6479
f 6479/6479 6478/6478 6480/6480
f 6479/6479 6480/6480 6481/6481
f 6481/6481 6480/6480 6482/6482
f 6481/6481 6482/6482 6483/6483
f 6483/6483 6482/6482 6484/6484
f 6483/6483 6484/6484 6485/6485
f 6485/6485 6484/6484 6486/6486
f 6485/6485 6486/6486 6487/6487
f 6487/6487 6486/6486 6488/6488
f 6487/6487 6488/6488 6489/6489
f 6489/6489 6488/6488 6490/6490
f 6489/6489 6490/6490 6491/6491
f 6491/6491 6490/6490 6492/6492
f 6491/6491 6492/6492 6493/6493
f 6493/6493 6492/6492 6494/6494
f 6493/6493 6494/6494 6495/6495
f 6495/6495 6494/6494 6496/6496
f 6495/6495 6496/6496 6469/6469
f 6469/6469 6496/6496 6470/6470
f 6497/6497 6498/6498 6499/6499
f 6500/6500 6501/6501 6502/6502
f 6500/6500 6502/6502 6503/6503
f 6503/6503 6502/6502 6504/6504
f 6503/6503 6504/6504 6505/6505
f 6505/6505 6504/6504 6506/6506
f 6505/6505 6506/6506 6507/6507
f 6507/6507 6506/6506 6508/6508
f 6507/6507 6508/6508 6509/6509
f 6509/6509 6508/6508 6510/6510
f 6509/6509 6510/6510 6511/6511
f 6511/6511 6510/6510 6512/6512
f 6511/6511 6512/6512 6513/6513
f 6513/6513 6512/6512 6514/6514
f 6513/6513 6514/6514 6515/6515
f 6515/6515 6514/6514 6516/6516
f 6515/6515 6516/6516 6517/6517
f 6517/6517 6516/6516 6518/6518
f 6517/6517 6518/6518 6519/6519
f 6519/6519 6518/6518 6520/6520
f 6519/6519 6520/6520 6521/6521
f 6521/6521 6520/6520 6522/6522
f 6521/6521 6522/6522 6523/6523
f 6523/6523 6522/6522 6524/6524
f 6523/6523 6524/6524 6497/6497
f 6497/6497 6524/6524 6498/6498
f 6525/6525 6526/6526 6527/6527
f 6528/6528 6529/6529 6530/6530
f 6528/6528 6530/6530 6531/6531
f 6531/6531 6530/6530 6532/6532
f 6531/6531 6532/6532 6533/6533
f 6533/6533 6532/6532 6534/6534
f 6533/6533 6534/6534 6535/6535
f 6535/6535 6534/6534 6536/6536
f 6535/6535 6536/6536 6537/6537
f 6537/6537 6536/6536 6538/6538
f 6537/6537 6538/6538 6539/6539
f 6539/6539 6538/6538 6540/6540
f 6539/6539 6540/6540 6541/6541
f 6541/6541 6540/6540 6542/6542
f 6541/6541 6542/6542 6543/6543
f 6543/6543 6542/6542 6544/6544
f 6543/6543 6544/6544 6545/6545
f 6545/6545 6544/6544 6546/6546
f 6545/6545 6546/6546 6547/6547
f 6547/6547 6546/6546 6548/6548
f 6547/6547 6548/6548 6549/6549
f 6549/6549 6548/6548 6550/6550
f 6549/6549 6550/6550 6551/6551
f 6551/6551 6550/6550 6552/6552
f 6551/6551 6552/6552 6525/6525
f 6525/6525 6552/6552 6526/6526
f 6553/6553 6554/6554 6555/6555
f 6555/6555 6554/6554 6556/6556
f 6555/6555 6556/6556 6557/6557
f 6557/6557 6556/6556 6558/6558
f 6557/6557 6558/6558 6559/6559
f 6559/6559 6558/6558 6560/6560
f 6559/6559 6560/6560 6561/6561
f 6559/6559 6561/6561 6562/6562
f 6562/6562 6561/6561 6563/6563
f 6562/6562 6563/6563 6564/6564
f 6564/6564 6565/6565 6562/6562
f 6562/6562 6565/6565 6566/6566
f 6562/6562 6566/6566 6567/6567
f 6567/6567 6566/6566 6568/6568
f 6567/6567 6568/6568 6569/6569
f 6567/6567 6569/6569 6570/6570
f 6570/6570 6569/6569 6571/6571
f 6570/6570 6571/6571 6572/6572
f 6570/6570 6572/6572 6573/6573
f 6574/6574 6575/6575 6576/6576
f 6574/6574 6576/6576 6577/6577
f 6577/6577 6576/6576 6578/6578
f 6577/6577 6578/6578 6579/6579
f 6577/6577 6579/6579 6580/6580
f 6580/6580 6579/6579 6581/6581
f 6580/6580 6581/6581 6582/6582
f 6580/6580 6582/6582 6583/6583
f 6583/6583 6582/6582 6584/6584
f 6583/6583 6584/6584 6585/6585
f 6585/6585 6586/6586 6583/6583
f 6583/6583 6586/6586 6587/6587
f 6583/6583 6587/6587 6588/6588
f 6588/6588 6587/6587 6589/6589
f 6588/6588 6589/6589 6590/6590
f 6590/6590 6591/6591 6588/6588
f 6588/6588 6591/6591 6592/6592
f 6592/6592 6591/6591 6553/6553
f 6592/6592 6553/6553 6555/6555
f 6593/6593 6594/6594 6595/6595
f 6595/6595 6594/6594 6596/6596
f 6595/6595 6596/6596 6597/6597
f 6597/6597 6596/6596 6598/6598
f 6597/6597 6598/6598 6599/6599
f 6599/6599 6598/6598 6600/6600
f 6599/6599 6600/6600 6601/6601
f 6601/6601 6602/6602 6599/6599
f 6599/6599 6602/6602 6603/6603
f 6603/6603 6602/6602 6604/6604
f 6603/6603 6604/6604 6605/6605
f 6605/6605 6606/6606 6603/6603
f 6603/6603 6606/6606 6607/6607
f 6603/6603 6607/6607 6608/6608
f 6608/6608 6607/6607 6609/6609
f 6608/6608 6609/6609 6610/6610
f 6608/6608 6610/6610 6611/6611
f 6611/6611 6610/6610 6612/6612
f 6611/6611 6612/6612 6613/6613
f 6613/6613 6612/6612 6614/6614
f 6615/6615 6616/6616 6617/6617
f 6615/6615 6617/6617 6618/6618
f 6618/6618 6617/6617 6619/6619
f 6618/6618 6619/6619 6620/6620
f 6620/6620 6619/6619 6621/6621
f 6620/6620 6621/6621 6622/6622
f 6620/6620 6622/6622 6623/6623
f 6623/6623 6622/6622 6624/6624
f 6623/6623 6624/6624 6625/6625
f 6625/6625 6626/6626 6623/6623
f 6623/6623 6626/6626 6627/6627
f 6623/6623 6627/6627 6628/6628
f 6628/6628 6627/6627 6629/6629
f 6628/6628 6629/6629 6630/6630
f 6628/6628 6630/6630 6631/6631
f 6631/6631 6630/6630 6632/6632
f 6631/6631 6632/6632 6593/6593
f 6631/6631 6593/6593 6595/6595
f 6633/6633 6634/6634 6635/6635
f 6635/6635 6634/6634 6636/6636
f 6635/6635 6636/6636 6637/6637
f 6637/6637 6636/6636 6638/6638
f 6637/6637 6638/6638 6639/6639
f 6639/6639 6638/6638 6640/6640
f 6639/6639 6640/6640 6641/6641
f 6633/6633 6642/6642 6634/6634
f 6634/6634 6642/6642 6643/6643
f 6639/6639 6641/6641 6644/6644
f 6644/6644 6641/6641 6645/6645
f 6644/6644 6645/6645 6646/6646
f 6646/6646 6645/6645 6647/6647
f 6647/6647 6645/6645 6648/6648
f 6637/6637 6639/6639 6649/6649
f 6649/6649 6639/6639 6650/6650
f 6649/6649 6650/6650 6651/6651
f 6651/6651 6650/6650 6652/6652
f 6651/6651 6652/6652 6653/6653
f 6653/6653 6652/6652 6654/6654
f 6655/6655 6656/6656 6657/6657
f 6657/6657 6656/6656 6658/6658
f 6657/6657 6658/6658 6659/6659
f 6659/6659 6658/6658 6660/6660
f 6659/6659 6660/6660 6661/6661
f 6661/6661 6660/6660 6662/6662
f 6661/6661 6662/6662 6663/6663
f 6664/6664 6665/6665 6663/6663
f 6663/6663 6665/6665 6661/6661
f 6665/6665 6666/6666 6661/6661
f 6667/6667 6668/6668 6669/6669
f 6669/6669 6668/6668 6670/6670
f 6669/6669 6670/6670 6671/6671
f 6671/6671 6670/6670 6672/6672
f 6671/6671 6672/6672 6673/6673
f 6673/6673 6672/6672 6674/6674
f 6673/6673 6674/6674 6675/6675
f 6675/6675 6674/6674 6676/6676
f 6675/6675 6676/6676 6677/6677
f 6677/6677 6676/6676 6678/6678
f 6678/6678 6676/6676 6679/6679
f 6678/6678 6679/6679 6680/6680
f 6680/6680 6679/6679 6681/6681
f 6680/6680 6681/6681 6682/6682
f 6682/6682 6681/6681 6683/6683
f 6682/6682 6683/6683 6684/6684
f 6684/6684 6683/6683 6685/6685
f 6684/6684 6685/6685 6686/6686
f 6686/6686 6685/6685 6687/6687
f 6686/6686 6687/6687 6688/6688
f 6668/6668 6667/6667 6689/6689
f 6689/6689 6667/6667 6690/6690
f 6689/6689 6690/6690 6691/6691
f 6691/6691 6690/6690 6692/6692
f 6693/6693 6694/6694 6695/6695
f 6695/6695 6694/6694 6696/6696
f 6695/6695 6696/6696 6697/6697
f 6694/6694 6698/6698 6696/6696
f 6697/6697 6699/6699 6695/6695
f 6695/6695 6699/6699 6700/6700
f 6700/6700 6699/6699 6701/6701
f 6700/6700 6701/6701 6702/6702
f 6702/6702 6701/6701 6703/6703
f 6702/6702 6703/6703 6704/6704
f 6705/6705 6706/6706 6707/6707
f 6707/6707 6706/6706 6708/6708
f 6707/6707 6708/6708 6709/6709
f 6709/6709 6708/6708 6710/6710
f 6709/6709 6710/6710 6711/6711
f 6711/6711 6710/6710 6712/6712
f 6711/6711 6712/6712 6713/6713
f 6713/6713 6712/6712 6714/6714
f 6713/6713 6714/6714 6715/6715
f 6715/6715 6714/6714 6716/6716
f 6716/6716 6714/6714 6717/6717
f 6716/6716 6717/6717 6718/6718
f 6719/6719 6720/6720 6721/6721
f 6721/6721 6720/6720 6722/6722
f 6721/6721 6722/6722 6723/6723
f 6723/6723 6722/6722 6724/6724
f 6723/6723 6724/6724 6725/6725
f 6725/6725 6724/6724 6726/6726
f 6725/6725 6726/6726 6727/6727
f 6727/6727 6726/6726 6728/6728
f 6727/6727 6728/6728 6729/6729
f 6729/6729 6728/6728 6730/6730
f 6729/6729 6730/6730 6731/6731
f 6731/6731 6730/6730 6732/6732
f 6731/6731 6732/6732 6733/6733
f 6733/6733 6732/6732 6734/6734
f 6735/6735 6736/6736 6737/6737
f 6737/6737 6736/6736 6738/6738
f 6738/6738 6736/6736 6739/6739
f 6738/6738 6739/6739 6740/6740
f 6740/6740 6739/6739 6741/6741
f 6740/6740 6741/6741 6742/6742
f 6742/6742 6741/6741 6743/6743
f 6742/6742 6743/6743 6744/6744
f 6744/6744 6743/6743 6745/6745
f 6744/6744 6745/6745 6746/6746
f 6747/6747 6748/6748 6746/6746
f 6746/6746 6748/6748 6744/6744
f 6749/6749 6750/6750 6751/6751
f 6751/6751 6750/6750 6752/6752
f 6753/6753 6754/6754 6755/6755
f 6755/6755 6754/6754 6756/6756
f 6755/6755 6756/6756 6757/6757
f 6757/6757 6756/6756 6758/6758
f 6758/6758 6756/6756 6759/6759
f 6760/6760 6761/6761 6753/6753
f 6753/6753 6761/6761 6762/6762
f 6753/6753 6762/6762 6754/6754
f 6754/6754 6762/6762 6763/6763
f 6763/6763 6762/6762 6764/6764
f 6763/6763 6764/6764 6765/6765
f 6765/6765 6764/6764 6766/6766
f 6765/6765 6766/6766 6767/6767
f 6767/6767 6766/6766 6768/6768
f 6767/6767 6768/6768 6769/6769
f 6769/6769 6768/6768 6770/6770
f 6770/6770 6768/6768 6771/6771
f 6771/6771 6768/6768 6772/6772
f 6772/6772 6768/6768 6773/6773
f 6772/6772 6773/6773 6774/6774
f 6774/6774 6773/6773 6775/6775
f 6775/6775 6773/6773 6776/6776
f 6776/6776 6773/6773 6777/6777
f 6760/6760 6778/6778 6761/6761
f 6761/6761 6778/6778 6779/6779
f 6769/6769 6780/6780 6767/6767
f 6767/6767 6780/6780 6781/6781
f 6767/6767 6781/6781 6782/6782
f 6782/6782 6781/6781 6783/6783
f 6782/6782 6783/6783 6784/6784
f 6784/6784 6785/6785 6782/6782
f 6782/6782 6785/6785 6786/6786
f 6787/6787 6788/6788 6789/6789
f 6789/6789 6788/6788 6790/6790
f 6789/6789 6790/6790 6791/6791
f 6791/6791 6790/6790 6792/6792
f 6792/6792 6790/6790 6793/6793
f 6792/6792 6793/6793 6794/6794
f 6788/6788 6787/6787 6795/6795
f 6795/6795 6787/6787 6796/6796
f 6795/6795 6796/6796 6797/6797
f 6797/6797 6796/6796 6798/6798
f 6799/6799 6800/6800 6801/6801
f 6801/6801 6800/6800 6802/6802
f 6801/6801 6802/6802 6803/6803
f 6803/6803 6802/6802 6804/6804
f 6803/6803 6804/6804 6805/6805
f 6805/6805 6804/6804 6806/6806
f 6805/6805 6806/6806 6807/6807
f 6799/6799 6808/6808 6800/6800
f 6800/6800 6808/6808 6809/6809
f 6809/6809 6808/6808 6810/6810
f 6811/6811 6812/6812 6813/6813
f 6813/6813 6812/6812 6814/6814
f 6813/6813 6814/6814 6815/6815
f 6815/6815 6814/6814 6816/6816
f 6815/6815 6816/6816 6817/6817
f 6817/6817 6816/6816 6818/6818
f 6817/6817 6818/6818 6819/6819
f 6811/6811 6820/6820 6812/6812
f 6812/6812 6820/6820 6821/6821
f 6821/6821 6820/6820 6822/6822
f 6823/6823 6824/6824 6825/6825
f 6825/6825 6824/6824 6826/6826
f 6825/6825 6826/6826 6827/6827
f 6827/6827 6826/6826 6828/6828
f 6828/6828 6826/6826 6829/6829
f 6828/6828 6829/6829 6830/6830
f 6824/6824 6823/6823 6831/6831
f 6831/6831 6823/6823 6832/6832
f 6831/6831 6832/6832 6833/6833
f 6833/6833 6832/6832 6834/6834

