mtllib material.mtl
usemtl material_0
v -0.05089294 -0.00485998 -0.00340002
v -0.04985594 -0.00221097 0.01404602
v -0.05112498 0.00000000 -0.00340002
v -0.04985594 0.00221097 0.01404602
v -0.05089294 0.00485998 -0.00340002
v -0.04946398 0.00661498 0.01404602
v -0.05020099 0.00967497 -0.00340002
v -0.04868495 0.01096695 0.01404602
v -0.04877996 0.01100999 0.01258106
v -0.04946398 -0.00661498 0.01404602
v -0.05020099 -0.00967497 -0.00340002
v -0.04868495 -0.01096695 0.01404602
v -0.04877996 -0.01100999 0.01258106
v -0.04887497 -0.01105397 0.01111502
v -0.04896998 -0.01109898 0.00965006
v -0.04905396 -0.01440298 -0.00340002
v -0.04785197 -0.01521199 0.00965006
v -0.04746198 -0.01900094 -0.00340002
v -0.04638999 -0.01921498 0.00965006
v -0.04544097 -0.02342694 -0.00340002
v -0.04459297 -0.02307999 0.00965006
v -0.04247498 -0.02677899 0.00965006
v -0.04300898 -0.02763998 -0.00340002
v -0.04237598 -0.02674394 0.01111502
v -0.04227799 -0.02670699 0.01258106
v -0.04218000 -0.02666997 0.01404602
v -0.03965395 -0.03029894 0.01404602
v -0.04018700 -0.03160297 -0.00340002
v -0.03681600 -0.03368997 0.01404602
v -0.03700095 -0.03527998 -0.00340002
v -0.03368997 -0.03681600 0.01404602
v -0.03347897 -0.03863698 -0.00340002
v -0.03029894 -0.03965395 0.01404602
v -0.02965497 -0.04164499 -0.00340002
v -0.02666997 -0.04218000 0.01404602
v -0.02670699 -0.04227799 0.01258106
v -0.02674394 -0.04237598 0.01111502
v -0.02677899 -0.04247498 0.00965006
v -0.02556198 -0.04427498 -0.00340002
v -0.02307999 -0.04459297 0.00965006
v -0.02123796 -0.04650497 -0.00340002
v -0.01921498 -0.04638999 0.00965006
v -0.01672095 -0.04831296 -0.00340002
v -0.01521199 -0.04785197 0.00965006
v -0.01205295 -0.04968297 -0.00340002
v -0.01109898 -0.04896998 0.00965006
v -0.00727600 -0.05060398 -0.00340002
v -0.01105397 -0.04887497 0.01111502
v -0.01100999 -0.04877996 0.01258106
v -0.01096695 -0.04868495 0.01404602
v -0.00661498 -0.04946398 0.01404602
v -0.00243294 -0.05106699 -0.00340002
v -0.00221097 -0.04985594 0.01404602
v 0.00243294 -0.05106699 -0.00340002
v 0.00221097 -0.04985594 0.01404602
v 0.00661498 -0.04946398 0.01404602
v 0.00727600 -0.05060398 -0.00340002
v 0.01100999 -0.04877996 0.01258106
v 0.01105397 -0.04887497 0.01111502
v 0.01109898 -0.04896998 0.00965006
v 0.01205295 -0.04968297 -0.00340002
v 0.01521199 -0.04785197 0.00965006
v 0.01672095 -0.04831296 -0.00340002
v 0.01921498 -0.04638999 0.00965006
v 0.02123796 -0.04650497 -0.00340002
v 0.02307999 -0.04459297 0.00965006
v 0.02556198 -0.04427498 -0.00340002
v 0.02677899 -0.04247498 0.00965006
v 0.02965497 -0.04164499 -0.00340002
v 0.02674394 -0.04237598 0.01111502
v 0.02670699 -0.04227799 0.01258106
v 0.02666997 -0.04218000 0.01404602
v 0.03029894 -0.03965395 0.01404602
v 0.03347897 -0.03863698 -0.00340002
v 0.03368997 -0.03681600 0.01404602
v 0.03700095 -0.03527998 -0.00340002
v 0.03681600 -0.03368997 0.01404602
v 0.04018700 -0.03160297 -0.00340002
v 0.03965395 -0.03029894 0.01404602
v 0.04300898 -0.02763998 -0.00340002
v 0.04218000 -0.02666997 0.01404602
v 0.04227799 -0.02670699 0.01258106
v 0.04237598 -0.02674394 0.01111502
v 0.04247498 -0.02677899 0.00965006
v 0.04544097 -0.02342694 -0.00340002
v 0.04459297 -0.02307999 0.00965006
v 0.04638999 -0.01921498 0.00965006
v 0.04746198 -0.01900094 -0.00340002
v 0.04785197 -0.01521199 0.00965006
v 0.04905396 -0.01440298 -0.00340002
v 0.04896998 -0.01109898 0.00965006
v 0.05020099 -0.00967497 -0.00340002
v 0.04887497 -0.01105397 0.01111502
v 0.04877996 -0.01100999 0.01258106
v 0.04868495 -0.01096695 0.01404602
v 0.04946398 -0.00661498 0.01404602
v 0.05089294 -0.00485998 -0.00340002
v 0.04985594 -0.00221097 0.01404602
v 0.05112498 0.00000000 -0.00340002
v 0.04985594 0.00221097 0.01404602
v 0.04985594 0.00221097 0.01404602
v 0.05112498 0.00000000 -0.00340002
v 0.05089294 0.00485998 -0.00340002
v 0.04946398 0.00661498 0.01404602
v 0.05020099 0.00967497 -0.00340002
v 0.04877996 0.01100999 0.01258106
v 0.04887497 0.01105397 0.01111502
v 0.04896998 0.01109898 0.00965006
v 0.04905396 0.01440298 -0.00340002
v 0.04785197 0.01521199 0.00965006
v 0.04746198 0.01900094 -0.00340002
v 0.04638999 0.01921498 0.00965006
v 0.04544097 0.02342694 -0.00340002
v 0.04459297 0.02307999 0.00965006
v 0.04247498 0.02677899 0.00965006
v 0.04300898 0.02763998 -0.00340002
v 0.04237598 0.02674394 0.01111502
v 0.04227799 0.02670699 0.01258106
v 0.04218000 0.02666997 0.01404602
v 0.03965395 0.03029894 0.01404602
v 0.04018700 0.03160297 -0.00340002
v 0.03681600 0.03368997 0.01404602
v 0.03700095 0.03527998 -0.00340002
v 0.03368997 0.03681600 0.01404602
v 0.03347897 0.03863698 -0.00340002
v 0.03029894 0.03965395 0.01404602
v 0.02965497 0.04164499 -0.00340002
v 0.02670699 0.04227799 0.01258106
v 0.02674394 0.04237598 0.01111502
v 0.02677899 0.04247498 0.00965006
v 0.02556198 0.04427498 -0.00340002
v 0.02307999 0.04459297 0.00965006
v 0.02123796 0.04650497 -0.00340002
v 0.01921498 0.04638999 0.00965006
v 0.01672095 0.04831296 -0.00340002
v 0.01521199 0.04785197 0.00965006
v 0.01205295 0.04968297 -0.00340002
v 0.01109898 0.04896998 0.00965006
v 0.00727600 0.05060398 -0.00340002
v 0.01105397 0.04887497 0.01111502
v 0.01100999 0.04877996 0.01258106
v 0.01096695 0.04868495 0.01404602
v 0.00661498 0.04946398 0.01404602
v 0.00243294 0.05106699 -0.00340002
v 0.00221097 0.04985594 0.01404602
v -0.00243294 0.05106699 -0.00340002
v -0.00221097 0.04985594 0.01404602
v -0.00661498 0.04946398 0.01404602
v -0.00727600 0.05060398 -0.00340002
v -0.01100999 0.04877996 0.01258106
v -0.01105397 0.04887497 0.01111502
v -0.01109898 0.04896998 0.00965006
v -0.01205295 0.04968297 -0.00340002
v -0.01521199 0.04785197 0.00965006
v -0.01672095 0.04831296 -0.00340002
v -0.01921498 0.04638999 0.00965006
v -0.02123796 0.04650497 -0.00340002
v -0.02307999 0.04459297 0.00965006
v -0.02556198 0.04427498 -0.00340002
v -0.02677899 0.04247498 0.00965006
v -0.02965497 0.04164499 -0.00340002
v -0.02674394 0.04237598 0.01111502
v -0.02670699 0.04227799 0.01258106
v -0.02666997 0.04218000 0.01404602
v -0.03029894 0.03965395 0.01404602
v -0.03347897 0.03863698 -0.00340002
v -0.03368997 0.03681600 0.01404602
v -0.03700095 0.03527998 -0.00340002
v -0.03681600 0.03368997 0.01404602
v -0.04018700 0.03160297 -0.00340002
v -0.03965395 0.03029894 0.01404602
v -0.04300898 0.02763998 -0.00340002
v -0.04218000 0.02666997 0.01404602
v -0.04227799 0.02670699 0.01258106
v -0.04237598 0.02674394 0.01111502
v -0.04247498 0.02677899 0.00965006
v -0.04544097 0.02342694 -0.00340002
v -0.04459297 0.02307999 0.00965006
v -0.04638999 0.01921498 0.00965006
v -0.04746198 0.01900094 -0.00340002
v -0.04785197 0.01521199 0.00965006
v -0.04905396 0.01440298 -0.00340002
v -0.04896998 0.01109898 0.00965006
v -0.04887497 0.01105397 0.01111502
v -0.01096695 0.04868495 0.01404602
v 0.02666997 0.04218000 0.01404602
v 0.04868495 0.01096695 0.01404602
v 0.01096695 -0.04868495 0.01404602
v -0.03470498 0.00405598 0.02799994
v -0.03738695 0.00180799 0.02779204
v -0.03494095 0.00000000 0.02799994
v -0.03738695 -0.00180799 0.02779204
v -0.03470498 -0.00405598 0.02799994
v -0.03703796 -0.00540799 0.02779204
v -0.03399896 -0.00805795 0.02799994
v -0.03634095 -0.00896597 0.02779204
v -0.03530895 -0.01242399 0.02779204
v -0.03868997 -0.00955498 0.02717299
v -0.03759294 -0.01322698 0.02717299
v -0.03891599 -0.01310598 0.02669401
v -0.03816199 -0.01409095 0.02685899
v -0.03703796 0.00540799 0.02779204
v -0.03399896 0.00805795 0.02799994
v -0.03634297 0.00895798 0.02779204
v -0.03530895 0.01242399 0.02779204
v -0.03759294 0.01322698 0.02717299
v -0.03614097 0.01679396 0.02717299
v -0.03728598 0.01583498 0.02692801
v -0.03694796 0.01702100 0.02685899
v -0.03678494 0.01825100 0.02669401
v -0.03435099 0.02020299 0.02717299
v -0.03680098 0.01947999 0.02642197
v -0.03632098 0.02136194 0.02616102
v -0.03699100 0.02067500 0.02602798
v -0.03733098 0.02178895 0.02550501
v -0.03408896 0.02476698 0.02616102
v -0.03577595 0.02599298 0.02478403
v -0.03309994 0.02932399 0.02478403
v -0.03446799 0.03053599 0.02308006
v -0.03135997 0.03371995 0.02308006
v -0.03239500 0.03483295 0.02109606
v -0.02795898 0.03658998 0.02308006
v -0.02888095 0.03779697 0.02109606
v -0.02531599 0.03986895 0.02160496
v -0.02572798 0.04041397 0.02053995
v -0.03283399 0.01195096 0.02799994
v -0.03394496 0.01577395 0.02779204
v -0.03122496 0.01568198 0.02799994
v -0.03226494 0.01897597 0.02779204
v -0.03224098 0.02342396 0.02717299
v -0.03153997 0.02794200 0.02616102
v -0.03011596 0.03238195 0.02478403
v -0.02684897 0.03513795 0.02478403
v -0.02419799 0.03874397 0.02347297
v -0.02480494 0.03930300 0.02258903
v -0.02919298 0.01919996 0.02799994
v -0.03028196 0.02200096 0.02779204
v -0.02982997 0.02642697 0.02717299
v -0.02869600 0.03085500 0.02616102
v -0.02558398 0.03348100 0.02616102
v -0.02223294 0.03579396 0.02616102
v -0.02333295 0.03756499 0.02478403
v -0.02180099 0.03733599 0.02549905
v -0.02269697 0.03774100 0.02492506
v -0.02676600 0.02245998 0.02799994
v -0.02801799 0.02482098 0.02779204
v -0.02713996 0.02918195 0.02717299
v -0.02419596 0.03166598 0.02717299
v -0.02102798 0.03385299 0.02717299
v -0.01973795 0.03682798 0.02634901
v -0.02081197 0.03702396 0.02597196
v -0.02397799 0.02541500 0.02799994
v -0.02549099 0.02740997 0.02779204
v -0.02272695 0.02974200 0.02779204
v -0.01974999 0.03179699 0.02779204
v -0.01766198 0.03572499 0.02717299
v -0.01861196 0.03677099 0.02662606
v -0.01745694 0.03686898 0.02681095
v -0.01629996 0.03713095 0.02691097
v -0.01413196 0.03726196 0.02717299
v -0.01516795 0.03756195 0.02692801
v -0.01409095 0.03816199 0.02685899
v -0.01310598 0.03891599 0.02669401
v -0.01046895 0.03845196 0.02717299
v -0.01224797 0.03979694 0.02642197
v -0.01106995 0.04065698 0.02616102
v -0.01153695 0.04077595 0.02602798
v -0.01098996 0.04180395 0.02550501
v -0.00709397 0.04153496 0.02616102
v -0.00744498 0.04359096 0.02478403
v -0.00320297 0.04410594 0.02478403
v -0.00333595 0.04592800 0.02308006
v 0.00111300 0.04603600 0.02308006
v 0.00114900 0.04755496 0.02109606
v 0.00573397 0.04722195 0.02109606
v 0.00587499 0.04838198 0.01888794
v 0.01030194 0.04643899 0.02109606
v 0.01055598 0.04758000 0.01888794
v 0.01051098 0.04735499 0.01939995
v 0.01064997 0.04784399 0.01818997
v -0.02086496 0.02802699 0.02799994
v -0.01747095 0.03025996 0.02799994
v -0.01658898 0.03355395 0.02779204
v -0.01383894 0.03208297 0.02799994
v -0.01327300 0.03499895 0.02779204
v -0.01002097 0.03347295 0.02799994
v -0.00983298 0.03611600 0.02779204
v -0.00606698 0.03440999 0.02799994
v -0.00630200 0.03689700 0.02779204
v -0.00271100 0.03733295 0.02779204
v -0.00288695 0.03974699 0.02717299
v 0.00096300 0.03983998 0.02717299
v 0.00101799 0.04212498 0.02616102
v 0.00507897 0.04183000 0.02616102
v 0.00532997 0.04389899 0.02478403
v 0.00910896 0.04113996 0.02616102
v 0.00956595 0.04317498 0.02478403
v 0.01098495 0.04181599 0.02549905
v 0.01063799 0.04273599 0.02492506
v -0.00203198 0.03488194 0.02799994
v 0.00090400 0.03741997 0.02779204
v 0.00480396 0.03956198 0.02717299
v 0.00860995 0.03891098 0.02717299
v 0.01208394 0.03999799 0.02634901
v 0.01146298 0.04089599 0.02597196
v 0.00203198 0.03488194 0.02799994
v 0.00451195 0.03715795 0.02779204
v 0.00808197 0.03654795 0.02779204
v 0.01156699 0.03559899 0.02779204
v 0.01231497 0.03790199 0.02717299
v 0.01591598 0.03653597 0.02717299
v 0.01472997 0.03778195 0.02691097
v 0.01583498 0.03728598 0.02692801
v 0.01702100 0.03694796 0.02685899
v 0.01936697 0.03482896 0.02717299
v 0.01825100 0.03678494 0.02669401
v 0.01947999 0.03680098 0.02642197
v 0.02047795 0.03682595 0.02616102
v 0.02067500 0.03699100 0.02602798
v 0.02178895 0.03733098 0.02550501
v 0.02393597 0.03467798 0.02616102
v 0.02512097 0.03639400 0.02478403
v 0.02851599 0.03379899 0.02478403
v 0.02969497 0.03519594 0.02308006
v 0.03295296 0.03216600 0.02308006
v 0.03403997 0.03322696 0.02109606
v 0.03708797 0.02978700 0.02109606
v 0.03799897 0.03051894 0.01888794
v 0.04076695 0.02670896 0.01888794
v 0.04142498 0.02713894 0.01651604
v 0.04136198 0.02629995 0.01818997
v 0.04173099 0.02647995 0.01690597
v 0.00606698 0.03440999 0.02799994
v 0.01002097 0.03347295 0.02799994
v 0.01383894 0.03208297 0.02799994
v 0.01494896 0.03431695 0.02779204
v 0.01819097 0.03271394 0.02779204
v 0.01747095 0.03025996 0.02799994
v 0.02126300 0.03080499 0.02779204
v 0.02086496 0.02802699 0.02799994
v 0.02413696 0.02860897 0.02779204
v 0.02397799 0.02541500 0.02799994
v 0.02678596 0.02614599 0.02779204
v 0.02676600 0.02245998 0.02799994
v 0.02918398 0.02343899 0.02779204
v 0.02919298 0.01919996 0.02799994
v 0.03130996 0.02051299 0.02779204
v 0.03314399 0.01739495 0.02779204
v 0.03528696 0.01851999 0.02717299
v 0.03690999 0.01502799 0.02717299
v 0.03713095 0.01629996 0.02691097
v 0.03756195 0.01516795 0.02692801
v 0.03816199 0.01409095 0.02685899
v 0.03818798 0.01139599 0.02717299
v 0.03891599 0.01310598 0.02669401
v 0.03979694 0.01224797 0.02642197
v 0.03911000 0.00765699 0.02717299
v 0.04135197 0.00809598 0.02616102
v 0.04193997 0.00406694 0.02616102
v 0.04401499 0.00426799 0.02478403
v 0.04422199 0.00000000 0.02478403
v 0.04604899 0.00000000 0.02308006
v 0.04604899 0.00000000 0.02308006
v 0.04422199 0.00000000 0.02478403
v 0.04583400 -0.00444394 0.02308006
v 0.04734599 -0.00459099 0.02109606
v 0.04668200 -0.00913900 0.02109606
v 0.04782897 -0.00936395 0.01888794
v 0.04676896 -0.01038396 0.02053995
v 0.04735499 -0.01051098 0.01939995
v 0.03122496 0.01568198 0.02799994
v 0.03466796 0.01411497 0.02779204
v 0.03283399 0.01195096 0.02799994
v 0.03586798 0.01070296 0.02779204
v 0.03399896 0.00805795 0.02799994
v 0.03673398 0.00719196 0.02779204
v 0.03966599 0.00384599 0.02717299
v 0.04213696 0.00000000 0.02616102
v 0.04213696 0.00000000 0.02616102
v 0.04401499 -0.00426799 0.02478403
v 0.04519098 -0.00884700 0.02308006
v 0.04609298 -0.01029098 0.02160496
v 0.03470498 0.00405598 0.02799994
v 0.03725600 0.00361299 0.02779204
v 0.03985196 0.00000000 0.02717299
v 0.03985196 0.00000000 0.02717299
v 0.04193997 -0.00406694 0.02616102
v 0.04339796 -0.00849599 0.02478403
v 0.04450696 -0.01028597 0.02347297
v 0.04533100 -0.01025199 0.02258903
v 0.03494095 0.00000000 0.02799994
v 0.03743100 0.00000000 0.02779204
v 0.03743100 0.00000000 0.02779204
v 0.03966599 -0.00384599 0.02717299
v 0.04135197 -0.00809598 0.02616102
v 0.04181599 -0.01098495 0.02549905
v 0.04273599 -0.01063799 0.02492506
v 0.03494095 0.00000000 0.02799994
v 0.03725600 -0.00361299 0.02779204
v 0.03470498 -0.00405598 0.02799994
v 0.03673398 -0.00719196 0.02779204
v 0.03399896 -0.00805795 0.02799994
v 0.03586798 -0.01070296 0.02779204
v 0.03283399 -0.01195096 0.02799994
v 0.03466796 -0.01411497 0.02779204
v 0.03122496 -0.01568198 0.02799994
v 0.03314399 -0.01739495 0.02779204
v 0.02919298 -0.01919996 0.02799994
v 0.03130996 -0.02051299 0.02779204
v 0.02918398 -0.02343899 0.02779204
v 0.03107196 -0.02495497 0.02717299
v 0.02851796 -0.02783697 0.02717299
v 0.03015297 -0.02943295 0.02616102
v 0.02717196 -0.03220599 0.02616102
v 0.02851599 -0.03379899 0.02478403
v 0.02512097 -0.03639400 0.02478403
v 0.02615898 -0.03789800 0.02308006
v 0.02419799 -0.03874397 0.02347297
v 0.02480494 -0.03930300 0.02258903
v 0.02676600 -0.02245998 0.02799994
v 0.02678596 -0.02614599 0.02779204
v 0.02569800 -0.03046000 0.02717299
v 0.02393597 -0.03467798 0.02616102
v 0.02180099 -0.03733599 0.02549905
v 0.02269697 -0.03774100 0.02492506
v 0.02397799 -0.02541500 0.02799994
v 0.02413696 -0.02860897 0.02779204
v 0.02263897 -0.03279799 0.02717299
v 0.02047795 -0.03682595 0.02616102
v 0.02081197 -0.03702396 0.02597196
v 0.01973795 -0.03682798 0.02634901
v 0.01936697 -0.03482896 0.02717299
v 0.01861196 -0.03677099 0.02662606
v 0.01745694 -0.03686898 0.02681095
v 0.01591598 -0.03653597 0.02717299
v 0.01629996 -0.03713095 0.02691097
v 0.01516795 -0.03756195 0.02692801
v 0.01409095 -0.03816199 0.02685899
v 0.01231497 -0.03790199 0.02717299
v 0.01310598 -0.03891599 0.02669401
v 0.01224797 -0.03979694 0.02642197
v 0.00860995 -0.03891098 0.02717299
v 0.00910795 -0.04114097 0.02616102
v 0.00507897 -0.04183000 0.02616102
v 0.00532997 -0.04389899 0.02478403
v 0.00106895 -0.04420900 0.02478403
v 0.00111300 -0.04603600 0.02308006
v -0.00333595 -0.04592800 0.02308006
v -0.00344598 -0.04744398 0.02109606
v -0.00800794 -0.04688894 0.02109606
v -0.00820500 -0.04804199 0.01888794
v -0.01038396 -0.04676896 0.02053995
v -0.01051098 -0.04735499 0.01939995
v 0.02086496 -0.02802699 0.02799994
v 0.02126300 -0.03080499 0.02779204
v 0.01747095 -0.03025996 0.02799994
v 0.01819097 -0.03271394 0.02779204
v 0.01383894 -0.03208297 0.02799994
v 0.01494896 -0.03431695 0.02779204
v 0.01156699 -0.03559899 0.02779204
v 0.01002097 -0.03347295 0.02799994
v 0.00808197 -0.03654795 0.02779204
v 0.00606698 -0.03440999 0.02799994
v 0.00451195 -0.03715795 0.02779204
v 0.00203198 -0.03488194 0.02799994
v 0.00090400 -0.03741997 0.02779204
v -0.00203198 -0.03488194 0.02799994
v -0.00271100 -0.03733295 0.02779204
v -0.00606698 -0.03440999 0.02799994
v -0.00630200 -0.03689700 0.02779204
v -0.00983298 -0.03611600 0.02779204
v -0.01046895 -0.03845196 0.02717299
v -0.01413196 -0.03726196 0.02717299
v -0.01372694 -0.03841400 0.02681095
v -0.01472997 -0.03778195 0.02691097
v -0.01583498 -0.03728598 0.02692801
v -0.01766198 -0.03572499 0.02717299
v -0.01702100 -0.03694796 0.02685899
v -0.01825100 -0.03678494 0.02669401
v -0.02102798 -0.03385299 0.02717299
v -0.01947999 -0.03680098 0.02642197
v -0.02223294 -0.03579396 0.02616102
v -0.02067500 -0.03699100 0.02602798
v -0.02178895 -0.03733098 0.02550501
v -0.02333295 -0.03756499 0.02478403
v -0.02280199 -0.03779697 0.02484698
v -0.02368199 -0.03834599 0.02406401
v -0.02684897 -0.03513795 0.02478403
v -0.02795898 -0.03658998 0.02308006
v -0.03135997 -0.03371995 0.02308006
v -0.03239500 -0.03483295 0.02109606
v -0.03560596 -0.03154397 0.02109606
v -0.03647994 -0.03231894 0.01888794
v -0.03942894 -0.02864700 0.01888794
v -0.04006499 -0.02910900 0.01651604
v -0.04136198 -0.02629995 0.01818997
v -0.04173099 -0.02647995 0.01690597
v -0.01002097 -0.03347295 0.02799994
v -0.01327300 -0.03499895 0.02779204
v -0.01383894 -0.03208297 0.02799994
v -0.01658898 -0.03355395 0.02779204
v -0.01747095 -0.03025996 0.02799994
v -0.01974999 -0.03179699 0.02779204
v -0.02419596 -0.03166598 0.02717299
v -0.02558398 -0.03348100 0.02616102
v -0.02869600 -0.03085500 0.02616102
v -0.03011596 -0.03238195 0.02478403
v -0.03309994 -0.02932399 0.02478403
v -0.03446799 -0.03053599 0.02308006
v -0.03725498 -0.02706700 0.02308006
v -0.03848397 -0.02796000 0.02109606
v -0.03986895 -0.02531599 0.02160496
v -0.04041397 -0.02572798 0.02053995
v -0.02086496 -0.02802699 0.02799994
v -0.02272695 -0.02974200 0.02779204
v -0.02713996 -0.02918195 0.02717299
v -0.03153997 -0.02794200 0.02616102
v -0.03577595 -0.02599298 0.02478403
v -0.03874397 -0.02419799 0.02347297
v -0.03930300 -0.02480494 0.02258903
v -0.02397799 -0.02541500 0.02799994
v -0.02549099 -0.02740997 0.02779204
v -0.02982997 -0.02642697 0.02717299
v -0.03408896 -0.02476698 0.02616102
v -0.03774100 -0.02269697 0.02492506
v -0.03821796 -0.02349597 0.02424998
v -0.02801799 -0.02482098 0.02779204
v -0.02676600 -0.02245998 0.02799994
v -0.03028196 -0.02200096 0.02779204
v -0.02919298 -0.01919996 0.02799994
v -0.03226494 -0.01897597 0.02779204
v -0.03122496 -0.01568198 0.02799994
v -0.03394496 -0.01577395 0.02779204
v -0.03283399 -0.01195096 0.02799994
v -0.04868495 0.01096695 0.01404602
v -0.04946398 0.00661498 0.01404602
v -0.04851895 0.01089495 0.01552195
v -0.04900395 0.00715595 0.01651604
v -0.04823297 0.01078397 0.01690597
v -0.04784399 0.01064997 0.01818997
v -0.04822599 0.00704199 0.01888794
v -0.04735499 0.01051098 0.01939995
v -0.04676896 0.01038396 0.02053995
v -0.04706895 0.00687295 0.02109606
v -0.04609298 0.01029098 0.02160496
v -0.04556596 0.00665396 0.02308006
v -0.04533100 0.01025199 0.02258903
v -0.04450696 0.01028597 0.02347297
v -0.04375797 0.00638998 0.02478403
v -0.04363799 0.01040995 0.02424998
v -0.04273599 0.01063799 0.02492506
v -0.04169499 0.00608796 0.02616102
v -0.04091197 0.01008397 0.02616102
v -0.03943395 0.00575799 0.02717299
v -0.03869396 0.00953698 0.02717299
v -0.04946500 0.00239295 0.01651604
v -0.04985594 0.00221097 0.01404602
v -0.04946500 -0.00239295 0.01651604
v -0.04985594 -0.00221097 0.01404602
v -0.04946398 -0.00661498 0.01404602
v -0.04868495 -0.01096695 0.01404602
v -0.04851895 -0.01089596 0.01552600
v -0.04900395 -0.00715595 0.01651604
v -0.04822599 -0.00704199 0.01888794
v -0.04867994 -0.00235498 0.01888794
v -0.04706895 -0.00687295 0.02109606
v -0.04751294 -0.00229800 0.02109606
v -0.04556596 -0.00665396 0.02308006
v -0.04599499 -0.00222498 0.02308006
v -0.04375797 -0.00638998 0.02478403
v -0.04416996 -0.00213695 0.02478403
v -0.04169499 -0.00608796 0.02616102
v -0.04208797 -0.00203597 0.02616102
v -0.03943395 -0.00575799 0.02717299
v -0.03980594 -0.00192499 0.02717299
v -0.04821395 -0.01077699 0.01697904
v -0.04777300 -0.01062798 0.01838500
v -0.04720097 -0.01047295 0.01972598
v -0.04649996 -0.01034098 0.02098901
v -0.04569995 -0.01026296 0.02213604
v -0.04481595 -0.01026397 0.02316005
v -0.04386097 -0.01036900 0.02406401
v -0.04284995 -0.01060295 0.02484698
v -0.04090499 -0.01011300 0.02616102
v -0.03979694 -0.01224797 0.02642197
v -0.04180395 -0.01098996 0.02550501
v -0.04077595 -0.01153695 0.02602798
v -0.03756195 -0.01516795 0.02692801
v -0.03614097 -0.01679396 0.02717299
v -0.03713095 -0.01629996 0.02691097
v -0.03686898 -0.01745694 0.02681095
v -0.03435099 -0.02020299 0.02717299
v -0.03677099 -0.01861196 0.02662606
v -0.03682798 -0.01973795 0.02634901
v -0.03632098 -0.02136194 0.02616102
v -0.03702396 -0.02081197 0.02597196
v -0.03733599 -0.02180099 0.02549905
v -0.04091697 -0.02605295 0.01939995
v -0.04201197 -0.02660495 0.01552195
v -0.03965395 -0.03029894 0.01404602
v -0.03706896 -0.03283995 0.01651604
v -0.03681600 -0.03368997 0.01404602
v -0.03372597 -0.03626400 0.01651604
v -0.03368997 -0.03681600 0.01404602
v -0.03006798 -0.03935098 0.01651604
v -0.03029894 -0.03965395 0.01404602
v -0.02660298 -0.04201197 0.01552600
v -0.02666997 -0.04218000 0.01404602
v -0.04218000 -0.02666997 0.01404602
v -0.02647095 -0.04171299 0.01697904
v -0.02626597 -0.04129600 0.01838500
v -0.02958995 -0.03872597 0.01888794
v -0.02596998 -0.04078197 0.01972598
v -0.02888095 -0.03779697 0.02109606
v -0.02556896 -0.04019296 0.02098901
v -0.02505797 -0.03957200 0.02213604
v -0.02443200 -0.03894698 0.02316005
v -0.01284098 -0.03916198 0.02662606
v -0.01208394 -0.03999799 0.02634901
v -0.01106995 -0.04065698 0.02616102
v -0.01146298 -0.04089599 0.02597196
v -0.01098495 -0.04181599 0.02549905
v -0.01063799 -0.04273599 0.02492506
v -0.00744498 -0.04359096 0.02478403
v -0.00709397 -0.04153496 0.02616102
v -0.00670898 -0.03928297 0.02717299
v -0.01040995 -0.04363799 0.02424998
v -0.01028597 -0.04450696 0.02347297
v -0.00775295 -0.04539197 0.02308006
v -0.01025199 -0.04533100 0.02258903
v -0.01029098 -0.04609298 0.02160496
v -0.01064997 -0.04784399 0.01818997
v -0.00833797 -0.04881596 0.01651604
v -0.00352996 -0.04860895 0.01888794
v -0.00358695 -0.04939299 0.01651604
v 0.00117797 -0.04872298 0.01888794
v 0.00119698 -0.04950898 0.01651604
v 0.00587499 -0.04838198 0.01888794
v 0.00596899 -0.04916197 0.01651604
v 0.01070398 -0.04835295 0.01651604
v 0.00661498 -0.04946398 0.01404602
v 0.01096695 -0.04868495 0.01404602
v -0.01078397 -0.04823297 0.01690597
v -0.01089495 -0.04851895 0.01552195
v -0.00661498 -0.04946398 0.01404602
v -0.01096695 -0.04868495 0.01404602
v -0.00221097 -0.04985594 0.01404602
v 0.00221097 -0.04985594 0.01404602
v 0.01089596 -0.04851895 0.01552600
v 0.01077699 -0.04821395 0.01697904
v 0.01062798 -0.04777300 0.01838500
v 0.01055097 -0.04758095 0.01888794
v 0.01047295 -0.04720097 0.01972598
v 0.01030099 -0.04644000 0.02109606
v 0.01034098 -0.04649996 0.02098901
v 0.01026296 -0.04569995 0.02213604
v 0.00996596 -0.04495799 0.02308006
v 0.01026397 -0.04481595 0.02316005
v 0.01036900 -0.04386097 0.02406401
v 0.00956499 -0.04317498 0.02478403
v 0.01060295 -0.04284995 0.02484698
v 0.01098996 -0.04180395 0.02550501
v 0.01153695 -0.04077595 0.02602798
v 0.02349597 -0.03821796 0.02424998
v 0.02531599 -0.03986895 0.02160496
v 0.02702200 -0.03914797 0.02109606
v 0.02969497 -0.03519594 0.02308006
v 0.03067398 -0.03635698 0.02109606
v 0.03295296 -0.03216600 0.02308006
v 0.03403997 -0.03322696 0.02109606
v 0.03590297 -0.02883499 0.02308006
v 0.03708797 -0.02978700 0.02109606
v 0.03851896 -0.02523595 0.02308006
v 0.03978997 -0.02606797 0.02109606
v 0.03957200 -0.02505797 0.02213604
v 0.04019296 -0.02556896 0.02098901
v 0.04078197 -0.02596998 0.01972598
v 0.04076695 -0.02670896 0.01888794
v 0.04129600 -0.02626597 0.01838500
v 0.04142498 -0.02713894 0.01651604
v 0.04171299 -0.02647095 0.01697904
v 0.04201197 -0.02660298 0.01552600
v 0.04218000 -0.02666997 0.01404602
v 0.03965395 -0.03029894 0.01404602
v 0.03861194 -0.03101098 0.01651604
v 0.03681600 -0.03368997 0.01404602
v 0.03543895 -0.03459298 0.01651604
v 0.03368997 -0.03681600 0.01404602
v 0.03193497 -0.03785097 0.01651604
v 0.03029894 -0.03965395 0.01404602
v 0.02813196 -0.04075700 0.01651604
v 0.02660495 -0.04201197 0.01552195
v 0.02647995 -0.04173099 0.01690597
v 0.02629995 -0.04136198 0.01818997
v 0.02768599 -0.04010999 0.01888794
v 0.02605295 -0.04091697 0.01939995
v 0.02572798 -0.04041397 0.02053995
v 0.02666997 -0.04218000 0.01404602
v 0.03894698 -0.02443200 0.02316005
v 0.03834599 -0.02368199 0.02406401
v 0.03698998 -0.02423399 0.02478403
v 0.03779697 -0.02280199 0.02484698
v 0.03733098 -0.02178895 0.02550501
v 0.03524595 -0.02309095 0.02616102
v 0.03699100 -0.02067500 0.02602798
v 0.03680098 -0.01947999 0.02642197
v 0.03678494 -0.01825100 0.02669401
v 0.03528696 -0.01851999 0.02717299
v 0.03333497 -0.02183896 0.02717299
v 0.03285294 -0.02638494 0.02616102
v 0.03447896 -0.02769094 0.02478403
v 0.03164499 -0.03088897 0.02478403
v 0.03694796 -0.01702100 0.02685899
v 0.03690999 -0.01502799 0.02717299
v 0.03728598 -0.01583498 0.02692801
v 0.03778195 -0.01472997 0.02691097
v 0.03818798 -0.01139599 0.02717299
v 0.03841400 -0.01372694 0.02681095
v 0.03916198 -0.01284098 0.02662606
v 0.03999799 -0.01208394 0.02634901
v 0.03911000 -0.00765699 0.02717299
v 0.04089599 -0.01146298 0.02597196
v 0.04363799 -0.01040995 0.02424998
v 0.04784399 -0.01064997 0.01818997
v 0.04860097 -0.00951499 0.01651604
v 0.04850995 -0.00470400 0.01888794
v 0.04929196 -0.00477999 0.01651604
v 0.04873698 0.00000000 0.01888794
v 0.04952299 0.00000000 0.01651604
v 0.04873698 0.00000000 0.01888794
v 0.04952299 0.00000000 0.01651604
v 0.04850995 0.00470400 0.01888794
v 0.04929196 0.00477999 0.01651604
v 0.04782897 0.00936395 0.01888794
v 0.04860097 0.00951499 0.01651604
v 0.04777300 0.01062798 0.01838500
v 0.04821395 0.01077699 0.01697904
v 0.04851895 0.01089596 0.01552600
v 0.04868495 0.01096695 0.01404602
v 0.04946398 0.00661498 0.01404602
v 0.04985594 0.00221097 0.01404602
v 0.04985594 -0.00221097 0.01404602
v 0.04985594 -0.00221097 0.01404602
v 0.04946398 -0.00661498 0.01404602
v 0.04851895 -0.01089495 0.01552195
v 0.04823297 -0.01078397 0.01690597
v 0.04868495 -0.01096695 0.01404602
v 0.04720097 0.01047295 0.01972598
v 0.04668200 0.00913900 0.02109606
v 0.04734599 0.00459099 0.02109606
v 0.04756796 0.00000000 0.02109606
v 0.04756796 0.00000000 0.02109606
v 0.04649996 0.01034098 0.02098901
v 0.04569995 0.01026296 0.02213604
v 0.04519098 0.00884700 0.02308006
v 0.04481595 0.01026397 0.02316005
v 0.04386097 0.01036900 0.02406401
v 0.04339796 0.00849599 0.02478403
v 0.04284995 0.01060295 0.02484698
v 0.04180395 0.01098996 0.02550501
v 0.04077595 0.01153695 0.02602798
v 0.03686898 0.01745694 0.02681095
v 0.03677099 0.01861196 0.02662606
v 0.03682798 0.01973795 0.02634901
v 0.03702396 0.02081197 0.02597196
v 0.03524595 0.02309095 0.02616102
v 0.03333497 0.02183896 0.02717299
v 0.03733599 0.02180099 0.02549905
v 0.03698998 0.02423399 0.02478403
v 0.03285294 0.02638494 0.02616102
v 0.03447896 0.02769094 0.02478403
v 0.03015297 0.02943295 0.02616102
v 0.03164499 0.03088897 0.02478403
v 0.02717196 0.03220599 0.02616102
v 0.03774100 0.02269697 0.02492506
v 0.03821796 0.02349597 0.02424998
v 0.03874397 0.02419799 0.02347297
v 0.03851896 0.02523595 0.02308006
v 0.03930300 0.02480494 0.02258903
v 0.03986895 0.02531599 0.02160496
v 0.03978997 0.02606797 0.02109606
v 0.04041397 0.02572798 0.02053995
v 0.04091697 0.02605295 0.01939995
v 0.04201197 0.02660495 0.01552195
v 0.03965395 0.03029894 0.01404602
v 0.03861194 0.03101098 0.01651604
v 0.03681600 0.03368997 0.01404602
v 0.03543895 0.03459298 0.01651604
v 0.03368997 0.03681600 0.01404602
v 0.03193497 0.03785097 0.01651604
v 0.03029894 0.03965395 0.01404602
v 0.02813196 0.04075700 0.01651604
v 0.02666997 0.04218000 0.01404602
v 0.02660298 0.04201197 0.01552600
v 0.04218000 0.02666997 0.01404602
v 0.02647095 0.04171299 0.01697904
v 0.02626597 0.04129600 0.01838500
v 0.02768599 0.04010999 0.01888794
v 0.02596998 0.04078197 0.01972598
v 0.02702200 0.03914797 0.02109606
v 0.02556896 0.04019296 0.02098901
v 0.02505797 0.03957200 0.02213604
v 0.02615898 0.03789800 0.02308006
v 0.02443200 0.03894698 0.02316005
v 0.02368199 0.03834599 0.02406401
v 0.02280199 0.03779697 0.02484698
v 0.01372694 0.03841400 0.02681095
v 0.01284098 0.03916198 0.02662606
v 0.01040995 0.04363799 0.02424998
v 0.01028597 0.04450696 0.02347297
v 0.00555098 0.04571396 0.02308006
v 0.00106895 0.04420900 0.02478403
v 0.00996697 0.04495799 0.02308006
v 0.01025199 0.04533100 0.02258903
v 0.01029098 0.04609298 0.02160496
v 0.01038396 0.04676896 0.02053995
v 0.01070594 0.04835200 0.01651604
v 0.01078397 0.04823297 0.01690597
v 0.01089495 0.04851895 0.01552195
v 0.01096695 0.04868495 0.01404602
v 0.00661498 0.04946398 0.01404602
v 0.00596899 0.04916197 0.01651604
v 0.00221097 0.04985594 0.01404602
v 0.00119698 0.04950898 0.01651604
v 0.00117797 0.04872298 0.01888794
v -0.00352996 0.04860895 0.01888794
v -0.00344598 0.04744398 0.02109606
v -0.00800794 0.04688894 0.02109606
v -0.00775295 0.04539197 0.02308006
v -0.01026296 0.04569995 0.02213604
v -0.01026397 0.04481595 0.02316005
v -0.00221097 0.04985594 0.01404602
v -0.00358695 0.04939299 0.01651604
v -0.00820500 0.04804199 0.01888794
v -0.01047295 0.04720097 0.01972598
v -0.01034098 0.04649996 0.02098901
v -0.00661498 0.04946398 0.01404602
v -0.00833797 0.04881596 0.01651604
v -0.01062798 0.04777300 0.01838500
v -0.01096695 0.04868495 0.01404602
v -0.01089596 0.04851895 0.01552600
v -0.01077699 0.04821395 0.01697904
v -0.01036900 0.04386097 0.02406401
v -0.01060295 0.04284995 0.02484698
v -0.02349597 0.03821796 0.02424998
v -0.02958995 0.03872597 0.01888794
v -0.02605295 0.04091697 0.01939995
v -0.02629995 0.04136198 0.01818997
v -0.03006798 0.03935098 0.01651604
v -0.02647995 0.04173099 0.01690597
v -0.02660495 0.04201197 0.01552195
v -0.02666997 0.04218000 0.01404602
v -0.03029894 0.03965395 0.01404602
v -0.03368997 0.03681600 0.01404602
v -0.03372597 0.03626400 0.01651604
v -0.03319096 0.03568899 0.01888794
v -0.03681600 0.03368997 0.01404602
v -0.03706896 0.03283995 0.01651604
v -0.03647994 0.03231894 0.01888794
v -0.03942894 0.02864700 0.01888794
v -0.03848397 0.02796000 0.02109606
v -0.04078197 0.02596998 0.01972598
v -0.04019296 0.02556896 0.02098901
v -0.03965395 0.03029894 0.01404602
v -0.04006499 0.02910900 0.01651604
v -0.04129600 0.02626597 0.01838500
v -0.04218000 0.02666997 0.01404602
v -0.04201197 0.02660298 0.01552600
v -0.04171299 0.02647095 0.01697904
v -0.03957200 0.02505797 0.02213604
v -0.03725498 0.02706700 0.02308006
v -0.03560596 0.03154397 0.02109606
v -0.03894698 0.02443200 0.02316005
v -0.03834599 0.02368199 0.02406401
v -0.03779697 0.02280199 0.02484698
v -0.03778195 0.01472997 0.02691097
v -0.03841400 0.01372694 0.02681095
v -0.03916198 0.01284098 0.02662606
v -0.03999799 0.01208394 0.02634901
v -0.04089599 0.01146298 0.02597196
v -0.04181599 0.01098495 0.02549905
v 0.04583400 0.00444394 0.02308006
v -0.03980594 0.00192499 0.02717299
v -0.04208797 0.00203597 0.02616102
v -0.04416996 0.00213695 0.02478403
v -0.04599499 0.00222498 0.02308006
v -0.04751294 0.00229800 0.02109606
v -0.04867994 0.00235498 0.01888794
v -0.00670898 0.03928297 0.02717299
v -0.00305200 0.04202598 0.02616102
v 0.02263897 0.03279799 0.02717299
v 0.02569800 0.03046000 0.02717299
v 0.02851796 0.02783697 0.02717299
v 0.03107196 0.02495497 0.02717299
v 0.03067398 0.03635698 0.02109606
v 0.03142797 0.03725099 0.01888794
v 0.03487598 0.03404396 0.01888794
v 0.03590297 0.02883499 0.02308006
v 0.03799897 -0.03051894 0.01888794
v 0.03487598 -0.03404396 0.01888794
v 0.03142797 -0.03725099 0.01888794
v 0.00480396 -0.03956198 0.02717299
v 0.00101799 -0.04212498 0.02616102
v -0.00320297 -0.04410594 0.02478403
v 0.00555098 -0.04571396 0.02308006
v 0.00573397 -0.04722195 0.02109606
v 0.00096300 -0.03983998 0.02717299
v -0.00305200 -0.04202598 0.02616102
v 0.00114900 -0.04755496 0.02109606
v -0.00288695 -0.03974699 0.02717299
v -0.03319096 -0.03568899 0.01888794
v -0.03224098 -0.02342396 0.02717299
v 0.01552295 -0.00266194 0.02500004
v 0.01569294 -0.00133598 0.03399999
v 0.01574999 0.00000000 0.02500004
v 0.01574999 0.00000000 0.02500004
v 0.01569294 -0.00133598 0.03399999
v 0.01569294 0.00133598 0.03399999
v 0.01552295 0.00266194 0.02500004
v 0.01524198 0.00396895 0.03399999
v 0.01484996 0.00524700 0.02500004
v 0.01435196 0.00648695 0.03399999
v 0.01374995 0.00768095 0.02500004
v 0.01304894 0.00882000 0.03399999
v 0.01225399 0.00989395 0.02500004
v 0.01137095 0.01089799 0.03399999
v 0.01040595 0.01182299 0.02500004
v 0.00936496 0.01266294 0.03399999
v 0.00825799 0.01341199 0.02500004
v 0.00709098 0.01406395 0.03399999
v 0.00587195 0.01461398 0.02500004
v 0.00461197 0.01505994 0.03399999
v 0.00331795 0.01539599 0.02500004
v 0.00200099 0.01562196 0.03399999
v 0.00066800 0.01573598 0.02500004
v -0.00066800 0.01573598 0.03399999
v -0.00200099 0.01562196 0.02500004
v -0.00331795 0.01539599 0.03399999
v -0.00461197 0.01505994 0.02500004
v -0.00587195 0.01461398 0.03399999
v -0.00709098 0.01406395 0.02500004
v -0.00825799 0.01341199 0.03399999
v -0.00936496 0.01266294 0.02500004
v -0.01040595 0.01182299 0.03399999
v -0.01137095 0.01089799 0.02500004
v -0.01225399 0.00989395 0.03399999
v -0.01304894 0.00882000 0.02500004
v -0.01374995 0.00768095 0.03399999
v -0.01435196 0.00648695 0.02500004
v -0.01484996 0.00524700 0.03399999
v -0.01524198 0.00396895 0.02500004
v -0.01552295 0.00266194 0.03399999
v -0.01569294 0.00133598 0.02500004
v -0.01574999 0.00000000 0.03399999
v -0.01569294 -0.00133598 0.02500004
v -0.01552295 -0.00266194 0.03399999
v -0.01524198 -0.00396895 0.02500004
v -0.01484996 -0.00524700 0.03399999
v -0.01435196 -0.00648695 0.02500004
v -0.01374995 -0.00768095 0.03399999
v -0.01304894 -0.00882000 0.02500004
v -0.01225399 -0.00989395 0.03399999
v -0.01137095 -0.01089799 0.02500004
v -0.01040595 -0.01182299 0.03399999
v -0.00936496 -0.01266294 0.02500004
v -0.00825799 -0.01341199 0.03399999
v -0.00709098 -0.01406395 0.02500004
v -0.00587195 -0.01461398 0.03399999
v -0.00461197 -0.01505994 0.02500004
v -0.00331795 -0.01539599 0.03399999
v -0.00200099 -0.01562196 0.02500004
v -0.00066800 -0.01573598 0.03399999
v 0.00066800 -0.01573598 0.02500004
v 0.00200099 -0.01562196 0.03399999
v 0.00331795 -0.01539599 0.02500004
v 0.00461197 -0.01505994 0.03399999
v 0.00587195 -0.01461398 0.02500004
v 0.00709098 -0.01406395 0.03399999
v 0.00825799 -0.01341199 0.02500004
v 0.00936496 -0.01266294 0.03399999
v 0.01040595 -0.01182299 0.02500004
v 0.01137095 -0.01089799 0.03399999
v 0.01225399 -0.00989395 0.02500004
v 0.01304894 -0.00882000 0.03399999
v 0.01374995 -0.00768095 0.02500004
v 0.01435196 -0.00648695 0.03399999
v 0.01484996 -0.00524700 0.02500004
v 0.01524198 -0.00396895 0.03399999
v -0.04826599 0.00475395 -0.00000005
v 0.04826599 0.00475395 -0.00000005
v -0.04850000 0.00000000 -0.00000005
v 0.04850000 0.00000000 -0.00000005
v -0.04826599 -0.00475395 -0.00000005
v 0.04826599 -0.00475395 -0.00000005
v -0.04756796 -0.00946200 -0.00000005
v 0.04756796 -0.00946200 -0.00000005
v -0.04641199 -0.01407897 -0.00000005
v 0.04641199 -0.01407897 -0.00000005
v -0.04480797 -0.01855999 -0.00000005
v 0.04480797 -0.01855999 -0.00000005
v -0.04277294 -0.02286297 -0.00000005
v 0.04277294 -0.02286297 -0.00000005
v -0.04032599 -0.02694499 -0.00000005
v 0.04032599 -0.02694499 -0.00000005
v -0.03749096 -0.03076797 -0.00000005
v 0.03749096 -0.03076797 -0.00000005
v -0.03429496 -0.03429496 -0.00000005
v 0.03429496 -0.03429496 -0.00000005
v -0.03076797 -0.03749096 -0.00000005
v 0.03076797 -0.03749096 -0.00000005
v -0.02694499 -0.04032599 -0.00000005
v 0.02694499 -0.04032599 -0.00000005
v -0.02286297 -0.04277294 -0.00000005
v 0.02286297 -0.04277294 -0.00000005
v -0.01855999 -0.04480797 -0.00000005
v 0.01855999 -0.04480797 -0.00000005
v -0.01407897 -0.04641199 -0.00000005
v 0.01407897 -0.04641199 -0.00000005
v -0.00946200 -0.04756796 -0.00000005
v 0.00946200 -0.04756796 -0.00000005
v -0.00475395 -0.04826599 -0.00000005
v 0.00475395 -0.04826599 -0.00000005
v 0.00000000 -0.04850000 -0.00000005
v 0.04756796 0.00946200 -0.00000005
v -0.04756796 0.00946200 -0.00000005
v 0.04641199 0.01407897 -0.00000005
v -0.04641199 0.01407897 -0.00000005
v 0.04480797 0.01855999 -0.00000005
v -0.04480797 0.01855999 -0.00000005
v 0.04277294 0.02286297 -0.00000005
v -0.04277294 0.02286297 -0.00000005
v 0.04032599 0.02694499 -0.00000005
v -0.04032599 0.02694499 -0.00000005
v 0.03749096 0.03076797 -0.00000005
v -0.03749096 0.03076797 -0.00000005
v 0.03429496 0.03429496 -0.00000005
v -0.03429496 0.03429496 -0.00000005
v 0.03076797 0.03749096 -0.00000005
v -0.03076797 0.03749096 -0.00000005
v 0.02694499 0.04032599 -0.00000005
v -0.02694499 0.04032599 -0.00000005
v 0.02286297 0.04277294 -0.00000005
v -0.02286297 0.04277294 -0.00000005
v 0.01855999 0.04480797 -0.00000005
v -0.01855999 0.04480797 -0.00000005
v 0.01407897 0.04641199 -0.00000005
v -0.01407897 0.04641199 -0.00000005
v 0.00946200 0.04756796 -0.00000005
v -0.00946200 0.04756796 -0.00000005
v 0.00475395 0.04826599 -0.00000005
v -0.00475395 0.04826599 -0.00000005
v 0.00000000 0.04850000 -0.00000005
v -0.04826599 0.00475395 -0.00340002
v -0.04826599 0.00475395 -0.00000005
v -0.04850000 0.00000000 -0.00340002
v -0.04850000 0.00000000 -0.00000005
v -0.04826599 -0.00475395 -0.00340002
v -0.04826599 -0.00475395 -0.00000005
v -0.04756796 -0.00946200 -0.00340002
v -0.04756796 -0.00946200 -0.00000005
v -0.04641199 -0.01407897 -0.00340002
v -0.04641199 -0.01407897 -0.00000005
v -0.04480797 -0.01855999 -0.00340002
v -0.04480797 -0.01855999 -0.00000005
v -0.04277294 -0.02286297 -0.00340002
v -0.04277294 -0.02286297 -0.00000005
v -0.04032599 -0.02694499 -0.00340002
v -0.04032599 -0.02694499 -0.00000005
v -0.03749096 -0.03076797 -0.00340002
v -0.03749096 -0.03076797 -0.00000005
v -0.03429496 -0.03429496 -0.00340002
v -0.03429496 -0.03429496 -0.00000005
v -0.03076797 -0.03749096 -0.00340002
v -0.03076797 -0.03749096 -0.00000005
v -0.02694499 -0.04032599 -0.00340002
v -0.02694499 -0.04032599 -0.00000005
v -0.02286297 -0.04277294 -0.00340002
v -0.02286297 -0.04277294 -0.00000005
v -0.01855999 -0.04480797 -0.00340002
v -0.01855999 -0.04480797 -0.00000005
v -0.01407897 -0.04641199 -0.00340002
v -0.01407897 -0.04641199 -0.00000005
v -0.00946200 -0.04756796 -0.00340002
v -0.00946200 -0.04756796 -0.00000005
v -0.00475395 -0.04826599 -0.00340002
v -0.00475395 -0.04826599 -0.00000005
v 0.00000000 -0.04850000 -0.00340002
v 0.00000000 -0.04850000 -0.00000005
v 0.00475395 -0.04826599 -0.00340002
v 0.00475395 -0.04826599 -0.00000005
v 0.00946200 -0.04756796 -0.00340002
v 0.00946200 -0.04756796 -0.00000005
v 0.01407897 -0.04641199 -0.00340002
v 0.01407897 -0.04641199 -0.00000005
v 0.01855999 -0.04480797 -0.00340002
v 0.01855999 -0.04480797 -0.00000005
v 0.02286297 -0.04277294 -0.00340002
v 0.02286297 -0.04277294 -0.00000005
v 0.02694499 -0.04032599 -0.00340002
v 0.02694499 -0.04032599 -0.00000005
v 0.03076797 -0.03749096 -0.00340002
v 0.03076797 -0.03749096 -0.00000005
v 0.03429496 -0.03429496 -0.00340002
v 0.03429496 -0.03429496 -0.00000005
v 0.03749096 -0.03076797 -0.00340002
v 0.03749096 -0.03076797 -0.00000005
v 0.04032599 -0.02694499 -0.00340002
v 0.04032599 -0.02694499 -0.00000005
v 0.04277294 -0.02286297 -0.00340002
v 0.04277294 -0.02286297 -0.00000005
v 0.04480797 -0.01855999 -0.00340002
v 0.04480797 -0.01855999 -0.00000005
v 0.04641199 -0.01407897 -0.00340002
v 0.04641199 -0.01407897 -0.00000005
v 0.04756796 -0.00946200 -0.00340002
v 0.04756796 -0.00946200 -0.00000005
v 0.04826599 -0.00475395 -0.00340002
v 0.04826599 -0.00475395 -0.00000005
v 0.04850000 0.00000000 -0.00340002
v 0.04850000 0.00000000 -0.00000005
v 0.04850000 0.00000000 -0.00340002
v 0.04850000 0.00000000 -0.00000005
v 0.04826599 0.00475395 -0.00340002
v 0.04826599 0.00475395 -0.00000005
v 0.04756796 0.00946200 -0.00340002
v 0.04756796 0.00946200 -0.00000005
v 0.04641199 0.01407897 -0.00340002
v 0.04641199 0.01407897 -0.00000005
v 0.04480797 0.01855999 -0.00340002
v 0.04480797 0.01855999 -0.00000005
v 0.04277294 0.02286297 -0.00340002
v 0.04277294 0.02286297 -0.00000005
v 0.04032599 0.02694499 -0.00340002
v 0.04032599 0.02694499 -0.00000005
v 0.03749096 0.03076797 -0.00340002
v 0.03749096 0.03076797 -0.00000005
v 0.03429496 0.03429496 -0.00340002
v 0.03429496 0.03429496 -0.00000005
v 0.03076797 0.03749096 -0.00340002
v 0.03076797 0.03749096 -0.00000005
v 0.02694499 0.04032599 -0.00340002
v 0.02694499 0.04032599 -0.00000005
v 0.02286297 0.04277294 -0.00340002
v 0.02286297 0.04277294 -0.00000005
v 0.01855999 0.04480797 -0.00340002
v 0.01855999 0.04480797 -0.00000005
v 0.01407897 0.04641199 -0.00340002
v 0.01407897 0.04641199 -0.00000005
v 0.00946200 0.04756796 -0.00340002
v 0.00946200 0.04756796 -0.00000005
v 0.00475395 0.04826599 -0.00340002
v 0.00475395 0.04826599 -0.00000005
v 0.00000000 0.04850000 -0.00340002
v 0.00000000 0.04850000 -0.00000005
v -0.00475395 0.04826599 -0.00340002
v -0.00475395 0.04826599 -0.00000005
v -0.00946200 0.04756796 -0.00340002
v -0.00946200 0.04756796 -0.00000005
v -0.01407897 0.04641199 -0.00340002
v -0.01407897 0.04641199 -0.00000005
v -0.01855999 0.04480797 -0.00340002
v -0.01855999 0.04480797 -0.00000005
v -0.02286297 0.04277294 -0.00340002
v -0.02286297 0.04277294 -0.00000005
v -0.02694499 0.04032599 -0.00340002
v -0.02694499 0.04032599 -0.00000005
v -0.03076797 0.03749096 -0.00340002
v -0.03076797 0.03749096 -0.00000005
v -0.03429496 0.03429496 -0.00340002
v -0.03429496 0.03429496 -0.00000005
v -0.03749096 0.03076797 -0.00340002
v -0.03749096 0.03076797 -0.00000005
v -0.04032599 0.02694499 -0.00340002
v -0.04032599 0.02694499 -0.00000005
v -0.04277294 0.02286297 -0.00340002
v -0.04277294 0.02286297 -0.00000005
v -0.04480797 0.01855999 -0.00340002
v -0.04480797 0.01855999 -0.00000005
v -0.04641199 0.01407897 -0.00340002
v -0.04641199 0.01407897 -0.00000005
v -0.04756796 0.00946200 -0.00340002
v -0.04756796 0.00946200 -0.00000005
v -0.05089294 -0.00485998 -0.00340002
v -0.05112498 0.00000000 -0.00340002
v -0.04850000 0.00000000 -0.00340002
v -0.05089294 0.00485998 -0.00340002
v -0.04826599 0.00475395 -0.00340002
v -0.05020099 0.00967497 -0.00340002
v -0.04756796 0.00946200 -0.00340002
v -0.04905396 0.01440298 -0.00340002
v -0.04641199 0.01407897 -0.00340002
v -0.04746198 0.01900094 -0.00340002
v -0.04480797 0.01855999 -0.00340002
v -0.04544097 0.02342694 -0.00340002
v -0.04277294 0.02286297 -0.00340002
v -0.04300898 0.02763998 -0.00340002
v -0.04032599 0.02694499 -0.00340002
v -0.04018700 0.03160297 -0.00340002
v -0.03749096 0.03076797 -0.00340002
v -0.03700095 0.03527998 -0.00340002
v -0.03429496 0.03429496 -0.00340002
v -0.03347897 0.03863698 -0.00340002
v -0.03076797 0.03749096 -0.00340002
v -0.02965497 0.04164499 -0.00340002
v -0.02694499 0.04032599 -0.00340002
v -0.02556198 0.04427498 -0.00340002
v -0.02286297 0.04277294 -0.00340002
v -0.02123796 0.04650497 -0.00340002
v -0.01855999 0.04480797 -0.00340002
v -0.01672095 0.04831296 -0.00340002
v -0.01407897 0.04641199 -0.00340002
v -0.01205295 0.04968297 -0.00340002
v -0.00946200 0.04756796 -0.00340002
v -0.00727600 0.05060398 -0.00340002
v -0.00475395 0.04826599 -0.00340002
v -0.00243294 0.05106699 -0.00340002
v 0.00000000 0.04850000 -0.00340002
v 0.00243294 0.05106699 -0.00340002
v 0.00475395 0.04826599 -0.00340002
v 0.00727600 0.05060398 -0.00340002
v 0.00946200 0.04756796 -0.00340002
v 0.01205295 0.04968297 -0.00340002
v 0.01407897 0.04641199 -0.00340002
v 0.01672095 0.04831296 -0.00340002
v 0.01855999 0.04480797 -0.00340002
v 0.02123796 0.04650497 -0.00340002
v 0.02286297 0.04277294 -0.00340002
v 0.02556198 0.04427498 -0.00340002
v 0.02694499 0.04032599 -0.00340002
v 0.02965497 0.04164499 -0.00340002
v 0.03076797 0.03749096 -0.00340002
v 0.03347897 0.03863698 -0.00340002
v 0.03429496 0.03429496 -0.00340002
v 0.03700095 0.03527998 -0.00340002
v 0.03749096 0.03076797 -0.00340002
v 0.04018700 0.03160297 -0.00340002
v 0.04032599 0.02694499 -0.00340002
v 0.04300898 0.02763998 -0.00340002
v 0.04277294 0.02286297 -0.00340002
v 0.04544097 0.02342694 -0.00340002
v 0.04480797 0.01855999 -0.00340002
v 0.04746198 0.01900094 -0.00340002
v 0.04641199 0.01407897 -0.00340002
v 0.04905396 0.01440298 -0.00340002
v 0.04756796 0.00946200 -0.00340002
v 0.05020099 0.00967497 -0.00340002
v 0.04826599 0.00475395 -0.00340002
v 0.05089294 0.00485998 -0.00340002
v 0.04850000 0.00000000 -0.00340002
v 0.05112498 0.00000000 -0.00340002
v 0.05089294 -0.00485998 -0.00340002
v 0.04826599 -0.00475395 -0.00340002
v 0.05020099 -0.00967497 -0.00340002
v 0.04756796 -0.00946200 -0.00340002
v 0.04905396 -0.01440298 -0.00340002
v 0.04641199 -0.01407897 -0.00340002
v 0.04746198 -0.01900094 -0.00340002
v 0.04480797 -0.01855999 -0.00340002
v 0.04544097 -0.02342694 -0.00340002
v 0.04277294 -0.02286297 -0.00340002
v 0.04300898 -0.02763998 -0.00340002
v 0.04032599 -0.02694499 -0.00340002
v 0.04018700 -0.03160297 -0.00340002
v 0.03749096 -0.03076797 -0.00340002
v 0.03700095 -0.03527998 -0.00340002
v 0.03429496 -0.03429496 -0.00340002
v 0.03347897 -0.03863698 -0.00340002
v 0.03076797 -0.03749096 -0.00340002
v 0.02965497 -0.04164499 -0.00340002
v 0.02694499 -0.04032599 -0.00340002
v 0.02556198 -0.04427498 -0.00340002
v 0.02286297 -0.04277294 -0.00340002
v 0.02123796 -0.04650497 -0.00340002
v 0.01855999 -0.04480797 -0.00340002
v 0.01672095 -0.04831296 -0.00340002
v 0.01407897 -0.04641199 -0.00340002
v 0.01205295 -0.04968297 -0.00340002
v 0.00946200 -0.04756796 -0.00340002
v 0.00727600 -0.05060398 -0.00340002
v 0.00475395 -0.04826599 -0.00340002
v 0.00243294 -0.05106699 -0.00340002
v 0.00000000 -0.04850000 -0.00340002
v -0.00243294 -0.05106699 -0.00340002
v -0.00475395 -0.04826599 -0.00340002
v -0.00727600 -0.05060398 -0.00340002
v -0.00946200 -0.04756796 -0.00340002
v -0.01205295 -0.04968297 -0.00340002
v -0.01407897 -0.04641199 -0.00340002
v -0.01672095 -0.04831296 -0.00340002
v -0.01855999 -0.04480797 -0.00340002
v -0.02123796 -0.04650497 -0.00340002
v -0.02286297 -0.04277294 -0.00340002
v -0.02556198 -0.04427498 -0.00340002
v -0.02694499 -0.04032599 -0.00340002
v -0.02965497 -0.04164499 -0.00340002
v -0.03076797 -0.03749096 -0.00340002
v -0.03347897 -0.03863698 -0.00340002
v -0.03429496 -0.03429496 -0.00340002
v -0.03700095 -0.03527998 -0.00340002
v -0.03749096 -0.03076797 -0.00340002
v -0.04018700 -0.03160297 -0.00340002
v -0.04032599 -0.02694499 -0.00340002
v -0.04300898 -0.02763998 -0.00340002
v -0.04277294 -0.02286297 -0.00340002
v -0.04544097 -0.02342694 -0.00340002
v -0.04480797 -0.01855999 -0.00340002
v -0.04746198 -0.01900094 -0.00340002
v -0.04641199 -0.01407897 -0.00340002
v -0.04905396 -0.01440298 -0.00340002
v -0.04756796 -0.00946200 -0.00340002
v -0.05020099 -0.00967497 -0.00340002
v -0.04826599 -0.00475395 -0.00340002
v -0.03470498 0.00405598 0.02799994
v -0.03494095 0.00000000 0.02799994
v -0.03149998 0.00000000 0.02799994
v -0.03470498 -0.00405598 0.02799994
v -0.03126996 -0.00379699 0.02799994
v -0.03399896 -0.00805795 0.02799994
v -0.03058499 -0.00753796 0.02799994
v -0.03283399 -0.01195096 0.02799994
v -0.02945297 -0.01116997 0.02799994
v -0.03122496 -0.01568198 0.02799994
v -0.02789199 -0.01463896 0.02799994
v -0.02919298 -0.01919996 0.02799994
v -0.02592396 -0.01789397 0.02799994
v -0.02676600 -0.02245998 0.02799994
v -0.02357798 -0.02088797 0.02799994
v -0.02397799 -0.02541500 0.02799994
v -0.02088797 -0.02357798 0.02799994
v -0.02086496 -0.02802699 0.02799994
v -0.01789397 -0.02592396 0.02799994
v -0.01747095 -0.03025996 0.02799994
v -0.01463896 -0.02789199 0.02799994
v -0.01383894 -0.03208297 0.02799994
v -0.01116997 -0.02945297 0.02799994
v -0.01002097 -0.03347295 0.02799994
v -0.00753796 -0.03058499 0.02799994
v -0.00606698 -0.03440999 0.02799994
v -0.00379699 -0.03126996 0.02799994
v -0.00203198 -0.03488194 0.02799994
v 0.00000000 -0.03149998 0.02799994
v 0.00203198 -0.03488194 0.02799994
v 0.00379699 -0.03126996 0.02799994
v 0.00606698 -0.03440999 0.02799994
v 0.00753796 -0.03058499 0.02799994
v 0.01002097 -0.03347295 0.02799994
v 0.01116997 -0.02945297 0.02799994
v 0.01383894 -0.03208297 0.02799994
v 0.01463896 -0.02789199 0.02799994
v 0.01747095 -0.03025996 0.02799994
v 0.01789397 -0.02592396 0.02799994
v 0.02086496 -0.02802699 0.02799994
v 0.02088797 -0.02357798 0.02799994
v 0.02397799 -0.02541500 0.02799994
v 0.02357798 -0.02088797 0.02799994
v 0.02676600 -0.02245998 0.02799994
v 0.02592396 -0.01789397 0.02799994
v 0.02919298 -0.01919996 0.02799994
v 0.02789199 -0.01463896 0.02799994
v 0.03122496 -0.01568198 0.02799994
v 0.02945297 -0.01116997 0.02799994
v 0.03283399 -0.01195096 0.02799994
v 0.03058499 -0.00753796 0.02799994
v 0.03399896 -0.00805795 0.02799994
v 0.03126996 -0.00379699 0.02799994
v 0.03470498 -0.00405598 0.02799994
v 0.03149998 0.00000000 0.02799994
v 0.03494095 0.00000000 0.02799994
v 0.03470498 0.00405598 0.02799994
v 0.03126996 0.00379699 0.02799994
v 0.03399896 0.00805795 0.02799994
v 0.03058499 0.00753796 0.02799994
v 0.03283399 0.01195096 0.02799994
v 0.02945297 0.01116997 0.02799994
v 0.03122496 0.01568198 0.02799994
v 0.02789199 0.01463896 0.02799994
v 0.02919298 0.01919996 0.02799994
v 0.02592396 0.01789397 0.02799994
v 0.02676600 0.02245998 0.02799994
v 0.02357798 0.02088797 0.02799994
v 0.02397799 0.02541500 0.02799994
v 0.02088797 0.02357798 0.02799994
v 0.02086496 0.02802699 0.02799994
v 0.01789397 0.02592396 0.02799994
v 0.01747095 0.03025996 0.02799994
v 0.01463896 0.02789199 0.02799994
v 0.01383894 0.03208297 0.02799994
v 0.01116997 0.02945297 0.02799994
v 0.01002097 0.03347295 0.02799994
v 0.00753796 0.03058499 0.02799994
v 0.00606698 0.03440999 0.02799994
v 0.00379699 0.03126996 0.02799994
v 0.00203198 0.03488194 0.02799994
v 0.00000000 0.03149998 0.02799994
v -0.00203198 0.03488194 0.02799994
v -0.00379699 0.03126996 0.02799994
v -0.00606698 0.03440999 0.02799994
v -0.00753796 0.03058499 0.02799994
v -0.01002097 0.03347295 0.02799994
v -0.01116997 0.02945297 0.02799994
v -0.01383894 0.03208297 0.02799994
v -0.01463896 0.02789199 0.02799994
v -0.01747095 0.03025996 0.02799994
v -0.01789397 0.02592396 0.02799994
v -0.02086496 0.02802699 0.02799994
v -0.02088797 0.02357798 0.02799994
v -0.02397799 0.02541500 0.02799994
v -0.02357798 0.02088797 0.02799994
v -0.02676600 0.02245998 0.02799994
v -0.02592396 0.01789397 0.02799994
v -0.02919298 0.01919996 0.02799994
v -0.02789199 0.01463896 0.02799994
v -0.03122496 0.01568198 0.02799994
v -0.02945297 0.01116997 0.02799994
v -0.03283399 0.01195096 0.02799994
v -0.03058499 0.00753796 0.02799994
v -0.03399896 0.00805795 0.02799994
v -0.03126996 0.00379699 0.02799994
v -0.03126996 0.00379699 0.03399999
v -0.03149998 0.00000000 0.02799994
v -0.03149998 0.00000000 0.03399999
v -0.03126996 -0.00379699 0.02799994
v -0.03126996 -0.00379699 0.03399999
v -0.03058499 -0.00753796 0.02799994
v -0.03058499 -0.00753796 0.03399999
v -0.02945297 -0.01116997 0.02799994
v -0.02945297 -0.01116997 0.03399999
v -0.02789199 -0.01463896 0.02799994
v -0.02789199 -0.01463896 0.03399999
v -0.02592396 -0.01789397 0.02799994
v -0.02592396 -0.01789397 0.03399999
v -0.02357798 -0.02088797 0.02799994
v -0.02357798 -0.02088797 0.03399999
v -0.02088797 -0.02357798 0.02799994
v -0.02088797 -0.02357798 0.03399999
v -0.01789397 -0.02592396 0.02799994
v -0.01789397 -0.02592396 0.03399999
v -0.01463896 -0.02789199 0.02799994
v -0.01463896 -0.02789199 0.03399999
v -0.01116997 -0.02945297 0.02799994
v -0.01116997 -0.02945297 0.03399999
v -0.00753796 -0.03058499 0.02799994
v -0.00753796 -0.03058499 0.03399999
v -0.00379699 -0.03126996 0.02799994
v -0.00379699 -0.03126996 0.03399999
v 0.00000000 -0.03149998 0.02799994
v 0.00000000 -0.03149998 0.03399999
v 0.00379699 -0.03126996 0.02799994
v 0.00379699 -0.03126996 0.03399999
v 0.00753796 -0.03058499 0.02799994
v 0.00753796 -0.03058499 0.03399999
v 0.01116997 -0.02945297 0.02799994
v 0.01116997 -0.02945297 0.03399999
v 0.01463896 -0.02789199 0.02799994
v 0.01463896 -0.02789199 0.03399999
v 0.01789397 -0.02592396 0.02799994
v 0.01789397 -0.02592396 0.03399999
v 0.02088797 -0.02357798 0.02799994
v 0.02088797 -0.02357798 0.03399999
v 0.02357798 -0.02088797 0.02799994
v 0.02357798 -0.02088797 0.03399999
v 0.02592396 -0.01789397 0.02799994
v 0.02592396 -0.01789397 0.03399999
v 0.02789199 -0.01463896 0.02799994
v 0.02789199 -0.01463896 0.03399999
v 0.02945297 -0.01116997 0.02799994
v 0.02945297 -0.01116997 0.03399999
v 0.03058499 -0.00753796 0.02799994
v 0.03058499 -0.00753796 0.03399999
v 0.03126996 -0.00379699 0.02799994
v 0.03126996 -0.00379699 0.03399999
v 0.03149998 0.00000000 0.03399999
v 0.03149998 0.00000000 0.02799994
v 0.03149998 0.00000000 0.03399999
v 0.03149998 0.00000000 0.02799994
v 0.03126996 0.00379699 0.03399999
v 0.03126996 0.00379699 0.02799994
v 0.03058499 0.00753796 0.02799994
v -0.03126996 0.00379699 0.02799994
v -0.03058499 0.00753796 0.03399999
v -0.03058499 0.00753796 0.02799994
v -0.02945297 0.01116997 0.03399999
v -0.02945297 0.01116997 0.02799994
v -0.02789199 0.01463896 0.03399999
v -0.02789199 0.01463896 0.02799994
v -0.02592396 0.01789397 0.03399999
v -0.02592396 0.01789397 0.02799994
v -0.02357798 0.02088797 0.03399999
v -0.02357798 0.02088797 0.02799994
v -0.02088797 0.02357798 0.03399999
v -0.02088797 0.02357798 0.02799994
v -0.01789397 0.02592396 0.03399999
v -0.01789397 0.02592396 0.02799994
v -0.01463896 0.02789199 0.03399999
v -0.01463896 0.02789199 0.02799994
v -0.01116997 0.02945297 0.03399999
v -0.01116997 0.02945297 0.02799994
v -0.00753796 0.03058499 0.03399999
v -0.00753796 0.03058499 0.02799994
v -0.00379699 0.03126996 0.03399999
v -0.00379699 0.03126996 0.02799994
v 0.00000000 0.03149998 0.03399999
v 0.00000000 0.03149998 0.02799994
v 0.00379699 0.03126996 0.03399999
v 0.00379699 0.03126996 0.02799994
v 0.00753796 0.03058499 0.03399999
v 0.00753796 0.03058499 0.02799994
v 0.01116997 0.02945297 0.03399999
v 0.01116997 0.02945297 0.02799994
v 0.01463896 0.02789199 0.03399999
v 0.01463896 0.02789199 0.02799994
v 0.01789397 0.02592396 0.03399999
v 0.01789397 0.02592396 0.02799994
v 0.02088797 0.02357798 0.03399999
v 0.02088797 0.02357798 0.02799994
v 0.02357798 0.02088797 0.03399999
v 0.02357798 0.02088797 0.02799994
v 0.02592396 0.01789397 0.03399999
v 0.02592396 0.01789397 0.02799994
v 0.02789199 0.01463896 0.03399999
v 0.02789199 0.01463896 0.02799994
v 0.02945297 0.01116997 0.03399999
v 0.02945297 0.01116997 0.02799994
v 0.03058499 0.00753796 0.03399999
v -0.03026896 0.00374800 0.03500003
v -0.03126996 0.00379699 0.03399999
v -0.03049999 0.00000000 0.03500003
v -0.03149998 0.00000000 0.03399999
v -0.03126996 -0.00379699 0.03399999
v -0.03058499 0.00753796 0.03399999
v -0.02957898 0.00743896 0.03500003
v -0.02945297 0.01116997 0.03399999
v -0.02843999 0.01101797 0.03500003
v -0.02789199 0.01463896 0.03399999
v -0.02687096 0.01442897 0.03500003
v -0.02592396 0.01789397 0.03399999
v -0.02489399 0.01762199 0.03500003
v -0.02357798 0.02088797 0.03399999
v -0.02253997 0.02054798 0.03500003
v -0.02088797 0.02357798 0.03399999
v -0.01984399 0.02316194 0.03500003
v -0.01789397 0.02592396 0.03399999
v -0.01684695 0.02542495 0.03500003
v -0.01463896 0.02789199 0.03399999
v -0.01359498 0.02730196 0.03500003
v -0.01116997 0.02945297 0.03399999
v -0.01013696 0.02876597 0.03500003
v -0.00753796 0.03058499 0.03399999
v -0.00652498 0.02979397 0.03500003
v -0.00379699 0.03126996 0.03399999
v -0.00281399 0.03036999 0.03500003
v 0.00000000 0.03149998 0.03399999
v 0.00093900 0.03048598 0.03500003
v 0.00379699 0.03126996 0.03399999
v 0.00467795 0.03013896 0.03500003
v 0.00753796 0.03058499 0.03399999
v 0.00834697 0.02933597 0.03500003
v 0.01116997 0.02945297 0.03399999
v 0.01188796 0.02808797 0.03500003
v 0.01463896 0.02789199 0.03399999
v 0.01524996 0.02641397 0.03500003
v 0.01789397 0.02592396 0.03399999
v 0.01837998 0.02433997 0.03500003
v 0.02088797 0.02357798 0.03399999
v 0.02123194 0.02189600 0.03500003
v 0.02357798 0.02088797 0.03399999
v 0.02376198 0.01912099 0.03500003
v 0.02592396 0.01789397 0.03399999
v 0.02593195 0.01605600 0.03500003
v 0.02789199 0.01463896 0.03399999
v 0.02770799 0.01274800 0.03500003
v 0.02945297 0.01116997 0.03399999
v 0.02906495 0.00924599 0.03500003
v 0.03058499 0.00753796 0.03399999
v 0.02998095 0.00560397 0.03500003
v 0.03126996 0.00379699 0.03399999
v 0.03044199 0.00187796 0.03500003
v 0.03149998 0.00000000 0.03399999
v 0.03149998 0.00000000 0.03399999
v 0.03044199 0.00187796 0.03500003
v 0.03044199 -0.00187796 0.03500003
v 0.03126996 -0.00379699 0.03399999
v 0.02998095 -0.00560397 0.03500003
v 0.03058499 -0.00753796 0.03399999
v 0.02906495 -0.00924599 0.03500003
v 0.02945297 -0.01116997 0.03399999
v 0.02770799 -0.01274800 0.03500003
v 0.02789199 -0.01463896 0.03399999
v 0.02593195 -0.01605600 0.03500003
v 0.02592396 -0.01789397 0.03399999
v 0.02376198 -0.01912099 0.03500003
v 0.02357798 -0.02088797 0.03399999
v 0.02123194 -0.02189600 0.03500003
v 0.02088797 -0.02357798 0.03399999
v 0.01837998 -0.02433997 0.03500003
v 0.01789397 -0.02592396 0.03399999
v 0.01524996 -0.02641397 0.03500003
v 0.01463896 -0.02789199 0.03399999
v 0.01188796 -0.02808797 0.03500003
v 0.01116997 -0.02945297 0.03399999
v 0.00834697 -0.02933597 0.03500003
v 0.00753796 -0.03058499 0.03399999
v 0.00467795 -0.03013896 0.03500003
v 0.00379699 -0.03126996 0.03399999
v 0.00093900 -0.03048598 0.03500003
v 0.00000000 -0.03149998 0.03399999
v -0.00281399 -0.03036999 0.03500003
v -0.00379699 -0.03126996 0.03399999
v -0.00652498 -0.02979397 0.03500003
v -0.00753796 -0.03058499 0.03399999
v -0.01013696 -0.02876597 0.03500003
v -0.01116997 -0.02945297 0.03399999
v -0.01359498 -0.02730196 0.03500003
v -0.01463896 -0.02789199 0.03399999
v -0.01684695 -0.02542495 0.03500003
v -0.01789397 -0.02592396 0.03399999
v -0.01984399 -0.02316194 0.03500003
v -0.02088797 -0.02357798 0.03399999
v -0.02253997 -0.02054798 0.03500003
v -0.02357798 -0.02088797 0.03399999
v -0.02489399 -0.01762199 0.03500003
v -0.02592396 -0.01789397 0.03399999
v -0.02687096 -0.01442897 0.03500003
v -0.02789199 -0.01463896 0.03399999
v -0.02843999 -0.01101797 0.03500003
v -0.02945297 -0.01116997 0.03399999
v -0.02957898 -0.00743896 0.03500003
v -0.03058499 -0.00753796 0.03399999
v -0.03026896 -0.00374800 0.03500003
v -0.03026896 -0.00374800 0.03500003
v -0.02777194 -0.00114798 0.03500003
v -0.03049999 0.00000000 0.03500003
v -0.02799999 0.00000000 0.03500003
v -0.02777194 0.00114798 0.03500003
v -0.02957898 -0.00743896 0.03500003
v -0.02614796 -0.00277197 0.03500003
v -0.02712094 -0.00212097 0.03500003
v -0.02499997 -0.00299996 0.03500003
v -0.02843999 -0.01101797 0.03500003
v -0.02385199 -0.00277197 0.03500003
v -0.01882594 -0.01490598 0.03500003
v -0.01584196 -0.00543898 0.03500003
v -0.01473098 -0.00797194 0.03500003
v -0.01767796 -0.01467800 0.03500003
v -0.01321798 -0.01028800 0.03500003
v -0.01652997 -0.01490598 0.03500003
v -0.01555597 -0.01555597 0.03500003
v -0.01979899 -0.01555597 0.03500003
v -0.02687096 -0.01442897 0.03500003
v -0.02044898 -0.01652997 0.03500003
v -0.02489399 -0.01762199 0.03500003
v -0.02067798 -0.01767796 0.03500003
v -0.02253997 -0.02054798 0.03500003
v -0.02044898 -0.01882594 0.03500003
v -0.01979899 -0.01979899 0.03500003
v -0.01984399 -0.02316194 0.03500003
v -0.01882594 -0.02044898 0.03500003
v -0.01767796 -0.02067798 0.03500003
v -0.01684695 -0.02542495 0.03500003
v -0.01652997 -0.02044898 0.03500003
v -0.01555597 -0.01979899 0.03500003
v -0.01359498 -0.02730196 0.03500003
v -0.01490598 -0.01882594 0.03500003
v -0.01013696 -0.02876597 0.03500003
v -0.00277197 -0.02385199 0.03500003
v -0.00299996 -0.02499997 0.03500003
v -0.00652498 -0.02979397 0.03500003
v -0.00277197 -0.02614796 0.03500003
v -0.00212097 -0.02712094 0.03500003
v -0.00281399 -0.03036999 0.03500003
v -0.00114798 -0.02777194 0.03500003
v 0.00000000 -0.02799999 0.03500003
v 0.00093900 -0.03048598 0.03500003
v 0.00114798 -0.02777194 0.03500003
v 0.00467795 -0.03013896 0.03500003
v 0.00212097 -0.02712094 0.03500003
v 0.00277197 -0.02614796 0.03500003
v 0.00834697 -0.02933597 0.03500003
v 0.00299996 -0.02499997 0.03500003
v 0.01188796 -0.02808797 0.03500003
v 0.00277197 -0.02385199 0.03500003
v 0.01490598 -0.01882594 0.03500003
v 0.00672799 -0.01533895 0.03500003
v 0.01467800 -0.01767796 0.03500003
v 0.00916099 -0.01402294 0.03500003
v 0.01490598 -0.01652997 0.03500003
v 0.01134395 -0.01232296 0.03500003
v 0.01555597 -0.01555597 0.03500003
v 0.01321798 -0.01028800 0.03500003
v 0.01652997 -0.01490598 0.03500003
v 0.01767796 -0.01467800 0.03500003
v 0.01555597 -0.01979899 0.03500003
v 0.01524996 -0.02641397 0.03500003
v 0.01652997 -0.02044898 0.03500003
v 0.01837998 -0.02433997 0.03500003
v 0.01767796 -0.02067798 0.03500003
v 0.01882594 -0.02044898 0.03500003
v 0.02123194 -0.02189600 0.03500003
v 0.01979899 -0.01979899 0.03500003
v 0.02044898 -0.01882594 0.03500003
v 0.02376198 -0.01912099 0.03500003
v 0.02067798 -0.01767796 0.03500003
v 0.02044898 -0.01652997 0.03500003
v 0.02593195 -0.01605600 0.03500003
v 0.01979899 -0.01555597 0.03500003
v 0.02770799 -0.01274800 0.03500003
v 0.01882594 -0.01490598 0.03500003
v 0.02385199 -0.00277197 0.03500003
v 0.01584196 -0.00543898 0.03500003
v 0.02287900 -0.00212097 0.03500003
v 0.01652199 -0.00275695 0.03500003
v 0.02222800 -0.00114798 0.03500003
v 0.01674997 0.00000000 0.03500003
v 0.02199995 0.00000000 0.03500003
v 0.02222800 0.00114798 0.03500003
v 0.02906495 -0.00924599 0.03500003
v 0.02499997 -0.00299996 0.03500003
v 0.02614796 -0.00277197 0.03500003
v 0.02998095 -0.00560397 0.03500003
v 0.02712094 -0.00212097 0.03500003
v 0.03044199 -0.00187796 0.03500003
v 0.02777194 -0.00114798 0.03500003
v 0.02799999 0.00000000 0.03500003
v 0.03044199 0.00187796 0.03500003
v 0.02777194 0.00114798 0.03500003
v 0.02712094 0.00212097 0.03500003
v 0.02998095 0.00560397 0.03500003
v 0.02614796 0.00277197 0.03500003
v 0.02906495 0.00924599 0.03500003
v 0.02499997 0.00299996 0.03500003
v 0.02385199 0.00277197 0.03500003
v 0.02770799 0.01274800 0.03500003
v 0.01882594 0.01490598 0.03500003
v 0.01979899 0.01555597 0.03500003
v 0.02593195 0.01605600 0.03500003
v 0.02044898 0.01652997 0.03500003
v 0.02376198 0.01912099 0.03500003
v 0.02067798 0.01767796 0.03500003
v 0.02044898 0.01882594 0.03500003
v 0.02123194 0.02189600 0.03500003
v 0.01979899 0.01979899 0.03500003
v 0.01882594 0.02044898 0.03500003
v 0.01837998 0.02433997 0.03500003
v 0.01767796 0.02067798 0.03500003
v 0.01652997 0.02044898 0.03500003
v 0.01524996 0.02641397 0.03500003
v 0.01555597 0.01979899 0.03500003
v 0.01188796 0.02808797 0.03500003
v 0.01490598 0.01882594 0.03500003
v 0.00277197 0.02385199 0.03500003
v 0.00672799 0.01533895 0.03500003
v 0.00411195 0.01623696 0.03500003
v 0.00212097 0.02287900 0.03500003
v 0.00114798 0.02222800 0.03500003
v 0.00299996 0.02499997 0.03500003
v 0.00834697 0.02933597 0.03500003
v 0.00277197 0.02614796 0.03500003
v 0.00467795 0.03013896 0.03500003
v 0.00212097 0.02712094 0.03500003
v 0.00114798 0.02777194 0.03500003
v 0.00093900 0.03048598 0.03500003
v 0.00000000 0.02799999 0.03500003
v -0.00281399 0.03036999 0.03500003
v -0.00114798 0.02777194 0.03500003
v -0.00212097 0.02712094 0.03500003
v -0.00652498 0.02979397 0.03500003
v -0.00277197 0.02614796 0.03500003
v -0.00299996 0.02499997 0.03500003
v -0.01013696 0.02876597 0.03500003
v -0.00277197 0.02385199 0.03500003
v -0.01490598 0.01882594 0.03500003
v -0.00672799 0.01533895 0.03500003
v -0.01467800 0.01767796 0.03500003
v -0.00916099 0.01402294 0.03500003
v -0.01490598 0.01652997 0.03500003
v -0.01134395 0.01232296 0.03500003
v -0.01555597 0.01555597 0.03500003
v -0.01321798 0.01028800 0.03500003
v -0.01652997 0.01490598 0.03500003
v -0.01767796 0.01467800 0.03500003
v -0.01359498 0.02730196 0.03500003
v -0.01555597 0.01979899 0.03500003
v -0.01684695 0.02542495 0.03500003
v -0.01652997 0.02044898 0.03500003
v -0.01767796 0.02067798 0.03500003
v -0.01984399 0.02316194 0.03500003
v -0.01882594 0.02044898 0.03500003
v -0.01979899 0.01979899 0.03500003
v -0.02253997 0.02054798 0.03500003
v -0.02044898 0.01882594 0.03500003
v -0.02067798 0.01767796 0.03500003
v -0.02489399 0.01762199 0.03500003
v -0.02044898 0.01652997 0.03500003
v -0.02687096 0.01442897 0.03500003
v -0.01979899 0.01555597 0.03500003
v -0.02843999 0.01101797 0.03500003
v -0.01882594 0.01490598 0.03500003
v -0.02385199 0.00277197 0.03500003
v -0.01584196 0.00543898 0.03500003
v -0.02287900 0.00212097 0.03500003
v -0.01652199 0.00275695 0.03500003
v -0.02222800 0.00114798 0.03500003
v -0.01674997 0.00000000 0.03500003
v -0.02199995 0.00000000 0.03500003
v -0.02222800 -0.00114798 0.03500003
v -0.02499997 0.00299996 0.03500003
v -0.02957898 0.00743896 0.03500003
v -0.02614796 0.00277197 0.03500003
v -0.03026896 0.00374800 0.03500003
v -0.02712094 0.00212097 0.03500003
v -0.01652199 -0.00275695 0.03500003
v -0.02287900 -0.00212097 0.03500003
v -0.01134395 -0.01232296 0.03500003
v -0.01490598 -0.01652997 0.03500003
v -0.00916099 -0.01402294 0.03500003
v -0.01467800 -0.01767796 0.03500003
v -0.00672799 -0.01533895 0.03500003
v -0.00411195 -0.01623696 0.03500003
v -0.00212097 -0.02287900 0.03500003
v -0.00114798 -0.02222800 0.03500003
v -0.00138295 -0.01669299 0.03500003
v 0.00000000 -0.02199995 0.03500003
v 0.00138295 -0.01669299 0.03500003
v 0.00114798 -0.02222800 0.03500003
v 0.00411195 -0.01623696 0.03500003
v 0.00212097 -0.02287900 0.03500003
v 0.01473098 -0.00797194 0.03500003
v 0.01652199 0.00275695 0.03500003
v 0.02287900 0.00212097 0.03500003
v 0.01584196 0.00543898 0.03500003
v 0.01467800 0.01767796 0.03500003
v 0.00916099 0.01402294 0.03500003
v 0.01490598 0.01652997 0.03500003
v 0.01134395 0.01232296 0.03500003
v 0.01555597 0.01555597 0.03500003
v 0.01321798 0.01028800 0.03500003
v 0.01652997 0.01490598 0.03500003
v 0.01767796 0.01467800 0.03500003
v 0.01473098 0.00797194 0.03500003
v 0.00138295 0.01669299 0.03500003
v 0.00000000 0.02199995 0.03500003
v -0.00138295 0.01669299 0.03500003
v -0.00114798 0.02222800 0.03500003
v -0.00411195 0.01623696 0.03500003
v -0.00212097 0.02287900 0.03500003
v -0.01473098 0.00797194 0.03500003
v -0.01552295 0.00266194 0.03399999
v -0.01652199 0.00275695 0.03500003
v -0.01574999 0.00000000 0.03399999
v -0.01674997 0.00000000 0.03500003
v -0.01574999 0.00000000 0.03399999
v -0.01674997 0.00000000 0.03500003
v -0.01652199 -0.00275695 0.03500003
v -0.01584196 0.00543898 0.03500003
v -0.01484996 0.00524700 0.03399999
v -0.01473098 0.00797194 0.03500003
v -0.01374995 0.00768095 0.03399999
v -0.01321798 0.01028800 0.03500003
v -0.01225399 0.00989395 0.03399999
v -0.01134395 0.01232296 0.03500003
v -0.01040595 0.01182299 0.03399999
v -0.00916099 0.01402294 0.03500003
v -0.00825799 0.01341199 0.03399999
v -0.00672799 0.01533895 0.03500003
v -0.00587195 0.01461398 0.03399999
v -0.00411195 0.01623696 0.03500003
v -0.00331795 0.01539599 0.03399999
v -0.00138295 0.01669299 0.03500003
v -0.00066800 0.01573598 0.03399999
v 0.00138295 0.01669299 0.03500003
v 0.00200099 0.01562196 0.03399999
v 0.00411195 0.01623696 0.03500003
v 0.00461197 0.01505994 0.03399999
v 0.00672799 0.01533895 0.03500003
v 0.00709098 0.01406395 0.03399999
v 0.00916099 0.01402294 0.03500003
v 0.00936496 0.01266294 0.03399999
v 0.01134395 0.01232296 0.03500003
v 0.01137095 0.01089799 0.03399999
v 0.01321798 0.01028800 0.03500003
v 0.01304894 0.00882000 0.03399999
v 0.01473098 0.00797194 0.03500003
v 0.01435196 0.00648695 0.03399999
v 0.01584196 0.00543898 0.03500003
v 0.01524198 0.00396895 0.03399999
v 0.01652199 0.00275695 0.03500003
v 0.01569294 0.00133598 0.03399999
v 0.01674997 0.00000000 0.03500003
v 0.01569294 -0.00133598 0.03399999
v 0.01652199 -0.00275695 0.03500003
v 0.01524198 -0.00396895 0.03399999
v 0.01584196 -0.00543898 0.03500003
v 0.01435196 -0.00648695 0.03399999
v 0.01473098 -0.00797194 0.03500003
v 0.01304894 -0.00882000 0.03399999
v 0.01321798 -0.01028800 0.03500003
v 0.01137095 -0.01089799 0.03399999
v 0.01134395 -0.01232296 0.03500003
v 0.00936496 -0.01266294 0.03399999
v 0.00916099 -0.01402294 0.03500003
v 0.00709098 -0.01406395 0.03399999
v 0.00672799 -0.01533895 0.03500003
v 0.00461197 -0.01505994 0.03399999
v 0.00411195 -0.01623696 0.03500003
v 0.00200099 -0.01562196 0.03399999
v 0.00138295 -0.01669299 0.03500003
v -0.00066800 -0.01573598 0.03399999
v -0.00138295 -0.01669299 0.03500003
v -0.00331795 -0.01539599 0.03399999
v -0.00411195 -0.01623696 0.03500003
v -0.00587195 -0.01461398 0.03399999
v -0.00672799 -0.01533895 0.03500003
v -0.00825799 -0.01341199 0.03399999
v -0.00916099 -0.01402294 0.03500003
v -0.01040595 -0.01182299 0.03399999
v -0.01134395 -0.01232296 0.03500003
v -0.01225399 -0.00989395 0.03399999
v -0.01321798 -0.01028800 0.03500003
v -0.01374995 -0.00768095 0.03399999
v -0.01473098 -0.00797194 0.03500003
v -0.01484996 -0.00524700 0.03399999
v -0.01584196 -0.00543898 0.03500003
v -0.01552295 -0.00266194 0.03399999
v -0.02044898 0.01652997 0.02899999
v -0.01767796 0.01767796 0.02719695
v -0.02067798 0.01767796 0.02899999
v -0.01882594 0.01490598 0.02899999
v -0.01767796 0.01767796 0.02719695
v -0.01979899 0.01555597 0.02899999
v -0.01652997 0.01490598 0.02899999
v -0.01767796 0.01767796 0.02719695
v -0.01767796 0.01467800 0.02899999
v -0.01555597 0.01555597 0.02899999
v -0.01767796 0.01767796 0.02719695
v -0.01467800 0.01767796 0.02899999
v -0.01767796 0.01767796 0.02719695
v -0.01490598 0.01652997 0.02899999
v -0.01555597 0.01979899 0.02899999
v -0.01767796 0.01767796 0.02719695
v -0.01490598 0.01882594 0.02899999
v -0.01652997 0.02044898 0.02899999
v -0.01767796 0.01767796 0.02719695
v -0.01882594 0.02044898 0.02899999
v -0.01767796 0.01767796 0.02719695
v -0.01767796 0.02067798 0.02899999
v -0.02044898 0.01882594 0.02899999
v -0.01767796 0.01767796 0.02719695
v -0.01979899 0.01979899 0.02899999
v -0.02067798 0.01767796 0.02899999
v -0.01767796 0.01767796 0.02719695
v -0.01767796 0.01767796 0.02719695
v -0.01767796 0.01767796 0.02719695
v -0.01767796 0.01767796 0.02719695
v -0.01767796 0.01767796 0.02719695
v -0.01767796 0.01767796 0.02719695
v -0.01767796 0.01767796 0.02719695
v -0.02044898 0.01882594 0.02899999
v -0.02044898 0.01882594 0.03500003
v -0.02067798 0.01767796 0.02899999
v -0.02067798 0.01767796 0.03500003
v -0.02044898 0.01652997 0.02899999
v -0.02044898 0.01652997 0.03500003
v -0.01979899 0.01555597 0.02899999
v -0.01979899 0.01555597 0.03500003
v -0.01882594 0.01490598 0.02899999
v -0.01882594 0.01490598 0.03500003
v -0.01767796 0.01467800 0.02899999
v -0.01767796 0.01467800 0.03500003
v -0.01652997 0.01490598 0.02899999
v -0.01652997 0.01490598 0.03500003
v -0.01555597 0.01555597 0.02899999
v -0.01555597 0.01555597 0.03500003
v -0.01490598 0.01652997 0.02899999
v -0.01490598 0.01652997 0.03500003
v -0.01467800 0.01767796 0.02899999
v -0.01467800 0.01767796 0.03500003
v -0.01467800 0.01767796 0.02899999
v -0.01467800 0.01767796 0.03500003
v -0.01490598 0.01882594 0.02899999
v -0.01490598 0.01882594 0.03500003
v -0.01555597 0.01979899 0.02899999
v -0.01555597 0.01979899 0.03500003
v -0.01652997 0.02044898 0.02899999
v -0.01652997 0.02044898 0.03500003
v -0.01767796 0.02067798 0.02899999
v -0.01767796 0.02067798 0.03500003
v -0.01882594 0.02044898 0.02899999
v -0.01882594 0.02044898 0.03500003
v -0.01979899 0.01979899 0.02899999
v -0.01979899 0.01979899 0.03500003
v -0.00277197 0.02385199 0.02899999
v 0.00000000 0.02499997 0.02719695
v -0.00299996 0.02499997 0.02899999
v -0.00114798 0.02222800 0.02899999
v 0.00000000 0.02499997 0.02719695
v -0.00212097 0.02287900 0.02899999
v 0.00114798 0.02222800 0.02899999
v 0.00000000 0.02499997 0.02719695
v 0.00000000 0.02199995 0.02899999
v 0.00212097 0.02287900 0.02899999
v 0.00000000 0.02499997 0.02719695
v 0.00299996 0.02499997 0.02899999
v 0.00000000 0.02499997 0.02719695
v 0.00277197 0.02385199 0.02899999
v 0.00212097 0.02712094 0.02899999
v 0.00000000 0.02499997 0.02719695
v 0.00277197 0.02614796 0.02899999
v 0.00114798 0.02777194 0.02899999
v 0.00000000 0.02499997 0.02719695
v -0.00114798 0.02777194 0.02899999
v 0.00000000 0.02499997 0.02719695
v 0.00000000 0.02799999 0.02899999
v -0.00277197 0.02614796 0.02899999
v 0.00000000 0.02499997 0.02719695
v -0.00212097 0.02712094 0.02899999
v -0.00299996 0.02499997 0.02899999
v 0.00000000 0.02499997 0.02719695
v 0.00000000 0.02499997 0.02719695
v 0.00000000 0.02499997 0.02719695
v 0.00000000 0.02499997 0.02719695
v 0.00000000 0.02499997 0.02719695
v 0.00000000 0.02499997 0.02719695
v 0.00000000 0.02499997 0.02719695
v -0.00277197 0.02614796 0.02899999
v -0.00277197 0.02614796 0.03500003
v -0.00299996 0.02499997 0.02899999
v -0.00299996 0.02499997 0.03500003
v -0.00277197 0.02385199 0.02899999
v -0.00277197 0.02385199 0.03500003
v -0.00212097 0.02287900 0.02899999
v -0.00212097 0.02287900 0.03500003
v -0.00114798 0.02222800 0.02899999
v -0.00114798 0.02222800 0.03500003
v 0.00000000 0.02199995 0.02899999
v 0.00000000 0.02199995 0.03500003
v 0.00114798 0.02222800 0.02899999
v 0.00114798 0.02222800 0.03500003
v 0.00212097 0.02287900 0.02899999
v 0.00212097 0.02287900 0.03500003
v 0.00277197 0.02385199 0.02899999
v 0.00277197 0.02385199 0.03500003
v 0.00299996 0.02499997 0.02899999
v 0.00299996 0.02499997 0.03500003
v 0.00299996 0.02499997 0.02899999
v 0.00299996 0.02499997 0.03500003
v 0.00277197 0.02614796 0.02899999
v 0.00277197 0.02614796 0.03500003
v 0.00212097 0.02712094 0.02899999
v 0.00212097 0.02712094 0.03500003
v 0.00114798 0.02777194 0.02899999
v 0.00114798 0.02777194 0.03500003
v 0.00000000 0.02799999 0.02899999
v 0.00000000 0.02799999 0.03500003
v -0.00114798 0.02777194 0.02899999
v -0.00114798 0.02777194 0.03500003
v -0.00212097 0.02712094 0.02899999
v -0.00212097 0.02712094 0.03500003
v 0.01490598 0.01652997 0.02899999
v 0.01767796 0.01767796 0.02719695
v 0.01467800 0.01767796 0.02899999
v 0.01652997 0.01490598 0.02899999
v 0.01767796 0.01767796 0.02719695
v 0.01555597 0.01555597 0.02899999
v 0.01882594 0.01490598 0.02899999
v 0.01767796 0.01767796 0.02719695
v 0.01767796 0.01467800 0.02899999
v 0.01979899 0.01555597 0.02899999
v 0.01767796 0.01767796 0.02719695
v 0.02067798 0.01767796 0.02899999
v 0.01767796 0.01767796 0.02719695
v 0.02044898 0.01652997 0.02899999
v 0.01979899 0.01979899 0.02899999
v 0.01767796 0.01767796 0.02719695
v 0.02044898 0.01882594 0.02899999
v 0.01882594 0.02044898 0.02899999
v 0.01767796 0.01767796 0.02719695
v 0.01652997 0.02044898 0.02899999
v 0.01767796 0.01767796 0.02719695
v 0.01767796 0.02067798 0.02899999
v 0.01490598 0.01882594 0.02899999
v 0.01767796 0.01767796 0.02719695
v 0.01555597 0.01979899 0.02899999
v 0.01467800 0.01767796 0.02899999
v 0.01767796 0.01767796 0.02719695
v 0.01767796 0.01767796 0.02719695
v 0.01767796 0.01767796 0.02719695
v 0.01767796 0.01767796 0.02719695
v 0.01767796 0.01767796 0.02719695
v 0.01767796 0.01767796 0.02719695
v 0.01767796 0.01767796 0.02719695
v 0.01490598 0.01882594 0.02899999
v 0.01490598 0.01882594 0.03500003
v 0.01467800 0.01767796 0.02899999
v 0.01467800 0.01767796 0.03500003
v 0.01490598 0.01652997 0.02899999
v 0.01490598 0.01652997 0.03500003
v 0.01555597 0.01555597 0.02899999
v 0.01555597 0.01555597 0.03500003
v 0.01652997 0.01490598 0.02899999
v 0.01652997 0.01490598 0.03500003
v 0.01767796 0.01467800 0.02899999
v 0.01767796 0.01467800 0.03500003
v 0.01882594 0.01490598 0.02899999
v 0.01882594 0.01490598 0.03500003
v 0.01979899 0.01555597 0.02899999
v 0.01979899 0.01555597 0.03500003
v 0.02044898 0.01652997 0.02899999
v 0.02044898 0.01652997 0.03500003
v 0.02067798 0.01767796 0.02899999
v 0.02067798 0.01767796 0.03500003
v 0.02067798 0.01767796 0.02899999
v 0.02067798 0.01767796 0.03500003
v 0.02044898 0.01882594 0.02899999
v 0.02044898 0.01882594 0.03500003
v 0.01979899 0.01979899 0.02899999
v 0.01979899 0.01979899 0.03500003
v 0.01882594 0.02044898 0.02899999
v 0.01882594 0.02044898 0.03500003
v 0.01767796 0.02067798 0.02899999
v 0.01767796 0.02067798 0.03500003
v 0.01652997 0.02044898 0.02899999
v 0.01652997 0.02044898 0.03500003
v 0.01555597 0.01979899 0.02899999
v 0.01555597 0.01979899 0.03500003
v 0.02222800 -0.00114798 0.02899999
v 0.02499997 0.00000000 0.02719695
v 0.02199995 0.00000000 0.02899999
v 0.02385199 -0.00277197 0.02899999
v 0.02499997 0.00000000 0.02719695
v 0.02287900 -0.00212097 0.02899999
v 0.02614796 -0.00277197 0.02899999
v 0.02499997 0.00000000 0.02719695
v 0.02499997 -0.00299996 0.02899999
v 0.02712094 -0.00212097 0.02899999
v 0.02499997 0.00000000 0.02719695
v 0.02799999 0.00000000 0.02899999
v 0.02499997 0.00000000 0.02719695
v 0.02777194 -0.00114798 0.02899999
v 0.02712094 0.00212097 0.02899999
v 0.02499997 0.00000000 0.02719695
v 0.02777194 0.00114798 0.02899999
v 0.02614796 0.00277197 0.02899999
v 0.02499997 0.00000000 0.02719695
v 0.02385199 0.00277197 0.02899999
v 0.02499997 0.00000000 0.02719695
v 0.02499997 0.00299996 0.02899999
v 0.02222800 0.00114798 0.02899999
v 0.02499997 0.00000000 0.02719695
v 0.02287900 0.00212097 0.02899999
v 0.02199995 0.00000000 0.02899999
v 0.02499997 0.00000000 0.02719695
v 0.02499997 0.00000000 0.02719695
v 0.02499997 0.00000000 0.02719695
v 0.02499997 0.00000000 0.02719695
v 0.02499997 0.00000000 0.02719695
v 0.02499997 0.00000000 0.02719695
v 0.02499997 0.00000000 0.02719695
v 0.02222800 0.00114798 0.02899999
v 0.02222800 0.00114798 0.03500003
v 0.02199995 0.00000000 0.02899999
v 0.02199995 0.00000000 0.03500003
v 0.02222800 -0.00114798 0.02899999
v 0.02222800 -0.00114798 0.03500003
v 0.02287900 -0.00212097 0.02899999
v 0.02287900 -0.00212097 0.03500003
v 0.02385199 -0.00277197 0.02899999
v 0.02385199 -0.00277197 0.03500003
v 0.02499997 -0.00299996 0.02899999
v 0.02499997 -0.00299996 0.03500003
v 0.02614796 -0.00277197 0.02899999
v 0.02614796 -0.00277197 0.03500003
v 0.02712094 -0.00212097 0.02899999
v 0.02712094 -0.00212097 0.03500003
v 0.02777194 -0.00114798 0.02899999
v 0.02777194 -0.00114798 0.03500003
v 0.02799999 0.00000000 0.02899999
v 0.02799999 0.00000000 0.03500003
v 0.02799999 0.00000000 0.02899999
v 0.02799999 0.00000000 0.03500003
v 0.02777194 0.00114798 0.02899999
v 0.02777194 0.00114798 0.03500003
v 0.02712094 0.00212097 0.02899999
v 0.02712094 0.00212097 0.03500003
v 0.02614796 0.00277197 0.02899999
v 0.02614796 0.00277197 0.03500003
v 0.02499997 0.00299996 0.02899999
v 0.02499997 0.00299996 0.03500003
v 0.02385199 0.00277197 0.02899999
v 0.02385199 0.00277197 0.03500003
v 0.02287900 0.00212097 0.02899999
v 0.02287900 0.00212097 0.03500003
v 0.01490598 -0.01882594 0.02899999
v 0.01767796 -0.01767796 0.02719695
v 0.01467800 -0.01767796 0.02899999
v 0.01652997 -0.02044898 0.02899999
v 0.01767796 -0.01767796 0.02719695
v 0.01555597 -0.01979899 0.02899999
v 0.01882594 -0.02044898 0.02899999
v 0.01767796 -0.01767796 0.02719695
v 0.01767796 -0.02067798 0.02899999
v 0.01979899 -0.01979899 0.02899999
v 0.01767796 -0.01767796 0.02719695
v 0.02067798 -0.01767796 0.02899999
v 0.01767796 -0.01767796 0.02719695
v 0.02044898 -0.01882594 0.02899999
v 0.01979899 -0.01555597 0.02899999
v 0.01767796 -0.01767796 0.02719695
v 0.02044898 -0.01652997 0.02899999
v 0.01882594 -0.01490598 0.02899999
v 0.01767796 -0.01767796 0.02719695
v 0.01652997 -0.01490598 0.02899999
v 0.01767796 -0.01767796 0.02719695
v 0.01767796 -0.01467800 0.02899999
v 0.01490598 -0.01652997 0.02899999
v 0.01767796 -0.01767796 0.02719695
v 0.01555597 -0.01555597 0.02899999
v 0.01467800 -0.01767796 0.02899999
v 0.01767796 -0.01767796 0.02719695
v 0.01767796 -0.01767796 0.02719695
v 0.01767796 -0.01767796 0.02719695
v 0.01767796 -0.01767796 0.02719695
v 0.01767796 -0.01767796 0.02719695
v 0.01767796 -0.01767796 0.02719695
v 0.01767796 -0.01767796 0.02719695
v 0.01490598 -0.01652997 0.02899999
v 0.01490598 -0.01652997 0.03500003
v 0.01467800 -0.01767796 0.02899999
v 0.01467800 -0.01767796 0.03500003
v 0.01490598 -0.01882594 0.02899999
v 0.01490598 -0.01882594 0.03500003
v 0.01555597 -0.01979899 0.02899999
v 0.01555597 -0.01979899 0.03500003
v 0.01652997 -0.02044898 0.02899999
v 0.01652997 -0.02044898 0.03500003
v 0.01767796 -0.02067798 0.02899999
v 0.01767796 -0.02067798 0.03500003
v 0.01882594 -0.02044898 0.02899999
v 0.01882594 -0.02044898 0.03500003
v 0.01979899 -0.01979899 0.02899999
v 0.01979899 -0.01979899 0.03500003
v 0.02044898 -0.01882594 0.02899999
v 0.02044898 -0.01882594 0.03500003
v 0.02067798 -0.01767796 0.02899999
v 0.02067798 -0.01767796 0.03500003
v 0.02067798 -0.01767796 0.02899999
v 0.02067798 -0.01767796 0.03500003
v 0.02044898 -0.01652997 0.02899999
v 0.02044898 -0.01652997 0.03500003
v 0.01979899 -0.01555597 0.02899999
v 0.01979899 -0.01555597 0.03500003
v 0.01882594 -0.01490598 0.02899999
v 0.01882594 -0.01490598 0.03500003
v 0.01767796 -0.01467800 0.02899999
v 0.01767796 -0.01467800 0.03500003
v 0.01652997 -0.01490598 0.02899999
v 0.01652997 -0.01490598 0.03500003
v 0.01555597 -0.01555597 0.02899999
v 0.01555597 -0.01555597 0.03500003
v -0.00277197 -0.02614796 0.02899999
v 0.00000000 -0.02499997 0.02719695
v -0.00299996 -0.02499997 0.02899999
v -0.00114798 -0.02777194 0.02899999
v 0.00000000 -0.02499997 0.02719695
v -0.00212097 -0.02712094 0.02899999
v 0.00114798 -0.02777194 0.02899999
v 0.00000000 -0.02499997 0.02719695
v 0.00000000 -0.02799999 0.02899999
v 0.00212097 -0.02712094 0.02899999
v 0.00000000 -0.02499997 0.02719695
v 0.00299996 -0.02499997 0.02899999
v 0.00000000 -0.02499997 0.02719695
v 0.00277197 -0.02614796 0.02899999
v 0.00212097 -0.02287900 0.02899999
v 0.00000000 -0.02499997 0.02719695
v 0.00277197 -0.02385199 0.02899999
v 0.00114798 -0.02222800 0.02899999
v 0.00000000 -0.02499997 0.02719695
v -0.00114798 -0.02222800 0.02899999
v 0.00000000 -0.02499997 0.02719695
v 0.00000000 -0.02199995 0.02899999
v -0.00277197 -0.02385199 0.02899999
v 0.00000000 -0.02499997 0.02719695
v -0.00212097 -0.02287900 0.02899999
v -0.00299996 -0.02499997 0.02899999
v 0.00000000 -0.02499997 0.02719695
v 0.00000000 -0.02499997 0.02719695
v 0.00000000 -0.02499997 0.02719695
v 0.00000000 -0.02499997 0.02719695
v 0.00000000 -0.02499997 0.02719695
v 0.00000000 -0.02499997 0.02719695
v 0.00000000 -0.02499997 0.02719695
v -0.00277197 -0.02385199 0.02899999
v -0.00277197 -0.02385199 0.03500003
v -0.00299996 -0.02499997 0.02899999
v -0.00299996 -0.02499997 0.03500003
v -0.00277197 -0.02614796 0.02899999
v -0.00277197 -0.02614796 0.03500003
v -0.00212097 -0.02712094 0.02899999
v -0.00212097 -0.02712094 0.03500003
v -0.00114798 -0.02777194 0.02899999
v -0.00114798 -0.02777194 0.03500003
v 0.00000000 -0.02799999 0.02899999
v 0.00000000 -0.02799999 0.03500003
v 0.00114798 -0.02777194 0.02899999
v 0.00114798 -0.02777194 0.03500003
v 0.00212097 -0.02712094 0.02899999
v 0.00212097 -0.02712094 0.03500003
v 0.00277197 -0.02614796 0.02899999
v 0.00277197 -0.02614796 0.03500003
v 0.00299996 -0.02499997 0.02899999
v 0.00299996 -0.02499997 0.03500003
v 0.00299996 -0.02499997 0.02899999
v 0.00299996 -0.02499997 0.03500003
v 0.00277197 -0.02385199 0.02899999
v 0.00277197 -0.02385199 0.03500003
v 0.00212097 -0.02287900 0.02899999
v 0.00212097 -0.02287900 0.03500003
v 0.00114798 -0.02222800 0.02899999
v 0.00114798 -0.02222800 0.03500003
v 0.00000000 -0.02199995 0.02899999
v 0.00000000 -0.02199995 0.03500003
v -0.00114798 -0.02222800 0.02899999
v -0.00114798 -0.02222800 0.03500003
v -0.00212097 -0.02287900 0.02899999
v -0.00212097 -0.02287900 0.03500003
v -0.02044898 -0.01882594 0.02899999
v -0.01767796 -0.01767796 0.02719695
v -0.02067798 -0.01767796 0.02899999
v -0.01882594 -0.02044898 0.02899999
v -0.01767796 -0.01767796 0.02719695
v -0.01979899 -0.01979899 0.02899999
v -0.01652997 -0.02044898 0.02899999
v -0.01767796 -0.01767796 0.02719695
v -0.01767796 -0.02067798 0.02899999
v -0.01555597 -0.01979899 0.02899999
v -0.01767796 -0.01767796 0.02719695
v -0.01467800 -0.01767796 0.02899999
v -0.01767796 -0.01767796 0.02719695
v -0.01490598 -0.01882594 0.02899999
v -0.01555597 -0.01555597 0.02899999
v -0.01767796 -0.01767796 0.02719695
v -0.01490598 -0.01652997 0.02899999
v -0.01652997 -0.01490598 0.02899999
v -0.01767796 -0.01767796 0.02719695
v -0.01882594 -0.01490598 0.02899999
v -0.01767796 -0.01767796 0.02719695
v -0.01767796 -0.01467800 0.02899999
v -0.02044898 -0.01652997 0.02899999
v -0.01767796 -0.01767796 0.02719695
v -0.01979899 -0.01555597 0.02899999
v -0.02067798 -0.01767796 0.02899999
v -0.01767796 -0.01767796 0.02719695
v -0.01767796 -0.01767796 0.02719695
v -0.01767796 -0.01767796 0.02719695
v -0.01767796 -0.01767796 0.02719695
v -0.01767796 -0.01767796 0.02719695
v -0.01767796 -0.01767796 0.02719695
v -0.01767796 -0.01767796 0.02719695
v -0.02044898 -0.01652997 0.02899999
v -0.02044898 -0.01652997 0.03500003
v -0.02067798 -0.01767796 0.02899999
v -0.02067798 -0.01767796 0.03500003
v -0.02044898 -0.01882594 0.02899999
v -0.02044898 -0.01882594 0.03500003
v -0.01979899 -0.01979899 0.02899999
v -0.01979899 -0.01979899 0.03500003
v -0.01882594 -0.02044898 0.02899999
v -0.01882594 -0.02044898 0.03500003
v -0.01767796 -0.02067798 0.02899999
v -0.01767796 -0.02067798 0.03500003
v -0.01652997 -0.02044898 0.02899999
v -0.01652997 -0.02044898 0.03500003
v -0.01555597 -0.01979899 0.02899999
v -0.01555597 -0.01979899 0.03500003
v -0.01490598 -0.01882594 0.02899999
v -0.01490598 -0.01882594 0.03500003
v -0.01467800 -0.01767796 0.02899999
v -0.01467800 -0.01767796 0.03500003
v -0.01467800 -0.01767796 0.02899999
v -0.01467800 -0.01767796 0.03500003
v -0.01490598 -0.01652997 0.02899999
v -0.01490598 -0.01652997 0.03500003
v -0.01555597 -0.01555597 0.02899999
v -0.01555597 -0.01555597 0.03500003
v -0.01652997 -0.01490598 0.02899999
v -0.01652997 -0.01490598 0.03500003
v -0.01767796 -0.01467800 0.02899999
v -0.01767796 -0.01467800 0.03500003
v -0.01882594 -0.01490598 0.02899999
v -0.01882594 -0.01490598 0.03500003
v -0.01979899 -0.01555597 0.02899999
v -0.01979899 -0.01555597 0.03500003
v -0.02777194 -0.00114798 0.02799994
v -0.02222800 -0.00114798 0.02799994
v -0.02799999 0.00000000 0.02799994
v -0.02199995 0.00000000 0.02799994
v -0.02777194 0.00114798 0.02799994
v -0.02222800 0.00114798 0.02799994
v -0.02712094 0.00212097 0.02799994
v -0.02287900 0.00212097 0.02799994
v -0.02614796 0.00277197 0.02799994
v -0.02385199 0.00277197 0.02799994
v -0.02499997 0.00299996 0.02799994
v -0.02287900 -0.00212097 0.02799994
v -0.02712094 -0.00212097 0.02799994
v -0.02385199 -0.00277197 0.02799994
v -0.02614796 -0.00277197 0.02799994
v -0.02499997 -0.00299996 0.02799994
v -0.02777194 0.00114798 0.02799994
v -0.02777194 0.00114798 0.03500003
v -0.02799999 0.00000000 0.02799994
v -0.02799999 0.00000000 0.03500003
v -0.02777194 -0.00114798 0.02799994
v -0.02777194 -0.00114798 0.03500003
v -0.02712094 -0.00212097 0.02799994
v -0.02712094 -0.00212097 0.03500003
v -0.02614796 -0.00277197 0.02799994
v -0.02614796 -0.00277197 0.03500003
v -0.02499997 -0.00299996 0.02799994
v -0.02499997 -0.00299996 0.03500003
v -0.02385199 -0.00277197 0.02799994
v -0.02385199 -0.00277197 0.03500003
v -0.02287900 -0.00212097 0.02799994
v -0.02287900 -0.00212097 0.03500003
v -0.02222800 -0.00114798 0.02799994
v -0.02222800 -0.00114798 0.03500003
v -0.02199995 0.00000000 0.02799994
v -0.02199995 0.00000000 0.03500003
v -0.02199995 0.00000000 0.02799994
v -0.02199995 0.00000000 0.03500003
v -0.02222800 0.00114798 0.02799994
v -0.02222800 0.00114798 0.03500003
v -0.02287900 0.00212097 0.02799994
v -0.02287900 0.00212097 0.03500003
v -0.02385199 0.00277197 0.02799994
v -0.02385199 0.00277197 0.03500003
v -0.02499997 0.00299996 0.02799994
v -0.02499997 0.00299996 0.03500003
v -0.02614796 0.00277197 0.02799994
v -0.02614796 0.00277197 0.03500003
v -0.02712094 0.00212097 0.02799994
v -0.02712094 0.00212097 0.03500003
v 0.04868495 0.01096695 0.01404602
v 0.04877996 0.01100999 0.01258106
v 0.04851895 0.01089596 0.01552600
v 0.04887497 0.01105397 0.01111502
v 0.04896998 0.01109898 0.00965006
v 0.04821395 0.01077699 0.01697904
v 0.04710596 0.01045197 0.00965006
v 0.04777300 0.01062798 0.01838500
v 0.04720097 0.01047295 0.01972598
v 0.04649996 0.01034098 0.02098901
v 0.04514294 0.01025199 0.00965006
v 0.04569995 0.01026296 0.02213604
v 0.04481595 0.01026397 0.02316005
v 0.04386097 0.01036900 0.02406401
v 0.04318696 0.01051098 0.00965006
v 0.04284995 0.01060295 0.02484698
v 0.04180395 0.01098996 0.02550501
v 0.04134398 0.01121300 0.00965006
v 0.04077595 0.01153695 0.02602798
v 0.03971099 0.01232099 0.00965006
v 0.03979694 0.01224797 0.02642197
v 0.03891599 0.01310598 0.02669401
v 0.03837895 0.01377600 0.00965006
v 0.03816199 0.01409095 0.02685899
v 0.03741699 0.01549899 0.00965006
v 0.03756195 0.01516795 0.02692801
v 0.03713095 0.01629996 0.02691097
v 0.03687900 0.01739698 0.00965006
v 0.03686898 0.01745694 0.02681095
v 0.03677099 0.01861196 0.02662606
v 0.03679198 0.01936799 0.00965006
v 0.03682798 0.01973795 0.02634901
v 0.03702396 0.02081197 0.02597196
v 0.03716295 0.02130597 0.00965006
v 0.03733599 0.02180099 0.02549905
v 0.03774100 0.02269697 0.02492506
v 0.03796994 0.02310597 0.00965006
v 0.03821796 0.02349597 0.02424998
v 0.03874397 0.02419799 0.02347297
v 0.03917098 0.02467197 0.00965006
v 0.03930300 0.02480494 0.02258903
v 0.03986895 0.02531599 0.02160496
v 0.04069995 0.02591794 0.00965006
v 0.04041397 0.02572798 0.02053995
v 0.04091697 0.02605295 0.01939995
v 0.04136198 0.02629995 0.01818997
v 0.04173099 0.02647995 0.01690597
v 0.04201197 0.02660495 0.01552195
v 0.04218000 0.02666997 0.01404602
v 0.04227799 0.02670699 0.01258106
v 0.04237598 0.02674394 0.01111502
v 0.04247498 0.02677899 0.00965006
v 0.04896998 0.01109898 0.00965006
v 0.04785197 0.01521199 0.00965006
v 0.04710596 0.01045197 0.00965006
v 0.04444295 0.01565897 0.00965006
v 0.04514294 0.01025199 0.00965006
v 0.04355096 0.01506298 0.00965006
v 0.04318696 0.01051098 0.00965006
v 0.04249799 0.01485300 0.00965006
v 0.04134398 0.01121300 0.00965006
v 0.04144597 0.01506298 0.00965006
v 0.03971099 0.01232099 0.00965006
v 0.04055398 0.01565897 0.00965006
v 0.03837895 0.01377600 0.00965006
v 0.03995800 0.01655095 0.00965006
v 0.03741699 0.01549899 0.00965006
v 0.03974795 0.01760298 0.00965006
v 0.03687900 0.01739698 0.00965006
v 0.03679198 0.01936799 0.00965006
v 0.03995800 0.01865595 0.00965006
v 0.03716295 0.02130597 0.00965006
v 0.04055398 0.01954799 0.00965006
v 0.03796994 0.02310597 0.00965006
v 0.03917098 0.02467197 0.00965006
v 0.04144597 0.02014398 0.00965006
v 0.04069995 0.02591794 0.00965006
v 0.04249799 0.02035295 0.00965006
v 0.04247498 0.02677899 0.00965006
v 0.04459297 0.02307999 0.00965006
v 0.04355096 0.02014398 0.00965006
v 0.04444295 0.01954799 0.00965006
v 0.04638999 0.01921498 0.00965006
v 0.04524797 0.01760298 0.00965006
v 0.04503899 0.01655095 0.00965006
v 0.04503899 0.01865595 0.00965006
v 0.04218000 -0.02666997 0.01404602
v 0.04227799 -0.02670699 0.01258106
v 0.04201197 -0.02660298 0.01552600
v 0.04237598 -0.02674394 0.01111502
v 0.04247498 -0.02677899 0.00965006
v 0.04171299 -0.02647095 0.01697904
v 0.04069995 -0.02591794 0.00965006
v 0.04129600 -0.02626597 0.01838500
v 0.04078197 -0.02596998 0.01972598
v 0.04019296 -0.02556896 0.02098901
v 0.03917098 -0.02467197 0.00965006
v 0.03957200 -0.02505797 0.02213604
v 0.03894698 -0.02443200 0.02316005
v 0.03834599 -0.02368199 0.02406401
v 0.03796994 -0.02310597 0.00965006
v 0.03779697 -0.02280199 0.02484698
v 0.03733098 -0.02178895 0.02550501
v 0.03716295 -0.02130597 0.00965006
v 0.03699100 -0.02067500 0.02602798
v 0.03679198 -0.01936799 0.00965006
v 0.03680098 -0.01947999 0.02642197
v 0.03678494 -0.01825100 0.02669401
v 0.03687900 -0.01739698 0.00965006
v 0.03694796 -0.01702100 0.02685899
v 0.03741699 -0.01549899 0.00965006
v 0.03728598 -0.01583498 0.02692801
v 0.03778195 -0.01472997 0.02691097
v 0.03837895 -0.01377600 0.00965006
v 0.03841400 -0.01372694 0.02681095
v 0.03916198 -0.01284098 0.02662606
v 0.03971099 -0.01232099 0.00965006
v 0.03999799 -0.01208394 0.02634901
v 0.04089599 -0.01146298 0.02597196
v 0.04134398 -0.01121300 0.00965006
v 0.04181599 -0.01098495 0.02549905
v 0.04273599 -0.01063799 0.02492506
v 0.04318696 -0.01051098 0.00965006
v 0.04363799 -0.01040995 0.02424998
v 0.04450696 -0.01028597 0.02347297
v 0.04514294 -0.01025199 0.00965006
v 0.04533100 -0.01025199 0.02258903
v 0.04609298 -0.01029098 0.02160496
v 0.04710596 -0.01045197 0.00965006
v 0.04676896 -0.01038396 0.02053995
v 0.04735499 -0.01051098 0.01939995
v 0.04784399 -0.01064997 0.01818997
v 0.04823297 -0.01078397 0.01690597
v 0.04851895 -0.01089495 0.01552195
v 0.04868495 -0.01096695 0.01404602
v 0.04877996 -0.01100999 0.01258106
v 0.04887497 -0.01105397 0.01111502
v 0.04896998 -0.01109898 0.00965006
v 0.04069995 -0.02591794 0.00965006
v 0.04247498 -0.02677899 0.00965006
v 0.04249799 -0.02035295 0.00965006
v 0.04459297 -0.02307999 0.00965006
v 0.04355096 -0.02014398 0.00965006
v 0.04444295 -0.01954799 0.00965006
v 0.04638999 -0.01921498 0.00965006
v 0.04503899 -0.01865595 0.00965006
v 0.04524797 -0.01760298 0.00965006
v 0.04785197 -0.01521199 0.00965006
v 0.04503899 -0.01655095 0.00965006
v 0.04444295 -0.01565897 0.00965006
v 0.04710596 -0.01045197 0.00965006
v 0.04514294 -0.01025199 0.00965006
v 0.04896998 -0.01109898 0.00965006
v 0.04355096 -0.01506298 0.00965006
v 0.04318696 -0.01051098 0.00965006
v 0.04249799 -0.01485300 0.00965006
v 0.04134398 -0.01121300 0.00965006
v 0.04144597 -0.01506298 0.00965006
v 0.03971099 -0.01232099 0.00965006
v 0.04055398 -0.01565897 0.00965006
v 0.03837895 -0.01377600 0.00965006
v 0.03995800 -0.01655095 0.00965006
v 0.03741699 -0.01549899 0.00965006
v 0.03974795 -0.01760298 0.00965006
v 0.03687900 -0.01739698 0.00965006
v 0.03679198 -0.01936799 0.00965006
v 0.03995800 -0.01865595 0.00965006
v 0.03716295 -0.02130597 0.00965006
v 0.04055398 -0.01954799 0.00965006
v 0.03796994 -0.02310597 0.00965006
v 0.03917098 -0.02467197 0.00965006
v 0.04144597 -0.02014398 0.00965006
v 0.02666997 0.04218000 0.01404602
v 0.02670699 0.04227799 0.01258106
v 0.02660298 0.04201197 0.01552600
v 0.02674394 0.04237598 0.01111502
v 0.02677899 0.04247498 0.00965006
v 0.02647095 0.04171299 0.01697904
v 0.02591794 0.04069995 0.00965006
v 0.02626597 0.04129600 0.01838500
v 0.02596998 0.04078197 0.01972598
v 0.02556896 0.04019296 0.02098901
v 0.02467197 0.03917098 0.00965006
v 0.02505797 0.03957200 0.02213604
v 0.02443200 0.03894698 0.02316005
v 0.02368199 0.03834599 0.02406401
v 0.02310597 0.03796994 0.00965006
v 0.02280199 0.03779697 0.02484698
v 0.02178895 0.03733098 0.02550501
v 0.02130597 0.03716295 0.00965006
v 0.02067500 0.03699100 0.02602798
v 0.01936799 0.03679198 0.00965006
v 0.01947999 0.03680098 0.02642197
v 0.01825100 0.03678494 0.02669401
v 0.01739698 0.03687900 0.00965006
v 0.01702100 0.03694796 0.02685899
v 0.01549899 0.03741699 0.00965006
v 0.01583498 0.03728598 0.02692801
v 0.01472997 0.03778195 0.02691097
v 0.01377600 0.03837895 0.00965006
v 0.01372694 0.03841400 0.02681095
v 0.01284098 0.03916198 0.02662606
v 0.01232099 0.03971099 0.00965006
v 0.01208394 0.03999799 0.02634901
v 0.01146298 0.04089599 0.02597196
v 0.01121300 0.04134398 0.00965006
v 0.01098495 0.04181599 0.02549905
v 0.01063799 0.04273599 0.02492506
v 0.01051098 0.04318696 0.00965006
v 0.01040995 0.04363799 0.02424998
v 0.01028597 0.04450696 0.02347297
v 0.01025199 0.04514294 0.00965006
v 0.01025199 0.04533100 0.02258903
v 0.01029098 0.04609298 0.02160496
v 0.01045197 0.04710596 0.00965006
v 0.01038396 0.04676896 0.02053995
v 0.01051098 0.04735499 0.01939995
v 0.01064997 0.04784399 0.01818997
v 0.01078397 0.04823297 0.01690597
v 0.01089495 0.04851895 0.01552195
v 0.01096695 0.04868495 0.01404602
v 0.01100999 0.04877996 0.01258106
v 0.01105397 0.04887497 0.01111502
v 0.01109898 0.04896998 0.00965006
v 0.02591794 0.04069995 0.00965006
v 0.02677899 0.04247498 0.00965006
v 0.02035295 0.04249799 0.00965006
v 0.02307999 0.04459297 0.00965006
v 0.02014398 0.04355096 0.00965006
v 0.01954799 0.04444295 0.00965006
v 0.01921498 0.04638999 0.00965006
v 0.01865595 0.04503899 0.00965006
v 0.01760298 0.04524797 0.00965006
v 0.01521199 0.04785197 0.00965006
v 0.01655095 0.04503899 0.00965006
v 0.01565897 0.04444295 0.00965006
v 0.01045197 0.04710596 0.00965006
v 0.01025199 0.04514294 0.00965006
v 0.01109898 0.04896998 0.00965006
v 0.01506298 0.04355096 0.00965006
v 0.01051098 0.04318696 0.00965006
v 0.01485300 0.04249799 0.00965006
v 0.01121300 0.04134398 0.00965006
v 0.01506298 0.04144597 0.00965006
v 0.01232099 0.03971099 0.00965006
v 0.01565897 0.04055398 0.00965006
v 0.01377600 0.03837895 0.00965006
v 0.01655095 0.03995800 0.00965006
v 0.01549899 0.03741699 0.00965006
v 0.01760298 0.03974795 0.00965006
v 0.01739698 0.03687900 0.00965006
v 0.01936799 0.03679198 0.00965006
v 0.01865595 0.03995800 0.00965006
v 0.02130597 0.03716295 0.00965006
v 0.01954799 0.04055398 0.00965006
v 0.02310597 0.03796994 0.00965006
v 0.02467197 0.03917098 0.00965006
v 0.02014398 0.04144597 0.00965006
v 0.01096695 -0.04868495 0.01404602
v 0.01100999 -0.04877996 0.01258106
v 0.01089596 -0.04851895 0.01552600
v 0.01105397 -0.04887497 0.01111502
v 0.01109898 -0.04896998 0.00965006
v 0.01077699 -0.04821395 0.01697904
v 0.01045197 -0.04710596 0.00965006
v 0.01062798 -0.04777300 0.01838500
v 0.01047295 -0.04720097 0.01972598
v 0.01034098 -0.04649996 0.02098901
v 0.01025199 -0.04514294 0.00965006
v 0.01026296 -0.04569995 0.02213604
v 0.01026397 -0.04481595 0.02316005
v 0.01036900 -0.04386097 0.02406401
v 0.01051098 -0.04318696 0.00965006
v 0.01060295 -0.04284995 0.02484698
v 0.01098996 -0.04180395 0.02550501
v 0.01121300 -0.04134398 0.00965006
v 0.01153695 -0.04077595 0.02602798
v 0.01232099 -0.03971099 0.00965006
v 0.01224797 -0.03979694 0.02642197
v 0.01310598 -0.03891599 0.02669401
v 0.01377600 -0.03837895 0.00965006
v 0.01409095 -0.03816199 0.02685899
v 0.01549899 -0.03741699 0.00965006
v 0.01516795 -0.03756195 0.02692801
v 0.01629996 -0.03713095 0.02691097
v 0.01739698 -0.03687900 0.00965006
v 0.01745694 -0.03686898 0.02681095
v 0.01861196 -0.03677099 0.02662606
v 0.01936799 -0.03679198 0.00965006
v 0.01973795 -0.03682798 0.02634901
v 0.02081197 -0.03702396 0.02597196
v 0.02130597 -0.03716295 0.00965006
v 0.02180099 -0.03733599 0.02549905
v 0.02269697 -0.03774100 0.02492506
v 0.02310597 -0.03796994 0.00965006
v 0.02349597 -0.03821796 0.02424998
v 0.02419799 -0.03874397 0.02347297
v 0.02467197 -0.03917098 0.00965006
v 0.02480494 -0.03930300 0.02258903
v 0.02531599 -0.03986895 0.02160496
v 0.02591794 -0.04069995 0.00965006
v 0.02572798 -0.04041397 0.02053995
v 0.02605295 -0.04091697 0.01939995
v 0.02629995 -0.04136198 0.01818997
v 0.02647995 -0.04173099 0.01690597
v 0.02660495 -0.04201197 0.01552195
v 0.02666997 -0.04218000 0.01404602
v 0.02670699 -0.04227799 0.01258106
v 0.02674394 -0.04237598 0.01111502
v 0.02677899 -0.04247498 0.00965006
v 0.01109898 -0.04896998 0.00965006
v 0.01521199 -0.04785197 0.00965006
v 0.01045197 -0.04710596 0.00965006
v 0.01565897 -0.04444295 0.00965006
v 0.01025199 -0.04514294 0.00965006
v 0.01506298 -0.04355096 0.00965006
v 0.01051098 -0.04318696 0.00965006
v 0.01485300 -0.04249799 0.00965006
v 0.01121300 -0.04134398 0.00965006
v 0.01506298 -0.04144597 0.00965006
v 0.01232099 -0.03971099 0.00965006
v 0.01565897 -0.04055398 0.00965006
v 0.01377600 -0.03837895 0.00965006
v 0.01655095 -0.03995800 0.00965006
v 0.01549899 -0.03741699 0.00965006
v 0.01760298 -0.03974795 0.00965006
v 0.01739698 -0.03687900 0.00965006
v 0.01936799 -0.03679198 0.00965006
v 0.01865595 -0.03995800 0.00965006
v 0.02130597 -0.03716295 0.00965006
v 0.01954799 -0.04055398 0.00965006
v 0.02310597 -0.03796994 0.00965006
v 0.02467197 -0.03917098 0.00965006
v 0.02014398 -0.04144597 0.00965006
v 0.02591794 -0.04069995 0.00965006
v 0.02035295 -0.04249799 0.00965006
v 0.02677899 -0.04247498 0.00965006
v 0.02307999 -0.04459297 0.00965006
v 0.02014398 -0.04355096 0.00965006
v 0.01954799 -0.04444295 0.00965006
v 0.01921498 -0.04638999 0.00965006
v 0.01760298 -0.04524797 0.00965006
v 0.01655095 -0.04503899 0.00965006
v 0.01865595 -0.04503899 0.00965006
v -0.01096695 0.04868495 0.01404602
v -0.01100999 0.04877996 0.01258106
v -0.01089596 0.04851895 0.01552600
v -0.01105397 0.04887497 0.01111502
v -0.01109898 0.04896998 0.00965006
v -0.01077699 0.04821395 0.01697904
v -0.01045197 0.04710596 0.00965006
v -0.01062798 0.04777300 0.01838500
v -0.01047295 0.04720097 0.01972598
v -0.01034098 0.04649996 0.02098901
v -0.01025199 0.04514294 0.00965006
v -0.01026296 0.04569995 0.02213604
v -0.01026397 0.04481595 0.02316005
v -0.01036900 0.04386097 0.02406401
v -0.01051098 0.04318696 0.00965006
v -0.01060295 0.04284995 0.02484698
v -0.01098996 0.04180395 0.02550501
v -0.01121300 0.04134398 0.00965006
v -0.01153695 0.04077595 0.02602798
v -0.01232099 0.03971099 0.00965006
v -0.01224797 0.03979694 0.02642197
v -0.01310598 0.03891599 0.02669401
v -0.01377600 0.03837895 0.00965006
v -0.01409095 0.03816199 0.02685899
v -0.01549899 0.03741699 0.00965006
v -0.01516795 0.03756195 0.02692801
v -0.01629996 0.03713095 0.02691097
v -0.01739698 0.03687900 0.00965006
v -0.01745694 0.03686898 0.02681095
v -0.01861196 0.03677099 0.02662606
v -0.01936799 0.03679198 0.00965006
v -0.01973795 0.03682798 0.02634901
v -0.02081197 0.03702396 0.02597196
v -0.02130597 0.03716295 0.00965006
v -0.02180099 0.03733599 0.02549905
v -0.02269697 0.03774100 0.02492506
v -0.02310597 0.03796994 0.00965006
v -0.02349597 0.03821796 0.02424998
v -0.02419799 0.03874397 0.02347297
v -0.02467197 0.03917098 0.00965006
v -0.02480494 0.03930300 0.02258903
v -0.02531599 0.03986895 0.02160496
v -0.02591794 0.04069995 0.00965006
v -0.02572798 0.04041397 0.02053995
v -0.02605295 0.04091697 0.01939995
v -0.02629995 0.04136198 0.01818997
v -0.02647995 0.04173099 0.01690597
v -0.02660495 0.04201197 0.01552195
v -0.02666997 0.04218000 0.01404602
v -0.02670699 0.04227799 0.01258106
v -0.02674394 0.04237598 0.01111502
v -0.02677899 0.04247498 0.00965006
v -0.01109898 0.04896998 0.00965006
v -0.01521199 0.04785197 0.00965006
v -0.01045197 0.04710596 0.00965006
v -0.01565897 0.04444295 0.00965006
v -0.01025199 0.04514294 0.00965006
v -0.01506298 0.04355096 0.00965006
v -0.01051098 0.04318696 0.00965006
v -0.01485300 0.04249799 0.00965006
v -0.01121300 0.04134398 0.00965006
v -0.01506298 0.04144597 0.00965006
v -0.01232099 0.03971099 0.00965006
v -0.01565897 0.04055398 0.00965006
v -0.01377600 0.03837895 0.00965006
v -0.01655095 0.03995800 0.00965006
v -0.01549899 0.03741699 0.00965006
v -0.01760298 0.03974795 0.00965006
v -0.01739698 0.03687900 0.00965006
v -0.01936799 0.03679198 0.00965006
v -0.01865595 0.03995800 0.00965006
v -0.02130597 0.03716295 0.00965006
v -0.01954799 0.04055398 0.00965006
v -0.02310597 0.03796994 0.00965006
v -0.02467197 0.03917098 0.00965006
v -0.02014398 0.04144597 0.00965006
v -0.02591794 0.04069995 0.00965006
v -0.02035295 0.04249799 0.00965006
v -0.02677899 0.04247498 0.00965006
v -0.02307999 0.04459297 0.00965006
v -0.02014398 0.04355096 0.00965006
v -0.01954799 0.04444295 0.00965006
v -0.01921498 0.04638999 0.00965006
v -0.01760298 0.04524797 0.00965006
v -0.01655095 0.04503899 0.00965006
v -0.01865595 0.04503899 0.00965006
v -0.02666997 -0.04218000 0.01404602
v -0.02670699 -0.04227799 0.01258106
v -0.02660298 -0.04201197 0.01552600
v -0.02674394 -0.04237598 0.01111502
v -0.02677899 -0.04247498 0.00965006
v -0.02647095 -0.04171299 0.01697904
v -0.02591794 -0.04069995 0.00965006
v -0.02626597 -0.04129600 0.01838500
v -0.02596998 -0.04078197 0.01972598
v -0.02556896 -0.04019296 0.02098901
v -0.02467197 -0.03917098 0.00965006
v -0.02505797 -0.03957200 0.02213604
v -0.02443200 -0.03894698 0.02316005
v -0.02368199 -0.03834599 0.02406401
v -0.02310597 -0.03796994 0.00965006
v -0.02280199 -0.03779697 0.02484698
v -0.02178895 -0.03733098 0.02550501
v -0.02130597 -0.03716295 0.00965006
v -0.02067500 -0.03699100 0.02602798
v -0.01936799 -0.03679198 0.00965006
v -0.01947999 -0.03680098 0.02642197
v -0.01825100 -0.03678494 0.02669401
v -0.01739698 -0.03687900 0.00965006
v -0.01702100 -0.03694796 0.02685899
v -0.01549899 -0.03741699 0.00965006
v -0.01583498 -0.03728598 0.02692801
v -0.01472997 -0.03778195 0.02691097
v -0.01377600 -0.03837895 0.00965006
v -0.01372694 -0.03841400 0.02681095
v -0.01284098 -0.03916198 0.02662606
v -0.01232099 -0.03971099 0.00965006
v -0.01208394 -0.03999799 0.02634901
v -0.01146298 -0.04089599 0.02597196
v -0.01121300 -0.04134398 0.00965006
v -0.01098495 -0.04181599 0.02549905
v -0.01063799 -0.04273599 0.02492506
v -0.01051098 -0.04318696 0.00965006
v -0.01040995 -0.04363799 0.02424998
v -0.01028597 -0.04450696 0.02347297
v -0.01025199 -0.04514294 0.00965006
v -0.01025199 -0.04533100 0.02258903
v -0.01029098 -0.04609298 0.02160496
v -0.01045197 -0.04710596 0.00965006
v -0.01038396 -0.04676896 0.02053995
v -0.01051098 -0.04735499 0.01939995
v -0.01064997 -0.04784399 0.01818997
v -0.01078397 -0.04823297 0.01690597
v -0.01089495 -0.04851895 0.01552195
v -0.01096695 -0.04868495 0.01404602
v -0.01100999 -0.04877996 0.01258106
v -0.01105397 -0.04887497 0.01111502
v -0.01109898 -0.04896998 0.00965006
v -0.02591794 -0.04069995 0.00965006
v -0.02677899 -0.04247498 0.00965006
v -0.02035295 -0.04249799 0.00965006
v -0.02307999 -0.04459297 0.00965006
v -0.02014398 -0.04355096 0.00965006
v -0.01954799 -0.04444295 0.00965006
v -0.01921498 -0.04638999 0.00965006
v -0.01865595 -0.04503899 0.00965006
v -0.01760298 -0.04524797 0.00965006
v -0.01521199 -0.04785197 0.00965006
v -0.01655095 -0.04503899 0.00965006
v -0.01565897 -0.04444295 0.00965006
v -0.01045197 -0.04710596 0.00965006
v -0.01025199 -0.04514294 0.00965006
v -0.01109898 -0.04896998 0.00965006
v -0.01506298 -0.04355096 0.00965006
v -0.01051098 -0.04318696 0.00965006
v -0.01485300 -0.04249799 0.00965006
v -0.01121300 -0.04134398 0.00965006
v -0.01506298 -0.04144597 0.00965006
v -0.01232099 -0.03971099 0.00965006
v -0.01565897 -0.04055398 0.00965006
v -0.01377600 -0.03837895 0.00965006
v -0.01655095 -0.03995800 0.00965006
v -0.01549899 -0.03741699 0.00965006
v -0.01760298 -0.03974795 0.00965006
v -0.01739698 -0.03687900 0.00965006
v -0.01936799 -0.03679198 0.00965006
v -0.01865595 -0.03995800 0.00965006
v -0.02130597 -0.03716295 0.00965006
v -0.01954799 -0.04055398 0.00965006
v -0.02310597 -0.03796994 0.00965006
v -0.02467197 -0.03917098 0.00965006
v -0.02014398 -0.04144597 0.00965006
v -0.04218000 0.02666997 0.01404602
v -0.04227799 0.02670699 0.01258106
v -0.04201197 0.02660298 0.01552600
v -0.04237598 0.02674394 0.01111502
v -0.04247498 0.02677899 0.00965006
v -0.04171299 0.02647095 0.01697904
v -0.04069995 0.02591794 0.00965006
v -0.04129600 0.02626597 0.01838500
v -0.04078197 0.02596998 0.01972598
v -0.04019296 0.02556896 0.02098901
v -0.03917098 0.02467197 0.00965006
v -0.03957200 0.02505797 0.02213604
v -0.03894698 0.02443200 0.02316005
v -0.03834599 0.02368199 0.02406401
v -0.03796994 0.02310597 0.00965006
v -0.03779697 0.02280199 0.02484698
v -0.03733098 0.02178895 0.02550501
v -0.03716295 0.02130597 0.00965006
v -0.03699100 0.02067500 0.02602798
v -0.03679198 0.01936799 0.00965006
v -0.03680098 0.01947999 0.02642197
v -0.03678494 0.01825100 0.02669401
v -0.03687900 0.01739698 0.00965006
v -0.03694796 0.01702100 0.02685899
v -0.03741699 0.01549899 0.00965006
v -0.03728598 0.01583498 0.02692801
v -0.03778195 0.01472997 0.02691097
v -0.03837895 0.01377600 0.00965006
v -0.03841400 0.01372694 0.02681095
v -0.03916198 0.01284098 0.02662606
v -0.03971099 0.01232099 0.00965006
v -0.03999799 0.01208394 0.02634901
v -0.04089599 0.01146298 0.02597196
v -0.04134398 0.01121300 0.00965006
v -0.04181599 0.01098495 0.02549905
v -0.04273599 0.01063799 0.02492506
v -0.04318696 0.01051098 0.00965006
v -0.04363799 0.01040995 0.02424998
v -0.04450696 0.01028597 0.02347297
v -0.04514294 0.01025199 0.00965006
v -0.04533100 0.01025199 0.02258903
v -0.04609298 0.01029098 0.02160496
v -0.04710596 0.01045197 0.00965006
v -0.04676896 0.01038396 0.02053995
v -0.04735499 0.01051098 0.01939995
v -0.04784399 0.01064997 0.01818997
v -0.04823297 0.01078397 0.01690597
v -0.04851895 0.01089495 0.01552195
v -0.04868495 0.01096695 0.01404602
v -0.04877996 0.01100999 0.01258106
v -0.04887497 0.01105397 0.01111502
v -0.04896998 0.01109898 0.00965006
v -0.04069995 0.02591794 0.00965006
v -0.04247498 0.02677899 0.00965006
v -0.04249799 0.02035295 0.00965006
v -0.04459297 0.02307999 0.00965006
v -0.04355096 0.02014398 0.00965006
v -0.04444295 0.01954799 0.00965006
v -0.04638999 0.01921498 0.00965006
v -0.04503899 0.01865595 0.00965006
v -0.04524797 0.01760298 0.00965006
v -0.04785197 0.01521199 0.00965006
v -0.04503899 0.01655095 0.00965006
v -0.04444295 0.01565897 0.00965006
v -0.04710596 0.01045197 0.00965006
v -0.04514294 0.01025199 0.00965006
v -0.04896998 0.01109898 0.00965006
v -0.04355096 0.01506298 0.00965006
v -0.04318696 0.01051098 0.00965006
v -0.04249799 0.01485300 0.00965006
v -0.04134398 0.01121300 0.00965006
v -0.04144597 0.01506298 0.00965006
v -0.03971099 0.01232099 0.00965006
v -0.04055398 0.01565897 0.00965006
v -0.03837895 0.01377600 0.00965006
v -0.03995800 0.01655095 0.00965006
v -0.03741699 0.01549899 0.00965006
v -0.03974795 0.01760298 0.00965006
v -0.03687900 0.01739698 0.00965006
v -0.03679198 0.01936799 0.00965006
v -0.03995800 0.01865595 0.00965006
v -0.03716295 0.02130597 0.00965006
v -0.04055398 0.01954799 0.00965006
v -0.03796994 0.02310597 0.00965006
v -0.03917098 0.02467197 0.00965006
v -0.04144597 0.02014398 0.00965006
v -0.04868495 -0.01096695 0.01404602
v -0.04877996 -0.01100999 0.01258106
v -0.04851895 -0.01089596 0.01552600
v -0.04887497 -0.01105397 0.01111502
v -0.04896998 -0.01109898 0.00965006
v -0.04821395 -0.01077699 0.01697904
v -0.04710596 -0.01045197 0.00965006
v -0.04777300 -0.01062798 0.01838500
v -0.04720097 -0.01047295 0.01972598
v -0.04649996 -0.01034098 0.02098901
v -0.04514294 -0.01025199 0.00965006
v -0.04569995 -0.01026296 0.02213604
v -0.04481595 -0.01026397 0.02316005
v -0.04386097 -0.01036900 0.02406401
v -0.04318696 -0.01051098 0.00965006
v -0.04284995 -0.01060295 0.02484698
v -0.04180395 -0.01098996 0.02550501
v -0.04134398 -0.01121300 0.00965006
v -0.04077595 -0.01153695 0.02602798
v -0.03971099 -0.01232099 0.00965006
v -0.03979694 -0.01224797 0.02642197
v -0.03891599 -0.01310598 0.02669401
v -0.03837895 -0.01377600 0.00965006
v -0.03816199 -0.01409095 0.02685899
v -0.03741699 -0.01549899 0.00965006
v -0.03756195 -0.01516795 0.02692801
v -0.03713095 -0.01629996 0.02691097
v -0.03687900 -0.01739698 0.00965006
v -0.03686898 -0.01745694 0.02681095
v -0.03677099 -0.01861196 0.02662606
v -0.03679198 -0.01936799 0.00965006
v -0.03682798 -0.01973795 0.02634901
v -0.03702396 -0.02081197 0.02597196
v -0.03716295 -0.02130597 0.00965006
v -0.03733599 -0.02180099 0.02549905
v -0.03774100 -0.02269697 0.02492506
v -0.03796994 -0.02310597 0.00965006
v -0.03821796 -0.02349597 0.02424998
v -0.03874397 -0.02419799 0.02347297
v -0.03917098 -0.02467197 0.00965006
v -0.03930300 -0.02480494 0.02258903
v -0.03986895 -0.02531599 0.02160496
v -0.04069995 -0.02591794 0.00965006
v -0.04041397 -0.02572798 0.02053995
v -0.04091697 -0.02605295 0.01939995
v -0.04136198 -0.02629995 0.01818997
v -0.04173099 -0.02647995 0.01690597
v -0.04201197 -0.02660495 0.01552195
v -0.04218000 -0.02666997 0.01404602
v -0.04227799 -0.02670699 0.01258106
v -0.04237598 -0.02674394 0.01111502
v -0.04247498 -0.02677899 0.00965006
v -0.04896998 -0.01109898 0.00965006
v -0.04785197 -0.01521199 0.00965006
v -0.04710596 -0.01045197 0.00965006
v -0.04444295 -0.01565897 0.00965006
v -0.04514294 -0.01025199 0.00965006
v -0.04355096 -0.01506298 0.00965006
v -0.04318696 -0.01051098 0.00965006
v -0.04249799 -0.01485300 0.00965006
v -0.04134398 -0.01121300 0.00965006
v -0.04144597 -0.01506298 0.00965006
v -0.03971099 -0.01232099 0.00965006
v -0.04055398 -0.01565897 0.00965006
v -0.03837895 -0.01377600 0.00965006
v -0.03995800 -0.01655095 0.00965006
v -0.03741699 -0.01549899 0.00965006
v -0.03974795 -0.01760298 0.00965006
v -0.03687900 -0.01739698 0.00965006
v -0.03679198 -0.01936799 0.00965006
v -0.03995800 -0.01865595 0.00965006
v -0.03716295 -0.02130597 0.00965006
v -0.04055398 -0.01954799 0.00965006
v -0.03796994 -0.02310597 0.00965006
v -0.03917098 -0.02467197 0.00965006
v -0.04144597 -0.02014398 0.00965006
v -0.04069995 -0.02591794 0.00965006
v -0.04249799 -0.02035295 0.00965006
v -0.04247498 -0.02677899 0.00965006
v -0.04459297 -0.02307999 0.00965006
v -0.04355096 -0.02014398 0.00965006
v -0.04444295 -0.01954799 0.00965006
v -0.04638999 -0.01921498 0.00965006
v -0.04524797 -0.01760298 0.00965006
v -0.04503899 -0.01655095 0.00965006
v -0.04503899 -0.01865595 0.00965006
v -0.00095600 -0.01212894 0.01432402
v -0.00038700 -0.01212894 0.01432402
v -0.00144994 -0.01184397 0.01432402
v 0.00010600 -0.01184397 0.01432402
v -0.00173396 -0.01135098 0.01432402
v 0.00039100 -0.01135098 0.01432402
v -0.00173396 -0.01078200 0.01432402
v 0.00039100 -0.01078200 0.01432402
v -0.00144994 -0.01028800 0.01432402
v 0.00010600 -0.01028800 0.01432402
v -0.00095600 -0.01000398 0.01432402
v -0.00038700 -0.01000398 0.01432402
v -0.01113897 0.00095300 0.01432402
v -0.01056897 0.00095300 0.01432402
v -0.01163196 0.00123697 0.01432402
v -0.01007598 0.00123697 0.01432402
v -0.01191699 0.00173098 0.01432402
v -0.00979197 0.00173098 0.01432402
v -0.01191699 0.00229996 0.01432402
v -0.00979197 0.00229996 0.01432402
v -0.01163196 0.00279295 0.01432402
v -0.01007598 0.00279295 0.01432402
v -0.01113897 0.00307798 0.01432402
v -0.01056897 0.00307798 0.01432402
v -0.00138098 0.01000398 0.01432402
v -0.00081100 0.01000398 0.01432402
v -0.00187397 0.01028800 0.01432402
v -0.00031800 0.01028800 0.01432402
v -0.00215900 0.01078200 0.01432402
v -0.00003300 0.01078200 0.01432402
v -0.00215900 0.01135098 0.01432402
v -0.00003300 0.01135098 0.01432402
v -0.00187397 0.01184397 0.01432402
v -0.00031800 0.01184397 0.01432402
v -0.00138098 0.01212894 0.01432402
v -0.00081100 0.01212894 0.01432402
v 0.01056897 -0.00329000 0.01432402
v 0.01113897 -0.00329000 0.01432402
v 0.01007598 -0.00300497 0.01432402
v 0.01163196 -0.00300497 0.01432402
v 0.00979197 -0.00251198 0.01432402
v 0.01191699 -0.00251198 0.01432402
v 0.00979197 -0.00194299 0.01432402
v 0.01191699 -0.00194299 0.01432402
v 0.01007598 -0.00144994 0.01432402
v 0.01163196 -0.00144994 0.01432402
v 0.01056897 -0.00116497 0.01432402
v 0.01113897 -0.00116497 0.01432402
v -0.00173396 -0.01135098 0.01432402
v -0.00162399 -0.01161599 0.01830000
v -0.00144994 -0.01184397 0.01432402
v -0.00122195 -0.01201897 0.01830000
v -0.00095600 -0.01212894 0.01432402
v -0.00067200 -0.01216596 0.01830000
v -0.00038700 -0.01212894 0.01432402
v -0.00012200 -0.01201897 0.01830000
v 0.00010600 -0.01184397 0.01432402
v 0.00028100 -0.01161599 0.01830000
v 0.00039100 -0.01135098 0.01432402
v 0.00042800 -0.01106595 0.01830000
v 0.00039100 -0.01078200 0.01432402
v 0.00028100 -0.01051598 0.01830000
v 0.00010600 -0.01028800 0.01432402
v -0.00012200 -0.01011395 0.01830000
v -0.00038700 -0.01000398 0.01432402
v -0.00067200 -0.00996596 0.01830000
v -0.00095600 -0.01000398 0.01432402
v -0.00122195 -0.01011395 0.01830000
v -0.00144994 -0.01028800 0.01432402
v -0.00162399 -0.01051598 0.01830000
v -0.00173396 -0.01078200 0.01432402
v -0.00177199 -0.01106595 0.01830000
v -0.00173396 -0.01135098 0.01432402
v -0.00177199 -0.01106595 0.01830000
v -0.01191699 0.00173098 0.01432402
v -0.01180696 0.00146496 0.01830000
v -0.01163196 0.00123697 0.01432402
v -0.01140397 0.00106299 0.01830000
v -0.01113897 0.00095300 0.01432402
v -0.01085394 0.00091500 0.01830000
v -0.01056897 0.00095300 0.01432402
v -0.01030397 0.00106299 0.01830000
v -0.01007598 0.00123697 0.01432402
v -0.00990099 0.00146496 0.01830000
v -0.00979197 0.00173098 0.01432402
v -0.00975394 0.00201499 0.01830000
v -0.00979197 0.00229996 0.01432402
v -0.00990099 0.00256497 0.01830000
v -0.01007598 0.00279295 0.01432402
v -0.01030397 0.00296795 0.01830000
v -0.01056897 0.00307798 0.01432402
v -0.01085394 0.00311500 0.01830000
v -0.01113897 0.00307798 0.01432402
v -0.01140397 0.00296795 0.01830000
v -0.01163196 0.00279295 0.01432402
v -0.01180696 0.00256497 0.01830000
v -0.01191699 0.00229996 0.01432402
v -0.01195394 0.00201499 0.01830000
v -0.01191699 0.00173098 0.01432402
v -0.01195394 0.00201499 0.01830000
v -0.00215900 0.01078200 0.01432402
v -0.00204897 0.01051598 0.01830000
v -0.00187397 0.01028800 0.01432402
v -0.00164598 0.01011395 0.01830000
v -0.00138098 0.01000398 0.01432402
v -0.00109595 0.00996596 0.01830000
v -0.00081100 0.01000398 0.01432402
v -0.00054600 0.01011395 0.01830000
v -0.00031800 0.01028800 0.01432402
v -0.00014300 0.01051598 0.01830000
v -0.00003300 0.01078200 0.01432402
v 0.00000400 0.01106595 0.01830000
v -0.00003300 0.01135098 0.01432402
v -0.00014300 0.01161599 0.01830000
v -0.00031800 0.01184397 0.01432402
v -0.00054600 0.01201897 0.01830000
v -0.00081100 0.01212894 0.01432402
v -0.00109595 0.01216596 0.01830000
v -0.00138098 0.01212894 0.01432402
v -0.00164598 0.01201897 0.01830000
v -0.00187397 0.01184397 0.01432402
v -0.00204897 0.01161599 0.01830000
v -0.00215900 0.01135098 0.01432402
v -0.00219595 0.01106595 0.01830000
v -0.00215900 0.01078200 0.01432402
v -0.00219595 0.01106595 0.01830000
v 0.00979197 -0.00251198 0.01432402
v 0.00990099 -0.00277698 0.01830000
v 0.01007598 -0.00300497 0.01432402
v 0.01030397 -0.00317997 0.01830000
v 0.01056897 -0.00329000 0.01432402
v 0.01085394 -0.00332695 0.01830000
v 0.01113897 -0.00329000 0.01432402
v 0.01140397 -0.00317997 0.01830000
v 0.01163196 -0.00300497 0.01432402
v 0.01180696 -0.00277698 0.01830000
v 0.01191699 -0.00251198 0.01432402
v 0.01195394 -0.00222695 0.01830000
v 0.01191699 -0.00194299 0.01432402
v 0.01180696 -0.00167698 0.01830000
v 0.01163196 -0.00144994 0.01432402
v 0.01140397 -0.00127494 0.01830000
v 0.01113897 -0.00116497 0.01432402
v 0.01085394 -0.00112695 0.01830000
v 0.01056897 -0.00116497 0.01432402
v 0.01030397 -0.00127494 0.01830000
v 0.01007598 -0.00144994 0.01432402
v 0.00990099 -0.00167698 0.01830000
v 0.00979197 -0.00194299 0.01432402
v 0.00975394 -0.00222695 0.01830000
v 0.00979197 -0.00251198 0.01432402
v 0.00975394 -0.00222695 0.01830000
v 0.01058995 -0.00612998 0.01830000
v 0.01030397 -0.00317997 0.01830000
v 0.00913495 -0.00661898 0.01830000
v 0.00990099 -0.00277698 0.01830000
v 0.00825000 -0.00693595 0.01830000
v 0.00975394 -0.00222695 0.01830000
v 0.00749499 -0.00749499 0.01830000
v -0.00990099 0.00146496 0.01830000
v -0.00067200 -0.00996596 0.01830000
v -0.00122195 -0.01011395 0.01830000
v -0.01030397 0.00106299 0.01830000
v -0.01160800 -0.00782597 0.01830000
v -0.01281195 -0.00564396 0.01830000
v -0.01360994 -0.00328296 0.01830000
v -0.01085394 0.00091500 0.01830000
v -0.01397597 -0.00081700 0.01830000
v -0.01140397 0.00106299 0.01830000
v -0.01180696 0.00146496 0.01830000
v 0.01085394 -0.00332695 0.01830000
v 0.01187294 -0.00528794 0.01830000
v 0.01140397 -0.00317997 0.01830000
v 0.01290094 -0.00414699 0.01830000
v 0.01180696 -0.00277698 0.01830000
v 0.01360595 -0.00278300 0.01830000
v 0.01195394 -0.00222695 0.01830000
v 0.01394098 -0.00128496 0.01830000
v 0.01180696 -0.00167698 0.01830000
v 0.01140397 -0.00127494 0.01830000
v 0.01394796 0.00120699 0.01830000
v 0.01085394 -0.00112695 0.01830000
v 0.01351296 0.00366098 0.01830000
v 0.01030397 -0.00127494 0.01830000
v 0.01264899 0.00599897 0.01830000
v 0.01138496 0.00814700 0.01830000
v 0.00975996 0.01003700 0.01830000
v -0.00054600 0.01011395 0.01830000
v 0.00990099 -0.00167698 0.01830000
v -0.00109595 0.00996596 0.01830000
v -0.00713497 0.00792497 0.01830000
v -0.00975394 0.00201499 0.01830000
v -0.00792497 0.00713497 0.01830000
v -0.00990099 0.00256497 0.01830000
v -0.00893700 0.00666499 0.01830000
v -0.01030397 0.00296795 0.01830000
v -0.01004898 0.00657099 0.01830000
v -0.01085394 0.00311500 0.01830000
v -0.01112598 0.00686496 0.01830000
v -0.01244199 0.00641894 0.01830000
v -0.01210296 0.00679594 0.01830000
v -0.01162296 0.00695795 0.01830000
v -0.00014300 0.01051598 0.01830000
v 0.00782597 0.01160800 0.01830000
v 0.00564396 0.01281195 0.01830000
v 0.00000400 0.01106595 0.01830000
v 0.00328296 0.01360994 0.01830000
v -0.00014300 0.01161599 0.01830000
v 0.00081700 0.01397597 0.01830000
v -0.00054600 0.01201897 0.01830000
v -0.00167400 0.01389998 0.01830000
v -0.00109595 0.01216596 0.01830000
v -0.00164598 0.01201897 0.01830000
v -0.00411195 0.01338297 0.01830000
v -0.00204897 0.01161599 0.01830000
v -0.00219595 0.01106595 0.01830000
v -0.00641894 0.01244199 0.01830000
v -0.00686496 0.01112598 0.01830000
v -0.00695795 0.01162296 0.01830000
v -0.00679594 0.01210296 0.01830000
v -0.00657099 0.01004898 0.01830000
v -0.00204897 0.01051598 0.01830000
v -0.00666499 0.00893700 0.01830000
v -0.00164598 0.01011395 0.01830000
v -0.01140397 0.00296795 0.01830000
v -0.01338297 0.00411195 0.01830000
v -0.01180696 0.00256497 0.01830000
v -0.01389998 0.00167400 0.01830000
v -0.01195394 0.00201499 0.01830000
v -0.01003700 -0.00975996 0.01830000
v -0.00162399 -0.01051598 0.01830000
v -0.00814700 -0.01138496 0.01830000
v -0.00599897 -0.01264899 0.01830000
v -0.00177199 -0.01106595 0.01830000
v -0.00366098 -0.01351296 0.01830000
v -0.00162399 -0.01161599 0.01830000
v -0.00122195 -0.01201897 0.01830000
v -0.00120699 -0.01394796 0.01830000
v -0.00067200 -0.01216596 0.01830000
v -0.00012200 -0.01201897 0.01830000
v 0.00128496 -0.01394098 0.01830000
v 0.00028100 -0.01161599 0.01830000
v 0.00278300 -0.01360595 0.01830000
v 0.00042800 -0.01106595 0.01830000
v 0.00414699 -0.01290094 0.01830000
v 0.00528794 -0.01187294 0.01830000
v 0.00028100 -0.01051598 0.01830000
v 0.00612998 -0.01058995 0.01830000
v 0.00661898 -0.00913495 0.01830000
v -0.00012200 -0.01011395 0.01830000
v 0.00693595 -0.00825000 0.01830000
v -0.03995800 0.01865595 0.01264996
v -0.04503899 0.01865595 0.01264996
v -0.03974795 0.01760298 0.01264996
v -0.04524797 0.01760298 0.01264996
v -0.03995800 0.01655095 0.01264996
v -0.04503899 0.01655095 0.01264996
v -0.04055398 0.01565897 0.01264996
v -0.04444295 0.01565897 0.01264996
v -0.04144597 0.01506298 0.01264996
v -0.04355096 0.01506298 0.01264996
v -0.04249799 0.01485300 0.01264996
v -0.04444295 0.01954799 0.01264996
v -0.04055398 0.01954799 0.01264996
v -0.04355096 0.02014398 0.01264996
v -0.04144597 0.02014398 0.01264996
v -0.04249799 0.02035295 0.01264996
v -0.03995800 0.01655095 0.01264996
v -0.03974795 0.01760298 0.00965006
v -0.03974795 0.01760298 0.01264996
v -0.03995800 0.01865595 0.00965006
v -0.03995800 0.01865595 0.01264996
v -0.04055398 0.01954799 0.00965006
v -0.04055398 0.01954799 0.01264996
v -0.04144597 0.02014398 0.00965006
v -0.04144597 0.02014398 0.01264996
v -0.04249799 0.02035295 0.00965006
v -0.04249799 0.02035295 0.01264996
v -0.04355096 0.02014398 0.00965006
v -0.04355096 0.02014398 0.01264996
v -0.04444295 0.01954799 0.00965006
v -0.04444295 0.01954799 0.01264996
v -0.04503899 0.01865595 0.00965006
v -0.04503899 0.01865595 0.01264996
v -0.04524797 0.01760298 0.01264996
v -0.04524797 0.01760298 0.00965006
v -0.04524797 0.01760298 0.01264996
v -0.04524797 0.01760298 0.00965006
v -0.04503899 0.01655095 0.01264996
v -0.04503899 0.01655095 0.00965006
v -0.04444295 0.01565897 0.00965006
v -0.03995800 0.01655095 0.00965006
v -0.04055398 0.01565897 0.01264996
v -0.04055398 0.01565897 0.00965006
v -0.04144597 0.01506298 0.01264996
v -0.04144597 0.01506298 0.00965006
v -0.04249799 0.01485300 0.01264996
v -0.04249799 0.01485300 0.00965006
v -0.04355096 0.01506298 0.01264996
v -0.04355096 0.01506298 0.00965006
v -0.04444295 0.01565897 0.01264996
v -0.03995800 -0.01655095 0.01264996
v -0.04503899 -0.01655095 0.01264996
v -0.03974795 -0.01760298 0.01264996
v -0.04524797 -0.01760298 0.01264996
v -0.03995800 -0.01865595 0.01264996
v -0.04503899 -0.01865595 0.01264996
v -0.04055398 -0.01954799 0.01264996
v -0.04444295 -0.01954799 0.01264996
v -0.04144597 -0.02014398 0.01264996
v -0.04355096 -0.02014398 0.01264996
v -0.04249799 -0.02035295 0.01264996
v -0.04444295 -0.01565897 0.01264996
v -0.04055398 -0.01565897 0.01264996
v -0.04355096 -0.01506298 0.01264996
v -0.04144597 -0.01506298 0.01264996
v -0.04249799 -0.01485300 0.01264996
v -0.03995800 -0.01865595 0.01264996
v -0.03974795 -0.01760298 0.00965006
v -0.03974795 -0.01760298 0.01264996
v -0.03995800 -0.01655095 0.00965006
v -0.03995800 -0.01655095 0.01264996
v -0.04055398 -0.01565897 0.00965006
v -0.04055398 -0.01565897 0.01264996
v -0.04144597 -0.01506298 0.00965006
v -0.04144597 -0.01506298 0.01264996
v -0.04249799 -0.01485300 0.00965006
v -0.04249799 -0.01485300 0.01264996
v -0.04355096 -0.01506298 0.00965006
v -0.04355096 -0.01506298 0.01264996
v -0.04444295 -0.01565897 0.00965006
v -0.04444295 -0.01565897 0.01264996
v -0.04503899 -0.01655095 0.00965006
v -0.04503899 -0.01655095 0.01264996
v -0.04524797 -0.01760298 0.01264996
v -0.04524797 -0.01760298 0.00965006
v -0.04524797 -0.01760298 0.01264996
v -0.04524797 -0.01760298 0.00965006
v -0.04503899 -0.01865595 0.01264996
v -0.04503899 -0.01865595 0.00965006
v -0.04444295 -0.01954799 0.00965006
v -0.03995800 -0.01865595 0.00965006
v -0.04055398 -0.01954799 0.01264996
v -0.04055398 -0.01954799 0.00965006
v -0.04144597 -0.02014398 0.01264996
v -0.04144597 -0.02014398 0.00965006
v -0.04249799 -0.02035295 0.01264996
v -0.04249799 -0.02035295 0.00965006
v -0.04355096 -0.02014398 0.01264996
v -0.04355096 -0.02014398 0.00965006
v -0.04444295 -0.01954799 0.01264996
v -0.01506298 -0.04144597 0.01264996
v -0.02014398 -0.04144597 0.01264996
v -0.01485300 -0.04249799 0.01264996
v -0.02035295 -0.04249799 0.01264996
v -0.01506298 -0.04355096 0.01264996
v -0.02014398 -0.04355096 0.01264996
v -0.01565897 -0.04444295 0.01264996
v -0.01954799 -0.04444295 0.01264996
v -0.01655095 -0.04503899 0.01264996
v -0.01865595 -0.04503899 0.01264996
v -0.01760298 -0.04524797 0.01264996
v -0.01954799 -0.04055398 0.01264996
v -0.01565897 -0.04055398 0.01264996
v -0.01865595 -0.03995800 0.01264996
v -0.01655095 -0.03995800 0.01264996
v -0.01760298 -0.03974795 0.01264996
v -0.01506298 -0.04355096 0.01264996
v -0.01485300 -0.04249799 0.00965006
v -0.01485300 -0.04249799 0.01264996
v -0.01506298 -0.04144597 0.00965006
v -0.01506298 -0.04144597 0.01264996
v -0.01565897 -0.04055398 0.00965006
v -0.01565897 -0.04055398 0.01264996
v -0.01655095 -0.03995800 0.00965006
v -0.01655095 -0.03995800 0.01264996
v -0.01760298 -0.03974795 0.00965006
v -0.01760298 -0.03974795 0.01264996
v -0.01865595 -0.03995800 0.00965006
v -0.01865595 -0.03995800 0.01264996
v -0.01954799 -0.04055398 0.00965006
v -0.01954799 -0.04055398 0.01264996
v -0.02014398 -0.04144597 0.00965006
v -0.02014398 -0.04144597 0.01264996
v -0.02035295 -0.04249799 0.01264996
v -0.02035295 -0.04249799 0.00965006
v -0.02035295 -0.04249799 0.01264996
v -0.02035295 -0.04249799 0.00965006
v -0.02014398 -0.04355096 0.01264996
v -0.02014398 -0.04355096 0.00965006
v -0.01954799 -0.04444295 0.00965006
v -0.01506298 -0.04355096 0.00965006
v -0.01565897 -0.04444295 0.01264996
v -0.01565897 -0.04444295 0.00965006
v -0.01655095 -0.04503899 0.01264996
v -0.01655095 -0.04503899 0.00965006
v -0.01760298 -0.04524797 0.01264996
v -0.01760298 -0.04524797 0.00965006
v -0.01865595 -0.04503899 0.01264996
v -0.01865595 -0.04503899 0.00965006
v -0.01954799 -0.04444295 0.01264996
v 0.02014398 -0.04144597 0.01264996
v 0.01506298 -0.04144597 0.01264996
v 0.02035295 -0.04249799 0.01264996
v 0.01485300 -0.04249799 0.01264996
v 0.02014398 -0.04355096 0.01264996
v 0.01506298 -0.04355096 0.01264996
v 0.01954799 -0.04444295 0.01264996
v 0.01565897 -0.04444295 0.01264996
v 0.01865595 -0.04503899 0.01264996
v 0.01655095 -0.04503899 0.01264996
v 0.01760298 -0.04524797 0.01264996
v 0.01565897 -0.04055398 0.01264996
v 0.01954799 -0.04055398 0.01264996
v 0.01655095 -0.03995800 0.01264996
v 0.01865595 -0.03995800 0.01264996
v 0.01760298 -0.03974795 0.01264996
v 0.02014398 -0.04355096 0.01264996
v 0.02035295 -0.04249799 0.00965006
v 0.02035295 -0.04249799 0.01264996
v 0.02014398 -0.04144597 0.00965006
v 0.02014398 -0.04144597 0.01264996
v 0.01954799 -0.04055398 0.00965006
v 0.01954799 -0.04055398 0.01264996
v 0.01865595 -0.03995800 0.00965006
v 0.01865595 -0.03995800 0.01264996
v 0.01760298 -0.03974795 0.00965006
v 0.01760298 -0.03974795 0.01264996
v 0.01655095 -0.03995800 0.00965006
v 0.01655095 -0.03995800 0.01264996
v 0.01565897 -0.04055398 0.00965006
v 0.01565897 -0.04055398 0.01264996
v 0.01506298 -0.04144597 0.00965006
v 0.01506298 -0.04144597 0.01264996
v 0.01485300 -0.04249799 0.01264996
v 0.01485300 -0.04249799 0.00965006
v 0.01485300 -0.04249799 0.01264996
v 0.01485300 -0.04249799 0.00965006
v 0.01506298 -0.04355096 0.01264996
v 0.01506298 -0.04355096 0.00965006
v 0.01565897 -0.04444295 0.00965006
v 0.02014398 -0.04355096 0.00965006
v 0.01954799 -0.04444295 0.01264996
v 0.01954799 -0.04444295 0.00965006
v 0.01865595 -0.04503899 0.01264996
v 0.01865595 -0.04503899 0.00965006
v 0.01760298 -0.04524797 0.01264996
v 0.01760298 -0.04524797 0.00965006
v 0.01655095 -0.04503899 0.01264996
v 0.01655095 -0.04503899 0.00965006
v 0.01565897 -0.04444295 0.01264996
v 0.04503899 -0.01655095 0.01264996
v 0.03995800 -0.01655095 0.01264996
v 0.04524797 -0.01760298 0.01264996
v 0.03974795 -0.01760298 0.01264996
v 0.04503899 -0.01865595 0.01264996
v 0.03995800 -0.01865595 0.01264996
v 0.04444295 -0.01954799 0.01264996
v 0.04055398 -0.01954799 0.01264996
v 0.04355096 -0.02014398 0.01264996
v 0.04144597 -0.02014398 0.01264996
v 0.04249799 -0.02035295 0.01264996
v 0.04055398 -0.01565897 0.01264996
v 0.04444295 -0.01565897 0.01264996
v 0.04144597 -0.01506298 0.01264996
v 0.04355096 -0.01506298 0.01264996
v 0.04249799 -0.01485300 0.01264996
v 0.04503899 -0.01865595 0.01264996
v 0.04524797 -0.01760298 0.00965006
v 0.04524797 -0.01760298 0.01264996
v 0.04503899 -0.01655095 0.00965006
v 0.04503899 -0.01655095 0.01264996
v 0.04444295 -0.01565897 0.00965006
v 0.04444295 -0.01565897 0.01264996
v 0.04355096 -0.01506298 0.00965006
v 0.04355096 -0.01506298 0.01264996
v 0.04249799 -0.01485300 0.00965006
v 0.04249799 -0.01485300 0.01264996
v 0.04144597 -0.01506298 0.00965006
v 0.04144597 -0.01506298 0.01264996
v 0.04055398 -0.01565897 0.00965006
v 0.04055398 -0.01565897 0.01264996
v 0.03995800 -0.01655095 0.00965006
v 0.03995800 -0.01655095 0.01264996
v 0.03974795 -0.01760298 0.01264996
v 0.03974795 -0.01760298 0.00965006
v 0.03974795 -0.01760298 0.01264996
v 0.03974795 -0.01760298 0.00965006
v 0.03995800 -0.01865595 0.01264996
v 0.03995800 -0.01865595 0.00965006
v 0.04055398 -0.01954799 0.00965006
v 0.04503899 -0.01865595 0.00965006
v 0.04444295 -0.01954799 0.01264996
v 0.04444295 -0.01954799 0.00965006
v 0.04355096 -0.02014398 0.01264996
v 0.04355096 -0.02014398 0.00965006
v 0.04249799 -0.02035295 0.01264996
v 0.04249799 -0.02035295 0.00965006
v 0.04144597 -0.02014398 0.01264996
v 0.04144597 -0.02014398 0.00965006
v 0.04055398 -0.01954799 0.01264996
v 0.04503899 0.01865595 0.01264996
v 0.03995800 0.01865595 0.01264996
v 0.04524797 0.01760298 0.01264996
v 0.03974795 0.01760298 0.01264996
v 0.04503899 0.01655095 0.01264996
v 0.03995800 0.01655095 0.01264996
v 0.04444295 0.01565897 0.01264996
v 0.04055398 0.01565897 0.01264996
v 0.04355096 0.01506298 0.01264996
v 0.04144597 0.01506298 0.01264996
v 0.04249799 0.01485300 0.01264996
v 0.04055398 0.01954799 0.01264996
v 0.04444295 0.01954799 0.01264996
v 0.04144597 0.02014398 0.01264996
v 0.04355096 0.02014398 0.01264996
v 0.04249799 0.02035295 0.01264996
v 0.04503899 0.01655095 0.01264996
v 0.04524797 0.01760298 0.00965006
v 0.04524797 0.01760298 0.01264996
v 0.04503899 0.01865595 0.00965006
v 0.04503899 0.01865595 0.01264996
v 0.04444295 0.01954799 0.00965006
v 0.04444295 0.01954799 0.01264996
v 0.04355096 0.02014398 0.00965006
v 0.04355096 0.02014398 0.01264996
v 0.04249799 0.02035295 0.00965006
v 0.04249799 0.02035295 0.01264996
v 0.04144597 0.02014398 0.00965006
v 0.04144597 0.02014398 0.01264996
v 0.04055398 0.01954799 0.00965006
v 0.04055398 0.01954799 0.01264996
v 0.03995800 0.01865595 0.00965006
v 0.03995800 0.01865595 0.01264996
v 0.03974795 0.01760298 0.01264996
v 0.03974795 0.01760298 0.00965006
v 0.03974795 0.01760298 0.01264996
v 0.03974795 0.01760298 0.00965006
v 0.03995800 0.01655095 0.01264996
v 0.03995800 0.01655095 0.00965006
v 0.04055398 0.01565897 0.00965006
v 0.04503899 0.01655095 0.00965006
v 0.04444295 0.01565897 0.01264996
v 0.04444295 0.01565897 0.00965006
v 0.04355096 0.01506298 0.01264996
v 0.04355096 0.01506298 0.00965006
v 0.04249799 0.01485300 0.01264996
v 0.04249799 0.01485300 0.00965006
v 0.04144597 0.01506298 0.01264996
v 0.04144597 0.01506298 0.00965006
v 0.04055398 0.01565897 0.01264996
v 0.02014398 0.04355096 0.01264996
v 0.01506298 0.04355096 0.01264996
v 0.02035295 0.04249799 0.01264996
v 0.01485300 0.04249799 0.01264996
v 0.02014398 0.04144597 0.01264996
v 0.01506298 0.04144597 0.01264996
v 0.01954799 0.04055398 0.01264996
v 0.01565897 0.04055398 0.01264996
v 0.01865595 0.03995800 0.01264996
v 0.01655095 0.03995800 0.01264996
v 0.01760298 0.03974795 0.01264996
v 0.01565897 0.04444295 0.01264996
v 0.01954799 0.04444295 0.01264996
v 0.01655095 0.04503899 0.01264996
v 0.01865595 0.04503899 0.01264996
v 0.01760298 0.04524797 0.01264996
v 0.02014398 0.04144597 0.01264996
v 0.02035295 0.04249799 0.00965006
v 0.02035295 0.04249799 0.01264996
v 0.02014398 0.04355096 0.00965006
v 0.02014398 0.04355096 0.01264996
v 0.01954799 0.04444295 0.00965006
v 0.01954799 0.04444295 0.01264996
v 0.01865595 0.04503899 0.00965006
v 0.01865595 0.04503899 0.01264996
v 0.01760298 0.04524797 0.00965006
v 0.01760298 0.04524797 0.01264996
v 0.01655095 0.04503899 0.00965006
v 0.01655095 0.04503899 0.01264996
v 0.01565897 0.04444295 0.00965006
v 0.01565897 0.04444295 0.01264996
v 0.01506298 0.04355096 0.00965006
v 0.01506298 0.04355096 0.01264996
v 0.01485300 0.04249799 0.01264996
v 0.01485300 0.04249799 0.00965006
v 0.01485300 0.04249799 0.01264996
v 0.01485300 0.04249799 0.00965006
v 0.01506298 0.04144597 0.01264996
v 0.01506298 0.04144597 0.00965006
v 0.01565897 0.04055398 0.00965006
v 0.02014398 0.04144597 0.00965006
v 0.01954799 0.04055398 0.01264996
v 0.01954799 0.04055398 0.00965006
v 0.01865595 0.03995800 0.01264996
v 0.01865595 0.03995800 0.00965006
v 0.01760298 0.03974795 0.01264996
v 0.01760298 0.03974795 0.00965006
v 0.01655095 0.03995800 0.01264996
v 0.01655095 0.03995800 0.00965006
v 0.01565897 0.04055398 0.01264996
v -0.01506298 0.04355096 0.01264996
v -0.02014398 0.04355096 0.01264996
v -0.01485300 0.04249799 0.01264996
v -0.02035295 0.04249799 0.01264996
v -0.01506298 0.04144597 0.01264996
v -0.02014398 0.04144597 0.01264996
v -0.01565897 0.04055398 0.01264996
v -0.01954799 0.04055398 0.01264996
v -0.01655095 0.03995800 0.01264996
v -0.01865595 0.03995800 0.01264996
v -0.01760298 0.03974795 0.01264996
v -0.01954799 0.04444295 0.01264996
v -0.01565897 0.04444295 0.01264996
v -0.01865595 0.04503899 0.01264996
v -0.01655095 0.04503899 0.01264996
v -0.01760298 0.04524797 0.01264996
v -0.01506298 0.04144597 0.01264996
v -0.01485300 0.04249799 0.00965006
v -0.01485300 0.04249799 0.01264996
v -0.01506298 0.04355096 0.00965006
v -0.01506298 0.04355096 0.01264996
v -0.01565897 0.04444295 0.00965006
v -0.01565897 0.04444295 0.01264996
v -0.01655095 0.04503899 0.00965006
v -0.01655095 0.04503899 0.01264996
v -0.01760298 0.04524797 0.00965006
v -0.01760298 0.04524797 0.01264996
v -0.01865595 0.04503899 0.00965006
v -0.01865595 0.04503899 0.01264996
v -0.01954799 0.04444295 0.00965006
v -0.01954799 0.04444295 0.01264996
v -0.02014398 0.04355096 0.00965006
v -0.02014398 0.04355096 0.01264996
v -0.02035295 0.04249799 0.01264996
v -0.02035295 0.04249799 0.00965006
v -0.02035295 0.04249799 0.01264996
v -0.02035295 0.04249799 0.00965006
v -0.02014398 0.04144597 0.01264996
v -0.02014398 0.04144597 0.00965006
v -0.01954799 0.04055398 0.00965006
v -0.01506298 0.04144597 0.00965006
v -0.01565897 0.04055398 0.01264996
v -0.01565897 0.04055398 0.00965006
v -0.01655095 0.03995800 0.01264996
v -0.01655095 0.03995800 0.00965006
v -0.01760298 0.03974795 0.01264996
v -0.01760298 0.03974795 0.00965006
v -0.01865595 0.03995800 0.01264996
v -0.01865595 0.03995800 0.00965006
v -0.01954799 0.04055398 0.01264996
v 0.01552295 0.00266194 0.02500004
v 0.01380199 0.00234497 0.02500004
v 0.01574999 0.00000000 0.02500004
v 0.01399898 -0.00015700 0.02500004
v 0.01552295 -0.00266194 0.02500004
v 0.01374596 -0.00265396 0.02500004
v 0.01484996 -0.00524700 0.02500004
v 0.01305097 -0.00506598 0.02500004
v 0.01374995 -0.00768095 0.02500004
v 0.01193696 -0.00731498 0.02500004
v 0.01225399 -0.00989395 0.02500004
v 0.01043897 -0.00932896 0.02500004
v 0.01040595 -0.01182299 0.02500004
v 0.00860596 -0.01104295 0.02500004
v 0.00825799 -0.01341199 0.02500004
v 0.00649500 -0.01240199 0.02500004
v 0.00587195 -0.01461398 0.02500004
v 0.00417697 -0.01336199 0.02500004
v 0.00331795 -0.01539599 0.02500004
v 0.00172299 -0.01389396 0.02500004
v 0.00066800 -0.01573598 0.02500004
v -0.00078500 -0.01397800 0.02500004
v -0.00200099 -0.01562196 0.02500004
v -0.00326794 -0.01361298 0.02500004
v -0.00461197 -0.01505994 0.02500004
v -0.00564599 -0.01281100 0.02500004
v -0.00709098 -0.01406395 0.02500004
v -0.00784296 -0.01159697 0.02500004
v -0.00936496 -0.01266294 0.02500004
v -0.00978798 -0.01001000 0.02500004
v -0.01137095 -0.01089799 0.02500004
v -0.01141798 -0.00810099 0.02500004
v -0.01304894 -0.00882000 0.02500004
v -0.01268094 -0.00593197 0.02500004
v -0.01435196 -0.00648695 0.02500004
v -0.01353597 -0.00357300 0.02500004
v -0.01524198 -0.00396895 0.02500004
v -0.01569294 -0.00133598 0.02500004
v -0.01395696 -0.00109798 0.02500004
v -0.01569294 0.00133598 0.02500004
v -0.01392894 0.00141096 0.02500004
v -0.01524198 0.00396895 0.02500004
v -0.01345294 0.00387597 0.02500004
v -0.01435196 0.00648695 0.02500004
v -0.01254498 0.00621599 0.02500004
v -0.01304894 0.00882000 0.02500004
v -0.01123297 0.00835598 0.02500004
v -0.01137095 0.01089799 0.02500004
v -0.00956094 0.01022696 0.02500004
v -0.00936496 0.01266294 0.02500004
v -0.00758100 0.01176995 0.02500004
v -0.00709098 0.01406395 0.02500004
v -0.00535798 0.01293396 0.02500004
v -0.00461197 0.01505994 0.02500004
v -0.00296199 0.01368296 0.02500004
v -0.00200099 0.01562196 0.02500004
v -0.00047100 0.01399195 0.02500004
v 0.00066800 0.01573598 0.02500004
v 0.00203496 0.01385098 0.02500004
v 0.00331795 0.01539599 0.02500004
v 0.00447500 0.01326495 0.02500004
v 0.00587195 0.01461398 0.02500004
v 0.00677198 0.01225298 0.02500004
v 0.00825799 0.01341199 0.02500004
v 0.00885099 0.01084697 0.02500004
v 0.01040595 0.01182299 0.02500004
v 0.01064598 0.00909197 0.02500004
v 0.01225399 0.00989395 0.02500004
v 0.01209795 0.00704497 0.02500004
v 0.01374995 0.00768095 0.02500004
v 0.01316195 0.00477195 0.02500004
v 0.01484996 0.00524700 0.02500004
v -0.00641894 0.01244199 0.01830000
v -0.00535798 0.01293396 0.02500004
v -0.00641894 0.01244199 0.02299995
v -0.00758100 0.01176995 0.02500004
v -0.00825799 0.01130497 0.02299995
v -0.00956094 0.01022696 0.02500004
v -0.00989896 0.00989896 0.02299995
v -0.01123297 0.00835598 0.02500004
v -0.01130497 0.00825799 0.02299995
v -0.01244199 0.00641894 0.02299995
v -0.01254498 0.00621599 0.02500004
v -0.01244199 0.00641894 0.01830000
v -0.01338297 0.00411195 0.01830000
v -0.01345294 0.00387597 0.02500004
v -0.01389998 0.00167400 0.01830000
v -0.01392894 0.00141096 0.02500004
v -0.01397597 -0.00081700 0.01830000
v -0.01395696 -0.00109798 0.02500004
v -0.01360994 -0.00328296 0.01830000
v -0.01353597 -0.00357300 0.02500004
v -0.01281195 -0.00564396 0.01830000
v -0.01268094 -0.00593197 0.02500004
v -0.01160800 -0.00782597 0.01830000
v -0.01141798 -0.00810099 0.02500004
v -0.01003700 -0.00975996 0.01830000
v -0.00978798 -0.01001000 0.02500004
v -0.00814700 -0.01138496 0.01830000
v -0.00784296 -0.01159697 0.02500004
v -0.00599897 -0.01264899 0.01830000
v -0.00564599 -0.01281100 0.02500004
v -0.00366098 -0.01351296 0.01830000
v -0.00326794 -0.01361298 0.02500004
v -0.00120699 -0.01394796 0.01830000
v -0.00078500 -0.01397800 0.02500004
v 0.00128496 -0.01394098 0.02299995
v 0.00172299 -0.01389396 0.02500004
v 0.00367099 -0.01350998 0.02299995
v 0.00417697 -0.01336199 0.02500004
v 0.00367099 -0.01350998 0.02299995
v 0.00417697 -0.01336199 0.02500004
v 0.00594598 -0.01267498 0.02299995
v 0.00649500 -0.01240199 0.02500004
v 0.00804299 -0.01145899 0.02299995
v 0.00860596 -0.01104295 0.02500004
v 0.00989896 -0.00989896 0.02299995
v 0.01043897 -0.00932896 0.02500004
v 0.01145899 -0.00804299 0.02299995
v 0.01193696 -0.00731498 0.02500004
v 0.01267498 -0.00594598 0.02299995
v 0.01305097 -0.00506598 0.02500004
v 0.01350998 -0.00367099 0.02299995
v 0.01374596 -0.00265396 0.02500004
v 0.01394098 -0.00128496 0.02299995
v 0.01399898 -0.00015700 0.02500004
v 0.01394098 -0.00128496 0.01830000
v 0.01394796 0.00120699 0.01830000
v 0.01380199 0.00234497 0.02500004
v 0.01351296 0.00366098 0.01830000
v 0.01316195 0.00477195 0.02500004
v 0.01264899 0.00599897 0.01830000
v 0.01209795 0.00704497 0.02500004
v 0.01138496 0.00814700 0.01830000
v 0.01064598 0.00909197 0.02500004
v 0.00975996 0.01003700 0.01830000
v 0.00885099 0.01084697 0.02500004
v 0.00782597 0.01160800 0.01830000
v 0.00677198 0.01225298 0.02500004
v 0.00564396 0.01281195 0.01830000
v 0.00447500 0.01326495 0.02500004
v 0.00328296 0.01360994 0.01830000
v 0.00203496 0.01385098 0.02500004
v 0.00081700 0.01397597 0.01830000
v -0.00047100 0.01399195 0.02500004
v -0.00167400 0.01389998 0.01830000
v -0.00296199 0.01368296 0.02500004
v -0.00411195 0.01338297 0.01830000
v 0.00128496 -0.01394098 0.01830000
v 0.00913495 -0.00661898 0.01830000
v 0.00913495 -0.00661898 0.02299995
v 0.01058995 -0.00612998 0.01830000
v 0.01058995 -0.00612998 0.02299995
v 0.01187294 -0.00528794 0.01830000
v 0.01187294 -0.00528794 0.02299995
v 0.01290094 -0.00414699 0.01830000
v 0.01290094 -0.00414699 0.02299995
v 0.01360595 -0.00278300 0.01830000
v 0.01360595 -0.00278300 0.02299995
v 0.01394098 -0.00128496 0.01830000
v 0.01394098 -0.00128496 0.02299995
v 0.00128496 -0.01394098 0.01830000
v 0.00128496 -0.01394098 0.02299995
v 0.00278300 -0.01360595 0.01830000
v 0.00278300 -0.01360595 0.02299995
v 0.00414699 -0.01290094 0.01830000
v 0.00414699 -0.01290094 0.02299995
v 0.00528794 -0.01187294 0.01830000
v 0.00528794 -0.01187294 0.02299995
v 0.00612998 -0.01058995 0.01830000
v 0.00612998 -0.01058995 0.02299995
v 0.00661898 -0.00913495 0.01830000
v 0.00661898 -0.00913495 0.02299995
v 0.00661898 -0.00913495 0.01830000
v 0.00661898 -0.00913495 0.02299995
v 0.00693595 -0.00825000 0.01830000
v 0.00693595 -0.00825000 0.02299995
v 0.00749499 -0.00749499 0.02299995
v 0.00749499 -0.00749499 0.01830000
v 0.00825000 -0.00693595 0.02299995
v 0.00825000 -0.00693595 0.01830000
v 0.00913495 -0.00661898 0.01830000
v 0.00913495 -0.00661898 0.02299995
v 0.01394098 -0.00128496 0.02299995
v 0.01360595 -0.00278300 0.02299995
v 0.01350998 -0.00367099 0.02299995
v 0.01290094 -0.00414699 0.02299995
v 0.01267498 -0.00594598 0.02299995
v 0.01187294 -0.00528794 0.02299995
v 0.01058995 -0.00612998 0.02299995
v 0.01145899 -0.00804299 0.02299995
v 0.00913495 -0.00661898 0.02299995
v 0.00749499 -0.00749499 0.02299995
v 0.00825000 -0.00693595 0.02299995
v 0.00693595 -0.00825000 0.02299995
v 0.00661898 -0.00913495 0.02299995
v 0.00989896 -0.00989896 0.02299995
v 0.00612998 -0.01058995 0.02299995
v 0.00804299 -0.01145899 0.02299995
v 0.00528794 -0.01187294 0.02299995
v 0.00594598 -0.01267498 0.02299995
v 0.00414699 -0.01290094 0.02299995
v 0.00367099 -0.01350998 0.02299995
v 0.00278300 -0.01360595 0.02299995
v 0.00128496 -0.01394098 0.02299995
v -0.00641894 0.01244199 0.01830000
v -0.00641894 0.01244199 0.02299995
v -0.00679594 0.01210296 0.01830000
v -0.00679594 0.01210296 0.02299995
v -0.00695795 0.01162296 0.01830000
v -0.00695795 0.01162296 0.02299995
v -0.00686496 0.01112598 0.01830000
v -0.00686496 0.01112598 0.02299995
v -0.00686496 0.01112598 0.01830000
v -0.00686496 0.01112598 0.02299995
v -0.00657099 0.01004898 0.01830000
v -0.00657099 0.01004898 0.02299995
v -0.00666499 0.00893700 0.01830000
v -0.00666499 0.00893700 0.02299995
v -0.00713497 0.00792497 0.01830000
v -0.00713497 0.00792497 0.02299995
v -0.00792497 0.00713497 0.01830000
v -0.00792497 0.00713497 0.02299995
v -0.00893700 0.00666499 0.01830000
v -0.00893700 0.00666499 0.02299995
v -0.01004898 0.00657099 0.01830000
v -0.01004898 0.00657099 0.02299995
v -0.01112598 0.00686496 0.01830000
v -0.01112598 0.00686496 0.02299995
v -0.01112598 0.00686496 0.01830000
v -0.01112598 0.00686496 0.02299995
v -0.01162296 0.00695795 0.01830000
v -0.01162296 0.00695795 0.02299995
v -0.01210296 0.00679594 0.01830000
v -0.01210296 0.00679594 0.02299995
v -0.01244199 0.00641894 0.01830000
v -0.01244199 0.00641894 0.02299995
v -0.00695795 0.01162296 0.02299995
v -0.00825799 0.01130497 0.02299995
v -0.00686496 0.01112598 0.02299995
v -0.00989896 0.00989896 0.02299995
v -0.00657099 0.01004898 0.02299995
v -0.00666499 0.00893700 0.02299995
v -0.01130497 0.00825799 0.02299995
v -0.00713497 0.00792497 0.02299995
v -0.00792497 0.00713497 0.02299995
v -0.00893700 0.00666499 0.02299995
v -0.01004898 0.00657099 0.02299995
v -0.01112598 0.00686496 0.02299995
v -0.01162296 0.00695795 0.02299995
v -0.01210296 0.00679594 0.02299995
v -0.01244199 0.00641894 0.02299995
v -0.00679594 0.01210296 0.02299995
v -0.00641894 0.01244199 0.02299995
vt 0.26587702 0.35060216
vt 0.28146749 0.31696429
vt 0.26587702 0.31696429
vt 0.28146749 0.31696429
vt 0.26587702 0.34582641
vt 0.28146749 0.36966054
vt 0.26587702 0.37946429
vt 0.28146749 0.37946429
vt 0.27687670 0.37946429
vt 0.28146749 0.32676804
vt 0.26587702 0.31696429
vt 0.28146749 0.37946429
vt 0.27687670 0.37946429
vt 0.27228602 0.37946429
vt 0.26769536 0.37946429
vt 0.26587702 0.35537778
vt 0.26769536 0.34136516
vt 0.26587702 0.31696429
vt 0.26769536 0.31696429
vt 0.26587702 0.36015342
vt 0.26769536 0.35913791
vt 0.26769536 0.31696429
vt 0.26587702 0.31696429
vt 0.27228602 0.31696429
vt 0.27687670 0.31696429
vt 0.28146749 0.31696429
vt 0.28146749 0.37373503
vt 0.26587702 0.36492904
vt 0.28146749 0.31777092
vt 0.26587702 0.31696429
vt 0.28146749 0.37946429
vt 0.26587702 0.36970468
vt 0.28146749 0.33084251
vt 0.26587702 0.31696429
vt 0.28146749 0.37946429
vt 0.27687670 0.37946429
vt 0.27228602 0.37946429
vt 0.26769536 0.37946429
vt 0.26587702 0.37448026
vt 0.26769536 0.34543981
vt 0.26587702 0.31696429
vt 0.26769536 0.31696429
vt 0.26587702 0.37925603
vt 0.26769536 0.36321242
vt 0.26587702 0.31914379
vt 0.26769536 0.31696429
vt 0.26587702 0.37946429
vt 0.27228602 0.31696429
vt 0.27687670 0.31696429
vt 0.28146749 0.31696429
vt 0.28146749 0.37780966
vt 0.26587702 0.32391943
vt 0.28146749 0.32184543
vt 0.26587702 0.37946429
vt 0.28146749 0.37946429
vt 0.28146749 0.33491709
vt 0.26587702 0.32869508
vt 0.27687670 0.37946429
vt 0.27228602 0.37946429
vt 0.26769536 0.37946429
vt 0.26587702 0.37946429
vt 0.26769536 0.34951414
vt 0.26587702 0.33347084
vt 0.26769536 0.31696429
vt 0.26587702 0.37946429
vt 0.26769536 0.36728682
vt 0.26587702 0.33824684
vt 0.26769536 0.31696429
vt 0.26587702 0.37946429
vt 0.27228602 0.31696429
vt 0.27687670 0.31696429
vt 0.28146749 0.31696429
vt 0.28146749 0.37946429
vt 0.26587702 0.34302177
vt 0.28146749 0.32592048
vt 0.26587702 0.37946429
vt 0.28146749 0.37946429
vt 0.26587702 0.34779801
vt 0.28146749 0.33899178
vt 0.26587702 0.31696429
vt 0.28146749 0.37946429
vt 0.27687670 0.37946429
vt 0.27228602 0.37946429
vt 0.26769536 0.37946429
vt 0.26587702 0.35257305
vt 0.26769536 0.35358931
vt 0.26769536 0.31696429
vt 0.26587702 0.31696429
vt 0.26769536 0.37136175
vt 0.26587702 0.35734929
vt 0.26769536 0.31774809
vt 0.26587702 0.31696429
vt 0.27228602 0.31745805
vt 0.27687670 0.31718303
vt 0.28146749 0.31696429
vt 0.28146749 0.37946429
vt 0.26587702 0.36212434
vt 0.28146749 0.32999434
vt 0.26587702 0.31696429
vt 0.28146749 0.37946429
vt 0.28146749 0.36643423
vt 0.26587702 0.37946429
vt 0.26587702 0.33430423
vt 0.28146749 0.31696429
vt 0.26587702 0.37946429
vt 0.27687670 0.37924554
vt 0.27228602 0.37897052
vt 0.26769536 0.37868048
vt 0.26587702 0.33907928
vt 0.26769536 0.32506682
vt 0.26587702 0.37946429
vt 0.26769536 0.37946429
vt 0.26587702 0.34385552
vt 0.26769536 0.34283926
vt 0.26769536 0.31696429
vt 0.26587702 0.37946429
vt 0.27228602 0.31696429
vt 0.27687670 0.31696429
vt 0.28146749 0.31696429
vt 0.28146749 0.35743679
vt 0.26587702 0.34863056
vt 0.28146749 0.31696429
vt 0.26587702 0.31696429
vt 0.28146749 0.37050809
vt 0.26587702 0.35340680
vt 0.28146749 0.31696429
vt 0.26587702 0.31696429
vt 0.27687670 0.37946429
vt 0.27228602 0.37946429
vt 0.26769536 0.37946429
vt 0.26587702 0.35818173
vt 0.26769536 0.32914175
vt 0.26587702 0.31696429
vt 0.26769536 0.37946429
vt 0.26587702 0.36295773
vt 0.26769536 0.34691443
vt 0.26587702 0.31696429
vt 0.26769536 0.31696429
vt 0.26587702 0.36773350
vt 0.27228602 0.31696429
vt 0.27687670 0.31696429
vt 0.28146749 0.31696429
vt 0.28146749 0.36151149
vt 0.26587702 0.31696429
vt 0.28146749 0.31696429
vt 0.26587702 0.37250914
vt 0.28146749 0.37458314
vt 0.28146749 0.31861891
vt 0.26587702 0.31696429
vt 0.27687670 0.37946429
vt 0.27228602 0.37946429
vt 0.26769536 0.37946429
vt 0.26587702 0.37728478
vt 0.26769536 0.33321615
vt 0.26587702 0.31717254
vt 0.26769536 0.37946429
vt 0.26587702 0.37946429
vt 0.26769536 0.35098876
vt 0.26587702 0.32194831
vt 0.26769536 0.31696429
vt 0.26587702 0.37946429
vt 0.27228602 0.31696429
vt 0.27687670 0.31696429
vt 0.28146749 0.31696429
vt 0.28146749 0.36558606
vt 0.26587702 0.32672389
vt 0.28146749 0.31696429
vt 0.26587702 0.37946429
vt 0.28146749 0.37865766
vt 0.26587702 0.33149953
vt 0.28146749 0.32269354
vt 0.26587702 0.37946429
vt 0.28146749 0.37946429
vt 0.27687670 0.37946429
vt 0.27228602 0.37946429
vt 0.26769536 0.37946429
vt 0.26587702 0.33627515
vt 0.26769536 0.33729066
vt 0.26769536 0.37946429
vt 0.26587702 0.37946429
vt 0.26769536 0.35506341
vt 0.26587702 0.34105079
vt 0.26769536 0.37946429
vt 0.27228602 0.37946429
vt 0.28146749 0.37946429
vt 0.28146749 0.37946429
vt 0.28146749 0.37946429
vt 0.28146749 0.37946429
vt 0.26919558 0.35141291
vt 0.26587702 0.31696429
vt 0.26919558 0.31696429
vt 0.26587702 0.31696429
vt 0.26919558 0.34501566
vt 0.26587702 0.32884366
vt 0.26919558 0.37946429
vt 0.26587702 0.37946429
vt 0.26587702 0.34468279
vt 0.28150202 0.37946429
vt 0.28150202 0.34468279
vt 0.28073727 0.35229978
vt 0.28150202 0.33599492
vt 0.26587702 0.36758491
vt 0.26919558 0.37946429
vt 0.26587702 0.37946429
vt 0.26587702 0.35174579
vt 0.28150202 0.35174579
vt 0.28150202 0.37946429
vt 0.28150202 0.37946429
vt 0.28150202 0.37946429
vt 0.28073727 0.31696429
vt 0.28150202 0.33590667
vt 0.27874752 0.31696429
vt 0.27699273 0.33590667
vt 0.27613533 0.32349290
vt 0.27302127 0.33402367
vt 0.27699273 0.37946429
vt 0.26917511 0.37946429
vt 0.26917511 0.32006754
vt 0.28150202 0.32006754
vt 0.28150202 0.37464802
vt 0.28150202 0.37464802
vt 0.28150202 0.31696429
vt 0.28150202 0.31696429
vt 0.28150202 0.35321315
vt 0.28150202 0.35254528
vt 0.26919558 0.35781029
vt 0.26587702 0.37946429
vt 0.26919558 0.31696429
vt 0.26587702 0.33590667
vt 0.28150202 0.37946429
vt 0.27699273 0.32006754
vt 0.26917511 0.37464802
vt 0.26917511 0.31696429
vt 0.28150202 0.35741969
vt 0.28150202 0.35476192
vt 0.26919558 0.36420767
vt 0.26587702 0.37946429
vt 0.28150202 0.32006754
vt 0.27699273 0.37464802
vt 0.27699273 0.31696429
vt 0.27699273 0.35880889
vt 0.26917511 0.35880889
vt 0.27298439 0.37423142
vt 0.26989345 0.36693277
vt 0.26919558 0.31696429
vt 0.26587702 0.32006754
vt 0.28150202 0.37464802
vt 0.28150202 0.31696429
vt 0.28150202 0.35880889
vt 0.27824317 0.37946429
vt 0.27578945 0.37946429
vt 0.26919558 0.37060504
vt 0.26587702 0.37464802
vt 0.26587702 0.31696429
vt 0.26587702 0.35880889
vt 0.28150202 0.31696429
vt 0.28022420 0.37946429
vt 0.28150202 0.31696429
vt 0.28150202 0.31696429
vt 0.28150202 0.34296979
vt 0.28150202 0.33094879
vt 0.28150202 0.34792705
vt 0.28073727 0.36423190
vt 0.28150202 0.37946429
vt 0.27874752 0.37906726
vt 0.27699273 0.37946429
vt 0.27613533 0.37946429
vt 0.27302127 0.37946429
vt 0.27699273 0.32713063
vt 0.26917511 0.32713063
vt 0.26917511 0.37946429
vt 0.28150202 0.37946429
vt 0.28150202 0.31696429
vt 0.28150202 0.31696429
vt 0.28150202 0.36587204
vt 0.27697223 0.36587204
vt 0.28150202 0.31696429
vt 0.27697223 0.31696429
vt 0.27872792 0.31696429
vt 0.27462452 0.31696429
vt 0.26919558 0.31696429
vt 0.26919558 0.37700244
vt 0.26587702 0.31696429
vt 0.26919558 0.31770106
vt 0.26587702 0.34296979
vt 0.26919558 0.37946429
vt 0.26587702 0.37946429
vt 0.26919558 0.32409843
vt 0.26587702 0.32713063
vt 0.26587702 0.37946429
vt 0.28150202 0.37946429
vt 0.28150202 0.31696429
vt 0.27699273 0.31696429
vt 0.27699273 0.36587204
vt 0.26917511 0.36587204
vt 0.27699273 0.31696429
vt 0.26917511 0.31696429
vt 0.27298439 0.31769754
vt 0.26989345 0.31696429
vt 0.26919558 0.37946429
vt 0.26587702 0.31696429
vt 0.28150202 0.36587204
vt 0.28150202 0.31696429
vt 0.27824317 0.33831693
vt 0.27578945 0.32695534
vt 0.26919558 0.33049579
vt 0.26587702 0.36587204
vt 0.26587702 0.31696429
vt 0.26587702 0.35003306
vt 0.28150202 0.35003306
vt 0.28150202 0.37946429
vt 0.28150202 0.37946429
vt 0.28150202 0.37946429
vt 0.28150202 0.31696429
vt 0.28150202 0.33419396
vt 0.28073727 0.31696429
vt 0.27874752 0.32253339
vt 0.27699273 0.33419396
vt 0.27613533 0.33542504
vt 0.27302127 0.34595575
vt 0.27699273 0.37946429
vt 0.26917511 0.37946429
vt 0.26917511 0.31835427
vt 0.28150202 0.31835427
vt 0.28150202 0.37293555
vt 0.28150202 0.37293555
vt 0.28150202 0.31696429
vt 0.27697223 0.31696429
vt 0.27697223 0.35709550
vt 0.26915464 0.35709550
vt 0.27462452 0.36478926
vt 0.27041167 0.36531307
vt 0.26919558 0.37946429
vt 0.26919558 0.33689334
vt 0.26919558 0.37946429
vt 0.26587702 0.37946429
vt 0.26587702 0.33419396
vt 0.26919558 0.34329070
vt 0.26587702 0.37946429
vt 0.26919558 0.37946429
vt 0.26587702 0.31835427
vt 0.26919558 0.34968807
vt 0.26587702 0.37293555
vt 0.26919558 0.31696429
vt 0.26587702 0.31696429
vt 0.26919558 0.35608556
vt 0.26587702 0.35709550
vt 0.26587702 0.31696429
vt 0.28150202 0.31696429
vt 0.28150202 0.34125675
vt 0.28150202 0.32601179
vt 0.28150202 0.34288050
vt 0.28150202 0.35985925
vt 0.28150202 0.37946429
vt 0.28073727 0.37616433
vt 0.27874752 0.37946429
vt 0.28150202 0.32541801
vt 0.27699273 0.32541801
vt 0.27699273 0.37946429
vt 0.26917511 0.37946429
vt 0.26917511 0.31696429
vt 0.28150202 0.31696429
vt 0.28150202 0.37946429
vt 0.26917511 0.37946429
vt 0.28150202 0.31696429
vt 0.28150202 0.31696429
vt 0.28150202 0.37101056
vt 0.27697223 0.37101056
vt 0.28150202 0.37946429
vt 0.27872792 0.37946429
vt 0.26919558 0.31696429
vt 0.26587702 0.34125675
vt 0.26919558 0.36248304
vt 0.26587702 0.37946429
vt 0.26919558 0.31696429
vt 0.26587702 0.32541801
vt 0.28150202 0.37946429
vt 0.27699273 0.31696429
vt 0.27699273 0.37946429
vt 0.26917511 0.31696429
vt 0.28150202 0.37101056
vt 0.28150202 0.37946429
vt 0.26919558 0.36887934
vt 0.26587702 0.37946429
vt 0.28150202 0.31696429
vt 0.28150202 0.37946429
vt 0.27699273 0.31696429
vt 0.26917511 0.37101056
vt 0.28150202 0.37946429
vt 0.28150202 0.37946429
vt 0.26919558 0.31696429
vt 0.26587702 0.31696429
vt 0.26587702 0.37946429
vt 0.28150202 0.31696429
vt 0.27699273 0.37101056
vt 0.27298439 0.37946429
vt 0.26989345 0.37946429
vt 0.26919558 0.37946429
vt 0.26587702 0.31696429
vt 0.26919558 0.32754924
vt 0.26587702 0.37101056
vt 0.26919558 0.37946429
vt 0.26587702 0.31696429
vt 0.26919558 0.33394553
vt 0.26587702 0.35517182
vt 0.26919558 0.37946429
vt 0.26587702 0.37946429
vt 0.26919558 0.34034302
vt 0.26587702 0.33933307
vt 0.26587702 0.37946429
vt 0.28150202 0.37946429
vt 0.28150202 0.32349302
vt 0.27699273 0.32349302
vt 0.27699273 0.37807431
vt 0.26917511 0.37807431
vt 0.26917511 0.31696429
vt 0.28150202 0.31696429
vt 0.28150202 0.33355512
vt 0.28150202 0.33089771
vt 0.26919558 0.37946429
vt 0.26587702 0.32349302
vt 0.28150202 0.37807431
vt 0.27699273 0.31696429
vt 0.27298439 0.35036709
vt 0.26989345 0.34306838
vt 0.26919558 0.34674050
vt 0.26587702 0.37807431
vt 0.28150202 0.31696429
vt 0.27699273 0.36223461
vt 0.27578945 0.35962464
vt 0.27824317 0.37098624
vt 0.28150202 0.36223461
vt 0.28022420 0.37946429
vt 0.28150202 0.37946429
vt 0.28150202 0.31696429
vt 0.28150202 0.31696429
vt 0.28150202 0.31696429
vt 0.28150202 0.32406284
vt 0.28150202 0.34639551
vt 0.28073727 0.34036757
vt 0.27874752 0.35520305
vt 0.28150202 0.37946429
vt 0.27699273 0.37946429
vt 0.27699273 0.33055653
vt 0.26917511 0.33055653
vt 0.26917511 0.37946429
vt 0.28150202 0.37946429
vt 0.28150202 0.31696429
vt 0.28150202 0.31696429
vt 0.28150202 0.36929794
vt 0.27697223 0.36929794
vt 0.28150202 0.37946429
vt 0.27872792 0.37946429
vt 0.26919558 0.31696429
vt 0.26587702 0.31696429
vt 0.26919558 0.35313787
vt 0.26587702 0.36223461
vt 0.26919558 0.31696429
vt 0.26587702 0.31696429
vt 0.26587702 0.34639551
vt 0.26919558 0.35953523
vt 0.26587702 0.37946429
vt 0.26919558 0.31696429
vt 0.26587702 0.33055653
vt 0.26919558 0.36593278
vt 0.26587702 0.37946429
vt 0.26919558 0.31696429
vt 0.26587702 0.31696429
vt 0.26919558 0.37233015
vt 0.26587702 0.36929794
vt 0.26587702 0.31696429
vt 0.28150202 0.31696429
vt 0.28150202 0.35345878
vt 0.28150202 0.34256019
vt 0.28150202 0.35868205
vt 0.28150202 0.37555053
vt 0.28150202 0.37946429
vt 0.28150202 0.37946429
vt 0.28073727 0.37946429
vt 0.28150202 0.33761968
vt 0.27874752 0.31696429
vt 0.27699273 0.33761968
vt 0.27613533 0.31696429
vt 0.27302127 0.32209154
vt 0.26917511 0.33761968
vt 0.26949155 0.33027740
vt 0.28150202 0.33616926
vt 0.26917511 0.37946429
vt 0.28150202 0.37946429
vt 0.28150202 0.32178055
vt 0.28150202 0.32178055
vt 0.28150202 0.37636103
vt 0.27697223 0.37636103
vt 0.27697223 0.31696429
vt 0.26915464 0.31696429
vt 0.27462452 0.34092440
vt 0.27041167 0.34144853
vt 0.26919558 0.31696429
vt 0.26587702 0.35345878
vt 0.26919558 0.37872751
vt 0.26587702 0.37946429
vt 0.26919558 0.31942614
vt 0.26587702 0.33761968
vt 0.28150202 0.37946429
vt 0.27699273 0.37946429
vt 0.27699273 0.32178055
vt 0.26917511 0.32178055
vt 0.26917511 0.37636103
vt 0.28150202 0.37636103
vt 0.28150202 0.31696429
vt 0.28150202 0.31696429
vt 0.28150202 0.34128104
vt 0.28150202 0.34061302
vt 0.26919558 0.37946429
vt 0.26587702 0.37946429
vt 0.28150202 0.32178055
vt 0.27699273 0.37636103
vt 0.26917511 0.31696429
vt 0.28150202 0.34548740
vt 0.28150202 0.34282978
vt 0.26919558 0.32582353
vt 0.26587702 0.32178055
vt 0.28150202 0.37636103
vt 0.27699273 0.31696429
vt 0.26989345 0.35500066
vt 0.26656736 0.34946679
vt 0.26587702 0.37636103
vt 0.26919558 0.37946429
vt 0.26587702 0.31696429
vt 0.26919558 0.33222090
vt 0.26587702 0.36052190
vt 0.26919558 0.37946429
vt 0.26587702 0.31696429
vt 0.26919558 0.33861828
vt 0.26587702 0.37946429
vt 0.26587702 0.36078066
vt 0.26598399 0.37946429
vt 0.26915464 0.36758491
vt 0.27041167 0.37946429
vt 0.27462452 0.37946429
vt 0.27697223 0.36758491
vt 0.27872792 0.37946429
vt 0.28150202 0.37946429
vt 0.28150202 0.36758491
vt 0.28150202 0.37946429
vt 0.28150202 0.36758491
vt 0.28150202 0.37946429
vt 0.28150202 0.37946429
vt 0.26917511 0.36758491
vt 0.26656736 0.37946429
vt 0.26989345 0.37946429
vt 0.27699273 0.36758491
vt 0.27699273 0.37946429
vt 0.28150202 0.36758491
vt 0.28150202 0.37946429
vt 0.26915464 0.31696429
vt 0.26587702 0.31696429
vt 0.26915464 0.31696429
vt 0.26587702 0.31696429
vt 0.26587702 0.33564791
vt 0.26587702 0.37946429
vt 0.26599480 0.31696429
vt 0.26915464 0.32884366
vt 0.27697223 0.32884366
vt 0.27697223 0.31696429
vt 0.28150202 0.32884366
vt 0.28150202 0.31696429
vt 0.28150202 0.32884366
vt 0.28150202 0.31696429
vt 0.26917511 0.32884366
vt 0.26917511 0.31696429
vt 0.27699273 0.32884366
vt 0.27699273 0.31696429
vt 0.28150202 0.32884366
vt 0.28150202 0.31696429
vt 0.27064970 0.31696429
vt 0.27527533 0.31696429
vt 0.27986070 0.31696429
vt 0.28150202 0.31696429
vt 0.28150202 0.31696429
vt 0.28150202 0.37946429
vt 0.28150202 0.37946429
vt 0.26949155 0.37946429
vt 0.27699273 0.37946429
vt 0.27874752 0.36713515
vt 0.27302127 0.37946429
vt 0.27613533 0.37946429
vt 0.28150202 0.31901667
vt 0.28150202 0.31696429
vt 0.28150202 0.31696429
vt 0.28150202 0.31696429
vt 0.28150202 0.36052190
vt 0.28022420 0.37946429
vt 0.27824317 0.37946429
vt 0.27699273 0.36052190
vt 0.27578945 0.37155692
vt 0.27298439 0.36229916
vt 0.27872792 0.34057267
vt 0.26598399 0.34196390
vt 0.26587702 0.31696429
vt 0.26915464 0.37636103
vt 0.26587702 0.36727028
vt 0.26915464 0.32178055
vt 0.26587702 0.31722604
vt 0.26915464 0.37946429
vt 0.26587702 0.37946429
vt 0.26599480 0.34251477
vt 0.26587702 0.34213765
vt 0.26587702 0.34235879
vt 0.27064970 0.34307303
vt 0.27527533 0.34364780
vt 0.27697223 0.37946429
vt 0.27986070 0.34395690
vt 0.28150202 0.37946429
vt 0.28150202 0.34369089
vt 0.28150202 0.34252127
vt 0.28150202 0.34012856
vt 0.28022420 0.32768490
vt 0.27824317 0.31696429
vt 0.27699273 0.31696429
vt 0.27578945 0.31696429
vt 0.27298439 0.31696429
vt 0.26989345 0.31696429
vt 0.26917511 0.36929794
vt 0.27699273 0.36929794
vt 0.28150202 0.36929794
vt 0.26656736 0.37946429
vt 0.28150202 0.37946429
vt 0.28150202 0.36929794
vt 0.28150202 0.37946429
vt 0.28150202 0.37946429
vt 0.27462452 0.37946429
vt 0.26915464 0.36929794
vt 0.27697223 0.31696429
vt 0.26915464 0.31696429
vt 0.27697223 0.37946429
vt 0.26915464 0.37946429
vt 0.27697223 0.33055653
vt 0.26915464 0.33055653
vt 0.26915464 0.37946429
vt 0.26587702 0.32371576
vt 0.26587702 0.37946429
vt 0.27041167 0.37946429
vt 0.26598399 0.37946429
vt 0.26587702 0.34884854
vt 0.26587702 0.37946429
vt 0.26587702 0.31696429
vt 0.26587702 0.37376006
vt 0.26599480 0.37946429
vt 0.27064970 0.37946429
vt 0.27527533 0.37946429
vt 0.27697223 0.37946429
vt 0.27986070 0.37946429
vt 0.28150202 0.37946429
vt 0.28150202 0.37946429
vt 0.28150202 0.37946429
vt 0.28150202 0.37946429
vt 0.28150202 0.37946429
vt 0.28150202 0.37946429
vt 0.26917511 0.37946429
vt 0.26949155 0.37946429
vt 0.27302127 0.37862541
vt 0.27613533 0.36809470
vt 0.26656736 0.33753468
vt 0.28150202 0.32934894
vt 0.28150202 0.31696429
vt 0.28150202 0.37807431
vt 0.28150202 0.37807431
vt 0.28150202 0.32349302
vt 0.28150202 0.32349302
vt 0.28150202 0.37946429
vt 0.28150202 0.37946429
vt 0.28150202 0.33933307
vt 0.28150202 0.33933307
vt 0.28150202 0.33058931
vt 0.28150202 0.33175923
vt 0.27986070 0.33202423
vt 0.27697223 0.33933307
vt 0.27527533 0.33171548
vt 0.26915464 0.33933307
vt 0.27064970 0.33114054
vt 0.26599480 0.33058299
vt 0.26587702 0.33020558
vt 0.26587702 0.37946429
vt 0.26915464 0.37946429
vt 0.26587702 0.31696429
vt 0.26915464 0.32349302
vt 0.26587702 0.35533799
vt 0.26915464 0.37807431
vt 0.26587702 0.37946429
vt 0.26915464 0.31696429
vt 0.26598399 0.33003165
vt 0.27041167 0.32951643
vt 0.27462452 0.32899215
vt 0.27697223 0.31696429
vt 0.27872792 0.32864024
vt 0.28150202 0.32868077
vt 0.26587702 0.33042671
vt 0.28150202 0.32819678
vt 0.28150202 0.32423677
vt 0.26917511 0.33933307
vt 0.26949155 0.31834556
vt 0.27302127 0.31696429
vt 0.27699273 0.33933307
vt 0.27613533 0.31696429
vt 0.27874752 0.31696429
vt 0.28073727 0.37946429
vt 0.28150202 0.37946429
vt 0.28150202 0.33933307
vt 0.27699273 0.37946429
vt 0.26917511 0.37946429
vt 0.26917511 0.32349302
vt 0.28150202 0.37946429
vt 0.28150202 0.35517182
vt 0.28150202 0.36361803
vt 0.28150202 0.34675051
vt 0.28150202 0.31696429
vt 0.28150202 0.33062805
vt 0.28022420 0.31696429
vt 0.27824317 0.31696429
vt 0.28150202 0.37101056
vt 0.27578945 0.31696429
vt 0.26656736 0.37946429
vt 0.27462452 0.37946429
vt 0.26915464 0.37101056
vt 0.27697223 0.31696429
vt 0.26915464 0.31696429
vt 0.27697223 0.37946429
vt 0.26915464 0.37946429
vt 0.27697223 0.31696429
vt 0.26915464 0.31696429
vt 0.27697223 0.37946429
vt 0.26915464 0.37946429
vt 0.27697223 0.32541801
vt 0.26915464 0.32541801
vt 0.27527533 0.31696429
vt 0.27064970 0.31696429
vt 0.26599480 0.31696429
vt 0.26587702 0.31696429
vt 0.26587702 0.35951175
vt 0.26587702 0.37946429
vt 0.26587702 0.33460058
vt 0.26587702 0.31696429
vt 0.26587702 0.33691682
vt 0.26598399 0.37946429
vt 0.27041167 0.37946429
vt 0.26587702 0.37946429
vt 0.27986070 0.31696429
vt 0.28150202 0.32541801
vt 0.28150202 0.37946429
vt 0.28150202 0.31696429
vt 0.28150202 0.37946429
vt 0.28150202 0.31696429
vt 0.28150202 0.31696429
vt 0.28150202 0.32541801
vt 0.28150202 0.31696429
vt 0.28150202 0.31696429
vt 0.26917511 0.32541801
vt 0.26949155 0.31696429
vt 0.27302127 0.31696429
vt 0.27613533 0.37946429
vt 0.28150202 0.31696429
vt 0.28022420 0.31696429
vt 0.27824317 0.37946429
vt 0.27578945 0.37946429
vt 0.27699273 0.35709550
vt 0.28150202 0.35709550
vt 0.27298439 0.37946429
vt 0.26917511 0.35709550
vt 0.27699273 0.31696429
vt 0.26917511 0.31696429
vt 0.27699273 0.37293555
vt 0.26917511 0.37293555
vt 0.27699273 0.31835427
vt 0.26989345 0.37886431
vt 0.26656736 0.37333180
vt 0.28150202 0.36935176
vt 0.28150202 0.35709550
vt 0.28150202 0.36669423
vt 0.28150202 0.36514558
vt 0.28150202 0.35709550
vt 0.28150202 0.36447682
vt 0.27872792 0.36443676
vt 0.26598399 0.36582805
vt 0.26587702 0.31696429
vt 0.26915464 0.31696429
vt 0.26587702 0.37946429
vt 0.26915464 0.37293555
vt 0.26587702 0.34109058
vt 0.26915464 0.31835427
vt 0.26587702 0.31696429
vt 0.26915464 0.37946429
vt 0.26587702 0.36600186
vt 0.26599480 0.36637904
vt 0.26587702 0.36622299
vt 0.27064970 0.36693742
vt 0.27527533 0.36751200
vt 0.27697223 0.37946429
vt 0.27986070 0.36782123
vt 0.28150202 0.37946429
vt 0.28150202 0.36755528
vt 0.28150202 0.36638583
vt 0.28150202 0.37946429
vt 0.28150202 0.36399295
vt 0.28150202 0.36003365
vt 0.26949155 0.35414161
vt 0.28150202 0.36642458
vt 0.28022420 0.35154917
vt 0.26656736 0.31696429
vt 0.28150202 0.31696429
vt 0.28150202 0.36587204
vt 0.26917511 0.31696429
vt 0.28150202 0.31696429
vt 0.28150202 0.31696429
vt 0.28150202 0.31696429
vt 0.28150202 0.31696429
vt 0.26915464 0.31696429
vt 0.27041167 0.31696429
vt 0.26598399 0.31696429
vt 0.26587702 0.31696429
vt 0.26587702 0.37271281
vt 0.26915464 0.36587204
vt 0.26587702 0.32266851
vt 0.26915464 0.31696429
vt 0.27697223 0.31696429
vt 0.27697223 0.37946429
vt 0.28150202 0.37946429
vt 0.28150202 0.32713063
vt 0.28150202 0.32713063
vt 0.28150202 0.31696429
vt 0.28150202 0.31696429
vt 0.26587702 0.37946429
vt 0.26915464 0.37946429
vt 0.27697223 0.32713063
vt 0.27986070 0.31696429
vt 0.28150202 0.31696429
vt 0.26587702 0.34758003
vt 0.26915464 0.32713063
vt 0.27527533 0.31696429
vt 0.26587702 0.31696429
vt 0.26599480 0.31696429
vt 0.27064970 0.31696429
vt 0.28150202 0.31696429
vt 0.26949155 0.37946429
vt 0.26656736 0.36139901
vt 0.27697223 0.31696429
vt 0.27872792 0.35250481
vt 0.27462452 0.35285665
vt 0.26915464 0.31696429
vt 0.27041167 0.35338064
vt 0.26598399 0.35389604
vt 0.26587702 0.35429092
vt 0.26587702 0.31696429
vt 0.26587702 0.37920253
vt 0.26915464 0.37464802
vt 0.27697223 0.37464802
vt 0.26587702 0.32915829
vt 0.26915464 0.32006754
vt 0.27697223 0.32006754
vt 0.27697223 0.37946429
vt 0.28150202 0.37946429
vt 0.27986070 0.35588904
vt 0.28150202 0.35562302
vt 0.26587702 0.37946429
vt 0.26915464 0.37946429
vt 0.27527533 0.35557990
vt 0.26587702 0.35406979
vt 0.26599480 0.35444690
vt 0.27064970 0.35500516
vt 0.28150202 0.35445340
vt 0.28150202 0.37946429
vt 0.28150202 0.32006754
vt 0.28150202 0.35206066
vt 0.28150202 0.34810154
vt 0.26949155 0.34220953
vt 0.28150202 0.37061416
vt 0.28150202 0.35449228
vt 0.28022420 0.33961703
vt 0.27824317 0.32638467
vt 0.27578945 0.37946429
vt 0.27298439 0.37946429
vt 0.28150202 0.37946429
vt 0.28150202 0.31696429
vt 0.27699273 0.31696429
vt 0.26917511 0.31696429
vt 0.28150202 0.31696429
vt 0.28150202 0.31696429
vt 0.27697223 0.31696429
vt 0.28150202 0.32713063
vt 0.27699273 0.37946429
vt 0.28150202 0.37946429
vt 0.28150202 0.31835427
vt 0.28150202 0.37293555
vt 0.28150202 0.31696429
vt 0.28150202 0.31835427
vt 0.27697223 0.31835427
vt 0.27697223 0.37293555
vt 0.28150202 0.31696429
vt 0.27697223 0.37946429
vt 0.27697223 0.32349302
vt 0.27697223 0.37807431
vt 0.28150202 0.33055653
vt 0.27699273 0.37946429
vt 0.26917511 0.31696429
vt 0.28150202 0.33055653
vt 0.28150202 0.33055653
vt 0.28150202 0.37946429
vt 0.27699273 0.31696429
vt 0.28150202 0.37946429
vt 0.28150202 0.31696429
vt 0.27697223 0.32178055
vt 0.28150202 0.31696429
vt 0.27368952 0.32564564
vt 0.27681451 0.31696429
vt 0.27368952 0.31696429
vt 0.27368952 0.37946429
vt 0.27681451 0.31696429
vt 0.27681451 0.37946429
vt 0.27368952 0.37078293
vt 0.27681451 0.35406669
vt 0.27368952 0.33735039
vt 0.27681451 0.32063414
vt 0.27368952 0.31696429
vt 0.27681451 0.31696429
vt 0.27368952 0.37946429
vt 0.27681451 0.37876915
vt 0.27368952 0.36205290
vt 0.27681451 0.34533666
vt 0.27368952 0.32862042
vt 0.27681451 0.31696429
vt 0.27368952 0.31696429
vt 0.27681451 0.37946429
vt 0.27368952 0.37946429
vt 0.27681451 0.37003915
vt 0.27368952 0.35332291
vt 0.27681451 0.33660667
vt 0.27368952 0.31989040
vt 0.27681451 0.31696429
vt 0.27368952 0.31696429
vt 0.27681451 0.37946429
vt 0.27368952 0.37802541
vt 0.27681451 0.36130916
vt 0.27368952 0.34459304
vt 0.27681451 0.32787678
vt 0.27368952 0.37946429
vt 0.27681451 0.37946429
vt 0.27368952 0.37946429
vt 0.27681451 0.37946429
vt 0.27368952 0.36929553
vt 0.27681451 0.35257928
vt 0.27368952 0.33586304
vt 0.27681451 0.31914678
vt 0.27368952 0.31696429
vt 0.27681451 0.31696429
vt 0.27368952 0.31696429
vt 0.27681451 0.37728179
vt 0.27368952 0.36056553
vt 0.27681451 0.34384929
vt 0.27368952 0.32713304
vt 0.27681451 0.31696429
vt 0.27368952 0.31696429
vt 0.27681451 0.37946429
vt 0.27368952 0.37946429
vt 0.27681451 0.36855179
vt 0.27368952 0.35183554
vt 0.27681451 0.33511941
vt 0.27368952 0.31840316
vt 0.27681451 0.31696429
vt 0.27368952 0.37946429
vt 0.27681451 0.37946429
vt 0.27368952 0.37653817
vt 0.27681451 0.35982190
vt 0.27368952 0.34310566
vt 0.27681451 0.32638942
vt 0.27368952 0.31696429
vt 0.27681451 0.31696429
vt 0.27368952 0.37946429
vt 0.27681451 0.37946429
vt 0.27368952 0.36780815
vt 0.27681451 0.35109191
vt 0.27368952 0.33437567
vt 0.27681451 0.31765942
vt 0.27368952 0.31696429
vt 0.27681451 0.37946429
vt 0.27368952 0.37946429
vt 0.27681451 0.37579443
vt 0.27368952 0.35907819
vt 0.27681451 0.34236188
vt 0.28150202 0.31696429
vt 0.26587702 0.31696429
vt 0.28150202 0.36696430
vt 0.26587702 0.36696430
vt 0.28150202 0.31696429
vt 0.26587702 0.31696429
vt 0.28150202 0.37369080
vt 0.26587702 0.37369080
vt 0.27810080 0.31696429
vt 0.26927824 0.31696429
vt 0.27309001 0.37946429
vt 0.27428902 0.37946429
vt 0.26673070 0.33118005
vt 0.28064833 0.33118005
vt 0.26587702 0.37946429
vt 0.28150202 0.37946429
vt 0.28147392 0.35736342
vt 0.26590511 0.35736342
vt 0.27148539 0.31696429
vt 0.27589364 0.31696429
vt 0.26587702 0.37946429
vt 0.28150202 0.37946429
vt 0.27976814 0.36288561
vt 0.26761089 0.36288561
vt 0.26701058 0.33229937
vt 0.28036845 0.33229937
vt 0.28150202 0.31696429
vt 0.26587702 0.31696429
vt 0.27081080 0.31696429
vt 0.27656823 0.31696429
vt 0.28150202 0.37946429
vt 0.26587702 0.37946429
vt 0.27292024 0.37946429
vt 0.27445880 0.37946429
vt 0.26587702 0.37946429
vt 0.26587702 0.36023779
vt 0.28150202 0.36023779
vt 0.26927824 0.31696429
vt 0.27810080 0.31696429
vt 0.27428902 0.34896617
vt 0.27309001 0.34896617
vt 0.28064833 0.37946429
vt 0.26673070 0.37946429
vt 0.28150202 0.32877879
vt 0.26587702 0.32877879
vt 0.26590511 0.37656516
vt 0.28147392 0.37656516
vt 0.27589364 0.31696429
vt 0.27148539 0.31696429
vt 0.28150202 0.33560191
vt 0.26587702 0.33560191
vt 0.26761089 0.37104279
vt 0.27976814 0.37104279
vt 0.28036845 0.31696429
vt 0.26701058 0.31696429
vt 0.26587702 0.31696429
vt 0.28150202 0.31696429
vt 0.27656823 0.32210941
vt 0.27081080 0.32210941
vt 0.26587702 0.33656541
vt 0.28150202 0.33656541
vt 0.27445880 0.34529504
vt 0.27292024 0.34529504
vt 0.26587702 0.34821429
vt 0.26868952 0.34523279
vt 0.26587702 0.34523279
vt 0.26868952 0.31696429
vt 0.26587702 0.31696429
vt 0.26868952 0.35119578
vt 0.26587702 0.35119578
vt 0.26868952 0.31696429
vt 0.26587702 0.31696429
vt 0.26868952 0.35715892
vt 0.26587702 0.35715892
vt 0.26868952 0.31696429
vt 0.26587702 0.31696429
vt 0.26868952 0.36312203
vt 0.26587702 0.36312203
vt 0.26868952 0.31696429
vt 0.26587702 0.31696429
vt 0.26868952 0.36908515
vt 0.26587702 0.36908515
vt 0.26868952 0.31696429
vt 0.26587702 0.31696429
vt 0.26868952 0.37504818
vt 0.26587702 0.37504818
vt 0.26868952 0.31696429
vt 0.26587702 0.31696429
vt 0.26868952 0.37946429
vt 0.26587702 0.37946429
vt 0.26868952 0.32149281
vt 0.26587702 0.32149281
vt 0.26868952 0.37946429
vt 0.26587702 0.37946429
vt 0.26868952 0.32745590
vt 0.26587702 0.32745590
vt 0.26868952 0.37946429
vt 0.26587702 0.37946429
vt 0.26868952 0.33341904
vt 0.26587702 0.33341904
vt 0.26868952 0.37946429
vt 0.26587702 0.37946429
vt 0.26868952 0.33938219
vt 0.26587702 0.33938219
vt 0.26868952 0.37946429
vt 0.26587702 0.37946429
vt 0.26868952 0.34534516
vt 0.26587702 0.34534516
vt 0.26868952 0.31696429
vt 0.26587702 0.31696429
vt 0.26868952 0.35130801
vt 0.26587702 0.35130801
vt 0.26868952 0.31696429
vt 0.26587702 0.31696429
vt 0.26868952 0.35727181
vt 0.26587702 0.35727181
vt 0.26868952 0.31696429
vt 0.26587702 0.31696429
vt 0.26868952 0.36323430
vt 0.26587702 0.36323430
vt 0.26868952 0.31696429
vt 0.26587702 0.31696429
vt 0.26868952 0.36919798
vt 0.26587702 0.36919798
vt 0.26868952 0.31696429
vt 0.26587702 0.31696429
vt 0.26868952 0.37516059
vt 0.26587702 0.37516059
vt 0.26868952 0.31696429
vt 0.26587702 0.31696429
vt 0.26868952 0.37946429
vt 0.26587702 0.37946429
vt 0.26868952 0.31696429
vt 0.26587702 0.31696429
vt 0.26868952 0.37946429
vt 0.26587702 0.37946429
vt 0.26868952 0.32126798
vt 0.26587702 0.32126798
vt 0.26868952 0.37946429
vt 0.26587702 0.37946429
vt 0.26868952 0.32723059
vt 0.26587702 0.32723059
vt 0.26868952 0.37946429
vt 0.26587702 0.37946429
vt 0.26868952 0.33319427
vt 0.26587702 0.33319427
vt 0.26868952 0.37946429
vt 0.26587702 0.37946429
vt 0.26868952 0.33915676
vt 0.26587702 0.33915676
vt 0.26868952 0.37946429
vt 0.26587702 0.37946429
vt 0.26868952 0.34512057
vt 0.26587702 0.34512057
vt 0.26868952 0.37946429
vt 0.26587702 0.37946429
vt 0.26868952 0.35108341
vt 0.26587702 0.35108341
vt 0.26868952 0.31696429
vt 0.26587702 0.31696429
vt 0.26868952 0.35704638
vt 0.26587702 0.35704638
vt 0.26868952 0.31696429
vt 0.26587702 0.31696429
vt 0.26868952 0.36300953
vt 0.26587702 0.36300953
vt 0.26868952 0.31696429
vt 0.26587702 0.31696429
vt 0.26868952 0.36897268
vt 0.26587702 0.36897268
vt 0.26868952 0.31696429
vt 0.26587702 0.31696429
vt 0.26868952 0.37493576
vt 0.26587702 0.37493576
vt 0.26868952 0.31696429
vt 0.26587702 0.31696429
vt 0.26868952 0.37946429
vt 0.26587702 0.37946429
vt 0.26868952 0.32138039
vt 0.26587702 0.32138039
vt 0.26868952 0.37946429
vt 0.26587702 0.37946429
vt 0.26868952 0.32734342
vt 0.26587702 0.32734342
vt 0.26868952 0.37946429
vt 0.26587702 0.37946429
vt 0.26868952 0.33330654
vt 0.26587702 0.33330654
vt 0.26868952 0.37946429
vt 0.26587702 0.37946429
vt 0.26868952 0.33926966
vt 0.26587702 0.33926966
vt 0.26868952 0.37946429
vt 0.26587702 0.37946429
vt 0.26587702 0.36871805
vt 0.26587702 0.31696429
vt 0.28150202 0.31696429
vt 0.26587702 0.36521055
vt 0.28150202 0.36388715
vt 0.26587702 0.31696429
vt 0.28150202 0.31696429
vt 0.28150202 0.35950740
vt 0.27810080 0.35544943
vt 0.28138446 0.31696429
vt 0.27309001 0.31696429
vt 0.27506857 0.34729703
vt 0.26673070 0.34024854
vt 0.26746670 0.37946429
vt 0.26587702 0.37946429
vt 0.26587702 0.32450292
vt 0.28147392 0.31696429
vt 0.27994130 0.37046391
vt 0.27148539 0.35814779
vt 0.26893780 0.31696429
vt 0.26587702 0.37946429
vt 0.28150202 0.32502453
vt 0.27976814 0.31696429
vt 0.27544661 0.35790366
vt 0.26701058 0.33912903
vt 0.26587702 0.31696429
vt 0.28150202 0.36456629
vt 0.27906827 0.31696429
vt 0.27081080 0.31696429
vt 0.28150202 0.31696429
vt 0.28150202 0.31696429
vt 0.28080133 0.31696429
vt 0.27292024 0.31696429
vt 0.26587702 0.31779716
vt 0.26587702 0.31696429
vt 0.26587702 0.31779716
vt 0.27445880 0.31696429
vt 0.26657770 0.31696429
vt 0.26587702 0.31696429
vt 0.28150202 0.31696429
vt 0.27656823 0.31696429
vt 0.26831077 0.31696429
vt 0.26587702 0.36456629
vt 0.28150202 0.31696429
vt 0.28036845 0.33912903
vt 0.27193242 0.35790366
vt 0.26761089 0.31696429
vt 0.26587702 0.32502453
vt 0.28150202 0.37946429
vt 0.27844124 0.31696429
vt 0.27589364 0.35814779
vt 0.26743773 0.37046391
vt 0.26590511 0.31696429
vt 0.28150202 0.32450292
vt 0.28150202 0.37946429
vt 0.27991233 0.37946429
vt 0.28064833 0.34024854
vt 0.27231046 0.34729703
vt 0.27428902 0.31696429
vt 0.26599457 0.31696429
vt 0.26927824 0.35544943
vt 0.26587702 0.35950740
vt 0.26587702 0.31696429
vt 0.28150202 0.31696429
vt 0.26587702 0.36388715
vt 0.28150202 0.36521055
vt 0.26587702 0.31696429
vt 0.28150202 0.31696429
vt 0.28150202 0.36871805
vt 0.26587702 0.37004139
vt 0.28150202 0.31696429
vt 0.26587702 0.31696429
vt 0.26587702 0.37442114
vt 0.26927824 0.37847914
vt 0.26599457 0.31696429
vt 0.27428902 0.32246240
vt 0.27231046 0.37946429
vt 0.28064833 0.37946429
vt 0.27991233 0.33396419
vt 0.28150202 0.34264977
vt 0.28150202 0.37946429
vt 0.26590511 0.31696429
vt 0.26743773 0.36346449
vt 0.27589364 0.37578084
vt 0.27844124 0.32149746
vt 0.28150202 0.33582653
vt 0.26587702 0.37946429
vt 0.26761089 0.31696429
vt 0.27193242 0.37602474
vt 0.28036845 0.37946429
vt 0.28150202 0.34815778
vt 0.26587702 0.36936213
vt 0.26831077 0.32555498
vt 0.27656823 0.34931900
vt 0.28150202 0.31696429
vt 0.26587702 0.33486320
vt 0.26657770 0.31696429
vt 0.27445880 0.32613339
vt 0.26587702 0.31696429
vt 0.26587702 0.32321431
vt 0.26587702 0.31696429
vt 0.27292024 0.32613339
vt 0.28080133 0.31696429
vt 0.28150202 0.33486320
vt 0.28150202 0.31696429
vt 0.27081080 0.34931900
vt 0.27906827 0.32555498
vt 0.28150202 0.36936213
vt 0.26587702 0.34815778
vt 0.26701058 0.37946429
vt 0.27544661 0.37602474
vt 0.27976814 0.31696429
vt 0.28150202 0.37946429
vt 0.26587702 0.33582653
vt 0.26893780 0.32149746
vt 0.27148539 0.37578084
vt 0.27994130 0.36346449
vt 0.28147392 0.31696429
vt 0.26587702 0.37946429
vt 0.26587702 0.34264977
vt 0.26746670 0.33396419
vt 0.26673070 0.37946429
vt 0.27506857 0.37946429
vt 0.27309001 0.32246240
vt 0.28138446 0.31696429
vt 0.27810080 0.37847914
vt 0.28150202 0.37442114
vt 0.28150202 0.31696429
vt 0.26587702 0.31696429
vt 0.28150202 0.37004139
vt 0.27461186 0.37946429
vt 0.27387355 0.34895040
vt 0.28150202 0.34895040
vt 0.27461186 0.31696429
vt 0.28150202 0.31696429
vt 0.27681680 0.37322577
vt 0.28150202 0.37946429
vt 0.28045858 0.32456841
vt 0.26587702 0.33432479
vt 0.28150202 0.37946429
vt 0.26587702 0.31696429
vt 0.26587702 0.35894479
vt 0.27080205 0.37527491
vt 0.26816939 0.31820406
vt 0.27813298 0.33784594
vt 0.27688314 0.37946429
vt 0.28150202 0.31696429
vt 0.28150202 0.37361206
vt 0.26587702 0.37946429
vt 0.26596905 0.34570177
vt 0.27481833 0.37530215
vt 0.27731617 0.32290681
vt 0.28150202 0.35578777
vt 0.28150202 0.31696429
vt 0.26587702 0.34164204
vt 0.27035370 0.31696429
vt 0.27744917 0.33307131
vt 0.26587702 0.31696429
vt 0.26587702 0.33020039
vt 0.26587702 0.31696429
vt 0.26992986 0.33307131
vt 0.27702533 0.31696429
vt 0.28150202 0.34164204
vt 0.28150202 0.31696429
vt 0.28150202 0.35578777
vt 0.27006286 0.32290681
vt 0.27256070 0.37530215
vt 0.28140999 0.34570177
vt 0.28150202 0.37946429
vt 0.26587702 0.37361206
vt 0.26587702 0.31696429
vt 0.27049589 0.37946429
vt 0.26924605 0.33784594
vt 0.27920964 0.31820406
vt 0.27657698 0.37527491
vt 0.28150202 0.35894479
vt 0.28150202 0.31696429
vt 0.26587702 0.37946429
vt 0.28150202 0.33432479
vt 0.26692046 0.32456841
vt 0.26587702 0.37946429
vt 0.27056223 0.37322577
vt 0.26587702 0.31696429
vt 0.27276717 0.31696429
vt 0.26587702 0.34895040
vt 0.27350549 0.34895040
vt 0.27276717 0.37946429
vt 0.26587702 0.37946429
vt 0.27056223 0.32467516
vt 0.26587702 0.31818091
vt 0.26692046 0.37333240
vt 0.28150202 0.36357616
vt 0.26587702 0.31696429
vt 0.28150202 0.37946429
vt 0.28150202 0.33895603
vt 0.27657698 0.32262591
vt 0.27920964 0.37946429
vt 0.26924605 0.36005503
vt 0.27049589 0.31696429
vt 0.26587702 0.37946429
vt 0.26587702 0.32428879
vt 0.28150202 0.31696429
vt 0.28140999 0.35219904
vt 0.27256070 0.32259879
vt 0.27006286 0.37499403
vt 0.28150202 0.34211304
vt 0.28150202 0.31696429
vt 0.28150202 0.35625879
vt 0.27702533 0.31696429
vt 0.26992986 0.36482953
vt 0.26587702 0.31696429
vt 0.26587702 0.36770041
vt 0.26587702 0.31696429
vt 0.27744917 0.36482953
vt 0.27035370 0.31696429
vt 0.26587702 0.35625879
vt 0.28150202 0.31696429
vt 0.28150202 0.34211304
vt 0.27731617 0.37499403
vt 0.27481833 0.32259879
vt 0.26596905 0.35219904
vt 0.26587702 0.31696429
vt 0.28150202 0.32428879
vt 0.28150202 0.37946429
vt 0.27688314 0.31696429
vt 0.27813298 0.36005503
vt 0.26816939 0.37946429
vt 0.27080205 0.32262591
vt 0.26587702 0.33895603
vt 0.26587702 0.37946429
vt 0.28150202 0.31696429
vt 0.26587702 0.36357616
vt 0.28045858 0.37333240
vt 0.28150202 0.31818091
vt 0.27681680 0.32467516
vt 0.28150202 0.37946429
vt 0.27056452 0.33329129
vt 0.28150202 0.31696429
vt 0.27056452 0.31696429
vt 0.28150202 0.36313728
vt 0.27056452 0.36313728
vt 0.28150202 0.31696429
vt 0.27056452 0.31696429
vt 0.28150202 0.37946429
vt 0.27056452 0.37946429
vt 0.28150202 0.34540628
vt 0.27056452 0.34540628
vt 0.28150202 0.31696429
vt 0.27056452 0.31696429
vt 0.28150202 0.37525229
vt 0.27056452 0.37525229
vt 0.28150202 0.32767530
vt 0.27056452 0.32767530
vt 0.28150202 0.37946429
vt 0.27056452 0.37946429
vt 0.28150202 0.35752128
vt 0.27056452 0.35752128
vt 0.28150202 0.31696429
vt 0.27056452 0.31696429
vt 0.28150202 0.37946429
vt 0.27056452 0.37946429
vt 0.28150202 0.33979030
vt 0.27056452 0.33979030
vt 0.28150202 0.31696429
vt 0.27056452 0.31696429
vt 0.28150202 0.36963631
vt 0.27056452 0.36963631
vt 0.28150202 0.32205929
vt 0.27056452 0.32205929
vt 0.28150202 0.37946429
vt 0.27056452 0.37946429
vt 0.28150202 0.35190518
vt 0.27056452 0.35190518
vt 0.28150202 0.31696429
vt 0.27056452 0.31696429
vt 0.28150202 0.37946429
vt 0.27056452 0.37946429
vt 0.28150202 0.33417417
vt 0.27056452 0.33417417
vt 0.28150202 0.31696429
vt 0.27056452 0.31696429
vt 0.28150202 0.36402001
vt 0.27056452 0.36402001
vt 0.28150202 0.31696429
vt 0.27056452 0.31696429
vt 0.28150202 0.37946429
vt 0.27056452 0.37946429
vt 0.28150202 0.34628917
vt 0.27056452 0.34628917
vt 0.27056452 0.31696429
vt 0.28150202 0.31696429
vt 0.27056452 0.37946429
vt 0.28150202 0.37946429
vt 0.27056452 0.35013940
vt 0.28150202 0.35013940
vt 0.28150202 0.31696429
vt 0.28150202 0.33329129
vt 0.27056452 0.37946429
vt 0.28150202 0.37946429
vt 0.27056452 0.37946429
vt 0.28150202 0.37946429
vt 0.27056452 0.35102229
vt 0.28150202 0.35102229
vt 0.27056452 0.37946429
vt 0.28150202 0.37946429
vt 0.27056452 0.32117628
vt 0.28150202 0.32117628
vt 0.27056452 0.36875327
vt 0.28150202 0.36875327
vt 0.27056452 0.31696429
vt 0.28150202 0.31696429
vt 0.27056452 0.33890729
vt 0.28150202 0.33890729
vt 0.27056452 0.37946429
vt 0.28150202 0.37946429
vt 0.27056452 0.31696429
vt 0.28150202 0.31696429
vt 0.27056452 0.35663827
vt 0.28150202 0.35663827
vt 0.27056452 0.37946429
vt 0.28150202 0.37946429
vt 0.27056452 0.32679226
vt 0.28150202 0.32679226
vt 0.27056452 0.37436928
vt 0.28150202 0.37436928
vt 0.27056452 0.31696429
vt 0.28150202 0.31696429
vt 0.27056452 0.34452339
vt 0.28150202 0.34452339
vt 0.27056452 0.37946429
vt 0.28150202 0.37946429
vt 0.27056452 0.31696429
vt 0.28150202 0.31696429
vt 0.27056452 0.36225440
vt 0.28150202 0.36225440
vt 0.27056452 0.37946429
vt 0.28150202 0.37946429
vt 0.27056452 0.33240856
vt 0.28150202 0.33240856
vt 0.27056452 0.37946429
vt 0.28150202 0.37946429
vt 0.27056452 0.31696429
vt 0.26587702 0.33345416
vt 0.26587702 0.33253616
vt 0.26587702 0.31696429
vt 0.26587702 0.31696429
vt 0.26587702 0.36389241
vt 0.26587702 0.37935791
vt 0.26587702 0.37946429
vt 0.26587702 0.37946429
vt 0.26587702 0.37946429
vt 0.26587702 0.34800154
vt 0.26587702 0.35167378
vt 0.26587702 0.37946429
vt 0.26587702 0.37946429
vt 0.26587702 0.31696429
vt 0.26587702 0.32215367
vt 0.26587702 0.36346702
vt 0.26587702 0.36989354
vt 0.26587702 0.37946429
vt 0.26587702 0.31696429
vt 0.26587702 0.33211066
vt 0.26587702 0.34037329
vt 0.26587702 0.37893240
vt 0.26587702 0.37946429
vt 0.26587702 0.31696429
vt 0.26587702 0.31696429
vt 0.26587702 0.34757604
vt 0.26587702 0.35859288
vt 0.26587702 0.37946429
vt 0.26587702 0.37946429
vt 0.26587702 0.31696429
vt 0.26587702 0.32907267
vt 0.26587702 0.36304154
vt 0.26587702 0.37681265
vt 0.26587702 0.37946429
vt 0.26587702 0.31696429
vt 0.26587702 0.33168514
vt 0.26587702 0.34729244
vt 0.26587702 0.37850692
vt 0.26587702 0.37946429
vt 0.26587702 0.31696429
vt 0.26587702 0.31777217
vt 0.26587702 0.34715052
vt 0.26587702 0.36551203
vt 0.26587702 0.37946429
vt 0.26587702 0.31696429
vt 0.26587702 0.31696429
vt 0.26587702 0.33599176
vt 0.26587702 0.36261620
vt 0.26587702 0.37946429
vt 0.26587702 0.37946429
vt 0.26587702 0.31696429
vt 0.26587702 0.33125963
vt 0.26587702 0.35421171
vt 0.26587702 0.37808158
vt 0.26587702 0.31834699
vt 0.26587702 0.31696429
vt 0.26587702 0.34221687
vt 0.26587702 0.36516895
vt 0.26587702 0.37946429
vt 0.26587702 0.31696429
vt 0.26587702 0.31696429
vt 0.26587702 0.33381237
vt 0.26587702 0.36043681
vt 0.26587702 0.37946429
vt 0.26587702 0.37946429
vt 0.26587702 0.31696429
vt 0.26587702 0.33091654
vt 0.26587702 0.34927805
vt 0.26587702 0.37865640
vt 0.26587702 0.37946429
vt 0.26587702 0.31696429
vt 0.26587702 0.31792166
vt 0.26587702 0.34913613
vt 0.26587702 0.36474343
vt 0.26587702 0.37946429
vt 0.26587702 0.31696429
vt 0.26587702 0.31961592
vt 0.26587702 0.33338703
vt 0.26587702 0.36735590
vt 0.26587702 0.37946429
vt 0.26587702 0.31696429
vt 0.26587702 0.31696429
vt 0.26587702 0.33783569
vt 0.26587702 0.34885253
vt 0.26587702 0.37946429
vt 0.26587702 0.37946429
vt 0.26587702 0.31696429
vt 0.26587702 0.31749617
vt 0.26587702 0.35605528
vt 0.26587702 0.36431791
vt 0.26587702 0.37946429
vt 0.26587702 0.31696429
vt 0.26587702 0.32653503
vt 0.26587702 0.33296155
vt 0.26587702 0.37427490
vt 0.26587702 0.37946429
vt 0.26587702 0.31696429
vt 0.26587702 0.31696429
vt 0.26587702 0.34475479
vt 0.26587702 0.34842703
vt 0.26587702 0.37946429
vt 0.26587702 0.37946429
vt 0.26587702 0.31696429
vt 0.26587702 0.31707066
vt 0.26587702 0.36297441
vt 0.28150202 0.35761316
vt 0.26587702 0.37946429
vt 0.28150202 0.37946429
vt 0.26587702 0.37946429
vt 0.26587702 0.31696429
vt 0.26587702 0.31696429
vt 0.27010186 0.36981879
vt 0.26706039 0.37794779
vt 0.27368952 0.36696430
vt 0.26587702 0.37946429
vt 0.27727717 0.36981879
vt 0.26587702 0.34313889
vt 0.27105689 0.33648028
vt 0.27452955 0.31696429
vt 0.26587702 0.34599342
vt 0.27925795 0.37946429
vt 0.26890945 0.34313889
vt 0.27195092 0.33500989
vt 0.26587702 0.33500989
vt 0.26784305 0.34909739
vt 0.28150202 0.32284405
vt 0.27402073 0.31696429
vt 0.28150202 0.31696429
vt 0.28137773 0.37946429
vt 0.28150202 0.31696429
vt 0.26587702 0.37946429
vt 0.26587702 0.36494114
vt 0.26587702 0.37946429
vt 0.26587702 0.37946429
vt 0.26791723 0.33665343
vt 0.26890945 0.37946429
vt 0.27195092 0.37946429
vt 0.27808008 0.31696429
vt 0.27398317 0.31696429
vt 0.28150202 0.31696429
vt 0.28065314 0.35631491
vt 0.27993952 0.34196426
vt 0.26892402 0.37946429
vt 0.28065314 0.32761367
vt 0.26587702 0.31696429
vt 0.28052020 0.37946429
vt 0.26587702 0.31696429
vt 0.26587702 0.31696429
vt 0.26587702 0.37946429
vt 0.26587702 0.31696429
vt 0.27268467 0.37946429
vt 0.26587702 0.31696429
vt 0.26672589 0.32761367
vt 0.28150202 0.31696429
vt 0.26743952 0.34196426
vt 0.28150202 0.31696429
vt 0.26672589 0.35631491
vt 0.27339586 0.31696429
vt 0.27909077 0.33772429
vt 0.27268223 0.31696429
vt 0.28150202 0.35418256
vt 0.27339586 0.32284405
vt 0.28150202 0.37542202
vt 0.27542811 0.33500989
vt 0.26812108 0.37946429
vt 0.27846958 0.34313889
vt 0.28150202 0.34599342
vt 0.27542811 0.37946429
vt 0.27447077 0.32429214
vt 0.27846958 0.37946429
vt 0.28150202 0.35022016
vt 0.28150202 0.37946429
vt 0.28150202 0.37946429
vt 0.26587702 0.37946429
vt 0.28150202 0.37946429
vt 0.26587702 0.31696429
vt 0.26982064 0.31696429
vt 0.26587702 0.31696429
vt 0.26587702 0.32284405
vt 0.27660083 0.32876201
vt 0.28150202 0.33500989
vt 0.28150202 0.37011691
vt 0.28150202 0.34313889
vt 0.27010186 0.36981879
vt 0.27632214 0.33648028
vt 0.26706039 0.37794779
vt 0.27844436 0.37000229
vt 0.26587702 0.37946429
vt 0.27915826 0.37946429
vt 0.26587702 0.37946429
vt 0.26587702 0.31696429
vt 0.28150202 0.31696429
vt 0.27368952 0.36696430
vt 0.27727717 0.36981879
vt 0.28150202 0.33440979
vt 0.28031864 0.37794779
vt 0.26587702 0.37946429
vt 0.28150202 0.37946429
vt 0.28150202 0.37946429
vt 0.26587702 0.31696429
vt 0.28150202 0.31696429
vt 0.28031864 0.31696429
vt 0.28150202 0.34951879
vt 0.27727717 0.31696429
vt 0.28150202 0.37946429
vt 0.27368952 0.31696429
vt 0.27010186 0.31696429
vt 0.28150202 0.31696429
vt 0.28150202 0.34078966
vt 0.28150202 0.34891866
vt 0.27660083 0.35516654
vt 0.26587702 0.36108454
vt 0.26982064 0.37946429
vt 0.26587702 0.37543516
vt 0.26587702 0.37946429
vt 0.26587702 0.31696429
vt 0.28150202 0.37946429
vt 0.28150202 0.37946429
vt 0.28150202 0.33370841
vt 0.28150202 0.31696429
vt 0.27846958 0.37946429
vt 0.27447077 0.35963641
vt 0.27542811 0.37946429
vt 0.28150202 0.31696429
vt 0.27339586 0.37946429
vt 0.26672589 0.32761366
vt 0.27909077 0.34620428
vt 0.27091414 0.35743241
vt 0.26587702 0.31696429
vt 0.26587702 0.31696429
vt 0.26743952 0.34196428
vt 0.28150202 0.31696429
vt 0.26672589 0.35631491
vt 0.27268467 0.31696429
vt 0.26587702 0.36848079
vt 0.26587702 0.37660979
vt 0.26587702 0.31696429
vt 0.26587702 0.31696429
vt 0.28052020 0.31696429
vt 0.26587702 0.37660979
vt 0.26587702 0.36848079
vt 0.26892402 0.31696429
vt 0.28065314 0.35631491
vt 0.27993952 0.34196428
vt 0.28150202 0.31696429
vt 0.28065314 0.32761366
vt 0.27398317 0.37946429
vt 0.26828827 0.34620428
vt 0.27469680 0.37543516
vt 0.26587702 0.32974604
vt 0.27398317 0.36108454
vt 0.28150202 0.31696429
vt 0.27195092 0.34891866
vt 0.27925795 0.37946429
vt 0.26890945 0.34078966
vt 0.26587702 0.33793517
vt 0.27808008 0.37074528
vt 0.27195092 0.37946429
vt 0.26791723 0.34727516
vt 0.26890945 0.37946429
vt 0.26587702 0.31696429
vt 0.26587702 0.31898741
vt 0.26587702 0.37946429
vt 0.26587702 0.37946429
vt 0.28137773 0.31696429
vt 0.28150202 0.37946429
vt 0.28150202 0.37543516
vt 0.27402073 0.37474054
vt 0.28150202 0.36108454
vt 0.26784305 0.33483117
vt 0.26587702 0.34891866
vt 0.26587702 0.31696429
vt 0.26587702 0.34078966
vt 0.27727717 0.31696429
vt 0.27105689 0.34744828
vt 0.28031864 0.31696429
vt 0.26893467 0.31696429
vt 0.28150202 0.31696429
vt 0.26822077 0.37946429
vt 0.28150202 0.37946429
vt 0.28150202 0.37946429
vt 0.27368952 0.31696429
vt 0.26587702 0.37245642
vt 0.27010186 0.31696429
vt 0.28150202 0.32631542
vt 0.26706039 0.31696429
vt 0.26893467 0.37000229
vt 0.28031864 0.37794779
vt 0.28150202 0.37542202
vt 0.27398317 0.32284405
vt 0.26587702 0.35418256
vt 0.27469680 0.31696429
vt 0.26828827 0.33772429
vt 0.27646489 0.32649614
vt 0.26587702 0.36848076
vt 0.26587702 0.37660976
vt 0.26587702 0.32080443
vt 0.26587702 0.37946429
vt 0.26587702 0.32080443
vt 0.26587702 0.37660976
vt 0.27091414 0.32649614
vt 0.26587702 0.36848076
vt 0.27284949 0.31696429
vt 0.27844436 0.31696429
vt 0.26706039 0.31696429
vt 0.27632214 0.34744828
vt 0.27268223 0.37543516
vt 0.28150202 0.32974604
vt 0.27339586 0.36108454
vt 0.28150202 0.31696429
vt 0.27542811 0.34891866
vt 0.26812108 0.37946429
vt 0.27846958 0.34078966
vt 0.28150202 0.33793517
vt 0.27284949 0.37911578
vt 0.26587702 0.36312416
vt 0.26587702 0.31696429
vt 0.26587702 0.36312416
vt 0.26587702 0.31696429
vt 0.27646489 0.35743241
vt 0.26587702 0.31696429
vt 0.27452955 0.37911578
vt 0.26587702 0.37946429
vt 0.26587702 0.37946429
vt 0.26587702 0.31696429
vt 0.26587702 0.31696429
vt 0.26587702 0.37946429
vt 0.26587702 0.37946429
vt 0.26587702 0.31696429
vt 0.26587702 0.35667803
vt 0.26587702 0.35486265
vt 0.26587702 0.32309206
vt 0.26587702 0.32036878
vt 0.26587702 0.31696429
vt 0.26587702 0.31696429
vt 0.26587702 0.37946429
vt 0.26587702 0.37638115
vt 0.26587702 0.34733366
vt 0.26587702 0.34188728
vt 0.26587702 0.31696429
vt 0.26587702 0.31696429
vt 0.26587702 0.37946429
vt 0.26587702 0.37946429
vt 0.26587702 0.37157528
vt 0.26587702 0.36340578
vt 0.26587702 0.33798929
vt 0.26587702 0.32891192
vt 0.26587702 0.31696429
vt 0.26587702 0.31696429
vt 0.26587702 0.37946429
vt 0.26587702 0.37946429
vt 0.26587702 0.36223091
vt 0.26587702 0.35043042
vt 0.26587702 0.32864478
vt 0.26587702 0.37946429
vt 0.26587702 0.37946429
vt 0.26587702 0.37946429
vt 0.26587702 0.37946429
vt 0.26587702 0.37194891
vt 0.26587702 0.35288654
vt 0.26587702 0.33745504
vt 0.26587702 0.31930041
vt 0.26587702 0.31696429
vt 0.26587702 0.31696429
vt 0.26587702 0.31696429
vt 0.26587702 0.37712816
vt 0.26587702 0.35897354
vt 0.26587702 0.34354203
vt 0.26587702 0.32447966
vt 0.26587702 0.31696429
vt 0.26587702 0.31696429
vt 0.26587702 0.37946429
vt 0.26587702 0.37946429
vt 0.26587702 0.36778379
vt 0.26587702 0.34599816
vt 0.26587702 0.33419766
vt 0.26587702 0.31696429
vt 0.26587702 0.31696429
vt 0.26587702 0.37946429
vt 0.26587702 0.37946429
vt 0.26587702 0.36751665
vt 0.26587702 0.35843928
vt 0.26587702 0.33302279
vt 0.26587702 0.32485329
vt 0.26587702 0.31696429
vt 0.26587702 0.31696429
vt 0.26587702 0.37946429
vt 0.26587702 0.37946429
vt 0.26587702 0.35454129
vt 0.26587702 0.34909491
vt 0.26587702 0.32004743
vt 0.26587702 0.31696429
vt 0.26587702 0.37946429
vt 0.26587702 0.37946429
vt 0.26587702 0.37605979
vt 0.26587702 0.37333651
vt 0.26587702 0.34156592
vt 0.26587702 0.33975055
vt 0.26587702 0.31696429
vt 0.26587702 0.35917254
vt 0.27837733 0.35917254
vt 0.26587702 0.35180941
vt 0.26587702 0.37389878
vt 0.27837733 0.37389878
vt 0.26587702 0.36653566
vt 0.26587702 0.31696429
vt 0.27837733 0.31696429
vt 0.26587702 0.31696429
vt 0.26587702 0.31696429
vt 0.27837733 0.31696429
vt 0.26587702 0.31696429
vt 0.27837733 0.31696429
vt 0.26587702 0.31696429
vt 0.26587702 0.31696429
vt 0.27837733 0.31696429
vt 0.26587702 0.31696429
vt 0.26587702 0.31696429
vt 0.27837733 0.31696429
vt 0.26587702 0.32252979
vt 0.27837733 0.32252979
vt 0.26587702 0.31696429
vt 0.26587702 0.33725604
vt 0.27837733 0.33725604
vt 0.26587702 0.32989291
vt 0.26587702 0.34461916
vt 0.27837733 0.34461916
vt 0.27837733 0.32989291
vt 0.27837733 0.31696429
vt 0.27837733 0.31696429
vt 0.27837733 0.31696429
vt 0.27837733 0.31696429
vt 0.27837733 0.36653566
vt 0.27681452 0.31696429
vt 0.26587702 0.31696429
vt 0.27681452 0.31696429
vt 0.26587702 0.31696429
vt 0.27681452 0.31696429
vt 0.26587702 0.31696429
vt 0.27681452 0.31696429
vt 0.26587702 0.31696429
vt 0.27681452 0.36653566
vt 0.26587702 0.36653566
vt 0.27681452 0.35180941
vt 0.26587702 0.35180941
vt 0.27681452 0.33708316
vt 0.26587702 0.33708316
vt 0.27681452 0.32235704
vt 0.26587702 0.32235704
vt 0.27681452 0.31696429
vt 0.26587702 0.31696429
vt 0.27681452 0.31696429
vt 0.26587702 0.31696429
vt 0.27681452 0.37946429
vt 0.26587702 0.37946429
vt 0.27681452 0.37946429
vt 0.26587702 0.37946429
vt 0.27681452 0.37407153
vt 0.26587702 0.37407153
vt 0.27681452 0.35934541
vt 0.26587702 0.35934541
vt 0.27681452 0.34461916
vt 0.26587702 0.34461916
vt 0.27681452 0.32989291
vt 0.26587702 0.32989291
vt 0.27681452 0.31696429
vt 0.26587702 0.31696429
vt 0.26587702 0.35917254
vt 0.27837733 0.35917254
vt 0.26587702 0.35180941
vt 0.26587702 0.37389878
vt 0.27837733 0.37389878
vt 0.26587702 0.36653566
vt 0.26587702 0.31696429
vt 0.27837733 0.31696429
vt 0.26587702 0.31696429
vt 0.26587702 0.31696429
vt 0.27837733 0.31696429
vt 0.26587702 0.31696429
vt 0.27837733 0.31696429
vt 0.26587702 0.31696429
vt 0.26587702 0.31696429
vt 0.27837733 0.31696429
vt 0.26587702 0.31696429
vt 0.26587702 0.31696429
vt 0.27837733 0.31696429
vt 0.26587702 0.32252979
vt 0.27837733 0.32252979
vt 0.26587702 0.31696429
vt 0.26587702 0.33725604
vt 0.27837733 0.33725604
vt 0.26587702 0.32989291
vt 0.26587702 0.34461916
vt 0.27837733 0.34461916
vt 0.27837733 0.32989291
vt 0.27837733 0.31696429
vt 0.27837733 0.31696429
vt 0.27837733 0.31696429
vt 0.27837733 0.31696429
vt 0.27837733 0.36653566
vt 0.27681452 0.31696429
vt 0.26587702 0.31696429
vt 0.27681452 0.31696429
vt 0.26587702 0.31696429
vt 0.27681452 0.31696429
vt 0.26587702 0.31696429
vt 0.27681452 0.31696429
vt 0.26587702 0.31696429
vt 0.27681452 0.36653566
vt 0.26587702 0.36653566
vt 0.27681452 0.35180941
vt 0.26587702 0.35180941
vt 0.27681452 0.33708316
vt 0.26587702 0.33708316
vt 0.27681452 0.32235704
vt 0.26587702 0.32235704
vt 0.27681452 0.31696429
vt 0.26587702 0.31696429
vt 0.27681452 0.31696429
vt 0.26587702 0.31696429
vt 0.27681452 0.37946429
vt 0.26587702 0.37946429
vt 0.27681452 0.37946429
vt 0.26587702 0.37946429
vt 0.27681452 0.37407153
vt 0.26587702 0.37407153
vt 0.27681452 0.35934541
vt 0.26587702 0.35934541
vt 0.27681452 0.34461916
vt 0.26587702 0.34461916
vt 0.27681452 0.32989291
vt 0.26587702 0.32989291
vt 0.27681452 0.31696429
vt 0.26587702 0.31696429
vt 0.26587702 0.35917254
vt 0.27837733 0.35917254
vt 0.26587702 0.35180941
vt 0.26587702 0.37389878
vt 0.27837733 0.37389878
vt 0.26587702 0.36653566
vt 0.26587702 0.31696429
vt 0.27837733 0.31696429
vt 0.26587702 0.31696429
vt 0.26587702 0.31696429
vt 0.27837733 0.31696429
vt 0.26587702 0.31696429
vt 0.27837733 0.31696429
vt 0.26587702 0.31696429
vt 0.26587702 0.31696429
vt 0.27837733 0.31696429
vt 0.26587702 0.31696429
vt 0.26587702 0.31696429
vt 0.27837733 0.31696429
vt 0.26587702 0.32252979
vt 0.27837733 0.32252979
vt 0.26587702 0.31696429
vt 0.26587702 0.33725604
vt 0.27837733 0.33725604
vt 0.26587702 0.32989291
vt 0.26587702 0.34461916
vt 0.27837733 0.34461916
vt 0.27837733 0.32989291
vt 0.27837733 0.31696429
vt 0.27837733 0.31696429
vt 0.27837733 0.31696429
vt 0.27837733 0.31696429
vt 0.27837733 0.36653566
vt 0.27681452 0.31696429
vt 0.26587702 0.31696429
vt 0.27681452 0.31696429
vt 0.26587702 0.31696429
vt 0.27681452 0.31696429
vt 0.26587702 0.31696429
vt 0.27681452 0.31696429
vt 0.26587702 0.31696429
vt 0.27681452 0.36653566
vt 0.26587702 0.36653566
vt 0.27681452 0.35180941
vt 0.26587702 0.35180941
vt 0.27681452 0.33708316
vt 0.26587702 0.33708316
vt 0.27681452 0.32235704
vt 0.26587702 0.32235704
vt 0.27681452 0.31696429
vt 0.26587702 0.31696429
vt 0.27681452 0.31696429
vt 0.26587702 0.31696429
vt 0.27681452 0.37946429
vt 0.26587702 0.37946429
vt 0.27681452 0.37946429
vt 0.26587702 0.37946429
vt 0.27681452 0.37407153
vt 0.26587702 0.37407153
vt 0.27681452 0.35934541
vt 0.26587702 0.35934541
vt 0.27681452 0.34461916
vt 0.26587702 0.34461916
vt 0.27681452 0.32989291
vt 0.26587702 0.32989291
vt 0.27681452 0.31696429
vt 0.26587702 0.31696429
vt 0.26587702 0.35917254
vt 0.27837733 0.35917254
vt 0.26587702 0.35180941
vt 0.26587702 0.37389878
vt 0.27837733 0.37389878
vt 0.26587702 0.36653566
vt 0.26587702 0.31696429
vt 0.27837733 0.31696429
vt 0.26587702 0.31696429
vt 0.26587702 0.31696429
vt 0.27837733 0.31696429
vt 0.26587702 0.31696429
vt 0.27837733 0.31696429
vt 0.26587702 0.31696429
vt 0.26587702 0.31696429
vt 0.27837733 0.31696429
vt 0.26587702 0.31696429
vt 0.26587702 0.31696429
vt 0.27837733 0.31696429
vt 0.26587702 0.32252979
vt 0.27837733 0.32252979
vt 0.26587702 0.31696429
vt 0.26587702 0.33725604
vt 0.27837733 0.33725604
vt 0.26587702 0.32989291
vt 0.26587702 0.34461916
vt 0.27837733 0.34461916
vt 0.27837733 0.32989291
vt 0.27837733 0.31696429
vt 0.27837733 0.31696429
vt 0.27837733 0.31696429
vt 0.27837733 0.31696429
vt 0.27837733 0.36653566
vt 0.27681452 0.31696429
vt 0.26587702 0.31696429
vt 0.27681452 0.31696429
vt 0.26587702 0.31696429
vt 0.27681452 0.31696429
vt 0.26587702 0.31696429
vt 0.27681452 0.31696429
vt 0.26587702 0.31696429
vt 0.27681452 0.36653566
vt 0.26587702 0.36653566
vt 0.27681452 0.35180941
vt 0.26587702 0.35180941
vt 0.27681452 0.33708316
vt 0.26587702 0.33708316
vt 0.27681452 0.32235704
vt 0.26587702 0.32235704
vt 0.27681452 0.31696429
vt 0.26587702 0.31696429
vt 0.27681452 0.31696429
vt 0.26587702 0.31696429
vt 0.27681452 0.37946429
vt 0.26587702 0.37946429
vt 0.27681452 0.37946429
vt 0.26587702 0.37946429
vt 0.27681452 0.37407153
vt 0.26587702 0.37407153
vt 0.27681452 0.35934541
vt 0.26587702 0.35934541
vt 0.27681452 0.34461916
vt 0.26587702 0.34461916
vt 0.27681452 0.32989291
vt 0.26587702 0.32989291
vt 0.27681452 0.31696429
vt 0.26587702 0.31696429
vt 0.26587702 0.35917254
vt 0.27837733 0.35917254
vt 0.26587702 0.35180941
vt 0.26587702 0.37389878
vt 0.27837733 0.37389878
vt 0.26587702 0.36653566
vt 0.26587702 0.31696429
vt 0.27837733 0.31696429
vt 0.26587702 0.31696429
vt 0.26587702 0.31696429
vt 0.27837733 0.31696429
vt 0.26587702 0.31696429
vt 0.27837733 0.31696429
vt 0.26587702 0.31696429
vt 0.26587702 0.31696429
vt 0.27837733 0.31696429
vt 0.26587702 0.31696429
vt 0.26587702 0.31696429
vt 0.27837733 0.31696429
vt 0.26587702 0.32252979
vt 0.27837733 0.32252979
vt 0.26587702 0.31696429
vt 0.26587702 0.33725604
vt 0.27837733 0.33725604
vt 0.26587702 0.32989291
vt 0.26587702 0.34461916
vt 0.27837733 0.34461916
vt 0.27837733 0.32989291
vt 0.27837733 0.31696429
vt 0.27837733 0.31696429
vt 0.27837733 0.31696429
vt 0.27837733 0.31696429
vt 0.27837733 0.36653566
vt 0.27681452 0.31696429
vt 0.26587702 0.31696429
vt 0.27681452 0.31696429
vt 0.26587702 0.31696429
vt 0.27681452 0.31696429
vt 0.26587702 0.31696429
vt 0.27681452 0.31696429
vt 0.26587702 0.31696429
vt 0.27681452 0.36653566
vt 0.26587702 0.36653566
vt 0.27681452 0.35180941
vt 0.26587702 0.35180941
vt 0.27681452 0.33708316
vt 0.26587702 0.33708316
vt 0.27681452 0.32235704
vt 0.26587702 0.32235704
vt 0.27681452 0.31696429
vt 0.26587702 0.31696429
vt 0.27681452 0.31696429
vt 0.26587702 0.31696429
vt 0.27681452 0.37946429
vt 0.26587702 0.37946429
vt 0.27681452 0.37946429
vt 0.26587702 0.37946429
vt 0.27681452 0.37407153
vt 0.26587702 0.37407153
vt 0.27681452 0.35934541
vt 0.26587702 0.35934541
vt 0.27681452 0.34461916
vt 0.26587702 0.34461916
vt 0.27681452 0.32989291
vt 0.26587702 0.32989291
vt 0.27681452 0.31696429
vt 0.26587702 0.31696429
vt 0.26587702 0.35917254
vt 0.27837733 0.35917254
vt 0.26587702 0.35180941
vt 0.26587702 0.37389878
vt 0.27837733 0.37389878
vt 0.26587702 0.36653566
vt 0.26587702 0.31696429
vt 0.27837733 0.31696429
vt 0.26587702 0.31696429
vt 0.26587702 0.31696429
vt 0.27837733 0.31696429
vt 0.26587702 0.31696429
vt 0.27837733 0.31696429
vt 0.26587702 0.31696429
vt 0.26587702 0.31696429
vt 0.27837733 0.31696429
vt 0.26587702 0.31696429
vt 0.26587702 0.31696429
vt 0.27837733 0.31696429
vt 0.26587702 0.32252979
vt 0.27837733 0.32252979
vt 0.26587702 0.31696429
vt 0.26587702 0.33725604
vt 0.27837733 0.33725604
vt 0.26587702 0.32989291
vt 0.26587702 0.34461916
vt 0.27837733 0.34461916
vt 0.27837733 0.32989291
vt 0.27837733 0.31696429
vt 0.27837733 0.31696429
vt 0.27837733 0.31696429
vt 0.27837733 0.31696429
vt 0.27837733 0.36653566
vt 0.27681452 0.31696429
vt 0.26587702 0.31696429
vt 0.27681452 0.31696429
vt 0.26587702 0.31696429
vt 0.27681452 0.31696429
vt 0.26587702 0.31696429
vt 0.27681452 0.31696429
vt 0.26587702 0.31696429
vt 0.27681452 0.36653566
vt 0.26587702 0.36653566
vt 0.27681452 0.35180941
vt 0.26587702 0.35180941
vt 0.27681452 0.33708316
vt 0.26587702 0.33708316
vt 0.27681452 0.32235704
vt 0.26587702 0.32235704
vt 0.27681452 0.31696429
vt 0.26587702 0.31696429
vt 0.27681452 0.31696429
vt 0.26587702 0.31696429
vt 0.27681452 0.37946429
vt 0.26587702 0.37946429
vt 0.27681452 0.37946429
vt 0.26587702 0.37946429
vt 0.27681452 0.37407153
vt 0.26587702 0.37407153
vt 0.27681452 0.35934541
vt 0.26587702 0.35934541
vt 0.27681452 0.34461916
vt 0.26587702 0.34461916
vt 0.27681452 0.32989291
vt 0.26587702 0.32989291
vt 0.27681452 0.31696429
vt 0.26587702 0.31696429
vt 0.26587702 0.35917254
vt 0.27837733 0.35917254
vt 0.26587702 0.35180941
vt 0.26587702 0.37389878
vt 0.27837733 0.37389878
vt 0.26587702 0.36653566
vt 0.26587702 0.31696429
vt 0.27837733 0.31696429
vt 0.26587702 0.31696429
vt 0.26587702 0.31696429
vt 0.27837733 0.31696429
vt 0.26587702 0.31696429
vt 0.27837733 0.31696429
vt 0.26587702 0.31696429
vt 0.26587702 0.31696429
vt 0.27837733 0.31696429
vt 0.26587702 0.31696429
vt 0.26587702 0.31696429
vt 0.27837733 0.31696429
vt 0.26587702 0.32252979
vt 0.27837733 0.32252979
vt 0.26587702 0.31696429
vt 0.26587702 0.33725604
vt 0.27837733 0.33725604
vt 0.26587702 0.32989291
vt 0.26587702 0.34461916
vt 0.27837733 0.34461916
vt 0.27837733 0.32989291
vt 0.27837733 0.31696429
vt 0.27837733 0.31696429
vt 0.27837733 0.31696429
vt 0.27837733 0.31696429
vt 0.27837733 0.36653566
vt 0.27681452 0.31696429
vt 0.26587702 0.31696429
vt 0.27681452 0.31696429
vt 0.26587702 0.31696429
vt 0.27681452 0.31696429
vt 0.26587702 0.31696429
vt 0.27681452 0.31696429
vt 0.26587702 0.31696429
vt 0.27681452 0.36653566
vt 0.26587702 0.36653566
vt 0.27681452 0.35180941
vt 0.26587702 0.35180941
vt 0.27681452 0.33708316
vt 0.26587702 0.33708316
vt 0.27681452 0.32235704
vt 0.26587702 0.32235704
vt 0.27681452 0.31696429
vt 0.26587702 0.31696429
vt 0.27681452 0.31696429
vt 0.26587702 0.31696429
vt 0.27681452 0.37946429
vt 0.26587702 0.37946429
vt 0.27681452 0.37946429
vt 0.26587702 0.37946429
vt 0.27681452 0.37407153
vt 0.26587702 0.37407153
vt 0.27681452 0.35934541
vt 0.26587702 0.35934541
vt 0.27681452 0.34461916
vt 0.26587702 0.34461916
vt 0.27681452 0.32989291
vt 0.26587702 0.32989291
vt 0.27681452 0.31696429
vt 0.26587702 0.31696429
vt 0.28065314 0.31696429
vt 0.26672589 0.31696429
vt 0.27993952 0.31696429
vt 0.26743952 0.31696429
vt 0.28065314 0.31696429
vt 0.26672589 0.31696429
vt 0.26587702 0.31696429
vt 0.26587702 0.31696429
vt 0.26587702 0.32035979
vt 0.26587702 0.32035979
vt 0.26587702 0.32321429
vt 0.26587702 0.31696429
vt 0.26587702 0.31696429
vt 0.26587702 0.37606878
vt 0.26587702 0.37606878
vt 0.26587702 0.37321428
vt 0.27993952 0.31696429
vt 0.26587702 0.31696429
vt 0.27993952 0.31696429
vt 0.26587702 0.31696429
vt 0.27993952 0.31696429
vt 0.26587702 0.31696429
vt 0.27993952 0.31696429
vt 0.26587702 0.31696429
vt 0.27993952 0.36653566
vt 0.26587702 0.36653566
vt 0.27993952 0.35180941
vt 0.26587702 0.35180941
vt 0.27993952 0.33708316
vt 0.26587702 0.33708316
vt 0.27993952 0.32235704
vt 0.26587702 0.32235704
vt 0.27993952 0.31696429
vt 0.26587702 0.31696429
vt 0.27993952 0.31696429
vt 0.26587702 0.31696429
vt 0.27993952 0.37946429
vt 0.26587702 0.37946429
vt 0.27993952 0.37946429
vt 0.26587702 0.37946429
vt 0.27993952 0.37407153
vt 0.26587702 0.37407153
vt 0.27993952 0.35934541
vt 0.26587702 0.35934541
vt 0.27993952 0.34461916
vt 0.26587702 0.34461916
vt 0.27993952 0.32989291
vt 0.26587702 0.32989291
vt 0.27993952 0.31696429
vt 0.26587702 0.31696429
vt 0.26896655 0.32489678
vt 0.27354614 0.32359041
vt 0.26587702 0.32715541
vt 0.27812567 0.32228078
vt 0.28150202 0.32096778
vt 0.26587702 0.33124228
vt 0.28150202 0.34568529
vt 0.28150202 0.33705591
vt 0.28150202 0.34447503
vt 0.27851930 0.35338403
vt 0.28150202 0.37040267
vt 0.27493792 0.36343716
vt 0.27173645 0.37449566
vt 0.26891186 0.37946429
vt 0.28150202 0.37946429
vt 0.26646583 0.37946429
vt 0.28150202 0.31696429
vt 0.28150202 0.31696429
vt 0.28150202 0.31696429
vt 0.28150202 0.31955504
vt 0.28150202 0.31814566
vt 0.28150202 0.33352754
vt 0.28150202 0.34427253
vt 0.28150202 0.34905316
vt 0.28150202 0.36899004
vt 0.28150202 0.36447304
vt 0.28150202 0.31696429
vt 0.28150202 0.31696429
vt 0.28150202 0.31696429
vt 0.28150202 0.31696429
vt 0.28150202 0.31696429
vt 0.28150202 0.31696429
vt 0.28150202 0.31696429
vt 0.28150202 0.31814241
vt 0.28150202 0.32469779
vt 0.26622048 0.33699754
vt 0.28150202 0.34285978
vt 0.26833011 0.34863866
vt 0.27075955 0.35961229
vt 0.28150202 0.36757729
vt 0.27352061 0.36992516
vt 0.27659695 0.37946154
vt 0.28150202 0.37946429
vt 0.27992402 0.37946429
vt 0.28150202 0.37946429
vt 0.28150202 0.37946429
vt 0.26587702 0.37946429
vt 0.26587702 0.37946429
vt 0.26896655 0.37946429
vt 0.27354614 0.37946429
vt 0.27812567 0.37946429
vt 0.28150202 0.37946429
vt 0.26962658 0.31696429
vt 0.26613386 0.36646991
vt 0.26587702 0.31696429
vt 0.26587702 0.37205691
vt 0.26587702 0.31696429
vt 0.26587702 0.36460529
vt 0.26587702 0.31696429
vt 0.28065314 0.36198866
vt 0.27704398 0.31696429
vt 0.27736445 0.36460529
vt 0.27194330 0.33033454
vt 0.27457645 0.37205691
vt 0.26777848 0.34851891
vt 0.27271355 0.31696429
vt 0.26587702 0.37005416
vt 0.27205939 0.31696429
vt 0.26587702 0.31696429
vt 0.26587702 0.31696429
vt 0.27271355 0.31696429
vt 0.26587702 0.31764129
vt 0.27457645 0.31696429
vt 0.26650220 0.34014429
vt 0.27025380 0.35971491
vt 0.27736445 0.31696429
vt 0.27503233 0.37529866
vt 0.28065314 0.31696429
vt 0.28058030 0.37946429
vt 0.26587702 0.33982329
vt 0.26587702 0.31696429
vt 0.26587702 0.31696429
vt 0.26587702 0.31696429
vt 0.26587702 0.31696429
vt 0.26587702 0.31696429
vt 0.26587702 0.31696429
vt 0.26896655 0.37946429
vt 0.27354614 0.37946429
vt 0.26587702 0.37946429
vt 0.27812567 0.37946429
vt 0.28150202 0.37946429
vt 0.26587702 0.31696429
vt 0.28150202 0.31696429
vt 0.28150202 0.31696429
vt 0.28150202 0.31696429
vt 0.27851930 0.31696429
vt 0.28150202 0.32885128
vt 0.27493792 0.32188566
vt 0.27173645 0.33294416
vt 0.26891186 0.34496504
vt 0.28150202 0.35356879
vt 0.26646583 0.35794666
vt 0.28150202 0.37188916
vt 0.28150202 0.37828616
vt 0.28150202 0.31696429
vt 0.28150202 0.31696429
vt 0.28150202 0.31696429
vt 0.28150202 0.31696429
vt 0.28150202 0.31696429
vt 0.28150202 0.31696429
vt 0.28150202 0.32743854
vt 0.28150202 0.32292154
vt 0.28150202 0.33807853
vt 0.28150202 0.35215604
vt 0.28150202 0.35291754
vt 0.28150202 0.36741541
vt 0.28150202 0.37687353
vt 0.28150202 0.37946429
vt 0.28150202 0.37946429
vt 0.28150202 0.37946429
vt 0.28150202 0.37946429
vt 0.26622048 0.37946429
vt 0.28150202 0.37946429
vt 0.26833011 0.37946429
vt 0.27075955 0.31806079
vt 0.28150202 0.32602591
vt 0.27352061 0.32837379
vt 0.27659695 0.33791016
vt 0.28150202 0.35074328
vt 0.27992402 0.34644753
vt 0.28150202 0.35393504
vt 0.28150202 0.36029341
vt 0.26587702 0.36543703
vt 0.26587702 0.36927515
vt 0.26896655 0.37153179
vt 0.27354614 0.37283816
vt 0.27812567 0.37414779
vt 0.28150202 0.37546079
vt 0.27503233 0.32112991
vt 0.28058030 0.31696429
vt 0.28065314 0.31696429
vt 0.26587702 0.35660529
vt 0.26587702 0.31696429
vt 0.26587702 0.31696429
vt 0.26587702 0.31696429
vt 0.26587702 0.31696429
vt 0.26587702 0.31696429
vt 0.26613386 0.32995866
vt 0.26587702 0.31696429
vt 0.26587702 0.32437166
vt 0.26587702 0.37946429
vt 0.26587702 0.37946429
vt 0.26962658 0.37946429
vt 0.26587702 0.33182328
vt 0.26587702 0.37946429
vt 0.28065314 0.33443991
vt 0.27704398 0.37946429
vt 0.27736445 0.33182328
vt 0.27194330 0.36609403
vt 0.27457645 0.32437166
vt 0.26777848 0.34790966
vt 0.27271355 0.31696429
vt 0.26587702 0.32637441
vt 0.27205939 0.31696429
vt 0.26587702 0.31696429
vt 0.26587702 0.31696429
vt 0.27271355 0.31696429
vt 0.26587702 0.37878728
vt 0.27457645 0.31696429
vt 0.26650220 0.35628429
vt 0.27025380 0.33671366
vt 0.27736445 0.31696429
vt 0.26896655 0.36644830
vt 0.27354614 0.36514192
vt 0.26587702 0.36870678
vt 0.27812567 0.36383228
vt 0.28150202 0.36251928
vt 0.26587702 0.37279366
vt 0.28150202 0.37946429
vt 0.28150202 0.37860741
vt 0.28150202 0.37946429
vt 0.27851930 0.37946429
vt 0.28150202 0.31696429
vt 0.27493792 0.37946429
vt 0.27173645 0.31696429
vt 0.26891186 0.31696429
vt 0.28150202 0.31696429
vt 0.26646583 0.31696429
vt 0.28150202 0.32999204
vt 0.28150202 0.33638904
vt 0.28150202 0.34456441
vt 0.28150202 0.36110653
vt 0.28150202 0.35969717
vt 0.28150202 0.37507904
vt 0.28150202 0.37946429
vt 0.28150202 0.37946429
vt 0.28150202 0.37946429
vt 0.28150202 0.37946429
vt 0.28150202 0.31696429
vt 0.28150202 0.31696429
vt 0.28150202 0.31696429
vt 0.28150202 0.32551828
vt 0.28150202 0.33497641
vt 0.28150202 0.33961916
vt 0.28150202 0.35328303
vt 0.28150202 0.35969379
vt 0.28150202 0.36624916
vt 0.26622048 0.37854903
vt 0.28150202 0.31696429
vt 0.26833011 0.31696429
vt 0.27075955 0.31696429
vt 0.28150202 0.31696429
vt 0.27352061 0.31696429
vt 0.27659695 0.31696429
vt 0.28150202 0.31696429
vt 0.27992402 0.31696429
vt 0.28150202 0.31696429
vt 0.28150202 0.31839629
vt 0.26587702 0.32353991
vt 0.26587702 0.32737816
vt 0.26896655 0.32963466
vt 0.27354614 0.33094103
vt 0.27812567 0.33225066
vt 0.28150202 0.33356366
vt 0.28046061 0.35358554
vt 0.28150202 0.37577741
vt 0.26587702 0.37606878
vt 0.27159177 0.31696429
vt 0.26587702 0.31696429
vt 0.26587702 0.31696429
vt 0.26587702 0.31696429
vt 0.26587702 0.31696429
vt 0.26587702 0.31696429
vt 0.27825342 0.31799166
vt 0.26587702 0.31696429
vt 0.27965017 0.31696429
vt 0.26587702 0.31696429
vt 0.26587702 0.31696429
vt 0.26587702 0.33196254
vt 0.27778727 0.31696429
vt 0.26587702 0.31696429
vt 0.27713311 0.37606878
vt 0.26587702 0.36163216
vt 0.27778727 0.36291404
vt 0.26921958 0.34122941
vt 0.27965017 0.35176204
vt 0.27376567 0.32457016
vt 0.26587702 0.34431041
vt 0.27914949 0.31696429
vt 0.26587702 0.34169378
vt 0.26587702 0.31696429
vt 0.26587702 0.31696429
vt 0.26587702 0.34431041
vt 0.26604627 0.31696429
vt 0.26587702 0.35176204
vt 0.27167202 0.31946504
vt 0.27656467 0.33447141
vt 0.26587702 0.36291404
vt 0.26896655 0.36679391
vt 0.27354614 0.36548754
vt 0.26587702 0.36905241
vt 0.27812567 0.36417791
vt 0.28150202 0.36286491
vt 0.26587702 0.37313929
vt 0.28150202 0.31696429
vt 0.28150202 0.37895303
vt 0.28150202 0.31696429
vt 0.27851930 0.31696429
vt 0.28150202 0.31696429
vt 0.27493792 0.31696429
vt 0.27173645 0.31696429
vt 0.26891186 0.31696429
vt 0.28150202 0.31696429
vt 0.26646583 0.31696429
vt 0.28150202 0.33033766
vt 0.28150202 0.33673479
vt 0.28150202 0.34491016
vt 0.28150202 0.36145216
vt 0.28150202 0.36004278
vt 0.28150202 0.37542466
vt 0.28150202 0.37946429
vt 0.28150202 0.37946429
vt 0.28150202 0.37946429
vt 0.28150202 0.37946429
vt 0.28150202 0.37946429
vt 0.28150202 0.37946429
vt 0.28150202 0.37946429
vt 0.28150202 0.32586391
vt 0.28150202 0.33532204
vt 0.28150202 0.33996491
vt 0.28150202 0.35362867
vt 0.28150202 0.36003953
vt 0.28150202 0.36659491
vt 0.26622048 0.37889466
vt 0.28150202 0.37946429
vt 0.26833011 0.37946429
vt 0.27075955 0.37946429
vt 0.28150202 0.37946429
vt 0.27352061 0.31696429
vt 0.27659695 0.31696429
vt 0.28150202 0.31696429
vt 0.27992402 0.31696429
vt 0.28150202 0.31696429
vt 0.28150202 0.31874190
vt 0.26587702 0.32388567
vt 0.26587702 0.32772379
vt 0.26896655 0.32998027
vt 0.27354614 0.33128666
vt 0.27812567 0.33259629
vt 0.28150202 0.33390929
vt 0.26587702 0.36446604
vt 0.27825342 0.37843691
vt 0.26587702 0.31696429
vt 0.27965017 0.31696429
vt 0.26587702 0.31696429
vt 0.27778727 0.31696429
vt 0.26587702 0.31696429
vt 0.27713311 0.32035979
vt 0.26587702 0.33479641
vt 0.27778727 0.33351454
vt 0.26921958 0.35519916
vt 0.27965017 0.34466654
vt 0.27376567 0.37185841
vt 0.26587702 0.35211816
vt 0.27914949 0.37946429
vt 0.26587702 0.35473479
vt 0.26587702 0.37946429
vt 0.26587702 0.37946429
vt 0.26587702 0.35211816
vt 0.26604627 0.37946429
vt 0.26587702 0.34466654
vt 0.27167202 0.37696354
vt 0.27656467 0.36195716
vt 0.26587702 0.33351454
vt 0.28046061 0.34284304
vt 0.26587702 0.32035979
vt 0.28150202 0.32065116
vt 0.27159177 0.31696429
vt 0.26587702 0.31696429
vt 0.26587702 0.31696429
vt 0.26587702 0.31696429
vt 0.26587702 0.31696429
vt 0.26587702 0.31696429
vt 0.26587702 0.31696429
vt 0.26896655 0.32558815
vt 0.27354614 0.32428180
vt 0.26587702 0.32784666
vt 0.27812567 0.32297217
vt 0.28150202 0.32165916
vt 0.26587702 0.33193355
vt 0.28150202 0.34637653
vt 0.28150202 0.33774729
vt 0.28150202 0.34516640
vt 0.27851930 0.35407542
vt 0.28150202 0.37109404
vt 0.27493792 0.36412840
vt 0.27173645 0.37518703
vt 0.26891186 0.37946429
vt 0.28150202 0.37946429
vt 0.26646583 0.37946429
vt 0.28150202 0.31696429
vt 0.28150202 0.31696429
vt 0.28150202 0.31696429
vt 0.28150202 0.32024642
vt 0.28150202 0.31883703
vt 0.28150202 0.33421891
vt 0.28150202 0.34496393
vt 0.28150202 0.34974455
vt 0.28150202 0.36968129
vt 0.28150202 0.36516430
vt 0.28150202 0.37946429
vt 0.28150202 0.37946429
vt 0.28150202 0.37946429
vt 0.28150202 0.37946429
vt 0.28150202 0.31696429
vt 0.28150202 0.31696429
vt 0.28150202 0.31696429
vt 0.28150202 0.31883367
vt 0.28150202 0.32538916
vt 0.26622048 0.33768894
vt 0.28150202 0.34355118
vt 0.26833011 0.34933003
vt 0.27075955 0.36030354
vt 0.28150202 0.36826869
vt 0.27352061 0.37061651
vt 0.27659695 0.37946429
vt 0.28150202 0.37946429
vt 0.27992402 0.37946429
vt 0.28150202 0.37946429
vt 0.28150202 0.37946429
vt 0.26587702 0.37946429
vt 0.26587702 0.31696429
vt 0.26896655 0.31696429
vt 0.27354614 0.31696429
vt 0.27812567 0.31696429
vt 0.28150202 0.31696429
vt 0.28150202 0.33196254
vt 0.26912561 0.31799166
vt 0.28150202 0.31696429
vt 0.26772886 0.31696429
vt 0.28150202 0.31696429
vt 0.26959177 0.31696429
vt 0.28150202 0.31696429
vt 0.27024592 0.37606878
vt 0.28150202 0.36163216
vt 0.26959177 0.36291404
vt 0.27815945 0.34122941
vt 0.26772886 0.35176204
vt 0.27361336 0.32457016
vt 0.26587702 0.34431041
vt 0.26822955 0.31696429
vt 0.26587702 0.34169378
vt 0.26587702 0.31696429
vt 0.26587702 0.31696429
vt 0.26587702 0.34431041
vt 0.28133277 0.31696429
vt 0.26587702 0.35176204
vt 0.27570702 0.31946504
vt 0.27081436 0.33447141
vt 0.26587702 0.36291404
vt 0.26691842 0.35358554
vt 0.26587702 0.37606878
vt 0.26587702 0.37577741
vt 0.27578727 0.31696429
vt 0.26587702 0.31696429
vt 0.26587702 0.31696429
vt 0.26587702 0.31696429
vt 0.26587702 0.31696429
vt 0.26587702 0.31696429
vt 0.26587702 0.31696429
vt 0.26896655 0.32524254
vt 0.27354614 0.32393604
vt 0.26587702 0.32750103
vt 0.27812567 0.32262641
vt 0.28150202 0.32131341
vt 0.26587702 0.33158791
vt 0.28150202 0.34603091
vt 0.28150202 0.33740166
vt 0.28150202 0.34482078
vt 0.27851930 0.35372966
vt 0.28150202 0.37074841
vt 0.27493792 0.36378279
vt 0.27173645 0.37484128
vt 0.26891186 0.37946429
vt 0.28150202 0.37946429
vt 0.26646583 0.37946429
vt 0.28150202 0.37946429
vt 0.28150202 0.37946429
vt 0.28150202 0.37946429
vt 0.28150202 0.31990078
vt 0.28150202 0.31849142
vt 0.28150202 0.33387329
vt 0.28150202 0.34461816
vt 0.28150202 0.34939878
vt 0.28150202 0.36933565
vt 0.28150202 0.36481866
vt 0.28150202 0.37946429
vt 0.28150202 0.37946429
vt 0.28150202 0.37946429
vt 0.28150202 0.37946429
vt 0.28150202 0.31696429
vt 0.28150202 0.31696429
vt 0.28150202 0.31696429
vt 0.28150202 0.31848805
vt 0.28150202 0.32504340
vt 0.26622048 0.33734329
vt 0.28150202 0.34320553
vt 0.26833011 0.34898429
vt 0.27075955 0.35995792
vt 0.28150202 0.36792292
vt 0.27352061 0.37027092
vt 0.27659695 0.37946429
vt 0.28150202 0.37946429
vt 0.27992402 0.37946429
vt 0.28150202 0.37946429
vt 0.28150202 0.37946429
vt 0.26587702 0.37946429
vt 0.26587702 0.31696429
vt 0.26896655 0.31696429
vt 0.27354614 0.31696429
vt 0.27812567 0.31696429
vt 0.28150202 0.31696429
vt 0.26691842 0.34284304
vt 0.26587702 0.32065116
vt 0.26587702 0.32035979
vt 0.27578727 0.31696429
vt 0.26587702 0.31696429
vt 0.26587702 0.31696429
vt 0.26587702 0.31696429
vt 0.26587702 0.31696429
vt 0.26587702 0.31696429
vt 0.26912561 0.37843691
vt 0.26587702 0.31696429
vt 0.26772886 0.31696429
vt 0.28150202 0.31696429
vt 0.28150202 0.31696429
vt 0.28150202 0.36446604
vt 0.26959177 0.31696429
vt 0.28150202 0.31696429
vt 0.27024592 0.32035979
vt 0.28150202 0.33479641
vt 0.26959177 0.33351454
vt 0.27815945 0.35519916
vt 0.26772886 0.34466654
vt 0.27361336 0.37185841
vt 0.26587702 0.35211816
vt 0.26822955 0.37946429
vt 0.26587702 0.35473479
vt 0.26587702 0.37946429
vt 0.26587702 0.37946429
vt 0.26587702 0.35211816
vt 0.28133277 0.37946429
vt 0.26587702 0.34466654
vt 0.27570702 0.37696354
vt 0.27081436 0.36195716
vt 0.26587702 0.33351454
vt 0.26896655 0.36713954
vt 0.27354614 0.36583317
vt 0.26587702 0.36939816
vt 0.27812567 0.36452353
vt 0.28150202 0.36321053
vt 0.26587702 0.37348503
vt 0.28150202 0.37946429
vt 0.28150202 0.37929878
vt 0.28150202 0.37946429
vt 0.27851930 0.37946429
vt 0.28150202 0.31696429
vt 0.27493792 0.37946429
vt 0.27173645 0.31696429
vt 0.26891186 0.31696429
vt 0.28150202 0.31696429
vt 0.26646583 0.31696429
vt 0.28150202 0.33068328
vt 0.28150202 0.33708041
vt 0.28150202 0.34525578
vt 0.28150202 0.36179792
vt 0.28150202 0.36038853
vt 0.28150202 0.37577029
vt 0.28150202 0.37946429
vt 0.28150202 0.37946429
vt 0.28150202 0.31696429
vt 0.28150202 0.37946429
vt 0.28150202 0.31696429
vt 0.28150202 0.31696429
vt 0.28150202 0.31696429
vt 0.28150202 0.32620965
vt 0.28150202 0.33566766
vt 0.28150202 0.34031053
vt 0.28150202 0.35397430
vt 0.28150202 0.36038517
vt 0.28150202 0.36694055
vt 0.26622048 0.37924041
vt 0.28150202 0.37946429
vt 0.26833011 0.37946429
vt 0.27075955 0.37946429
vt 0.28150202 0.37946429
vt 0.27352061 0.31696429
vt 0.27659695 0.31696429
vt 0.28150202 0.31696429
vt 0.27992402 0.31696429
vt 0.28150202 0.31696429
vt 0.28150202 0.31908752
vt 0.26587702 0.32423128
vt 0.26587702 0.32806941
vt 0.26896655 0.33032592
vt 0.27354614 0.33163239
vt 0.27812567 0.33294203
vt 0.28150202 0.33425506
vt 0.27234670 0.37529866
vt 0.26679873 0.37946429
vt 0.26672589 0.31696429
vt 0.26587702 0.33982329
vt 0.26587702 0.31696429
vt 0.26587702 0.31696429
vt 0.26587702 0.31696429
vt 0.26587702 0.31696429
vt 0.26587702 0.31696429
vt 0.28124517 0.36646991
vt 0.26587702 0.31696429
vt 0.26587702 0.37205691
vt 0.26587702 0.31696429
vt 0.26587702 0.31696429
vt 0.27775245 0.31696429
vt 0.26587702 0.36460529
vt 0.26587702 0.31696429
vt 0.26672589 0.36198866
vt 0.27033505 0.31696429
vt 0.27001458 0.36460529
vt 0.27543573 0.33033454
vt 0.27280258 0.37205691
vt 0.27960055 0.34851891
vt 0.27466548 0.31696429
vt 0.28150202 0.37005416
vt 0.27531964 0.31696429
vt 0.28150202 0.31696429
vt 0.28150202 0.31696429
vt 0.27466548 0.31696429
vt 0.28150202 0.31764129
vt 0.27280258 0.31696429
vt 0.28087683 0.34014429
vt 0.27712523 0.35971491
vt 0.27001458 0.31696429
vt 0.26896655 0.37946429
vt 0.27354614 0.37946429
vt 0.26587702 0.37946429
vt 0.27812567 0.37946429
vt 0.28150202 0.37946429
vt 0.26587702 0.37946429
vt 0.28150202 0.37946429
vt 0.28150202 0.37946429
vt 0.28150202 0.37946429
vt 0.27851930 0.37946429
vt 0.28150202 0.32919692
vt 0.27493792 0.32223128
vt 0.27173645 0.33328991
vt 0.26891186 0.34531066
vt 0.28150202 0.35391441
vt 0.26646583 0.35829228
vt 0.28150202 0.37223478
vt 0.28150202 0.37863191
vt 0.28150202 0.37946429
vt 0.28150202 0.37946429
vt 0.28150202 0.37946429
vt 0.28150202 0.31696429
vt 0.28150202 0.31696429
vt 0.28150202 0.31696429
vt 0.28150202 0.32778429
vt 0.28150202 0.32326730
vt 0.28150202 0.33842416
vt 0.28150202 0.35250165
vt 0.28150202 0.35326316
vt 0.28150202 0.36776103
vt 0.28150202 0.37721916
vt 0.28150202 0.37946429
vt 0.28150202 0.37946429
vt 0.28150202 0.37946429
vt 0.28150202 0.37946429
vt 0.26622048 0.31696429
vt 0.28150202 0.31696429
vt 0.26833011 0.31696429
vt 0.27075955 0.31840642
vt 0.28150202 0.32637154
vt 0.27352061 0.32871942
vt 0.27659695 0.33825578
vt 0.28150202 0.35108890
vt 0.27992402 0.34679328
vt 0.28150202 0.35428067
vt 0.28150202 0.36063902
vt 0.26587702 0.36578278
vt 0.26587702 0.36962091
vt 0.26896655 0.37187742
vt 0.27354614 0.37318377
vt 0.27812567 0.37449341
vt 0.28150202 0.37580641
vt 0.27775245 0.37946429
vt 0.28124517 0.32995866
vt 0.26587702 0.37946429
vt 0.26587702 0.32437166
vt 0.26587702 0.37946429
vt 0.26587702 0.33182328
vt 0.26587702 0.37946429
vt 0.26672589 0.33443991
vt 0.27033505 0.37946429
vt 0.27001458 0.33182328
vt 0.27543573 0.36609403
vt 0.27280258 0.32437166
vt 0.27960055 0.34790966
vt 0.27466548 0.31696429
vt 0.28150202 0.32637441
vt 0.27531964 0.31696429
vt 0.28150202 0.31696429
vt 0.28150202 0.31696429
vt 0.27466548 0.31696429
vt 0.28150202 0.37878728
vt 0.27280258 0.31696429
vt 0.28087683 0.35628429
vt 0.27712523 0.33671366
vt 0.27001458 0.31696429
vt 0.27234670 0.32112991
vt 0.26672589 0.31696429
vt 0.26679873 0.31696429
vt 0.26587702 0.35660529
vt 0.26587702 0.31696429
vt 0.26587702 0.31696429
vt 0.26587702 0.31696429
vt 0.26587702 0.31696429
vt 0.26587702 0.31696429
vt 0.26587702 0.31696429
vt 0.26587702 0.31696429
vt 0.26587702 0.31696429
vt 0.26587702 0.31696429
vt 0.26587702 0.31696429
vt 0.26587702 0.31696429
vt 0.26587702 0.31696429
vt 0.26587702 0.31696429
vt 0.26587702 0.31696429
vt 0.26587702 0.31696429
vt 0.26587702 0.31696429
vt 0.26587702 0.31696429
vt 0.26587702 0.31696429
vt 0.26587702 0.31696429
vt 0.26587702 0.31696429
vt 0.26587702 0.31696429
vt 0.26587702 0.31696429
vt 0.26587702 0.31696429
vt 0.26587702 0.31696429
vt 0.26587702 0.31696429
vt 0.26587702 0.31696429
vt 0.26587702 0.31696429
vt 0.26587702 0.31696429
vt 0.26587702 0.31696429
vt 0.26587702 0.31696429
vt 0.26587702 0.31696429
vt 0.26587702 0.31696429
vt 0.26587702 0.31696429
vt 0.26587702 0.31696429
vt 0.26587702 0.31696429
vt 0.26587702 0.31696429
vt 0.26587702 0.31696429
vt 0.26587702 0.31696429
vt 0.26587702 0.31696429
vt 0.26587702 0.31696429
vt 0.26587702 0.31696429
vt 0.26587702 0.31696429
vt 0.26587702 0.31696429
vt 0.26587702 0.31696429
vt 0.26587702 0.31696429
vt 0.26587702 0.31696429
vt 0.26587702 0.31696429
vt 0.26587702 0.31696429
vt 0.26587702 0.31696429
vt 0.26587702 0.31696429
vt 0.26587702 0.31696429
vt 0.26587702 0.31696429
vt 0.26587702 0.31696429
vt 0.26587702 0.31696429
vt 0.26587702 0.37111716
vt 0.27048952 0.37471691
vt 0.26587702 0.37831666
vt 0.27048952 0.31696429
vt 0.26587702 0.31696429
vt 0.27048952 0.31696429
vt 0.26587702 0.31696429
vt 0.27048952 0.31696429
vt 0.26587702 0.31696429
vt 0.27048952 0.31696429
vt 0.26587702 0.31696429
vt 0.27048952 0.31696429
vt 0.26587702 0.31696429
vt 0.27048952 0.31696429
vt 0.26587702 0.31696429
vt 0.27048952 0.31696429
vt 0.26587702 0.31696429
vt 0.27048952 0.31696429
vt 0.26587702 0.31696429
vt 0.27048952 0.31696429
vt 0.26587702 0.31811191
vt 0.27048952 0.32171166
vt 0.26587702 0.32531141
vt 0.27048952 0.32891116
vt 0.26587702 0.33251091
vt 0.27048952 0.36751741
vt 0.26587702 0.37111716
vt 0.27048952 0.37471691
vt 0.26587702 0.37831666
vt 0.27048952 0.31696429
vt 0.26587702 0.31696429
vt 0.27048952 0.31696429
vt 0.26587702 0.31696429
vt 0.27048952 0.31696429
vt 0.26587702 0.31696429
vt 0.27048952 0.31696429
vt 0.26587702 0.31696429
vt 0.27048952 0.31696429
vt 0.26587702 0.31696429
vt 0.27048952 0.31696429
vt 0.26587702 0.31696429
vt 0.27048952 0.31696429
vt 0.26587702 0.31696429
vt 0.27048952 0.31696429
vt 0.26587702 0.31696429
vt 0.27048952 0.31696429
vt 0.26587702 0.31811191
vt 0.27048952 0.32171166
vt 0.26587702 0.32531141
vt 0.27048952 0.32891116
vt 0.26587702 0.33251091
vt 0.27048952 0.36751741
vt 0.26587702 0.37111716
vt 0.27048952 0.37471691
vt 0.26587702 0.37831666
vt 0.27048952 0.31696429
vt 0.26587702 0.31696429
vt 0.27048952 0.31696429
vt 0.26587702 0.31696429
vt 0.27048952 0.31696429
vt 0.26587702 0.31696429
vt 0.27048952 0.31696429
vt 0.26587702 0.31696429
vt 0.27048952 0.31696429
vt 0.26587702 0.31696429
vt 0.27048952 0.31696429
vt 0.26587702 0.31696429
vt 0.27048952 0.31696429
vt 0.26587702 0.31696429
vt 0.27048952 0.31696429
vt 0.26587702 0.31696429
vt 0.27048952 0.31696429
vt 0.26587702 0.31811191
vt 0.27048952 0.32171166
vt 0.26587702 0.32531141
vt 0.27048952 0.32891116
vt 0.26587702 0.33251091
vt 0.27048952 0.36751741
vt 0.26587702 0.37111716
vt 0.27048952 0.37471691
vt 0.26587702 0.37831666
vt 0.27048952 0.31696429
vt 0.26587702 0.31696429
vt 0.27048952 0.31696429
vt 0.26587702 0.31696429
vt 0.27048952 0.31696429
vt 0.26587702 0.31696429
vt 0.27048952 0.31696429
vt 0.26587702 0.31696429
vt 0.27048952 0.31696429
vt 0.26587702 0.31696429
vt 0.27048952 0.31696429
vt 0.26587702 0.31696429
vt 0.27048952 0.31696429
vt 0.26587702 0.31696429
vt 0.27048952 0.31696429
vt 0.26587702 0.31696429
vt 0.27048952 0.31696429
vt 0.26587702 0.31811191
vt 0.27048952 0.32171166
vt 0.26587702 0.32531141
vt 0.27048952 0.32891116
vt 0.26587702 0.33251091
vt 0.27048952 0.36751741
vt 0.28150202 0.33408728
vt 0.28150202 0.37096416
vt 0.28150202 0.32797241
vt 0.28150202 0.37599691
vt 0.28150202 0.32401829
vt 0.28150202 0.31696429
vt 0.28148742 0.31702266
vt 0.26587702 0.31696429
vt 0.26587702 0.31696429
vt 0.26587702 0.37946429
vt 0.28150202 0.31696429
vt 0.28150202 0.31696429
vt 0.28052695 0.34016716
vt 0.27803417 0.36968141
vt 0.28150202 0.31696429
vt 0.27688917 0.31696429
vt 0.28150202 0.31696429
vt 0.28150202 0.31696429
vt 0.28150202 0.36912191
vt 0.28150202 0.34461816
vt 0.28150202 0.37096416
vt 0.26713030 0.35887541
vt 0.28150202 0.37599691
vt 0.26933195 0.37592554
vt 0.28150202 0.31696429
vt 0.27037986 0.31696429
vt 0.28150202 0.31696429
vt 0.28150202 0.31696429
vt 0.27040155 0.31696429
vt 0.28150202 0.31696429
vt 0.26904192 0.33148029
vt 0.28150202 0.31696429
vt 0.26634414 0.36070466
vt 0.28150202 0.37946429
vt 0.28150202 0.37946429
vt 0.26587702 0.37946429
vt 0.28150202 0.31696429
vt 0.26587702 0.37946429
vt 0.26701633 0.37946429
vt 0.26587702 0.31696429
vt 0.26587702 0.37490703
vt 0.26587702 0.31777991
vt 0.26587702 0.36903016
vt 0.28150202 0.32281279
vt 0.28150202 0.36785566
vt 0.28150202 0.32465491
vt 0.28150202 0.37152629
vt 0.28150202 0.36595666
vt 0.28150202 0.37066391
vt 0.28150202 0.37269403
vt 0.26587702 0.37946429
vt 0.28150202 0.37946429
vt 0.27570130 0.32086453
vt 0.26587702 0.37946429
vt 0.26832274 0.33083566
vt 0.26587702 0.37946429
vt 0.26587702 0.33541566
vt 0.26587702 0.37946429
vt 0.26587702 0.33445929
vt 0.26587702 0.37946429
vt 0.26587702 0.37946429
vt 0.27646561 0.32799691
vt 0.26587702 0.37946429
vt 0.26587702 0.37946429
vt 0.26925392 0.37946429
vt 0.26786152 0.37946429
vt 0.26756958 0.37946429
vt 0.26807711 0.37946429
vt 0.26877917 0.37946429
vt 0.26587702 0.37946429
vt 0.26848555 0.37946429
vt 0.26587702 0.37946429
vt 0.28150202 0.32281279
vt 0.27874386 0.33710991
vt 0.28150202 0.31777991
vt 0.27712826 0.31696429
vt 0.28150202 0.31696429
vt 0.28150202 0.31696429
vt 0.26587702 0.37946429
vt 0.26587702 0.37946429
vt 0.27056692 0.37759578
vt 0.26587702 0.37946429
vt 0.27787302 0.36680466
vt 0.26587702 0.37946429
vt 0.26587702 0.37946429
vt 0.26587702 0.36136615
vt 0.26587702 0.37946429
vt 0.26587702 0.37946429
vt 0.26587702 0.36145291
vt 0.26587702 0.37946429
vt 0.26676170 0.36564453
vt 0.26587702 0.37946429
vt 0.27102423 0.37445116
vt 0.27458855 0.37946429
vt 0.26587702 0.37946429
vt 0.27722127 0.37946429
vt 0.27874998 0.31696429
vt 0.26587702 0.37946429
vt 0.27973852 0.31696429
vt 0.07245572 0.31696429
vt 0.08782654 0.31696429
vt 0.07310988 0.31696429
vt 0.08717238 0.31696429
vt 0.07245572 0.31696429
vt 0.08782654 0.31696429
vt 0.07232863 0.31696429
vt 0.07232863 0.31696429
vt 0.07232863 0.37895591
vt 0.07232863 0.37895591
vt 0.07232863 0.37633928
vt 0.07232863 0.31696429
vt 0.07232863 0.31696429
vt 0.07232863 0.31747266
vt 0.07232863 0.31747266
vt 0.07232863 0.32008929
vt 0.08639112 0.31696429
vt 0.07232863 0.31696429
vt 0.08639112 0.31696429
vt 0.07232863 0.31696429
vt 0.08639112 0.31696429
vt 0.07232863 0.31696429
vt 0.08639112 0.31696429
vt 0.07232863 0.32621141
vt 0.08639112 0.32621141
vt 0.07232863 0.33971041
vt 0.08639112 0.33971041
vt 0.07232863 0.35320941
vt 0.08639112 0.35320941
vt 0.07232863 0.36670841
vt 0.08639112 0.36670841
vt 0.07232863 0.37946429
vt 0.08639112 0.37946429
vt 0.08639112 0.37946429
vt 0.07232863 0.37946429
vt 0.08639112 0.31696429
vt 0.07232863 0.31696429
vt 0.08639112 0.31696429
vt 0.07232863 0.31696429
vt 0.07232863 0.32972016
vt 0.07232863 0.31696429
vt 0.08639112 0.31696429
vt 0.07232863 0.31696429
vt 0.08639112 0.37021716
vt 0.07232863 0.37021716
vt 0.08639112 0.35671816
vt 0.07232863 0.35671816
vt 0.08639112 0.34321916
vt 0.07232863 0.34321916
vt 0.08639112 0.32972016
vt 0.07245572 0.31696429
vt 0.08782654 0.31696429
vt 0.07310988 0.31696429
vt 0.08717238 0.31696429
vt 0.07245572 0.31696429
vt 0.08782654 0.31696429
vt 0.07232863 0.31696429
vt 0.07232863 0.31696429
vt 0.07232863 0.37895591
vt 0.07232863 0.37895591
vt 0.07232863 0.37633928
vt 0.07232863 0.31696429
vt 0.07232863 0.31696429
vt 0.07232863 0.31747266
vt 0.07232863 0.31747266
vt 0.07232863 0.32008929
vt 0.08639112 0.31696429
vt 0.07232863 0.31696429
vt 0.08639112 0.31696429
vt 0.07232863 0.31696429
vt 0.08639112 0.31696429
vt 0.07232863 0.31696429
vt 0.08639112 0.31696429
vt 0.07232863 0.32621141
vt 0.08639112 0.32621141
vt 0.07232863 0.33971041
vt 0.08639112 0.33971041
vt 0.07232863 0.35320941
vt 0.08639112 0.35320941
vt 0.07232863 0.36670841
vt 0.08639112 0.36670841
vt 0.07232863 0.37946429
vt 0.08639112 0.37946429
vt 0.08639112 0.37946429
vt 0.07232863 0.37946429
vt 0.08639112 0.31696429
vt 0.07232863 0.31696429
vt 0.08639112 0.31696429
vt 0.07232863 0.31696429
vt 0.07232863 0.32972016
vt 0.07232863 0.31696429
vt 0.08639112 0.31696429
vt 0.07232863 0.31696429
vt 0.08639112 0.37021716
vt 0.07232863 0.37021716
vt 0.08639112 0.35671816
vt 0.07232863 0.35671816
vt 0.08639112 0.34321916
vt 0.07232863 0.34321916
vt 0.08639112 0.32972016
vt 0.07245572 0.31696429
vt 0.08782654 0.31696429
vt 0.07310988 0.31696429
vt 0.08717238 0.31696429
vt 0.07245572 0.31696429
vt 0.08782654 0.31696429
vt 0.07232863 0.31696429
vt 0.07232863 0.31696429
vt 0.07232863 0.37895591
vt 0.07232863 0.37895591
vt 0.07232863 0.37633928
vt 0.07232863 0.31696429
vt 0.07232863 0.31696429
vt 0.07232863 0.31747266
vt 0.07232863 0.31747266
vt 0.07232863 0.32008929
vt 0.08639112 0.31696429
vt 0.07232863 0.31696429
vt 0.08639112 0.31696429
vt 0.07232863 0.31696429
vt 0.08639112 0.31696429
vt 0.07232863 0.31696429
vt 0.08639112 0.31696429
vt 0.07232863 0.32621141
vt 0.08639112 0.32621141
vt 0.07232863 0.33971041
vt 0.08639112 0.33971041
vt 0.07232863 0.35320941
vt 0.08639112 0.35320941
vt 0.07232863 0.36670841
vt 0.08639112 0.36670841
vt 0.07232863 0.37946429
vt 0.08639112 0.37946429
vt 0.08639112 0.37946429
vt 0.07232863 0.37946429
vt 0.08639112 0.31696429
vt 0.07232863 0.31696429
vt 0.08639112 0.31696429
vt 0.07232863 0.31696429
vt 0.07232863 0.32972016
vt 0.07232863 0.31696429
vt 0.08639112 0.31696429
vt 0.07232863 0.31696429
vt 0.08639112 0.37021716
vt 0.07232863 0.37021716
vt 0.08639112 0.35671816
vt 0.07232863 0.35671816
vt 0.08639112 0.34321916
vt 0.07232863 0.34321916
vt 0.08639112 0.32972016
vt 0.07245572 0.31696429
vt 0.08782654 0.31696429
vt 0.07310988 0.31696429
vt 0.08717238 0.31696429
vt 0.07245572 0.31696429
vt 0.08782654 0.31696429
vt 0.07232863 0.31696429
vt 0.07232863 0.31696429
vt 0.07232863 0.37895591
vt 0.07232863 0.37895591
vt 0.07232863 0.37633928
vt 0.07232863 0.31696429
vt 0.07232863 0.31696429
vt 0.07232863 0.31747266
vt 0.07232863 0.31747266
vt 0.07232863 0.32008929
vt 0.08639112 0.31696429
vt 0.07232863 0.31696429
vt 0.08639112 0.31696429
vt 0.07232863 0.31696429
vt 0.08639112 0.31696429
vt 0.07232863 0.31696429
vt 0.08639112 0.31696429
vt 0.07232863 0.32621141
vt 0.08639112 0.32621141
vt 0.07232863 0.33971041
vt 0.08639112 0.33971041
vt 0.07232863 0.35320941
vt 0.08639112 0.35320941
vt 0.07232863 0.36670841
vt 0.08639112 0.36670841
vt 0.07232863 0.37946429
vt 0.08639112 0.37946429
vt 0.08639112 0.37946429
vt 0.07232863 0.37946429
vt 0.08639112 0.31696429
vt 0.07232863 0.31696429
vt 0.08639112 0.31696429
vt 0.07232863 0.31696429
vt 0.07232863 0.32972016
vt 0.07232863 0.31696429
vt 0.08639112 0.31696429
vt 0.07232863 0.31696429
vt 0.08639112 0.37021716
vt 0.07232863 0.37021716
vt 0.08639112 0.35671816
vt 0.07232863 0.35671816
vt 0.08639112 0.34321916
vt 0.07232863 0.34321916
vt 0.08639112 0.32972016
vt 0.07245572 0.31696429
vt 0.08782654 0.31696429
vt 0.07310988 0.31696429
vt 0.08717238 0.31696429
vt 0.07245572 0.31696429
vt 0.08782654 0.31696429
vt 0.07232863 0.31696429
vt 0.07232863 0.31696429
vt 0.07232863 0.37895591
vt 0.07232863 0.37895591
vt 0.07232863 0.37633928
vt 0.07232863 0.31696429
vt 0.07232863 0.31696429
vt 0.07232863 0.31747266
vt 0.07232863 0.31747266
vt 0.07232863 0.32008929
vt 0.08639112 0.31696429
vt 0.07232863 0.31696429
vt 0.08639112 0.31696429
vt 0.07232863 0.31696429
vt 0.08639112 0.31696429
vt 0.07232863 0.31696429
vt 0.08639112 0.31696429
vt 0.07232863 0.32621141
vt 0.08639112 0.32621141
vt 0.07232863 0.33971041
vt 0.08639112 0.33971041
vt 0.07232863 0.35320941
vt 0.08639112 0.35320941
vt 0.07232863 0.36670841
vt 0.08639112 0.36670841
vt 0.07232863 0.37946429
vt 0.08639112 0.37946429
vt 0.08639112 0.37946429
vt 0.07232863 0.37946429
vt 0.08639112 0.31696429
vt 0.07232863 0.31696429
vt 0.08639112 0.31696429
vt 0.07232863 0.31696429
vt 0.07232863 0.32972016
vt 0.07232863 0.31696429
vt 0.08639112 0.31696429
vt 0.07232863 0.31696429
vt 0.08639112 0.37021716
vt 0.07232863 0.37021716
vt 0.08639112 0.35671816
vt 0.07232863 0.35671816
vt 0.08639112 0.34321916
vt 0.07232863 0.34321916
vt 0.08639112 0.32972016
vt 0.07245572 0.31696429
vt 0.08782654 0.31696429
vt 0.07310988 0.31696429
vt 0.08717238 0.31696429
vt 0.07245572 0.31696429
vt 0.08782654 0.31696429
vt 0.07232863 0.31696429
vt 0.07232863 0.31696429
vt 0.07232863 0.37895591
vt 0.07232863 0.37895591
vt 0.07232863 0.37633928
vt 0.07232863 0.31696429
vt 0.07232863 0.31696429
vt 0.07232863 0.31747266
vt 0.07232863 0.31747266
vt 0.07232863 0.32008929
vt 0.08639112 0.31696429
vt 0.07232863 0.31696429
vt 0.08639112 0.31696429
vt 0.07232863 0.31696429
vt 0.08639112 0.31696429
vt 0.07232863 0.31696429
vt 0.08639112 0.31696429
vt 0.07232863 0.32621141
vt 0.08639112 0.32621141
vt 0.07232863 0.33971041
vt 0.08639112 0.33971041
vt 0.07232863 0.35320941
vt 0.08639112 0.35320941
vt 0.07232863 0.36670841
vt 0.08639112 0.36670841
vt 0.07232863 0.37946429
vt 0.08639112 0.37946429
vt 0.08639112 0.37946429
vt 0.07232863 0.37946429
vt 0.08639112 0.31696429
vt 0.07232863 0.31696429
vt 0.08639112 0.31696429
vt 0.07232863 0.31696429
vt 0.07232863 0.32972016
vt 0.07232863 0.31696429
vt 0.08639112 0.31696429
vt 0.07232863 0.31696429
vt 0.08639112 0.37021716
vt 0.07232863 0.37021716
vt 0.08639112 0.35671816
vt 0.07232863 0.35671816
vt 0.08639112 0.34321916
vt 0.07232863 0.34321916
vt 0.08639112 0.32972016
vt 0.07245572 0.31696429
vt 0.08782654 0.31696429
vt 0.07310988 0.31696429
vt 0.08717238 0.31696429
vt 0.07245572 0.31696429
vt 0.08782654 0.31696429
vt 0.07232863 0.31696429
vt 0.07232863 0.31696429
vt 0.07232863 0.37895591
vt 0.07232863 0.37895591
vt 0.07232863 0.37633928
vt 0.07232863 0.31696429
vt 0.07232863 0.31696429
vt 0.07232863 0.31747266
vt 0.07232863 0.31747266
vt 0.07232863 0.32008929
vt 0.08639112 0.31696429
vt 0.07232863 0.31696429
vt 0.08639112 0.31696429
vt 0.07232863 0.31696429
vt 0.08639112 0.31696429
vt 0.07232863 0.31696429
vt 0.08639112 0.31696429
vt 0.07232863 0.32621141
vt 0.08639112 0.32621141
vt 0.07232863 0.33971041
vt 0.08639112 0.33971041
vt 0.07232863 0.35320941
vt 0.08639112 0.35320941
vt 0.07232863 0.36670841
vt 0.08639112 0.36670841
vt 0.07232863 0.37946429
vt 0.08639112 0.37946429
vt 0.08639112 0.37946429
vt 0.07232863 0.37946429
vt 0.08639112 0.31696429
vt 0.07232863 0.31696429
vt 0.08639112 0.31696429
vt 0.07232863 0.31696429
vt 0.07232863 0.32972016
vt 0.07232863 0.31696429
vt 0.08639112 0.31696429
vt 0.07232863 0.31696429
vt 0.08639112 0.37021716
vt 0.07232863 0.37021716
vt 0.08639112 0.35671816
vt 0.07232863 0.35671816
vt 0.08639112 0.34321916
vt 0.07232863 0.34321916
vt 0.08639112 0.32972016
vt 0.07245572 0.31696429
vt 0.08782654 0.31696429
vt 0.07310988 0.31696429
vt 0.08717238 0.31696429
vt 0.07245572 0.31696429
vt 0.08782654 0.31696429
vt 0.07232863 0.31696429
vt 0.07232863 0.31696429
vt 0.07232863 0.37895591
vt 0.07232863 0.37895591
vt 0.07232863 0.37633928
vt 0.07232863 0.31696429
vt 0.07232863 0.31696429
vt 0.07232863 0.31747266
vt 0.07232863 0.31747266
vt 0.07232863 0.32008929
vt 0.08639112 0.31696429
vt 0.07232863 0.31696429
vt 0.08639112 0.31696429
vt 0.07232863 0.31696429
vt 0.08639112 0.31696429
vt 0.07232863 0.31696429
vt 0.08639112 0.31696429
vt 0.07232863 0.32621141
vt 0.08639112 0.32621141
vt 0.07232863 0.33971041
vt 0.08639112 0.33971041
vt 0.07232863 0.35320941
vt 0.08639112 0.35320941
vt 0.07232863 0.36670841
vt 0.08639112 0.36670841
vt 0.07232863 0.37946429
vt 0.08639112 0.37946429
vt 0.08639112 0.37946429
vt 0.07232863 0.37946429
vt 0.08639112 0.31696429
vt 0.07232863 0.31696429
vt 0.08639112 0.31696429
vt 0.07232863 0.31696429
vt 0.07232863 0.32972016
vt 0.07232863 0.31696429
vt 0.08639112 0.31696429
vt 0.07232863 0.31696429
vt 0.08639112 0.37021716
vt 0.07232863 0.37021716
vt 0.08639112 0.35671816
vt 0.07232863 0.35671816
vt 0.08639112 0.34321916
vt 0.07232863 0.34321916
vt 0.08639112 0.32972016
vt 0.47198347 0.31696429
vt 0.47312762 0.31696429
vt 0.46402772 0.31696429
vt 0.46566806 0.32479690
vt 0.45942540 0.31917440
vt 0.45942540 0.33966391
vt 0.47505040 0.33931454
vt 0.45942540 0.35922517
vt 0.47505040 0.36366616
vt 0.47505040 0.37946429
vt 0.47089190 0.37946429
vt 0.47469553 0.37946429
vt 0.46753425 0.31696429
vt 0.47193953 0.31696429
vt 0.46551656 0.32950354
vt 0.47053903 0.34502740
vt 0.46489693 0.36280379
vt 0.47053903 0.37640116
vt 0.46569312 0.37946429
vt 0.47193953 0.37946429
vt 0.46788228 0.31696429
vt 0.47469553 0.31696429
vt 0.47140140 0.33354803
vt 0.47505040 0.33857666
vt 0.47505040 0.36101379
vt 0.45942540 0.36220341
vt 0.47505040 0.31696429
vt 0.45942540 0.31696429
vt 0.45942540 0.31696429
vt 0.46566806 0.31696429
vt 0.46499712 0.31696429
vt 0.47312762 0.31696429
vt 0.47300478 0.31696429
vt 0.45942540 0.31696429
vt 0.45942540 0.31696429
vt 0.45942540 0.31696429
vt 0.45942540 0.31696429
vt 0.46652393 0.31696429
vt 0.46513240 0.31696429
vt 0.47423656 0.31696429
vt 0.47234465 0.31696429
vt 0.47505040 0.31696429
vt 0.47505040 0.37253479
vt 0.47505040 0.37042354
vt 0.47505040 0.35085353
vt 0.46143134 0.34422191
vt 0.47505040 0.32547166
vt 0.46542506 0.31696429
vt 0.46132319 0.31696429
vt 0.46812247 0.37946429
vt 0.46340981 0.37946429
vt 0.46944587 0.37532753
vt 0.46411290 0.36071429
vt 0.46935728 0.34193704
vt 0.46340981 0.32946679
vt 0.46785918 0.31696429
vt 0.46132319 0.31696429
vt 0.46499475 0.37946429
vt 0.47505040 0.37946429
vt 0.46084631 0.37374430
vt 0.47505040 0.37057503
vt 0.47505040 0.34798791
vt 0.47505040 0.34889378
vt 0.47505040 0.32619380
vt 0.47234465 0.33161004
vt 0.47330369 0.31696429
vt 0.46513240 0.31927942
vt 0.46552500 0.31696429
vt 0.45942540 0.31696429
vt 0.45942540 0.31696429
vt 0.45942540 0.31696429
vt 0.45942540 0.31696429
vt 0.46192540 0.31696429
vt 0.45942540 0.31696429
vt 0.45942540 0.31696429
vt 0.45942540 0.31713016
vt 0.45942540 0.32739391
vt 0.45942540 0.34854616
vt 0.45942540 0.35443666
vt 0.45942540 0.37946429
vt 0.45942540 0.37946429
vt 0.45942540 0.37946429
vt 0.45942540 0.37946429
vt 0.46192540 0.37946429
vt 0.46192540 0.37946429
vt 0.45942540 0.31779391
vt 0.46192540 0.34591104
vt 0.45942540 0.34920979
vt 0.46192540 0.37710542
vt 0.45942540 0.37946429
vt 0.46192540 0.37946429
vt 0.45942540 0.31696429
vt 0.46192540 0.31696429
vt 0.45942540 0.31845765
vt 0.46192540 0.34568866
vt 0.45942540 0.34987353
vt 0.46192540 0.37688305
vt 0.45942540 0.37946429
vt 0.46192540 0.37946429
vt 0.45942540 0.31696429
vt 0.46192540 0.31696429
vt 0.45942540 0.31912129
vt 0.46192540 0.34546627
vt 0.45942540 0.35053729
vt 0.46192540 0.37666066
vt 0.45942540 0.37946429
vt 0.45942540 0.37946429
vt 0.45942540 0.31696429
vt 0.45942540 0.31696429
vt 0.45942540 0.31978502
vt 0.45942540 0.33863779
vt 0.45942540 0.34522768
vt 0.45942540 0.36897780
vt 0.45942540 0.37664356
vt 0.45942540 0.37946429
vt 0.45942540 0.37946429
vt 0.45942540 0.31696429
vt 0.45942540 0.31696429
vt 0.45942540 0.33499791
vt 0.45942540 0.34589128
vt 0.45942540 0.36533804
vt 0.45942540 0.37730728
vt 0.45942540 0.37946429
vt 0.45942540 0.37946429
vt 0.45942540 0.31696429
vt 0.45942540 0.31696429
vt 0.46192540 0.31696429
vt 0.46192540 0.33221252
vt 0.45942540 0.34655504
vt 0.46192540 0.36340691
vt 0.45942540 0.37797092
vt 0.46192540 0.37946429
vt 0.45942540 0.37946429
vt 0.46192540 0.31696429
vt 0.45942540 0.31696429
vt 0.46192540 0.33199015
vt 0.45942540 0.34721878
vt 0.46192540 0.36318466
vt 0.45942540 0.37863466
vt 0.46192540 0.37946429
vt 0.45942540 0.37946429
vt 0.46192540 0.31696429
vt 0.45942540 0.31696429
vt 0.46192540 0.33176791
vt 0.45942540 0.34788241
vt 0.46192540 0.36296229
vt 0.45942540 0.37929841
vt 0.46192540 0.31696429
vt 0.46192540 0.37946429
vt 0.45942540 0.37946429
vt 0.46630040 0.37946429
vt 0.45942540 0.37946429
vt 0.46630040 0.37946429
vt 0.45942540 0.31696429
vt 0.46630040 0.31696429
vt 0.45942540 0.31696429
vt 0.46630040 0.31696429
vt 0.45942540 0.33355467
vt 0.46630040 0.33355467
vt 0.45942540 0.35279767
vt 0.46630040 0.35279767
vt 0.45942540 0.37377466
vt 0.46630040 0.37377466
vt 0.45942540 0.37946429
vt 0.46630040 0.37946429
vt 0.45942540 0.31696429
vt 0.46630040 0.31696429
vt 0.45942540 0.31696429
vt 0.46630040 0.31696429
vt 0.45942540 0.32574667
vt 0.46630040 0.32574667
vt 0.45942540 0.34498967
vt 0.46630040 0.34498967
vt 0.45942540 0.32499741
vt 0.46817540 0.32499741
vt 0.45942540 0.31696429
vt 0.46817540 0.31696429
vt 0.46817540 0.31696429
vt 0.45942540 0.31696429
vt 0.46817540 0.31696429
vt 0.45942540 0.31696429
vt 0.45942540 0.31696429
vt 0.46817540 0.31696429
vt 0.46830465 0.31696429
vt 0.46438034 0.31696429
vt 0.46193212 0.31696429
vt 0.46128478 0.32580728
vt 0.45942540 0.33702879
vt 0.45942540 0.34313066
vt 0.45942540 0.36198216
vt 0.45942540 0.36110116
vt 0.45942540 0.31696429
vt 0.45942540 0.31696429
vt 0.45942540 0.31696429
vt 0.45942540 0.31696429
vt 0.45942540 0.31696429
vt 0.47505040 0.31696429
vt 0.47505040 0.31696429
vt 0.47505040 0.31696429
vt 0.47505040 0.32568928
vt 0.47505040 0.32191766
vt 0.47505040 0.34377691
vt 0.47505040 0.35219466
vt 0.47505040 0.36289941
vt 0.47505040 0.37946429
vt 0.45942540 0.31696429
vt 0.46630040 0.31696429
vt 0.45942540 0.31696429
vt 0.46630040 0.31696429
vt 0.45942540 0.31696429
vt 0.46630040 0.31696429
vt 0.45942540 0.31696429
vt 0.46630040 0.31696429
vt 0.45942540 0.34983579
vt 0.46817540 0.34983579
vt 0.45942540 0.33581366
vt 0.46817540 0.33581366
vt 0.45942540 0.32179166
vt 0.46817540 0.32179166
vt 0.45942540 0.31696429
vt 0.46817540 0.31696429
vt 0.45942540 0.31696429
vt 0.46817540 0.31696429
vt 0.45942540 0.37946429
vt 0.46817540 0.37946429
vt 0.45942540 0.37946429
vt 0.46817540 0.37946429
vt 0.45942540 0.37668129
vt 0.46817540 0.37668129
vt 0.45942540 0.31696429
vt 0.46630040 0.31696429
vt 0.45942540 0.31696429
vt 0.46630040 0.31696429
vt 0.45942540 0.31696429
vt 0.46630040 0.31696429
vt 0.45942540 0.31696429
vt 0.46630040 0.31696429
vt 0.47325059 0.31696429
vt 0.47388640 0.32021316
vt 0.47170184 0.31696429
vt 0.47179115 0.34589616
vt 0.46824209 0.31696429
vt 0.46514381 0.31696429
vt 0.46873259 0.36998303
vt 0.46278378 0.32342241
vt 0.46144915 0.33631091
vt 0.46130218 0.35024891
vt 0.46236081 0.36354104
vt 0.46449625 0.37457066
vt 0.46536118 0.37946429
vt 0.46546593 0.37946429
vt 0.46478362 0.37946429
vt 0.47444125 0.31696429
vt 0.47496847 0.31696429
f 1/1 2/2 3/3
f 3/3 2/2 4/4
f 3/3 4/4 5/5
f 5/5 4/4 6/6
f 5/5 6/6 7/7
f 7/7 6/6 8/8
f 7/7 8/8 9/9
f 2/2 1/1 10/10
f 10/10 1/1 11/11
f 10/10 11/11 12/12
f 12/12 11/11 13/13
f 13/13 11/11 14/14
f 14/14 11/11 15/15
f 15/15 11/11 16/16
f 15/15 16/16 17/17
f 17/17 16/16 18/18
f 17/17 18/18 19/19
f 19/19 18/18 20/20
f 19/19 20/20 21/21
f 21/21 20/20 22/22
f 22/22 20/20 23/23
f 22/22 23/23 24/24
f 24/24 23/23 25/25
f 25/25 23/23 26/26
f 26/26 23/23 27/27
f 27/27 23/23 28/28
f 27/27 28/28 29/29
f 29/29 28/28 30/30
f 29/29 30/30 31/31
f 31/31 30/30 32/32
f 31/31 32/32 33/33
f 33/33 32/32 34/34
f 33/33 34/34 35/35
f 35/35 34/34 36/36
f 36/36 34/34 37/37
f 37/37 34/34 38/38
f 38/38 34/34 39/39
f 38/38 39/39 40/40
f 40/40 39/39 41/41
f 40/40 41/41 42/42
f 42/42 41/41 43/43
f 42/42 43/43 44/44
f 44/44 43/43 45/45
f 44/44 45/45 46/46
f 46/46 45/45 47/47
f 46/46 47/47 48/48
f 48/48 47/47 49/49
f 49/49 47/47 50/50
f 50/50 47/47 51/51
f 51/51 47/47 52/52
f 51/51 52/52 53/53
f 53/53 52/52 54/54
f 53/53 54/54 55/55
f 55/55 54/54 56/56
f 56/56 54/54 57/57
f 56/56 57/57 58/58
f 58/58 57/57 59/59
f 59/59 57/57 60/60
f 60/60 57/57 61/61
f 60/60 61/61 62/62
f 62/62 61/61 63/63
f 62/62 63/63 64/64
f 64/64 63/63 65/65
f 64/64 65/65 66/66
f 66/66 65/65 67/67
f 66/66 67/67 68/68
f 68/68 67/67 69/69
f 68/68 69/69 70/70
f 70/70 69/69 71/71
f 71/71 69/69 72/72
f 72/72 69/69 73/73
f 73/73 69/69 74/74
f 73/73 74/74 75/75
f 75/75 74/74 76/76
f 75/75 76/76 77/77
f 77/77 76/76 78/78
f 77/77 78/78 79/79
f 79/79 78/78 80/80
f 79/79 80/80 81/81
f 81/81 80/80 82/82
f 82/82 80/80 83/83
f 83/83 80/80 84/84
f 84/84 80/80 85/85
f 84/84 85/85 86/86
f 86/86 85/85 87/87
f 87/87 85/85 88/88
f 87/87 88/88 89/89
f 89/89 88/88 90/90
f 89/89 90/90 91/91
f 91/91 90/90 92/92
f 91/91 92/92 93/93
f 93/93 92/92 94/94
f 94/94 92/92 95/95
f 95/95 92/92 96/96
f 96/96 92/92 97/97
f 96/96 97/97 98/98
f 98/98 97/97 99/99
f 98/98 99/99 100/100
f 101/101 102/102 103/103
f 101/101 103/103 104/104
f 104/104 103/103 105/105
f 104/104 105/105 106/106
f 106/106 105/105 107/107
f 107/107 105/105 108/108
f 108/108 105/105 109/109
f 108/108 109/109 110/110
f 110/110 109/109 111/111
f 110/110 111/111 112/112
f 112/112 111/111 113/113
f 112/112 113/113 114/114
f 114/114 113/113 115/115
f 115/115 113/113 116/116
f 115/115 116/116 117/117
f 117/117 116/116 118/118
f 118/118 116/116 119/119
f 119/119 116/116 120/120
f 120/120 116/116 121/121
f 120/120 121/121 122/122
f 122/122 121/121 123/123
f 122/122 123/123 124/124
f 124/124 123/123 125/125
f 124/124 125/125 126/126
f 126/126 125/125 127/127
f 126/126 127/127 128/128
f 128/128 127/127 129/129
f 129/129 127/127 130/130
f 130/130 127/127 131/131
f 130/130 131/131 132/132
f 132/132 131/131 133/133
f 132/132 133/133 134/134
f 134/134 133/133 135/135
f 134/134 135/135 136/136
f 136/136 135/135 137/137
f 136/136 137/137 138/138
f 138/138 137/137 139/139
f 138/138 139/139 140/140
f 140/140 139/139 141/141
f 141/141 139/139 142/142
f 142/142 139/139 143/143
f 143/143 139/139 144/144
f 143/143 144/144 145/145
f 145/145 144/144 146/146
f 145/145 146/146 147/147
f 147/147 146/146 148/148
f 148/148 146/146 149/149
f 148/148 149/149 150/150
f 150/150 149/149 151/151
f 151/151 149/149 152/152
f 152/152 149/149 153/153
f 152/152 153/153 154/154
f 154/154 153/153 155/155
f 154/154 155/155 156/156
f 156/156 155/155 157/157
f 156/156 157/157 158/158
f 158/158 157/157 159/159
f 158/158 159/159 160/160
f 160/160 159/159 161/161
f 160/160 161/161 162/162
f 162/162 161/161 163/163
f 163/163 161/161 164/164
f 164/164 161/161 165/165
f 165/165 161/161 166/166
f 165/165 166/166 167/167
f 167/167 166/166 168/168
f 167/167 168/168 169/169
f 169/169 168/168 170/170
f 169/169 170/170 171/171
f 171/171 170/170 172/172
f 171/171 172/172 173/173
f 173/173 172/172 174/174
f 174/174 172/172 175/175
f 175/175 172/172 176/176
f 176/176 172/172 177/177
f 176/176 177/177 178/178
f 178/178 177/177 179/179
f 179/179 177/177 180/180
f 179/179 180/180 181/181
f 181/181 180/180 182/182
f 181/181 182/182 183/183
f 183/183 182/182 7/7
f 183/183 7/7 184/184
f 184/184 7/7 9/9
f 150/150 185/185 148/148
f 128/128 186/186 126/126
f 106/106 187/187 104/104
f 58/58 188/188 56/56
f 189/189 190/190 191/191
f 191/191 190/190 192/192
f 191/191 192/192 193/193
f 193/193 192/192 194/194
f 193/193 194/194 195/195
f 195/195 194/194 196/196
f 195/195 196/196 197/197
f 197/197 196/196 198/198
f 197/197 198/198 199/199
f 199/199 198/198 200/200
f 199/199 200/200 201/201
f 190/190 189/189 202/202
f 202/202 189/189 203/203
f 202/202 203/203 204/204
f 204/204 203/203 205/205
f 204/204 205/205 206/206
f 206/206 205/205 207/207
f 206/206 207/207 208/208
f 208/208 207/207 209/209
f 209/209 207/207 210/210
f 210/210 207/207 211/211
f 210/210 211/211 212/212
f 212/212 211/211 213/213
f 212/212 213/213 214/214
f 214/214 213/213 215/215
f 215/215 213/213 216/216
f 215/215 216/216 217/217
f 217/217 216/216 218/218
f 217/217 218/218 219/219
f 219/219 218/218 220/220
f 219/219 220/220 221/221
f 221/221 220/220 222/222
f 221/221 222/222 223/223
f 223/223 222/222 224/224
f 223/223 224/224 225/225
f 203/203 226/226 205/205
f 205/205 226/226 227/227
f 205/205 227/227 207/207
f 207/207 227/227 211/211
f 226/226 228/228 227/227
f 227/227 228/228 229/229
f 227/227 229/229 211/211
f 211/211 229/229 230/230
f 211/211 230/230 216/216
f 216/216 230/230 231/231
f 216/216 231/231 218/218
f 218/218 231/231 232/232
f 218/218 232/232 220/220
f 220/220 232/232 233/233
f 220/220 233/233 222/222
f 222/222 233/233 234/234
f 222/222 234/234 235/235
f 228/228 236/236 229/229
f 229/229 236/236 237/237
f 229/229 237/237 230/230
f 230/230 237/237 238/238
f 230/230 238/238 231/231
f 231/231 238/238 239/239
f 231/231 239/239 232/232
f 232/232 239/239 240/240
f 232/232 240/240 233/233
f 233/233 240/240 241/241
f 233/233 241/241 242/242
f 242/242 241/241 243/243
f 242/242 243/243 244/244
f 236/236 245/245 237/237
f 237/237 245/245 246/246
f 237/237 246/246 238/238
f 238/238 246/246 247/247
f 238/238 247/247 239/239
f 239/239 247/247 248/248
f 239/239 248/248 240/240
f 240/240 248/248 249/249
f 240/240 249/249 241/241
f 241/241 249/249 250/250
f 241/241 250/250 251/251
f 245/245 252/252 246/246
f 246/246 252/252 253/253
f 246/246 253/253 247/247
f 247/247 253/253 254/254
f 247/247 254/254 248/248
f 248/248 254/254 255/255
f 248/248 255/255 249/249
f 249/249 255/255 256/256
f 249/249 256/256 257/257
f 257/257 256/256 258/258
f 258/258 256/256 259/259
f 259/259 256/256 260/260
f 259/259 260/260 261/261
f 261/261 260/260 262/262
f 262/262 260/260 263/263
f 263/263 260/260 264/264
f 263/263 264/264 265/265
f 265/265 264/264 266/266
f 265/265 266/266 267/267
f 267/267 266/266 268/268
f 268/268 266/266 269/269
f 268/268 269/269 270/270
f 270/270 269/269 271/271
f 270/270 271/271 272/272
f 272/272 271/271 273/273
f 272/272 273/273 274/274
f 274/274 273/273 275/275
f 274/274 275/275 276/276
f 276/276 275/275 277/277
f 276/276 277/277 278/278
f 278/278 277/277 279/279
f 278/278 279/279 280/280
f 253/253 252/252 254/254
f 254/254 252/252 281/281
f 254/254 281/281 255/255
f 255/255 281/281 282/282
f 255/255 282/282 283/283
f 283/283 282/282 284/284
f 283/283 284/284 285/285
f 285/285 284/284 286/286
f 285/285 286/286 287/287
f 287/287 286/286 288/288
f 287/287 288/288 289/289
f 289/289 288/288 290/290
f 289/289 290/290 291/291
f 291/291 290/290 292/292
f 291/291 292/292 293/293
f 293/293 292/292 294/294
f 293/293 294/294 295/295
f 295/295 294/294 296/296
f 295/295 296/296 297/297
f 297/297 296/296 298/298
f 297/297 298/298 299/299
f 288/288 300/300 290/290
f 290/290 300/300 301/301
f 290/290 301/301 292/292
f 292/292 301/301 302/302
f 292/292 302/302 294/294
f 294/294 302/302 303/303
f 294/294 303/303 296/296
f 296/296 303/303 304/304
f 296/296 304/304 305/305
f 300/300 306/306 301/301
f 301/301 306/306 307/307
f 301/301 307/307 302/302
f 302/302 307/307 308/308
f 302/302 308/308 303/303
f 303/303 308/308 309/309
f 303/303 309/309 310/310
f 310/310 309/309 311/311
f 310/310 311/311 312/312
f 312/312 311/311 313/313
f 313/313 311/311 314/314
f 314/314 311/311 315/315
f 314/314 315/315 316/316
f 316/316 315/315 317/317
f 317/317 315/315 318/318
f 317/317 318/318 319/319
f 319/319 318/318 320/320
f 320/320 318/318 321/321
f 320/320 321/321 322/322
f 322/322 321/321 323/323
f 322/322 323/323 324/324
f 324/324 323/323 325/325
f 324/324 325/325 326/326
f 326/326 325/325 327/327
f 326/326 327/327 328/328
f 328/328 327/327 329/329
f 328/328 329/329 330/330
f 330/330 329/329 331/331
f 330/330 331/331 332/332
f 306/306 333/333 307/307
f 307/307 333/333 308/308
f 333/333 334/334 308/308
f 308/308 334/334 309/309
f 334/334 335/335 309/309
f 309/309 335/335 336/336
f 309/309 336/336 311/311
f 311/311 336/336 315/315
f 336/336 335/335 337/337
f 337/337 335/335 338/338
f 337/337 338/338 339/339
f 339/339 338/338 340/340
f 339/339 340/340 341/341
f 341/341 340/340 342/342
f 341/341 342/342 343/343
f 343/343 342/342 344/344
f 343/343 344/344 345/345
f 345/345 344/344 346/346
f 345/345 346/346 347/347
f 347/347 346/346 348/348
f 347/347 348/348 349/349
f 349/349 348/348 350/350
f 349/349 350/350 351/351
f 351/351 350/350 352/352
f 352/352 350/350 353/353
f 353/353 350/350 354/354
f 353/353 354/354 355/355
f 355/355 354/354 356/356
f 356/356 354/354 357/357
f 356/356 357/357 358/358
f 358/358 357/357 359/359
f 358/358 359/359 360/360
f 360/360 359/359 361/361
f 360/360 361/361 362/362
f 363/363 364/364 365/365
f 363/363 365/365 366/366
f 366/366 365/365 367/367
f 366/366 367/367 368/368
f 368/368 367/367 369/369
f 368/368 369/369 370/370
f 346/346 371/371 348/348
f 348/348 371/371 372/372
f 348/348 372/372 350/350
f 350/350 372/372 354/354
f 371/371 373/373 372/372
f 372/372 373/373 374/374
f 372/372 374/374 354/354
f 354/354 374/374 357/357
f 373/373 375/375 374/374
f 374/374 375/375 376/376
f 374/374 376/376 357/357
f 357/357 376/376 377/377
f 357/357 377/377 359/359
f 359/359 377/377 378/378
f 359/359 378/378 361/361
f 364/364 379/379 380/380
f 364/364 380/380 365/365
f 365/365 380/380 381/381
f 365/365 381/381 367/367
f 367/367 381/381 382/382
f 367/367 382/382 369/369
f 375/375 383/383 376/376
f 376/376 383/383 384/384
f 376/376 384/384 377/377
f 377/377 384/384 385/385
f 377/377 385/385 378/378
f 379/379 386/386 387/387
f 379/379 387/387 380/380
f 380/380 387/387 388/388
f 380/380 388/388 381/381
f 381/381 388/388 389/389
f 381/381 389/389 390/390
f 383/383 391/391 384/384
f 384/384 391/391 392/392
f 384/384 392/392 385/385
f 386/386 393/393 394/394
f 386/386 394/394 387/387
f 387/387 394/394 395/395
f 387/387 395/395 388/388
f 388/388 395/395 396/396
f 388/388 396/396 397/397
f 393/393 398/398 399/399
f 399/399 398/398 400/400
f 399/399 400/400 401/401
f 401/401 400/400 402/402
f 401/401 402/402 403/403
f 403/403 402/402 404/404
f 403/403 404/404 405/405
f 405/405 404/404 406/406
f 405/405 406/406 407/407
f 407/407 406/406 408/408
f 407/407 408/408 409/409
f 409/409 408/408 410/410
f 409/409 410/410 411/411
f 411/411 410/410 412/412
f 411/411 412/412 413/413
f 413/413 412/412 414/414
f 413/413 414/414 415/415
f 415/415 414/414 416/416
f 415/415 416/416 417/417
f 417/417 416/416 418/418
f 417/417 418/418 419/419
f 408/408 420/420 410/410
f 410/410 420/420 421/421
f 410/410 421/421 412/412
f 412/412 421/421 422/422
f 412/412 422/422 414/414
f 414/414 422/422 423/423
f 414/414 423/423 416/416
f 416/416 423/423 424/424
f 416/416 424/424 425/425
f 420/420 426/426 421/421
f 421/421 426/426 427/427
f 421/421 427/427 422/422
f 422/422 427/427 428/428
f 422/422 428/428 423/423
f 423/423 428/428 429/429
f 423/423 429/429 430/430
f 430/430 429/429 431/431
f 431/431 429/429 432/432
f 431/431 432/432 433/433
f 433/433 432/432 434/434
f 434/434 432/432 435/435
f 434/434 435/435 436/436
f 436/436 435/435 437/437
f 437/437 435/435 438/438
f 438/438 435/435 439/439
f 438/438 439/439 440/440
f 440/440 439/439 441/441
f 441/441 439/439 442/442
f 441/441 442/442 443/443
f 443/443 442/442 444/444
f 443/443 444/444 445/445
f 445/445 444/444 446/446
f 445/445 446/446 447/447
f 447/447 446/446 448/448
f 447/447 448/448 449/449
f 449/449 448/448 450/450
f 449/449 450/450 451/451
f 451/451 450/450 452/452
f 451/451 452/452 453/453
f 426/426 454/454 427/427
f 427/427 454/454 455/455
f 427/427 455/455 428/428
f 428/428 455/455 432/432
f 428/428 432/432 429/429
f 454/454 456/456 455/455
f 455/455 456/456 457/457
f 455/455 457/457 432/432
f 432/432 457/457 435/435
f 456/456 458/458 457/457
f 457/457 458/458 459/459
f 457/457 459/459 435/435
f 435/435 459/459 439/439
f 459/459 458/458 460/460
f 460/460 458/458 461/461
f 460/460 461/461 462/462
f 462/462 461/461 463/463
f 462/462 463/463 464/464
f 464/464 463/463 465/465
f 464/464 465/465 466/466
f 466/466 465/465 467/467
f 466/466 467/467 468/468
f 468/468 467/467 469/469
f 468/468 469/469 470/470
f 470/470 469/469 471/471
f 470/470 471/471 472/472
f 472/472 471/471 473/473
f 472/472 473/473 474/474
f 474/474 473/473 475/475
f 475/475 473/473 476/476
f 476/476 473/473 477/477
f 476/476 477/477 478/478
f 478/478 477/477 479/479
f 479/479 477/477 480/480
f 479/479 480/480 481/481
f 481/481 480/480 482/482
f 481/481 482/482 483/483
f 483/483 482/482 484/484
f 484/484 482/482 485/485
f 484/484 485/485 486/486
f 486/486 485/485 487/487
f 487/487 485/485 488/488
f 487/487 488/488 489/489
f 489/489 488/488 490/490
f 489/489 490/490 491/491
f 491/491 490/490 492/492
f 491/491 492/492 493/493
f 493/493 492/492 494/494
f 493/493 494/494 495/495
f 495/495 494/494 496/496
f 495/495 496/496 497/497
f 469/469 498/498 471/471
f 471/471 498/498 499/499
f 471/471 499/499 473/473
f 473/473 499/499 477/477
f 498/498 500/500 499/499
f 499/499 500/500 501/501
f 499/499 501/501 477/477
f 477/477 501/501 480/480
f 500/500 502/502 501/501
f 501/501 502/502 503/503
f 501/501 503/503 480/480
f 480/480 503/503 504/504
f 480/480 504/504 505/505
f 505/505 504/504 506/506
f 505/505 506/506 507/507
f 507/507 506/506 508/508
f 507/507 508/508 509/509
f 509/509 508/508 510/510
f 509/509 510/510 511/511
f 511/511 510/510 512/512
f 511/511 512/512 513/513
f 502/502 514/514 503/503
f 503/503 514/514 515/515
f 503/503 515/515 504/504
f 504/504 515/515 516/516
f 504/504 516/516 506/506
f 506/506 516/516 517/517
f 506/506 517/517 508/508
f 508/508 517/517 518/518
f 508/508 518/518 510/510
f 510/510 518/518 519/519
f 510/510 519/519 520/520
f 514/514 521/521 515/515
f 515/515 521/521 522/522
f 515/515 522/522 516/516
f 516/516 522/522 523/523
f 516/516 523/523 517/517
f 517/517 523/523 524/524
f 517/517 524/524 518/518
f 518/518 524/524 525/525
f 518/518 525/525 526/526
f 522/522 521/521 527/527
f 527/527 521/521 528/528
f 527/527 528/528 529/529
f 529/529 528/528 530/530
f 529/529 530/530 531/531
f 531/531 530/530 532/532
f 531/531 532/532 533/533
f 533/533 532/532 534/534
f 533/533 534/534 197/197
f 197/197 534/534 195/195
f 535/535 536/536 537/537
f 537/537 536/536 538/538
f 537/537 538/538 539/539
f 539/539 538/538 540/540
f 540/540 538/538 541/541
f 540/540 541/541 542/542
f 542/542 541/541 543/543
f 543/543 541/541 544/544
f 543/543 544/544 545/545
f 545/545 544/544 546/546
f 545/545 546/546 547/547
f 547/547 546/546 548/548
f 548/548 546/546 549/549
f 548/548 549/549 550/550
f 550/550 549/549 551/551
f 551/551 549/549 552/552
f 551/551 552/552 553/553
f 553/553 552/552 554/554
f 553/553 554/554 555/555
f 555/555 554/554 202/202
f 555/555 202/202 204/204
f 538/538 536/536 556/556
f 556/556 536/536 557/557
f 556/556 557/557 558/558
f 558/558 557/557 559/559
f 558/558 559/559 560/560
f 561/561 562/562 560/560
f 560/560 562/562 563/563
f 560/560 563/563 558/558
f 558/558 563/563 564/564
f 558/558 564/564 565/565
f 565/565 564/564 566/566
f 565/565 566/566 567/567
f 567/567 566/566 568/568
f 567/567 568/568 569/569
f 569/569 568/568 570/570
f 569/569 570/570 571/571
f 571/571 570/570 572/572
f 571/571 572/572 573/573
f 573/573 572/572 574/574
f 573/573 574/574 575/575
f 575/575 574/574 194/194
f 575/575 194/194 192/192
f 562/562 576/576 563/563
f 563/563 576/576 577/577
f 563/563 577/577 564/564
f 564/564 577/577 578/578
f 564/564 578/578 566/566
f 566/566 578/578 579/579
f 566/566 579/579 580/580
f 566/566 580/580 568/568
f 568/568 580/580 581/581
f 568/568 581/581 582/582
f 568/568 582/582 570/570
f 570/570 582/582 583/583
f 570/570 583/583 572/572
f 572/572 583/583 584/584
f 572/572 584/584 198/198
f 198/198 584/584 585/585
f 198/198 585/585 200/200
f 583/583 586/586 584/584
f 584/584 586/586 587/587
f 584/584 587/587 585/585
f 201/201 588/588 199/199
f 199/199 588/588 589/589
f 199/199 589/589 533/533
f 533/533 589/589 531/531
f 588/588 590/590 589/589
f 589/589 590/590 591/591
f 589/589 591/591 592/592
f 592/592 591/591 593/593
f 592/592 593/593 594/594
f 592/592 594/594 595/595
f 595/595 594/594 596/596
f 595/595 596/596 597/597
f 595/595 597/597 524/524
f 524/524 597/597 525/525
f 526/526 519/519 518/518
f 520/520 512/512 510/510
f 511/511 513/513 494/494
f 494/494 513/513 598/598
f 494/494 598/598 496/496
f 497/497 599/599 495/495
f 495/495 599/599 600/600
f 495/495 600/600 601/601
f 601/601 600/600 602/602
f 601/601 602/602 603/603
f 603/603 602/602 604/604
f 603/603 604/604 605/605
f 605/605 604/604 606/606
f 605/605 606/606 607/607
f 607/607 606/606 608/608
f 599/599 609/609 600/600
f 607/607 610/610 605/605
f 605/605 610/610 611/611
f 605/605 611/611 612/612
f 612/612 611/611 613/613
f 612/612 613/613 614/614
f 614/614 613/613 615/615
f 614/614 615/615 616/616
f 614/614 616/616 489/489
f 489/489 616/616 617/617
f 489/489 617/617 487/487
f 474/474 618/618 472/472
f 472/472 618/618 619/619
f 472/472 619/619 620/620
f 620/620 619/619 621/621
f 620/620 621/621 622/622
f 623/623 624/624 622/622
f 622/622 624/624 625/625
f 622/622 625/625 620/620
f 620/620 625/625 626/626
f 620/620 626/626 472/472
f 472/472 626/626 470/470
f 623/623 627/627 624/624
f 624/624 627/627 628/628
f 624/624 628/628 629/629
f 629/629 628/628 630/630
f 629/629 630/630 631/631
f 629/629 631/631 450/450
f 450/450 631/631 452/452
f 453/453 632/632 451/451
f 451/451 632/632 633/633
f 451/451 633/633 634/634
f 634/634 633/633 635/635
f 634/634 635/635 636/636
f 636/636 635/635 637/637
f 636/636 637/637 638/638
f 638/638 637/637 639/639
f 638/638 639/639 640/640
f 640/640 639/639 641/641
f 640/640 641/641 642/642
f 632/632 643/643 633/633
f 633/633 643/643 644/644
f 633/633 644/644 645/645
f 645/645 644/644 646/646
f 633/633 645/645 635/635
f 635/635 645/645 647/647
f 635/635 647/647 637/637
f 637/637 647/647 648/648
f 637/637 648/648 639/639
f 639/639 648/648 641/641
f 642/642 649/649 640/640
f 640/640 649/649 650/650
f 640/640 650/650 651/651
f 640/640 651/651 652/652
f 652/652 651/651 653/653
f 652/652 653/653 654/654
f 654/654 653/653 655/655
f 654/654 655/655 656/656
f 654/654 656/656 657/657
f 657/657 656/656 658/658
f 657/657 658/658 659/659
f 657/657 659/659 660/660
f 660/660 659/659 661/661
f 660/660 661/661 662/662
f 660/660 662/662 443/443
f 443/443 662/662 663/663
f 443/443 663/663 441/441
f 430/430 424/424 423/423
f 425/425 664/664 416/416
f 416/416 664/664 418/418
f 419/419 665/665 417/417
f 417/417 665/665 666/666
f 417/417 666/666 667/667
f 667/667 666/666 668/668
f 667/667 668/668 669/669
f 669/669 668/668 670/670
f 669/669 670/670 671/671
f 671/671 670/670 672/672
f 671/671 672/672 673/673
f 673/673 672/672 674/674
f 673/673 674/674 675/675
f 675/675 674/674 676/676
f 676/676 674/674 677/677
f 677/677 674/674 678/678
f 677/677 678/678 679/679
f 679/679 678/678 680/680
f 679/679 680/680 681/681
f 681/681 680/680 682/682
f 682/682 680/680 683/683
f 683/683 680/680 684/684
f 684/684 680/680 685/685
f 684/684 685/685 686/686
f 686/686 685/685 687/687
f 686/686 687/687 688/688
f 688/688 687/687 689/689
f 688/688 689/689 690/690
f 690/690 689/689 691/691
f 690/690 691/691 692/692
f 692/692 691/691 693/693
f 693/693 691/691 694/694
f 694/694 691/691 695/695
f 694/694 695/695 696/696
f 696/696 695/695 697/697
f 697/697 695/695 666/666
f 697/697 666/666 665/665
f 692/692 698/698 690/690
f 675/675 699/699 673/673
f 673/673 699/699 700/700
f 673/673 700/700 701/701
f 701/701 700/700 702/702
f 701/701 702/702 703/703
f 701/701 703/703 704/704
f 704/704 703/703 705/705
f 704/704 705/705 706/706
f 707/707 708/708 706/706
f 706/706 708/708 709/709
f 706/706 709/709 704/704
f 704/704 709/709 710/710
f 704/704 710/710 711/711
f 711/711 710/710 712/712
f 711/711 712/712 669/669
f 669/669 712/712 667/667
f 707/707 713/713 708/708
f 708/708 713/713 714/714
f 708/708 714/714 405/405
f 405/405 714/714 403/403
f 713/713 715/715 714/714
f 714/714 715/715 716/716
f 714/714 716/716 717/717
f 717/717 716/716 718/718
f 717/717 718/718 719/719
f 719/719 720/720 717/717
f 717/717 720/720 721/721
f 717/717 721/721 401/401
f 401/401 721/721 399/399
f 721/721 720/720 395/395
f 395/395 720/720 722/722
f 395/395 722/722 396/396
f 397/397 723/723 388/388
f 388/388 723/723 389/389
f 390/390 382/382 381/381
f 370/370 724/724 368/368
f 368/368 724/724 725/725
f 368/368 725/725 726/726
f 726/726 725/725 727/727
f 726/726 727/727 728/728
f 728/728 727/727 729/729
f 730/730 731/731 732/732
f 732/732 731/731 733/733
f 732/732 733/733 734/734
f 734/734 733/733 735/735
f 734/734 735/735 736/736
f 736/736 735/735 737/737
f 737/737 735/735 738/738
f 738/738 735/735 739/739
f 739/739 735/735 740/740
f 740/740 735/735 733/733
f 740/740 733/733 741/741
f 741/741 733/733 731/731
f 741/741 731/731 742/742
f 743/743 729/729 727/727
f 743/743 727/727 744/744
f 744/744 727/727 725/725
f 744/744 725/725 745/745
f 745/745 725/725 746/746
f 746/746 725/725 724/724
f 745/745 747/747 744/744
f 736/736 748/748 734/734
f 734/734 748/748 749/749
f 734/734 749/749 732/732
f 732/732 749/749 750/750
f 732/732 750/750 730/730
f 730/730 750/750 751/751
f 728/728 752/752 726/726
f 726/726 752/752 366/366
f 726/726 366/366 368/368
f 748/748 753/753 749/749
f 749/749 753/753 754/754
f 749/749 754/754 755/755
f 755/755 754/754 756/756
f 755/755 756/756 757/757
f 755/755 757/757 758/758
f 758/758 757/757 759/759
f 758/758 759/759 760/760
f 758/758 760/760 358/358
f 358/358 760/760 761/761
f 358/358 761/761 356/356
f 351/351 762/762 349/349
f 349/349 762/762 763/763
f 349/349 763/763 764/764
f 765/765 766/766 764/764
f 764/764 766/766 767/767
f 764/764 767/767 349/349
f 349/349 767/767 347/347
f 765/765 768/768 766/766
f 766/766 768/768 769/769
f 766/766 769/769 770/770
f 770/770 769/769 771/771
f 770/770 771/771 772/772
f 772/772 771/771 773/773
f 772/772 773/773 774/774
f 774/774 773/773 323/323
f 774/774 323/323 321/321
f 768/768 775/775 769/769
f 769/769 775/775 776/776
f 769/769 776/776 777/777
f 769/769 777/777 778/778
f 778/778 777/777 779/779
f 778/778 779/779 780/780
f 778/778 780/780 781/781
f 781/781 780/780 782/782
f 781/781 782/782 329/329
f 329/329 782/782 783/783
f 329/329 783/783 331/331
f 332/332 784/784 330/330
f 330/330 784/784 785/785
f 330/330 785/785 786/786
f 786/786 785/785 787/787
f 786/786 787/787 788/788
f 788/788 787/787 789/789
f 788/788 789/789 790/790
f 790/790 789/789 791/791
f 790/790 791/791 792/792
f 792/792 791/791 793/793
f 792/792 793/793 794/794
f 784/784 795/795 785/785
f 794/794 796/796 792/792
f 792/792 796/796 797/797
f 792/792 797/797 798/798
f 798/798 797/797 799/799
f 798/798 799/799 800/800
f 800/800 799/799 801/801
f 800/800 801/801 802/802
f 800/800 802/802 803/803
f 803/803 802/802 804/804
f 803/803 804/804 805/805
f 803/803 805/805 322/322
f 322/322 805/805 806/806
f 322/322 806/806 320/320
f 312/312 807/807 310/310
f 310/310 807/807 808/808
f 310/310 808/808 304/304
f 305/305 298/298 296/296
f 299/299 809/809 297/297
f 297/297 809/809 810/810
f 297/297 810/810 295/295
f 295/295 810/810 811/811
f 295/295 811/811 812/812
f 812/812 811/811 273/273
f 812/812 273/273 271/271
f 811/811 810/810 813/813
f 813/813 810/810 814/814
f 813/813 814/814 815/815
f 816/816 277/277 815/815
f 815/815 277/277 275/275
f 815/815 275/275 811/811
f 811/811 275/275 273/273
f 816/816 279/279 277/277
f 278/278 280/280 817/817
f 817/817 280/280 818/818
f 817/817 818/818 819/819
f 820/820 821/821 819/819
f 819/819 821/821 822/822
f 819/819 822/822 817/817
f 817/817 822/822 276/276
f 817/817 276/276 278/278
f 821/821 823/823 822/822
f 822/822 823/823 824/824
f 822/822 824/824 825/825
f 825/825 824/824 826/826
f 825/825 826/826 827/827
f 827/827 826/826 828/828
f 827/827 828/828 829/829
f 829/829 828/828 830/830
f 829/829 830/830 831/831
f 823/823 832/832 824/824
f 824/824 832/832 833/833
f 824/824 833/833 826/826
f 826/826 833/833 834/834
f 826/826 834/834 828/828
f 828/828 834/834 835/835
f 828/828 835/835 836/836
f 832/832 837/837 833/833
f 833/833 837/837 838/838
f 833/833 838/838 834/834
f 834/834 838/838 839/839
f 834/834 839/839 835/835
f 840/840 841/841 837/837
f 837/837 841/841 838/838
f 841/841 842/842 838/838
f 838/838 842/842 839/839
f 836/836 830/830 828/828
f 831/831 843/843 829/829
f 829/829 843/843 270/270
f 829/829 270/270 272/272
f 843/843 844/844 270/270
f 270/270 844/844 268/268
f 257/257 250/250 249/249
f 251/251 243/243 241/241
f 244/244 845/845 242/242
f 242/242 845/845 234/234
f 242/242 234/234 233/233
f 235/235 224/224 222/222
f 223/223 225/225 846/846
f 846/846 225/225 847/847
f 846/846 847/847 848/848
f 846/846 848/848 849/849
f 849/849 848/848 850/850
f 849/849 850/850 851/851
f 852/852 853/853 851/851
f 851/851 853/853 849/849
f 853/853 854/854 849/849
f 849/849 854/854 855/855
f 849/849 855/855 846/846
f 846/846 855/855 856/856
f 846/846 856/856 223/223
f 223/223 856/856 221/221
f 854/854 857/857 855/855
f 855/855 857/857 858/858
f 855/855 858/858 859/859
f 859/859 858/858 860/860
f 859/859 860/860 861/861
f 861/861 860/860 862/862
f 861/861 862/862 863/863
f 857/857 864/864 858/858
f 858/858 864/864 865/865
f 858/858 865/865 860/860
f 860/860 865/865 866/866
f 860/860 866/866 862/862
f 867/867 868/868 864/864
f 864/864 868/868 865/865
f 868/868 869/869 865/865
f 865/865 869/869 866/866
f 863/863 870/870 861/861
f 861/861 870/870 871/871
f 861/861 871/871 872/872
f 872/872 871/871 219/219
f 872/872 219/219 221/221
f 870/870 873/873 871/871
f 871/871 873/873 874/874
f 871/871 874/874 217/217
f 217/217 874/874 875/875
f 217/217 875/875 215/215
f 208/208 876/876 206/206
f 206/206 876/876 877/877
f 206/206 877/877 878/878
f 206/206 878/878 555/555
f 555/555 878/878 879/879
f 555/555 879/879 553/553
f 553/553 879/879 880/880
f 553/553 880/880 881/881
f 881/881 551/551 553/553
f 394/394 393/393 399/399
f 362/362 751/751 882/882
f 882/882 751/751 750/750
f 882/882 750/750 755/755
f 755/755 750/750 749/749
f 752/752 363/363 366/366
f 575/575 192/192 883/883
f 883/883 192/192 190/190
f 883/883 190/190 554/554
f 554/554 190/190 202/202
f 573/573 575/575 884/884
f 884/884 575/575 883/883
f 884/884 883/883 552/552
f 552/552 883/883 554/554
f 571/571 573/573 885/885
f 885/885 573/573 884/884
f 885/885 884/884 549/549
f 549/549 884/884 552/552
f 569/569 571/571 886/886
f 886/886 571/571 885/885
f 886/886 885/885 546/546
f 546/546 885/885 549/549
f 567/567 569/569 887/887
f 887/887 569/569 886/886
f 887/887 886/886 544/544
f 544/544 886/886 546/546
f 565/565 567/567 888/888
f 888/888 567/567 887/887
f 888/888 887/887 541/541
f 541/541 887/887 544/544
f 558/558 565/565 556/556
f 556/556 565/565 888/888
f 556/556 888/888 538/538
f 538/538 888/888 541/541
f 206/206 555/555 204/204
f 216/216 213/213 211/211
f 219/219 871/871 217/217
f 859/859 861/861 872/872
f 221/221 856/856 872/872
f 872/872 856/856 859/859
f 856/856 855/855 859/859
f 260/260 256/256 283/283
f 283/283 256/256 255/255
f 264/264 260/260 285/285
f 285/285 260/260 283/283
f 285/285 287/287 264/264
f 264/264 287/287 889/889
f 264/264 889/889 269/269
f 269/269 889/889 890/890
f 269/269 890/890 271/271
f 271/271 890/890 812/812
f 269/269 266/266 264/264
f 287/287 289/289 889/889
f 889/889 289/289 291/291
f 889/889 291/291 890/890
f 890/890 291/291 293/293
f 890/890 293/293 812/812
f 812/812 293/293 295/295
f 827/827 829/829 272/272
f 827/827 272/272 274/274
f 827/827 274/274 825/825
f 825/825 274/274 276/276
f 825/825 276/276 822/822
f 813/813 815/815 811/811
f 310/310 304/304 303/303
f 339/339 891/891 337/337
f 337/337 891/891 315/315
f 337/337 315/315 336/336
f 318/318 315/315 321/321
f 321/321 315/315 891/891
f 321/321 891/891 774/774
f 774/774 891/891 892/892
f 774/774 892/892 772/772
f 772/772 892/892 893/893
f 772/772 893/893 770/770
f 770/770 893/893 894/894
f 770/770 894/894 766/766
f 766/766 894/894 767/767
f 891/891 339/339 892/892
f 892/892 339/339 341/341
f 892/892 341/341 893/893
f 893/893 341/341 343/343
f 893/893 343/343 894/894
f 894/894 343/343 345/345
f 894/894 345/345 767/767
f 767/767 345/345 347/347
f 322/322 324/324 803/803
f 803/803 324/324 895/895
f 803/803 895/895 800/800
f 800/800 895/895 896/896
f 800/800 896/896 798/798
f 798/798 896/896 790/790
f 798/798 790/790 792/792
f 325/325 323/323 773/773
f 324/324 326/326 895/895
f 895/895 326/326 897/897
f 895/895 897/897 896/896
f 896/896 897/897 788/788
f 896/896 788/788 790/790
f 325/325 773/773 898/898
f 898/898 773/773 771/771
f 898/898 771/771 778/778
f 778/778 771/771 769/769
f 786/786 788/788 897/897
f 786/786 897/897 328/328
f 328/328 897/897 326/326
f 325/325 898/898 327/327
f 327/327 898/898 781/781
f 327/327 781/781 329/329
f 781/781 898/898 778/778
f 330/330 786/786 328/328
f 882/882 755/755 758/758
f 882/882 758/758 360/360
f 360/360 758/758 358/358
f 362/362 882/882 360/360
f 395/395 394/394 721/721
f 721/721 394/394 399/399
f 714/714 717/717 403/403
f 403/403 717/717 401/401
f 709/709 708/708 407/407
f 407/407 708/708 405/405
f 409/409 411/411 709/709
f 709/709 411/411 710/710
f 701/701 704/704 711/711
f 712/712 710/710 413/413
f 413/413 710/710 411/411
f 673/673 701/701 671/671
f 671/671 701/701 711/711
f 671/671 711/711 669/669
f 678/678 674/674 899/899
f 899/899 674/674 672/672
f 899/899 672/672 900/900
f 900/900 672/672 670/670
f 900/900 670/670 901/901
f 901/901 670/670 668/668
f 901/901 668/668 695/695
f 695/695 668/668 666/666
f 680/680 678/678 685/685
f 685/685 678/678 899/899
f 685/685 899/899 687/687
f 687/687 899/899 900/900
f 687/687 900/900 689/689
f 689/689 900/900 901/901
f 689/689 901/901 691/691
f 691/691 901/901 695/695
f 407/407 409/409 709/709
f 667/667 712/712 415/415
f 415/415 712/712 413/413
f 417/417 667/667 415/415
f 442/442 439/439 460/460
f 460/460 439/439 459/459
f 460/460 462/462 442/442
f 442/442 462/462 902/902
f 442/442 902/902 444/444
f 444/444 902/902 903/903
f 444/444 903/903 446/446
f 446/446 903/903 904/904
f 446/446 904/904 448/448
f 448/448 904/904 629/629
f 448/448 629/629 450/450
f 443/443 445/445 660/660
f 660/660 445/445 905/905
f 660/660 905/905 657/657
f 657/657 905/905 906/906
f 657/657 906/906 654/654
f 654/654 906/906 652/652
f 462/462 464/464 902/902
f 902/902 464/464 907/907
f 902/902 907/907 903/903
f 903/903 907/907 908/908
f 903/903 908/908 904/904
f 904/904 908/908 624/624
f 904/904 624/624 629/629
f 445/445 447/447 905/905
f 905/905 447/447 909/909
f 905/905 909/909 906/906
f 906/906 909/909 636/636
f 906/906 636/636 638/638
f 640/640 652/652 638/638
f 638/638 652/652 906/906
f 464/464 466/466 907/907
f 907/907 466/466 910/910
f 907/907 910/910 908/908
f 908/908 910/910 625/625
f 908/908 625/625 624/624
f 634/634 636/636 909/909
f 634/634 909/909 449/449
f 449/449 909/909 447/447
f 466/466 468/468 910/910
f 910/910 468/468 626/626
f 910/910 626/626 625/625
f 470/470 626/626 468/468
f 451/451 634/634 449/449
f 488/488 485/485 482/482
f 488/488 482/482 505/505
f 505/505 482/482 480/480
f 490/490 488/488 507/507
f 507/507 488/488 505/505
f 489/489 491/491 614/614
f 614/614 491/491 911/911
f 614/614 911/911 612/612
f 612/612 911/911 603/603
f 612/612 603/603 605/605
f 522/522 527/527 523/523
f 523/523 527/527 912/912
f 523/523 912/912 524/524
f 524/524 912/912 595/595
f 490/490 507/507 509/509
f 490/490 509/509 492/492
f 492/492 509/509 511/511
f 492/492 511/511 494/494
f 911/911 491/491 493/493
f 603/603 911/911 601/601
f 601/601 911/911 493/493
f 601/601 493/493 495/495
f 527/527 529/529 912/912
f 912/912 529/529 592/592
f 912/912 592/592 595/595
f 589/589 592/592 531/531
f 531/531 592/592 529/529
f 197/197 199/199 533/533
f 198/198 196/196 574/574
f 574/574 196/196 194/194
f 574/574 572/572 198/198
f 913/913 914/914 915/915
f 916/916 917/917 918/918
f 916/916 918/918 919/919
f 919/919 918/918 920/920
f 919/919 920/920 921/921
f 921/921 920/920 922/922
f 921/921 922/922 923/923
f 923/923 922/922 924/924
f 923/923 924/924 925/925
f 925/925 924/924 926/926
f 925/925 926/926 927/927
f 927/927 926/926 928/928
f 927/927 928/928 929/929
f 929/929 928/928 930/930
f 929/929 930/930 931/931
f 931/931 930/930 932/932
f 931/931 932/932 933/933
f 933/933 932/932 934/934
f 933/933 934/934 935/935
f 935/935 934/934 936/936
f 935/935 936/936 937/937
f 937/937 936/936 938/938
f 937/937 938/938 939/939
f 939/939 938/938 940/940
f 939/939 940/940 941/941
f 941/941 940/940 942/942
f 941/941 942/942 943/943
f 943/943 942/942 944/944
f 943/943 944/944 945/945
f 945/945 944/944 946/946
f 945/945 946/946 947/947
f 947/947 946/946 948/948
f 947/947 948/948 949/949
f 949/949 948/948 950/950
f 949/949 950/950 951/951
f 951/951 950/950 952/952
f 951/951 952/952 953/953
f 953/953 952/952 954/954
f 953/953 954/954 955/955
f 955/955 954/954 956/956
f 955/955 956/956 957/957
f 957/957 956/956 958/958
f 957/957 958/958 959/959
f 959/959 958/958 960/960
f 959/959 960/960 961/961
f 961/961 960/960 962/962
f 961/961 962/962 963/963
f 963/963 962/962 964/964
f 963/963 964/964 965/965
f 965/965 964/964 966/966
f 965/965 966/966 967/967
f 967/967 966/966 968/968
f 967/967 968/968 969/969
f 969/969 968/968 970/970
f 969/969 970/970 971/971
f 971/971 970/970 972/972
f 971/971 972/972 973/973
f 973/973 972/972 974/974
f 973/973 974/974 975/975
f 975/975 974/974 976/976
f 975/975 976/976 977/977
f 977/977 976/976 978/978
f 977/977 978/978 979/979
f 979/979 978/978 980/980
f 979/979 980/980 981/981
f 981/981 980/980 982/982
f 981/981 982/982 983/983
f 983/983 982/982 984/984
f 983/983 984/984 985/985
f 985/985 984/984 986/986
f 985/985 986/986 987/987
f 987/987 986/986 988/988
f 987/987 988/988 913/913
f 913/913 988/988 914/914
f 989/989 990/990 991/991
f 991/991 990/990 992/992
f 991/991 992/992 993/993
f 993/993 992/992 994/994
f 993/993 994/994 995/995
f 995/995 994/994 996/996
f 995/995 996/996 997/997
f 997/997 996/996 998/998
f 997/997 998/998 999/999
f 999/999 998/998 1000/1000
f 999/999 1000/1000 1001/1001
f 1001/1001 1000/1000 1002/1002
f 1001/1001 1002/1002 1003/1003
f 1003/1003 1002/1002 1004/1004
f 1003/1003 1004/1004 1005/1005
f 1005/1005 1004/1004 1006/1006
f 1005/1005 1006/1006 1007/1007
f 1007/1007 1006/1006 1008/1008
f 1007/1007 1008/1008 1009/1009
f 1009/1009 1008/1008 1010/1010
f 1009/1009 1010/1010 1011/1011
f 1011/1011 1010/1010 1012/1012
f 1011/1011 1012/1012 1013/1013
f 1013/1013 1012/1012 1014/1014
f 1013/1013 1014/1014 1015/1015
f 1015/1015 1014/1014 1016/1016
f 1015/1015 1016/1016 1017/1017
f 1017/1017 1016/1016 1018/1018
f 1017/1017 1018/1018 1019/1019
f 1019/1019 1018/1018 1020/1020
f 1019/1019 1020/1020 1021/1021
f 1021/1021 1020/1020 1022/1022
f 1021/1021 1022/1022 1023/1023
f 990/990 989/989 1024/1024
f 1024/1024 989/989 1025/1025
f 1024/1024 1025/1025 1026/1026
f 1026/1026 1025/1025 1027/1027
f 1026/1026 1027/1027 1028/1028
f 1028/1028 1027/1027 1029/1029
f 1028/1028 1029/1029 1030/1030
f 1030/1030 1029/1029 1031/1031
f 1030/1030 1031/1031 1032/1032
f 1032/1032 1031/1031 1033/1033
f 1032/1032 1033/1033 1034/1034
f 1034/1034 1033/1033 1035/1035
f 1034/1034 1035/1035 1036/1036
f 1036/1036 1035/1035 1037/1037
f 1036/1036 1037/1037 1038/1038
f 1038/1038 1037/1037 1039/1039
f 1038/1038 1039/1039 1040/1040
f 1040/1040 1039/1039 1041/1041
f 1040/1040 1041/1041 1042/1042
f 1042/1042 1041/1041 1043/1043
f 1042/1042 1043/1043 1044/1044
f 1044/1044 1043/1043 1045/1045
f 1044/1044 1045/1045 1046/1046
f 1046/1046 1045/1045 1047/1047
f 1046/1046 1047/1047 1048/1048
f 1048/1048 1047/1047 1049/1049
f 1048/1048 1049/1049 1050/1050
f 1050/1050 1049/1049 1051/1051
f 1050/1050 1051/1051 1052/1052
f 1053/1053 1054/1054 1055/1055
f 1055/1055 1054/1054 1056/1056
f 1055/1055 1056/1056 1057/1057
f 1057/1057 1056/1056 1058/1058
f 1057/1057 1058/1058 1059/1059
f 1059/1059 1058/1058 1060/1060
f 1059/1059 1060/1060 1061/1061
f 1061/1061 1060/1060 1062/1062
f 1061/1061 1062/1062 1063/1063
f 1063/1063 1062/1062 1064/1064
f 1063/1063 1064/1064 1065/1065
f 1065/1065 1064/1064 1066/1066
f 1065/1065 1066/1066 1067/1067
f 1067/1067 1066/1066 1068/1068
f 1067/1067 1068/1068 1069/1069
f 1069/1069 1068/1068 1070/1070
f 1069/1069 1070/1070 1071/1071
f 1071/1071 1070/1070 1072/1072
f 1071/1071 1072/1072 1073/1073
f 1073/1073 1072/1072 1074/1074
f 1073/1073 1074/1074 1075/1075
f 1075/1075 1074/1074 1076/1076
f 1075/1075 1076/1076 1077/1077
f 1077/1077 1076/1076 1078/1078
f 1077/1077 1078/1078 1079/1079
f 1079/1079 1078/1078 1080/1080
f 1079/1079 1080/1080 1081/1081
f 1081/1081 1080/1080 1082/1082
f 1081/1081 1082/1082 1083/1083
f 1083/1083 1082/1082 1084/1084
f 1083/1083 1084/1084 1085/1085
f 1085/1085 1084/1084 1086/1086
f 1085/1085 1086/1086 1087/1087
f 1087/1087 1086/1086 1088/1088
f 1087/1087 1088/1088 1089/1089
f 1089/1089 1088/1088 1090/1090
f 1089/1089 1090/1090 1091/1091
f 1091/1091 1090/1090 1092/1092
f 1091/1091 1092/1092 1093/1093
f 1093/1093 1092/1092 1094/1094
f 1093/1093 1094/1094 1095/1095
f 1095/1095 1094/1094 1096/1096
f 1095/1095 1096/1096 1097/1097
f 1097/1097 1096/1096 1098/1098
f 1097/1097 1098/1098 1099/1099
f 1099/1099 1098/1098 1100/1100
f 1099/1099 1100/1100 1101/1101
f 1101/1101 1100/1100 1102/1102
f 1101/1101 1102/1102 1103/1103
f 1103/1103 1102/1102 1104/1104
f 1103/1103 1104/1104 1105/1105
f 1105/1105 1104/1104 1106/1106
f 1105/1105 1106/1106 1107/1107
f 1107/1107 1106/1106 1108/1108
f 1107/1107 1108/1108 1109/1109
f 1109/1109 1108/1108 1110/1110
f 1109/1109 1110/1110 1111/1111
f 1111/1111 1110/1110 1112/1112
f 1111/1111 1112/1112 1113/1113
f 1113/1113 1112/1112 1114/1114
f 1113/1113 1114/1114 1115/1115
f 1115/1115 1114/1114 1116/1116
f 1115/1115 1116/1116 1117/1117
f 1117/1117 1116/1116 1118/1118
f 1117/1117 1118/1118 1119/1119
f 1119/1119 1118/1118 1120/1120
f 1121/1121 1122/1122 1123/1123
f 1123/1123 1122/1122 1124/1124
f 1123/1123 1124/1124 1125/1125
f 1125/1125 1124/1124 1126/1126
f 1125/1125 1126/1126 1127/1127
f 1127/1127 1126/1126 1128/1128
f 1127/1127 1128/1128 1129/1129
f 1129/1129 1128/1128 1130/1130
f 1129/1129 1130/1130 1131/1131
f 1131/1131 1130/1130 1132/1132
f 1131/1131 1132/1132 1133/1133
f 1133/1133 1132/1132 1134/1134
f 1133/1133 1134/1134 1135/1135
f 1135/1135 1134/1134 1136/1136
f 1135/1135 1136/1136 1137/1137
f 1137/1137 1136/1136 1138/1138
f 1137/1137 1138/1138 1139/1139
f 1139/1139 1138/1138 1140/1140
f 1139/1139 1140/1140 1141/1141
f 1141/1141 1140/1140 1142/1142
f 1141/1141 1142/1142 1143/1143
f 1143/1143 1142/1142 1144/1144
f 1143/1143 1144/1144 1145/1145
f 1145/1145 1144/1144 1146/1146
f 1145/1145 1146/1146 1147/1147
f 1147/1147 1146/1146 1148/1148
f 1147/1147 1148/1148 1149/1149
f 1149/1149 1148/1148 1150/1150
f 1149/1149 1150/1150 1151/1151
f 1151/1151 1150/1150 1152/1152
f 1151/1151 1152/1152 1153/1153
f 1153/1153 1152/1152 1154/1154
f 1153/1153 1154/1154 1155/1155
f 1155/1155 1154/1154 1156/1156
f 1155/1155 1156/1156 1157/1157
f 1157/1157 1156/1156 1158/1158
f 1157/1157 1158/1158 1159/1159
f 1159/1159 1158/1158 1160/1160
f 1159/1159 1160/1160 1161/1161
f 1161/1161 1160/1160 1162/1162
f 1161/1161 1162/1162 1163/1163
f 1163/1163 1162/1162 1164/1164
f 1163/1163 1164/1164 1165/1165
f 1165/1165 1164/1164 1166/1166
f 1165/1165 1166/1166 1167/1167
f 1167/1167 1166/1166 1168/1168
f 1167/1167 1168/1168 1169/1169
f 1169/1169 1168/1168 1170/1170
f 1169/1169 1170/1170 1171/1171
f 1171/1171 1170/1170 1172/1172
f 1171/1171 1172/1172 1173/1173
f 1173/1173 1172/1172 1174/1174
f 1173/1173 1174/1174 1175/1175
f 1175/1175 1174/1174 1176/1176
f 1175/1175 1176/1176 1177/1177
f 1177/1177 1176/1176 1178/1178
f 1177/1177 1178/1178 1179/1179
f 1179/1179 1178/1178 1180/1180
f 1179/1179 1180/1180 1181/1181
f 1181/1181 1180/1180 1182/1182
f 1181/1181 1182/1182 1053/1053
f 1053/1053 1182/1182 1054/1054
f 1183/1183 1184/1184 1185/1185
f 1185/1185 1184/1184 1186/1186
f 1185/1185 1186/1186 1187/1187
f 1187/1187 1186/1186 1188/1188
f 1187/1187 1188/1188 1189/1189
f 1189/1189 1188/1188 1190/1190
f 1189/1189 1190/1190 1191/1191
f 1191/1191 1190/1190 1192/1192
f 1191/1191 1192/1192 1193/1193
f 1193/1193 1192/1192 1194/1194
f 1193/1193 1194/1194 1195/1195
f 1195/1195 1194/1194 1196/1196
f 1195/1195 1196/1196 1197/1197
f 1197/1197 1196/1196 1198/1198
f 1197/1197 1198/1198 1199/1199
f 1199/1199 1198/1198 1200/1200
f 1199/1199 1200/1200 1201/1201
f 1201/1201 1200/1200 1202/1202
f 1201/1201 1202/1202 1203/1203
f 1203/1203 1202/1202 1204/1204
f 1203/1203 1204/1204 1205/1205
f 1205/1205 1204/1204 1206/1206
f 1205/1205 1206/1206 1207/1207
f 1207/1207 1206/1206 1208/1208
f 1207/1207 1208/1208 1209/1209
f 1209/1209 1208/1208 1210/1210
f 1209/1209 1210/1210 1211/1211
f 1211/1211 1210/1210 1212/1212
f 1211/1211 1212/1212 1213/1213
f 1213/1213 1212/1212 1214/1214
f 1213/1213 1214/1214 1215/1215
f 1215/1215 1214/1214 1216/1216
f 1215/1215 1216/1216 1217/1217
f 1217/1217 1216/1216 1218/1218
f 1217/1217 1218/1218 1219/1219
f 1219/1219 1218/1218 1220/1220
f 1219/1219 1220/1220 1221/1221
f 1221/1221 1220/1220 1222/1222
f 1221/1221 1222/1222 1223/1223
f 1223/1223 1222/1222 1224/1224
f 1223/1223 1224/1224 1225/1225
f 1225/1225 1224/1224 1226/1226
f 1225/1225 1226/1226 1227/1227
f 1227/1227 1226/1226 1228/1228
f 1227/1227 1228/1228 1229/1229
f 1229/1229 1228/1228 1230/1230
f 1229/1229 1230/1230 1231/1231
f 1231/1231 1230/1230 1232/1232
f 1231/1231 1232/1232 1233/1233
f 1233/1233 1232/1232 1234/1234
f 1233/1233 1234/1234 1235/1235
f 1235/1235 1234/1234 1236/1236
f 1235/1235 1236/1236 1237/1237
f 1237/1237 1236/1236 1238/1238
f 1237/1237 1238/1238 1239/1239
f 1239/1239 1238/1238 1240/1240
f 1239/1239 1240/1240 1241/1241
f 1241/1241 1240/1240 1242/1242
f 1241/1241 1242/1242 1243/1243
f 1243/1243 1242/1242 1244/1244
f 1243/1243 1244/1244 1245/1245
f 1245/1245 1244/1244 1246/1246
f 1245/1245 1246/1246 1247/1247
f 1247/1247 1246/1246 1248/1248
f 1247/1247 1248/1248 1249/1249
f 1249/1249 1248/1248 1250/1250
f 1249/1249 1250/1250 1251/1251
f 1249/1249 1251/1251 1252/1252
f 1252/1252 1251/1251 1253/1253
f 1252/1252 1253/1253 1254/1254
f 1254/1254 1253/1253 1255/1255
f 1254/1254 1255/1255 1256/1256
f 1256/1256 1255/1255 1257/1257
f 1256/1256 1257/1257 1258/1258
f 1258/1258 1257/1257 1259/1259
f 1258/1258 1259/1259 1260/1260
f 1260/1260 1259/1259 1261/1261
f 1260/1260 1261/1261 1262/1262
f 1262/1262 1261/1261 1263/1263
f 1262/1262 1263/1263 1264/1264
f 1264/1264 1263/1263 1265/1265
f 1264/1264 1265/1265 1266/1266
f 1266/1266 1265/1265 1267/1267
f 1266/1266 1267/1267 1268/1268
f 1268/1268 1267/1267 1269/1269
f 1268/1268 1269/1269 1270/1270
f 1270/1270 1269/1269 1271/1271
f 1270/1270 1271/1271 1272/1272
f 1272/1272 1271/1271 1273/1273
f 1272/1272 1273/1273 1274/1274
f 1274/1274 1273/1273 1275/1275
f 1274/1274 1275/1275 1276/1276
f 1276/1276 1275/1275 1277/1277
f 1276/1276 1277/1277 1278/1278
f 1278/1278 1277/1277 1279/1279
f 1278/1278 1279/1279 1280/1280
f 1280/1280 1279/1279 1281/1281
f 1280/1280 1281/1281 1282/1282
f 1282/1282 1281/1281 1283/1283
f 1282/1282 1283/1283 1284/1284
f 1284/1284 1283/1283 1285/1285
f 1284/1284 1285/1285 1286/1286
f 1286/1286 1285/1285 1287/1287
f 1286/1286 1287/1287 1288/1288
f 1288/1288 1287/1287 1289/1289
f 1288/1288 1289/1289 1290/1290
f 1290/1290 1289/1289 1291/1291
f 1290/1290 1291/1291 1292/1292
f 1292/1292 1291/1291 1293/1293
f 1292/1292 1293/1293 1294/1294
f 1294/1294 1293/1293 1295/1295
f 1294/1294 1295/1295 1296/1296
f 1296/1296 1295/1295 1297/1297
f 1296/1296 1297/1297 1298/1298
f 1298/1298 1297/1297 1299/1299
f 1298/1298 1299/1299 1300/1300
f 1300/1300 1299/1299 1301/1301
f 1300/1300 1301/1301 1302/1302
f 1302/1302 1301/1301 1303/1303
f 1302/1302 1303/1303 1304/1304
f 1304/1304 1303/1303 1305/1305
f 1304/1304 1305/1305 1306/1306
f 1306/1306 1305/1305 1307/1307
f 1306/1306 1307/1307 1308/1308
f 1308/1308 1307/1307 1309/1309
f 1308/1308 1309/1309 1310/1310
f 1310/1310 1309/1309 1311/1311
f 1310/1310 1311/1311 1312/1312
f 1312/1312 1311/1311 1183/1183
f 1312/1312 1183/1183 1185/1185
f 1313/1313 1314/1314 1315/1315
f 1315/1315 1314/1314 1316/1316
f 1315/1315 1316/1316 1317/1317
f 1317/1317 1316/1316 1318/1318
f 1317/1317 1318/1318 1319/1319
f 1319/1319 1318/1318 1320/1320
f 1319/1319 1320/1320 1321/1321
f 1321/1321 1320/1320 1322/1322
f 1321/1321 1322/1322 1323/1323
f 1323/1323 1322/1322 1324/1324
f 1323/1323 1324/1324 1325/1325
f 1325/1325 1324/1324 1326/1326
f 1325/1325 1326/1326 1327/1327
f 1327/1327 1326/1326 1328/1328
f 1327/1327 1328/1328 1329/1329
f 1329/1329 1328/1328 1330/1330
f 1329/1329 1330/1330 1331/1331
f 1331/1331 1330/1330 1332/1332
f 1331/1331 1332/1332 1333/1333
f 1333/1333 1332/1332 1334/1334
f 1333/1333 1334/1334 1335/1335
f 1335/1335 1334/1334 1336/1336
f 1335/1335 1336/1336 1337/1337
f 1337/1337 1336/1336 1338/1338
f 1337/1337 1338/1338 1339/1339
f 1339/1339 1338/1338 1340/1340
f 1339/1339 1340/1340 1341/1341
f 1341/1341 1340/1340 1342/1342
f 1341/1341 1342/1342 1343/1343
f 1343/1343 1342/1342 1344/1344
f 1343/1343 1344/1344 1345/1345
f 1345/1345 1344/1344 1346/1346
f 1345/1345 1346/1346 1347/1347
f 1347/1347 1346/1346 1348/1348
f 1347/1347 1348/1348 1349/1349
f 1349/1349 1348/1348 1350/1350
f 1349/1349 1350/1350 1351/1351
f 1351/1351 1350/1350 1352/1352
f 1351/1351 1352/1352 1353/1353
f 1353/1353 1352/1352 1354/1354
f 1353/1353 1354/1354 1355/1355
f 1355/1355 1354/1354 1356/1356
f 1355/1355 1356/1356 1357/1357
f 1357/1357 1356/1356 1358/1358
f 1357/1357 1358/1358 1359/1359
f 1359/1359 1358/1358 1360/1360
f 1359/1359 1360/1360 1361/1361
f 1361/1361 1360/1360 1362/1362
f 1361/1361 1362/1362 1363/1363
f 1363/1363 1362/1362 1364/1364
f 1363/1363 1364/1364 1365/1365
f 1365/1365 1364/1364 1366/1366
f 1365/1365 1366/1366 1367/1367
f 1367/1367 1366/1366 1368/1368
f 1367/1367 1368/1368 1369/1369
f 1367/1367 1369/1369 1370/1370
f 1370/1370 1369/1369 1371/1371
f 1370/1370 1371/1371 1372/1372
f 1372/1372 1371/1371 1373/1373
f 1372/1372 1373/1373 1374/1374
f 1374/1374 1373/1373 1375/1375
f 1374/1374 1375/1375 1376/1376
f 1376/1376 1375/1375 1377/1377
f 1376/1376 1377/1377 1378/1378
f 1378/1378 1377/1377 1379/1379
f 1378/1378 1379/1379 1380/1380
f 1380/1380 1379/1379 1381/1381
f 1380/1380 1381/1381 1382/1382
f 1382/1382 1381/1381 1383/1383
f 1382/1382 1383/1383 1384/1384
f 1384/1384 1383/1383 1385/1385
f 1384/1384 1385/1385 1386/1386
f 1386/1386 1385/1385 1387/1387
f 1386/1386 1387/1387 1388/1388
f 1388/1388 1387/1387 1389/1389
f 1388/1388 1389/1389 1390/1390
f 1390/1390 1389/1389 1391/1391
f 1390/1390 1391/1391 1392/1392
f 1392/1392 1391/1391 1393/1393
f 1392/1392 1393/1393 1394/1394
f 1394/1394 1393/1393 1395/1395
f 1394/1394 1395/1395 1396/1396
f 1396/1396 1395/1395 1397/1397
f 1396/1396 1397/1397 1398/1398
f 1398/1398 1397/1397 1399/1399
f 1398/1398 1399/1399 1400/1400
f 1400/1400 1399/1399 1401/1401
f 1400/1400 1401/1401 1402/1402
f 1402/1402 1401/1401 1403/1403
f 1402/1402 1403/1403 1404/1404
f 1404/1404 1403/1403 1405/1405
f 1404/1404 1405/1405 1406/1406
f 1406/1406 1405/1405 1407/1407
f 1406/1406 1407/1407 1408/1408
f 1408/1408 1407/1407 1409/1409
f 1408/1408 1409/1409 1410/1410
f 1410/1410 1409/1409 1411/1411
f 1410/1410 1411/1411 1412/1412
f 1412/1412 1411/1411 1413/1413
f 1412/1412 1413/1413 1414/1414
f 1414/1414 1413/1413 1415/1415
f 1414/1414 1415/1415 1416/1416
f 1416/1416 1415/1415 1417/1417
f 1416/1416 1417/1417 1418/1418
f 1418/1418 1417/1417 1313/1313
f 1418/1418 1313/1313 1315/1315
f 1419/1419 1420/1420 1421/1421
f 1421/1421 1420/1420 1422/1422
f 1421/1421 1422/1422 1423/1423
f 1423/1423 1422/1422 1424/1424
f 1423/1423 1424/1424 1425/1425
f 1425/1425 1424/1424 1426/1426
f 1425/1425 1426/1426 1427/1427
f 1427/1427 1426/1426 1428/1428
f 1427/1427 1428/1428 1429/1429
f 1429/1429 1428/1428 1430/1430
f 1429/1429 1430/1430 1431/1431
f 1431/1431 1430/1430 1432/1432
f 1431/1431 1432/1432 1433/1433
f 1433/1433 1432/1432 1434/1434
f 1433/1433 1434/1434 1435/1435
f 1435/1435 1434/1434 1436/1436
f 1435/1435 1436/1436 1437/1437
f 1437/1437 1436/1436 1438/1438
f 1437/1437 1438/1438 1439/1439
f 1439/1439 1438/1438 1440/1440
f 1439/1439 1440/1440 1441/1441
f 1441/1441 1440/1440 1442/1442
f 1441/1441 1442/1442 1443/1443
f 1443/1443 1442/1442 1444/1444
f 1443/1443 1444/1444 1445/1445
f 1445/1445 1444/1444 1446/1446
f 1445/1445 1446/1446 1447/1447
f 1447/1447 1446/1446 1448/1448
f 1447/1447 1448/1448 1449/1449
f 1449/1449 1448/1448 1450/1450
f 1449/1449 1450/1450 1451/1451
f 1451/1451 1450/1450 1452/1452
f 1451/1451 1452/1452 1453/1453
f 1453/1453 1452/1452 1454/1454
f 1453/1453 1454/1454 1455/1455
f 1455/1455 1454/1454 1456/1456
f 1455/1455 1456/1456 1457/1457
f 1457/1457 1456/1456 1458/1458
f 1457/1457 1458/1458 1459/1459
f 1459/1459 1458/1458 1460/1460
f 1459/1459 1460/1460 1461/1461
f 1461/1461 1460/1460 1462/1462
f 1461/1461 1462/1462 1463/1463
f 1463/1463 1462/1462 1464/1464
f 1463/1463 1464/1464 1465/1465
f 1465/1465 1464/1464 1466/1466
f 1465/1465 1466/1466 1467/1467
f 1467/1467 1466/1466 1468/1468
f 1467/1467 1468/1468 1469/1469
f 1469/1469 1468/1468 1470/1470
f 1469/1469 1470/1470 1471/1471
f 1471/1471 1470/1470 1472/1472
f 1472/1472 1470/1470 1473/1473
f 1474/1474 1475/1475 1476/1476
f 1476/1476 1475/1475 1477/1477
f 1476/1476 1477/1477 1478/1478
f 1420/1420 1419/1419 1479/1479
f 1479/1479 1419/1419 1480/1480
f 1479/1479 1480/1480 1481/1481
f 1481/1481 1480/1480 1482/1482
f 1481/1481 1482/1482 1483/1483
f 1483/1483 1482/1482 1484/1484
f 1483/1483 1484/1484 1485/1485
f 1485/1485 1484/1484 1486/1486
f 1485/1485 1486/1486 1487/1487
f 1487/1487 1486/1486 1488/1488
f 1487/1487 1488/1488 1489/1489
f 1489/1489 1488/1488 1490/1490
f 1489/1489 1490/1490 1491/1491
f 1491/1491 1490/1490 1492/1492
f 1491/1491 1492/1492 1493/1493
f 1493/1493 1492/1492 1494/1494
f 1493/1493 1494/1494 1495/1495
f 1495/1495 1494/1494 1496/1496
f 1495/1495 1496/1496 1497/1497
f 1497/1497 1496/1496 1498/1498
f 1497/1497 1498/1498 1499/1499
f 1499/1499 1498/1498 1500/1500
f 1499/1499 1500/1500 1501/1501
f 1501/1501 1500/1500 1502/1502
f 1501/1501 1502/1502 1503/1503
f 1503/1503 1502/1502 1504/1504
f 1503/1503 1504/1504 1505/1505
f 1505/1505 1504/1504 1506/1506
f 1505/1505 1506/1506 1507/1507
f 1507/1507 1506/1506 1508/1508
f 1507/1507 1508/1508 1509/1509
f 1509/1509 1508/1508 1510/1510
f 1509/1509 1510/1510 1511/1511
f 1511/1511 1510/1510 1512/1512
f 1511/1511 1512/1512 1513/1513
f 1513/1513 1512/1512 1514/1514
f 1513/1513 1514/1514 1515/1515
f 1515/1515 1514/1514 1516/1516
f 1515/1515 1516/1516 1517/1517
f 1517/1517 1516/1516 1518/1518
f 1517/1517 1518/1518 1519/1519
f 1519/1519 1518/1518 1520/1520
f 1519/1519 1520/1520 1521/1521
f 1521/1521 1520/1520 1522/1522
f 1521/1521 1522/1522 1523/1523
f 1523/1523 1522/1522 1524/1524
f 1523/1523 1524/1524 1478/1478
f 1478/1478 1524/1524 1476/1476
f 1525/1525 1526/1526 1527/1527
f 1527/1527 1526/1526 1528/1528
f 1527/1527 1528/1528 1529/1529
f 1526/1526 1525/1525 1530/1530
f 1530/1530 1525/1525 1531/1531
f 1530/1530 1531/1531 1532/1532
f 1532/1532 1531/1531 1533/1533
f 1532/1532 1533/1533 1534/1534
f 1534/1534 1533/1533 1535/1535
f 1534/1534 1535/1535 1536/1536
f 1536/1536 1535/1535 1537/1537
f 1536/1536 1537/1537 1538/1538
f 1538/1538 1537/1537 1539/1539
f 1538/1538 1539/1539 1540/1540
f 1540/1540 1539/1539 1541/1541
f 1540/1540 1541/1541 1542/1542
f 1542/1542 1541/1541 1543/1543
f 1542/1542 1543/1543 1544/1544
f 1544/1544 1543/1543 1545/1545
f 1544/1544 1545/1545 1546/1546
f 1546/1546 1545/1545 1547/1547
f 1546/1546 1547/1547 1548/1548
f 1548/1548 1547/1547 1549/1549
f 1548/1548 1549/1549 1550/1550
f 1550/1550 1549/1549 1551/1551
f 1550/1550 1551/1551 1552/1552
f 1552/1552 1551/1551 1553/1553
f 1552/1552 1553/1553 1554/1554
f 1554/1554 1553/1553 1555/1555
f 1554/1554 1555/1555 1556/1556
f 1556/1556 1555/1555 1557/1557
f 1556/1556 1557/1557 1558/1558
f 1558/1558 1557/1557 1559/1559
f 1558/1558 1559/1559 1560/1560
f 1560/1560 1559/1559 1561/1561
f 1560/1560 1561/1561 1562/1562
f 1562/1562 1561/1561 1563/1563
f 1562/1562 1563/1563 1564/1564
f 1564/1564 1563/1563 1565/1565
f 1564/1564 1565/1565 1566/1566
f 1566/1566 1565/1565 1567/1567
f 1566/1566 1567/1567 1568/1568
f 1568/1568 1567/1567 1569/1569
f 1568/1568 1569/1569 1570/1570
f 1570/1570 1569/1569 1571/1571
f 1570/1570 1571/1571 1572/1572
f 1572/1572 1571/1571 1573/1573
f 1572/1572 1573/1573 1574/1574
f 1574/1574 1573/1573 1575/1575
f 1574/1574 1575/1575 1576/1576
f 1576/1576 1575/1575 1577/1577
f 1576/1576 1577/1577 1578/1578
f 1579/1579 1580/1580 1581/1581
f 1579/1579 1581/1581 1582/1582
f 1582/1582 1581/1581 1583/1583
f 1582/1582 1583/1583 1584/1584
f 1584/1584 1583/1583 1585/1585
f 1584/1584 1585/1585 1586/1586
f 1586/1586 1585/1585 1587/1587
f 1586/1586 1587/1587 1588/1588
f 1588/1588 1587/1587 1589/1589
f 1588/1588 1589/1589 1590/1590
f 1590/1590 1589/1589 1591/1591
f 1590/1590 1591/1591 1592/1592
f 1592/1592 1591/1591 1593/1593
f 1592/1592 1593/1593 1594/1594
f 1594/1594 1593/1593 1595/1595
f 1594/1594 1595/1595 1596/1596
f 1596/1596 1595/1595 1597/1597
f 1596/1596 1597/1597 1598/1598
f 1598/1598 1597/1597 1599/1599
f 1598/1598 1599/1599 1600/1600
f 1600/1600 1599/1599 1601/1601
f 1600/1600 1601/1601 1602/1602
f 1602/1602 1601/1601 1603/1603
f 1602/1602 1603/1603 1604/1604
f 1604/1604 1603/1603 1605/1605
f 1604/1604 1605/1605 1606/1606
f 1606/1606 1605/1605 1607/1607
f 1606/1606 1607/1607 1608/1608
f 1608/1608 1607/1607 1609/1609
f 1608/1608 1609/1609 1610/1610
f 1610/1610 1609/1609 1611/1611
f 1610/1610 1611/1611 1612/1612
f 1612/1612 1611/1611 1613/1613
f 1612/1612 1613/1613 1614/1614
f 1614/1614 1613/1613 1615/1615
f 1614/1614 1615/1615 1616/1616
f 1616/1616 1615/1615 1617/1617
f 1616/1616 1617/1617 1618/1618
f 1618/1618 1617/1617 1619/1619
f 1618/1618 1619/1619 1620/1620
f 1620/1620 1619/1619 1621/1621
f 1620/1620 1621/1621 1622/1622
f 1622/1622 1621/1621 1623/1623
f 1622/1622 1623/1623 1624/1624
f 1624/1624 1623/1623 1625/1625
f 1624/1624 1625/1625 1626/1626
f 1626/1626 1625/1625 1627/1627
f 1626/1626 1627/1627 1628/1628
f 1628/1628 1627/1627 1629/1629
f 1628/1628 1629/1629 1529/1529
f 1529/1529 1629/1629 1527/1527
f 1630/1630 1631/1631 1632/1632
f 1632/1632 1631/1631 1633/1633
f 1632/1632 1633/1633 1634/1634
f 1635/1635 1636/1636 1630/1630
f 1630/1630 1636/1636 1637/1637
f 1630/1630 1637/1637 1631/1631
f 1636/1636 1635/1635 1638/1638
f 1638/1638 1635/1635 1639/1639
f 1638/1638 1639/1639 1640/1640
f 1640/1640 1639/1639 1641/1641
f 1640/1640 1641/1641 1642/1642
f 1642/1642 1641/1641 1643/1643
f 1643/1643 1641/1641 1644/1644
f 1643/1643 1644/1644 1645/1645
f 1645/1645 1644/1644 1646/1646
f 1645/1645 1646/1646 1647/1647
f 1641/1641 1639/1639 1648/1648
f 1648/1648 1639/1639 1649/1649
f 1648/1648 1649/1649 1650/1650
f 1650/1650 1649/1649 1651/1651
f 1650/1650 1651/1651 1652/1652
f 1652/1652 1651/1651 1653/1653
f 1652/1652 1653/1653 1654/1654
f 1654/1654 1653/1653 1655/1655
f 1655/1655 1653/1653 1656/1656
f 1655/1655 1656/1656 1657/1657
f 1657/1657 1656/1656 1658/1658
f 1658/1658 1656/1656 1659/1659
f 1658/1658 1659/1659 1660/1660
f 1660/1660 1659/1659 1661/1661
f 1661/1661 1659/1659 1662/1662
f 1661/1661 1662/1662 1663/1663
f 1663/1663 1662/1662 1664/1664
f 1663/1663 1664/1664 1665/1665
f 1665/1665 1664/1664 1666/1666
f 1666/1666 1664/1664 1667/1667
f 1666/1666 1667/1667 1668/1668
f 1668/1668 1667/1667 1669/1669
f 1669/1669 1667/1667 1670/1670
f 1669/1669 1670/1670 1671/1671
f 1671/1671 1670/1670 1672/1672
f 1672/1672 1670/1670 1673/1673
f 1672/1672 1673/1673 1674/1674
f 1674/1674 1673/1673 1675/1675
f 1674/1674 1675/1675 1676/1676
f 1676/1676 1675/1675 1677/1677
f 1677/1677 1675/1675 1678/1678
f 1677/1677 1678/1678 1679/1679
f 1679/1679 1678/1678 1680/1680
f 1679/1679 1680/1680 1681/1681
f 1681/1681 1680/1680 1682/1682
f 1681/1681 1682/1682 1683/1683
f 1683/1683 1682/1682 1684/1684
f 1683/1683 1684/1684 1685/1685
f 1685/1685 1684/1684 1686/1686
f 1685/1685 1686/1686 1687/1687
f 1687/1687 1686/1686 1688/1688
f 1687/1687 1688/1688 1689/1689
f 1689/1689 1688/1688 1690/1690
f 1689/1689 1690/1690 1691/1691
f 1682/1682 1680/1680 1692/1692
f 1692/1692 1680/1680 1693/1693
f 1692/1692 1693/1693 1694/1694
f 1694/1694 1693/1693 1695/1695
f 1694/1694 1695/1695 1696/1696
f 1696/1696 1695/1695 1697/1697
f 1697/1697 1695/1695 1698/1698
f 1697/1697 1698/1698 1699/1699
f 1699/1699 1698/1698 1700/1700
f 1700/1700 1698/1698 1701/1701
f 1700/1700 1701/1701 1702/1702
f 1702/1702 1701/1701 1703/1703
f 1703/1703 1701/1701 1704/1704
f 1703/1703 1704/1704 1705/1705
f 1705/1705 1704/1704 1706/1706
f 1705/1705 1706/1706 1707/1707
f 1707/1707 1706/1706 1708/1708
f 1707/1707 1708/1708 1709/1709
f 1709/1709 1708/1708 1710/1710
f 1709/1709 1710/1710 1711/1711
f 1711/1711 1710/1710 1712/1712
f 1711/1711 1712/1712 1713/1713
f 1713/1713 1712/1712 1714/1714
f 1713/1713 1714/1714 1715/1715
f 1706/1706 1716/1716 1708/1708
f 1708/1708 1716/1716 1717/1717
f 1717/1717 1716/1716 1718/1718
f 1718/1718 1716/1716 1719/1719
f 1718/1718 1719/1719 1720/1720
f 1720/1720 1719/1719 1721/1721
f 1720/1720 1721/1721 1722/1722
f 1722/1722 1721/1721 1723/1723
f 1723/1723 1721/1721 1724/1724
f 1723/1723 1724/1724 1725/1725
f 1725/1725 1724/1724 1726/1726
f 1726/1726 1724/1724 1727/1727
f 1726/1726 1727/1727 1728/1728
f 1728/1728 1727/1727 1729/1729
f 1728/1728 1729/1729 1730/1730
f 1730/1730 1729/1729 1731/1731
f 1731/1731 1729/1729 1732/1732
f 1731/1731 1732/1732 1733/1733
f 1733/1733 1732/1732 1734/1734
f 1734/1734 1732/1732 1735/1735
f 1734/1734 1735/1735 1736/1736
f 1736/1736 1735/1735 1737/1737
f 1736/1736 1737/1737 1738/1738
f 1738/1738 1737/1737 1739/1739
f 1739/1739 1737/1737 1740/1740
f 1739/1739 1740/1740 1741/1741
f 1741/1741 1740/1740 1742/1742
f 1742/1742 1740/1740 1743/1743
f 1742/1742 1743/1743 1744/1744
f 1744/1744 1743/1743 1745/1745
f 1745/1745 1743/1743 1746/1746
f 1745/1745 1746/1746 1747/1747
f 1747/1747 1746/1746 1748/1748
f 1747/1747 1748/1748 1749/1749
f 1749/1749 1748/1748 1750/1750
f 1749/1749 1750/1750 1751/1751
f 1751/1751 1750/1750 1752/1752
f 1752/1752 1750/1750 1753/1753
f 1752/1752 1753/1753 1754/1754
f 1750/1750 1748/1748 1755/1755
f 1755/1755 1748/1748 1756/1756
f 1755/1755 1756/1756 1757/1757
f 1757/1757 1756/1756 1758/1758
f 1757/1757 1758/1758 1759/1759
f 1759/1759 1758/1758 1760/1760
f 1760/1760 1758/1758 1761/1761
f 1760/1760 1761/1761 1762/1762
f 1762/1762 1761/1761 1763/1763
f 1762/1762 1763/1763 1764/1764
f 1764/1764 1763/1763 1765/1765
f 1765/1765 1763/1763 1766/1766
f 1765/1765 1766/1766 1767/1767
f 1767/1767 1766/1766 1768/1768
f 1768/1768 1766/1766 1769/1769
f 1768/1768 1769/1769 1770/1770
f 1770/1770 1769/1769 1771/1771
f 1770/1770 1771/1771 1772/1772
f 1772/1772 1771/1771 1773/1773
f 1772/1772 1773/1773 1774/1774
f 1774/1774 1773/1773 1775/1775
f 1774/1774 1775/1775 1776/1776
f 1776/1776 1775/1775 1777/1777
f 1776/1776 1777/1777 1778/1778
f 1778/1778 1777/1777 1779/1779
f 1778/1778 1779/1779 1780/1780
f 1769/1769 1781/1781 1771/1771
f 1771/1771 1781/1781 1782/1782
f 1782/1782 1781/1781 1783/1783
f 1782/1782 1783/1783 1784/1784
f 1784/1784 1783/1783 1785/1785
f 1785/1785 1783/1783 1786/1786
f 1785/1785 1786/1786 1787/1787
f 1787/1787 1786/1786 1788/1788
f 1788/1788 1786/1786 1789/1789
f 1788/1788 1789/1789 1790/1790
f 1790/1790 1789/1789 1791/1791
f 1791/1791 1789/1789 1792/1792
f 1791/1791 1792/1792 1793/1793
f 1793/1793 1792/1792 1794/1794
f 1793/1793 1794/1794 1795/1795
f 1795/1795 1794/1794 1796/1796
f 1795/1795 1796/1796 1797/1797
f 1797/1797 1796/1796 1798/1798
f 1797/1797 1798/1798 1799/1799
f 1799/1799 1798/1798 1800/1800
f 1799/1799 1800/1800 1801/1801
f 1801/1801 1800/1800 1802/1802
f 1801/1801 1802/1802 1803/1803
f 1803/1803 1802/1802 1804/1804
f 1803/1803 1804/1804 1805/1805
f 1798/1798 1796/1796 1806/1806
f 1806/1806 1796/1796 1807/1807
f 1806/1806 1807/1807 1808/1808
f 1808/1808 1807/1807 1809/1809
f 1808/1808 1809/1809 1810/1810
f 1810/1810 1809/1809 1634/1634
f 1634/1634 1809/1809 1632/1632
f 1803/1803 1805/1805 1811/1811
f 1811/1811 1805/1805 1812/1812
f 1811/1811 1812/1812 1642/1642
f 1642/1642 1812/1812 1640/1640
f 1645/1645 1647/1647 1813/1813
f 1813/1813 1647/1647 1814/1814
f 1813/1813 1814/1814 1815/1815
f 1815/1815 1814/1814 1816/1816
f 1815/1815 1816/1816 1817/1817
f 1817/1817 1816/1816 1663/1663
f 1817/1817 1663/1663 1665/1665
f 1817/1817 1665/1665 1818/1818
f 1818/1818 1665/1665 1819/1819
f 1818/1818 1819/1819 1820/1820
f 1818/1818 1820/1820 1821/1821
f 1821/1821 1820/1820 1822/1822
f 1821/1821 1822/1822 1823/1823
f 1823/1823 1822/1822 1824/1824
f 1823/1823 1824/1824 1825/1825
f 1825/1825 1824/1824 1826/1826
f 1825/1825 1826/1826 1681/1681
f 1689/1689 1691/1691 1827/1827
f 1827/1827 1691/1691 1707/1707
f 1827/1827 1707/1707 1709/1709
f 1713/1713 1715/1715 1828/1828
f 1828/1828 1715/1715 1829/1829
f 1828/1828 1829/1829 1830/1830
f 1830/1830 1829/1829 1731/1731
f 1830/1830 1731/1731 1733/1733
f 1749/1749 1751/1751 1831/1831
f 1831/1831 1751/1751 1832/1832
f 1831/1831 1832/1832 1833/1833
f 1833/1833 1832/1832 1834/1834
f 1833/1833 1834/1834 1835/1835
f 1835/1835 1834/1834 1836/1836
f 1835/1835 1836/1836 1837/1837
f 1837/1837 1836/1836 1838/1838
f 1838/1838 1836/1836 1839/1839
f 1838/1838 1839/1839 1733/1733
f 1733/1733 1839/1839 1830/1830
f 1752/1752 1754/1754 1840/1840
f 1840/1840 1754/1754 1841/1841
f 1840/1840 1841/1841 1842/1842
f 1842/1842 1841/1841 1843/1843
f 1842/1842 1843/1843 1844/1844
f 1844/1844 1843/1843 1845/1845
f 1844/1844 1845/1845 1770/1770
f 1778/1778 1780/1780 1846/1846
f 1846/1846 1780/1780 1797/1797
f 1846/1846 1797/1797 1799/1799
f 1772/1772 1844/1844 1770/1770
f 1683/1683 1825/1825 1681/1681
f 1847/1847 1848/1848 1849/1849
f 1849/1849 1848/1848 1850/1850
f 1851/1851 1852/1852 1853/1853
f 1848/1848 1847/1847 1854/1854
f 1854/1854 1847/1847 1855/1855
f 1854/1854 1855/1855 1856/1856
f 1856/1856 1855/1855 1857/1857
f 1856/1856 1857/1857 1858/1858
f 1858/1858 1857/1857 1859/1859
f 1858/1858 1859/1859 1860/1860
f 1860/1860 1859/1859 1861/1861
f 1860/1860 1861/1861 1862/1862
f 1862/1862 1861/1861 1863/1863
f 1862/1862 1863/1863 1864/1864
f 1864/1864 1863/1863 1865/1865
f 1864/1864 1865/1865 1866/1866
f 1866/1866 1865/1865 1867/1867
f 1866/1866 1867/1867 1868/1868
f 1868/1868 1867/1867 1869/1869
f 1868/1868 1869/1869 1870/1870
f 1870/1870 1869/1869 1871/1871
f 1870/1870 1871/1871 1872/1872
f 1872/1872 1871/1871 1873/1873
f 1872/1872 1873/1873 1874/1874
f 1874/1874 1873/1873 1875/1875
f 1874/1874 1875/1875 1876/1876
f 1876/1876 1875/1875 1877/1877
f 1876/1876 1877/1877 1878/1878
f 1878/1878 1877/1877 1879/1879
f 1878/1878 1879/1879 1880/1880
f 1880/1880 1879/1879 1881/1881
f 1880/1880 1881/1881 1882/1882
f 1882/1882 1881/1881 1883/1883
f 1882/1882 1883/1883 1884/1884
f 1884/1884 1883/1883 1885/1885
f 1884/1884 1885/1885 1886/1886
f 1886/1886 1885/1885 1887/1887
f 1886/1886 1887/1887 1888/1888
f 1888/1888 1887/1887 1889/1889
f 1888/1888 1889/1889 1890/1890
f 1890/1890 1889/1889 1891/1891
f 1890/1890 1891/1891 1892/1892
f 1892/1892 1891/1891 1893/1893
f 1892/1892 1893/1893 1894/1894
f 1894/1894 1893/1893 1895/1895
f 1894/1894 1895/1895 1896/1896
f 1896/1896 1895/1895 1897/1897
f 1896/1896 1897/1897 1898/1898
f 1898/1898 1897/1897 1899/1899
f 1898/1898 1899/1899 1900/1900
f 1900/1900 1899/1899 1901/1901
f 1900/1900 1901/1901 1902/1902
f 1902/1902 1901/1901 1903/1903
f 1902/1902 1903/1903 1904/1904
f 1904/1904 1903/1903 1905/1905
f 1904/1904 1905/1905 1906/1906
f 1906/1906 1905/1905 1907/1907
f 1906/1906 1907/1907 1908/1908
f 1908/1908 1907/1907 1909/1909
f 1908/1908 1909/1909 1910/1910
f 1910/1910 1909/1909 1911/1911
f 1910/1910 1911/1911 1912/1912
f 1912/1912 1911/1911 1913/1913
f 1912/1912 1913/1913 1914/1914
f 1914/1914 1913/1913 1915/1915
f 1914/1914 1915/1915 1916/1916
f 1916/1916 1915/1915 1917/1917
f 1916/1916 1917/1917 1918/1918
f 1918/1918 1917/1917 1919/1919
f 1918/1918 1919/1919 1920/1920
f 1920/1920 1919/1919 1921/1921
f 1920/1920 1921/1921 1922/1922
f 1922/1922 1921/1921 1923/1923
f 1922/1922 1923/1923 1853/1853
f 1853/1853 1923/1923 1851/1851
f 1924/1924 1925/1925 1926/1926
f 1927/1927 1928/1928 1929/1929
f 1930/1930 1931/1931 1932/1932
f 1933/1933 1934/1934 1930/1930
f 1935/1935 1936/1936 1937/1937
f 1938/1938 1939/1939 1940/1940
f 1941/1941 1942/1942 1938/1938
f 1943/1943 1944/1944 1945/1945
f 1946/1946 1947/1947 1948/1948
f 1949/1949 1950/1950 1946/1946
f 1948/1948 1951/1951 1943/1943
f 1945/1945 1952/1952 1941/1941
f 1940/1940 1953/1953 1935/1935
f 1937/1937 1954/1954 1933/1933
f 1932/1932 1955/1955 1927/1927
f 1929/1929 1956/1956 1924/1924
f 1957/1957 1958/1958 1959/1959
f 1959/1959 1958/1958 1960/1960
f 1959/1959 1960/1960 1961/1961
f 1961/1961 1960/1960 1962/1962
f 1961/1961 1962/1962 1963/1963
f 1963/1963 1962/1962 1964/1964
f 1963/1963 1964/1964 1965/1965
f 1965/1965 1964/1964 1966/1966
f 1965/1965 1966/1966 1967/1967
f 1967/1967 1966/1966 1968/1968
f 1967/1967 1968/1968 1969/1969
f 1969/1969 1968/1968 1970/1970
f 1969/1969 1970/1970 1971/1971
f 1971/1971 1970/1970 1972/1972
f 1971/1971 1972/1972 1973/1973
f 1973/1973 1972/1972 1974/1974
f 1973/1973 1974/1974 1975/1975
f 1975/1975 1974/1974 1976/1976
f 1977/1977 1978/1978 1979/1979
f 1979/1979 1978/1978 1980/1980
f 1979/1979 1980/1980 1981/1981
f 1981/1981 1980/1980 1982/1982
f 1981/1981 1982/1982 1983/1983
f 1983/1983 1982/1982 1984/1984
f 1983/1983 1984/1984 1985/1985
f 1985/1985 1984/1984 1986/1986
f 1985/1985 1986/1986 1987/1987
f 1987/1987 1986/1986 1988/1988
f 1987/1987 1988/1988 1989/1989
f 1989/1989 1988/1988 1990/1990
f 1989/1989 1990/1990 1957/1957
f 1957/1957 1990/1990 1958/1958
f 1991/1991 1992/1992 1993/1993
f 1994/1994 1995/1995 1996/1996
f 1997/1997 1998/1998 1999/1999
f 2000/2000 2001/2001 1997/1997
f 2002/2002 2003/2003 2004/2004
f 2005/2005 2006/2006 2007/2007
f 2008/2008 2009/2009 2005/2005
f 2010/2010 2011/2011 2012/2012
f 2013/2013 2014/2014 2015/2015
f 2016/2016 2017/2017 2013/2013
f 2015/2015 2018/2018 2010/2010
f 2012/2012 2019/2019 2008/2008
f 2007/2007 2020/2020 2002/2002
f 2004/2004 2021/2021 2000/2000
f 1999/1999 2022/2022 1994/1994
f 1996/1996 2023/2023 1991/1991
f 2024/2024 2025/2025 2026/2026
f 2026/2026 2025/2025 2027/2027
f 2026/2026 2027/2027 2028/2028
f 2028/2028 2027/2027 2029/2029
f 2028/2028 2029/2029 2030/2030
f 2030/2030 2029/2029 2031/2031
f 2030/2030 2031/2031 2032/2032
f 2032/2032 2031/2031 2033/2033
f 2032/2032 2033/2033 2034/2034
f 2034/2034 2033/2033 2035/2035
f 2034/2034 2035/2035 2036/2036
f 2036/2036 2035/2035 2037/2037
f 2036/2036 2037/2037 2038/2038
f 2038/2038 2037/2037 2039/2039
f 2038/2038 2039/2039 2040/2040
f 2040/2040 2039/2039 2041/2041
f 2040/2040 2041/2041 2042/2042
f 2042/2042 2041/2041 2043/2043
f 2044/2044 2045/2045 2046/2046
f 2046/2046 2045/2045 2047/2047
f 2046/2046 2047/2047 2048/2048
f 2048/2048 2047/2047 2049/2049
f 2048/2048 2049/2049 2050/2050
f 2050/2050 2049/2049 2051/2051
f 2050/2050 2051/2051 2052/2052
f 2052/2052 2051/2051 2053/2053
f 2052/2052 2053/2053 2054/2054
f 2054/2054 2053/2053 2055/2055
f 2054/2054 2055/2055 2056/2056
f 2056/2056 2055/2055 2057/2057
f 2056/2056 2057/2057 2024/2024
f 2024/2024 2057/2057 2025/2025
f 2058/2058 2059/2059 2060/2060
f 2061/2061 2062/2062 2063/2063
f 2064/2064 2065/2065 2066/2066
f 2067/2067 2068/2068 2064/2064
f 2069/2069 2070/2070 2071/2071
f 2072/2072 2073/2073 2074/2074
f 2075/2075 2076/2076 2072/2072
f 2077/2077 2078/2078 2079/2079
f 2080/2080 2081/2081 2082/2082
f 2083/2083 2084/2084 2080/2080
f 2082/2082 2085/2085 2077/2077
f 2079/2079 2086/2086 2075/2075
f 2074/2074 2087/2087 2069/2069
f 2071/2071 2088/2088 2067/2067
f 2066/2066 2089/2089 2061/2061
f 2063/2063 2090/2090 2058/2058
f 2091/2091 2092/2092 2093/2093
f 2093/2093 2092/2092 2094/2094
f 2093/2093 2094/2094 2095/2095
f 2095/2095 2094/2094 2096/2096
f 2095/2095 2096/2096 2097/2097
f 2097/2097 2096/2096 2098/2098
f 2097/2097 2098/2098 2099/2099
f 2099/2099 2098/2098 2100/2100
f 2099/2099 2100/2100 2101/2101
f 2101/2101 2100/2100 2102/2102
f 2101/2101 2102/2102 2103/2103
f 2103/2103 2102/2102 2104/2104
f 2103/2103 2104/2104 2105/2105
f 2105/2105 2104/2104 2106/2106
f 2105/2105 2106/2106 2107/2107
f 2107/2107 2106/2106 2108/2108
f 2107/2107 2108/2108 2109/2109
f 2109/2109 2108/2108 2110/2110
f 2111/2111 2112/2112 2113/2113
f 2113/2113 2112/2112 2114/2114
f 2113/2113 2114/2114 2115/2115
f 2115/2115 2114/2114 2116/2116
f 2115/2115 2116/2116 2117/2117
f 2117/2117 2116/2116 2118/2118
f 2117/2117 2118/2118 2119/2119
f 2119/2119 2118/2118 2120/2120
f 2119/2119 2120/2120 2121/2121
f 2121/2121 2120/2120 2122/2122
f 2121/2121 2122/2122 2123/2123
f 2123/2123 2122/2122 2124/2124
f 2123/2123 2124/2124 2091/2091
f 2091/2091 2124/2124 2092/2092
f 2125/2125 2126/2126 2127/2127
f 2128/2128 2129/2129 2130/2130
f 2131/2131 2132/2132 2133/2133
f 2134/2134 2135/2135 2131/2131
f 2136/2136 2137/2137 2138/2138
f 2139/2139 2140/2140 2141/2141
f 2142/2142 2143/2143 2139/2139
f 2144/2144 2145/2145 2146/2146
f 2147/2147 2148/2148 2149/2149
f 2150/2150 2151/2151 2147/2147
f 2149/2149 2152/2152 2144/2144
f 2146/2146 2153/2153 2142/2142
f 2141/2141 2154/2154 2136/2136
f 2138/2138 2155/2155 2134/2134
f 2133/2133 2156/2156 2128/2128
f 2130/2130 2157/2157 2125/2125
f 2158/2158 2159/2159 2160/2160
f 2160/2160 2159/2159 2161/2161
f 2160/2160 2161/2161 2162/2162
f 2162/2162 2161/2161 2163/2163
f 2162/2162 2163/2163 2164/2164
f 2164/2164 2163/2163 2165/2165
f 2164/2164 2165/2165 2166/2166
f 2166/2166 2165/2165 2167/2167
f 2166/2166 2167/2167 2168/2168
f 2168/2168 2167/2167 2169/2169
f 2168/2168 2169/2169 2170/2170
f 2170/2170 2169/2169 2171/2171
f 2170/2170 2171/2171 2172/2172
f 2172/2172 2171/2171 2173/2173
f 2172/2172 2173/2173 2174/2174
f 2174/2174 2173/2173 2175/2175
f 2174/2174 2175/2175 2176/2176
f 2176/2176 2175/2175 2177/2177
f 2178/2178 2179/2179 2180/2180
f 2180/2180 2179/2179 2181/2181
f 2180/2180 2181/2181 2182/2182
f 2182/2182 2181/2181 2183/2183
f 2182/2182 2183/2183 2184/2184
f 2184/2184 2183/2183 2185/2185
f 2184/2184 2185/2185 2186/2186
f 2186/2186 2185/2185 2187/2187
f 2186/2186 2187/2187 2188/2188
f 2188/2188 2187/2187 2189/2189
f 2188/2188 2189/2189 2190/2190
f 2190/2190 2189/2189 2191/2191
f 2190/2190 2191/2191 2158/2158
f 2158/2158 2191/2191 2159/2159
f 2192/2192 2193/2193 2194/2194
f 2195/2195 2196/2196 2197/2197
f 2198/2198 2199/2199 2200/2200
f 2201/2201 2202/2202 2198/2198
f 2203/2203 2204/2204 2205/2205
f 2206/2206 2207/2207 2208/2208
f 2209/2209 2210/2210 2206/2206
f 2211/2211 2212/2212 2213/2213
f 2214/2214 2215/2215 2216/2216
f 2217/2217 2218/2218 2214/2214
f 2216/2216 2219/2219 2211/2211
f 2213/2213 2220/2220 2209/2209
f 2208/2208 2221/2221 2203/2203
f 2205/2205 2222/2222 2201/2201
f 2200/2200 2223/2223 2195/2195
f 2197/2197 2224/2224 2192/2192
f 2225/2225 2226/2226 2227/2227
f 2227/2227 2226/2226 2228/2228
f 2227/2227 2228/2228 2229/2229
f 2229/2229 2228/2228 2230/2230
f 2229/2229 2230/2230 2231/2231
f 2231/2231 2230/2230 2232/2232
f 2231/2231 2232/2232 2233/2233
f 2233/2233 2232/2232 2234/2234
f 2233/2233 2234/2234 2235/2235
f 2235/2235 2234/2234 2236/2236
f 2235/2235 2236/2236 2237/2237
f 2237/2237 2236/2236 2238/2238
f 2237/2237 2238/2238 2239/2239
f 2239/2239 2238/2238 2240/2240
f 2239/2239 2240/2240 2241/2241
f 2241/2241 2240/2240 2242/2242
f 2241/2241 2242/2242 2243/2243
f 2243/2243 2242/2242 2244/2244
f 2245/2245 2246/2246 2247/2247
f 2247/2247 2246/2246 2248/2248
f 2247/2247 2248/2248 2249/2249
f 2249/2249 2248/2248 2250/2250
f 2249/2249 2250/2250 2251/2251
f 2251/2251 2250/2250 2252/2252
f 2251/2251 2252/2252 2253/2253
f 2253/2253 2252/2252 2254/2254
f 2253/2253 2254/2254 2255/2255
f 2255/2255 2254/2254 2256/2256
f 2255/2255 2256/2256 2257/2257
f 2257/2257 2256/2256 2258/2258
f 2257/2257 2258/2258 2225/2225
f 2225/2225 2258/2258 2226/2226
f 2259/2259 2260/2260 2261/2261
f 2262/2262 2263/2263 2264/2264
f 2265/2265 2266/2266 2267/2267
f 2268/2268 2269/2269 2265/2265
f 2270/2270 2271/2271 2272/2272
f 2273/2273 2274/2274 2275/2275
f 2276/2276 2277/2277 2273/2273
f 2278/2278 2279/2279 2280/2280
f 2281/2281 2282/2282 2283/2283
f 2284/2284 2285/2285 2281/2281
f 2283/2283 2286/2286 2278/2278
f 2280/2280 2287/2287 2276/2276
f 2275/2275 2288/2288 2270/2270
f 2272/2272 2289/2289 2268/2268
f 2267/2267 2290/2290 2262/2262
f 2264/2264 2291/2291 2259/2259
f 2292/2292 2293/2293 2294/2294
f 2294/2294 2293/2293 2295/2295
f 2294/2294 2295/2295 2296/2296
f 2296/2296 2295/2295 2297/2297
f 2296/2296 2297/2297 2298/2298
f 2298/2298 2297/2297 2299/2299
f 2298/2298 2299/2299 2300/2300
f 2300/2300 2299/2299 2301/2301
f 2300/2300 2301/2301 2302/2302
f 2302/2302 2301/2301 2303/2303
f 2302/2302 2303/2303 2304/2304
f 2304/2304 2303/2303 2305/2305
f 2304/2304 2305/2305 2306/2306
f 2306/2306 2305/2305 2307/2307
f 2306/2306 2307/2307 2308/2308
f 2308/2308 2307/2307 2309/2309
f 2308/2308 2309/2309 2310/2310
f 2310/2310 2309/2309 2311/2311
f 2312/2312 2313/2313 2314/2314
f 2314/2314 2313/2313 2315/2315
f 2314/2314 2315/2315 2316/2316
f 2316/2316 2315/2315 2317/2317
f 2316/2316 2317/2317 2318/2318
f 2318/2318 2317/2317 2319/2319
f 2318/2318 2319/2319 2320/2320
f 2320/2320 2319/2319 2321/2321
f 2320/2320 2321/2321 2322/2322
f 2322/2322 2321/2321 2323/2323
f 2322/2322 2323/2323 2324/2324
f 2324/2324 2323/2323 2325/2325
f 2324/2324 2325/2325 2292/2292
f 2292/2292 2325/2325 2293/2293
f 2326/2326 2327/2327 2328/2328
f 2329/2329 2330/2330 2331/2331
f 2332/2332 2333/2333 2334/2334
f 2335/2335 2336/2336 2332/2332
f 2337/2337 2338/2338 2339/2339
f 2340/2340 2341/2341 2342/2342
f 2343/2343 2344/2344 2340/2340
f 2345/2345 2346/2346 2347/2347
f 2348/2348 2349/2349 2350/2350
f 2351/2351 2352/2352 2348/2348
f 2350/2350 2353/2353 2345/2345
f 2347/2347 2354/2354 2343/2343
f 2342/2342 2355/2355 2337/2337
f 2339/2339 2356/2356 2335/2335
f 2334/2334 2357/2357 2329/2329
f 2331/2331 2358/2358 2326/2326
f 2359/2359 2360/2360 2361/2361
f 2361/2361 2360/2360 2362/2362
f 2361/2361 2362/2362 2363/2363
f 2363/2363 2362/2362 2364/2364
f 2363/2363 2364/2364 2365/2365
f 2365/2365 2364/2364 2366/2366
f 2365/2365 2366/2366 2367/2367
f 2367/2367 2366/2366 2368/2368
f 2367/2367 2368/2368 2369/2369
f 2369/2369 2368/2368 2370/2370
f 2369/2369 2370/2370 2371/2371
f 2371/2371 2370/2370 2372/2372
f 2371/2371 2372/2372 2373/2373
f 2373/2373 2372/2372 2374/2374
f 2373/2373 2374/2374 2375/2375
f 2375/2375 2374/2374 2376/2376
f 2375/2375 2376/2376 2377/2377
f 2377/2377 2376/2376 2378/2378
f 2379/2379 2380/2380 2381/2381
f 2381/2381 2380/2380 2382/2382
f 2381/2381 2382/2382 2383/2383
f 2383/2383 2382/2382 2384/2384
f 2383/2383 2384/2384 2385/2385
f 2385/2385 2384/2384 2386/2386
f 2385/2385 2386/2386 2387/2387
f 2387/2387 2386/2386 2388/2388
f 2387/2387 2388/2388 2389/2389
f 2389/2389 2388/2388 2390/2390
f 2389/2389 2390/2390 2391/2391
f 2391/2391 2390/2390 2392/2392
f 2391/2391 2392/2392 2359/2359
f 2359/2359 2392/2392 2360/2360
f 2393/2393 2394/2394 2395/2395
f 2395/2395 2394/2394 2396/2396
f 2395/2395 2396/2396 2397/2397
f 2397/2397 2396/2396 2398/2398
f 2397/2397 2398/2398 2399/2399
f 2399/2399 2398/2398 2400/2400
f 2399/2399 2400/2400 2401/2401
f 2401/2401 2400/2400 2402/2402
f 2401/2401 2402/2402 2403/2403
f 2394/2394 2393/2393 2404/2404
f 2404/2404 2393/2393 2405/2405
f 2404/2404 2405/2405 2406/2406
f 2406/2406 2405/2405 2407/2407
f 2406/2406 2407/2407 2408/2408
f 2409/2409 2410/2410 2411/2411
f 2411/2411 2410/2410 2412/2412
f 2411/2411 2412/2412 2413/2413
f 2413/2413 2412/2412 2414/2414
f 2413/2413 2414/2414 2415/2415
f 2415/2415 2414/2414 2416/2416
f 2415/2415 2416/2416 2417/2417
f 2417/2417 2416/2416 2418/2418
f 2417/2417 2418/2418 2419/2419
f 2419/2419 2418/2418 2420/2420
f 2419/2419 2420/2420 2421/2421
f 2421/2421 2420/2420 2422/2422
f 2421/2421 2422/2422 2423/2423
f 2423/2423 2422/2422 2424/2424
f 2423/2423 2424/2424 2425/2425
f 2425/2425 2424/2424 2426/2426
f 2425/2425 2426/2426 2427/2427
f 2427/2427 2426/2426 2428/2428
f 2429/2429 2430/2430 2431/2431
f 2431/2431 2430/2430 2432/2432
f 2431/2431 2432/2432 2433/2433
f 2433/2433 2432/2432 2434/2434
f 2433/2433 2434/2434 2435/2435
f 2435/2435 2434/2434 2436/2436
f 2435/2435 2436/2436 2437/2437
f 2437/2437 2436/2436 2438/2438
f 2437/2437 2438/2438 2439/2439
f 2439/2439 2438/2438 2440/2440
f 2439/2439 2440/2440 2441/2441
f 2441/2441 2440/2440 2442/2442
f 2441/2441 2442/2442 2409/2409
f 2409/2409 2442/2442 2410/2410
f 2443/2443 2444/2444 2445/2445
f 2445/2445 2444/2444 2446/2446
f 2445/2445 2446/2446 2447/2447
f 2445/2445 2447/2447 2448/2448
f 2448/2448 2447/2447 2449/2449
f 2448/2448 2449/2449 2450/2450
f 2450/2450 2449/2449 2451/2451
f 2451/2451 2449/2449 2452/2452
f 2452/2452 2449/2449 2453/2453
f 2452/2452 2453/2453 2454/2454
f 2454/2454 2453/2453 2455/2455
f 2455/2455 2453/2453 2456/2456
f 2456/2456 2453/2453 2457/2457
f 2456/2456 2457/2457 2458/2458
f 2458/2458 2457/2457 2459/2459
f 2459/2459 2457/2457 2460/2460
f 2459/2459 2460/2460 2461/2461
f 2461/2461 2460/2460 2462/2462
f 2461/2461 2462/2462 2463/2463
f 2463/2463 2462/2462 2464/2464
f 2464/2464 2462/2462 2465/2465
f 2464/2464 2465/2465 2466/2466
f 2466/2466 2465/2465 2467/2467
f 2466/2466 2467/2467 2468/2468
f 2468/2468 2467/2467 2469/2469
f 2469/2469 2467/2467 2470/2470
f 2469/2469 2470/2470 2471/2471
f 2471/2471 2470/2470 2472/2472
f 2472/2472 2470/2470 2473/2473
f 2472/2472 2473/2473 2474/2474
f 2474/2474 2473/2473 2475/2475
f 2475/2475 2473/2473 2476/2476
f 2475/2475 2476/2476 2477/2477
f 2477/2477 2476/2476 2478/2478
f 2478/2478 2476/2476 2479/2479
f 2478/2478 2479/2479 2480/2480
f 2480/2480 2479/2479 2481/2481
f 2481/2481 2479/2479 2482/2482
f 2481/2481 2482/2482 2483/2483
f 2483/2483 2482/2482 2484/2484
f 2484/2484 2482/2482 2485/2485
f 2484/2484 2485/2485 2486/2486
f 2486/2486 2485/2485 2487/2487
f 2487/2487 2485/2485 2488/2488
f 2488/2488 2485/2485 2489/2489
f 2489/2489 2485/2485 2490/2490
f 2490/2490 2485/2485 2491/2491
f 2491/2491 2485/2485 2492/2492
f 2492/2492 2485/2485 2493/2493
f 2493/2493 2485/2485 2494/2494
f 2495/2495 2496/2496 2497/2497
f 2497/2497 2496/2496 2498/2498
f 2497/2497 2498/2498 2499/2499
f 2499/2499 2498/2498 2500/2500
f 2499/2499 2500/2500 2501/2501
f 2501/2501 2500/2500 2502/2502
f 2501/2501 2502/2502 2503/2503
f 2503/2503 2502/2502 2504/2504
f 2503/2503 2504/2504 2505/2505
f 2505/2505 2504/2504 2506/2506
f 2505/2505 2506/2506 2507/2507
f 2507/2507 2506/2506 2508/2508
f 2507/2507 2508/2508 2509/2509
f 2509/2509 2508/2508 2510/2510
f 2509/2509 2510/2510 2511/2511
f 2511/2511 2510/2510 2512/2512
f 2512/2512 2510/2510 2513/2513
f 2512/2512 2513/2513 2514/2514
f 2514/2514 2513/2513 2515/2515
f 2514/2514 2515/2515 2516/2516
f 2516/2516 2515/2515 2517/2517
f 2517/2517 2515/2515 2518/2518
f 2517/2517 2518/2518 2519/2519
f 2519/2519 2518/2518 2520/2520
f 2519/2519 2520/2520 2521/2521
f 2521/2521 2520/2520 2522/2522
f 2522/2522 2520/2520 2523/2523
f 2522/2522 2523/2523 2524/2524
f 2525/2525 2526/2526 2496/2496
f 2496/2496 2526/2526 2527/2527
f 2496/2496 2527/2527 2498/2498
f 2522/2522 2524/2524 2525/2525
f 2525/2525 2524/2524 2528/2528
f 2525/2525 2528/2528 2526/2526
f 2529/2529 2530/2530 2531/2531
f 2531/2531 2530/2530 2532/2532
f 2531/2531 2532/2532 2533/2533
f 2531/2531 2533/2533 2534/2534
f 2534/2534 2533/2533 2535/2535
f 2534/2534 2535/2535 2536/2536
f 2536/2536 2535/2535 2537/2537
f 2537/2537 2535/2535 2538/2538
f 2538/2538 2535/2535 2539/2539
f 2538/2538 2539/2539 2540/2540
f 2540/2540 2539/2539 2541/2541
f 2541/2541 2539/2539 2542/2542
f 2542/2542 2539/2539 2543/2543
f 2542/2542 2543/2543 2544/2544
f 2544/2544 2543/2543 2545/2545
f 2545/2545 2543/2543 2546/2546
f 2545/2545 2546/2546 2547/2547
f 2547/2547 2546/2546 2548/2548
f 2547/2547 2548/2548 2549/2549
f 2549/2549 2548/2548 2550/2550
f 2550/2550 2548/2548 2551/2551
f 2550/2550 2551/2551 2552/2552
f 2552/2552 2551/2551 2553/2553
f 2552/2552 2553/2553 2554/2554
f 2554/2554 2553/2553 2555/2555
f 2555/2555 2553/2553 2556/2556
f 2555/2555 2556/2556 2557/2557
f 2557/2557 2556/2556 2558/2558
f 2558/2558 2556/2556 2559/2559
f 2558/2558 2559/2559 2560/2560
f 2560/2560 2559/2559 2561/2561
f 2561/2561 2559/2559 2562/2562
f 2561/2561 2562/2562 2563/2563
f 2563/2563 2562/2562 2564/2564
f 2564/2564 2562/2562 2565/2565
f 2564/2564 2565/2565 2566/2566
f 2566/2566 2565/2565 2567/2567
f 2567/2567 2565/2565 2568/2568
f 2567/2567 2568/2568 2569/2569
f 2569/2569 2568/2568 2570/2570
f 2570/2570 2568/2568 2571/2571
f 2570/2570 2571/2571 2572/2572
f 2572/2572 2571/2571 2573/2573
f 2573/2573 2571/2571 2574/2574
f 2574/2574 2571/2571 2575/2575
f 2575/2575 2571/2571 2576/2576
f 2576/2576 2571/2571 2577/2577
f 2577/2577 2571/2571 2578/2578
f 2578/2578 2571/2571 2579/2579
f 2579/2579 2571/2571 2580/2580
f 2581/2581 2582/2582 2583/2583
f 2583/2583 2582/2582 2584/2584
f 2583/2583 2584/2584 2585/2585
f 2585/2585 2584/2584 2586/2586
f 2586/2586 2584/2584 2587/2587
f 2586/2586 2587/2587 2588/2588
f 2588/2588 2587/2587 2589/2589
f 2589/2589 2587/2587 2590/2590
f 2589/2589 2590/2590 2591/2591
f 2591/2591 2590/2590 2592/2592
f 2592/2592 2590/2590 2593/2593
f 2592/2592 2593/2593 2594/2594
f 2590/2590 2595/2595 2593/2593
f 2592/2592 2594/2594 2596/2596
f 2596/2596 2594/2594 2597/2597
f 2596/2596 2597/2597 2598/2598
f 2598/2598 2597/2597 2599/2599
f 2598/2598 2599/2599 2600/2600
f 2600/2600 2599/2599 2601/2601
f 2600/2600 2601/2601 2602/2602
f 2602/2602 2601/2601 2603/2603
f 2602/2602 2603/2603 2604/2604
f 2604/2604 2603/2603 2605/2605
f 2604/2604 2605/2605 2606/2606
f 2606/2606 2605/2605 2607/2607
f 2606/2606 2607/2607 2608/2608
f 2606/2606 2608/2608 2609/2609
f 2609/2609 2608/2608 2610/2610
f 2609/2609 2610/2610 2611/2611
f 2611/2611 2610/2610 2612/2612
f 2611/2611 2612/2612 2613/2613
f 2611/2611 2613/2613 2614/2614
f 2614/2614 2613/2613 2581/2581
f 2614/2614 2581/2581 2583/2583
f 2615/2615 2616/2616 2617/2617
f 2617/2617 2616/2616 2618/2618
f 2617/2617 2618/2618 2619/2619
f 2617/2617 2619/2619 2620/2620
f 2620/2620 2619/2619 2621/2621
f 2620/2620 2621/2621 2622/2622
f 2622/2622 2621/2621 2623/2623
f 2623/2623 2621/2621 2624/2624
f 2624/2624 2621/2621 2625/2625
f 2624/2624 2625/2625 2626/2626
f 2626/2626 2625/2625 2627/2627
f 2627/2627 2625/2625 2628/2628
f 2628/2628 2625/2625 2629/2629
f 2628/2628 2629/2629 2630/2630
f 2630/2630 2629/2629 2631/2631
f 2631/2631 2629/2629 2632/2632
f 2631/2631 2632/2632 2633/2633
f 2633/2633 2632/2632 2634/2634
f 2633/2633 2634/2634 2635/2635
f 2635/2635 2634/2634 2636/2636
f 2636/2636 2634/2634 2637/2637
f 2636/2636 2637/2637 2638/2638
f 2638/2638 2637/2637 2639/2639
f 2638/2638 2639/2639 2640/2640
f 2640/2640 2639/2639 2641/2641
f 2641/2641 2639/2639 2642/2642
f 2641/2641 2642/2642 2643/2643
f 2643/2643 2642/2642 2644/2644
f 2644/2644 2642/2642 2645/2645
f 2644/2644 2645/2645 2646/2646
f 2646/2646 2645/2645 2647/2647
f 2647/2647 2645/2645 2648/2648
f 2647/2647 2648/2648 2649/2649
f 2649/2649 2648/2648 2650/2650
f 2650/2650 2648/2648 2651/2651
f 2650/2650 2651/2651 2652/2652
f 2652/2652 2651/2651 2653/2653
f 2653/2653 2651/2651 2654/2654
f 2653/2653 2654/2654 2655/2655
f 2655/2655 2654/2654 2656/2656
f 2656/2656 2654/2654 2657/2657
f 2656/2656 2657/2657 2658/2658
f 2658/2658 2657/2657 2659/2659
f 2659/2659 2657/2657 2660/2660
f 2660/2660 2657/2657 2661/2661
f 2661/2661 2657/2657 2662/2662
f 2662/2662 2657/2657 2663/2663
f 2663/2663 2657/2657 2664/2664
f 2664/2664 2657/2657 2665/2665
f 2665/2665 2657/2657 2666/2666
f 2667/2667 2668/2668 2669/2669
f 2669/2669 2668/2668 2670/2670
f 2669/2669 2670/2670 2671/2671
f 2671/2671 2670/2670 2672/2672
f 2672/2672 2670/2670 2673/2673
f 2672/2672 2673/2673 2674/2674
f 2674/2674 2673/2673 2675/2675
f 2675/2675 2673/2673 2676/2676
f 2675/2675 2676/2676 2677/2677
f 2677/2677 2676/2676 2678/2678
f 2678/2678 2676/2676 2679/2679
f 2678/2678 2679/2679 2680/2680
f 2676/2676 2681/2681 2679/2679
f 2678/2678 2680/2680 2682/2682
f 2682/2682 2680/2680 2683/2683
f 2682/2682 2683/2683 2684/2684
f 2684/2684 2683/2683 2685/2685
f 2684/2684 2685/2685 2686/2686
f 2686/2686 2685/2685 2687/2687
f 2686/2686 2687/2687 2688/2688
f 2688/2688 2687/2687 2689/2689
f 2688/2688 2689/2689 2690/2690
f 2690/2690 2689/2689 2691/2691
f 2690/2690 2691/2691 2692/2692
f 2692/2692 2691/2691 2693/2693
f 2692/2692 2693/2693 2694/2694
f 2692/2692 2694/2694 2695/2695
f 2695/2695 2694/2694 2696/2696
f 2695/2695 2696/2696 2697/2697
f 2697/2697 2696/2696 2698/2698
f 2697/2697 2698/2698 2699/2699
f 2697/2697 2699/2699 2700/2700
f 2700/2700 2699/2699 2667/2667
f 2700/2700 2667/2667 2669/2669
f 2701/2701 2702/2702 2703/2703
f 2703/2703 2702/2702 2704/2704
f 2703/2703 2704/2704 2705/2705
f 2703/2703 2705/2705 2706/2706
f 2706/2706 2705/2705 2707/2707
f 2706/2706 2707/2707 2708/2708
f 2708/2708 2707/2707 2709/2709
f 2709/2709 2707/2707 2710/2710
f 2710/2710 2707/2707 2711/2711
f 2710/2710 2711/2711 2712/2712
f 2712/2712 2711/2711 2713/2713
f 2713/2713 2711/2711 2714/2714
f 2714/2714 2711/2711 2715/2715
f 2714/2714 2715/2715 2716/2716
f 2716/2716 2715/2715 2717/2717
f 2717/2717 2715/2715 2718/2718
f 2717/2717 2718/2718 2719/2719
f 2719/2719 2718/2718 2720/2720
f 2719/2719 2720/2720 2721/2721
f 2721/2721 2720/2720 2722/2722
f 2722/2722 2720/2720 2723/2723
f 2722/2722 2723/2723 2724/2724
f 2724/2724 2723/2723 2725/2725
f 2724/2724 2725/2725 2726/2726
f 2726/2726 2725/2725 2727/2727
f 2727/2727 2725/2725 2728/2728
f 2727/2727 2728/2728 2729/2729
f 2729/2729 2728/2728 2730/2730
f 2730/2730 2728/2728 2731/2731
f 2730/2730 2731/2731 2732/2732
f 2732/2732 2731/2731 2733/2733
f 2733/2733 2731/2731 2734/2734
f 2733/2733 2734/2734 2735/2735
f 2735/2735 2734/2734 2736/2736
f 2736/2736 2734/2734 2737/2737
f 2736/2736 2737/2737 2738/2738
f 2738/2738 2737/2737 2739/2739
f 2739/2739 2737/2737 2740/2740
f 2739/2739 2740/2740 2741/2741
f 2741/2741 2740/2740 2742/2742
f 2742/2742 2740/2740 2743/2743
f 2742/2742 2743/2743 2744/2744
f 2744/2744 2743/2743 2745/2745
f 2745/2745 2743/2743 2746/2746
f 2746/2746 2743/2743 2747/2747
f 2747/2747 2743/2743 2748/2748
f 2748/2748 2743/2743 2749/2749
f 2749/2749 2743/2743 2750/2750
f 2750/2750 2743/2743 2751/2751
f 2751/2751 2743/2743 2752/2752
f 2753/2753 2754/2754 2755/2755
f 2755/2755 2754/2754 2756/2756
f 2755/2755 2756/2756 2757/2757
f 2757/2757 2756/2756 2758/2758
f 2757/2757 2758/2758 2759/2759
f 2759/2759 2758/2758 2760/2760
f 2759/2759 2760/2760 2761/2761
f 2761/2761 2760/2760 2762/2762
f 2761/2761 2762/2762 2763/2763
f 2763/2763 2762/2762 2764/2764
f 2763/2763 2764/2764 2765/2765
f 2765/2765 2764/2764 2766/2766
f 2765/2765 2766/2766 2767/2767
f 2767/2767 2766/2766 2768/2768
f 2767/2767 2768/2768 2769/2769
f 2769/2769 2768/2768 2770/2770
f 2770/2770 2768/2768 2771/2771
f 2770/2770 2771/2771 2772/2772
f 2772/2772 2771/2771 2773/2773
f 2772/2772 2773/2773 2774/2774
f 2774/2774 2773/2773 2775/2775
f 2775/2775 2773/2773 2776/2776
f 2775/2775 2776/2776 2777/2777
f 2777/2777 2776/2776 2778/2778
f 2777/2777 2778/2778 2779/2779
f 2779/2779 2778/2778 2780/2780
f 2780/2780 2778/2778 2781/2781
f 2780/2780 2781/2781 2782/2782
f 2783/2783 2784/2784 2754/2754
f 2754/2754 2784/2784 2785/2785
f 2754/2754 2785/2785 2756/2756
f 2780/2780 2782/2782 2783/2783
f 2783/2783 2782/2782 2786/2786
f 2783/2783 2786/2786 2784/2784
f 2787/2787 2788/2788 2789/2789
f 2789/2789 2788/2788 2790/2790
f 2789/2789 2790/2790 2791/2791
f 2789/2789 2791/2791 2792/2792
f 2792/2792 2791/2791 2793/2793
f 2792/2792 2793/2793 2794/2794
f 2794/2794 2793/2793 2795/2795
f 2795/2795 2793/2793 2796/2796
f 2796/2796 2793/2793 2797/2797
f 2796/2796 2797/2797 2798/2798
f 2798/2798 2797/2797 2799/2799
f 2799/2799 2797/2797 2800/2800
f 2800/2800 2797/2797 2801/2801
f 2800/2800 2801/2801 2802/2802
f 2802/2802 2801/2801 2803/2803
f 2803/2803 2801/2801 2804/2804
f 2803/2803 2804/2804 2805/2805
f 2805/2805 2804/2804 2806/2806
f 2805/2805 2806/2806 2807/2807
f 2807/2807 2806/2806 2808/2808
f 2808/2808 2806/2806 2809/2809
f 2808/2808 2809/2809 2810/2810
f 2810/2810 2809/2809 2811/2811
f 2810/2810 2811/2811 2812/2812
f 2812/2812 2811/2811 2813/2813
f 2813/2813 2811/2811 2814/2814
f 2813/2813 2814/2814 2815/2815
f 2815/2815 2814/2814 2816/2816
f 2816/2816 2814/2814 2817/2817
f 2816/2816 2817/2817 2818/2818
f 2818/2818 2817/2817 2819/2819
f 2819/2819 2817/2817 2820/2820
f 2819/2819 2820/2820 2821/2821
f 2821/2821 2820/2820 2822/2822
f 2822/2822 2820/2820 2823/2823
f 2822/2822 2823/2823 2824/2824
f 2824/2824 2823/2823 2825/2825
f 2825/2825 2823/2823 2826/2826
f 2825/2825 2826/2826 2827/2827
f 2827/2827 2826/2826 2828/2828
f 2828/2828 2826/2826 2829/2829
f 2828/2828 2829/2829 2830/2830
f 2830/2830 2829/2829 2831/2831
f 2831/2831 2829/2829 2832/2832
f 2832/2832 2829/2829 2833/2833
f 2833/2833 2829/2829 2834/2834
f 2834/2834 2829/2829 2835/2835
f 2835/2835 2829/2829 2836/2836
f 2836/2836 2829/2829 2837/2837
f 2837/2837 2829/2829 2838/2838
f 2839/2839 2840/2840 2841/2841
f 2841/2841 2840/2840 2842/2842
f 2841/2841 2842/2842 2843/2843
f 2843/2843 2842/2842 2844/2844
f 2843/2843 2844/2844 2845/2845
f 2845/2845 2844/2844 2846/2846
f 2845/2845 2846/2846 2847/2847
f 2847/2847 2846/2846 2848/2848
f 2847/2847 2848/2848 2849/2849
f 2849/2849 2848/2848 2850/2850
f 2849/2849 2850/2850 2851/2851
f 2851/2851 2850/2850 2852/2852
f 2851/2851 2852/2852 2853/2853
f 2853/2853 2852/2852 2854/2854
f 2853/2853 2854/2854 2855/2855
f 2855/2855 2854/2854 2856/2856
f 2856/2856 2854/2854 2857/2857
f 2856/2856 2857/2857 2858/2858
f 2858/2858 2857/2857 2859/2859
f 2858/2858 2859/2859 2860/2860
f 2860/2860 2859/2859 2861/2861
f 2861/2861 2859/2859 2862/2862
f 2861/2861 2862/2862 2863/2863
f 2863/2863 2862/2862 2864/2864
f 2863/2863 2864/2864 2865/2865
f 2865/2865 2864/2864 2866/2866
f 2866/2866 2864/2864 2867/2867
f 2866/2866 2867/2867 2868/2868
f 2869/2869 2870/2870 2840/2840
f 2840/2840 2870/2870 2871/2871
f 2840/2840 2871/2871 2842/2842
f 2866/2866 2868/2868 2869/2869
f 2869/2869 2868/2868 2872/2872
f 2869/2869 2872/2872 2870/2870
f 2873/2873 2874/2874 2875/2875
f 2875/2875 2874/2874 2876/2876
f 2875/2875 2876/2876 2877/2877
f 2875/2875 2877/2877 2878/2878
f 2878/2878 2877/2877 2879/2879
f 2878/2878 2879/2879 2880/2880
f 2880/2880 2879/2879 2881/2881
f 2881/2881 2879/2879 2882/2882
f 2882/2882 2879/2879 2883/2883
f 2882/2882 2883/2883 2884/2884
f 2884/2884 2883/2883 2885/2885
f 2885/2885 2883/2883 2886/2886
f 2886/2886 2883/2883 2887/2887
f 2886/2886 2887/2887 2888/2888
f 2888/2888 2887/2887 2889/2889
f 2889/2889 2887/2887 2890/2890
f 2889/2889 2890/2890 2891/2891
f 2891/2891 2890/2890 2892/2892
f 2891/2891 2892/2892 2893/2893
f 2893/2893 2892/2892 2894/2894
f 2894/2894 2892/2892 2895/2895
f 2894/2894 2895/2895 2896/2896
f 2896/2896 2895/2895 2897/2897
f 2896/2896 2897/2897 2898/2898
f 2898/2898 2897/2897 2899/2899
f 2899/2899 2897/2897 2900/2900
f 2899/2899 2900/2900 2901/2901
f 2901/2901 2900/2900 2902/2902
f 2902/2902 2900/2900 2903/2903
f 2902/2902 2903/2903 2904/2904
f 2904/2904 2903/2903 2905/2905
f 2905/2905 2903/2903 2906/2906
f 2905/2905 2906/2906 2907/2907
f 2907/2907 2906/2906 2908/2908
f 2908/2908 2906/2906 2909/2909
f 2908/2908 2909/2909 2910/2910
f 2910/2910 2909/2909 2911/2911
f 2911/2911 2909/2909 2912/2912
f 2911/2911 2912/2912 2913/2913
f 2913/2913 2912/2912 2914/2914
f 2914/2914 2912/2912 2915/2915
f 2914/2914 2915/2915 2916/2916
f 2916/2916 2915/2915 2917/2917
f 2917/2917 2915/2915 2918/2918
f 2918/2918 2915/2915 2919/2919
f 2919/2919 2915/2915 2920/2920
f 2920/2920 2915/2915 2921/2921
f 2921/2921 2915/2915 2922/2922
f 2922/2922 2915/2915 2923/2923
f 2923/2923 2915/2915 2924/2924
f 2925/2925 2926/2926 2927/2927
f 2927/2927 2926/2926 2928/2928
f 2927/2927 2928/2928 2929/2929
f 2929/2929 2928/2928 2930/2930
f 2930/2930 2928/2928 2931/2931
f 2930/2930 2931/2931 2932/2932
f 2932/2932 2931/2931 2933/2933
f 2933/2933 2931/2931 2934/2934
f 2933/2933 2934/2934 2935/2935
f 2935/2935 2934/2934 2936/2936
f 2936/2936 2934/2934 2937/2937
f 2936/2936 2937/2937 2938/2938
f 2934/2934 2939/2939 2937/2937
f 2936/2936 2938/2938 2940/2940
f 2940/2940 2938/2938 2941/2941
f 2940/2940 2941/2941 2942/2942
f 2942/2942 2941/2941 2943/2943
f 2942/2942 2943/2943 2944/2944
f 2944/2944 2943/2943 2945/2945
f 2944/2944 2945/2945 2946/2946
f 2946/2946 2945/2945 2947/2947
f 2946/2946 2947/2947 2948/2948
f 2948/2948 2947/2947 2949/2949
f 2948/2948 2949/2949 2950/2950
f 2950/2950 2949/2949 2951/2951
f 2950/2950 2951/2951 2952/2952
f 2950/2950 2952/2952 2953/2953
f 2953/2953 2952/2952 2954/2954
f 2953/2953 2954/2954 2955/2955
f 2955/2955 2954/2954 2956/2956
f 2955/2955 2956/2956 2957/2957
f 2955/2955 2957/2957 2958/2958
f 2958/2958 2957/2957 2925/2925
f 2958/2958 2925/2925 2927/2927
f 2959/2959 2960/2960 2961/2961
f 2961/2961 2960/2960 2962/2962
f 2961/2961 2962/2962 2963/2963
f 2961/2961 2963/2963 2964/2964
f 2964/2964 2963/2963 2965/2965
f 2964/2964 2965/2965 2966/2966
f 2966/2966 2965/2965 2967/2967
f 2967/2967 2965/2965 2968/2968
f 2968/2968 2965/2965 2969/2969
f 2968/2968 2969/2969 2970/2970
f 2970/2970 2969/2969 2971/2971
f 2971/2971 2969/2969 2972/2972
f 2972/2972 2969/2969 2973/2973
f 2972/2972 2973/2973 2974/2974
f 2974/2974 2973/2973 2975/2975
f 2975/2975 2973/2973 2976/2976
f 2975/2975 2976/2976 2977/2977
f 2977/2977 2976/2976 2978/2978
f 2977/2977 2978/2978 2979/2979
f 2979/2979 2978/2978 2980/2980
f 2980/2980 2978/2978 2981/2981
f 2980/2980 2981/2981 2982/2982
f 2982/2982 2981/2981 2983/2983
f 2982/2982 2983/2983 2984/2984
f 2984/2984 2983/2983 2985/2985
f 2985/2985 2983/2983 2986/2986
f 2985/2985 2986/2986 2987/2987
f 2987/2987 2986/2986 2988/2988
f 2988/2988 2986/2986 2989/2989
f 2988/2988 2989/2989 2990/2990
f 2990/2990 2989/2989 2991/2991
f 2991/2991 2989/2989 2992/2992
f 2991/2991 2992/2992 2993/2993
f 2993/2993 2992/2992 2994/2994
f 2994/2994 2992/2992 2995/2995
f 2994/2994 2995/2995 2996/2996
f 2996/2996 2995/2995 2997/2997
f 2997/2997 2995/2995 2998/2998
f 2997/2997 2998/2998 2999/2999
f 2999/2999 2998/2998 3000/3000
f 3000/3000 2998/2998 3001/3001
f 3000/3000 3001/3001 3002/3002
f 3002/3002 3001/3001 3003/3003
f 3003/3003 3001/3001 3004/3004
f 3004/3004 3001/3001 3005/3005
f 3005/3005 3001/3001 3006/3006
f 3006/3006 3001/3001 3007/3007
f 3007/3007 3001/3001 3008/3008
f 3008/3008 3001/3001 3009/3009
f 3009/3009 3001/3001 3010/3010
f 3011/3011 3012/3012 3013/3013
f 3013/3013 3012/3012 3014/3014
f 3013/3013 3014/3014 3015/3015
f 3015/3015 3014/3014 3016/3016
f 3016/3016 3014/3014 3017/3017
f 3016/3016 3017/3017 3018/3018
f 3018/3018 3017/3017 3019/3019
f 3019/3019 3017/3017 3020/3020
f 3019/3019 3020/3020 3021/3021
f 3021/3021 3020/3020 3022/3022
f 3022/3022 3020/3020 3023/3023
f 3022/3022 3023/3023 3024/3024
f 3020/3020 3025/3025 3023/3023
f 3022/3022 3024/3024 3026/3026
f 3026/3026 3024/3024 3027/3027
f 3026/3026 3027/3027 3028/3028
f 3028/3028 3027/3027 3029/3029
f 3028/3028 3029/3029 3030/3030
f 3030/3030 3029/3029 3031/3031
f 3030/3030 3031/3031 3032/3032
f 3032/3032 3031/3031 3033/3033
f 3032/3032 3033/3033 3034/3034
f 3034/3034 3033/3033 3035/3035
f 3034/3034 3035/3035 3036/3036
f 3036/3036 3035/3035 3037/3037
f 3036/3036 3037/3037 3038/3038
f 3036/3036 3038/3038 3039/3039
f 3039/3039 3038/3038 3040/3040
f 3039/3039 3040/3040 3041/3041
f 3041/3041 3040/3040 3042/3042
f 3041/3041 3042/3042 3043/3043
f 3041/3041 3043/3043 3044/3044
f 3044/3044 3043/3043 3011/3011
f 3044/3044 3011/3011 3013/3013
f 3045/3045 3046/3046 3047/3047
f 3047/3047 3046/3046 3048/3048
f 3047/3047 3048/3048 3049/3049
f 3047/3047 3049/3049 3050/3050
f 3050/3050 3049/3049 3051/3051
f 3050/3050 3051/3051 3052/3052
f 3052/3052 3051/3051 3053/3053
f 3053/3053 3051/3051 3054/3054
f 3054/3054 3051/3051 3055/3055
f 3054/3054 3055/3055 3056/3056
f 3056/3056 3055/3055 3057/3057
f 3057/3057 3055/3055 3058/3058
f 3058/3058 3055/3055 3059/3059
f 3058/3058 3059/3059 3060/3060
f 3060/3060 3059/3059 3061/3061
f 3061/3061 3059/3059 3062/3062
f 3061/3061 3062/3062 3063/3063
f 3063/3063 3062/3062 3064/3064
f 3063/3063 3064/3064 3065/3065
f 3065/3065 3064/3064 3066/3066
f 3066/3066 3064/3064 3067/3067
f 3066/3066 3067/3067 3068/3068
f 3068/3068 3067/3067 3069/3069
f 3068/3068 3069/3069 3070/3070
f 3070/3070 3069/3069 3071/3071
f 3071/3071 3069/3069 3072/3072
f 3071/3071 3072/3072 3073/3073
f 3073/3073 3072/3072 3074/3074
f 3074/3074 3072/3072 3075/3075
f 3074/3074 3075/3075 3076/3076
f 3076/3076 3075/3075 3077/3077
f 3077/3077 3075/3075 3078/3078
f 3077/3077 3078/3078 3079/3079
f 3079/3079 3078/3078 3080/3080
f 3080/3080 3078/3078 3081/3081
f 3080/3080 3081/3081 3082/3082
f 3082/3082 3081/3081 3083/3083
f 3083/3083 3081/3081 3084/3084
f 3083/3083 3084/3084 3085/3085
f 3085/3085 3084/3084 3086/3086
f 3086/3086 3084/3084 3087/3087
f 3086/3086 3087/3087 3088/3088
f 3088/3088 3087/3087 3089/3089
f 3089/3089 3087/3087 3090/3090
f 3090/3090 3087/3087 3091/3091
f 3091/3091 3087/3087 3092/3092
f 3092/3092 3087/3087 3093/3093
f 3093/3093 3087/3087 3094/3094
f 3094/3094 3087/3087 3095/3095
f 3095/3095 3087/3087 3096/3096
f 3097/3097 3098/3098 3099/3099
f 3099/3099 3098/3098 3100/3100
f 3099/3099 3100/3100 3101/3101
f 3101/3101 3100/3100 3102/3102
f 3101/3101 3102/3102 3103/3103
f 3103/3103 3102/3102 3104/3104
f 3103/3103 3104/3104 3105/3105
f 3105/3105 3104/3104 3106/3106
f 3105/3105 3106/3106 3107/3107
f 3107/3107 3106/3106 3108/3108
f 3107/3107 3108/3108 3109/3109
f 3109/3109 3108/3108 3110/3110
f 3109/3109 3110/3110 3111/3111
f 3111/3111 3110/3110 3112/3112
f 3111/3111 3112/3112 3113/3113
f 3113/3113 3112/3112 3114/3114
f 3114/3114 3112/3112 3115/3115
f 3114/3114 3115/3115 3116/3116
f 3116/3116 3115/3115 3117/3117
f 3116/3116 3117/3117 3118/3118
f 3118/3118 3117/3117 3119/3119
f 3119/3119 3117/3117 3120/3120
f 3119/3119 3120/3120 3121/3121
f 3121/3121 3120/3120 3122/3122
f 3121/3121 3122/3122 3123/3123
f 3123/3123 3122/3122 3124/3124
f 3124/3124 3122/3122 3125/3125
f 3124/3124 3125/3125 3126/3126
f 3127/3127 3128/3128 3098/3098
f 3098/3098 3128/3128 3129/3129
f 3098/3098 3129/3129 3100/3100
f 3124/3124 3126/3126 3127/3127
f 3127/3127 3126/3126 3130/3130
f 3127/3127 3130/3130 3128/3128
f 3131/3131 3132/3132 3133/3133
f 3133/3133 3132/3132 3134/3134
f 3133/3133 3134/3134 3135/3135
f 3135/3135 3134/3134 3136/3136
f 3135/3135 3136/3136 3137/3137
f 3137/3137 3136/3136 3138/3138
f 3137/3137 3138/3138 3139/3139
f 3139/3139 3138/3138 3140/3140
f 3139/3139 3140/3140 3141/3141
f 3141/3141 3140/3140 3142/3142
f 3143/3143 3144/3144 3145/3145
f 3145/3145 3144/3144 3146/3146
f 3145/3145 3146/3146 3147/3147
f 3147/3147 3146/3146 3148/3148
f 3147/3147 3148/3148 3149/3149
f 3149/3149 3148/3148 3150/3150
f 3149/3149 3150/3150 3151/3151
f 3151/3151 3150/3150 3152/3152
f 3151/3151 3152/3152 3153/3153
f 3153/3153 3152/3152 3154/3154
f 3155/3155 3156/3156 3157/3157
f 3157/3157 3156/3156 3158/3158
f 3157/3157 3158/3158 3159/3159
f 3159/3159 3158/3158 3160/3160
f 3159/3159 3160/3160 3161/3161
f 3161/3161 3160/3160 3162/3162
f 3161/3161 3162/3162 3163/3163
f 3163/3163 3162/3162 3164/3164
f 3163/3163 3164/3164 3165/3165
f 3165/3165 3164/3164 3166/3166
f 3167/3167 3168/3168 3169/3169
f 3169/3169 3168/3168 3170/3170
f 3169/3169 3170/3170 3171/3171
f 3171/3171 3170/3170 3172/3172
f 3171/3171 3172/3172 3173/3173
f 3173/3173 3172/3172 3174/3174
f 3173/3173 3174/3174 3175/3175
f 3175/3175 3174/3174 3176/3176
f 3175/3175 3176/3176 3177/3177
f 3177/3177 3176/3176 3178/3178
f 3179/3179 3180/3180 3181/3181
f 3181/3181 3180/3180 3182/3182
f 3181/3181 3182/3182 3183/3183
f 3183/3183 3182/3182 3184/3184
f 3183/3183 3184/3184 3185/3185
f 3185/3185 3184/3184 3186/3186
f 3185/3185 3186/3186 3187/3187
f 3187/3187 3186/3186 3188/3188
f 3187/3187 3188/3188 3189/3189
f 3189/3189 3188/3188 3190/3190
f 3189/3189 3190/3190 3191/3191
f 3191/3191 3190/3190 3192/3192
f 3191/3191 3192/3192 3193/3193
f 3193/3193 3192/3192 3194/3194
f 3193/3193 3194/3194 3195/3195
f 3195/3195 3194/3194 3196/3196
f 3195/3195 3196/3196 3197/3197
f 3197/3197 3196/3196 3198/3198
f 3197/3197 3198/3198 3199/3199
f 3199/3199 3198/3198 3200/3200
f 3199/3199 3200/3200 3201/3201
f 3201/3201 3200/3200 3202/3202
f 3201/3201 3202/3202 3203/3203
f 3179/3179 3204/3204 3180/3180
f 3205/3205 3206/3206 3207/3207
f 3207/3207 3206/3206 3208/3208
f 3207/3207 3208/3208 3209/3209
f 3209/3209 3208/3208 3210/3210
f 3209/3209 3210/3210 3211/3211
f 3211/3211 3210/3210 3212/3212
f 3211/3211 3212/3212 3213/3213
f 3213/3213 3212/3212 3214/3214
f 3213/3213 3214/3214 3215/3215
f 3215/3215 3214/3214 3216/3216
f 3215/3215 3216/3216 3217/3217
f 3217/3217 3216/3216 3218/3218
f 3217/3217 3218/3218 3219/3219
f 3219/3219 3218/3218 3220/3220
f 3219/3219 3220/3220 3221/3221
f 3221/3221 3220/3220 3222/3222
f 3221/3221 3222/3222 3223/3223
f 3223/3223 3222/3222 3224/3224
f 3223/3223 3224/3224 3225/3225
f 3225/3225 3224/3224 3226/3226
f 3225/3225 3226/3226 3227/3227
f 3227/3227 3226/3226 3228/3228
f 3227/3227 3228/3228 3229/3229
f 3205/3205 3230/3230 3206/3206
f 3231/3231 3232/3232 3233/3233
f 3233/3233 3232/3232 3234/3234
f 3233/3233 3234/3234 3235/3235
f 3235/3235 3234/3234 3236/3236
f 3235/3235 3236/3236 3237/3237
f 3237/3237 3236/3236 3238/3238
f 3237/3237 3238/3238 3239/3239
f 3239/3239 3238/3238 3240/3240
f 3239/3239 3240/3240 3241/3241
f 3241/3241 3240/3240 3242/3242
f 3241/3241 3242/3242 3243/3243
f 3243/3243 3242/3242 3244/3244
f 3243/3243 3244/3244 3245/3245
f 3245/3245 3244/3244 3246/3246
f 3245/3245 3246/3246 3247/3247
f 3247/3247 3246/3246 3248/3248
f 3247/3247 3248/3248 3249/3249
f 3249/3249 3248/3248 3250/3250
f 3249/3249 3250/3250 3251/3251
f 3251/3251 3250/3250 3252/3252
f 3251/3251 3252/3252 3253/3253
f 3253/3253 3252/3252 3254/3254
f 3253/3253 3254/3254 3255/3255
f 3231/3231 3256/3256 3232/3232
f 3257/3257 3258/3258 3259/3259
f 3259/3259 3258/3258 3260/3260
f 3259/3259 3260/3260 3261/3261
f 3261/3261 3260/3260 3262/3262
f 3261/3261 3262/3262 3263/3263
f 3263/3263 3262/3262 3264/3264
f 3263/3263 3264/3264 3265/3265
f 3265/3265 3264/3264 3266/3266
f 3265/3265 3266/3266 3267/3267
f 3267/3267 3266/3266 3268/3268
f 3267/3267 3268/3268 3269/3269
f 3269/3269 3268/3268 3270/3270
f 3269/3269 3270/3270 3271/3271
f 3271/3271 3270/3270 3272/3272
f 3271/3271 3272/3272 3273/3273
f 3273/3273 3272/3272 3274/3274
f 3273/3273 3274/3274 3275/3275
f 3275/3275 3274/3274 3276/3276
f 3275/3275 3276/3276 3277/3277
f 3277/3277 3276/3276 3278/3278
f 3277/3277 3278/3278 3279/3279
f 3279/3279 3278/3278 3280/3280
f 3279/3279 3280/3280 3281/3281
f 3257/3257 3282/3282 3258/3258
f 3283/3283 3284/3284 3285/3285
f 3285/3285 3284/3284 3286/3286
f 3285/3285 3286/3286 3287/3287
f 3287/3287 3286/3286 3288/3288
f 3287/3287 3288/3288 3289/3289
f 3289/3289 3288/3288 3290/3290
f 3289/3289 3290/3290 3291/3291
f 3291/3291 3290/3290 3292/3292
f 3292/3292 3290/3290 3293/3293
f 3292/3292 3293/3293 3294/3294
f 3294/3294 3293/3293 3295/3295
f 3295/3295 3293/3293 3296/3296
f 3296/3296 3293/3293 3297/3297
f 3296/3296 3297/3297 3298/3298
f 3298/3298 3297/3297 3299/3299
f 3298/3298 3299/3299 3300/3300
f 3284/3284 3283/3283 3301/3301
f 3301/3301 3283/3283 3302/3302
f 3301/3301 3302/3302 3303/3303
f 3303/3303 3302/3302 3304/3304
f 3303/3303 3304/3304 3305/3305
f 3305/3305 3304/3304 3306/3306
f 3305/3305 3306/3306 3307/3307
f 3307/3307 3306/3306 3308/3308
f 3307/3307 3308/3308 3309/3309
f 3309/3309 3308/3308 3310/3310
f 3310/3310 3308/3308 3311/3311
f 3310/3310 3311/3311 3312/3312
f 3312/3312 3311/3311 3313/3313
f 3312/3312 3313/3313 3314/3314
f 3314/3314 3313/3313 3315/3315
f 3314/3314 3315/3315 3316/3316
f 3316/3316 3317/3317 3314/3314
f 3314/3314 3317/3317 3318/3318
f 3314/3314 3318/3318 3319/3319
f 3319/3319 3318/3318 3320/3320
f 3319/3319 3320/3320 3288/3288
f 3288/3288 3320/3320 3321/3321
f 3288/3288 3321/3321 3322/3322
f 3322/3322 3321/3321 3323/3323
f 3322/3322 3323/3323 3324/3324
f 3324/3324 3323/3323 3325/3325
f 3324/3324 3325/3325 3326/3326
f 3326/3326 3325/3325 3327/3327
f 3326/3326 3327/3327 3328/3328
f 3328/3328 3327/3327 3329/3329
f 3328/3328 3329/3329 3330/3330
f 3330/3330 3329/3329 3331/3331
f 3331/3331 3329/3329 3332/3332
f 3318/3318 3317/3317 3333/3333
f 3333/3333 3317/3317 3334/3334
f 3333/3333 3334/3334 3335/3335
f 3333/3333 3335/3335 3336/3336
f 3336/3336 3335/3335 3337/3337
f 3336/3336 3337/3337 3338/3338
f 3338/3338 3337/3337 3339/3339
f 3338/3338 3339/3339 3340/3340
f 3340/3340 3339/3339 3341/3341
f 3340/3340 3341/3341 3342/3342
f 3342/3342 3341/3341 3343/3343
f 3343/3343 3341/3341 3344/3344
f 3343/3343 3344/3344 3345/3345
f 3345/3345 3344/3344 3346/3346
f 3346/3346 3344/3344 3347/3347
f 3346/3346 3347/3347 3348/3348
f 3348/3348 3347/3347 3349/3349
f 3349/3349 3347/3347 3350/3350
f 3348/3348 3351/3351 3346/3346
f 3346/3346 3351/3351 3352/3352
f 3352/3352 3351/3351 3353/3353
f 3352/3352 3353/3353 3354/3354
f 3354/3354 3353/3353 3321/3321
f 3354/3354 3321/3321 3320/3320
f 3328/3328 3330/3330 3355/3355
f 3355/3355 3330/3330 3356/3356
f 3355/3355 3356/3356 3357/3357
f 3357/3357 3356/3356 3358/3358
f 3357/3357 3358/3358 3359/3359
f 3359/3359 3358/3358 3300/3300
f 3300/3300 3358/3358 3298/3298
f 3294/3294 3360/3360 3292/3292
f 3292/3292 3360/3360 3361/3361
f 3361/3361 3360/3360 3362/3362
f 3361/3361 3362/3362 3363/3363
f 3361/3361 3363/3363 3364/3364
f 3364/3364 3363/3363 3365/3365
f 3364/3364 3365/3365 3366/3366
f 3366/3366 3365/3365 3367/3367
f 3367/3367 3365/3365 3368/3368
f 3367/3367 3368/3368 3369/3369
f 3369/3369 3368/3368 3370/3370
f 3370/3370 3368/3368 3371/3371
f 3370/3370 3371/3371 3372/3372
f 3372/3372 3371/3371 3373/3373
f 3372/3372 3373/3373 3374/3374
f 3374/3374 3373/3373 3375/3375
f 3374/3374 3375/3375 3376/3376
f 3374/3374 3376/3376 3377/3377
f 3377/3377 3376/3376 3378/3378
f 3377/3377 3378/3378 3379/3379
f 3377/3377 3379/3379 3380/3380
f 3380/3380 3379/3379 3381/3381
f 3380/3380 3381/3381 3289/3289
f 3322/3322 3290/3290 3288/3288
f 3291/3291 3380/3380 3289/3289
f 3382/3382 3383/3383 3384/3384
f 3384/3384 3383/3383 3385/3385
f 3384/3384 3385/3385 3386/3386
f 3386/3386 3385/3385 3387/3387
f 3386/3386 3387/3387 3388/3388
f 3388/3388 3387/3387 3389/3389
f 3388/3388 3389/3389 3390/3390
f 3390/3390 3389/3389 3391/3391
f 3390/3390 3391/3391 3392/3392
f 3383/3383 3382/3382 3393/3393
f 3393/3393 3382/3382 3394/3394
f 3393/3393 3394/3394 3395/3395
f 3395/3395 3394/3394 3396/3396
f 3395/3395 3396/3396 3397/3397
f 3398/3398 3399/3399 3400/3400
f 3400/3400 3399/3399 3401/3401
f 3400/3400 3401/3401 3402/3402
f 3402/3402 3401/3401 3403/3403
f 3402/3402 3403/3403 3404/3404
f 3404/3404 3403/3403 3405/3405
f 3404/3404 3405/3405 3406/3406
f 3406/3406 3405/3405 3407/3407
f 3406/3406 3407/3407 3408/3408
f 3408/3408 3407/3407 3409/3409
f 3408/3408 3409/3409 3410/3410
f 3410/3410 3409/3409 3411/3411
f 3410/3410 3411/3411 3412/3412
f 3412/3412 3411/3411 3413/3413
f 3412/3412 3413/3413 3414/3414
f 3414/3414 3413/3413 3415/3415
f 3415/3415 3413/3413 3416/3416
f 3417/3417 3418/3418 3419/3419
f 3419/3419 3418/3418 3420/3420
f 3419/3419 3420/3420 3421/3421
f 3399/3399 3398/3398 3422/3422
f 3422/3422 3398/3398 3423/3423
f 3422/3422 3423/3423 3424/3424
f 3424/3424 3423/3423 3425/3425
f 3424/3424 3425/3425 3426/3426
f 3426/3426 3425/3425 3427/3427
f 3426/3426 3427/3427 3428/3428
f 3428/3428 3427/3427 3429/3429
f 3428/3428 3429/3429 3430/3430
f 3430/3430 3429/3429 3431/3431
f 3430/3430 3431/3431 3421/3421
f 3421/3421 3431/3431 3419/3419
f 3432/3432 3433/3433 3434/3434
f 3434/3434 3433/3433 3435/3435
f 3434/3434 3435/3435 3436/3436
f 3436/3436 3435/3435 3437/3437
f 3436/3436 3437/3437 3438/3438
f 3438/3438 3437/3437 3439/3439
f 3438/3438 3439/3439 3440/3440
f 3440/3440 3439/3439 3441/3441
f 3440/3440 3441/3441 3442/3442
f 3433/3433 3432/3432 3443/3443
f 3443/3443 3432/3432 3444/3444
f 3443/3443 3444/3444 3445/3445
f 3445/3445 3444/3444 3446/3446
f 3445/3445 3446/3446 3447/3447
f 3448/3448 3449/3449 3450/3450
f 3450/3450 3449/3449 3451/3451
f 3450/3450 3451/3451 3452/3452
f 3452/3452 3451/3451 3453/3453
f 3452/3452 3453/3453 3454/3454
f 3454/3454 3453/3453 3455/3455
f 3454/3454 3455/3455 3456/3456
f 3456/3456 3455/3455 3457/3457
f 3456/3456 3457/3457 3458/3458
f 3458/3458 3457/3457 3459/3459
f 3458/3458 3459/3459 3460/3460
f 3460/3460 3459/3459 3461/3461
f 3460/3460 3461/3461 3462/3462
f 3462/3462 3461/3461 3463/3463
f 3462/3462 3463/3463 3464/3464
f 3464/3464 3463/3463 3465/3465
f 3465/3465 3463/3463 3466/3466
f 3467/3467 3468/3468 3469/3469
f 3469/3469 3468/3468 3470/3470
f 3469/3469 3470/3470 3471/3471
f 3449/3449 3448/3448 3472/3472
f 3472/3472 3448/3448 3473/3473
f 3472/3472 3473/3473 3474/3474
f 3474/3474 3473/3473 3475/3475
f 3474/3474 3475/3475 3476/3476
f 3476/3476 3475/3475 3477/3477
f 3476/3476 3477/3477 3478/3478
f 3478/3478 3477/3477 3479/3479
f 3478/3478 3479/3479 3480/3480
f 3480/3480 3479/3479 3481/3481
f 3480/3480 3481/3481 3471/3471
f 3471/3471 3481/3481 3469/3469
f 3482/3482 3483/3483 3484/3484
f 3484/3484 3483/3483 3485/3485
f 3484/3484 3485/3485 3486/3486
f 3486/3486 3485/3485 3487/3487
f 3486/3486 3487/3487 3488/3488
f 3488/3488 3487/3487 3489/3489
f 3488/3488 3489/3489 3490/3490
f 3490/3490 3489/3489 3491/3491
f 3490/3490 3491/3491 3492/3492
f 3483/3483 3482/3482 3493/3493
f 3493/3493 3482/3482 3494/3494
f 3493/3493 3494/3494 3495/3495
f 3495/3495 3494/3494 3496/3496
f 3495/3495 3496/3496 3497/3497
f 3498/3498 3499/3499 3500/3500
f 3500/3500 3499/3499 3501/3501
f 3500/3500 3501/3501 3502/3502
f 3502/3502 3501/3501 3503/3503
f 3502/3502 3503/3503 3504/3504
f 3504/3504 3503/3503 3505/3505
f 3504/3504 3505/3505 3506/3506
f 3506/3506 3505/3505 3507/3507
f 3506/3506 3507/3507 3508/3508
f 3508/3508 3507/3507 3509/3509
f 3508/3508 3509/3509 3510/3510
f 3510/3510 3509/3509 3511/3511
f 3510/3510 3511/3511 3512/3512
f 3512/3512 3511/3511 3513/3513
f 3512/3512 3513/3513 3514/3514
f 3514/3514 3513/3513 3515/3515
f 3515/3515 3513/3513 3516/3516
f 3517/3517 3518/3518 3519/3519
f 3519/3519 3518/3518 3520/3520
f 3519/3519 3520/3520 3521/3521
f 3499/3499 3498/3498 3522/3522
f 3522/3522 3498/3498 3523/3523
f 3522/3522 3523/3523 3524/3524
f 3524/3524 3523/3523 3525/3525
f 3524/3524 3525/3525 3526/3526
f 3526/3526 3525/3525 3527/3527
f 3526/3526 3527/3527 3528/3528
f 3528/3528 3527/3527 3529/3529
f 3528/3528 3529/3529 3530/3530
f 3530/3530 3529/3529 3531/3531
f 3530/3530 3531/3531 3521/3521
f 3521/3521 3531/3531 3519/3519
f 3532/3532 3533/3533 3534/3534
f 3534/3534 3533/3533 3535/3535
f 3534/3534 3535/3535 3536/3536
f 3536/3536 3535/3535 3537/3537
f 3536/3536 3537/3537 3538/3538
f 3538/3538 3537/3537 3539/3539
f 3538/3538 3539/3539 3540/3540
f 3540/3540 3539/3539 3541/3541
f 3540/3540 3541/3541 3542/3542
f 3533/3533 3532/3532 3543/3543
f 3543/3543 3532/3532 3544/3544
f 3543/3543 3544/3544 3545/3545
f 3545/3545 3544/3544 3546/3546
f 3545/3545 3546/3546 3547/3547
f 3548/3548 3549/3549 3550/3550
f 3550/3550 3549/3549 3551/3551
f 3550/3550 3551/3551 3552/3552
f 3552/3552 3551/3551 3553/3553
f 3552/3552 3553/3553 3554/3554
f 3554/3554 3553/3553 3555/3555
f 3554/3554 3555/3555 3556/3556
f 3556/3556 3555/3555 3557/3557
f 3556/3556 3557/3557 3558/3558
f 3558/3558 3557/3557 3559/3559
f 3558/3558 3559/3559 3560/3560
f 3560/3560 3559/3559 3561/3561
f 3560/3560 3561/3561 3562/3562
f 3562/3562 3561/3561 3563/3563
f 3562/3562 3563/3563 3564/3564
f 3564/3564 3563/3563 3565/3565
f 3565/3565 3563/3563 3566/3566
f 3567/3567 3568/3568 3569/3569
f 3569/3569 3568/3568 3570/3570
f 3569/3569 3570/3570 3571/3571
f 3549/3549 3548/3548 3572/3572
f 3572/3572 3548/3548 3573/3573
f 3572/3572 3573/3573 3574/3574
f 3574/3574 3573/3573 3575/3575
f 3574/3574 3575/3575 3576/3576
f 3576/3576 3575/3575 3577/3577
f 3576/3576 3577/3577 3578/3578
f 3578/3578 3577/3577 3579/3579
f 3578/3578 3579/3579 3580/3580
f 3580/3580 3579/3579 3581/3581
f 3580/3580 3581/3581 3571/3571
f 3571/3571 3581/3581 3569/3569
f 3582/3582 3583/3583 3584/3584
f 3584/3584 3583/3583 3585/3585
f 3584/3584 3585/3585 3586/3586
f 3586/3586 3585/3585 3587/3587
f 3586/3586 3587/3587 3588/3588
f 3588/3588 3587/3587 3589/3589
f 3588/3588 3589/3589 3590/3590
f 3590/3590 3589/3589 3591/3591
f 3590/3590 3591/3591 3592/3592
f 3583/3583 3582/3582 3593/3593
f 3593/3593 3582/3582 3594/3594
f 3593/3593 3594/3594 3595/3595
f 3595/3595 3594/3594 3596/3596
f 3595/3595 3596/3596 3597/3597
f 3598/3598 3599/3599 3600/3600
f 3600/3600 3599/3599 3601/3601
f 3600/3600 3601/3601 3602/3602
f 3602/3602 3601/3601 3603/3603
f 3602/3602 3603/3603 3604/3604
f 3604/3604 3603/3603 3605/3605
f 3604/3604 3605/3605 3606/3606
f 3606/3606 3605/3605 3607/3607
f 3606/3606 3607/3607 3608/3608
f 3608/3608 3607/3607 3609/3609
f 3608/3608 3609/3609 3610/3610
f 3610/3610 3609/3609 3611/3611
f 3610/3610 3611/3611 3612/3612
f 3612/3612 3611/3611 3613/3613
f 3612/3612 3613/3613 3614/3614
f 3614/3614 3613/3613 3615/3615
f 3615/3615 3613/3613 3616/3616
f 3617/3617 3618/3618 3619/3619
f 3619/3619 3618/3618 3620/3620
f 3619/3619 3620/3620 3621/3621
f 3599/3599 3598/3598 3622/3622
f 3622/3622 3598/3598 3623/3623
f 3622/3622 3623/3623 3624/3624
f 3624/3624 3623/3623 3625/3625
f 3624/3624 3625/3625 3626/3626
f 3626/3626 3625/3625 3627/3627
f 3626/3626 3627/3627 3628/3628
f 3628/3628 3627/3627 3629/3629
f 3628/3628 3629/3629 3630/3630
f 3630/3630 3629/3629 3631/3631
f 3630/3630 3631/3631 3621/3621
f 3621/3621 3631/3631 3619/3619
f 3632/3632 3633/3633 3634/3634
f 3634/3634 3633/3633 3635/3635
f 3634/3634 3635/3635 3636/3636
f 3636/3636 3635/3635 3637/3637
f 3636/3636 3637/3637 3638/3638
f 3638/3638 3637/3637 3639/3639
f 3638/3638 3639/3639 3640/3640
f 3640/3640 3639/3639 3641/3641
f 3640/3640 3641/3641 3642/3642
f 3633/3633 3632/3632 3643/3643
f 3643/3643 3632/3632 3644/3644
f 3643/3643 3644/3644 3645/3645
f 3645/3645 3644/3644 3646/3646
f 3645/3645 3646/3646 3647/3647
f 3648/3648 3649/3649 3650/3650
f 3650/3650 3649/3649 3651/3651
f 3650/3650 3651/3651 3652/3652
f 3652/3652 3651/3651 3653/3653
f 3652/3652 3653/3653 3654/3654
f 3654/3654 3653/3653 3655/3655
f 3654/3654 3655/3655 3656/3656
f 3656/3656 3655/3655 3657/3657
f 3656/3656 3657/3657 3658/3658
f 3658/3658 3657/3657 3659/3659
f 3658/3658 3659/3659 3660/3660
f 3660/3660 3659/3659 3661/3661
f 3660/3660 3661/3661 3662/3662
f 3662/3662 3661/3661 3663/3663
f 3662/3662 3663/3663 3664/3664
f 3664/3664 3663/3663 3665/3665
f 3665/3665 3663/3663 3666/3666
f 3667/3667 3668/3668 3669/3669
f 3669/3669 3668/3668 3670/3670
f 3669/3669 3670/3670 3671/3671
f 3649/3649 3648/3648 3672/3672
f 3672/3672 3648/3648 3673/3673
f 3672/3672 3673/3673 3674/3674
f 3674/3674 3673/3673 3675/3675
f 3674/3674 3675/3675 3676/3676
f 3676/3676 3675/3675 3677/3677
f 3676/3676 3677/3677 3678/3678
f 3678/3678 3677/3677 3679/3679
f 3678/3678 3679/3679 3680/3680
f 3680/3680 3679/3679 3681/3681
f 3680/3680 3681/3681 3671/3671
f 3671/3671 3681/3681 3669/3669
f 3682/3682 3683/3683 3684/3684
f 3684/3684 3683/3683 3685/3685
f 3684/3684 3685/3685 3686/3686
f 3686/3686 3685/3685 3687/3687
f 3686/3686 3687/3687 3688/3688
f 3688/3688 3687/3687 3689/3689
f 3688/3688 3689/3689 3690/3690
f 3690/3690 3689/3689 3691/3691
f 3690/3690 3691/3691 3692/3692
f 3683/3683 3682/3682 3693/3693
f 3693/3693 3682/3682 3694/3694
f 3693/3693 3694/3694 3695/3695
f 3695/3695 3694/3694 3696/3696
f 3695/3695 3696/3696 3697/3697
f 3698/3698 3699/3699 3700/3700
f 3700/3700 3699/3699 3701/3701
f 3700/3700 3701/3701 3702/3702
f 3702/3702 3701/3701 3703/3703
f 3702/3702 3703/3703 3704/3704
f 3704/3704 3703/3703 3705/3705
f 3704/3704 3705/3705 3706/3706
f 3706/3706 3705/3705 3707/3707
f 3706/3706 3707/3707 3708/3708
f 3708/3708 3707/3707 3709/3709
f 3708/3708 3709/3709 3710/3710
f 3710/3710 3709/3709 3711/3711
f 3710/3710 3711/3711 3712/3712
f 3712/3712 3711/3711 3713/3713
f 3712/3712 3713/3713 3714/3714
f 3714/3714 3713/3713 3715/3715
f 3715/3715 3713/3713 3716/3716
f 3717/3717 3718/3718 3719/3719
f 3719/3719 3718/3718 3720/3720
f 3719/3719 3720/3720 3721/3721
f 3699/3699 3698/3698 3722/3722
f 3722/3722 3698/3698 3723/3723
f 3722/3722 3723/3723 3724/3724
f 3724/3724 3723/3723 3725/3725
f 3724/3724 3725/3725 3726/3726
f 3726/3726 3725/3725 3727/3727
f 3726/3726 3727/3727 3728/3728
f 3728/3728 3727/3727 3729/3729
f 3728/3728 3729/3729 3730/3730
f 3730/3730 3729/3729 3731/3731
f 3730/3730 3731/3731 3721/3721
f 3721/3721 3731/3731 3719/3719
f 3732/3732 3733/3733 3734/3734
f 3734/3734 3733/3733 3735/3735
f 3734/3734 3735/3735 3736/3736
f 3736/3736 3735/3735 3737/3737
f 3736/3736 3737/3737 3738/3738
f 3738/3738 3737/3737 3739/3739
f 3738/3738 3739/3739 3740/3740
f 3740/3740 3739/3739 3741/3741
f 3740/3740 3741/3741 3742/3742
f 3733/3733 3732/3732 3743/3743
f 3743/3743 3732/3732 3744/3744
f 3743/3743 3744/3744 3745/3745
f 3745/3745 3744/3744 3746/3746
f 3745/3745 3746/3746 3747/3747
f 3748/3748 3749/3749 3750/3750
f 3750/3750 3749/3749 3751/3751
f 3750/3750 3751/3751 3752/3752
f 3752/3752 3751/3751 3753/3753
f 3752/3752 3753/3753 3754/3754
f 3754/3754 3753/3753 3755/3755
f 3754/3754 3755/3755 3756/3756
f 3756/3756 3755/3755 3757/3757
f 3756/3756 3757/3757 3758/3758
f 3758/3758 3757/3757 3759/3759
f 3758/3758 3759/3759 3760/3760
f 3760/3760 3759/3759 3761/3761
f 3760/3760 3761/3761 3762/3762
f 3762/3762 3761/3761 3763/3763
f 3762/3762 3763/3763 3764/3764
f 3764/3764 3763/3763 3765/3765
f 3765/3765 3763/3763 3766/3766
f 3767/3767 3768/3768 3769/3769
f 3769/3769 3768/3768 3770/3770
f 3769/3769 3770/3770 3771/3771
f 3749/3749 3748/3748 3772/3772
f 3772/3772 3748/3748 3773/3773
f 3772/3772 3773/3773 3774/3774
f 3774/3774 3773/3773 3775/3775
f 3774/3774 3775/3775 3776/3776
f 3776/3776 3775/3775 3777/3777
f 3776/3776 3777/3777 3778/3778
f 3778/3778 3777/3777 3779/3779
f 3778/3778 3779/3779 3780/3780
f 3780/3780 3779/3779 3781/3781
f 3780/3780 3781/3781 3771/3771
f 3771/3771 3781/3781 3769/3769
f 3782/3782 3783/3783 3784/3784
f 3784/3784 3783/3783 3785/3785
f 3784/3784 3785/3785 3786/3786
f 3786/3786 3785/3785 3787/3787
f 3786/3786 3787/3787 3788/3788
f 3788/3788 3787/3787 3789/3789
f 3788/3788 3789/3789 3790/3790
f 3790/3790 3789/3789 3791/3791
f 3790/3790 3791/3791 3792/3792
f 3792/3792 3791/3791 3793/3793
f 3792/3792 3793/3793 3794/3794
f 3794/3794 3793/3793 3795/3795
f 3794/3794 3795/3795 3796/3796
f 3796/3796 3795/3795 3797/3797
f 3796/3796 3797/3797 3798/3798
f 3798/3798 3797/3797 3799/3799
f 3798/3798 3799/3799 3800/3800
f 3800/3800 3799/3799 3801/3801
f 3800/3800 3801/3801 3802/3802
f 3802/3802 3801/3801 3803/3803
f 3802/3802 3803/3803 3804/3804
f 3804/3804 3803/3803 3805/3805
f 3804/3804 3805/3805 3806/3806
f 3806/3806 3805/3805 3807/3807
f 3806/3806 3807/3807 3808/3808
f 3808/3808 3807/3807 3809/3809
f 3808/3808 3809/3809 3810/3810
f 3810/3810 3809/3809 3811/3811
f 3810/3810 3811/3811 3812/3812
f 3812/3812 3811/3811 3813/3813
f 3812/3812 3813/3813 3814/3814
f 3814/3814 3813/3813 3815/3815
f 3814/3814 3815/3815 3816/3816
f 3816/3816 3815/3815 3817/3817
f 3816/3816 3817/3817 3818/3818
f 3818/3818 3817/3817 3819/3819
f 3819/3819 3817/3817 3820/3820
f 3819/3819 3820/3820 3821/3821
f 3821/3821 3820/3820 3822/3822
f 3821/3821 3822/3822 3823/3823
f 3823/3823 3822/3822 3824/3824
f 3823/3823 3824/3824 3825/3825
f 3825/3825 3824/3824 3826/3826
f 3825/3825 3826/3826 3827/3827
f 3827/3827 3826/3826 3828/3828
f 3827/3827 3828/3828 3829/3829
f 3829/3829 3828/3828 3830/3830
f 3829/3829 3830/3830 3831/3831
f 3831/3831 3830/3830 3832/3832
f 3831/3831 3832/3832 3833/3833
f 3833/3833 3832/3832 3834/3834
f 3833/3833 3834/3834 3835/3835
f 3835/3835 3834/3834 3836/3836
f 3835/3835 3836/3836 3837/3837
f 3837/3837 3836/3836 3838/3838
f 3837/3837 3838/3838 3839/3839
f 3839/3839 3838/3838 3840/3840
f 3839/3839 3840/3840 3841/3841
f 3841/3841 3840/3840 3842/3842
f 3841/3841 3842/3842 3843/3843
f 3843/3843 3842/3842 3844/3844
f 3843/3843 3844/3844 3845/3845
f 3845/3845 3844/3844 3846/3846
f 3845/3845 3846/3846 3847/3847
f 3847/3847 3846/3846 3848/3848
f 3847/3847 3848/3848 3849/3849
f 3849/3849 3848/3848 3850/3850
f 3849/3849 3850/3850 3851/3851
f 3851/3851 3850/3850 3852/3852
f 3851/3851 3852/3852 3853/3853
f 3853/3853 3852/3852 3783/3783
f 3853/3853 3783/3783 3782/3782
f 3854/3854 3855/3855 3856/3856
f 3856/3856 3855/3855 3857/3857
f 3856/3856 3857/3857 3858/3858
f 3858/3858 3857/3857 3859/3859
f 3858/3858 3859/3859 3860/3860
f 3860/3860 3859/3859 3861/3861
f 3860/3860 3861/3861 3862/3862
f 3862/3862 3861/3861 3863/3863
f 3863/3863 3861/3861 3864/3864
f 3863/3863 3864/3864 3865/3865
f 3865/3865 3864/3864 3866/3866
f 3866/3866 3864/3864 3867/3867
f 3866/3866 3867/3867 3868/3868
f 3868/3868 3867/3867 3869/3869
f 3868/3868 3869/3869 3870/3870
f 3870/3870 3869/3869 3871/3871
f 3870/3870 3871/3871 3872/3872
f 3872/3872 3871/3871 3873/3873
f 3872/3872 3873/3873 3874/3874
f 3874/3874 3873/3873 3875/3875
f 3874/3874 3875/3875 3876/3876
f 3876/3876 3875/3875 3877/3877
f 3876/3876 3877/3877 3878/3878
f 3878/3878 3877/3877 3879/3879
f 3878/3878 3879/3879 3880/3880
f 3880/3880 3879/3879 3881/3881
f 3880/3880 3881/3881 3882/3882
f 3882/3882 3881/3881 3883/3883
f 3882/3882 3883/3883 3884/3884
f 3884/3884 3883/3883 3885/3885
f 3884/3884 3885/3885 3886/3886
f 3886/3886 3885/3885 3887/3887
f 3886/3886 3887/3887 3888/3888
f 3888/3888 3887/3887 3889/3889
f 3888/3888 3889/3889 3890/3890
f 3890/3890 3889/3889 3891/3891
f 3892/3892 3893/3893 3894/3894
f 3894/3894 3893/3893 3895/3895
f 3894/3894 3895/3895 3896/3896
f 3896/3896 3895/3895 3897/3897
f 3896/3896 3897/3897 3898/3898
f 3898/3898 3897/3897 3899/3899
f 3898/3898 3899/3899 3900/3900
f 3900/3900 3899/3899 3901/3901
f 3900/3900 3901/3901 3902/3902
f 3902/3902 3901/3901 3903/3903
f 3902/3902 3903/3903 3904/3904
f 3904/3904 3903/3903 3905/3905
f 3904/3904 3905/3905 3906/3906
f 3906/3906 3905/3905 3907/3907
f 3906/3906 3907/3907 3908/3908
f 3908/3908 3907/3907 3909/3909
f 3909/3909 3907/3907 3910/3910
f 3909/3909 3910/3910 3911/3911
f 3911/3911 3910/3910 3912/3912
f 3911/3911 3912/3912 3913/3913
f 3913/3913 3912/3912 3914/3914
f 3913/3913 3914/3914 3915/3915
f 3915/3915 3914/3914 3916/3916
f 3915/3915 3916/3916 3917/3917
f 3917/3917 3916/3916 3918/3918
f 3917/3917 3918/3918 3919/3919
f 3919/3919 3918/3918 3920/3920
f 3919/3919 3920/3920 3921/3921
f 3921/3921 3920/3920 3922/3922
f 3921/3921 3922/3922 3923/3923
f 3923/3923 3922/3922 3924/3924
f 3923/3923 3924/3924 3925/3925
f 3925/3925 3924/3924 3926/3926
f 3925/3925 3926/3926 3927/3927
f 3927/3927 3926/3926 3928/3928
f 3927/3927 3928/3928 3929/3929
f 3929/3929 3928/3928 3855/3855
f 3929/3929 3855/3855 3854/3854
f 3888/3888 3930/3930 3886/3886
f 3931/3931 3932/3932 3933/3933
f 3933/3933 3932/3932 3934/3934
f 3933/3933 3934/3934 3935/3935
f 3935/3935 3934/3934 3936/3936
f 3935/3935 3936/3936 3937/3937
f 3937/3937 3936/3936 3938/3938
f 3937/3937 3938/3938 3939/3939
f 3939/3939 3938/3938 3940/3940
f 3939/3939 3940/3940 3941/3941
f 3941/3941 3940/3940 3942/3942
f 3943/3943 3944/3944 3945/3945
f 3945/3945 3944/3944 3946/3946
f 3945/3945 3946/3946 3947/3947
f 3947/3947 3946/3946 3948/3948
f 3947/3947 3948/3948 3949/3949
f 3949/3949 3948/3948 3950/3950
f 3949/3949 3950/3950 3951/3951
f 3951/3951 3950/3950 3952/3952
f 3951/3951 3952/3952 3953/3953
f 3953/3953 3952/3952 3954/3954
f 3955/3955 3956/3956 3957/3957
f 3957/3957 3956/3956 3958/3958
f 3957/3957 3958/3958 3959/3959
f 3957/3957 3959/3959 3960/3960
f 3960/3960 3959/3959 3961/3961
f 3960/3960 3961/3961 3962/3962
f 3962/3962 3961/3961 3963/3963
f 3963/3963 3961/3961 3964/3964
f 3965/3965 3966/3966 3967/3967
f 3967/3967 3966/3966 3968/3968
f 3967/3967 3968/3968 3969/3969
f 3969/3969 3968/3968 3970/3970
f 3969/3969 3970/3970 3971/3971
f 3969/3969 3971/3971 3972/3972
f 3972/3972 3971/3971 3973/3973
f 3972/3972 3973/3973 3974/3974
f 3974/3974 3973/3973 3975/3975
f 3974/3974 3976/3976 3972/3972
f 3972/3972 3976/3976 3977/3977
f 3972/3972 3977/3977 3978/3978
f 3978/3978 3977/3977 3979/3979
f 3978/3978 3979/3979 3980/3980
f 3980/3980 3979/3979 3981/3981
f 3980/3980 3981/3981 3982/3982
f 3982/3982 3981/3981 3983/3983
f 3982/3982 3983/3983 3984/3984
f 3984/3984 3983/3983 3985/3985
f 3984/3984 3985/3985 3986/3986
f 3987/3987 3988/3988 3989/3989
f 3989/3989 3988/3988 3990/3990
f 3989/3989 3990/3990 3991/3991
f 3991/3991 3990/3990 3992/3992
f 3991/3991 3992/3992 3993/3993
f 3993/3993 3992/3992 3994/3994
f 3995/3995 3996/3996 3997/3997
f 3997/3997 3996/3996 3998/3998
f 3997/3997 3998/3998 3999/3999
f 3999/3999 3998/3998 4000/4000
f 3999/3999 4000/4000 4001/4001
f 4001/4001 4000/4000 4002/4002
f 4001/4001 4002/4002 4003/4003
f 4003/4003 4002/4002 4004/4004
f 4003/4003 4004/4004 4005/4005
f 4005/4005 4004/4004 4006/4006
f 4005/4005 4006/4006 4007/4007
f 4007/4007 4006/4006 4008/4008
f 4007/4007 4008/4008 4009/4009
f 4009/4009 4008/4008 4010/4010
f 4011/4011 4012/4012 4013/4013
f 4013/4013 4012/4012 4014/4014
f 4013/4013 4014/4014 4015/4015
f 4015/4015 4014/4014 4016/4016
f 4015/4015 4016/4016 4017/4017
f 4017/4017 4016/4016 4018/4018
f 4019/4019 4020/4020 4021/4021
f 4021/4021 4020/4020 4022/4022
f 4021/4021 4022/4022 4023/4023
f 4023/4023 4022/4022 4024/4024
f 4024/4024 4022/4022 4025/4025
f 4024/4024 4025/4025 4026/4026
f 4026/4026 4025/4025 4027/4027
f 4027/4027 4025/4025 4028/4028
f 4028/4028 4025/4025 4029/4029
f 4029/4029 4025/4025 4030/4030
f 4030/4030 4025/4025 4031/4031
f 4031/4031 4025/4025 4032/4032
f 4032/4032 4025/4025 4033/4033
f 4019/4019 4034/4034 4020/4020
f 4020/4020 4034/4034 4035/4035

