mtllib material.mtl
usemtl material_0
v -0.04115694 0.10243899 0.08099996
v -0.03963899 0.10349197 0.08099996
v -0.03799998 0.10615796 0.08099996
v -0.03521597 0.10820199 0.08099996
v -0.03681498 0.10738695 0.08099996
v -0.03537398 0.10877795 0.08099996
v -0.03367596 0.11028797 0.08099996
v -0.03023797 0.11231995 0.08099996
v -0.03171795 0.11187298 0.08099996
v -0.02710700 0.11504496 0.08099996
v -0.02478396 0.11578095 0.08099996
v -0.02208495 0.11774797 0.08099996
v -0.01893800 0.11853195 0.08099996
v -0.01678997 0.11988700 0.08099996
v -0.01279395 0.12052799 0.08099996
v -0.01130598 0.12142796 0.08099996
v -0.00644797 0.12173898 0.08099996
v -0.00568998 0.12236095 0.08099996
v 0.00000000 0.12214494 0.08099996
v 0.00000300 0.12267399 0.08099996
v 0.00569695 0.12236000 0.08099996
v 0.00644797 0.12173898 0.08099996
v 0.01131194 0.12142695 0.08099996
v 0.01279395 0.12052799 0.08099996
v 0.01679700 0.11988396 0.08099996
v 0.01893800 0.11853195 0.08099996
v 0.02209097 0.11774499 0.08099996
v 0.02478396 0.11578095 0.08099996
v 0.02711194 0.11504198 0.08099996
v 0.03023797 0.11231995 0.08099996
v 0.03172099 0.11187095 0.08099996
v 0.03367799 0.11028594 0.08099996
v 0.03521597 0.10820199 0.08099996
v 0.03537499 0.10877699 0.08099996
v 0.03681498 0.10738695 0.08099996
v 0.03799998 0.10615796 0.08099996
v 0.03963899 0.10349197 0.08099996
v 0.04115694 0.10243899 0.08099996
v 0.04343599 0.09826500 0.08099996
v 0.04394698 0.09844798 0.08099996
v 0.04635095 0.09421200 0.08099996
v 0.04654896 0.09260399 0.08099996
v 0.04835295 0.08975900 0.08099996
v 0.04892694 0.08659697 0.08099996
v 0.04992699 0.08514399 0.08099996
v 0.05053299 0.08033998 0.08099996
v 0.05105894 0.08041097 0.08099996
v 0.05174297 0.07559294 0.08099996
v 0.05134296 0.07392998 0.08099996
v 0.05197399 0.07072100 0.08099996
v 0.05134296 0.06747002 0.08099996
v 0.05174696 0.06584902 0.08099996
v 0.05053299 0.06106002 0.08099996
v 0.05106598 0.06103004 0.08099996
v 0.04993796 0.05629601 0.08099996
v 0.04892694 0.05480303 0.08099996
v 0.04836797 0.05167903 0.08099996
v 0.04654896 0.04879601 0.08099996
v 0.04636800 0.04722102 0.08099996
v 0.04343599 0.04313500 0.08099996
v 0.04395896 0.04297204 0.08099996
v 0.04116100 0.03896602 0.08099996
v 0.03963899 0.03790803 0.08099996
v 0.03799998 0.03524204 0.08099996
v 0.03521597 0.03319801 0.08099996
v 0.03417700 0.03154404 0.08099996
v 0.03023797 0.02908005 0.08099996
v 0.02999299 0.02825405 0.08099996
v 0.02478396 0.02561905 0.08099996
v 0.02549195 0.02540703 0.08099996
v 0.02071899 0.02303405 0.08099996
v 0.01893800 0.02286805 0.08099996
v 0.01572495 0.02116205 0.08099996
v 0.01279395 0.02087201 0.08099996
v 0.01057696 0.01981504 0.08099996
v 0.00644797 0.01966102 0.08099996
v 0.00532097 0.01900001 0.08099996
v 0.00000000 0.01925506 0.08099996
v 0.00000100 0.01872601 0.08099996
v -0.00531995 0.01900001 0.08099996
v -0.00644797 0.01966102 0.08099996
v -0.01057595 0.01981403 0.08099996
v -0.01279395 0.02087201 0.08099996
v -0.01572400 0.02116205 0.08099996
v -0.01893800 0.02286805 0.08099996
v -0.02071797 0.02303405 0.08099996
v -0.02478396 0.02561905 0.08099996
v -0.02549099 0.02540703 0.08099996
v -0.02999299 0.02825303 0.08099996
v -0.03023797 0.02908005 0.08099996
v -0.03417700 0.03154404 0.08099996
v -0.03521597 0.03319801 0.08099996
v -0.03799998 0.03524204 0.08099996
v -0.03963899 0.03790803 0.08099996
v -0.04116195 0.03896703 0.08099996
v -0.04343599 0.04313500 0.08099996
v -0.04395997 0.04297204 0.08099996
v -0.04636895 0.04722203 0.08099996
v -0.04654896 0.04879601 0.08099996
v -0.04836899 0.05168004 0.08099996
v -0.04892694 0.05480303 0.08099996
v -0.04993796 0.05629702 0.08099996
v -0.05053299 0.06106002 0.08099996
v -0.05106598 0.06103105 0.08099996
v -0.05174696 0.06585003 0.08099996
v -0.05134296 0.06747002 0.08099996
v -0.05197399 0.07072200 0.08099996
v -0.05134296 0.07392998 0.08099996
v -0.05174297 0.07559396 0.08099996
v -0.05053299 0.08033998 0.08099996
v -0.05105799 0.08041198 0.08099996
v -0.04992598 0.08514399 0.08099996
v -0.04892694 0.08659697 0.08099996
v -0.04835295 0.08975995 0.08099996
v -0.04654896 0.09260399 0.08099996
v -0.04635095 0.09421295 0.08099996
v -0.04343599 0.09826500 0.08099996
v -0.04394698 0.09844798 0.08099996
v 0.03322595 0.11376900 0.05329095
v 0.02968800 0.11574895 0.05567394
v 0.03322297 0.11376495 0.05331598
v 0.02968597 0.11574400 0.05569898
v 0.02593195 0.11757094 0.05784701
v 0.02592998 0.11756599 0.05787204
v 0.02196300 0.11920095 0.05976294
v 0.02196198 0.11919594 0.05978905
v 0.01778900 0.12059695 0.06140398
v 0.01778900 0.12060094 0.06137894
v 0.01352196 0.12171096 0.06264900
v 0.01352196 0.12171495 0.06262301
v 0.00910896 0.12254495 0.06349801
v 0.00910896 0.12253994 0.06352304
v 0.00458097 0.12306798 0.06397401
v 0.00458097 0.12306297 0.06400000
v 0.00000000 0.12326295 0.06403004
v 0.00000000 0.12325895 0.06405495
v -0.00458097 0.12306798 0.06397401
v -0.00458097 0.12306297 0.06400000
v -0.00910896 0.12254495 0.06349801
v -0.00910896 0.12254096 0.06352304
v -0.01352196 0.12171495 0.06262301
v -0.01352196 0.12171096 0.06264900
v -0.01778900 0.12060094 0.06137894
v -0.01778900 0.12059695 0.06140398
v -0.02196300 0.11920095 0.05976294
v -0.02196198 0.11919594 0.05978905
v -0.02593195 0.11757094 0.05784701
v -0.02592998 0.11756599 0.05787204
v -0.02968800 0.11574895 0.05567394
v -0.02968597 0.11574400 0.05570005
v -0.03322297 0.11376495 0.05331598
v -0.03322595 0.11376900 0.05329095
v -0.03322595 0.11376900 0.05329095
v -0.03327995 0.11372400 0.05323599
v -0.03322297 0.11376495 0.05331598
v -0.03333395 0.11367995 0.05318104
v -0.03344994 0.11357797 0.05308698
v -0.03338897 0.11363495 0.05312596
v -0.03344297 0.11358995 0.05307101
v -0.03371095 0.11404199 0.05062400
v -0.03395897 0.11390096 0.05016695
v -0.03429698 0.11364794 0.04974304
v -0.03374695 0.11403597 0.05050801
v -0.03380995 0.11400199 0.05038999
v -0.03511995 0.11293096 0.04903399
v -0.03497099 0.11310995 0.04900299
v -0.03497195 0.11310900 0.04900299
v -0.03725796 0.11125297 0.04662703
v -0.03613400 0.11164898 0.04942595
v -0.03664195 0.11100895 0.04962204
v -0.03933799 0.10871798 0.04711698
v -0.03828400 0.11042995 0.04557298
v -0.03941798 0.10916198 0.04546999
v -0.03947395 0.10946894 0.04434405
v -0.04151499 0.10685897 0.04482995
v -0.04264700 0.10678196 0.04090403
v -0.04432195 0.10426295 0.04162704
v -0.04601198 0.10357297 0.03679703
v -0.04591494 0.10329998 0.03790794
v -0.04774194 0.10063798 0.03713296
v -0.04574596 0.10282696 0.03984903
v -0.04804795 0.10136599 0.03397201
v -0.04854297 0.10016299 0.03480302
v -0.04968196 0.09827400 0.03418802
v -0.04901498 0.10022897 0.03251599
v -0.05001598 0.09893799 0.03103803
v -0.05003196 0.09896696 0.03090094
v -0.05087900 0.09785796 0.02948199
v -0.05189496 0.09644896 0.02767895
v -0.05125498 0.09614999 0.03153704
v -0.05072897 0.09724099 0.03163301
v -0.05191695 0.09638298 0.02770303
v -0.05309295 0.09467596 0.02540897
v -0.05255395 0.09460295 0.02837800
v -0.05280596 0.09385199 0.02866302
v -0.05442398 0.09255595 0.02269505
v -0.05447196 0.09191394 0.02374505
v -0.05480498 0.09056497 0.02454005
v -0.05586695 0.09007299 0.01951800
v -0.05680996 0.08688099 0.01990996
v -0.05739998 0.08721298 0.01585697
v -0.05752897 0.08546496 0.01812802
v -0.05784100 0.08634395 0.01474403
v -0.05818599 0.08459795 0.01567303
v -0.05904597 0.08385796 0.01156305
v -0.05832594 0.08383894 0.01608096
v -0.05934494 0.08197499 0.01278995
v -0.05936998 0.08159996 0.01325904
v -0.06007897 0.08156199 0.00862394
v -0.06039696 0.07939197 0.00999795
v -0.06105196 0.07913400 0.00570701
v -0.06043499 0.07914198 0.01015900
v -0.06213295 0.07460500 0.00442301
v -0.06198596 0.07605095 0.00333701
v -0.06231600 0.07558096 0.00096797
v -0.06188195 0.07692296 0.00268696
v -0.06109595 0.07908298 0.00545095
v -0.06278198 0.07267500 0.00131498
v -0.06266397 0.07437898 -0.00056995
v -0.06302195 0.07215495 -0.00064303
v -0.06316196 0.07229395 -0.00323905
v -0.06323200 0.07153900 -0.00257505
v -0.06340700 0.07081400 -0.00447096
v -0.06333798 0.07009400 -0.00129797
v -0.06370198 0.06776703 -0.00426103
v -0.06354898 0.06989900 -0.00630499
v -0.06370997 0.06748302 -0.00939597
v -0.06360995 0.06496603 -0.01261796
v -0.06375998 0.06299002 -0.01037396
v -0.06385296 0.06542600 -0.00725199
v -0.06345999 0.06354405 -0.01408495
v -0.06319999 0.06240601 -0.01589502
v -0.06326395 0.06182105 -0.01517297
v -0.06300598 0.05998702 -0.01605202
v -0.06337898 0.06051703 -0.01355494
v -0.06269299 0.05806501 -0.01672305
v -0.06246697 0.05987205 -0.01913799
v -0.06207895 0.05799003 -0.01989497
v -0.06142097 0.05735804 -0.02235605
v -0.06168699 0.05586804 -0.02016498
v -0.06093698 0.05546804 -0.02294601
v -0.06048798 0.05327906 -0.02294196
v -0.06007498 0.05484201 -0.02557601
v -0.05964899 0.05251403 -0.02524997
v -0.05867999 0.05180301 -0.02773501
v -0.05897599 0.05086501 -0.02609600
v -0.05719399 0.04841502 -0.02930798
v -0.05764096 0.05090006 -0.03001000
v -0.05618000 0.04932602 -0.03263701
v -0.05771297 0.05129804 -0.03011300
v -0.05848497 0.05237605 -0.02873196
v -0.05421894 0.04708602 -0.03550304
v -0.05477398 0.04614504 -0.03355505
v -0.05498397 0.04577406 -0.03278305
v -0.05268698 0.04339804 -0.03592099
v -0.05250799 0.04534306 -0.03773500
v -0.05215197 0.04348500 -0.03704502
v -0.05147296 0.04433103 -0.03894998
v -0.05025196 0.04121704 -0.03881599
v -0.05054700 0.04354705 -0.04003300
v -0.04902994 0.04039802 -0.04024900
v -0.04860198 0.04195102 -0.04207505
v -0.04831999 0.03969301 -0.04085006
v -0.04795396 0.04135706 -0.04263700
v -0.04640197 0.03833200 -0.04267301
v -0.04661297 0.04048301 -0.04395498
v -0.04438799 0.03900506 -0.04584695
v -0.04421895 0.03694005 -0.04454805
v -0.04222595 0.03770502 -0.04751004
v -0.04209500 0.03571804 -0.04620196
v -0.03977596 0.03636201 -0.04922999
v -0.03969097 0.03445704 -0.04791702
v -0.03689396 0.03489603 -0.05110599
v -0.03687399 0.03308906 -0.04978897
v -0.06171995 0.05565400 -0.01985003
v 0.03371095 0.11404199 0.05062400
v 0.03344297 0.11358995 0.05307005
v 0.03344994 0.11357797 0.05308698
v 0.03338897 0.11363495 0.05312596
v 0.03333395 0.11367900 0.05318104
v 0.03322297 0.11376495 0.05331598
v 0.03327995 0.11372400 0.05323599
v 0.03322595 0.11376900 0.05329095
v 0.03933298 0.10872198 0.04712199
v 0.03663897 0.11101199 0.04962097
v 0.03613197 0.11165196 0.04942499
v 0.03511798 0.11293299 0.04903303
v 0.03946799 0.10947395 0.04434894
v 0.03497195 0.11310900 0.04900204
v 0.04150795 0.10686499 0.04483806
v 0.04043096 0.10784895 0.04582904
v 0.03941297 0.10916895 0.04546796
v 0.04432195 0.10426295 0.04162704
v 0.04309695 0.10612697 0.04109298
v 0.04264700 0.10678196 0.04090403
v 0.04600095 0.10358298 0.03681003
v 0.04573595 0.10283697 0.03986202
v 0.04689794 0.10213596 0.03691004
v 0.04768300 0.10070700 0.03721796
v 0.04803198 0.10138399 0.03399502
v 0.04899698 0.10024995 0.03254400
v 0.04966998 0.09828997 0.03420900
v 0.04984694 0.09864295 0.03254198
v 0.05121999 0.09619898 0.03159796
v 0.05001896 0.09898299 0.03092204
v 0.05087596 0.09786100 0.02948605
v 0.05189496 0.09644896 0.02767895
v 0.05190795 0.09640998 0.02769302
v 0.05309295 0.09467400 0.02540694
v 0.05254399 0.09463096 0.02836703
v 0.05280399 0.09385199 0.02866195
v 0.05446195 0.09194696 0.02373098
v 0.05476695 0.09062899 0.02462100
v 0.05442196 0.09256000 0.02270006
v 0.05585795 0.09008998 0.01953898
v 0.05577099 0.08883799 0.02236997
v 0.05679297 0.08691496 0.01995204
v 0.05738097 0.08724899 0.01590203
v 0.05752098 0.08548195 0.01814900
v 0.05784100 0.08634395 0.01474403
v 0.05832594 0.08383894 0.01608096
v 0.05904597 0.08385695 0.01156102
v 0.05905598 0.08368499 0.01179706
v 0.06007897 0.08156199 0.00862394
v 0.05936795 0.08160395 0.01326500
v 0.06035494 0.07970197 0.00980102
v 0.06043499 0.07914198 0.01015900
v 0.06109595 0.07908298 0.00545095
v 0.06213295 0.07460399 0.00442301
v 0.06210297 0.07491595 0.00418900
v 0.06231600 0.07558096 0.00096797
v 0.06188195 0.07692296 0.00268696
v 0.06264996 0.07412399 0.00013600
v 0.06333798 0.07009400 -0.00129904
v 0.06316196 0.07229395 -0.00323905
v 0.06354898 0.06989900 -0.00630499
v 0.06370097 0.06776805 -0.00426103
v 0.06370997 0.06748302 -0.00939597
v 0.06385296 0.06542600 -0.00725199
v 0.06375998 0.06299002 -0.01037396
v 0.06360995 0.06496603 -0.01261796
v 0.06337898 0.06051703 -0.01355494
v 0.06319999 0.06240601 -0.01589502
v 0.06269299 0.05806501 -0.01672198
v 0.06286895 0.06115604 -0.01756205
v 0.06255900 0.05918302 -0.01823296
v 0.06246697 0.05987205 -0.01913895
v 0.06220299 0.05714400 -0.01870002
v 0.06142097 0.05735804 -0.02235605
v 0.06171995 0.05565400 -0.01985003
v 0.06089097 0.05568202 -0.02327396
v 0.06048899 0.05328102 -0.02294005
v 0.06045299 0.05341502 -0.02318098
v 0.05897599 0.05086501 -0.02609600
v 0.06007498 0.05484302 -0.02557506
v 0.05934298 0.05358805 -0.02704395
v 0.05848497 0.05237605 -0.02873196
v 0.05888396 0.05116405 -0.02661897
v 0.05814397 0.04967804 -0.02765097
v 0.05763196 0.05092301 -0.03005196
v 0.05717796 0.04839303 -0.02933694
v 0.05498397 0.04577406 -0.03278305
v 0.05269199 0.04340304 -0.03591503
v 0.05476397 0.04616202 -0.03358902
v 0.05769497 0.05127402 -0.03014304
v 0.05023998 0.04120703 -0.03883006
v 0.05214196 0.04349704 -0.03707303
v 0.05421799 0.04708703 -0.03550304
v 0.04830896 0.03968401 -0.04086102
v 0.04849398 0.04088600 -0.04146601
v 0.04857897 0.04193403 -0.04209794
v 0.05053395 0.04353704 -0.04004694
v 0.04639297 0.03832503 -0.04268195
v 0.04660296 0.04047604 -0.04396404
v 0.04437899 0.03899904 -0.04585399
v 0.04420995 0.03693302 -0.04455604
v 0.04367196 0.03769501 -0.04578198
v 0.04208797 0.03571303 -0.04620804
v 0.04221796 0.03770103 -0.04751600
v 0.03976994 0.03635801 -0.04923405
v 0.03968495 0.03445400 -0.04792203
v 0.03689396 0.03489603 -0.05110599
v 0.03687494 0.03308906 -0.04978897
v 0.05146294 0.04434301 -0.03897704
v 0.06266397 0.07437898 -0.00056900
v 0.03497099 0.11310995 0.04900299
v 0.03429698 0.11364794 0.04974304
v 0.03395897 0.11390096 0.05016695
v 0.03380995 0.11400199 0.05038999
v 0.03374695 0.11403597 0.05050801
v -0.03689396 0.03489603 -0.05110599
v -0.03624796 0.03468604 -0.05137397
v -0.03687399 0.03308906 -0.04978897
v -0.03538495 0.03264006 -0.05042697
v -0.03541100 0.03442301 -0.05171098
v -0.03346699 0.03210403 -0.05119504
v -0.03349095 0.03385301 -0.05244102
v -0.03160399 0.03333505 -0.05310406
v -0.02939796 0.03277703 -0.05381800
v -0.02939099 0.03216006 -0.05339397
v -0.03157597 0.03161605 -0.05189897
v -0.02522397 0.03185006 -0.05500401
v -0.02937698 0.03109802 -0.05265595
v -0.02489995 0.03018703 -0.05401196
v -0.02032899 0.03096105 -0.05614294
v -0.02031296 0.02944304 -0.05515994
v -0.01532697 0.03026004 -0.05703999
v -0.01531100 0.02883704 -0.05614902
v -0.01025295 0.02975304 -0.05768801
v -0.01023995 0.02843203 -0.05688204
v -0.00513697 0.02944602 -0.05808200
v -0.00513095 0.02823402 -0.05735303
v 0.00000000 0.02934201 -0.05821504
v 0.00000000 0.02824403 -0.05755795
v 0.00513595 0.02944602 -0.05808200
v 0.00513095 0.02823402 -0.05735303
v 0.01025199 0.02975304 -0.05768801
v 0.01023995 0.02843203 -0.05688204
v 0.01532697 0.03026004 -0.05703999
v 0.01531100 0.02883704 -0.05614902
v 0.02032899 0.03096105 -0.05614294
v 0.02031296 0.02944304 -0.05515994
v 0.02489995 0.03018703 -0.05401196
v 0.02522397 0.03185006 -0.05500401
v 0.02937698 0.03109802 -0.05265595
v 0.02939099 0.03216006 -0.05339397
v 0.03157597 0.03161700 -0.05189897
v 0.03160399 0.03333505 -0.05310406
v 0.03349095 0.03385301 -0.05244102
v 0.02939796 0.03277703 -0.05381800
v 0.03346699 0.03210403 -0.05119504
v 0.03541100 0.03442301 -0.05171098
v 0.03538495 0.03264006 -0.05042697
v 0.03624796 0.03468706 -0.05137397
v 0.03687494 0.03308906 -0.04978897
v 0.03689396 0.03489603 -0.05110599
v -0.03805696 0.02458800 -0.04553105
v -0.03913599 0.02677806 -0.04620506
v -0.03812599 0.03190304 -0.05125298
v -0.03927797 0.03238703 -0.05044998
v -0.04129296 0.03344502 -0.04914500
v -0.04034799 0.03219803 -0.04920198
v -0.04261595 0.03157105 -0.04625596
v -0.04013395 0.02664204 -0.04503597
v -0.04226797 0.02617802 -0.04226996
v -0.03992497 0.02121206 -0.04066803
v -0.04191797 0.02090605 -0.03810205
v -0.03973597 0.01613803 -0.03649296
v -0.04159098 0.01597901 -0.03412701
v -0.03964698 0.01351501 -0.03450002
v -0.04143297 0.01343103 -0.03223397
v -0.03960597 0.01212205 -0.03361298
v -0.04135799 0.01207800 -0.03139295
v -0.03956794 0.01060005 -0.03296401
v -0.04128998 0.01060005 -0.03077902
v -0.04119700 0.01000001 -0.03072800
v -0.04321897 0.01060005 -0.02800597
v -0.04399597 0.01000001 -0.02656402
v -0.04496198 0.01060005 -0.02511300
v -0.04637795 0.01000001 -0.02214600
v -0.04659700 0.01060005 -0.02193095
v -0.04800695 0.01060005 -0.01864494
v -0.04814696 0.01178701 -0.01912905
v -0.04967898 0.01168801 -0.01457395
v -0.04985594 0.01268102 -0.01517703
v -0.05097496 0.01250000 -0.01045503
v -0.05138295 0.01420404 -0.01169194
v -0.05187696 0.01399900 -0.00863196
v -0.05275797 0.01710905 -0.01108302
v -0.05311000 0.01672901 -0.00786103
v -0.05408996 0.01987006 -0.01028205
v -0.05429697 0.01930703 -0.00689901
v -0.05530500 0.02232702 -0.00905801
v -0.05535495 0.02157904 -0.00552894
v -0.05647099 0.02473505 -0.00756003
v -0.05634897 0.02376504 -0.00384594
v -0.05746799 0.02676202 -0.00552203
v -0.05713897 0.02556302 -0.00164606
v -0.05824196 0.02837302 -0.00295700
v -0.05765497 0.02693100 0.00109397
v -0.05871599 0.02952905 0.00015102
v -0.05780297 0.02784301 0.00437699
v -0.05870300 0.02998801 0.00383996
v -0.05739200 0.02809604 0.00820600
v -0.05820298 0.03002901 0.00795995
v -0.05642497 0.02795900 0.01242600
v -0.05700498 0.02938701 0.01242600
v -0.05472397 0.02721603 0.01691495
v -0.05519700 0.02847703 0.01707397
v -0.05240094 0.02624305 0.02150999
v -0.05276000 0.02734704 0.02179204
v -0.04947799 0.02507301 0.02609502
v -0.04972296 0.02602805 0.02646194
v -0.04602098 0.02371903 0.03056096
v -0.04613995 0.02439602 0.03090201
v -0.04213398 0.02205105 0.03476296
v -0.04218298 0.02260704 0.03510498
v -0.03799998 0.02023704 0.03879498
v -0.04222398 0.02315702 0.03547905
v -0.04225295 0.02369703 0.03588305
v -0.04632896 0.02572604 0.03171800
v -0.04639196 0.02637102 0.03219496
v -0.05019599 0.02837701 0.02774702
v -0.05029499 0.02912803 0.02829896
v -0.05372500 0.03115405 0.02356599
v -0.05386197 0.03201403 0.02419005
v -0.05683797 0.03407802 0.01919399
v -0.05701196 0.03505506 0.01988398
v -0.05947995 0.03715505 0.01466404
v -0.05968999 0.03825404 0.01541196
v -0.06162095 0.04037000 0.01001500
v -0.06186097 0.04160203 0.01081298
v -0.06325900 0.04370405 0.00528894
v -0.06352400 0.04507501 0.00612997
v -0.06441497 0.04713102 0.00052296
v -0.06469798 0.04864801 0.00140296
v -0.06512600 0.05062903 -0.00425197
v -0.06541895 0.05229802 -0.00333704
v -0.06543499 0.05418105 -0.00901605
v -0.06573098 0.05600603 -0.00806405
v -0.06538599 0.05780502 -0.01379396
v -0.06567895 0.05979003 -0.01280595
v -0.06562799 0.06037201 -0.01364399
v -0.06589496 0.06164606 -0.01158203
v -0.06597197 0.06251002 -0.01089503
v -0.06594896 0.05771501 -0.00689901
v -0.06608599 0.05928005 -0.00554003
v -0.06576800 0.05530305 -0.00094701
v -0.06582498 0.05660100 0.00048100
v -0.06508296 0.05258103 0.00499402
v -0.06506198 0.05364205 0.00643300
v -0.06384897 0.04962601 0.01082300
v -0.06378197 0.05033202 0.01194297
v -0.06206500 0.04638203 0.01618098
v -0.06195896 0.04697700 0.01723598
v -0.05973094 0.04313602 0.02126597
v -0.05959898 0.04364504 0.02223705
v -0.05688095 0.03994705 0.02600704
v -0.05673694 0.04039003 0.02688395
v -0.05358499 0.03685303 0.03035306
v -0.05328994 0.03761603 0.03191398
v -0.04981696 0.03421904 0.03496204
v -0.04954797 0.03488101 0.03633700
v -0.04586595 0.03160800 0.03898798
v -0.04558497 0.03242101 0.04065000
v -0.04184299 0.02923103 0.04289399
v -0.04169297 0.02999003 0.04437302
v -0.03799998 0.02706505 0.04669498
v -0.04152095 0.03076805 0.04606198
v -0.03799998 0.02868004 0.04980503
v -0.04134398 0.03149702 0.04783104
v -0.04118496 0.03211303 0.04948305
v -0.04455798 0.03460504 0.04627203
v -0.04422795 0.03517701 0.04810105
v -0.04757899 0.03782202 0.04461597
v -0.04708099 0.03835703 0.04663597
v -0.05036300 0.04117502 0.04284404
v -0.04970598 0.04167105 0.04507302
v -0.05286598 0.04467405 0.04094897
v -0.05207097 0.04512401 0.04340695
v -0.05505496 0.04832204 0.03893696
v -0.05414599 0.04871304 0.04164504
v -0.05690199 0.05210800 0.03682505
v -0.05591100 0.05243100 0.03979896
v -0.05839598 0.05601604 0.03463899
v -0.05735498 0.05626000 0.03788994
v -0.05953794 0.06002601 0.03240596
v -0.05847597 0.06018300 0.03594004
v -0.06033599 0.06411506 0.03015398
v -0.05927997 0.06417901 0.03396998
v -0.06080800 0.06826205 0.02790295
v -0.05977898 0.06822903 0.03199802
v -0.06097400 0.07244600 0.02567099
v -0.05998694 0.07231296 0.03003798
v -0.06085199 0.07664997 0.02347003
v -0.05991798 0.07641495 0.02810095
v -0.06046199 0.08085698 0.02130900
v -0.05958700 0.08051897 0.02619396
v -0.05982297 0.08505399 0.01919304
v -0.05900800 0.08460999 0.02432297
v -0.05915296 0.08691699 0.02005599
v -0.05819296 0.08867598 0.02249204
v -0.05713999 0.09066600 0.02476905
v -0.05743396 0.08802796 0.02769397
v -0.05655294 0.08719600 0.03356706
v -0.05724495 0.08337099 0.03494094
v -0.05634194 0.08264196 0.04031704
v -0.05674195 0.07891197 0.04148601
v -0.05585294 0.07831795 0.04638098
v -0.05597394 0.07468499 0.04734300
v -0.05514699 0.07423199 0.05179595
v -0.05501598 0.07069200 0.05255495
v -0.05443698 0.07042800 0.05582605
v -0.05408495 0.06695903 0.05642603
v -0.05360096 0.06676705 0.05946206
v -0.05305397 0.06336702 0.05991696
v -0.05235898 0.06307901 0.06555604
v -0.05166196 0.05979301 0.06580304
v -0.05134600 0.05963202 0.06963895
v -0.05049896 0.05644400 0.06978796
v -0.05021399 0.05630304 0.07509695
v -0.04923099 0.05327006 0.07516299
v -0.04901498 0.05333604 0.08049999
v -0.04791200 0.05049105 0.08049999
v -0.04836899 0.05168004 0.08099996
v -0.04636895 0.04722203 0.08099996
v -0.04664397 0.04771502 0.08049999
v -0.04521495 0.04501803 0.08049999
v -0.04675495 0.04744001 0.07534896
v -0.04527896 0.04467203 0.07547496
v -0.04691696 0.04729302 0.07034801
v -0.04540795 0.04443903 0.07059704
v -0.04710799 0.04720201 0.06688701
v -0.04557096 0.04428001 0.06722902
v -0.04754298 0.04703803 0.06213401
v -0.04594600 0.04401304 0.06263004
v -0.04785895 0.04692401 0.05978297
v -0.04621398 0.04384501 0.06037103
v -0.04825299 0.04677905 0.05744396
v -0.04654598 0.04364605 0.05813800
v -0.04886198 0.04654802 0.05454002
v -0.04705399 0.04334600 0.05538498
v -0.04958599 0.04626103 0.05164503
v -0.04765397 0.04299201 0.05266605
v -0.05040198 0.04592003 0.04875396
v -0.04832899 0.04258300 0.04997705
v -0.05128598 0.04551806 0.04586600
v -0.04905897 0.04211701 0.04731797
v -0.03900295 0.02130003 -0.04174901
v -0.03802800 0.02049501 -0.04209901
v -0.03888899 0.01618405 -0.03748299
v -0.03800594 0.01556303 -0.03793098
v -0.03883796 0.01354004 -0.03544499
v -0.03800100 0.01321204 -0.03613199
v -0.03881496 0.01213504 -0.03453602
v -0.03799998 0.01196106 -0.03533997
v -0.03879499 0.01060005 -0.03387095
v -0.03799998 0.01000001 -0.03460301
v -0.04832094 0.01000001 -0.01750697
v -0.04952496 0.01060005 -0.01412500
v -0.04979699 0.01000001 -0.01271202
v -0.05079799 0.01000001 -0.00780405
v -0.05061894 0.01060005 -0.00948502
v -0.05078399 0.01159401 -0.00990201
v -0.05145299 0.01239200 -0.00746395
v -0.05219697 0.01380105 -0.00555505
v -0.05328297 0.01636101 -0.00463499
v -0.05431795 0.01876004 -0.00352503
v -0.05520898 0.02083905 -0.00198997
v -0.05600899 0.02280600 -0.00014402
v -0.05656099 0.02436800 0.00223397
v -0.05677497 0.02549405 0.00515698
v -0.05654698 0.02617301 0.00861000
v -0.05568999 0.02624001 0.01256298
v -0.05422198 0.02595605 0.01684795
v -0.05201494 0.02513804 0.02130996
v -0.04920798 0.02411605 0.02579998
v -0.04585999 0.02290501 0.03020798
v -0.04207599 0.02149005 0.03444897
v -0.05108296 0.01060005 -0.00653996
v -0.05131697 0.01000001 -0.00281896
v -0.05137598 0.01060005 -0.00357403
v -0.05167895 0.01143105 -0.00096203
v -0.05155295 0.01148303 -0.00395597
v -0.05189096 0.01218803 -0.00143196
v -0.05175799 0.01228805 -0.00445296
v -0.05234199 0.01361103 -0.00247098
v -0.05149698 0.01060005 -0.00059594
v -0.05134695 0.01000001 0.00220202
v -0.05163300 0.01137902 0.00203298
v -0.05144494 0.01060005 0.00238405
v -0.05141395 0.01132901 0.00502096
v -0.05122095 0.01060005 0.00535606
v -0.05088800 0.01000001 0.00719403
v -0.04994696 0.01000001 0.01211296
v -0.05082499 0.01060005 0.00830995
v -0.05102199 0.01127900 0.00799201
v -0.05124700 0.01189806 0.00760005
v -0.05163496 0.01199402 0.00460301
v -0.05172395 0.01306303 0.00674997
v -0.05210596 0.01324405 0.00368904
v -0.05271798 0.01530404 0.00500701
v -0.05308896 0.01565202 0.00180398
v -0.05378997 0.01768501 0.00321494
v -0.05414998 0.01822002 -0.00014700
v -0.05485796 0.02010800 0.00153504
v -0.04852896 0.01000001 0.01692198
v -0.04952496 0.01060005 0.01412498
v -0.04972499 0.01117505 0.01384805
v -0.05045896 0.01122804 0.01093696
v -0.04995000 0.01170202 0.01351605
v -0.05068498 0.01180102 0.01057397
v -0.05042397 0.01269300 0.01280497
v -0.05116397 0.01288004 0.00979005
v -0.05140399 0.01459403 0.01136898
v -0.05215799 0.01495202 0.00819598
v -0.05245596 0.01660402 0.00991605
v -0.05322796 0.01714803 0.00656901
v -0.05349999 0.01863505 0.00857697
v -0.05429297 0.01937403 0.00505601
v -0.05461895 0.02088501 0.00726603
v -0.05543899 0.02184702 0.00355803
v -0.05571299 0.02317305 0.00612305
v -0.04664397 0.01000001 0.02158199
v -0.04756200 0.01060005 0.01975106
v -0.04862499 0.01060005 0.01696704
v -0.04882198 0.01112105 0.01671694
v -0.04904097 0.01160003 0.01641999
v -0.04950195 0.01250000 0.01578902
v -0.05044996 0.01422800 0.01452397
v -0.05146199 0.01605006 0.01325606
v -0.05246198 0.01788701 0.01209901
v -0.05352997 0.01991703 0.01098095
v -0.05456995 0.02197804 0.01002203
v -0.05557596 0.02406402 0.00922905
v -0.04430896 0.01000001 0.02604102
v -0.04633998 0.01060005 0.02246998
v -0.04651296 0.01100905 0.02229105
v -0.04775094 0.01106603 0.01953398
v -0.04670399 0.01138701 0.02208005
v -0.04795897 0.01149406 0.01927804
v -0.04710197 0.01210202 0.02163695
v -0.04839497 0.01230301 0.01873599
v -0.04790997 0.01347603 0.02075897
v -0.04928696 0.01385404 0.01765703
v -0.04876297 0.01492502 0.01989602
v -0.05023396 0.01548804 0.01658605
v -0.04959595 0.01638301 0.01912795
v -0.05116498 0.01713403 0.01561998
v -0.05047696 0.01799102 0.01840805
v -0.05215400 0.01894905 0.01469897
v -0.05132496 0.01961900 0.01781796
v -0.05311298 0.02078904 0.01392494
v -0.05213797 0.02126505 0.01736306
v -0.05403596 0.02265002 0.01330398
v -0.05291396 0.02292503 0.01704799
v -0.05492198 0.02452804 0.01284097
v -0.05358397 0.02443804 0.01688598
v -0.04298597 0.01000001 0.02817105
v -0.04343396 0.01060005 0.02767204
v -0.04496198 0.01060005 0.02511297
v -0.04511398 0.01095201 0.02497695
v -0.04527896 0.01127900 0.02481698
v -0.04562199 0.01190104 0.02447997
v -0.04631698 0.01310106 0.02381502
v -0.04704499 0.01436903 0.02316903
v -0.04775196 0.01564504 0.02260195
v -0.04849499 0.01705404 0.02208303
v -0.04920595 0.01848002 0.02167295
v -0.04988396 0.01992203 0.02137695
v -0.05052798 0.02137704 0.02119897
v -0.05108100 0.02270301 0.02114199
v -0.05160498 0.02403404 0.02118896
v -0.04175996 0.01060005 0.03013800
v -0.04167598 0.01000001 0.03007697
v -0.04046696 0.01000001 0.03168796
v -0.03994697 0.01060005 0.03250299
v -0.03941398 0.01000001 0.03298901
v -0.03857296 0.01000001 0.03396605
v -0.03799998 0.01000001 0.03460299
v -0.03799998 0.01030006 0.03468202
v -0.03799998 0.01060005 0.03475998
v -0.03799998 0.01397504 0.03570901
v -0.03999096 0.01079102 0.03250299
v -0.04003798 0.01097603 0.03249799
v -0.04184496 0.01084204 0.03009497
v -0.04193794 0.01107104 0.03004001
v -0.04355597 0.01089604 0.02758204
v -0.04368799 0.01117303 0.02747499
v -0.03799998 0.01723303 0.03699695
v -0.04110997 0.01536103 0.03258096
v -0.04092395 0.01448400 0.03249799
v -0.04072499 0.01361801 0.03245305
v -0.04328495 0.01425101 0.02930699
v -0.04290497 0.01331301 0.02947806
v -0.04508596 0.01382805 0.02637504
v -0.04451197 0.01273502 0.02680300
v -0.04199796 0.02081503 0.03411196
v -0.04191195 0.02013703 0.03381096
v -0.04181796 0.01945801 0.03354500
v -0.04548895 0.02127005 0.02966105
v -0.04528295 0.02045204 0.02946101
v -0.04860597 0.02220000 0.02540802
v -0.04820799 0.02104606 0.02528797
v -0.04227095 0.02422501 0.03631698
v -0.03799998 0.02288504 0.04108702
v -0.04227697 0.02473904 0.03677903
v -0.04227095 0.02523501 0.03726696
v -0.04644799 0.02759703 0.03328000
v -0.04644000 0.02816905 0.03387795
v -0.05038797 0.03053804 0.02957796
v -0.05038297 0.03118600 0.03028999
v -0.05399799 0.03361501 0.02566002
v -0.05399799 0.03434201 0.02648698
v -0.05719596 0.03685804 0.02153598
v -0.05720496 0.03766705 0.02247296
v -0.05991995 0.04027201 0.01723205
v -0.05994099 0.04116805 0.01827596
v -0.06213396 0.04384805 0.01278900
v -0.06216597 0.04483701 0.01393305
v -0.06383299 0.04756303 0.00824998
v -0.06387495 0.04865004 0.00949095
v -0.06503200 0.05139001 0.00365900
v -0.03799998 0.02515002 0.04375897
v -0.04218196 0.02680101 0.03908895
v -0.04221099 0.02645005 0.03864096
v -0.04223597 0.02608801 0.03820299
v -0.04637598 0.02912904 0.03502797
v -0.04641199 0.02871300 0.03450595
v -0.05034595 0.03179301 0.03103899
v -0.04197996 0.02842303 0.04148100
v -0.04206997 0.02780004 0.04049598
v -0.04604697 0.03096701 0.03781305
v -0.04620397 0.03027602 0.03666996
v -0.05004698 0.03349204 0.03361403
v -0.05014395 0.03310002 0.03295206
v -0.05370795 0.03643502 0.02958499
v -0.05381298 0.03599103 0.02882801
v -0.05700194 0.03947105 0.02514206
v -0.05709695 0.03895904 0.02429400
v -0.05983299 0.04258300 0.02031301
v -0.05990296 0.04198404 0.01938497
v -0.06213396 0.04573102 0.01515494
v -0.03799998 0.03004403 0.05303501
v -0.04102796 0.03269501 0.05120204
v -0.04390299 0.03570904 0.04998003
v -0.04658895 0.03884704 0.04868804
v -0.03799998 0.03216304 0.05971502
v -0.04068398 0.03393604 0.05550896
v -0.04084998 0.03333701 0.05330704
v -0.03799998 0.03363504 0.06656896
v -0.04039698 0.03500201 0.06019698
v -0.04053097 0.03449203 0.05780803
v -0.04319399 0.03681804 0.05460201
v -0.04353594 0.03628804 0.05225299
v -0.04603499 0.03937002 0.05114399
v -0.03799998 0.03459300 0.07351504
v -0.04010295 0.03631504 0.06837796
v -0.04022395 0.03572001 0.06419705
v -0.04030400 0.03537704 0.06217299
v -0.04243695 0.03805102 0.06158005
v -0.04261797 0.03773804 0.05952500
v -0.04466700 0.04062600 0.05883394
v -0.04506099 0.04026003 0.05621599
v -0.03799998 0.03520401 0.08049999
v -0.04000896 0.03709801 0.07593595
v -0.04004698 0.03667201 0.07146500
v -0.04206597 0.03882004 0.06798898
v -0.04228699 0.03833403 0.06367599
v -0.04419398 0.04110600 0.06314801
v -0.04440695 0.04088201 0.06097399
v -0.04001694 0.03749402 0.08049999
v -0.03799998 0.03524204 0.08099996
v -0.04116195 0.03896703 0.08099996
v -0.04189598 0.03989901 0.08049999
v -0.04395997 0.04297204 0.08099996
v -0.04363095 0.04240902 0.08049999
v -0.04993796 0.05629702 0.08099996
v -0.04995000 0.05624200 0.08049999
v -0.05101495 0.05939205 0.07504200
v -0.05200695 0.06285806 0.06948994
v -0.05286097 0.06638701 0.06529497
v -0.05393999 0.07017800 0.05898295
v -0.05456995 0.07389797 0.05520199
v -0.05505096 0.07776297 0.05101799
v -0.05549597 0.08193297 0.04541205
v -0.05570596 0.08634198 0.03915499
v -0.05497395 0.09322697 0.03141497
v -0.05483198 0.09449995 0.02957796
v -0.05421495 0.09216798 0.03732298
v -0.05216699 0.09783799 0.03553496
v -0.05349195 0.09114796 0.04289196
v -0.05151998 0.09662098 0.04136597
v -0.05281698 0.09020097 0.04812704
v -0.05091094 0.09549296 0.04683600
v -0.05231499 0.08950896 0.05209599
v -0.05045700 0.09466798 0.05097805
v -0.05185300 0.08887500 0.05588006
v -0.05003798 0.09391296 0.05492304
v -0.05106198 0.08775098 0.06298195
v -0.04931896 0.09258795 0.06231700
v -0.05061298 0.08702899 0.06776498
v -0.04891496 0.09176100 0.06728898
v -0.05016195 0.08607299 0.07423197
v -0.04852396 0.09071297 0.07400201
v -0.04995000 0.08515800 0.08049999
v -0.04837399 0.08977896 0.08049999
v -0.04992598 0.08514399 0.08099996
v -0.04835295 0.08975995 0.08099996
v -0.05071198 0.05919702 0.08049999
v -0.05106598 0.06103105 0.08099996
v -0.05129897 0.06219203 0.08049999
v -0.05174696 0.06585003 0.08099996
v -0.05170994 0.06521602 0.08049999
v -0.05194300 0.06825901 0.08049999
v -0.05229395 0.06882603 0.07486104
v -0.05233997 0.07197697 0.07477902
v -0.05281496 0.07259298 0.06895398
v -0.05268698 0.07580895 0.06872998
v -0.05314898 0.07628597 0.06436597
v -0.05283194 0.07953496 0.06400596
v -0.05366796 0.08034296 0.05739401
v -0.05314099 0.08366699 0.05682205
v -0.05363094 0.08418298 0.05320703
v -0.05197399 0.07072200 0.08099996
v -0.05199599 0.07131000 0.08049999
v -0.05219697 0.07510794 0.07468198
v -0.05236196 0.07898999 0.06848405
v -0.05231195 0.08273995 0.06362401
v -0.05187100 0.07435996 0.08049999
v -0.05174297 0.07559396 0.08099996
v -0.05156695 0.07739700 0.08049999
v -0.05105799 0.08041198 0.08099996
v -0.05108499 0.08040995 0.08049999
v -0.04691100 0.09313596 0.08049999
v -0.04635095 0.09421295 0.08099996
v -0.04521596 0.09638197 0.08049999
v -0.04394698 0.09844798 0.08099996
v -0.04340797 0.09933097 0.08049999
v -0.04115694 0.10243899 0.08099996
v -0.04140895 0.10215295 0.08049999
v -0.03962397 0.10437400 0.08049999
v -0.03964197 0.10524095 0.07313095
v -0.03804194 0.10695899 0.07354795
v -0.03885298 0.10615194 0.07304703
v -0.03815996 0.10816598 0.06642304
v -0.03977096 0.10655398 0.06552194
v -0.04142099 0.10304297 0.07329701
v -0.04157298 0.10430795 0.06584905
v -0.04343795 0.10024298 0.07347499
v -0.04364395 0.10145599 0.06621002
v -0.04527997 0.09730596 0.07364701
v -0.04554897 0.09846598 0.06656002
v -0.04701596 0.09407098 0.07382499
v -0.04734796 0.09517897 0.06692503
v -0.03799998 0.10615796 0.08099996
v -0.03882294 0.10529495 0.08049999
v -0.03799998 0.10619599 0.08049999
v -0.03799998 0.10617698 0.08074997
v -0.03898096 0.10749096 0.06536101
v -0.03833895 0.10979897 0.05898403
v -0.03912496 0.10872299 0.05968605
v -0.03939396 0.11083699 0.05128394
v -0.03992497 0.10775197 0.05989598
v -0.04022300 0.10980398 0.05155502
v -0.04176294 0.10543699 0.06033300
v -0.04213595 0.10735596 0.05213998
v -0.04388695 0.10250897 0.06082605
v -0.04435396 0.10427899 0.05281900
v -0.04584997 0.09944499 0.06130706
v -0.04640996 0.10106898 0.05349301
v -0.04770499 0.09608394 0.06181203
v -0.04834896 0.09755898 0.05420505
v -0.03856694 0.11184198 0.05108200
v -0.04055899 0.11019499 0.04905902
v -0.04236698 0.10847199 0.04777502
v -0.04272395 0.10835797 0.04680096
v -0.04463899 0.10530597 0.04854797
v -0.04502397 0.10627997 0.04423796
v -0.04711198 0.10303098 0.04494296
v -0.04674500 0.10200596 0.04932199
v -0.04872900 0.09840596 0.05014394
v -0.04742199 0.10390699 0.04130302
v -0.04988098 0.10118795 0.03792702
v -0.04914200 0.09933198 0.04587995
v -0.04969698 0.10059798 0.04024504
v -0.05236297 0.09806896 0.03404103
v -0.06082499 0.08349497 0.01574706
v -0.06141895 0.08107800 0.01572405
v -0.06151795 0.08198399 0.01384197
v -0.06211400 0.08063198 0.01213704
v -0.06285095 0.07666297 0.01280700
v -0.06316995 0.07807995 0.00891505
v -0.06368100 0.07630999 0.00782298
v -0.06406998 0.07564796 0.00584100
v -0.06474798 0.07114000 0.00627397
v -0.06481200 0.07332594 0.00290094
v -0.06523698 0.07036400 0.00288795
v -0.06563895 0.06931604 -0.00044502
v -0.06525695 0.06592203 0.00661705
v -0.06567400 0.06491000 0.00350605
v -0.06490796 0.06152804 0.01038395
v -0.06533598 0.06055202 0.00749503
v -0.06414598 0.05720605 0.01416598
v -0.06457901 0.05626603 0.01149903
v -0.06293195 0.05298300 0.01792799
v -0.06336098 0.05207802 0.01548301
v -0.06123697 0.04888804 0.02163003
v -0.06165200 0.04801901 0.01940702
v -0.05905199 0.04494901 0.02522300
v -0.05943995 0.04411502 0.02322303
v -0.05638998 0.04118903 0.02866195
v -0.06580001 0.06895603 -0.00265099
v -0.06580001 0.06867201 -0.00207700
v -0.06584095 0.06429501 0.00198196
v -0.06550800 0.05996801 0.00607799
v -0.06475299 0.05571206 0.01018904
v -0.06353497 0.05155303 0.01428102
v -0.06181997 0.04752202 0.01831304
v -0.06593000 0.06793601 -0.00367500
v -0.06610596 0.06466503 -0.00812997
v -0.06613296 0.06192906 -0.00236703
v -0.06614595 0.06068702 -0.00401904
v -0.06580895 0.05775203 0.00202595
v -0.06506997 0.05826701 -0.01636304
v -0.06502395 0.05572601 -0.01454104
v -0.06506896 0.05227204 -0.00974800
v -0.06476300 0.04888500 -0.00496902
v -0.06406295 0.04554804 -0.00017799
v -0.06292700 0.04227705 0.00460504
v -0.06131696 0.03909101 0.00935398
v -0.05921298 0.03601505 0.01403295
v -0.05661296 0.03306903 0.01860105
v -0.05354595 0.03026702 0.02302097
v -0.05006396 0.02760603 0.02725695
v -0.04624396 0.02506603 0.03128694
v -0.06427896 0.05613102 -0.01913096
v -0.06460499 0.05358501 -0.01505305
v -0.06464499 0.05030800 -0.01026501
v -0.06434100 0.04709204 -0.00549103
v -0.06365299 0.04392202 -0.00070502
v -0.06253898 0.04081203 0.00407599
v -0.06096094 0.03778000 0.00882803
v -0.05889695 0.03484900 0.01351701
v -0.05634599 0.03203805 0.01810597
v -0.05333197 0.02936305 0.02255605
v -0.04990500 0.02682103 0.02682899
v -0.06381195 0.05448903 -0.02001394
v -0.06321400 0.05388303 -0.02205397
v -0.06322199 0.05164905 -0.02007498
v -0.06204795 0.05150105 -0.02444996
v -0.06259196 0.04880305 -0.01987602
v -0.06141197 0.04844703 -0.02395596
v -0.06192797 0.04596402 -0.01945497
v -0.06075096 0.04540904 -0.02325500
v -0.06123697 0.04313804 -0.01883699
v -0.05992698 0.04177101 -0.02216102
v -0.06037598 0.03975304 -0.01785804
v -0.05907899 0.03817602 -0.02082695
v -0.05948996 0.03640504 -0.01664902
v -0.05811500 0.03427102 -0.01910295
v -0.05848300 0.03276505 -0.01507296
v -0.05712395 0.03044702 -0.01714100
v -0.05744796 0.02919705 -0.01326896
v -0.05610495 0.02671702 -0.01496603
v -0.05638694 0.02571406 -0.01125695
v -0.05506294 0.02309503 -0.01259805
v -0.06185197 0.05151905 -0.02513696
v -0.06017196 0.04903902 -0.02838303
v -0.06004297 0.04770704 -0.02765204
v -0.05926197 0.04381700 -0.02644898
v -0.05845797 0.03997602 -0.02499403
v -0.05754297 0.03580500 -0.02312495
v -0.05659997 0.03172304 -0.02100898
v -0.05562895 0.02774502 -0.01867200
v -0.05463296 0.02388503 -0.01613595
v -0.05370098 0.02045102 -0.01366295
v -0.05839198 0.04589303 -0.03071798
v -0.05807095 0.04634602 -0.03191794
v -0.05763494 0.04180606 -0.02914502
v -0.05543595 0.04345103 -0.03573598
v -0.05513799 0.03993501 -0.03350903
v -0.05221098 0.04047801 -0.03967799
v -0.05230695 0.03739704 -0.03706600
v -0.05046194 0.03908803 -0.04154898
v -0.04980295 0.03374304 -0.03834702
v -0.04847496 0.03764303 -0.04346599
v -0.04775196 0.03513201 -0.04256798
v -0.04478096 0.03532101 -0.04659499
v -0.04503399 0.03064002 -0.04261400
v -0.05025899 0.01060005 0.01123701
v -0.04331296 0.01201202 -0.02858402
v -0.04507398 0.01194002 -0.02565803
v -0.04672396 0.01186301 -0.02244498
v -0.04341697 0.01330401 -0.02937402
v -0.04520100 0.01316704 -0.02640201
v -0.04686999 0.01301803 -0.02314402
v -0.04830700 0.01287104 -0.01978494
v -0.04363697 0.01573701 -0.03115596
v -0.04546797 0.01547505 -0.02808000
v -0.04717695 0.01519103 -0.02471794
v -0.04864799 0.01491101 -0.02126099
v -0.05023396 0.01454802 -0.01653005
v -0.04408699 0.02044304 -0.03490294
v -0.04601496 0.01994200 -0.03161205
v -0.04780596 0.01940002 -0.02803601
v -0.04934698 0.01886202 -0.02437295
v -0.05101197 0.01816602 -0.01937903
v -0.05222797 0.01750405 -0.01429202
v -0.04456496 0.02548303 -0.03884102
v -0.04659199 0.02473004 -0.03533198
v -0.04847097 0.02391501 -0.03153302
v -0.05008697 0.02310504 -0.02765597
v -0.05183798 0.02205505 -0.02238597
v -0.05312895 0.02105202 -0.01703395
v -0.04715597 0.02963503 -0.03890099
v -0.04911994 0.02854700 -0.03489198
v -0.05080896 0.02746303 -0.03081097
v -0.05264794 0.02605303 -0.02527703
v -0.05401694 0.02469905 -0.01966597
v -0.05157196 0.03235801 -0.03405704
v -0.05433696 0.03518005 -0.03100301
v -0.05677294 0.03737004 -0.02713396
v -0.05350595 0.03054805 -0.02824999
v -0.05496299 0.02880104 -0.02236904
v -0.05588197 0.03302904 -0.02486695
v -0.05125397 0.01153804 -0.00693895
v -0.05184894 0.01209004 0.00158797
v -0.05231195 0.01342602 0.00061105
v -0.05327695 0.01600404 -0.00141503
v -0.05756700 0.02797504 -0.00940801
v -0.05863595 0.03129001 -0.01105501
v -0.05967700 0.03466804 -0.01248099
v -0.06059396 0.03777100 -0.01356400
v -0.06148397 0.04090704 -0.01442803
v -0.06219696 0.04352202 -0.01495995
v -0.06288200 0.04614903 -0.01530899
v -0.06353199 0.04878201 -0.01544894
v -0.06413900 0.05140801 -0.01534797
v -0.05856096 0.02982201 -0.00700106
v -0.05962598 0.03293504 -0.00826706
v -0.06056195 0.03579105 -0.00921406
v -0.06147098 0.03867401 -0.00995304
v -0.06219798 0.04107602 -0.01039196
v -0.06289499 0.04348804 -0.01065995
v -0.06355595 0.04590203 -0.01073302
v -0.06417196 0.04831101 -0.01058401
v -0.05931395 0.03122605 -0.00406302
v -0.06025600 0.03384002 -0.00487401
v -0.05964696 0.03190501 -0.00052203
v -0.06116896 0.03647502 -0.00548805
v -0.06054598 0.03429802 -0.00101103
v -0.05956900 0.03214605 0.00347506
v -0.06189799 0.03866901 -0.00583495
v -0.06126296 0.03628905 -0.00126494
v -0.06025695 0.03394003 0.00331198
v -0.05884599 0.03163405 0.00788198
v -0.06259596 0.04087003 -0.00602199
v -0.06194800 0.03828402 -0.00137104
v -0.06091398 0.03573705 0.00328396
v -0.05945700 0.03324105 0.00792705
v -0.05755394 0.03081502 0.01253401
v -0.06325596 0.04307403 -0.00602902
v -0.06259500 0.04028101 -0.00131299
v -0.06153196 0.03753401 0.00340401
v -0.06002998 0.03484805 0.00810395
v -0.05806797 0.03224303 0.01275800
v -0.05563795 0.02973802 0.01733397
v -0.06387096 0.04527105 -0.00583304
v -0.06319499 0.04227205 -0.00106896
v -0.06210297 0.03932603 0.00369202
v -0.06055897 0.03645106 0.00842904
v -0.05854099 0.03366704 0.01311205
v -0.05604195 0.03099503 0.01770400
v -0.05308699 0.02844800 0.02216600
v -0.06563299 0.05386402 -0.00222899
v -0.06490397 0.05007501 0.00245403
v -0.06371599 0.04636700 0.00712203
v -0.06203299 0.04276605 0.01174198
v -0.05983698 0.03929801 0.01627205
v -0.05713194 0.03598501 0.02066897
v -0.05395299 0.03283800 0.02489100
v -0.05035895 0.02985002 0.02891205
v -0.04643195 0.02699603 0.03271698
v -0.06574797 0.05857404 0.00333403
v -0.06607395 0.06281204 -0.00096501
v -0.06597596 0.06359805 0.00048803
v -0.06564599 0.05931105 0.00468801
v -0.06489396 0.05509301 0.00890301
v -0.06499797 0.05440600 0.00764798
v -0.06367599 0.05097301 0.01309894
v -0.06438601 0.06228806 0.01331602
v -0.06474798 0.06669004 0.00977598
v -0.06354796 0.06305302 0.01737498
v -0.06393295 0.06743301 0.01415001
v -0.06396597 0.07185895 0.01096104
v -0.06308799 0.07226897 0.01563905
v -0.06205499 0.07245798 0.02069496
v -0.06187397 0.07676495 0.01818501
v -0.06361895 0.05795606 0.01687001
v -0.06241095 0.05372204 0.02040397
v -0.06073695 0.04961605 0.02387796
v -0.05858695 0.04566403 0.02724503
v -0.05597496 0.04188903 0.03046297
v -0.05294197 0.03829701 0.03349803
v -0.06260597 0.06357200 0.02143000
v -0.06301701 0.06789906 0.01851903
v -0.06277400 0.05874200 0.02061199
v -0.06157898 0.05452605 0.02382897
v -0.05993795 0.05043401 0.02698694
v -0.05784797 0.04649206 0.03004395
v -0.05532199 0.04272004 0.03295802
v -0.05239695 0.03912605 0.03570198
v -0.04912894 0.03570201 0.03826200
v -0.06149595 0.06392605 0.02582000
v -0.06193697 0.06817205 0.02324496
v -0.06182396 0.05931003 0.02435099
v -0.06064397 0.05514003 0.02725099
v -0.05904495 0.05108805 0.03009604
v -0.05702400 0.04717900 0.03284596
v -0.05459499 0.04343100 0.03546499
v -0.05179297 0.03985401 0.03792702
v -0.04866695 0.03644003 0.04022299
v -0.04527795 0.03316803 0.04236196
v -0.06070595 0.05974300 0.02840196
v -0.05954396 0.05564500 0.03096305
v -0.05799496 0.05165704 0.03347300
v -0.05605900 0.04780300 0.03589796
v -0.05374699 0.04409905 0.03820597
v -0.05109000 0.04055502 0.04037605
v -0.04813200 0.03716703 0.04239999
v -0.04492294 0.03391601 0.04428802
v -0.05823194 0.06416805 0.03771304
v -0.05875599 0.06811602 0.03600501
v -0.05900394 0.07209695 0.03430305
v -0.05898499 0.07609297 0.03261398
v -0.05871099 0.08009000 0.03094696
v -0.05818998 0.08407200 0.02930497
v -0.05704200 0.06408704 0.04199694
v -0.05758994 0.06791700 0.04057895
v -0.05787998 0.07177497 0.03915905
v -0.05791598 0.07564599 0.03774200
v -0.05770200 0.07951594 0.03633402
v -0.05742394 0.06026901 0.03941403
v -0.05632495 0.05643703 0.04109596
v -0.05493199 0.05269004 0.04274200
v -0.05324900 0.04904605 0.04433702
v -0.05593395 0.06395800 0.04614805
v -0.05649995 0.06767304 0.04499303
v -0.05682396 0.07141300 0.04382800
v -0.05690395 0.07516397 0.04265796
v -0.05623197 0.06030203 0.04340504
v -0.05515998 0.05657806 0.04479395
v -0.05382698 0.05293001 0.04615496
v -0.05223900 0.04937305 0.04747699
v -0.05493897 0.06380404 0.05015300
v -0.05551397 0.06741406 0.04923199
v -0.05586099 0.07104500 0.04829405
v -0.05512696 0.06028302 0.04728900
v -0.05408298 0.05666204 0.04841302
v -0.05280697 0.05310901 0.04951499
v -0.05130594 0.04963805 0.05059300
v -0.05408596 0.06363905 0.05401097
v -0.05465996 0.06715704 0.05329298
v -0.05413997 0.06023003 0.05105804
v -0.05312597 0.05670400 0.05194698
v -0.05190294 0.05324002 0.05282198
v -0.05047994 0.04985000 0.05368601
v -0.05352097 0.06350405 0.05700396
v -0.05330300 0.06015302 0.05471097
v -0.05231899 0.05671002 0.05539797
v -0.05114400 0.05332501 0.05607794
v -0.04978597 0.05001105 0.05675803
v -0.05230796 0.05999102 0.06035398
v -0.05077898 0.05654402 0.06604801
v -0.04947197 0.05331202 0.06994794
v -0.04807597 0.05031003 0.07524501
v -0.05275499 0.06007703 0.05756305
v -0.05179595 0.05669202 0.05811106
v -0.05065494 0.05336203 0.05865799
v -0.04933995 0.05010106 0.05921196
v -0.05163097 0.06252004 0.07498799
v -0.05247396 0.06610401 0.06933104
v -0.05205798 0.06566901 0.07493006
v -0.05274397 0.06935306 0.06915401
v -0.05316197 0.06970001 0.06501196
v -0.05406695 0.07358600 0.05847798
v -0.05448096 0.07735599 0.05455504
v -0.05472499 0.08127100 0.05022501
v -0.05490696 0.08551497 0.04444002
v -0.05137497 0.05665602 0.06078397
v -0.04971998 0.05335100 0.06630205
v -0.04827499 0.05025603 0.07013296
v -0.05026400 0.05337502 0.06121598
v -0.04898399 0.05016400 0.06166302
v -0.04849296 0.05023105 0.06657897
v -0.05716395 0.03840901 0.02346598
v -0.05395698 0.03501500 0.02735804
v -0.05389595 0.03551902 0.02808403
v -0.05022799 0.03268804 0.03230105
v -0.04627096 0.02990903 0.03611206
v -0.04214799 0.02714302 0.03954803
v -0.04396200 0.01170404 0.02724801
v -0.04212796 0.01151504 0.02992199
v -0.04013597 0.01134004 0.03248201
v -0.04250997 0.01238503 0.02969204
v -0.04053294 0.01283504 0.03244101
v -0.04564100 0.01493205 0.02600895
v -0.04622000 0.01615001 0.02568696
v -0.04367995 0.01528902 0.02917396
v -0.04677098 0.01738502 0.02545105
v -0.04405295 0.01634200 0.02910303
v -0.04729294 0.01863505 0.02530502
v -0.04440498 0.01740803 0.02909599
v -0.04128497 0.01624902 0.03270601
v -0.04778599 0.01989605 0.02525197
v -0.04473596 0.01848502 0.02915905
v -0.04144895 0.01714404 0.03287600
v -0.04501795 0.01946606 0.02927803
v -0.04171699 0.01877905 0.03331195
v -0.04891699 0.02315803 0.02557300
v -0.04568195 0.02208801 0.02990900
v -0.05029499 0.03225304 0.03166305
v -0.04632794 0.02952702 0.03556405
v -0.04552096 0.03984006 0.05365299
v -0.04288500 0.03730203 0.05702697
v -0.04388898 0.04148103 0.06760095
v -0.04375499 0.04170902 0.07087301
v -0.04196596 0.03911503 0.07116805
v -0.04365599 0.04202004 0.07562004
v -0.04189598 0.03949203 0.07577597
v -0.04033195 0.01206203 0.03245400
v -0.04158699 0.01796003 0.03307305
v -0.04225498 0.02571501 0.03777801
v -0.05325800 0.07300396 0.06470202
v -0.05397695 0.07697899 0.05794703
v -0.05416798 0.08078796 0.05388902
v -0.05416995 0.08474500 0.04942201
v -0.05186796 0.07821096 0.07457100
v -0.05135500 0.08127499 0.07444798
v -0.05184096 0.08212597 0.06821905
v 0.04116100 0.03896602 0.08099996
v 0.03799998 0.03524204 0.08099996
v 0.04040396 0.03796603 0.08049999
v 0.03799998 0.03520401 0.08049999
v 0.03799998 0.03420605 0.07029198
v 0.03799998 0.03343101 0.06542896
v 0.04044097 0.03714801 0.07140599
v 0.04039597 0.03756602 0.07590400
v 0.04260796 0.04089101 0.08049999
v 0.04395896 0.04297204 0.08099996
v 0.04459995 0.04396404 0.08049999
v 0.04636800 0.04722102 0.08099996
v 0.04637795 0.04718204 0.08049999
v 0.04791200 0.05049105 0.08049999
v 0.04807597 0.05031003 0.07524501
v 0.04921597 0.05391301 0.08049999
v 0.04944199 0.05387200 0.07514904
v 0.05027496 0.05741800 0.08049999
v 0.05055600 0.05753304 0.07507394
v 0.05108499 0.06099005 0.08049999
v 0.05140697 0.06126500 0.07501005
v 0.05164200 0.06460900 0.08049999
v 0.05198699 0.06503905 0.07494198
v 0.05194300 0.06825901 0.08049999
v 0.05229395 0.06882502 0.07486104
v 0.05232596 0.07260496 0.07476102
v 0.05280494 0.07323797 0.06891094
v 0.05208796 0.07635398 0.07463895
v 0.05258095 0.07708598 0.06863402
v 0.05158197 0.08005495 0.07449804
v 0.05207300 0.08087796 0.06832705
v 0.05081498 0.08369196 0.07434200
v 0.05128699 0.08459700 0.06799601
v 0.04979300 0.08724899 0.07417499
v 0.05023199 0.08822895 0.06764697
v 0.04852396 0.09071297 0.07400201
v 0.04891496 0.09176100 0.06728898
v 0.04706096 0.09397895 0.07382999
v 0.04739499 0.09508497 0.06693505
v 0.04538094 0.09713197 0.07365595
v 0.04565197 0.09829200 0.06658004
v 0.04349499 0.10015798 0.07348095
v 0.04370194 0.10136998 0.06622003
v 0.04142099 0.10304297 0.07329701
v 0.04157298 0.10430795 0.06584905
v 0.03964197 0.10524095 0.07313095
v 0.03977096 0.10655398 0.06552194
v 0.03815996 0.10816598 0.06642304
v 0.03898096 0.10749096 0.06536101
v 0.03912496 0.10872299 0.05968605
v 0.03992497 0.10775197 0.05989598
v 0.04022300 0.10980398 0.05155502
v 0.04213595 0.10735596 0.05213998
v 0.04236698 0.10847199 0.04777502
v 0.04470396 0.10521097 0.04857002
v 0.04392194 0.10730196 0.04549895
v 0.04592800 0.10542095 0.04317699
v 0.04722297 0.10284299 0.04499100
v 0.04799795 0.10330797 0.04055999
v 0.04919499 0.09922696 0.04590701
v 0.04975098 0.10048897 0.04027604
v 0.05151998 0.09662098 0.04136597
v 0.05216699 0.09783799 0.03553496
v 0.05375397 0.09360195 0.03687094
v 0.05415999 0.09551597 0.03085004
v 0.05449199 0.09471196 0.03088699
v 0.05666500 0.09116400 0.02642904
v 0.05583399 0.09022797 0.03248297
v 0.05776399 0.08644999 0.02833496
v 0.05685800 0.08567000 0.03411399
v 0.05853098 0.08168495 0.03028701
v 0.05754798 0.08106095 0.03577505
v 0.05894994 0.07689298 0.03227900
v 0.05789297 0.07642097 0.03745900
v 0.05787998 0.07176597 0.03916203
v 0.05682295 0.07140500 0.04383098
v 0.05750197 0.06714804 0.04086302
v 0.05640596 0.06692703 0.04522501
v 0.05674999 0.06256701 0.04256199
v 0.05563998 0.06248201 0.04660605
v 0.05562096 0.05806001 0.04424106
v 0.05452895 0.05810304 0.04796599
v 0.05411499 0.05365302 0.04588495
v 0.05308097 0.05381401 0.04929601
v 0.05223900 0.04937305 0.04747699
v 0.05130594 0.04963805 0.05059300
v 0.04922199 0.04561003 0.05184804
v 0.04852098 0.04591103 0.05470704
v 0.04627895 0.04209705 0.05571900
v 0.04581499 0.04242404 0.05841599
v 0.04377698 0.03846903 0.05670498
v 0.04345798 0.03887703 0.05924998
v 0.04101598 0.03504200 0.05765401
v 0.04085499 0.03553601 0.06006502
v 0.03799998 0.03244604 0.06083296
v 0.04074394 0.03589805 0.06205605
v 0.04064899 0.03622903 0.06409501
v 0.04306799 0.03942604 0.06346498
v 0.04281198 0.03986700 0.06783305
v 0.04491597 0.04314502 0.06737505
v 0.04476398 0.04333206 0.07070397
v 0.04663395 0.04672600 0.07039402
v 0.04647797 0.04689004 0.07537197
v 0.04827499 0.05025603 0.07013296
v 0.04050695 0.03680302 0.06830095
v 0.03799998 0.03126903 0.05658101
v 0.03799998 0.02993102 0.05274294
v 0.04119998 0.03450103 0.05533098
v 0.04140198 0.03391703 0.05310105
v 0.04414695 0.03801103 0.05422698
v 0.04455900 0.03750505 0.05181597
v 0.04682499 0.04171605 0.05306505
v 0.04743695 0.04128303 0.05045103
v 0.05001199 0.04525401 0.04899906
v 0.05086797 0.04483803 0.04615794
v 0.05324900 0.04904605 0.04433702
v 0.05414599 0.04871406 0.04164504
v 0.05523395 0.05343200 0.04241704
v 0.05622500 0.05318804 0.03942202
v 0.05679899 0.05796005 0.04042696
v 0.05784195 0.05781902 0.03711401
v 0.05794298 0.06260104 0.03839503
v 0.05899596 0.06257303 0.03475903
v 0.05867296 0.06732405 0.03634594
v 0.05970299 0.06741501 0.03239201
v 0.05900299 0.07208700 0.03430699
v 0.05998694 0.07230199 0.03004299
v 0.05987197 0.07723595 0.02771698
v 0.06079494 0.07749195 0.02303396
v 0.05938398 0.08215797 0.02544104
v 0.06023496 0.08253795 0.02045702
v 0.05854594 0.08705396 0.02322005
v 0.05891096 0.08739198 0.02065395
v 0.05751800 0.08999199 0.02392195
v 0.03799998 0.02845104 0.04931997
v 0.04161697 0.03328903 0.05096303
v 0.04500198 0.03694905 0.04947196
v 0.04809898 0.04079302 0.04787599
v 0.05162698 0.04443200 0.04374395
v 0.05505496 0.04832204 0.03893696
v 0.05722898 0.05288000 0.03639303
v 0.05889499 0.05760904 0.03375004
v 0.06005698 0.06247104 0.03105496
v 0.06073898 0.06742902 0.02835201
v 0.06097400 0.07243497 0.02567695
v 0.06180399 0.07762797 0.01768898
v 0.06109994 0.08290095 0.01499794
v 0.06010699 0.08500296 0.01764701
v 0.03799998 0.02683200 0.04629801
v 0.04221397 0.03139205 0.04571496
v 0.04199999 0.03211202 0.04752503
v 0.04180699 0.03271802 0.04921304
v 0.04539400 0.03643401 0.04752599
v 0.03799998 0.02507903 0.04366301
v 0.04260295 0.02986605 0.04245399
v 0.04242199 0.03062101 0.04397903
v 0.04623299 0.03520204 0.04354797
v 0.04579198 0.03587700 0.04562305
v 0.04928100 0.03981705 0.04356800
v 0.04868495 0.04032905 0.04570995
v 0.05239695 0.04397203 0.04133295
v 0.03799998 0.02319504 0.04140805
v 0.04297095 0.02776702 0.03898405
v 0.04287695 0.02843101 0.03997003
v 0.04276895 0.02905704 0.04099296
v 0.04736799 0.03290303 0.03794800
v 0.04703098 0.03372003 0.03971396
v 0.05112695 0.03773804 0.03674804
v 0.05057895 0.03847005 0.03886496
v 0.05406999 0.04271103 0.03596400
v 0.04994100 0.03918202 0.04120301
v 0.05324798 0.04338701 0.03864501
v 0.03799998 0.02119102 0.03953205
v 0.04311800 0.02582003 0.03660296
v 0.04309999 0.02631201 0.03713702
v 0.04307699 0.02669300 0.03758095
v 0.04797595 0.03036405 0.03370605
v 0.04791998 0.03077705 0.03428303
v 0.05242198 0.03465004 0.03024302
v 0.05232596 0.03508206 0.03095804
v 0.05628699 0.03923704 0.02673195
v 0.05614697 0.03967501 0.02758704
v 0.05959898 0.04364504 0.02223705
v 0.05943995 0.04411502 0.02322303
v 0.06203395 0.04881902 0.01862894
v 0.06161600 0.04969503 0.02089594
v 0.06347399 0.05465801 0.01642798
v 0.06294900 0.05540206 0.01899503
v 0.06413000 0.06054504 0.01473700
v 0.06328696 0.06131900 0.01866899
v 0.06388497 0.06655301 0.01479302
v 0.06296300 0.06702901 0.01909898
v 0.06308895 0.07225497 0.01564895
v 0.06205499 0.07244498 0.02070294
v 0.06276899 0.07754398 0.01224695
v 0.06192296 0.08107198 0.01269303
v 0.03799998 0.01909603 0.03802596
v 0.04309499 0.02422901 0.03516100
v 0.04311698 0.02477606 0.03561197
v 0.04312396 0.02530701 0.03609406
v 0.04805797 0.02876003 0.03182505
v 0.04805099 0.02936204 0.03246795
v 0.05259698 0.03306104 0.02803396
v 0.05255699 0.03370704 0.02885602
v 0.05656397 0.03772201 0.02425300
v 0.05649799 0.03826304 0.02506100
v 0.05990296 0.04198404 0.01938497
v 0.05983299 0.04258402 0.02031301
v 0.06244897 0.04716106 0.01533996
v 0.06234300 0.04776503 0.01641499
v 0.06422096 0.05260803 0.01142500
v 0.06407999 0.05320300 0.01264904
v 0.06525897 0.05825605 0.00772201
v 0.06508600 0.05882801 0.00909601
v 0.06563800 0.06403405 0.00430106
v 0.06521797 0.06503905 0.00736700
v 0.06523799 0.07034800 0.00290202
v 0.06474798 0.07112400 0.00628601
v 0.06513696 0.07214195 0.00139903
v 0.06436198 0.07478399 0.00474702
v 0.03799998 0.01695205 0.03686296
v 0.04287898 0.02193101 0.03368805
v 0.04294896 0.02251603 0.03400706
v 0.04300999 0.02309503 0.03435706
v 0.04780697 0.02607001 0.02970003
v 0.04791098 0.02677400 0.03015505
v 0.05235898 0.03002603 0.02526198
v 0.05248099 0.03084202 0.02585803
v 0.05642294 0.03443803 0.02075301
v 0.05653798 0.03534700 0.02152096
v 0.05968999 0.03825404 0.01541196
v 0.05983698 0.03929801 0.01627205
v 0.06240999 0.04347701 0.01082300
v 0.06251496 0.04458101 0.01188706
v 0.06436997 0.04908206 0.00641702
v 0.06441700 0.05021001 0.00769697
v 0.06558096 0.05498405 0.00228594
v 0.06556397 0.05609901 0.00378905
v 0.06609898 0.06108905 -0.00149096
v 0.06603997 0.06196005 -0.00010802
v 0.06599199 0.06742800 -0.00459804
v 0.06593000 0.06791801 -0.00365795
v 0.06566596 0.06974800 -0.00164200
v 0.06580096 0.06865502 -0.00206102
v 0.06563895 0.06930001 -0.00043000
v 0.06580597 0.06342502 0.00279795
v 0.03799998 0.01480301 0.03598796
v 0.04244500 0.01910801 0.03255902
v 0.04256695 0.01981504 0.03278504
v 0.04268097 0.02052201 0.03304695
v 0.04712796 0.02288802 0.02829002
v 0.04734200 0.02376105 0.02858697
v 0.05149298 0.02642401 0.02353405
v 0.05178695 0.02746601 0.02390598
v 0.05548995 0.03047802 0.01860200
v 0.05578297 0.03149600 0.01900302
v 0.05854099 0.03366704 0.01311205
v 0.05889797 0.03484900 0.01351701
v 0.06131398 0.03837903 0.00788198
v 0.06167799 0.03972001 0.00840901
v 0.06343597 0.04357602 0.00269400
v 0.06377798 0.04506500 0.00338601
v 0.06489199 0.04922201 -0.00234295
v 0.06518197 0.05083002 -0.00144197
v 0.06569898 0.05526002 -0.00712098
v 0.06591695 0.05694003 -0.00596704
v 0.06589800 0.06159104 -0.01151694
v 0.06605398 0.05848105 -0.00462402
v 0.06610900 0.06511200 -0.00755705
v 0.06611299 0.05986501 -0.00312103
v 0.03799998 0.01060005 0.03475998
v 0.04192495 0.01647504 0.03200005
v 0.04212194 0.01740600 0.03214894
v 0.04228895 0.01825602 0.03233002
v 0.04632794 0.02008905 0.02770399
v 0.04664695 0.02114202 0.02786206
v 0.05044800 0.02329005 0.02289306
v 0.05081999 0.02433403 0.02303396
v 0.05421799 0.02679504 0.01779805
v 0.05467498 0.02802403 0.01796602
v 0.05700498 0.02938701 0.01242600
v 0.05755496 0.03081502 0.01253401
v 0.05978298 0.03373505 0.00699996
v 0.06036698 0.03538002 0.00716601
v 0.06200796 0.03862603 0.00151800
v 0.06259196 0.04049702 0.00178896
v 0.06364798 0.04406603 -0.00392796
v 0.06411397 0.04581805 -0.00357701
v 0.06461197 0.04966201 -0.00931205
v 0.06503695 0.05159105 -0.00879396
v 0.06502699 0.05568303 -0.01448204
v 0.06538897 0.05775805 -0.01373304
v 0.06504499 0.05818905 -0.01646306
v 0.06564897 0.06047304 -0.01351501
v 0.03799998 0.01030006 0.03468202
v 0.04032099 0.01060005 0.03203903
v 0.04037296 0.01080103 0.03202997
v 0.04042994 0.01099505 0.03201495
v 0.04265695 0.01111205 0.02902602
v 0.04288196 0.01158901 0.02886497
v 0.04497998 0.01182105 0.02559696
v 0.04561996 0.01295306 0.02501999
v 0.04682099 0.01206102 0.02220999
v 0.04760897 0.01340105 0.02137397
v 0.04839497 0.01230301 0.01873504
v 0.04928696 0.01385404 0.01765703
v 0.05065697 0.01430203 0.01389395
v 0.05167895 0.01616104 0.01258801
v 0.05279099 0.01682206 0.00857805
v 0.05384600 0.01893200 0.00716899
v 0.05465894 0.01981504 0.00294398
v 0.05580997 0.02242203 0.00133596
v 0.05629897 0.02357204 -0.00310601
v 0.05742096 0.02652104 -0.00474705
v 0.05756700 0.02796902 -0.00938906
v 0.05863595 0.03128101 -0.01103105
v 0.05842596 0.03306402 -0.01588000
v 0.05942499 0.03675701 -0.01748504
v 0.05885499 0.03889300 -0.02249505
v 0.05968695 0.04258604 -0.02387895
v 0.05876398 0.04505904 -0.02901305
v 0.06049394 0.04632403 -0.02501596
v 0.06040298 0.04935105 -0.02797402
v 0.06114095 0.04944803 -0.02575006
v 0.06315398 0.05376704 -0.02220406
v 0.06250196 0.04934104 -0.02079298
v 0.06312799 0.05223002 -0.02100302
v 0.06288397 0.04612304 -0.01526298
v 0.06353396 0.04875101 -0.01539899
v 0.06286096 0.04296203 -0.00973298
v 0.06352299 0.04533406 -0.00979401
v 0.06238096 0.03983201 -0.00416304
v 0.06303697 0.04195203 -0.00414397
v 0.06137597 0.03675003 0.00142203
v 0.03799998 0.01000001 0.03460299
v 0.04103499 0.01000001 0.03094398
v 0.04244697 0.01060005 0.02916299
v 0.04371196 0.01000001 0.02703105
v 0.04436898 0.01060005 0.02614699
v 0.04601597 0.01000001 0.02288996
v 0.04607599 0.01060005 0.02300404
v 0.04756200 0.01060005 0.01975106
v 0.04624599 0.01099803 0.02283298
v 0.04775094 0.01106603 0.01953398
v 0.04643297 0.01136501 0.02263294
v 0.04795897 0.01149406 0.01927804
v 0.04793298 0.01000001 0.01854394
v 0.04943799 0.01000001 0.01404499
v 0.04881799 0.01060005 0.01640295
v 0.04901599 0.01113202 0.01614700
v 0.04923695 0.01162101 0.01584195
v 0.04970097 0.01253904 0.01519404
v 0.05052095 0.01000001 0.00943504
v 0.04983896 0.01060005 0.01297496
v 0.05003899 0.01119705 0.01268803
v 0.05026495 0.01174201 0.01234303
v 0.05074197 0.01276805 0.01160203
v 0.05172997 0.01473804 0.01010095
v 0.05117499 0.01000001 0.00474499
v 0.05115497 0.01060005 0.00594901
v 0.05134898 0.01131906 0.00561701
v 0.05061894 0.01060005 0.00948499
v 0.05081695 0.01125802 0.00917397
v 0.05139499 0.01000001 0.00000499
v 0.05144494 0.01060005 0.00238405
v 0.05163300 0.01137902 0.00203405
v 0.05184894 0.01209004 0.00159000
v 0.05187797 0.01220800 -0.00203694
v 0.05232697 0.01364805 -0.00308801
v 0.05208998 0.01387902 -0.00678696
v 0.05298995 0.01687904 -0.00915100
v 0.05246096 0.01734401 -0.01301099
v 0.05337995 0.02080901 -0.01568700
v 0.05254095 0.02154703 -0.01971795
v 0.05339097 0.02536900 -0.02247895
v 0.05223798 0.02639701 -0.02665199
v 0.05307495 0.03098805 -0.02968694
v 0.05157196 0.03235801 -0.03405704
v 0.05230695 0.03739704 -0.03706600
v 0.05051696 0.03904106 -0.04142500
v 0.05108296 0.03956004 -0.04090203
v 0.04910498 0.03807904 -0.04288198
v 0.04985594 0.03370501 -0.03822900
v 0.04787296 0.03505506 -0.04233600
v 0.04916995 0.02851601 -0.03478004
v 0.04727298 0.02957501 -0.03868104
v 0.04851996 0.02389200 -0.03142597
v 0.04670399 0.02468504 -0.03512300
v 0.04785299 0.01938506 -0.02793504
v 0.04612100 0.01991202 -0.03141595
v 0.04722100 0.01518400 -0.02462305
v 0.04556900 0.01545902 -0.02789594
v 0.04691296 0.01301403 -0.02305199
v 0.04529994 0.01315804 -0.02622403
v 0.04676699 0.01186104 -0.02235402
v 0.04517197 0.01193602 -0.02548195
v 0.04663896 0.01060005 -0.02184202
v 0.04505896 0.01060005 -0.02493896
v 0.04601699 0.01000001 -0.02288701
v 0.04370999 0.01000001 -0.02703299
v 0.05117595 0.01000001 -0.00473405
v 0.05148595 0.01060005 -0.00119199
v 0.05166798 0.01144101 -0.00156094
v 0.05052298 0.01000001 -0.00942399
v 0.05082499 0.01060005 -0.00830997
v 0.05099296 0.01157101 -0.00872005
v 0.05127894 0.01060005 -0.00476302
v 0.05145394 0.01150502 -0.00515105
v 0.04944097 0.01000001 -0.01403500
v 0.05012595 0.01060005 -0.01181795
v 0.05028498 0.01164003 -0.01224996
v 0.04793494 0.01000001 -0.01853706
v 0.04918497 0.01060005 -0.01526703
v 0.04933595 0.01171203 -0.01572396
v 0.04800695 0.01060005 -0.01864494
v 0.04814696 0.01178701 -0.01912905
v 0.04830700 0.01287104 -0.01978494
v 0.04951000 0.01272704 -0.01633896
v 0.04864799 0.01491101 -0.02126099
v 0.04987895 0.01463701 -0.01772000
v 0.04934698 0.01886202 -0.02437295
v 0.05063998 0.01833601 -0.02063002
v 0.05008697 0.02310504 -0.02765597
v 0.05144697 0.02231105 -0.02370001
v 0.05080896 0.02746303 -0.03081097
v 0.04327297 0.01060005 -0.02792300
v 0.04103195 0.01000001 -0.03094698
v 0.04128998 0.01060005 -0.03077902
v 0.03956794 0.01060005 -0.03296401
v 0.03960597 0.01212205 -0.03361298
v 0.03881496 0.01213504 -0.03453602
v 0.03883796 0.01354004 -0.03544499
v 0.03800100 0.01321204 -0.03613199
v 0.03800594 0.01556303 -0.03793098
v 0.03799998 0.01000001 -0.03460301
v 0.03879499 0.01060005 -0.03387095
v 0.03799998 0.01196106 -0.03533997
v 0.03888899 0.01618405 -0.03748299
v 0.03802597 0.02007802 -0.04174305
v 0.03900295 0.02130003 -0.04174901
v 0.03805696 0.02458800 -0.04553105
v 0.03913599 0.02677806 -0.04620506
v 0.03812599 0.03190304 -0.05125298
v 0.03927797 0.03238703 -0.05044998
v 0.04152697 0.03356202 -0.04898502
v 0.04034799 0.03219803 -0.04920198
v 0.04261595 0.03157105 -0.04625596
v 0.04226797 0.02617802 -0.04226996
v 0.04462897 0.02546103 -0.03873898
v 0.04414796 0.02042903 -0.03480698
v 0.04522198 0.03557403 -0.04625298
v 0.04510098 0.03061105 -0.04250599
v 0.04714596 0.03675605 -0.04465796
v 0.05306899 0.04121704 -0.03869595
v 0.05466395 0.04057302 -0.03505601
v 0.05388396 0.03571804 -0.03249694
v 0.05516999 0.03409602 -0.02794196
v 0.05429399 0.02966602 -0.02531697
v 0.05525195 0.02837606 -0.02089204
v 0.05428600 0.02437104 -0.01825596
v 0.05491298 0.02340801 -0.01401402
v 0.05395597 0.02010001 -0.01163496
v 0.05426996 0.01941802 -0.00757505
v 0.05326294 0.01643403 -0.00528003
v 0.05327695 0.01600303 -0.00140895
v 0.05231195 0.01342602 0.00061403
v 0.05204397 0.01320805 0.00430201
v 0.05157095 0.01197501 0.00520395
v 0.05104297 0.01186003 0.00879298
v 0.05504798 0.04306705 -0.03624500
v 0.05683499 0.04329200 -0.03245105
v 0.05601698 0.03864302 -0.03032900
v 0.05710399 0.03674002 -0.02553202
v 0.05619198 0.03250302 -0.02332498
v 0.05693799 0.03095402 -0.01868905
v 0.05593699 0.02712502 -0.01644899
v 0.05634695 0.02591302 -0.01199903
v 0.05527096 0.02247901 -0.00976600
v 0.05535495 0.02157600 -0.00551702
v 0.05431795 0.01875801 -0.00351705
v 0.05409395 0.01811303 0.00052606
v 0.05302995 0.01558305 0.00244604
v 0.05251699 0.01516403 0.00628506
v 0.05152100 0.01299001 0.00796805
v 0.05695897 0.04507001 -0.03359999
v 0.05798798 0.04107101 -0.02748598
v 0.05790996 0.03488101 -0.02071299
v 0.05739998 0.02944501 -0.01404394
v 0.05647099 0.02473004 -0.00754501
v 0.05515497 0.02069302 -0.00128497
v 0.05358999 0.01747103 0.00455795
v 0.06420695 0.05595900 -0.01935400
v 0.06414097 0.05137302 -0.01529504
v 0.06460696 0.05354603 -0.01499702
v 0.06600099 0.06278802 -0.01053704
v 0.06568199 0.05973901 -0.01274206
v 0.06540298 0.05346705 -0.00806500
v 0.06453299 0.04754402 -0.00305296
v 0.06303799 0.04204805 0.00216602
v 0.06090599 0.03701903 0.00748502
v 0.05806899 0.03224303 0.01275800
v 0.05510097 0.02925302 0.01823102
v 0.05116897 0.02538003 0.02324496
v 0.04689496 0.02201505 0.02804898
v 0.06396597 0.07184399 0.01097201
v 0.06330198 0.07774199 0.00848804
v 0.05220496 0.09828795 0.03431402
v 0.05010396 0.10093499 0.03761302
v 0.04200696 0.10897995 0.04756604
v 0.04021298 0.11048395 0.04941402
v 0.03939396 0.11083699 0.05128394
v 0.03833895 0.10979897 0.05898403
v 0.03856694 0.11184198 0.05108200
v 0.03885298 0.10615194 0.07304703
v 0.03804194 0.10695899 0.07354795
v 0.03962397 0.10437400 0.08049999
v 0.04140895 0.10215295 0.08049999
v 0.04346400 0.09924597 0.08049999
v 0.04531598 0.09620500 0.08049999
v 0.04695498 0.09304399 0.08049999
v 0.04837399 0.08977896 0.08049999
v 0.04959595 0.08632696 0.08049999
v 0.05057299 0.08279795 0.08049999
v 0.05129897 0.07920797 0.08049999
v 0.05177098 0.07557697 0.08049999
v 0.05198597 0.07192094 0.08049999
v 0.05197399 0.07072100 0.08099996
v 0.05174696 0.06584902 0.08099996
v 0.03882294 0.10529495 0.08049999
v 0.03799998 0.10619599 0.08049999
v 0.03799998 0.10617698 0.08074997
v 0.03799998 0.10615796 0.08099996
v 0.04115694 0.10243899 0.08099996
v 0.04394698 0.09844798 0.08099996
v 0.04635095 0.09421200 0.08099996
v 0.04835295 0.08975900 0.08099996
v 0.04992699 0.08514399 0.08099996
v 0.05105894 0.08041097 0.08099996
v 0.05174297 0.07559294 0.08099996
v 0.05106598 0.06103004 0.08099996
v 0.04993796 0.05629601 0.08099996
v 0.04836797 0.05167903 0.08099996
v 0.04254698 0.01086302 0.02910195
v 0.04450899 0.01093002 0.02602898
v 0.04054695 0.01137306 0.03198002
v 0.04077994 0.01212402 0.03191303
v 0.04102098 0.01292701 0.03186105
v 0.04380297 0.01351501 0.02825104
v 0.04425495 0.01451905 0.02800296
v 0.04693895 0.01535703 0.02397405
v 0.04761898 0.01668800 0.02353500
v 0.04924994 0.01623406 0.01982497
v 0.05010598 0.01780202 0.01914500
v 0.05116498 0.01713403 0.01561903
v 0.05215495 0.01895000 0.01469897
v 0.05377095 0.02011104 0.01023804
v 0.05482298 0.02221705 0.00924204
v 0.05608600 0.02365102 0.00456606
v 0.05716395 0.02606805 0.00353001
v 0.05803996 0.02779503 -0.00133802
v 0.05911099 0.03054602 -0.00237895
v 0.05958497 0.03259201 -0.00742699
v 0.06052398 0.03539903 -0.00834705
v 0.06059497 0.03775503 -0.01353003
v 0.06148499 0.04088701 -0.01439001
v 0.06115800 0.04359002 -0.01972200
v 0.06184399 0.04645802 -0.02035703
v 0.04333394 0.01252301 0.02855001
v 0.04125195 0.01374002 0.03183697
v 0.04148995 0.01463904 0.03184699
v 0.04171395 0.01555200 0.03190003
v 0.04517096 0.01675303 0.02766000
v 0.04559296 0.01789100 0.02759896
v 0.04888600 0.01940103 0.02296101
v 0.04947197 0.02077700 0.02283405
v 0.05171698 0.02099301 0.01816796
v 0.05246895 0.02261205 0.01787995
v 0.05403596 0.02265002 0.01330398
v 0.05492198 0.02452804 0.01284002
v 0.05682694 0.02650501 0.00776301
v 0.05768495 0.02847202 0.00733303
v 0.05912297 0.03075303 0.00209402
v 0.06000399 0.03300400 0.00168000
v 0.06095999 0.03560205 -0.00369896
v 0.06168597 0.03771402 -0.00400902
v 0.06216299 0.04059304 -0.00948204
v 0.04472500 0.01562806 0.02779602
v 0.04598897 0.01904102 0.02761696
v 0.04278498 0.02122803 0.03334700
v 0.04753696 0.02463104 0.02894603
v 0.04768097 0.02535404 0.02929805
v 0.05200695 0.02833106 0.02428804
v 0.04305899 0.02366705 0.03474198
v 0.04798799 0.02746101 0.03066205
v 0.04803699 0.02812500 0.03121994
v 0.05256098 0.03162505 0.02652405
v 0.04801899 0.02993102 0.03314398
v 0.04304695 0.02706303 0.03803800
v 0.04301196 0.02742101 0.03850602
v 0.04777199 0.03154804 0.03547095
v 0.04758596 0.03225304 0.03669499
v 0.05194199 0.03623702 0.03315805
v 0.05162400 0.03691103 0.03465699
v 0.05540698 0.04116406 0.03107797
v 0.05477398 0.04199602 0.03351496
v 0.05858695 0.04566403 0.02724503
v 0.05784797 0.04649206 0.03004299
v 0.06030195 0.05124201 0.02636205
v 0.05939799 0.05188800 0.02953301
v 0.06116497 0.05679502 0.02609597
v 0.06005400 0.05727203 0.02994298
v 0.06122297 0.06224401 0.02685295
v 0.04785197 0.03117205 0.03487204
v 0.04666197 0.03446205 0.04152404
v 0.04324495 0.03916605 0.06133805
v 0.04551094 0.04264505 0.06061100
v 0.04793095 0.04615600 0.05757998
v 0.05047994 0.04985102 0.05368601
v 0.05216395 0.05392702 0.05264805
v 0.05355697 0.05810805 0.05159305
v 0.05464595 0.06237001 0.05051695
v 0.05541700 0.06669004 0.04941700
v 0.05585998 0.07103900 0.04829596
v 0.05689096 0.07591397 0.04242300
v 0.05661100 0.08040697 0.04101704
v 0.05598795 0.08486695 0.03961895
v 0.05503195 0.08927197 0.03823398
v 0.04269796 0.04013605 0.07104896
v 0.04261595 0.04048802 0.07571302
v 0.04466295 0.01123704 0.02588998
v 0.04628998 0.01415004 0.02446102
v 0.04826897 0.01803704 0.02319597
v 0.04997396 0.02203102 0.02281605
v 0.05219894 0.02918704 0.02473806
v 0.05625599 0.03348602 0.02007602
v 0.05947995 0.03715505 0.01466404
v 0.06223398 0.04228701 0.00988101
v 0.06424897 0.04783900 0.00525795
v 0.06552696 0.05372901 0.00089501
v 0.05259996 0.03236605 0.02725302
v 0.05660498 0.03699304 0.02328502
v 0.05994099 0.04116900 0.01827596
v 0.06251800 0.04649903 0.01429497
v 0.06432700 0.05194803 0.01023005
v 0.06539797 0.05761404 0.00637399
v 0.05249994 0.03419305 0.02954100
v 0.05221199 0.03548802 0.03168295
v 0.04526394 0.04283501 0.06283496
v 0.04681897 0.04662104 0.06695102
v 0.04849296 0.05023201 0.06657897
v 0.04969096 0.05393304 0.06991504
v 0.04464697 0.04359706 0.07553099
v 0.04843896 0.01481302 0.02055405
v 0.05092895 0.01938905 0.01859103
v 0.05311697 0.02408601 0.01774000
v 0.05373299 0.02556701 0.01771997
v 0.05568999 0.02624001 0.01256202
v 0.05603998 0.03250106 0.01949202
v 0.05659794 0.03620102 0.02236901
v 0.05640494 0.03876705 0.02588902
v 0.05580896 0.04046704 0.02932201
v 0.04754894 0.04631205 0.05989705
v 0.04978597 0.05001105 0.05675803
v 0.05139398 0.05399705 0.05594204
v 0.05273598 0.05808105 0.05512498
v 0.05379796 0.06224001 0.05429302
v 0.05456298 0.06645204 0.05343901
v 0.05501496 0.07068700 0.05255602
v 0.05596899 0.07541199 0.04715096
v 0.05573797 0.07976700 0.04599403
v 0.05516999 0.08408696 0.04482900
v 0.05427098 0.08834899 0.04366396
v 0.05304998 0.09253300 0.04250704
v 0.04724299 0.04643704 0.06222902
v 0.04898399 0.05016400 0.06166302
v 0.04933995 0.05010201 0.05921196
v 0.05049997 0.05402602 0.06112896
v 0.05089700 0.05402304 0.05854796
v 0.05176997 0.05798401 0.06061195
v 0.05220198 0.05804004 0.05789195
v 0.05277895 0.06201304 0.06009303
v 0.05323797 0.06212903 0.05722903
v 0.05350697 0.06608600 0.05955397
v 0.05398899 0.06626601 0.05654405
v 0.05393999 0.07017400 0.05898295
v 0.05443596 0.07042300 0.05582701
v 0.05456995 0.07459099 0.05507504
v 0.05514597 0.07493896 0.05164097
v 0.05438297 0.07873196 0.05429100
v 0.05494797 0.07917000 0.05070196
v 0.05387300 0.08282996 0.05348097
v 0.05441898 0.08335996 0.04974400
v 0.05304294 0.08686400 0.05265294
v 0.05356395 0.08749098 0.04877494
v 0.05189996 0.09081597 0.05181597
v 0.05239099 0.09154100 0.04780303
v 0.05045700 0.09466798 0.05097805
v 0.05091094 0.09549296 0.04683600
v 0.04878097 0.09830398 0.05016695
v 0.04685395 0.10182095 0.04936503
v 0.05605900 0.04780300 0.03589700
v 0.05702400 0.04717900 0.03284596
v 0.05833595 0.05244501 0.03297697
v 0.05905199 0.04494901 0.02522300
v 0.05973094 0.04313602 0.02126597
v 0.05991995 0.04027201 0.01723205
v 0.05921298 0.03601505 0.01403199
v 0.05642497 0.02796002 0.01242600
v 0.05850797 0.03044905 0.00706397
v 0.05311298 0.02078904 0.01392494
v 0.05023396 0.01548804 0.01658605
v 0.05268996 0.01803704 0.01139496
v 0.05497795 0.02127101 0.00578199
v 0.05693894 0.02508505 -0.00009502
v 0.05851799 0.02953102 -0.00619306
v 0.05967795 0.03465600 -0.01245202
v 0.06030499 0.04015406 -0.01872005
v 0.05584299 0.02434905 0.00841402
v 0.05820798 0.02851601 0.00268506
v 0.06005096 0.03306402 -0.00313498
v 0.06143397 0.03823204 -0.00906099
v 0.06219798 0.04350002 -0.01491798
v 0.05916196 0.03209104 0.00696896
v 0.06198799 0.04102905 0.00907503
v 0.06405097 0.04649301 0.00424205
v 0.06539398 0.05234005 -0.00035597
v 0.06254899 0.04558904 0.01305102
v 0.06439298 0.05122001 0.00907098
v 0.06550097 0.05689706 0.00505899
v 0.06594097 0.06273604 0.00132595
v 0.06220400 0.04831602 0.01751398
v 0.06390595 0.05374004 0.01389395
v 0.06465500 0.05978902 0.01189600
v 0.06470596 0.06580503 0.01048099
v 0.06110996 0.05042602 0.02319001
v 0.06210899 0.05620004 0.02254604
v 0.06233996 0.06185801 0.02259801
v 0.06187599 0.06731905 0.02375804
v 0.04994499 0.05398501 0.06624995
v 0.05085998 0.05771400 0.06972705
v 0.06070595 0.03487505 0.00148104
v 0.05115395 0.05783804 0.06594895
v 0.05210298 0.06176103 0.06565605
v 0.05277597 0.06572504 0.06534897
v 0.05176597 0.06156404 0.06955098
v 0.05239599 0.06545402 0.06936406
v 0.05316197 0.06969703 0.06501196
v 0.05406695 0.07426698 0.05837403
v 0.05387997 0.07832898 0.05772899
v 0.05337798 0.08234299 0.05705296
v 0.05256497 0.08628995 0.05635403
v 0.05144798 0.09015197 0.05564104
v 0.05003798 0.09391296 0.05492304
v 0.04839998 0.09745998 0.05422495
v 0.04651796 0.10088695 0.05352996
v 0.04441696 0.10418696 0.05283903
v 0.06413996 0.04770000 -0.00963499
v 0.05274397 0.06935103 0.06915401
v 0.05325299 0.07366295 0.06463705
v 0.05304700 0.07759095 0.06422494
v 0.05254399 0.08146400 0.06377898
v 0.05175000 0.08526499 0.06330703
v 0.05067199 0.08897800 0.06281696
v 0.04931896 0.09258795 0.06231700
v 0.04775297 0.09598798 0.06182598
v 0.04595500 0.09926898 0.06133400
v 0.04394799 0.10242099 0.06084000
v 0.04176294 0.10543699 0.06033300
v 0.05165696 0.01232906 -0.00565900
v 0.05118697 0.01245602 -0.00926103
v 0.05046999 0.01258905 -0.01282801
v 0.05160099 0.01412101 -0.01047100
v 0.05086296 0.01437302 -0.01412202
v 0.05167597 0.01783104 -0.01684500
v 0.04336696 0.01201005 -0.02849902
v 0.04135799 0.01207800 -0.03139295
v 0.04347300 0.01330002 -0.02928902
v 0.04143297 0.01343103 -0.03223397
v 0.03964698 0.01351501 -0.03450002
v 0.04369395 0.01572903 -0.03106703
v 0.04159098 0.01597901 -0.03412701
v 0.03973597 0.01613803 -0.03649296
v 0.04191797 0.02090605 -0.03810205
v 0.04013395 0.02664204 -0.04503597
v 0.03992497 0.02121206 -0.04066803
v 0.03799998 0.01000001 -0.03460301
v 0.03682595 0.01000001 -0.03584899
v 0.03799998 0.01196106 -0.03533997
v 0.03518295 0.01060005 -0.03760804
v 0.03517895 0.01255204 -0.03845896
v 0.03215199 0.01258601 -0.04102303
v 0.03517699 0.01463802 -0.03981496
v 0.03215098 0.01473101 -0.04229595
v 0.03517794 0.01607104 -0.04086699
v 0.03215098 0.01620902 -0.04329301
v 0.03517997 0.01832105 -0.04260994
v 0.03215396 0.01853003 -0.04495598
v 0.03518694 0.02111001 -0.04482497
v 0.03216195 0.02140005 -0.04708601
v 0.03520798 0.02615501 -0.04878999
v 0.03218299 0.02657004 -0.05093397
v 0.03368198 0.03062804 -0.05307402
v 0.03184700 0.03016903 -0.05373897
v 0.02974694 0.02968605 -0.05444802
v 0.02895200 0.02694900 -0.05289604
v 0.02739399 0.02919401 -0.05517699
v 0.02554899 0.02728803 -0.05464901
v 0.02480298 0.02870901 -0.05590798
v 0.02198195 0.02758606 -0.05618502
v 0.02198398 0.02824701 -0.05661894
v 0.01895397 0.02782501 -0.05728795
v 0.02197295 0.02211000 -0.05260803
v 0.01829499 0.02228601 -0.05396999
v 0.01829099 0.01916803 -0.05208196
v 0.01449894 0.02243103 -0.05508305
v 0.01449495 0.01927204 -0.05323400
v 0.01061296 0.02254303 -0.05593599
v 0.01061099 0.01935305 -0.05411602
v 0.00666296 0.02262004 -0.05652203
v 0.00666100 0.01940800 -0.05472304
v 0.00267196 0.02266206 -0.05683996
v 0.00267094 0.01943906 -0.05505098
v -0.00133598 0.02266802 -0.05688502
v -0.00133598 0.01944305 -0.05509795
v -0.00533599 0.02263804 -0.05665804
v -0.00533396 0.01942106 -0.05486299
v -0.00930196 0.02257301 -0.05616094
v -0.00929999 0.01937403 -0.05434896
v -0.01321196 0.02247204 -0.05539705
v -0.01320898 0.01930203 -0.05355801
v -0.01704096 0.02233805 -0.05436994
v -0.01703697 0.01920505 -0.05249502
v -0.02076596 0.02217205 -0.05308701
v -0.02076196 0.01908501 -0.05116905
v -0.02553397 0.02190204 -0.05099405
v -0.02552896 0.01889105 -0.04900302
v -0.03002995 0.02158006 -0.04848696
v -0.03002399 0.01865901 -0.04640700
v -0.03285396 0.02133800 -0.04659904
v -0.03284597 0.01848502 -0.04445101
v -0.03552395 0.02107503 -0.04454996
v -0.03551399 0.01829602 -0.04232801
v -0.03802800 0.02049501 -0.04209901
v -0.03800594 0.01556303 -0.03793098
v -0.03550797 0.01605405 -0.04057802
v -0.03550595 0.01462705 -0.03952099
v -0.03284096 0.01471104 -0.04176296
v -0.03284198 0.01257904 -0.04047300
v -0.03002196 0.01260705 -0.04260196
v -0.03002500 0.01060005 -0.04184200
v -0.02718198 0.01000001 -0.04361404
v -0.03177297 0.01000001 -0.04039206
v 0.03539997 0.01000001 -0.03725602
v 0.03371900 0.01000001 -0.03878297
v 0.03215396 0.01060005 -0.04022898
v 0.03178000 0.01000001 -0.04038705
v 0.02892994 0.01060005 -0.04260601
v 0.02719396 0.01000001 -0.04360606
v 0.02553099 0.01060005 -0.04472603
v 0.02216798 0.01000001 -0.04636396
v 0.02197694 0.01060005 -0.04657496
v 0.01829099 0.01060005 -0.04814197
v 0.01828896 0.01269104 -0.04877295
v 0.01449298 0.01270904 -0.05002297
v 0.01449298 0.01506402 -0.05102195
v 0.01060795 0.01510103 -0.05195095
v 0.01060897 0.01675500 -0.05274405
v 0.00665998 0.01679201 -0.05337001
v 0.01686197 0.01000001 -0.04854704
v 0.01449298 0.01060005 -0.04941799
v 0.01060795 0.01272203 -0.05098106
v 0.00665998 0.01512601 -0.05258895
v 0.00266999 0.01681305 -0.05370797
v 0.01136100 0.01000001 -0.05012096
v 0.01060897 0.01060005 -0.05039503
v 0.00665897 0.01273204 -0.05163898
v 0.00266999 0.01513906 -0.05293502
v -0.00133496 0.01681502 -0.05375697
v 0.00665998 0.01060005 -0.05106701
v 0.00572395 0.01000001 -0.05107404
v 0.00266999 0.01273705 -0.05199505
v 0.00266999 0.01060005 -0.05143095
v -0.00133496 0.01273800 -0.05204596
v -0.00133496 0.01060005 -0.05148305
v -0.00533295 0.01273401 -0.05179097
v -0.00533295 0.01060005 -0.05122305
v -0.00929797 0.01272602 -0.05123402
v -0.00929797 0.01060005 -0.05065395
v -0.01320600 0.01271404 -0.05037500
v -0.01320695 0.01060005 -0.04977800
v -0.01703494 0.01269706 -0.04922201
v -0.01703596 0.01060005 -0.04859997
v -0.02075999 0.01267703 -0.04778100
v -0.02076196 0.01060005 -0.04713000
v -0.02552795 0.01264502 -0.04542698
v -0.02215498 0.01000001 -0.04637004
v -0.02553099 0.01060005 -0.04472603
v 0.00000700 0.01000001 -0.05139400
v -0.00570995 0.01000001 -0.05107500
v -0.01134699 0.01000001 -0.05012394
v -0.01684898 0.01000001 -0.04855205
v -0.03284394 0.01060005 -0.03966702
v -0.03371495 0.01000001 -0.03878702
v -0.03550696 0.01060005 -0.03730299
v -0.03539794 0.01000001 -0.03725804
v -0.03682595 0.01000001 -0.03584899
v -0.03799998 0.01000001 -0.03460301
v -0.03799998 0.01196106 -0.03533997
v -0.03550595 0.01254804 -0.03815795
v -0.03800100 0.01321204 -0.03613199
v -0.03805696 0.02458800 -0.04553105
v -0.03555196 0.02610405 -0.04852499
v -0.03287595 0.02648003 -0.05047096
v -0.03004896 0.02682705 -0.05226494
v -0.02554899 0.02728803 -0.05464901
v -0.02077895 0.02767505 -0.05663897
v -0.01895099 0.02782501 -0.05728902
v -0.01270496 0.02719004 -0.05836703
v -0.03812599 0.03190304 -0.05125298
v -0.03747498 0.03170104 -0.05154003
v -0.03650897 0.03141005 -0.05195297
v -0.03523999 0.03104700 -0.05247201
v -0.03368198 0.03062804 -0.05307402
v -0.03184598 0.03016903 -0.05374004
v -0.02974599 0.02968605 -0.05444802
v -0.02739298 0.02919401 -0.05517794
v -0.02480095 0.02870901 -0.05590905
v -0.02198100 0.02824701 -0.05662002
v -0.00637895 0.02686204 -0.05905606
v 0.00000000 0.02684803 -0.05934502
v 0.00637996 0.02686204 -0.05905606
v 0.01270699 0.02719004 -0.05836703
v 0.03523999 0.03104700 -0.05247106
v 0.03650897 0.03141005 -0.05195297
v 0.03805696 0.02458800 -0.04553105
v 0.03747498 0.03170104 -0.05154003
v 0.03812599 0.03190304 -0.05125298
v 0.03802597 0.02007802 -0.04174305
v 0.03800594 0.01556303 -0.03793098
v 0.03800100 0.01321204 -0.03613199
v 0.02892696 0.01261701 -0.04335095
v 0.02892595 0.01481600 -0.04455198
v 0.02552700 0.01489301 -0.04656400
v 0.02552700 0.01644804 -0.04746999
v 0.02197098 0.01496001 -0.04832102
v 0.02197098 0.01654805 -0.04919101
v 0.01828896 0.01501705 -0.04980899
v 0.01828998 0.01663204 -0.05064703
v 0.01449298 0.01670201 -0.05183400
v 0.02892595 0.01633503 -0.04550005
v 0.02892798 0.01872100 -0.04709400
v 0.02893400 0.02166505 -0.04915096
v 0.02552795 0.01264502 -0.04542603
v 0.02197396 0.01267006 -0.04723896
v 0.02552896 0.01889105 -0.04900195
v 0.02553397 0.02190204 -0.05099405
v 0.02197098 0.01904102 -0.05067100
v -0.00133496 0.01514103 -0.05298401
v -0.00533295 0.01513203 -0.05273701
v -0.00929797 0.01511003 -0.05219604
v -0.01320600 0.01507802 -0.05136301
v -0.01703494 0.01503404 -0.05024399
v -0.02075999 0.01498003 -0.04884697
v -0.02552700 0.01489301 -0.04656400
v -0.03002095 0.01478900 -0.04382600
v -0.00533295 0.01680101 -0.05351497
v -0.00929797 0.01677002 -0.05298497
v -0.01320695 0.01672204 -0.05216898
v -0.01703494 0.01665701 -0.05107297
v -0.02075999 0.01657803 -0.04970504
v -0.02552700 0.01644804 -0.04746999
v -0.03002095 0.01629503 -0.04479004
v -0.03284198 0.01617904 -0.04277195
v -0.03799998 0.03524204 0.08099996
v -0.03799998 0.03520401 0.08049999
v -0.03417700 0.03154404 0.08099996
v -0.03417497 0.03150804 0.08049999
v -0.02999299 0.02825303 0.08099996
v -0.02999097 0.02822001 0.08049999
v -0.02606099 0.02570201 0.08049999
v -0.02996397 0.02770503 0.07384299
v -0.02603995 0.02526905 0.07437800
v -0.02994495 0.02708502 0.06862603
v -0.02602595 0.02476300 0.06957506
v -0.02993196 0.02618302 0.06345402
v -0.02601599 0.02403201 0.06480502
v -0.02992600 0.02518101 0.05928503
v -0.02601200 0.02321704 0.06095003
v -0.02992498 0.02387305 0.05521594
v -0.02601295 0.02214803 0.05717205
v -0.02992695 0.02307703 0.05323897
v -0.02601498 0.02149202 0.05532895
v -0.02993094 0.02216603 0.05131899
v -0.02601999 0.02073802 0.05353104
v -0.02993595 0.02112104 0.04947697
v -0.02602499 0.01986702 0.05179595
v -0.02994400 0.01992102 0.04774104
v -0.02603298 0.01885904 0.05014502
v -0.02995395 0.01854904 0.04614805
v -0.02604198 0.01769306 0.04861306
v -0.02996599 0.01699002 0.04474305
v -0.02605396 0.01634903 0.04724000
v -0.02998095 0.01524504 0.04356895
v -0.02606797 0.01481701 0.04607402
v -0.02999800 0.01333202 0.04265700
v -0.02608299 0.01310004 0.04516397
v -0.03002500 0.01060005 0.04184197
v -0.02610796 0.01060005 0.04439102
v -0.02945500 0.01000001 0.04211603
v -0.02460598 0.01000001 0.04512106
v -0.03799998 0.03459300 0.07351504
v -0.03415298 0.03088601 0.07314299
v -0.03799998 0.03363504 0.06656896
v -0.03413695 0.03011902 0.06738804
v -0.03799998 0.03216304 0.05971502
v -0.03412598 0.02899505 0.06169401
v -0.03799998 0.03004403 0.05303501
v -0.03411996 0.02774800 0.05711697
v -0.03799998 0.02868004 0.04980503
v -0.03411895 0.02613105 0.05266701
v -0.03799998 0.02706505 0.04669498
v -0.03411996 0.02515204 0.05051600
v -0.03799998 0.02515002 0.04375897
v -0.03412300 0.02403601 0.04843699
v -0.03412699 0.02276404 0.04645597
v -0.03799998 0.02288504 0.04108702
v -0.03413295 0.02131303 0.04460703
v -0.03799998 0.02023704 0.03879498
v -0.03413999 0.01967002 0.04293405
v -0.03415000 0.01782902 0.04148696
v -0.03799998 0.01723303 0.03699695
v -0.03416097 0.01580603 0.04030000
v -0.03799998 0.01397504 0.03570901
v -0.03417497 0.01363505 0.03938399
v -0.03799998 0.01060005 0.03475998
v -0.03419595 0.01060005 0.03850804
v -0.03799998 0.01030006 0.03468202
v -0.03799998 0.01000001 0.03460299
v -0.03393799 0.01000001 0.03859495
v -0.02197694 0.01060005 0.04657506
v -0.01944696 0.01000001 0.04757296
v -0.01766496 0.01060005 0.04837595
v -0.01404899 0.01000001 0.04943596
v -0.01320695 0.01060005 0.04977797
v -0.00848997 0.01000001 0.05068801
v -0.00863999 0.01060005 0.05077003
v -0.00400299 0.01060005 0.05134402
v -0.00400198 0.01246704 0.05203103
v 0.00066800 0.01245303 0.05218099
v 0.00066800 0.01362105 0.05309998
v 0.00533098 0.01366700 0.05282806
v 0.00066800 0.01456304 0.05425094
v 0.00533098 0.01463200 0.05397902
v 0.00066800 0.01530804 0.05553995
v 0.00532997 0.01540001 0.05527197
v 0.00066800 0.01590003 0.05690704
v 0.00532895 0.01601405 0.05664502
v 0.00066700 0.01637502 0.05831896
v 0.00532895 0.01650901 0.05806600
v 0.00066700 0.01676001 0.05975805
v 0.00532800 0.01691301 0.05951606
v 0.00066700 0.01707704 0.06121396
v 0.00532800 0.01724704 0.06098495
v 0.00066700 0.01733805 0.06268095
v 0.00532699 0.01752301 0.06246696
v 0.00066700 0.01773901 0.06563304
v 0.00532597 0.01795103 0.06545101
v 0.00066700 0.01802601 0.06860004
v 0.00532496 0.01825805 0.06845199
v 0.00066700 0.01827903 0.07223295
v 0.00532395 0.01853003 0.07212995
v 0.00066600 0.01847501 0.07587002
v 0.00532299 0.01873703 0.07581304
v 0.00066600 0.01870401 0.08049999
v 0.00532097 0.01897301 0.08049999
v 0.00532097 0.01900001 0.08099996
v 0.00992596 0.01965602 0.08049999
v 0.01057696 0.01981504 0.08099996
v 0.01445496 0.02075000 0.08049999
v 0.01572495 0.02116205 0.08099996
v 0.01886796 0.02224405 0.08049999
v 0.02071899 0.02303405 0.08099996
v 0.02312898 0.02412702 0.08049999
v 0.02549195 0.02540703 0.08099996
v 0.02720499 0.02638502 0.08049999
v 0.02999299 0.02825405 0.08099996
v 0.03106296 0.02899702 0.08049999
v 0.03417700 0.03154404 0.08099996
v 0.03467094 0.03194501 0.08049999
v 0.03799998 0.03524204 0.08099996
v 0.03799998 0.03520401 0.08049999
v 0.03464996 0.03131004 0.07304905
v 0.03799998 0.03420605 0.07029198
v 0.03463697 0.03052403 0.06722306
v 0.03462594 0.02937003 0.06145905
v 0.03100597 0.02684905 0.06303702
v 0.03099995 0.02578904 0.05877100
v 0.02715098 0.02375002 0.06049798
v 0.02715200 0.02261604 0.05664097
v 0.02309596 0.02106704 0.05840205
v 0.02309900 0.02050002 0.05664299
v 0.01885795 0.01931305 0.05822204
v 0.01886099 0.01877405 0.05659197
v 0.01446199 0.01792504 0.05792402
v 0.01446497 0.01739700 0.05639802
v 0.00993997 0.01685001 0.05742298
v 0.00994200 0.01630302 0.05597900
v -0.00282395 0.01000001 0.05131601
v 0.00066800 0.01060005 0.05149601
v 0.00533199 0.01247801 0.05191098
v 0.00995100 0.01254101 0.05122303
v 0.00994795 0.01378401 0.05213796
v 0.01447999 0.01397105 0.05103706
v 0.01447600 0.01508601 0.05219005
v 0.01888298 0.01546700 0.05069099
v 0.01887595 0.01651503 0.05202197
v 0.02312296 0.01715703 0.05016302
v 0.02311497 0.01819302 0.05165695
v 0.02717196 0.01914705 0.04949199
v 0.02716398 0.02020700 0.05116497
v 0.03101098 0.02151002 0.04875897
v 0.03100496 0.02261002 0.05063401
v 0.03462398 0.02428700 0.04805206
v 0.03462195 0.02543004 0.05015300
v 0.03799998 0.02845104 0.04931997
v 0.03799998 0.02993102 0.05274294
v 0.00288695 0.01000001 0.05131303
v 0.00533295 0.01060005 0.05122303
v 0.00995397 0.01060005 0.05052899
v 0.01448595 0.01264305 0.05012403
v 0.01889097 0.01422705 0.04953502
v 0.02313196 0.01594801 0.04880904
v 0.02718198 0.01792504 0.04794298
v 0.03101897 0.02025200 0.04699598
v 0.03462797 0.02298404 0.04605196
v 0.03799998 0.02507903 0.04366301
v 0.03799998 0.02683200 0.04629801
v 0.00855196 0.01000001 0.05067705
v 0.01410895 0.01000001 0.04941903
v 0.01449400 0.01060005 0.04941796
v 0.01889997 0.01278104 0.04862402
v 0.02314394 0.01454903 0.04764806
v 0.02719396 0.01652302 0.04656194
v 0.03102898 0.01881506 0.04538404
v 0.03463399 0.02150001 0.04418801
v 0.03799998 0.02319504 0.04140805
v 0.01891398 0.01060005 0.04790102
v 0.01950496 0.01000001 0.04754900
v 0.02317798 0.01060005 0.04598902
v 0.02466100 0.01000001 0.04509102
v 0.02725100 0.01060005 0.04369901
v 0.02950495 0.01000001 0.04208098
v 0.03107297 0.01340403 0.04187797
v 0.03109997 0.01060005 0.04104899
v 0.03467297 0.01367505 0.03894602
v 0.03357499 0.01000001 0.03891395
v 0.03469300 0.01060005 0.03806101
v 0.03515595 0.01000001 0.03749500
v 0.03642499 0.01000001 0.03626405
v 0.03168898 0.01000001 0.04046200
v 0.03799998 0.01060005 0.03475998
v 0.03737497 0.01000001 0.03528105
v 0.03799998 0.01030006 0.03468202
v 0.03799998 0.01000001 0.03460299
v 0.03799998 0.01480301 0.03598796
v 0.03465998 0.01588102 0.03986298
v 0.03799998 0.01695205 0.03686296
v 0.03464996 0.01794101 0.04105102
v 0.03799998 0.01909603 0.03802596
v 0.03464096 0.01982005 0.04250406
v 0.03799998 0.02119102 0.03953205
v 0.03461998 0.02643402 0.05232702
v 0.03799998 0.03126903 0.05658101
v 0.03462100 0.02809204 0.05682801
v 0.03799998 0.03244604 0.06083296
v 0.03799998 0.03343101 0.06542896
v 0.00000100 0.01872601 0.08099996
v -0.00399095 0.01885404 0.08049999
v -0.00399196 0.01862003 0.07583796
v -0.00861698 0.01917101 0.07571696
v -0.00861895 0.01894404 0.07195996
v -0.01317095 0.01985206 0.07158695
v -0.01317197 0.01948305 0.06767498
v -0.01760995 0.02066906 0.06692503
v -0.01761096 0.02014901 0.06356500
v -0.02189999 0.02153601 0.06237994
v -0.02190196 0.02067103 0.05885397
v -0.00531995 0.01900001 0.08099996
v -0.00861496 0.01941903 0.08049999
v -0.01317000 0.02012105 0.07550906
v -0.01761096 0.02113302 0.07106195
v -0.02190095 0.02219005 0.06596504
v -0.01057595 0.01981403 0.08099996
v -0.01317095 0.02039601 0.08049999
v -0.01761496 0.02146305 0.07521401
v -0.02190697 0.02277406 0.07038902
v -0.01572400 0.02116205 0.08099996
v -0.01762098 0.02177705 0.08049999
v -0.02191495 0.02318402 0.07483600
v -0.02071797 0.02303405 0.08099996
v -0.02192896 0.02355005 0.08049999
v -0.02549099 0.02540703 0.08099996
v -0.02195799 0.01290204 0.04731594
v -0.01765298 0.01273800 0.04909299
v -0.01319998 0.01261003 0.05047904
v -0.00863695 0.01251902 0.05146204
v -0.02194595 0.01445003 0.04822598
v -0.01764500 0.01414706 0.05000399
v -0.01319599 0.01391102 0.05139302
v -0.00863600 0.01374401 0.05237804
v -0.00400096 0.01364704 0.05294906
v -0.02193599 0.01580103 0.04938506
v -0.01763796 0.01534803 0.05115996
v -0.01319199 0.01499505 0.05254601
v -0.00863397 0.01474603 0.05352996
v -0.00399995 0.01460101 0.05410002
v -0.02192699 0.01696004 0.05073200
v -0.01763194 0.01635601 0.05248402
v -0.01318800 0.01588501 0.05385505
v -0.00863194 0.01555200 0.05482696
v -0.00399995 0.01535900 0.05539106
v -0.02191895 0.01794900 0.05221199
v -0.01762700 0.01720001 0.05392300
v -0.01318496 0.01661600 0.05526100
v -0.00862998 0.01620205 0.05621003
v -0.00399899 0.01596303 0.05676101
v -0.02191299 0.01879402 0.05378901
v -0.01762199 0.01790901 0.05543898
v -0.01318299 0.01722004 0.05673002
v -0.00862896 0.01673205 0.05764602
v -0.00399899 0.01644905 0.05817805
v -0.02190798 0.01951601 0.05543302
v -0.01761895 0.01850803 0.05700801
v -0.01317995 0.01772304 0.05824004
v -0.00862795 0.01716705 0.05911599
v -0.00399798 0.01684500 0.05962394
v -0.02190500 0.02013601 0.05712603
v -0.01761597 0.01901801 0.05861495
v -0.01317799 0.01814605 0.05977903
v -0.00862598 0.01752801 0.06060694
v -0.00399697 0.01717104 0.06108700
v -0.01761299 0.01945300 0.06024705
v -0.01317399 0.01906700 0.06449197
v -0.00862098 0.01864202 0.06820904
v -0.00399297 0.01841803 0.07217597
v -0.01317596 0.01850303 0.06133805
v -0.00862497 0.01783104 0.06211196
v -0.00399697 0.01744105 0.06256197
v -0.00862294 0.01830103 0.06515001
v -0.00399494 0.01815505 0.06851803
v -0.00399595 0.01785703 0.06553195
v 0.00994599 0.01480605 0.05329000
v 0.00994396 0.01563300 0.05459105
v 0.00993794 0.01730205 0.05890296
v 0.00993699 0.01767905 0.06040596
v 0.00993598 0.01799400 0.06192397
v 0.00993299 0.01848705 0.06499003
v 0.00993097 0.01884605 0.06807898
v 0.00992900 0.01916505 0.07186900
v 0.00992799 0.01940204 0.07566701
v 0.01447194 0.01600601 0.05350302
v 0.01446795 0.01676603 0.05491696
v 0.01445996 0.01837005 0.05948006
v 0.01445800 0.01874705 0.06105803
v 0.01445496 0.01934500 0.06425403
v 0.01445299 0.01978703 0.06748305
v 0.01445299 0.02018000 0.07145201
v 0.01445299 0.02046503 0.07543300
v 0.01886999 0.01739700 0.05347095
v 0.01886498 0.01814200 0.05500303
v 0.01885598 0.01977403 0.05987905
v 0.01885294 0.02051504 0.06325196
v 0.01885294 0.02107002 0.06667100
v 0.01885598 0.02156605 0.07088398
v 0.01885998 0.02191700 0.07511400
v 0.02311396 0.02374305 0.07471298
v 0.02718198 0.02593000 0.07423304
v 0.03103595 0.02845801 0.07367705
v 0.02310299 0.02330805 0.07017098
v 0.02716594 0.02539302 0.06931804
v 0.03101897 0.02780403 0.06833302
v 0.02309697 0.02268405 0.06565295
v 0.02715498 0.02461500 0.06443797
v 0.02309399 0.02198704 0.06199597
v 0.02310299 0.01984401 0.05492197
v 0.02310800 0.01908202 0.05325304
v 0.02715796 0.02112503 0.05292998
v 0.02315700 0.01295503 0.04673801
v 0.02722495 0.01316305 0.04448305
v 0.02720797 0.01493301 0.04539298
v 0.03104096 0.01718904 0.04396902
v 0.02715396 0.02192201 0.05476104
v 0.03099900 0.02440806 0.05461000
v 0.03105598 0.01537903 0.04279099
v 0.03100198 0.02356900 0.05259202
v -0.03856694 0.11184198 0.05108200
v -0.03833895 0.10979897 0.05898403
v -0.03784596 0.11234296 0.05169295
v -0.03680795 0.11304397 0.05254601
v -0.03546994 0.11390895 0.05359601
v -0.03570896 0.11149699 0.06217395
v -0.03384798 0.11490095 0.05479704
v -0.03300595 0.11378897 0.06206499
v -0.03195899 0.11598599 0.05610500
v -0.03015500 0.11589796 0.06196402
v -0.02982199 0.11712599 0.05747400
v -0.02745097 0.11828799 0.05886005
v -0.02562499 0.11869598 0.06183003
v -0.02486598 0.11943394 0.06021701
v -0.02208197 0.12052799 0.06149899
v -0.02555400 0.11763698 0.06753896
v -0.02077394 0.11999000 0.06746303
v -0.02550399 0.11675394 0.07327806
v -0.02073299 0.11911297 0.07323597
v -0.02548295 0.11612899 0.07905196
v -0.02071499 0.11849398 0.07904302
v -0.02208495 0.11774797 0.08099996
v -0.02071499 0.11839599 0.08049999
v -0.01678997 0.11988700 0.08099996
v -0.01699298 0.11984498 0.08049999
v -0.01699298 0.11994094 0.07903801
v -0.03815996 0.10816598 0.06642304
v -0.03560096 0.11038000 0.06777094
v -0.03290897 0.11269099 0.06769703
v -0.03006899 0.11481697 0.06762897
v -0.03804194 0.10695899 0.07354795
v -0.03552395 0.10946894 0.07340597
v -0.03284198 0.11178995 0.07336496
v -0.03000897 0.11392397 0.07332800
v -0.03548997 0.10881997 0.07907699
v -0.03799998 0.10619599 0.08049999
v -0.03548896 0.10870696 0.08049999
v -0.03681498 0.10738695 0.08099996
v -0.03537398 0.10877795 0.08099996
v -0.03799998 0.10617698 0.08074997
v -0.03799998 0.10615796 0.08099996
v -0.03367596 0.11028797 0.08099996
v -0.03171795 0.11187298 0.08099996
v -0.03281295 0.11103994 0.08049999
v -0.03281295 0.11114896 0.07906900
v -0.02710700 0.11504496 0.08099996
v -0.02998399 0.11318499 0.08049999
v -0.02998399 0.11328996 0.07906197
v -0.02548295 0.11602796 0.08049999
v -0.01130598 0.12142796 0.08099996
v -0.01317095 0.12100399 0.08049999
v -0.01317095 0.12109900 0.07903396
v -0.01318395 0.12171394 0.07318996
v -0.01700896 0.12055797 0.07321106
v -0.01321095 0.12258494 0.06737898
v -0.01704299 0.12143100 0.06741606
v -0.01611399 0.12240595 0.06364904
v -0.01914298 0.12152994 0.06265698
v -0.00568998 0.12236095 0.08099996
v -0.00927097 0.12186695 0.08049999
v -0.00927198 0.12195999 0.07903098
v -0.00928098 0.12257499 0.07317506
v -0.00929999 0.12344397 0.06735097
v -0.00980699 0.12373800 0.06508504
v -0.01299995 0.12314499 0.06446205
v 0.00000300 0.12267399 0.08099996
v -0.00133097 0.12268299 0.08049999
v -0.00531697 0.12242699 0.08049999
v -0.00531697 0.12251998 0.07902895
v -0.00133097 0.12277598 0.07902800
v -0.00133300 0.12338996 0.07316004
v 0.00266498 0.12333799 0.07316099
v 0.00267094 0.12420697 0.06732605
v 0.00666100 0.12384999 0.06733798
v 0.00329900 0.12444199 0.06571005
v 0.00657398 0.12417096 0.06550203
v 0.00981694 0.12373597 0.06508301
v 0.01061099 0.12319094 0.06735896
v 0.01301294 0.12314195 0.06445895
v 0.01449799 0.12223298 0.06738995
v 0.01612895 0.12240196 0.06364404
v 0.01829898 0.12098200 0.06743096
v 0.01915997 0.12152499 0.06265102
v 0.02199095 0.11944700 0.06747995
v 0.02205300 0.12049300 0.06174301
v 0.02562600 0.11869598 0.06183003
v 0.02488100 0.11942697 0.06020902
v 0.02746397 0.11828197 0.05885302
v 0.02904999 0.11663896 0.06192802
v 0.02983099 0.11712099 0.05746804
v 0.03230696 0.11433399 0.06203900
v 0.03196597 0.11598194 0.05610095
v 0.03385198 0.11489898 0.05479406
v 0.03537994 0.11179299 0.06216000
v 0.03547197 0.11390698 0.05359398
v 0.03833895 0.10979897 0.05898403
v 0.03680896 0.11304397 0.05254601
v 0.03784596 0.11234296 0.05169402
v 0.03856694 0.11184198 0.05108200
v 0.00569695 0.12236000 0.08099996
v 0.00266194 0.12263197 0.08049999
v 0.00266194 0.12272394 0.07902800
v 0.01131194 0.12142695 0.08099996
v 0.00663996 0.12227399 0.08049999
v 0.00663996 0.12236697 0.07902895
v 0.00664699 0.12298096 0.07316803
v 0.01679700 0.11988396 0.08099996
v 0.01445496 0.12065000 0.08049999
v 0.01445496 0.12074495 0.07903503
v 0.01057898 0.12170595 0.07903205
v 0.01446896 0.12136096 0.07319699
v 0.01058900 0.12232096 0.07317899
v 0.02209097 0.11774499 0.08099996
v 0.01824599 0.11939395 0.08049999
v 0.01824599 0.11948997 0.07904004
v 0.01826196 0.12010795 0.07321905
v 0.02711194 0.11504198 0.08099996
v 0.02548295 0.11602796 0.08049999
v 0.02548295 0.11612899 0.07905196
v 0.02192896 0.11794794 0.07904504
v 0.02550399 0.11675394 0.07327806
v 0.02194797 0.11856896 0.07324599
v 0.02555400 0.11763698 0.06753896
v 0.03172099 0.11187095 0.08099996
v 0.02888697 0.11393798 0.08049999
v 0.02888596 0.11404294 0.07905899
v 0.02890998 0.11467398 0.07331501
v 0.02896696 0.11556399 0.06760500
v 0.03367799 0.11028594 0.08099996
v 0.03211998 0.11159397 0.08049999
v 0.03211998 0.11170197 0.07906698
v 0.03214699 0.11234099 0.07335602
v 0.03221297 0.11323995 0.06767999
v 0.03537499 0.10877699 0.08099996
v 0.03516399 0.10900796 0.08049999
v 0.03516399 0.10912097 0.07907604
v 0.03519695 0.10976899 0.07340096
v 0.03527295 0.11067796 0.06776105
v 0.03681498 0.10738695 0.08099996
v 0.03799998 0.10619599 0.08049999
v 0.03804194 0.10695899 0.07354795
v 0.03799998 0.10615796 0.08099996
v 0.03799998 0.10617698 0.08074997
v 0.03815996 0.10816598 0.06642304
v 0.02209997 0.12052197 0.06149195
v 0.00000000 0.12454695 0.06570302
v -0.00133598 0.12425799 0.06732498
v -0.00532299 0.12313396 0.07316504
v -0.00329596 0.12444300 0.06571005
v -0.00533396 0.12400300 0.06733297
v -0.00656694 0.12417198 0.06550299
v 0.02192896 0.11784995 0.08049999
v 0.01057898 0.12161297 0.08049999
v 0.03784596 0.11234296 0.05169402
v 0.03856694 0.11184198 0.05108200
v 0.03933298 0.10872198 0.04712199
v 0.04021298 0.11048395 0.04941402
v 0.04200696 0.10897995 0.04756604
v 0.04150795 0.10686499 0.04483806
v 0.04392194 0.10730196 0.04549895
v 0.04432195 0.10426295 0.04162704
v 0.04592800 0.10542095 0.04317699
v 0.04573595 0.10283697 0.03986202
v 0.04799795 0.10330797 0.04055999
v 0.04768300 0.10070700 0.03721796
v 0.05010396 0.10093499 0.03761302
v 0.04966998 0.09828997 0.03420900
v 0.05220496 0.09828795 0.03431402
v 0.05121999 0.09619898 0.03159796
v 0.05415999 0.09551597 0.03085004
v 0.05280399 0.09385199 0.02866195
v 0.05476695 0.09062899 0.02462100
v 0.05751800 0.08999199 0.02392195
v 0.05577099 0.08883799 0.02236997
v 0.05679297 0.08691496 0.01995204
v 0.05891096 0.08739198 0.02065395
v 0.05752098 0.08548195 0.01814900
v 0.05832594 0.08383894 0.01608096
v 0.06010699 0.08500296 0.01764701
v 0.05936795 0.08160395 0.01326500
v 0.06109994 0.08290095 0.01499794
v 0.06192296 0.08107198 0.01269303
v 0.06043499 0.07914198 0.01015900
v 0.06330198 0.07774199 0.00848804
v 0.06213295 0.07460399 0.00442301
v 0.06436198 0.07478399 0.00474702
v 0.06333798 0.07009400 -0.00129904
v 0.06513696 0.07214195 0.00139903
v 0.06566596 0.06974800 -0.00164200
v 0.06370097 0.06776805 -0.00426103
v 0.06599199 0.06742800 -0.00459804
v 0.06385296 0.06542600 -0.00725199
v 0.06610900 0.06511200 -0.00755705
v 0.06600099 0.06278802 -0.01053704
v 0.06375998 0.06299002 -0.01037396
v 0.06564897 0.06047304 -0.01351501
v 0.06337898 0.06051703 -0.01355494
v 0.06504499 0.05818905 -0.01646306
v 0.06269299 0.05806501 -0.01672198
v 0.06420695 0.05595900 -0.01935400
v 0.06171995 0.05565400 -0.01985003
v 0.06315398 0.05376704 -0.02220406
v 0.06048899 0.05328102 -0.02294005
v 0.06040298 0.04935105 -0.02797402
v 0.05897599 0.05086501 -0.02609600
v 0.05814397 0.04967804 -0.02765097
v 0.05717796 0.04839303 -0.02933694
v 0.05695897 0.04507001 -0.03359999
v 0.05498397 0.04577406 -0.03278305
v 0.05504798 0.04306705 -0.03624500
v 0.05269199 0.04340304 -0.03591503
v 0.05306899 0.04121704 -0.03869595
v 0.05023998 0.04120703 -0.03883006
v 0.05108296 0.03956004 -0.04090203
v 0.04910498 0.03807904 -0.04288198
v 0.04830896 0.03968401 -0.04086102
v 0.04714596 0.03675605 -0.04465796
v 0.04639297 0.03832503 -0.04268195
v 0.04522198 0.03557403 -0.04625298
v 0.04420995 0.03693302 -0.04455604
v 0.04208797 0.03571303 -0.04620804
v 0.04152697 0.03356202 -0.04898502
v 0.03968495 0.03445400 -0.04792203
v 0.03812599 0.03190304 -0.05125298
v 0.03687494 0.03308906 -0.04978897
v 0.03747498 0.03170104 -0.05154003
v 0.03650897 0.03141005 -0.05195297
v 0.03538495 0.03264006 -0.05042697
v 0.03523999 0.03104700 -0.05247106
v 0.03346699 0.03210403 -0.05119504
v 0.03368198 0.03062804 -0.05307402
v 0.03184700 0.03016903 -0.05373897
v 0.03157597 0.03161700 -0.05189897
v 0.02974694 0.02968605 -0.05444802
v 0.02937698 0.03109802 -0.05265595
v 0.02739399 0.02919401 -0.05517699
v 0.02489995 0.03018703 -0.05401196
v 0.02480298 0.02870901 -0.05590798
v 0.02198398 0.02824701 -0.05661894
v 0.02031296 0.02944304 -0.05515994
v 0.01895397 0.02782501 -0.05728795
v 0.01531100 0.02883704 -0.05614902
v 0.01270699 0.02719004 -0.05836703
v 0.01023995 0.02843203 -0.05688204
v 0.00637996 0.02686204 -0.05905606
v 0.00513095 0.02823402 -0.05735303
v 0.00000000 0.02684803 -0.05934502
v 0.00000000 0.02824403 -0.05755795
v 0.03680896 0.11304397 0.05254601
v 0.03344994 0.11357797 0.05308698
v 0.03547197 0.11390698 0.05359398
v 0.03385198 0.11489898 0.05479406
v 0.03322297 0.11376495 0.05331598
v 0.03196597 0.11598194 0.05610095
v 0.02968597 0.11574400 0.05569898
v 0.02983099 0.11712099 0.05746804
v 0.02746397 0.11828197 0.05885302
v 0.02592998 0.11756599 0.05787204
v 0.02488100 0.11942697 0.06020902
v 0.02196198 0.11919594 0.05978905
v 0.02209997 0.12052197 0.06149195
v 0.01915997 0.12152499 0.06265102
v 0.01778900 0.12059695 0.06140398
v 0.01612895 0.12240196 0.06364404
v 0.01352196 0.12171096 0.06264900
v 0.01301294 0.12314195 0.06445895
v 0.00981694 0.12373597 0.06508301
v 0.00910896 0.12253994 0.06352304
v 0.00657398 0.12417096 0.06550203
v 0.00458097 0.12306297 0.06400000
v 0.00329900 0.12444199 0.06571005
v 0.00000000 0.12325895 0.06405495
v 0.00000000 0.12454695 0.06570302
v 0.00000000 0.12454695 0.06570302
v 0.00000000 0.12325895 0.06405495
v -0.00329596 0.12444300 0.06571005
v -0.00458097 0.12306297 0.06400000
v -0.00656694 0.12417198 0.06550299
v -0.00910896 0.12254096 0.06352304
v -0.00980699 0.12373800 0.06508504
v -0.01299995 0.12314499 0.06446205
v -0.01352196 0.12171096 0.06264900
v -0.01611399 0.12240595 0.06364904
v -0.01778900 0.12059695 0.06140398
v -0.01914298 0.12152994 0.06265698
v -0.02196198 0.11919594 0.05978905
v -0.02208197 0.12052799 0.06149899
v -0.02486598 0.11943394 0.06021701
v -0.02592998 0.11756599 0.05787204
v -0.02745097 0.11828799 0.05886005
v -0.02968597 0.11574400 0.05570005
v -0.02982199 0.11712599 0.05747400
v -0.03195899 0.11598599 0.05610500
v -0.03322297 0.11376495 0.05331598
v -0.03384798 0.11490095 0.05479704
v -0.03344994 0.11357797 0.05308698
v -0.03546994 0.11390895 0.05359601
v -0.03680795 0.11304397 0.05254601
v -0.03933799 0.10871798 0.04711698
v -0.03784596 0.11234296 0.05169295
v -0.03856694 0.11184198 0.05108200
v -0.04055899 0.11019499 0.04905902
v -0.04151499 0.10685897 0.04482995
v -0.04272395 0.10835797 0.04680096
v -0.04432195 0.10426295 0.04162704
v -0.04502397 0.10627997 0.04423796
v -0.04574596 0.10282696 0.03984903
v -0.04742199 0.10390699 0.04130302
v -0.04774194 0.10063798 0.03713296
v -0.04988098 0.10118795 0.03792702
v -0.04968196 0.09827400 0.03418802
v -0.05236297 0.09806896 0.03404103
v -0.05125498 0.09614999 0.03153704
v -0.05280596 0.09385199 0.02866302
v -0.05483198 0.09449995 0.02957796
v -0.05480498 0.09056497 0.02454005
v -0.05713999 0.09066600 0.02476905
v -0.05680996 0.08688099 0.01990996
v -0.05915296 0.08691699 0.02005599
v -0.05752897 0.08546496 0.01812802
v -0.05832594 0.08383894 0.01608096
v -0.06082499 0.08349497 0.01574706
v -0.05936998 0.08159996 0.01325904
v -0.06151795 0.08198399 0.01384197
v -0.06043499 0.07914198 0.01015900
v -0.06211400 0.08063198 0.01213704
v -0.06316995 0.07807995 0.00891505
v -0.06213295 0.07460500 0.00442301
v -0.06406998 0.07564796 0.00584100
v -0.06481200 0.07332594 0.00290094
v -0.06333798 0.07009400 -0.00129797
v -0.06580001 0.06895603 -0.00265099
v -0.06370198 0.06776703 -0.00426103
v -0.06385296 0.06542600 -0.00725199
v -0.06610596 0.06466503 -0.00812997
v -0.06375998 0.06299002 -0.01037396
v -0.06597197 0.06251002 -0.01089503
v -0.06562799 0.06037201 -0.01364399
v -0.06337898 0.06051703 -0.01355494
v -0.06506997 0.05826701 -0.01636304
v -0.06269299 0.05806501 -0.01672305
v -0.06427896 0.05613102 -0.01913096
v -0.06171995 0.05565400 -0.01985003
v -0.06321400 0.05388303 -0.02205397
v -0.06048798 0.05327906 -0.02294196
v -0.06185197 0.05151905 -0.02513696
v -0.05897599 0.05086501 -0.02609600
v -0.06017196 0.04903902 -0.02838303
v -0.05719399 0.04841502 -0.02930798
v -0.05807095 0.04634602 -0.03191794
v -0.05498397 0.04577406 -0.03278305
v -0.05543595 0.04345103 -0.03573598
v -0.05268698 0.04339804 -0.03592099
v -0.05221098 0.04047801 -0.03967799
v -0.05025196 0.04121704 -0.03881599
v -0.04847496 0.03764303 -0.04346599
v -0.04831999 0.03969301 -0.04085006
v -0.04640197 0.03833200 -0.04267301
v -0.04478096 0.03532101 -0.04659499
v -0.04421895 0.03694005 -0.04454805
v -0.04209500 0.03571804 -0.04620196
v -0.04129296 0.03344502 -0.04914500
v -0.03969097 0.03445704 -0.04791702
v -0.03812599 0.03190304 -0.05125298
v -0.03687399 0.03308906 -0.04978897
v -0.03747498 0.03170104 -0.05154003
v -0.03650897 0.03141005 -0.05195297
v -0.03538495 0.03264006 -0.05042697
v -0.03523999 0.03104700 -0.05247201
v -0.03346699 0.03210403 -0.05119504
v -0.03368198 0.03062804 -0.05307402
v -0.03184598 0.03016903 -0.05374004
v -0.03157597 0.03161605 -0.05189897
v -0.02974599 0.02968605 -0.05444802
v -0.02937698 0.03109802 -0.05265595
v -0.02739298 0.02919401 -0.05517794
v -0.02489995 0.03018703 -0.05401196
v -0.02480095 0.02870901 -0.05590905
v -0.02198100 0.02824701 -0.05662002
v -0.02031296 0.02944304 -0.05515994
v -0.01895099 0.02782501 -0.05728902
v -0.01531100 0.02883704 -0.05614902
v -0.01270496 0.02719004 -0.05836703
v -0.01023995 0.02843203 -0.05688204
v -0.00637895 0.02686204 -0.05905606
v -0.00513095 0.02823402 -0.05735303
v 0.00000000 0.02684803 -0.05934502
v 0.00000000 0.02824403 -0.05755795
v -0.04119700 0.01000001 -0.03072800
v -0.03799998 0.01000001 -0.03460301
v -0.01954597 0.01000001 -0.01558699
v -0.03682595 0.01000001 -0.03584899
v -0.01644796 0.01000001 -0.01882698
v -0.03539794 0.01000001 -0.03725804
v -0.03371495 0.01000001 -0.03878702
v -0.03177297 0.01000001 -0.04039206
v -0.01282197 0.01000001 -0.02146102
v -0.02718198 0.01000001 -0.04361404
v -0.02215498 0.01000001 -0.04637004
v -0.00878400 0.01000001 -0.02340604
v -0.01684898 0.01000001 -0.04855205
v -0.01134699 0.01000001 -0.05012394
v -0.00446397 0.01000001 -0.02459802
v -0.00570995 0.01000001 -0.05107500
v 0.00000000 0.01000001 -0.02499999
v 0.00000700 0.01000001 -0.05139400
v 0.00572395 0.01000001 -0.05107404
v 0.00446397 0.01000001 -0.02459802
v 0.01136100 0.01000001 -0.05012096
v 0.00878400 0.01000001 -0.02340604
v 0.01686197 0.01000001 -0.04854704
v 0.02216798 0.01000001 -0.04636396
v 0.01282197 0.01000001 -0.02146102
v 0.02719396 0.01000001 -0.04360606
v 0.03178000 0.01000001 -0.04038705
v 0.01644796 0.01000001 -0.01882698
v 0.03371900 0.01000001 -0.03878297
v 0.03539997 0.01000001 -0.03725602
v 0.03682595 0.01000001 -0.03584899
v 0.01954597 0.01000001 -0.01558699
v 0.03799998 0.01000001 -0.03460301
v 0.04103195 0.01000001 -0.03094698
v 0.04370999 0.01000001 -0.02703299
v 0.02201497 0.01000001 -0.01184703
v 0.04601699 0.01000001 -0.02288701
v 0.04793494 0.01000001 -0.01853706
v 0.02377599 0.01000001 -0.00772501
v 0.04944097 0.01000001 -0.01403500
v 0.05052298 0.01000001 -0.00942399
v 0.02477395 0.01000001 -0.00335599
v 0.05117595 0.01000001 -0.00473405
v 0.05139499 0.01000001 0.00000499
v 0.02497500 0.01000001 0.00112198
v 0.05117499 0.01000001 0.00474499
v 0.02437299 0.01000001 0.00556301
v 0.05052095 0.01000001 0.00943504
v 0.04943799 0.01000001 0.01404499
v 0.02298796 0.01000001 0.00982605
v 0.04793298 0.01000001 0.01854394
v 0.04601597 0.01000001 0.02288996
v 0.02086395 0.01000001 0.01377200
v 0.04371196 0.01000001 0.02703105
v 0.04103499 0.01000001 0.03094398
v 0.01806998 0.01000001 0.01727699
v 0.03799998 0.01000001 0.03460299
v 0.03737497 0.01000001 0.03528105
v 0.03642499 0.01000001 0.03626405
v 0.03515595 0.01000001 0.03749500
v 0.03357499 0.01000001 0.03891395
v 0.01469498 0.01000001 0.02022503
v 0.03168898 0.01000001 0.04046200
v 0.02950495 0.01000001 0.04208098
v 0.02466100 0.01000001 0.04509102
v 0.01084697 0.01000001 0.02252398
v 0.01950496 0.01000001 0.04754900
v 0.00665098 0.01000001 0.02409898
v 0.01410895 0.01000001 0.04941903
v 0.00855196 0.01000001 0.05067705
v 0.00224095 0.01000001 0.02489899
v 0.00288695 0.01000001 0.05131303
v -0.00282395 0.01000001 0.05131601
v -0.00224095 0.01000001 0.02489899
v -0.00848997 0.01000001 0.05068801
v -0.00665098 0.01000001 0.02409898
v -0.01404899 0.01000001 0.04943596
v -0.01944696 0.01000001 0.04757296
v -0.01084697 0.01000001 0.02252398
v -0.02460598 0.01000001 0.04512106
v -0.01469498 0.01000001 0.02022503
v -0.02945500 0.01000001 0.04211603
v -0.03393799 0.01000001 0.03859495
v -0.01806998 0.01000001 0.01727699
v -0.03799998 0.01000001 0.03460299
v -0.03857296 0.01000001 0.03396605
v -0.03941398 0.01000001 0.03298901
v -0.04046696 0.01000001 0.03168796
v -0.02086395 0.01000001 0.01377200
v -0.04167598 0.01000001 0.03007697
v -0.04298597 0.01000001 0.02817105
v -0.04430896 0.01000001 0.02604102
v -0.02298796 0.01000001 0.00982605
v -0.04664397 0.01000001 0.02158199
v -0.04852896 0.01000001 0.01692198
v -0.02437299 0.01000001 0.00556301
v -0.04994696 0.01000001 0.01211296
v -0.05088800 0.01000001 0.00719403
v -0.02497500 0.01000001 0.00112198
v -0.05134695 0.01000001 0.00220202
v -0.05131697 0.01000001 -0.00281896
v -0.02477395 0.01000001 -0.00335599
v -0.05079799 0.01000001 -0.00780405
v -0.04979699 0.01000001 -0.01271202
v -0.02377599 0.01000001 -0.00772501
v -0.04832094 0.01000001 -0.01750697
v -0.04637795 0.01000001 -0.02214600
v -0.02201497 0.01000001 -0.01184703
v -0.04399597 0.01000001 -0.02656402
v 0.00000000 0.00000002 -0.02499999
v 0.00446397 0.00000002 -0.02459802
v -0.00446397 0.00000002 -0.02459802
v 0.00878400 0.00000002 -0.02340604
v -0.00878400 0.00000002 -0.02340604
v 0.01282197 0.00000002 -0.02146102
v -0.01282197 0.00000002 -0.02146102
v 0.01644796 0.00000002 -0.01882698
v 0.01954597 0.00000002 -0.01558699
v 0.02201497 0.00000002 -0.01184703
v 0.02377599 0.00000002 -0.00772501
v 0.02477395 0.00000002 -0.00335599
v 0.02497500 0.00000002 0.00112198
v 0.02437299 0.00000002 0.00556301
v 0.02298796 0.00000002 0.00982605
v 0.02086395 0.00000002 0.01377200
v 0.01806998 0.00000002 0.01727699
v -0.01644796 0.00000002 -0.01882698
v 0.01469498 0.00000002 0.02022503
v 0.01084697 0.00000002 0.02252398
v 0.00665098 0.00000002 0.02409898
v 0.00224095 0.00000002 0.02489899
v -0.00224095 0.00000002 0.02489899
v -0.00665098 0.00000002 0.02409898
v -0.01084697 0.00000002 0.02252398
v -0.01469498 0.00000002 0.02022503
v -0.01806998 0.00000002 0.01727699
v -0.01954597 0.00000002 -0.01558699
v -0.02086395 0.00000002 0.01377200
v -0.02201497 0.00000002 -0.01184703
v -0.02298796 0.00000002 0.00982605
v -0.02377599 0.00000002 -0.00772501
v -0.02437299 0.00000002 0.00556301
v -0.02477395 0.00000002 -0.00335599
v -0.02497500 0.00000002 0.00112198
v -0.00446397 0.00000002 -0.02459802
v 0.00000000 0.01000001 -0.02499999
v 0.00000000 0.00000002 -0.02499999
v 0.00446397 0.01000001 -0.02459802
v 0.00446397 0.00000002 -0.02459802
v 0.00878400 0.01000001 -0.02340604
v 0.00878400 0.00000002 -0.02340604
v 0.01282197 0.01000001 -0.02146102
v 0.01282197 0.00000002 -0.02146102
v 0.01644796 0.01000001 -0.01882698
v 0.01644796 0.00000002 -0.01882698
v 0.01954597 0.01000001 -0.01558699
v 0.01954597 0.00000002 -0.01558699
v 0.02201497 0.01000001 -0.01184703
v 0.02201497 0.00000002 -0.01184703
v 0.02377599 0.01000001 -0.00772501
v 0.02377599 0.00000002 -0.00772501
v 0.02477395 0.01000001 -0.00335599
v 0.02477395 0.00000002 -0.00335599
v 0.02497500 0.01000001 0.00112198
v 0.02497500 0.00000002 0.00112198
v 0.02437299 0.01000001 0.00556301
v 0.02437299 0.00000002 0.00556301
v 0.02298796 0.01000001 0.00982605
v 0.02298796 0.00000002 0.00982605
v 0.02086395 0.01000001 0.01377200
v 0.02086395 0.00000002 0.01377200
v 0.01806998 0.01000001 0.01727699
v 0.01806998 0.00000002 0.01727699
v 0.01469498 0.01000001 0.02022503
v 0.01469498 0.00000002 0.02022503
v 0.01084697 0.01000001 0.02252398
v 0.01084697 0.00000002 0.02252398
v 0.00665098 0.01000001 0.02409898
v 0.00665098 0.00000002 0.02409898
v 0.00224095 0.01000001 0.02489899
v 0.00224095 0.00000002 0.02489899
v 0.00224095 0.00000002 0.02489899
v 0.00224095 0.01000001 0.02489899
v -0.00224095 0.01000001 0.02489899
v -0.00224095 0.00000002 0.02489899
v -0.00665098 0.01000001 0.02409898
v -0.00665098 0.00000002 0.02409898
v -0.01084697 0.01000001 0.02252398
v -0.01084697 0.00000002 0.02252398
v -0.01469498 0.01000001 0.02022503
v -0.01469498 0.00000002 0.02022503
v -0.01806998 0.01000001 0.01727699
v -0.01806998 0.00000002 0.01727699
v -0.02086395 0.01000001 0.01377200
v -0.02086395 0.00000002 0.01377200
v -0.02298796 0.01000001 0.00982605
v -0.02298796 0.00000002 0.00982605
v -0.02437299 0.01000001 0.00556301
v -0.02437299 0.00000002 0.00556301
v -0.02497500 0.01000001 0.00112198
v -0.02497500 0.00000002 0.00112198
v -0.02477395 0.01000001 -0.00335599
v -0.02477395 0.00000002 -0.00335599
v -0.02377599 0.01000001 -0.00772501
v -0.02377599 0.00000002 -0.00772501
v -0.02201497 0.01000001 -0.01184703
v -0.02201497 0.00000002 -0.01184703
v -0.01954597 0.01000001 -0.01558699
v -0.01954597 0.00000002 -0.01558699
v -0.01644796 0.01000001 -0.01882698
v -0.01644796 0.00000002 -0.01882698
v -0.01282197 0.01000001 -0.02146102
v -0.01282197 0.00000002 -0.02146102
v -0.00878400 0.01000001 -0.02340604
v -0.00878400 0.00000002 -0.02340604
v -0.00446397 0.01000001 -0.02459802
v -0.02968800 0.11574895 0.05567394
v -0.03049796 0.11678398 0.05703400
v -0.03322595 0.11376900 0.05329095
v -0.03467798 0.11440194 0.05416296
v -0.03327995 0.11372400 0.05323599
v -0.03333395 0.11367995 0.05318104
v -0.03338897 0.11363495 0.05312596
v -0.03344297 0.11358995 0.05307101
v -0.03727895 0.11111397 0.05006503
v -0.03856796 0.11184794 0.05105899
v -0.03762096 0.11085696 0.04974996
v -0.03934299 0.10943795 0.04800795
v -0.04065996 0.11011899 0.04893397
v -0.04126697 0.10781795 0.04601596
v -0.04298597 0.10813594 0.04649602
v -0.04312998 0.10616798 0.04398297
v -0.04548197 0.10585100 0.04367696
v -0.04505997 0.10433496 0.04171895
v -0.04808795 0.10321296 0.04041205
v -0.04777097 0.10147799 0.03817700
v -0.05073899 0.10017294 0.03663395
v -0.04988199 0.09896195 0.03504704
v -0.05199497 0.09612996 0.03151105
v -0.05336397 0.09669799 0.03229700
v -0.05496096 0.09149796 0.02570997
v -0.05579197 0.09298397 0.02764605
v -0.05673599 0.08833898 0.02174102
v -0.05799198 0.08915300 0.02283596
v -0.05822896 0.08543999 0.01809405
v -0.05911999 0.08359898 0.01577602
v -0.06177896 0.08141095 0.01308905
v -0.05983799 0.08204896 0.01382195
v -0.06084996 0.07974399 0.01091598
v -0.06172096 0.07760299 0.00821196
v -0.06324195 0.07790799 0.00866698
v -0.06321400 0.07325996 0.00271700
v -0.06435698 0.07480795 0.00474702
v -0.06516396 0.07204999 0.00125097
v -0.02602696 0.11894298 0.05960701
v -0.02593195 0.11757094 0.05784701
v -0.02196300 0.11920095 0.05976294
v -0.02126598 0.12082696 0.06181501
v -0.01778900 0.12060094 0.06137894
v -0.01623499 0.12237895 0.06358801
v -0.01352196 0.12171495 0.06262301
v -0.01096296 0.12354696 0.06485795
v -0.00910896 0.12254495 0.06349801
v -0.00552297 0.12428099 0.06556700
v -0.00458097 0.12306798 0.06397401
v 0.00000000 0.12455094 0.06567799
v 0.00000000 0.12326295 0.06403004
v -0.06420695 0.06888003 -0.00284697
v -0.06570297 0.06955505 -0.00191905
v -0.06601899 0.06713600 -0.00500204
v -0.06445699 0.06659401 -0.00576295
v -0.06610596 0.06472106 -0.00808896
v -0.06449300 0.06429602 -0.00870301
v -0.06594598 0.06230200 -0.01119198
v -0.06428295 0.06191106 -0.01176299
v -0.06551700 0.05989303 -0.01429404
v -0.06379395 0.05951305 -0.01485397
v -0.06481498 0.05752303 -0.01735701
v -0.06302398 0.05714805 -0.01791300
v -0.06386500 0.05520906 -0.02036001
v -0.06199795 0.05482502 -0.02092995
v -0.06268197 0.05292304 -0.02333595
v -0.06073194 0.05252405 -0.02392997
v -0.06121098 0.05053605 -0.02645303
v -0.05920696 0.05018003 -0.02699496
v -0.05945098 0.04807605 -0.02967800
v -0.05857396 0.04929306 -0.02815701
v -0.05710995 0.04739805 -0.03064395
v -0.05741900 0.04559805 -0.03293504
v -0.05522400 0.04522105 -0.03351201
v -0.05512899 0.04316200 -0.03615095
v -0.05249994 0.04249503 -0.03711595
v -0.05260998 0.04083301 -0.03923894
v -0.05003595 0.03877302 -0.04198398
v -0.04909998 0.03965201 -0.04090001
v -0.04748398 0.03699203 -0.04437305
v -0.04569399 0.03729202 -0.04406597
v -0.04498499 0.03545304 -0.04644896
v -0.04369395 0.03608306 -0.04569794
v -0.04257196 0.03411903 -0.04825903
v -0.04175299 0.03500803 -0.04715694
v -0.04027497 0.03295304 -0.04984905
v -0.03956896 0.03388901 -0.04868104
v -0.03812599 0.03191902 -0.05126394
v -0.03760099 0.03293504 -0.04998602
v -0.03734695 0.03282203 -0.05014194
v -0.03707998 0.03271903 -0.05028404
v -0.03680396 0.03262801 -0.05041398
v -0.03435099 0.03082402 -0.05282594
v -0.03280699 0.03150602 -0.05201901
v -0.03016895 0.02979805 -0.05431797
v -0.02869999 0.03053601 -0.05343498
v -0.02562099 0.02887203 -0.05569602
v -0.02451199 0.02971204 -0.05466796
v -0.02074497 0.02808203 -0.05691506
v -0.02022600 0.02903105 -0.05572201
v -0.01564097 0.02746601 -0.05792095
v -0.01524597 0.02843703 -0.05669500
v -0.01046997 0.02705504 -0.05866696
v -0.01019597 0.02804001 -0.05741705
v -0.00525099 0.02685304 -0.05914701
v -0.00510800 0.02784605 -0.05788197
v 0.00000000 0.02686502 -0.05935503
v 0.00000000 0.02785803 -0.05808403
v 0.00000000 0.12326295 0.06403004
v 0.00458097 0.12306798 0.06397401
v 0.00000000 0.12455094 0.06567799
v 0.00552195 0.12428099 0.06556700
v 0.00910896 0.12254495 0.06349801
v 0.01096194 0.12354696 0.06485902
v 0.01352196 0.12171495 0.06262301
v 0.01623296 0.12237895 0.06358801
v 0.01778900 0.12060094 0.06137894
v 0.02126497 0.12082696 0.06181596
v 0.02196300 0.11920095 0.05976294
v 0.02602595 0.11894399 0.05960701
v 0.02593195 0.11757094 0.05784701
v 0.02968800 0.11574895 0.05567394
v 0.03049695 0.11678500 0.05703400
v 0.03322595 0.11376900 0.05329095
v 0.03467798 0.11440194 0.05416296
v 0.03327995 0.11372400 0.05323599
v 0.03333395 0.11367900 0.05318104
v 0.03338897 0.11363495 0.05312596
v 0.03344297 0.11358995 0.05307005
v 0.03727895 0.11111397 0.05006503
v 0.03856796 0.11184794 0.05105899
v 0.03762096 0.11085696 0.04974996
v 0.03934395 0.10943795 0.04800700
v 0.04070097 0.11008496 0.04889296
v 0.04126799 0.10781700 0.04601501
v 0.04306298 0.10806799 0.04641198
v 0.04313099 0.10616696 0.04398201
v 0.04559499 0.10574300 0.04354404
v 0.04506099 0.10433299 0.04171704
v 0.04823499 0.10305399 0.04021405
v 0.04777097 0.10147799 0.03817700
v 0.04988396 0.09896100 0.03504501
v 0.05092197 0.09994597 0.03635095
v 0.05199795 0.09612495 0.03150605
v 0.05359196 0.09636999 0.03188704
v 0.05496197 0.09149796 0.02570997
v 0.05606895 0.09252298 0.02706800
v 0.05673795 0.08833397 0.02173601
v 0.05829399 0.08858794 0.02212595
v 0.05823296 0.08543200 0.01808403
v 0.06027799 0.08466095 0.01718496
v 0.05912196 0.08359600 0.01577197
v 0.05983799 0.08204896 0.01382195
v 0.06201797 0.08086598 0.01240097
v 0.06085097 0.07974399 0.01091503
v 0.06172096 0.07760299 0.00821196
v 0.06341296 0.07746399 0.00810598
v 0.06321400 0.07325996 0.00271700
v 0.06447297 0.07444997 0.00429402
v 0.06523597 0.07176198 0.00088595
v 0.06420695 0.06888003 -0.00284697
v 0.06574296 0.06931902 -0.00222005
v 0.06603497 0.06693704 -0.00525595
v 0.06445699 0.06659401 -0.00576295
v 0.06610298 0.06455804 -0.00829901
v 0.06449300 0.06429602 -0.00870205
v 0.06593000 0.06217505 -0.01135506
v 0.06428295 0.06191106 -0.01176299
v 0.06549495 0.05980302 -0.01441003
v 0.06379395 0.05951305 -0.01485397
v 0.06479597 0.05747004 -0.01742603
v 0.06302398 0.05714805 -0.01791300
v 0.06385600 0.05519106 -0.02038301
v 0.06199795 0.05482502 -0.02092995
v 0.06269198 0.05294003 -0.02331401
v 0.06073296 0.05252405 -0.02392901
v 0.06124097 0.05058201 -0.02639295
v 0.05920696 0.05018003 -0.02699496
v 0.05950295 0.04814304 -0.02959002
v 0.05857795 0.04929800 -0.02814998
v 0.05711495 0.04740502 -0.03063597
v 0.05748796 0.04567702 -0.03283097
v 0.05522400 0.04522105 -0.03351201
v 0.05521196 0.04324402 -0.03604294
v 0.05250298 0.04249801 -0.03711297
v 0.05269294 0.04090501 -0.03914405
v 0.05010497 0.03882505 -0.04191603
v 0.04910397 0.03965504 -0.04089595
v 0.04753696 0.03702803 -0.04432501
v 0.04569596 0.03729303 -0.04406406
v 0.04502397 0.03547604 -0.04641904
v 0.04369598 0.03608401 -0.04569699
v 0.04259598 0.03413202 -0.04824199
v 0.04175299 0.03500803 -0.04715599
v 0.04028600 0.03295900 -0.04984201
v 0.03956997 0.03389002 -0.04867996
v 0.03812599 0.03191902 -0.05126394
v 0.03760194 0.03293605 -0.04998602
v 0.03734695 0.03282203 -0.05014099
v 0.03708100 0.03272004 -0.05028404
v 0.03680396 0.03262801 -0.05041303
v 0.03436100 0.03082700 -0.05282201
v 0.03280794 0.03150602 -0.05201901
v 0.03018695 0.02980204 -0.05431201
v 0.02870297 0.03053702 -0.05343403
v 0.02564299 0.02887602 -0.05568995
v 0.02451395 0.02971305 -0.05466701
v 0.02076798 0.02808501 -0.05691005
v 0.02022695 0.02903201 -0.05572106
v 0.01565796 0.02746703 -0.05791797
v 0.01524597 0.02843703 -0.05669500
v 0.01048099 0.02705504 -0.05866505
v 0.01019597 0.02804001 -0.05741705
v 0.00525695 0.02685304 -0.05914594
v 0.00510895 0.02784605 -0.05788197
v 0.00000000 0.02686502 -0.05935503
v 0.00000000 0.02785803 -0.05808403
v 0.00000000 0.02785803 -0.05808403
v -0.03727895 0.11111397 0.05006503
v -0.03733897 0.11176795 0.04774998
v -0.03542298 0.11259097 0.05074297
v -0.03371095 0.11404199 0.05062400
v -0.03344297 0.11358995 0.05307101
v -0.03429698 0.11364794 0.04974304
v -0.03526300 0.11303098 0.04893194
v -0.03497099 0.11310995 0.04900299
v -0.03700798 0.11180395 0.04733203
v -0.03497195 0.11310900 0.04900299
v -0.03535395 0.11304296 0.04903804
v -0.03395897 0.11390096 0.05016695
v -0.03543096 0.11301899 0.04915200
v -0.03380995 0.11400199 0.05038999
v -0.03374695 0.11403597 0.05050801
v -0.03371095 0.11404199 0.05062400
v -0.03733897 0.11176795 0.04774998
v -0.03725796 0.11184097 0.04759799
v -0.03714299 0.11185295 0.04745196
v -0.03762096 0.11085696 0.04974996
v -0.03934299 0.10943795 0.04800795
v -0.03771096 0.11148698 0.04742704
v -0.04126697 0.10781795 0.04601596
v -0.04289996 0.10717595 0.04194103
v -0.04312998 0.10616798 0.04398297
v -0.04389995 0.10583896 0.04201303
v -0.04505997 0.10433496 0.04171895
v -0.04752898 0.10264898 0.03619598
v -0.04753297 0.10192800 0.03804205
v -0.04777097 0.10147799 0.03817700
v -0.04988199 0.09896195 0.03504704
v -0.04996198 0.09942496 0.03358696
v -0.05147194 0.09786195 0.03011797
v -0.05199497 0.09612996 0.03151105
v -0.05226194 0.09657199 0.02919506
v -0.05282896 0.09500999 0.02976798
v -0.05480599 0.09288496 0.02379094
v -0.05459195 0.09277100 0.02519105
v -0.05496096 0.09149796 0.02570997
v -0.05673599 0.08833898 0.02174102
v -0.05766296 0.08781797 0.01733600
v -0.05822896 0.08543999 0.01809405
v -0.05831694 0.08548099 0.01749204
v -0.05911999 0.08359898 0.01577602
v -0.05962997 0.08331699 0.01309703
v -0.05983799 0.08204896 0.01382195
v -0.06014895 0.08269197 0.01079606
v -0.06067895 0.08083898 0.01035200
v -0.06226897 0.07750596 0.00417195
v -0.06162500 0.07839997 0.00767504
v -0.06172096 0.07760299 0.00821196
v -0.06084996 0.07974399 0.01091598
v -0.06249195 0.07571996 0.00524496
v -0.06321400 0.07325996 0.00271700
v -0.06304496 0.07505597 0.00130199
v -0.06373000 0.07182200 -0.00067200
v -0.06379395 0.07221896 -0.00258399
v -0.06392800 0.07121100 -0.00252201
v -0.06409400 0.07049600 -0.00433804
v -0.06420695 0.06888003 -0.00284697
v -0.06422996 0.06954004 -0.00600697
v -0.06445699 0.06659401 -0.00576295
v -0.06438797 0.06686104 -0.00942804
v -0.06449300 0.06429602 -0.00870301
v -0.06423896 0.06418801 -0.01284005
v -0.06428295 0.06191106 -0.01176299
v -0.06415897 0.06349803 -0.01363195
v -0.06397795 0.06185205 -0.01471294
v -0.06375700 0.06152905 -0.01623405
v -0.06374096 0.06009902 -0.01560701
v -0.06292200 0.05888303 -0.01961304
v -0.06302398 0.05714805 -0.01791300
v -0.06290096 0.05808403 -0.01921298
v -0.06252998 0.05606402 -0.01954295
v -0.06186097 0.05558200 -0.02207603
v -0.06176596 0.05627503 -0.02294196
v -0.06111699 0.05493303 -0.02441706
v -0.06034100 0.05373700 -0.02618696
v -0.06068497 0.05270501 -0.02424301
v -0.05982398 0.05197300 -0.02651204
v -0.06073194 0.05252405 -0.02392997
v -0.05920696 0.05018003 -0.02699496
v -0.06379395 0.05951305 -0.01485397
v -0.06199795 0.05482502 -0.02092995
v -0.05890500 0.05107506 -0.02859200
v -0.05857396 0.04929306 -0.02815701
v -0.05868697 0.05126102 -0.02935494
v -0.05710995 0.04739805 -0.03064395
v -0.05682897 0.04883601 -0.03245999
v -0.05522400 0.04522105 -0.03351201
v -0.05495595 0.04566802 -0.03445496
v -0.05249994 0.04249503 -0.03711595
v -0.05475997 0.04646601 -0.03549506
v -0.05254495 0.04281302 -0.03727294
v -0.05246895 0.04417004 -0.03843702
v -0.04994195 0.04196401 -0.04126300
v -0.04927295 0.04003204 -0.04090895
v -0.04909998 0.03965201 -0.04090001
v -0.04717296 0.03987201 -0.04394294
v -0.04569399 0.03729202 -0.04406597
v -0.04417997 0.03791000 -0.04645504
v -0.04447996 0.03712000 -0.04549695
v -0.04369395 0.03608306 -0.04569794
v -0.04175299 0.03500803 -0.04715694
v -0.04097998 0.03608103 -0.04879595
v -0.03956896 0.03388901 -0.04868104
v -0.03762495 0.03435005 -0.05101205
v -0.03761696 0.03387703 -0.05067100
v -0.03760898 0.03340603 -0.05032898
v -0.03760099 0.03293504 -0.04998602
v 0.03760194 0.03293605 -0.04998602
v 0.03956997 0.03389002 -0.04867996
v 0.03760898 0.03340603 -0.05032898
v 0.03761696 0.03387703 -0.05067100
v 0.03762495 0.03435005 -0.05101098
v 0.04099196 0.03608801 -0.04878701
v 0.04175299 0.03500803 -0.04715599
v 0.04419499 0.03792001 -0.04644300
v 0.04369598 0.03608401 -0.04569699
v 0.04448097 0.03711905 -0.04549505
v 0.04569596 0.03729303 -0.04406406
v 0.04420900 0.03792800 -0.04643203
v 0.04717099 0.03987004 -0.04394497
v 0.04910397 0.03965504 -0.04089595
v 0.04927498 0.04003002 -0.04090501
v 0.05250298 0.04249801 -0.03711297
v 0.04993098 0.04195602 -0.04127397
v 0.05242300 0.04412903 -0.03848995
v 0.05254697 0.04281105 -0.03726698
v 0.05469900 0.04640402 -0.03557505
v 0.05522400 0.04522105 -0.03351201
v 0.05676496 0.04876001 -0.03255702
v 0.05711495 0.04740502 -0.03063597
v 0.05862599 0.05117603 -0.02946402
v 0.05857795 0.04929800 -0.02814998
v 0.05866998 0.05123700 -0.02938498
v 0.05890697 0.05106904 -0.02858199
v 0.06031596 0.05369206 -0.02624501
v 0.05920696 0.05018003 -0.02699496
v 0.06073296 0.05252405 -0.02392901
v 0.06199795 0.05482502 -0.02092995
v 0.06111896 0.05492504 -0.02440502
v 0.06068599 0.05269803 -0.02423204
v 0.06173098 0.05619802 -0.02304198
v 0.06186199 0.05557604 -0.02206804
v 0.06265896 0.05673702 -0.01944603
v 0.06287896 0.05876304 -0.01976599
v 0.06302398 0.05714805 -0.01791300
v 0.06312799 0.05940105 -0.01888706
v 0.06379395 0.05951305 -0.01485397
v 0.06374096 0.06009705 -0.01560403
v 0.06397897 0.06184901 -0.01470996
v 0.06375098 0.06150503 -0.01626505
v 0.06415897 0.06349505 -0.01362897
v 0.06423699 0.06416000 -0.01287605
v 0.06428295 0.06191106 -0.01176299
v 0.06449300 0.06429602 -0.00870205
v 0.06439000 0.06680603 -0.00949801
v 0.06445699 0.06659401 -0.00576295
v 0.06424295 0.06944002 -0.00613405
v 0.06420695 0.06888003 -0.00284697
v 0.06409400 0.07049400 -0.00433494
v 0.06392800 0.07120800 -0.00251998
v 0.06382697 0.07206298 -0.00278403
v 0.06379395 0.07221896 -0.00258495
v 0.06373000 0.07181997 -0.00066997
v 0.06304496 0.07505096 0.00130700
v 0.06321400 0.07325996 0.00271700
v 0.06268495 0.07552297 0.00393198
v 0.06172096 0.07760299 0.00821196
v 0.06229996 0.07741196 0.00405000
v 0.06162500 0.07839895 0.00767504
v 0.06021100 0.08255494 0.01062106
v 0.06067997 0.08082796 0.01035903
v 0.05983799 0.08204896 0.01382195
v 0.06085097 0.07974399 0.01091503
v 0.06013995 0.08271200 0.01082097
v 0.05912196 0.08359600 0.01577197
v 0.05767595 0.08779300 0.01730405
v 0.05831897 0.08547098 0.01749705
v 0.05823296 0.08543200 0.01808403
v 0.05673795 0.08833397 0.02173601
v 0.05485397 0.09280599 0.02368997
v 0.05496197 0.09149796 0.02570997
v 0.05477094 0.09294296 0.02386497
v 0.05283099 0.09500397 0.02977000
v 0.05226397 0.09656698 0.02919696
v 0.05199795 0.09612495 0.03150605
v 0.05147898 0.09785498 0.03010903
v 0.04988396 0.09896100 0.03504501
v 0.04996395 0.09942097 0.03358899
v 0.04777097 0.10147799 0.03817700
v 0.04757499 0.10259897 0.03613304
v 0.04753500 0.10192496 0.03804301
v 0.04506099 0.10433299 0.04171704
v 0.04390096 0.10583699 0.04201399
v 0.04313099 0.10616696 0.04398201
v 0.04291599 0.10716099 0.04192196
v 0.04126799 0.10781700 0.04601501
v 0.04067099 0.10857899 0.04589306
v 0.03934395 0.10943795 0.04800700
v 0.03771096 0.11148698 0.04742704
v 0.03762096 0.11085696 0.04974996
v 0.06372296 0.06139405 -0.01640595
v 0.04989695 0.04192801 -0.04130997
v 0.03733897 0.11176795 0.04774998
v 0.03727895 0.11111397 0.05006503
v 0.03542596 0.11258799 0.05074202
v 0.03344297 0.11358995 0.05307005
v 0.03371095 0.11404199 0.05062400
v 0.03280794 0.03150602 -0.05201901
v 0.03680396 0.03262801 -0.05041303
v 0.03440099 0.03204103 -0.05148901
v 0.03680598 0.03309102 -0.05075599
v 0.03680896 0.03355600 -0.05109705
v 0.03681194 0.03402300 -0.05143596
v 0.03249096 0.03273805 -0.05308904
v 0.03186798 0.03248002 -0.05322601
v 0.02805596 0.03163601 -0.05451204
v 0.02870297 0.03053702 -0.05343403
v 0.02351695 0.03070600 -0.05571605
v 0.02451395 0.02971305 -0.05466701
v 0.02335995 0.02991803 -0.05524005
v 0.02022695 0.02903201 -0.05572106
v 0.01888996 0.02994002 -0.05671002
v 0.01536196 0.02882905 -0.05691399
v 0.01419198 0.02933700 -0.05749203
v 0.01524597 0.02843703 -0.05669500
v 0.01019597 0.02804001 -0.05741705
v 0.00945097 0.02890505 -0.05805398
v 0.00510895 0.02784605 -0.05788197
v 0.00469095 0.02864505 -0.05839302
v 0.00000000 0.02785803 -0.05808403
v -0.00006500 0.02856006 -0.05850400
v 0.00000000 0.02785803 -0.05808403
v -0.00481695 0.02865000 -0.05838706
v -0.00510800 0.02784605 -0.05788197
v -0.00956899 0.02891405 -0.05804302
v -0.01019597 0.02804001 -0.05741705
v -0.01429498 0.02934803 -0.05747797
v -0.01524597 0.02843703 -0.05669500
v -0.01536095 0.02882905 -0.05691399
v -0.01896995 0.02995200 -0.05669405
v -0.02022600 0.02903105 -0.05572201
v -0.02357000 0.03071500 -0.05570401
v -0.02451199 0.02971204 -0.05466796
v -0.02808099 0.03164001 -0.05450596
v -0.02869999 0.03053601 -0.05343498
v -0.03249698 0.03273906 -0.05308796
v -0.03280699 0.03150602 -0.05201901
v -0.03310495 0.03227301 -0.05240597
v -0.03680396 0.03262801 -0.05041398
v -0.03680598 0.03309102 -0.05075599
v -0.03680795 0.03355600 -0.05109705
v -0.03681099 0.03402300 -0.05143596
v 0.03497195 0.11310900 0.04900204
v 0.03946799 0.10947395 0.04434894
v 0.03700798 0.11180395 0.04733203
v 0.03734397 0.11155797 0.04701696
v 0.04251599 0.10726798 0.04152595
v 0.04264700 0.10678196 0.04090403
v 0.04600095 0.10358298 0.03681003
v 0.04711097 0.10278696 0.03579103
v 0.04803198 0.10138399 0.03399502
v 0.04899698 0.10024995 0.03254400
v 0.05100798 0.09807396 0.02975796
v 0.05001896 0.09898299 0.03092204
v 0.05087596 0.09786100 0.02948605
v 0.05189496 0.09644896 0.02767895
v 0.05309295 0.09467400 0.02540694
v 0.05430996 0.09316296 0.02347301
v 0.05442196 0.09256000 0.02270006
v 0.05585795 0.09008998 0.01953898
v 0.05716699 0.08811296 0.01700901
v 0.05738097 0.08724899 0.01590203
v 0.05784100 0.08634395 0.01474403
v 0.05966097 0.08298195 0.01044105
v 0.05904597 0.08385695 0.01156102
v 0.06007897 0.08156199 0.00862394
v 0.06109595 0.07908298 0.00545095
v 0.06178396 0.07778795 0.00379394
v 0.06188195 0.07692296 0.00268696
v 0.06231600 0.07558096 0.00096797
v 0.06329995 0.07254298 -0.00292005
v 0.06266397 0.07437898 -0.00056900
v 0.06316196 0.07229395 -0.00323905
v 0.06373095 0.06990600 -0.00629498
v 0.06354898 0.06989900 -0.00630499
v 0.06370997 0.06748302 -0.00939597
v 0.06389099 0.06725902 -0.00968398
v 0.06360995 0.06496603 -0.01261796
v 0.06374400 0.06460000 -0.01308598
v 0.06319999 0.06240601 -0.01589502
v 0.06325697 0.06193103 -0.01650204
v 0.06246697 0.05987205 -0.01913895
v 0.06242197 0.05929400 -0.01987697
v 0.06142097 0.05735804 -0.02235605
v 0.06127798 0.05672403 -0.02316703
v 0.06007498 0.05484302 -0.02557506
v 0.05986195 0.05421300 -0.02638103
v 0.05848497 0.05237605 -0.02873196
v 0.05821299 0.05175205 -0.02953102
v 0.05769497 0.05127402 -0.03014304
v 0.05635797 0.04933603 -0.03262295
v 0.05421799 0.04708703 -0.03550304
v 0.05429595 0.04697801 -0.03564097
v 0.05202299 0.04470105 -0.03855599
v 0.05053395 0.04353704 -0.04004694
v 0.04953294 0.04252805 -0.04133798
v 0.04857897 0.04193403 -0.04209794
v 0.04681396 0.04047103 -0.04397000
v 0.04660296 0.04047604 -0.04396404
v 0.04437899 0.03899904 -0.04585399
v 0.04385697 0.03853102 -0.04645301
v 0.04221796 0.03770103 -0.04751600
v 0.04066497 0.03670605 -0.04878999
v 0.03976994 0.03635801 -0.04923405
v 0.03731095 0.03497405 -0.05100597
v 0.03689396 0.03489603 -0.05110599
v 0.03657895 0.03467704 -0.05138601
v 0.03624796 0.03468706 -0.05137397
v 0.03541100 0.03442301 -0.05171098
v 0.03349095 0.03385301 -0.05244102
v 0.03228396 0.03339501 -0.05302705
v 0.03160399 0.03333505 -0.05310406
v 0.02939796 0.03277703 -0.05381800
v 0.02789199 0.03229703 -0.05443205
v 0.02522397 0.03185006 -0.05500401
v 0.02340996 0.03137101 -0.05561699
v 0.02032899 0.03096105 -0.05614294
v 0.01884299 0.03060700 -0.05659498
v 0.01532697 0.03026004 -0.05703999
v 0.01418697 0.03000100 -0.05737199
v 0.01025199 0.02975304 -0.05768801
v 0.00946796 0.02956201 -0.05793299
v 0.00513595 0.02944602 -0.05808200
v 0.00473696 0.02929904 -0.05826999
v 0.00000000 0.02934201 -0.05821504
v 0.00001100 0.02921100 -0.05838300
v -0.00471199 0.02929802 -0.05827202
v -0.00513697 0.02944602 -0.05808200
v -0.00943094 0.02955903 -0.05793704
v -0.01025295 0.02975304 -0.05768801
v -0.01414597 0.02999605 -0.05737795
v -0.01532697 0.03026004 -0.05703999
v -0.01881396 0.03060301 -0.05660094
v -0.02032899 0.03096105 -0.05614294
v -0.02339398 0.03136803 -0.05562104
v -0.02522397 0.03185006 -0.05500401
v -0.02788597 0.03229602 -0.05443396
v -0.02939796 0.03277703 -0.05381800
v -0.03228199 0.03339501 -0.05302705
v -0.03160399 0.03333505 -0.05310406
v -0.03349095 0.03385301 -0.05244102
v -0.03657799 0.03467704 -0.05138601
v -0.03541100 0.03442301 -0.05171098
v -0.03624796 0.03468604 -0.05137397
v -0.03689396 0.03489603 -0.05110599
v -0.03731000 0.03497405 -0.05100597
v -0.03977596 0.03636201 -0.04922999
v -0.04064196 0.03669305 -0.04880597
v -0.04222595 0.03770502 -0.04751004
v -0.04381197 0.03850301 -0.04648901
v -0.04438799 0.03900506 -0.04584695
v -0.04676300 0.04043503 -0.04401602
v -0.04661297 0.04048301 -0.04395498
v -0.04860198 0.04195102 -0.04207505
v -0.04948896 0.04249205 -0.04138304
v -0.05054700 0.04354705 -0.04003300
v -0.05199497 0.04467703 -0.03858699
v -0.05250799 0.04534306 -0.03773500
v -0.05427998 0.04696400 -0.03566004
v -0.05421894 0.04708602 -0.03550304
v -0.05634194 0.04931904 -0.03264596
v -0.05618000 0.04932602 -0.03263701
v -0.05771297 0.05129804 -0.03011300
v -0.05819594 0.05172904 -0.02956106
v -0.05848497 0.05237605 -0.02873196
v -0.05984699 0.05419202 -0.02640797
v -0.06007498 0.05484201 -0.02557601
v -0.06126898 0.05671705 -0.02317597
v -0.06142097 0.05735804 -0.02235605
v -0.06242400 0.05930902 -0.01985897
v -0.06246697 0.05987205 -0.01913799
v -0.06325900 0.06194002 -0.01649202
v -0.06319999 0.06240601 -0.01589502
v -0.06374198 0.06458105 -0.01311101
v -0.06360995 0.06496603 -0.01261796
v -0.06389099 0.06723405 -0.00971605
v -0.06370997 0.06748302 -0.00939597
v -0.06373196 0.06990000 -0.00630297
v -0.06354898 0.06989900 -0.00630499
v -0.06316196 0.07229395 -0.00323905
v -0.06329399 0.07256896 -0.00288702
v -0.06266397 0.07437898 -0.00056995
v -0.06231600 0.07558096 0.00096797
v -0.06177198 0.07782699 0.00384401
v -0.06188195 0.07692296 0.00268696
v -0.06109595 0.07908298 0.00545095
v -0.06007897 0.08156199 0.00862394
v -0.05965995 0.08298398 0.01044403
v -0.05904597 0.08385796 0.01156305
v -0.05784100 0.08634395 0.01474403
v -0.05718499 0.08807898 0.01696502
v -0.05739998 0.08721298 0.01585697
v -0.05586695 0.09007299 0.01951800
v -0.05434197 0.09310997 0.02340494
v -0.05442398 0.09255595 0.02269505
v -0.05309295 0.09467596 0.02540897
v -0.05102699 0.09804595 0.02972196
v -0.05189496 0.09644896 0.02767895
v -0.05087900 0.09785796 0.02948199
v -0.05003196 0.09896696 0.03090094
v -0.04901498 0.10022897 0.03251599
v -0.04710698 0.10279096 0.03579603
v -0.04804795 0.10136599 0.03397201
v -0.04601198 0.10357297 0.03679703
v -0.04250496 0.10727799 0.04153906
v -0.04264700 0.10678196 0.04090403
v -0.03947395 0.10946894 0.04434405
v -0.03734397 0.11155797 0.04701696
v -0.03828400 0.11042995 0.04557298
v -0.03725796 0.11125297 0.04662703
v -0.03497195 0.11310900 0.04900299
v -0.03700798 0.11180395 0.04733203
v -0.03733897 0.11176795 0.04774998
v -0.03727895 0.11111397 0.05006503
v -0.03748798 0.11128796 0.04882596
v -0.03762096 0.11085696 0.04974996
v -0.03771096 0.11148698 0.04742704
v -0.03760099 0.03293504 -0.04998602
v -0.03734695 0.03282203 -0.05014194
v -0.03760898 0.03340603 -0.05032898
v -0.03722298 0.03347702 -0.05073406
v -0.03736495 0.03423001 -0.05116703
v -0.03709399 0.03412105 -0.05130900
v -0.03680795 0.03355600 -0.05109705
v -0.03681099 0.03402300 -0.05143596
v -0.03707998 0.03271903 -0.05028404
v -0.03680598 0.03309102 -0.05075599
v -0.03680396 0.03262801 -0.05041398
v -0.03762495 0.03435005 -0.05101205
v -0.03761696 0.03387703 -0.05067100
v 0.03680396 0.03262801 -0.05041303
v 0.03708100 0.03272004 -0.05028404
v 0.03680598 0.03309102 -0.05075599
v 0.03722298 0.03347702 -0.05073406
v 0.03709399 0.03412105 -0.05130805
v 0.03736597 0.03423001 -0.05116703
v 0.03761696 0.03387703 -0.05067100
v 0.03762495 0.03435005 -0.05101098
v 0.03734695 0.03282203 -0.05014099
v 0.03760898 0.03340603 -0.05032898
v 0.03760194 0.03293605 -0.04998602
v 0.03681194 0.03402300 -0.05143596
v 0.03680896 0.03355600 -0.05109705
v 0.03771096 0.11148698 0.04742704
v 0.03762096 0.11085696 0.04974996
v 0.03748798 0.11128498 0.04883598
v 0.03727895 0.11111397 0.05006503
v 0.03733897 0.11176795 0.04774998
v 0.03771096 0.11148698 0.04742704
v 0.03733897 0.11176795 0.04774998
v 0.03746998 0.11169696 0.04748403
v 0.03725796 0.11184097 0.04759799
v 0.03738600 0.11172998 0.04736804
v 0.03714299 0.11185295 0.04745196
v 0.03728395 0.11172498 0.04726301
v 0.03700798 0.11180395 0.04733203
v 0.03734397 0.11155797 0.04701696
v 0.03749597 0.11159897 0.04713200
v 0.03762495 0.11157400 0.04727601
v 0.04291599 0.10716099 0.04192196
v 0.03771096 0.11148698 0.04742704
v 0.04115098 0.10870398 0.04367600
v 0.03762495 0.11157400 0.04727601
v 0.04106098 0.10874600 0.04356001
v 0.03749597 0.11159897 0.04713200
v 0.04095000 0.10874796 0.04345499
v 0.03734397 0.11155797 0.04701696
v 0.04251599 0.10726798 0.04152595
v 0.04711097 0.10278696 0.03579103
v 0.04578596 0.10433698 0.03781198
v 0.04263597 0.10730196 0.04160605
v 0.05100798 0.09807396 0.02975796
v 0.04928296 0.10048295 0.03288303
v 0.04724496 0.10281498 0.03586601
v 0.04590898 0.10432596 0.03791605
v 0.04275095 0.10729796 0.04171096
v 0.04284298 0.10725195 0.04182695
v 0.05430996 0.09316296 0.02347301
v 0.05287498 0.09565795 0.02671002
v 0.05115300 0.09809495 0.02982806
v 0.04941499 0.10046197 0.03298400
v 0.04737097 0.10279996 0.03596900
v 0.04746997 0.10274095 0.03608595
v 0.04600495 0.10427100 0.03803299
v 0.04757499 0.10259897 0.03613304
v 0.05716699 0.08811296 0.01700901
v 0.05594497 0.09066195 0.02031897
v 0.05446499 0.09317697 0.02353703
v 0.05301696 0.09562594 0.02681004
v 0.05129098 0.09806896 0.02992903
v 0.05139499 0.09799594 0.03004597
v 0.04951596 0.10039598 0.03310095
v 0.05147898 0.09785498 0.03010903
v 0.05966097 0.08298195 0.01044105
v 0.05862098 0.08556098 0.01379202
v 0.05732899 0.08812196 0.01706897
v 0.05609399 0.09062195 0.02041696
v 0.05461096 0.09314096 0.02363502
v 0.05471795 0.09305597 0.02375196
v 0.05312299 0.09554697 0.02692603
v 0.05477094 0.09294296 0.02386497
v 0.06178396 0.07778795 0.00379394
v 0.06129896 0.07952697 0.00607000
v 0.05982798 0.08298594 0.01049696
v 0.05877494 0.08551395 0.01388799
v 0.05748099 0.08807797 0.01716505
v 0.05758899 0.08798498 0.01728199
v 0.05620199 0.09053296 0.02053402
v 0.05767595 0.08779300 0.01730405
v 0.05485397 0.09280599 0.02368997
v 0.06254398 0.07603897 0.00160597
v 0.06329995 0.07254298 -0.00292005
v 0.06347495 0.07253195 -0.00288202
v 0.06373095 0.06990600 -0.00629498
v 0.06390798 0.06988900 -0.00626506
v 0.06389099 0.06725902 -0.00968398
v 0.06406897 0.06723304 -0.00966300
v 0.06374400 0.06460000 -0.01308598
v 0.06392300 0.06456603 -0.01307596
v 0.06325697 0.06193103 -0.01650204
v 0.06343597 0.06188805 -0.01650299
v 0.06242197 0.05929400 -0.01987697
v 0.06259900 0.05924203 -0.01988901
v 0.06127798 0.05672403 -0.02316703
v 0.06145298 0.05666401 -0.02318801
v 0.05986195 0.05421300 -0.02638103
v 0.06003397 0.05414601 -0.02641095
v 0.05821299 0.05175205 -0.02953102
v 0.05837994 0.05167903 -0.02956797
v 0.05635797 0.04933603 -0.03262295
v 0.05652099 0.04925706 -0.03266801
v 0.05429595 0.04697801 -0.03564097
v 0.05445295 0.04689403 -0.03569294
v 0.05202299 0.04470105 -0.03855599
v 0.05217397 0.04461201 -0.03861405
v 0.04953294 0.04252805 -0.04133798
v 0.04967796 0.04243304 -0.04140295
v 0.04681396 0.04047103 -0.04397000
v 0.04695099 0.04037102 -0.04404296
v 0.04385697 0.03853102 -0.04645301
v 0.04398494 0.03842504 -0.04653396
v 0.04066497 0.03670605 -0.04878999
v 0.03967696 0.03600700 -0.04962803
v 0.03731095 0.03497405 -0.05100597
v 0.03746598 0.03480502 -0.05111696
v 0.03978496 0.03584303 -0.04966296
v 0.03758096 0.03457703 -0.05111898
v 0.03985798 0.03566004 -0.04962803
v 0.03762495 0.03435005 -0.05101098
v 0.04099196 0.03608801 -0.04878701
v 0.04418200 0.03808703 -0.04652204
v 0.04419499 0.03792001 -0.04644300
v 0.04420900 0.03792800 -0.04643203
v 0.04717099 0.03987004 -0.04394497
v 0.04716098 0.04004206 -0.04401995
v 0.04410296 0.03826602 -0.04656102
v 0.04707700 0.04021706 -0.04406299
v 0.04989695 0.04192801 -0.04130997
v 0.04990094 0.04211302 -0.04136695
v 0.04981195 0.04228504 -0.04141594
v 0.04993098 0.04195602 -0.04127397
v 0.05242300 0.04412903 -0.03848995
v 0.05240797 0.04430003 -0.03856601
v 0.05469900 0.04640402 -0.03557505
v 0.05469596 0.04658903 -0.03563406
v 0.05676496 0.04876001 -0.03255702
v 0.05677098 0.04896005 -0.03259696
v 0.05862599 0.05117603 -0.02946402
v 0.05863696 0.05139001 -0.02948596
v 0.05866998 0.05123700 -0.02938498
v 0.06031596 0.05369206 -0.02624501
v 0.06029599 0.05386604 -0.02631797
v 0.06173098 0.05619802 -0.02304198
v 0.06172096 0.05639602 -0.02308299
v 0.06287896 0.05876304 -0.01976599
v 0.06287199 0.05898805 -0.01977099
v 0.06372296 0.06139405 -0.01640595
v 0.06371200 0.06165005 -0.01637103
v 0.06375098 0.06150503 -0.01626505
v 0.06423699 0.06416000 -0.01287605
v 0.06419998 0.06434406 -0.01292802
v 0.06439000 0.06680603 -0.00949801
v 0.06434595 0.06702704 -0.00950099
v 0.06424295 0.06944002 -0.00613405
v 0.06418496 0.06969602 -0.00609006
v 0.06382697 0.07206298 -0.00278403
v 0.06374895 0.07235099 -0.00269605
v 0.06379395 0.07221896 -0.00258495
v 0.06281501 0.07587195 0.00180398
v 0.06229996 0.07741196 0.00405000
v 0.06156694 0.07936896 0.00627504
v 0.06021100 0.08255494 0.01062106
v 0.06009298 0.08283699 0.01070701
v 0.06013995 0.08271200 0.01082097
v 0.05888396 0.08541799 0.01400505
v 0.05998295 0.08293599 0.01059102
v 0.06145697 0.07947196 0.00616001
v 0.06270396 0.07597894 0.00169204
v 0.06363695 0.07246495 -0.00280406
v 0.06407195 0.06981500 -0.00619306
v 0.06423300 0.06715203 -0.00959898
v 0.06408798 0.06447602 -0.01302101
v 0.06360000 0.06178905 -0.01645698
v 0.06276297 0.05913402 -0.01985206
v 0.06161397 0.05654801 -0.02315904
v 0.06019198 0.05402304 -0.02638997
v 0.05853497 0.05155100 -0.02955402
v 0.05667096 0.04912300 -0.03266098
v 0.05459898 0.04675503 -0.03569294
v 0.05231499 0.04446901 -0.03862001
v 0.03733897 0.11176795 0.04774998
v 0.03371095 0.11404199 0.05062400
v 0.03543299 0.11301697 0.04914998
v 0.03374695 0.11403597 0.05050801
v 0.03380995 0.11400199 0.05038999
v 0.03395897 0.11390096 0.05016695
v 0.03535598 0.11304099 0.04903601
v 0.03725796 0.11184097 0.04759799
v 0.03714299 0.11185295 0.04745196
v 0.03526496 0.11302996 0.04893003
v 0.03700798 0.11180395 0.04733203
v 0.03497099 0.11310995 0.04900299
v 0.03497195 0.11310900 0.04900204
v 0.03429698 0.11364794 0.04974304
v 0.03736597 0.03423001 -0.05116703
v 0.03762495 0.03435005 -0.05101098
v 0.03721100 0.03433706 -0.05132402
v 0.03758096 0.03457703 -0.05111898
v 0.03714996 0.03452404 -0.05135204
v 0.03746598 0.03480502 -0.05111696
v 0.03705698 0.03469504 -0.05130805
v 0.03731095 0.03497405 -0.05100597
v 0.03657895 0.03467704 -0.05138601
v 0.03669297 0.03449203 -0.05151798
v 0.03677797 0.03425403 -0.05153598
v 0.03681194 0.03402300 -0.05143596
v 0.03709399 0.03412105 -0.05130805
v -0.03734397 0.11155797 0.04701696
v -0.03700798 0.11180395 0.04733203
v -0.03728497 0.11172498 0.04726301
v -0.03714299 0.11185295 0.04745196
v -0.03738695 0.11172998 0.04736804
v -0.03725796 0.11184097 0.04759799
v -0.03747099 0.11169696 0.04748403
v -0.03733897 0.11176795 0.04774998
v -0.03771096 0.11148698 0.04742704
v -0.03762495 0.11157400 0.04727601
v -0.03749597 0.11159897 0.04713200
v 0.03249096 0.03273805 -0.05308904
v 0.03681194 0.03402300 -0.05143596
v 0.03246897 0.03290005 -0.05317201
v 0.03677797 0.03425403 -0.05153598
v 0.03242295 0.03309001 -0.05319096
v 0.03669297 0.03449203 -0.05151798
v 0.03235596 0.03326805 -0.05313601
v 0.03657895 0.03467704 -0.05138601
v 0.03228396 0.03339501 -0.05302705
v 0.02795195 0.03216805 -0.05454399
v 0.02789199 0.03229703 -0.05443205
v 0.02345997 0.03124203 -0.05573095
v 0.02340996 0.03137101 -0.05561699
v 0.01888400 0.03047802 -0.05671002
v 0.01884299 0.03060700 -0.05659498
v 0.01421797 0.02987100 -0.05748703
v 0.01418697 0.03000100 -0.05737199
v 0.00946796 0.02956201 -0.05793299
v 0.00948900 0.02943201 -0.05804898
v 0.00473696 0.02929904 -0.05826999
v 0.00474799 0.02916904 -0.05838706
v 0.00001100 0.02921100 -0.05838300
v 0.00001100 0.02908100 -0.05849899
v -0.00471199 0.02929802 -0.05827202
v -0.00472200 0.02916802 -0.05838801
v -0.00943094 0.02955903 -0.05793704
v -0.00945097 0.02943005 -0.05805303
v -0.01417595 0.02986605 -0.05749299
v -0.00947100 0.02925600 -0.05811895
v -0.01420497 0.02969201 -0.05755795
v -0.00948399 0.02906902 -0.05811705
v -0.01422494 0.02950402 -0.05755402
v -0.00956899 0.02891405 -0.05804302
v -0.01429498 0.02934803 -0.05747797
v -0.01892000 0.03010900 -0.05677105
v -0.01896995 0.02995200 -0.05669405
v -0.02352499 0.03087200 -0.05578496
v -0.02357000 0.03071500 -0.05570401
v -0.02804195 0.03179802 -0.05459000
v -0.02808099 0.03164001 -0.05450596
v -0.03246796 0.03289904 -0.05317296
v -0.03249698 0.03273906 -0.05308796
v -0.03681099 0.03402300 -0.05143596
v -0.03677797 0.03425403 -0.05153598
v -0.03242194 0.03309001 -0.05319096
v -0.03669297 0.03449203 -0.05151798
v -0.03235495 0.03326704 -0.05313601
v -0.03657799 0.03467704 -0.05138601
v -0.03228199 0.03339501 -0.05302705
v -0.02794599 0.03216602 -0.05454601
v -0.02788597 0.03229602 -0.05443396
v -0.02344399 0.03123905 -0.05573501
v -0.02339398 0.03136803 -0.05562104
v -0.01885497 0.03047301 -0.05671598
v -0.01881396 0.03060301 -0.05660094
v -0.01414597 0.02999605 -0.05737795
v -0.00481695 0.02865000 -0.05838706
v -0.00473899 0.02880903 -0.05845405
v -0.00473195 0.02899505 -0.05845500
v -0.00006500 0.02856006 -0.05850400
v 0.00001100 0.02872200 -0.05856599
v 0.00001100 0.02890803 -0.05856694
v 0.00469095 0.02864505 -0.05839302
v 0.00476396 0.02881004 -0.05845298
v 0.00475699 0.02899601 -0.05845405
v 0.00945097 0.02890505 -0.05805398
v 0.00952196 0.02907200 -0.05811299
v 0.00950795 0.02925803 -0.05811597
v 0.01419198 0.02933700 -0.05749203
v 0.01426696 0.02950902 -0.05754794
v 0.01424700 0.02969600 -0.05755199
v 0.01888996 0.02994002 -0.05671002
v 0.01894897 0.03011306 -0.05676605
v 0.01892197 0.03030200 -0.05677296
v 0.02351695 0.03070600 -0.05571605
v 0.02354097 0.03087504 -0.05578102
v 0.02350699 0.03106500 -0.05579199
v 0.02805596 0.03163601 -0.05451204
v 0.02804899 0.03180005 -0.05458797
v 0.02800899 0.03199001 -0.05460299
v -0.01889300 0.03029706 -0.05677904
v -0.02349096 0.03106202 -0.05579604
v -0.02800196 0.03198905 -0.05460502
v -0.04250496 0.10727799 0.04153906
v -0.03734397 0.11155797 0.04701696
v -0.04007899 0.10946894 0.04437803
v -0.03749597 0.11159897 0.04713200
v -0.04018795 0.10946894 0.04448305
v -0.03762495 0.11157400 0.04727601
v -0.04027795 0.10942799 0.04459904
v -0.03771096 0.11148698 0.04742704
v -0.04289996 0.10717595 0.04194103
v -0.04752898 0.10264898 0.03619598
v -0.04523396 0.10503597 0.03900598
v -0.04283195 0.10726196 0.04183994
v -0.05147194 0.09786195 0.03011797
v -0.04952299 0.10038698 0.03308998
v -0.04746699 0.10274494 0.03609096
v -0.04513800 0.10508794 0.03888904
v -0.04273998 0.10730696 0.04172300
v -0.04262495 0.10731197 0.04161798
v -0.05480599 0.09288496 0.02379094
v -0.05315297 0.09550196 0.02686904
v -0.05141395 0.09796799 0.03000997
v -0.04942196 0.10045296 0.03297304
v -0.04736799 0.10280395 0.03597401
v -0.04724097 0.10281897 0.03587101
v -0.04501795 0.10509694 0.03878497
v -0.04710698 0.10279096 0.03579603
v -0.05766296 0.08781797 0.01733600
v -0.05669999 0.08964098 0.01939605
v -0.05475097 0.09300298 0.02368306
v -0.05304700 0.09558100 0.02675198
v -0.05131000 0.09804094 0.02989398
v -0.05117297 0.09806699 0.02979301
v -0.04928898 0.10047395 0.03287099
v -0.05102699 0.09804595 0.02972196
v -0.05847400 0.08625198 0.01507102
v -0.06014895 0.08269197 0.01079606
v -0.06009197 0.08283896 0.01070999
v -0.06155794 0.07939697 0.00631200
v -0.05998200 0.08293796 0.01059400
v -0.06144696 0.07949997 0.00619696
v -0.05982697 0.08298797 0.01050006
v -0.06128895 0.07955499 0.00610600
v -0.05965995 0.08298398 0.01044403
v -0.06177198 0.07782699 0.00384401
v -0.06253200 0.07608296 0.00166296
v -0.06329399 0.07256896 -0.00288702
v -0.06346899 0.07255698 -0.00284900
v -0.06373196 0.06990000 -0.00630297
v -0.06390899 0.06988200 -0.00627305
v -0.06406998 0.06720800 -0.00969495
v -0.06423497 0.06712605 -0.00963105
v -0.06408596 0.06445606 -0.01304604
v -0.06419795 0.06432403 -0.01295306
v -0.06371396 0.06165803 -0.01636006
v -0.06375700 0.06152905 -0.01623405
v -0.06292200 0.05888303 -0.01961304
v -0.06226897 0.07750596 0.00417195
v -0.06280297 0.07591594 0.00186096
v -0.06269198 0.07602299 0.00174902
v -0.06379395 0.07221896 -0.00258399
v -0.06374400 0.07237698 -0.00266303
v -0.06363195 0.07249100 -0.00276996
v -0.06418597 0.06969006 -0.00609805
v -0.06422996 0.06954004 -0.00600697
v -0.06434798 0.06700105 -0.00953294
v -0.06438797 0.06686104 -0.00942804
v -0.06423896 0.06418801 -0.01284005
v -0.06287395 0.05900206 -0.01975299
v -0.06176596 0.05627503 -0.02294196
v -0.06171095 0.05638702 -0.02309395
v -0.06034100 0.05373700 -0.02618696
v -0.06027996 0.05384500 -0.02634503
v -0.05868697 0.05126102 -0.02935494
v -0.05861997 0.05136605 -0.02951695
v -0.05682897 0.04883601 -0.03245999
v -0.05675595 0.04894306 -0.03261794
v -0.05475997 0.04646601 -0.03549506
v -0.05468100 0.04657604 -0.03565003
v -0.05246895 0.04417004 -0.03843702
v -0.05238097 0.04427601 -0.03859700
v -0.04994195 0.04196401 -0.04126300
v -0.04985696 0.04207702 -0.04141296
v -0.04717296 0.03987201 -0.04394294
v -0.04710996 0.04000504 -0.04406597
v -0.04417997 0.03791000 -0.04645504
v -0.04413700 0.03805901 -0.04655696
v -0.04097998 0.03608103 -0.04879595
v -0.04094696 0.03623702 -0.04889001
v -0.03762495 0.03435005 -0.05101205
v -0.03757995 0.03457703 -0.05111898
v -0.04087299 0.03641905 -0.04892506
v -0.03746598 0.03480502 -0.05111696
v -0.04076296 0.03658201 -0.04889204
v -0.03731000 0.03497405 -0.05100597
v -0.04064196 0.03669305 -0.04880597
v -0.04381197 0.03850301 -0.04648901
v -0.04393994 0.03839703 -0.04656900
v -0.04405796 0.03823800 -0.04659702
v -0.04676300 0.04043503 -0.04401602
v -0.04689896 0.04033400 -0.04408897
v -0.04702597 0.04018106 -0.04410995
v -0.04948896 0.04249205 -0.04138304
v -0.04963397 0.04239805 -0.04144897
v -0.04976797 0.04224904 -0.04146196
v -0.05199497 0.04467703 -0.03858699
v -0.05214798 0.04458804 -0.03864504
v -0.05228799 0.04444505 -0.03865100
v -0.05427998 0.04696400 -0.03566004
v -0.05443894 0.04688002 -0.03570999
v -0.05458498 0.04674204 -0.03570904
v -0.05650496 0.04924001 -0.03268994
v -0.05634194 0.04931904 -0.03264596
v -0.05836296 0.05165501 -0.02959801
v -0.05819594 0.05172904 -0.02956106
v -0.05984699 0.05419202 -0.02640797
v -0.06001800 0.05412503 -0.02643801
v -0.06126898 0.05671705 -0.02317597
v -0.06144398 0.05665602 -0.02319802
v -0.06242400 0.05930902 -0.01985897
v -0.06260097 0.05925603 -0.01987006
v -0.06325900 0.06194002 -0.01649202
v -0.06343799 0.06189604 -0.01649298
v -0.06374198 0.06458105 -0.01311101
v -0.06392097 0.06454606 -0.01310100
v -0.06389099 0.06723405 -0.00971605
v -0.05821198 0.08639396 0.01485799
v -0.05718499 0.08807898 0.01696502
v -0.05644196 0.08977294 0.01918195
v -0.05434197 0.09310997 0.02340494
v -0.05449795 0.09312398 0.02346800
v -0.05290496 0.09561199 0.02665196
v -0.05464398 0.09308696 0.02356599
v -0.05659198 0.08973098 0.01927899
v -0.05836498 0.08634794 0.01495396
v -0.06407296 0.06980800 -0.00620104
v -0.06360298 0.06179602 -0.01644696
v -0.06276500 0.05914803 -0.01983406
v -0.06160396 0.05653901 -0.02317001
v -0.06017595 0.05400105 -0.02641703
v -0.05851799 0.05152603 -0.02958395
v -0.05665600 0.04910602 -0.03268196
v -0.03709399 0.03412105 -0.05130900
v -0.03681099 0.03402300 -0.05143596
v -0.03720796 0.03433605 -0.05132605
v -0.03677797 0.03425403 -0.05153598
v -0.03714698 0.03452303 -0.05135299
v -0.03669297 0.03449203 -0.05151798
v -0.03705495 0.03469403 -0.05130900
v -0.03657799 0.03467704 -0.05138601
v -0.03731000 0.03497405 -0.05100597
v -0.03746598 0.03480502 -0.05111696
v -0.03757995 0.03457703 -0.05111898
v -0.03762495 0.03435005 -0.05101205
v -0.03736495 0.03423001 -0.05116703
v -0.04065996 0.11011899 0.04893397
v -0.03856796 0.11184794 0.05105899
v -0.03997999 0.11152000 0.04700802
v -0.03881096 0.11409694 0.04315697
v -0.04017198 0.11284698 0.04231201
v -0.03906995 0.11664600 0.03458105
v -0.04043197 0.11463094 0.03616701
v -0.04070800 0.11654896 0.02960001
v -0.04180097 0.11291099 0.03668700
v -0.04214495 0.11476595 0.03016995
v -0.04298895 0.11135597 0.03714906
v -0.04338097 0.11315096 0.03068505
v -0.04442399 0.10937596 0.03772901
v -0.04486495 0.11109096 0.03133999
v -0.04645699 0.10632599 0.03861104
v -0.04695796 0.10791696 0.03234695
v -0.04741400 0.10476494 0.03905903
v -0.04794198 0.10629398 0.03286098
v -0.04832798 0.10318095 0.03951095
v -0.04888099 0.10464699 0.03338300
v -0.04977399 0.10297698 0.03391098
v -0.04945999 0.10618198 0.02684496
v -0.05037796 0.10444397 0.02745400
v -0.05005300 0.10772294 0.01990806
v -0.05099695 0.10591496 0.02060805
v -0.05049997 0.10884095 0.01444005
v -0.05146294 0.10697896 0.01521502
v -0.05105400 0.11013794 0.00724696
v -0.05204296 0.10820699 0.00812899
v -0.05158895 0.11122096 -0.00023998
v -0.05260294 0.10922200 0.00076102
v -0.05209594 0.11197395 -0.00799204
v -0.05313599 0.10991395 -0.00685801
v -0.05252695 0.11224598 -0.01529600
v -0.05358999 0.11013794 -0.01402904
v -0.05291497 0.11195398 -0.02273895
v -0.05399894 0.10981000 -0.02132799
v -0.05316096 0.11126495 -0.02819206
v -0.05426096 0.10910595 -0.02666904
v -0.05336797 0.11005694 -0.03361703
v -0.05448096 0.10789496 -0.03197695
v -0.05345296 0.10921896 -0.03628994
v -0.05457198 0.10706199 -0.03459205
v -0.05352300 0.10820199 -0.03891696
v -0.05464696 0.10605497 -0.03716005
v -0.05357599 0.10698998 -0.04147698
v -0.05470395 0.10485799 -0.03966094
v -0.05360895 0.10556597 -0.04394294
v -0.05473995 0.10345495 -0.04207005
v -0.05361896 0.10347999 -0.04683806
v -0.05475300 0.10140294 -0.04489805
v -0.05359095 0.10103494 -0.04947902
v -0.05472499 0.09900195 -0.04747595
v -0.05351895 0.09823597 -0.05179204
v -0.05465096 0.09625698 -0.04973496
v -0.05340397 0.09511698 -0.05371405
v -0.05453097 0.09320099 -0.05161299
v -0.05324596 0.09173400 -0.05520202
v -0.05436497 0.08988995 -0.05306698
v -0.05304998 0.08815897 -0.05624498
v -0.05415898 0.08639199 -0.05408896
v -0.05282294 0.08445597 -0.05686499
v -0.05392098 0.08277000 -0.05469800
v -0.05257296 0.08067895 -0.05709900
v -0.05365794 0.07907594 -0.05492999
v -0.05235898 0.07761599 -0.05703904
v -0.05343097 0.07608099 -0.05487503
v -0.05213296 0.07454498 -0.05678298
v -0.05319297 0.07307697 -0.05462803
v -0.05165797 0.06841005 -0.05576505
v -0.05269098 0.06707801 -0.05364002
v -0.05124497 0.06338603 -0.05449499
v -0.05225396 0.06216503 -0.05240501
v -0.05081599 0.05840702 -0.05289699
v -0.05180096 0.05729605 -0.05084802
v -0.05020898 0.05170502 -0.05025603
v -0.05115896 0.05074300 -0.04827298
v -0.04943996 0.04378404 -0.04645099
v -0.05034500 0.04299803 -0.04456200
v -0.05003595 0.03877302 -0.04198398
v -0.05119895 0.04221006 -0.04266097
v -0.05260998 0.04083301 -0.03923894
v -0.05205595 0.04977800 -0.04627897
v -0.05369496 0.04784901 -0.04225697
v -0.05443698 0.05395301 -0.04463102
v -0.05514395 0.05294605 -0.04273201
v -0.05568897 0.05737902 -0.04412295
v -0.05637794 0.05627205 -0.04217698
v -0.05692297 0.06064202 -0.04323997
v -0.05822098 0.05823101 -0.03925599
v -0.05889600 0.06331201 -0.04002894
v -0.06007897 0.06066103 -0.03594901
v -0.06041997 0.06307603 -0.03610398
v -0.06145900 0.06031300 -0.03197004
v -0.06180298 0.06259103 -0.03195597
v -0.06338399 0.05686201 -0.02356102
v -0.06382298 0.05935104 -0.02329506
v -0.06410497 0.05785002 -0.02117099
v -0.06450897 0.06021704 -0.02065803
v -0.06474298 0.05864204 -0.01852705
v -0.06509798 0.06086201 -0.01776303
v -0.06481498 0.05752303 -0.01735701
v -0.06551700 0.05989303 -0.01429404
v -0.03919899 0.11801398 0.02999197
v -0.03932499 0.11942995 0.02517794
v -0.04099094 0.11856199 0.02256905
v -0.03944498 0.12087495 0.02013098
v -0.04126799 0.12060398 0.01506303
v -0.03955596 0.12232298 0.01484905
v -0.03965497 0.12374598 0.00933598
v -0.04146599 0.12210799 0.00910805
v -0.03973996 0.12510795 0.00359403
v -0.04169797 0.12389297 0.00121795
v -0.03981095 0.12637097 -0.00237502
v -0.04190295 0.12545097 -0.00707306
v -0.03986597 0.12748796 -0.00856794
v -0.03990596 0.12840295 -0.01497699
v -0.04207795 0.12664599 -0.01574697
v -0.03992998 0.12904496 -0.02159299
v -0.04220896 0.12726796 -0.02400698
v -0.03993999 0.12932295 -0.02839996
v -0.04230999 0.12723899 -0.03251804
v -0.03993499 0.12911797 -0.03536405
v -0.04236197 0.12665898 -0.03881301
v -0.03991395 0.12828196 -0.04242803
v -0.04239100 0.12546498 -0.04512598
v -0.03989696 0.12756897 -0.04596700
v -0.03987395 0.12662399 -0.04948606
v -0.04239594 0.12458998 -0.04825605
v -0.03984695 0.12541998 -0.05296005
v -0.04239398 0.12350095 -0.05134298
v -0.04238396 0.12217695 -0.05436303
v -0.04460799 0.12132597 -0.04955102
v -0.04461395 0.12002397 -0.05249502
v -0.04637598 0.11926795 -0.04787899
v -0.04639297 0.11798198 -0.05075695
v -0.04838800 0.11659295 -0.04571797
v -0.04841697 0.11532498 -0.04851498
v -0.05109798 0.11244697 -0.04236795
v -0.05113995 0.11120600 -0.04504503
v -0.05234199 0.11033398 -0.04065396
v -0.05238997 0.10910696 -0.04327203
v -0.03981298 0.12392599 -0.05635299
v -0.04236495 0.12059999 -0.05728306
v -0.04460799 0.11847300 -0.05533995
v -0.04639595 0.11645395 -0.05353703
v -0.04842996 0.11382294 -0.05121495
v -0.05116498 0.10974294 -0.04762699
v -0.05241894 0.10766399 -0.04579605
v -0.03977298 0.12211699 -0.05962302
v -0.04232800 0.11825795 -0.06072201
v -0.04458296 0.11617595 -0.05868806
v -0.04637998 0.11419195 -0.05680598
v -0.04842299 0.11160595 -0.05438794
v -0.05116897 0.10759098 -0.05066003
v -0.05242598 0.10554398 -0.04875995
v -0.03972595 0.11997200 -0.06271900
v -0.03966999 0.11747796 -0.06558002
v -0.04227399 0.11547995 -0.06386603
v -0.03960800 0.11464096 -0.06814100
v -0.04220294 0.11227400 -0.06662501
v -0.03953796 0.11148298 -0.07034399
v -0.04211699 0.10867698 -0.06891896
v -0.03946197 0.10804898 -0.07214202
v -0.04201698 0.10475898 -0.07069303
v -0.03938299 0.10439694 -0.07351603
v -0.04190498 0.10060394 -0.07193698
v -0.03930097 0.10058594 -0.07447304
v -0.04178500 0.09629399 -0.07267405
v -0.03921794 0.09667296 -0.07503702
v -0.04165995 0.09189696 -0.07295395
v -0.03913497 0.09270096 -0.07524504
v -0.03905296 0.08869994 -0.07513703
v -0.03897297 0.08469397 -0.07474901
v -0.04145199 0.08475596 -0.07258202
v -0.04155695 0.08833099 -0.07288398
v -0.04384595 0.09038699 -0.07055999
v -0.04399698 0.09468699 -0.07029594
v -0.04575896 0.09311599 -0.06812705
v -0.04591697 0.09724498 -0.06743504
v -0.04793596 0.09506399 -0.06469597
v -0.04809194 0.09894395 -0.06355800
v -0.05081897 0.09538395 -0.05941905
v -0.05096197 0.09890795 -0.05786301
v -0.05221599 0.09701998 -0.05579795
v -0.05232697 0.10020197 -0.05383100
v -0.03889495 0.08069796 -0.07411398
v -0.04123896 0.07762296 -0.07138003
v -0.04358994 0.08340198 -0.07018603
v -0.04332095 0.07642097 -0.06900205
v -0.04529595 0.08205796 -0.06801094
v -0.04498398 0.07521398 -0.06684901
v -0.04723298 0.08026696 -0.06525196
v -0.04687500 0.07359696 -0.06412198
v -0.04982894 0.07744695 -0.06104995
v -0.04940998 0.07104300 -0.05997302
v -0.05101394 0.07600297 -0.05892397
v -0.05056595 0.06973300 -0.05787601
v -0.03881895 0.07671995 -0.07326199
v -0.04106295 0.07179094 -0.06988205
v -0.04309296 0.07071000 -0.06753100
v -0.04471796 0.06961400 -0.06540705
v -0.04656696 0.06813801 -0.06271996
v -0.04904597 0.06580002 -0.05863596
v -0.05017697 0.06459905 -0.05657197
v -0.03867399 0.06884504 -0.07098998
v -0.04088598 0.06602002 -0.06799795
v -0.04286098 0.06505502 -0.06568398
v -0.04444396 0.06406600 -0.06359805
v -0.04624795 0.06272901 -0.06096102
v -0.04866898 0.06060405 -0.05695595
v -0.04977399 0.05951102 -0.05493297
v -0.03853899 0.06110401 -0.06807102
v -0.04064595 0.05826004 -0.06488503
v -0.04253798 0.05744602 -0.06263699
v -0.04405999 0.05660100 -0.06061305
v -0.04579895 0.05544801 -0.05805995
v -0.04813599 0.05360903 -0.05418397
v -0.04920297 0.05266203 -0.05222596
v -0.03841596 0.05351903 -0.06459095
v -0.04035896 0.04909702 -0.06039299
v -0.04213994 0.04845400 -0.05824496
v -0.04358094 0.04777403 -0.05631603
v -0.04523295 0.04683901 -0.05388404
v -0.04746198 0.04533900 -0.05019297
v -0.04847896 0.04456504 -0.04832806
v -0.03830498 0.04611303 -0.06060399
v -0.04007595 0.04020502 -0.05518605
v -0.04173398 0.03972204 -0.05316295
v -0.04308497 0.03920002 -0.05134906
v -0.04464298 0.03847601 -0.04906203
v -0.04675096 0.03730901 -0.04558803
v -0.04748398 0.03699203 -0.04437305
v -0.04498499 0.03545304 -0.04644896
v -0.04257196 0.03411903 -0.04825903
v -0.03820794 0.03890701 -0.05614997
v -0.04027497 0.03295304 -0.04984905
v -0.03812599 0.03191902 -0.05126394
v -0.05437296 0.04697903 -0.04041995
v -0.05512899 0.04316200 -0.03615095
v -0.05501198 0.04611202 -0.03857495
v -0.05616998 0.04439200 -0.03486301
v -0.05702799 0.04994501 -0.03698899
v -0.05741900 0.04559805 -0.03293504
v -0.05808496 0.04796900 -0.03312601
v -0.05945098 0.04807605 -0.02967800
v -0.05873298 0.05188604 -0.03431596
v -0.05966800 0.04972406 -0.03034700
v -0.06033295 0.05346401 -0.03119995
v -0.06121098 0.05053605 -0.02645303
v -0.06109696 0.05802806 -0.03183903
v -0.06300395 0.05484505 -0.02361394
v -0.06268197 0.05292304 -0.02333595
v -0.06365698 0.05544205 -0.02144505
v -0.06386500 0.05520906 -0.02036001
v -0.06594598 0.06230200 -0.01119198
v -0.06559395 0.06495703 -0.01546098
v -0.06538397 0.06298001 -0.01673903
v -0.06485700 0.06251402 -0.01988400
v -0.06421899 0.06179805 -0.02278103
v -0.06220197 0.06540401 -0.03171100
v -0.06074398 0.06548406 -0.03610600
v -0.05921494 0.06585504 -0.04020597
v -0.05755198 0.06597705 -0.04407395
v -0.05621498 0.06185205 -0.04521896
v -0.05495995 0.05848803 -0.04606105
v -0.05273097 0.05618204 -0.04878701
v -0.06572699 0.06676103 -0.01395501
v -0.06610596 0.06472106 -0.00808896
v -0.06578499 0.06837202 -0.01225497
v -0.06577301 0.06978400 -0.01039995
v -0.06553196 0.07026900 -0.01424505
v -0.06551998 0.07172299 -0.01233901
v -0.06522196 0.07216997 -0.01622404
v -0.06520897 0.07366497 -0.01426603
v -0.06346100 0.07980795 -0.02401306
v -0.06344598 0.08146197 -0.02184202
v -0.06230098 0.08363694 -0.02783097
v -0.06228399 0.08536798 -0.02555002
v -0.06097197 0.08746899 -0.03159703
v -0.06095397 0.08927298 -0.02920200
v -0.05948299 0.09129799 -0.03531004
v -0.05946397 0.09317399 -0.03279902
v -0.05867797 0.09320999 -0.03714599
v -0.05866098 0.09511996 -0.03457703
v -0.05783498 0.09511895 -0.03896798
v -0.05781799 0.09706396 -0.03634001
v -0.05583196 0.09931595 -0.04293896
v -0.05581694 0.10133297 -0.04017903
v -0.06601899 0.06713600 -0.00500204
v -0.06571799 0.07078000 -0.00882198
v -0.06546598 0.07274498 -0.01071598
v -0.06515598 0.07471497 -0.01259805
v -0.06339401 0.08261496 -0.01998998
v -0.06223398 0.08657098 -0.02360298
v -0.06090599 0.09052295 -0.02715899
v -0.05941796 0.09446896 -0.03065695
v -0.05861496 0.09643698 -0.03238501
v -0.05777394 0.09840096 -0.03409900
v -0.05577796 0.10271395 -0.03782500
v -0.06562596 0.07165800 -0.00718094
v -0.06570297 0.06955505 -0.00191905
v -0.06550097 0.07242698 -0.00549306
v -0.06534600 0.07309694 -0.00376798
v -0.06525200 0.07443197 -0.00729205
v -0.06509995 0.07511498 -0.00551797
v -0.06494599 0.07644100 -0.00907899
v -0.06479698 0.07713599 -0.00725497
v -0.06320101 0.08448995 -0.01608099
v -0.06306600 0.08523298 -0.01405598
v -0.06204897 0.08851398 -0.01949502
v -0.06192100 0.08927799 -0.01736702
v -0.06072998 0.09253097 -0.02284802
v -0.06060898 0.09331400 -0.02061798
v -0.05925196 0.09653599 -0.02614297
v -0.05913800 0.09733600 -0.02380802
v -0.05845499 0.09853298 -0.02776696
v -0.05834496 0.09933997 -0.02538098
v -0.05761897 0.10052395 -0.02937700
v -0.05751299 0.10133797 -0.02693798
v -0.05563700 0.10489297 -0.03287305
v -0.05554097 0.10571999 -0.03031696
v -0.06516396 0.07204999 0.00125097
v -0.06495898 0.07417400 -0.00024594
v -0.06472295 0.07620699 -0.00189497
v -0.06442898 0.07824195 -0.00353004
v -0.06273400 0.08638800 -0.00992300
v -0.06160795 0.09045297 -0.01302804
v -0.06031495 0.09450496 -0.01607205
v -0.05886298 0.09853799 -0.01905502
v -0.05807995 0.10054595 -0.02052297
v -0.05725795 0.10254700 -0.02197601
v -0.05530899 0.10693199 -0.02512397
v -0.06448996 0.07495500 0.00333200
v -0.06435698 0.07480795 0.00474702
v -0.06426495 0.07698996 0.00178598
v -0.06353598 0.07767297 0.00687705
v -0.06398296 0.07902695 0.00025295
v -0.06327396 0.07969595 0.00548302
v -0.06233698 0.08717394 -0.00573195
v -0.06171095 0.08777994 0.00004898
v -0.06123495 0.09123397 -0.00863399
v -0.06064897 0.09180296 -0.00257994
v -0.05996596 0.09527696 -0.01147498
v -0.05941897 0.09580398 -0.00514997
v -0.05853796 0.09929699 -0.01425399
v -0.05802899 0.09977699 -0.00766005
v -0.05776596 0.10129697 -0.01562001
v -0.05727595 0.10175098 -0.00889303
v -0.05695599 0.10328895 -0.01697101
v -0.05648398 0.10371596 -0.01011099
v -0.05503296 0.10764897 -0.01989497
v -0.05460298 0.10801197 -0.01274206
v -0.06324195 0.07790799 0.00866698
v -0.06248295 0.08000399 0.01069401
v -0.06177896 0.08141095 0.01308905
v -0.06101495 0.08797294 0.00579296
v -0.06020098 0.08783895 0.01196598
v -0.06000095 0.09193194 0.00342403
v -0.05924296 0.09170998 0.00986598
v -0.05881595 0.09586597 0.00111102
v -0.05811095 0.09555096 0.00781499
v -0.05746799 0.09976799 -0.00114597
v -0.05681300 0.09935600 0.00581501
v -0.05673599 0.10170395 -0.00225402
v -0.05610495 0.10124195 0.00483404
v -0.05596399 0.10362995 -0.00334705
v -0.05535697 0.10311699 0.00386702
v -0.05412697 0.10783595 -0.00570597
v -0.05356895 0.10720498 0.00178002
v -0.05934995 0.08744699 0.01800405
v -0.05799198 0.08915300 0.02283596
v -0.05844998 0.09121597 0.01615404
v -0.05763697 0.09053594 0.02225505
v -0.05737400 0.09495199 0.01434694
v -0.05661696 0.09415895 0.02067302
v -0.05612796 0.09864694 0.01258396
v -0.05542397 0.09774000 0.01912795
v -0.05544400 0.10047800 0.01172005
v -0.05476498 0.09951097 0.01836895
v -0.05471998 0.10229499 0.01086699
v -0.05406397 0.10126997 0.01761995
v -0.05298298 0.10625500 0.00902699
v -0.05237799 0.10509497 0.01600395
v -0.05579197 0.09298397 0.02764605
v -0.05336397 0.09669799 0.03229700
v -0.05411696 0.09579498 0.03050302
v -0.05601298 0.09344298 0.02551602
v -0.05073899 0.10017294 0.03663395
v -0.05284398 0.09910596 0.02933203
v -0.05350095 0.09745700 0.02991496
v -0.05422097 0.09865594 0.02344702
v -0.05486094 0.09693099 0.02412795
v -0.04808795 0.10321296 0.04041205
v -0.05062097 0.10128499 0.03444599
v -0.05124896 0.10268498 0.02807103
v -0.05189299 0.10408497 0.02131902
v -0.04548197 0.10585100 0.04367696
v -0.04401695 0.10778797 0.04370605
v -0.04298597 0.10813594 0.04649602
v -0.04262799 0.10969198 0.04319595
v -0.04125195 0.10991198 0.04744099
v -0.04148298 0.11118800 0.04278503
v -0.04371994 0.08689899 -0.07048596
v -0.04544496 0.08548499 -0.06830706
v -0.04740399 0.08360595 -0.06554104
v -0.05002796 0.08065397 -0.06132294
v -0.05122596 0.07914198 -0.05918898
v -0.04413795 0.09889997 -0.06958403
v -0.04426598 0.10296298 -0.06838001
v -0.04437696 0.10679496 -0.06665696
v -0.04446798 0.11031396 -0.06442906
v -0.04453599 0.11345298 -0.06174697
v -0.04459196 0.12239999 -0.04653801
v -0.04634696 0.12033195 -0.04493202
v -0.04834598 0.11764497 -0.04285206
v -0.05103999 0.11348099 -0.03962196
v -0.05227798 0.11135996 -0.03796805
v -0.04456698 0.12326599 -0.04348101
v -0.04630696 0.12119198 -0.04193999
v -0.04829198 0.11849899 -0.03994001
v -0.05096900 0.11432797 -0.03682996
v -0.05219894 0.11220199 -0.03523494
v -0.04449194 0.12445397 -0.03730895
v -0.04620099 0.12237996 -0.03589202
v -0.04815298 0.11969197 -0.03404905
v -0.05079197 0.11552996 -0.03117301
v -0.05200695 0.11340797 -0.02969398
v -0.04439097 0.12504197 -0.03114404
v -0.04606497 0.12298197 -0.02984501
v -0.04798197 0.12031496 -0.02814902
v -0.05057895 0.11618597 -0.02549602
v -0.05177599 0.11408097 -0.02412905
v -0.04421496 0.12509996 -0.02279402
v -0.04583799 0.12307299 -0.02164198
v -0.04770296 0.12045396 -0.02013303
v -0.05023998 0.11640299 -0.01776399
v -0.05141198 0.11433596 -0.01654102
v -0.04400497 0.12451798 -0.01467206
v -0.04557299 0.12253798 -0.01364995
v -0.04738497 0.11998195 -0.01230802
v -0.04986000 0.11603100 -0.01019706
v -0.05100494 0.11401398 -0.00910498
v -0.04374200 0.12337494 -0.00612701
v -0.04524999 0.12145299 -0.00522806
v -0.04700195 0.11897797 -0.00404598
v -0.04940795 0.11515195 -0.00218596
v -0.05052495 0.11319799 -0.00122298
v -0.04344797 0.12187499 0.00205599
v -0.04489594 0.12001497 0.00285195
v -0.04658997 0.11762494 0.00389300
v -0.04892897 0.11393399 0.00553297
v -0.05001699 0.11204798 0.00638102
v -0.04312998 0.12014998 0.00985895
v -0.04451894 0.11835498 0.01056396
v -0.04615598 0.11605198 0.01148604
v -0.04842799 0.11249799 0.01293097
v -0.04948794 0.11068094 0.01367806
v -0.04286497 0.11869497 0.01575504
v -0.04420995 0.11694998 0.01639997
v -0.04580199 0.11471600 0.01723705
v -0.04802399 0.11126996 0.01854502
v -0.04906195 0.10950798 0.01921998
v -0.04250395 0.11671699 0.02319501
v -0.04379194 0.11503798 0.02376901
v -0.04532897 0.11289299 0.02450906
v -0.04748499 0.10958696 0.02565704
v -0.04849499 0.10789598 0.02624606
v -0.04558897 0.08890296 -0.06838204
v -0.04775995 0.09104097 -0.06536700
v -0.05064296 0.09165597 -0.06050803
v -0.05206495 0.09356696 -0.05731906
v -0.04605799 0.10122598 -0.06626095
v -0.04617697 0.10498298 -0.06458200
v -0.04627197 0.10843498 -0.06240906
v -0.04633897 0.11151696 -0.05979206
v -0.04756796 0.08693594 -0.06561400
v -0.05021899 0.08385099 -0.06139101
v -0.05142897 0.08227200 -0.05925299
v -0.04822099 0.10260696 -0.06192900
v -0.04831999 0.10597599 -0.05982198
v -0.04838800 0.10898799 -0.05728401
v -0.05113798 0.10505796 -0.05342604
v -0.05239695 0.10305495 -0.05146195
v -0.05106896 0.10215200 -0.05585004
v -0.05044096 0.08779198 -0.06115200
v -0.05166494 0.08613200 -0.05901696
v -0.05187898 0.08991498 -0.05838503
v -0.05571699 0.10389597 -0.03538205
v -0.05770695 0.09954995 -0.03177001
v -0.05854594 0.09756995 -0.03010799
v -0.05934596 0.09558499 -0.02843203
v -0.06082999 0.09160495 -0.02503397
v -0.06215399 0.08761597 -0.02157797
v -0.06331098 0.08362097 -0.01806404
v -0.06506699 0.07563699 -0.01086403
v -0.06537598 0.07364596 -0.00902905
v -0.05580395 0.09695900 -0.04545595
v -0.05780500 0.09285397 -0.04136397
v -0.05864799 0.09098799 -0.03948797
v -0.05944997 0.08911896 -0.03759803
v -0.06093597 0.08537895 -0.03378095
v -0.06226098 0.08163900 -0.02991296
v -0.06341600 0.07790298 -0.02599503
v -0.06516700 0.07046000 -0.01801504
v -0.06547600 0.06860806 -0.01599003
v -0.05572795 0.09426898 -0.04766096
v -0.05772298 0.09027595 -0.04346503
v -0.05856198 0.08846099 -0.04154195
v -0.05936199 0.08664495 -0.03960599
v -0.06083995 0.08301098 -0.03569795
v -0.06215697 0.07937999 -0.03174294
v -0.06330400 0.07575495 -0.02774002
v -0.06503999 0.06854005 -0.01959695
v -0.06534600 0.06674601 -0.01753403
v -0.05560195 0.09127796 -0.04949500
v -0.05758696 0.08741499 -0.04521395
v -0.05842095 0.08565999 -0.04325296
v -0.05921494 0.08390397 -0.04128005
v -0.06068199 0.08039195 -0.03729905
v -0.06198596 0.07688595 -0.03327300
v -0.06312197 0.07338799 -0.02920200
v -0.06483697 0.06643201 -0.02093305
v -0.06513899 0.06470401 -0.01884104
v -0.05542898 0.08803899 -0.05091704
v -0.05739796 0.08432097 -0.04657198
v -0.05822396 0.08263296 -0.04458298
v -0.05901098 0.08094395 -0.04258300
v -0.06046199 0.07756795 -0.03854896
v -0.06175196 0.07419998 -0.03447200
v -0.06287199 0.07084200 -0.03035296
v -0.06456100 0.06417103 -0.02199699
v -0.05521297 0.08461798 -0.05191804
v -0.05716198 0.08105696 -0.04753198
v -0.05797898 0.07943995 -0.04552497
v -0.05875599 0.07782395 -0.04350795
v -0.06018894 0.07459397 -0.03944100
v -0.06145900 0.07137400 -0.03533305
v -0.06256198 0.06816603 -0.03118600
v -0.05496299 0.08107698 -0.05251600
v -0.05688798 0.07768096 -0.04811002
v -0.05769395 0.07613898 -0.04609503
v -0.05845999 0.07459796 -0.04406895
v -0.05987095 0.07152200 -0.03998806
v -0.06111997 0.06845601 -0.03586794
v -0.05468595 0.07746697 -0.05274703
v -0.05658400 0.07423897 -0.04833998
v -0.05737799 0.07277496 -0.04632498
v -0.05813199 0.07131200 -0.04429997
v -0.05951899 0.06839205 -0.04022099
v -0.05444699 0.07453997 -0.05269696
v -0.05632197 0.07145000 -0.04830100
v -0.05710595 0.07004800 -0.04629101
v -0.05784898 0.06864805 -0.04427196
v -0.05419695 0.07160500 -0.05245902
v -0.05604696 0.06865204 -0.04808403
v -0.05681997 0.06731404 -0.04608394
v -0.05366796 0.06574203 -0.05150200
v -0.05546599 0.06306405 -0.04718997
v -0.05320799 0.06094004 -0.05030204
v -0.05353897 0.10036594 0.02277301
v -0.05581200 0.05194105 -0.04082502
v -0.05763494 0.05407001 -0.03826095
v -0.05935895 0.05583800 -0.03524102
v 0.03812599 0.03191902 -0.05126394
v 0.03820794 0.03890701 -0.05614997
v 0.04028600 0.03295900 -0.04984201
v 0.04007595 0.04020502 -0.05518605
v 0.04173398 0.03972204 -0.05316295
v 0.04035896 0.04909702 -0.06039299
v 0.04213994 0.04845400 -0.05824496
v 0.04064595 0.05826004 -0.06488503
v 0.04253798 0.05744602 -0.06263699
v 0.04088598 0.06602002 -0.06799795
v 0.04286098 0.06505502 -0.06568398
v 0.04106295 0.07179094 -0.06988205
v 0.04309296 0.07071000 -0.06753100
v 0.04123896 0.07762296 -0.07138003
v 0.04332095 0.07642097 -0.06900205
v 0.04145199 0.08475596 -0.07258202
v 0.04358994 0.08340198 -0.07018603
v 0.04155695 0.08833099 -0.07288398
v 0.04371994 0.08689899 -0.07048596
v 0.04165995 0.09189696 -0.07295395
v 0.04384595 0.09038699 -0.07055999
v 0.04178500 0.09629399 -0.07267405
v 0.04399698 0.09468699 -0.07029594
v 0.04190498 0.10060394 -0.07193698
v 0.04413795 0.09889997 -0.06958403
v 0.04201698 0.10475898 -0.07069303
v 0.04426598 0.10296298 -0.06838001
v 0.04211699 0.10867698 -0.06891896
v 0.04437696 0.10679496 -0.06665696
v 0.04220294 0.11227400 -0.06662501
v 0.04446798 0.11031396 -0.06442906
v 0.04227399 0.11547995 -0.06386603
v 0.04453599 0.11345298 -0.06174697
v 0.04232800 0.11825795 -0.06072201
v 0.04458296 0.11617595 -0.05868806
v 0.04236495 0.12059999 -0.05728306
v 0.04460799 0.11847300 -0.05533995
v 0.04238396 0.12217695 -0.05436303
v 0.04461395 0.12002397 -0.05249502
v 0.04239398 0.12350095 -0.05134298
v 0.04460799 0.12132597 -0.04955102
v 0.04239594 0.12458998 -0.04825605
v 0.04459196 0.12239999 -0.04653801
v 0.04239100 0.12546498 -0.04512598
v 0.04456698 0.12326599 -0.04348101
v 0.04236197 0.12665898 -0.03881301
v 0.04449194 0.12445397 -0.03730895
v 0.04230999 0.12723899 -0.03251804
v 0.04439097 0.12504197 -0.03114404
v 0.04220896 0.12726796 -0.02400698
v 0.04421496 0.12509996 -0.02279402
v 0.04207795 0.12664599 -0.01574697
v 0.04400497 0.12451798 -0.01467206
v 0.04190295 0.12545097 -0.00707306
v 0.04374200 0.12337494 -0.00612701
v 0.04169797 0.12389297 0.00121795
v 0.04344797 0.12187499 0.00205599
v 0.04146599 0.12210799 0.00910805
v 0.04312998 0.12014998 0.00985895
v 0.04126799 0.12060398 0.01506303
v 0.04286497 0.11869497 0.01575504
v 0.04099094 0.11856199 0.02256905
v 0.04250395 0.11671699 0.02319501
v 0.04070800 0.11654896 0.02960001
v 0.04214495 0.11476595 0.03016995
v 0.04043197 0.11463094 0.03616701
v 0.04180097 0.11291099 0.03668700
v 0.04017198 0.11284698 0.04231201
v 0.04148298 0.11118800 0.04278503
v 0.03997999 0.11152000 0.04700802
v 0.04125195 0.10991198 0.04744099
v 0.04070097 0.11008496 0.04889296
v 0.04306298 0.10806799 0.04641198
v 0.03830498 0.04611303 -0.06060399
v 0.03841596 0.05351903 -0.06459095
v 0.03853899 0.06110401 -0.06807102
v 0.03867399 0.06884504 -0.07098998
v 0.03881895 0.07671995 -0.07326199
v 0.03889495 0.08069796 -0.07411398
v 0.03897297 0.08469397 -0.07474901
v 0.03905296 0.08869994 -0.07513703
v 0.03913497 0.09270096 -0.07524504
v 0.03921794 0.09667296 -0.07503702
v 0.03930097 0.10058594 -0.07447304
v 0.03938299 0.10439694 -0.07351603
v 0.03946197 0.10804898 -0.07214202
v 0.03953796 0.11148298 -0.07034399
v 0.03960800 0.11464096 -0.06814100
v 0.03966999 0.11747796 -0.06558002
v 0.03972595 0.11997200 -0.06271900
v 0.03977298 0.12211699 -0.05962302
v 0.03981298 0.12392599 -0.05635299
v 0.03984695 0.12541998 -0.05296005
v 0.03987395 0.12662399 -0.04948701
v 0.03989696 0.12756897 -0.04596700
v 0.03991395 0.12828196 -0.04242803
v 0.03993499 0.12911797 -0.03536405
v 0.03993999 0.12932295 -0.02839996
v 0.03992998 0.12904496 -0.02159299
v 0.03990596 0.12840295 -0.01497699
v 0.03986597 0.12748796 -0.00856794
v 0.03981095 0.12637097 -0.00237502
v 0.03973996 0.12510795 0.00359403
v 0.03965497 0.12374598 0.00933598
v 0.03955596 0.12232298 0.01484905
v 0.03944498 0.12087495 0.02013098
v 0.03932499 0.11942995 0.02517794
v 0.03919899 0.11801398 0.02999197
v 0.03906995 0.11664600 0.03458105
v 0.03881096 0.11409694 0.04315697
v 0.03856796 0.11184794 0.05105899
v 0.04559499 0.10574300 0.04354404
v 0.04401695 0.10778797 0.04370605
v 0.04262799 0.10969198 0.04319595
v 0.04823499 0.10305399 0.04021405
v 0.04741400 0.10476494 0.03905903
v 0.04645699 0.10632599 0.03861104
v 0.04442399 0.10937596 0.03772901
v 0.04695796 0.10791696 0.03234695
v 0.04486495 0.11109096 0.03133999
v 0.04748499 0.10958696 0.02565704
v 0.04532897 0.11289299 0.02450906
v 0.04802399 0.11126996 0.01854502
v 0.04580199 0.11471600 0.01723705
v 0.04842799 0.11249799 0.01293097
v 0.04615598 0.11605198 0.01148604
v 0.04892897 0.11393399 0.00553297
v 0.04658997 0.11762494 0.00389300
v 0.04940795 0.11515195 -0.00218596
v 0.04700195 0.11897797 -0.00404598
v 0.04986000 0.11603100 -0.01019706
v 0.04738497 0.11998195 -0.01230802
v 0.05023998 0.11640299 -0.01776399
v 0.04770296 0.12045396 -0.02013303
v 0.05057895 0.11618597 -0.02549602
v 0.04798197 0.12031496 -0.02814902
v 0.05079197 0.11552996 -0.03117301
v 0.04815298 0.11969197 -0.03404905
v 0.05096900 0.11432797 -0.03682996
v 0.04829198 0.11849899 -0.03994001
v 0.05103999 0.11348099 -0.03962196
v 0.04834598 0.11764497 -0.04285206
v 0.05109798 0.11244697 -0.04236795
v 0.04838800 0.11659295 -0.04571797
v 0.05113995 0.11120600 -0.04504503
v 0.04841697 0.11532498 -0.04851498
v 0.05116498 0.10974294 -0.04762699
v 0.04842996 0.11382294 -0.05121495
v 0.05116897 0.10759098 -0.05066003
v 0.04842299 0.11160595 -0.05438794
v 0.05113798 0.10505796 -0.05342604
v 0.04838800 0.10898799 -0.05728401
v 0.05106896 0.10215200 -0.05585004
v 0.04831999 0.10597599 -0.05982198
v 0.05096197 0.09890795 -0.05786301
v 0.04822099 0.10260696 -0.06192900
v 0.05081897 0.09538395 -0.05941905
v 0.04809194 0.09894395 -0.06355800
v 0.05064296 0.09165597 -0.06050803
v 0.04793596 0.09506399 -0.06469597
v 0.05044096 0.08779198 -0.06115200
v 0.04775995 0.09104097 -0.06536700
v 0.05021899 0.08385099 -0.06139101
v 0.04756796 0.08693594 -0.06561400
v 0.05002796 0.08065397 -0.06132294
v 0.04740399 0.08360595 -0.06554104
v 0.04982894 0.07744695 -0.06104995
v 0.04723298 0.08026696 -0.06525196
v 0.04940998 0.07104300 -0.05997302
v 0.04687500 0.07359696 -0.06412198
v 0.04904597 0.06580002 -0.05863596
v 0.04656696 0.06813801 -0.06271996
v 0.04866898 0.06060405 -0.05695595
v 0.04624795 0.06272901 -0.06096102
v 0.04813599 0.05360903 -0.05418397
v 0.04579895 0.05544801 -0.05805995
v 0.04746198 0.04533900 -0.05019297
v 0.04523295 0.04683901 -0.05388404
v 0.04675096 0.03730901 -0.04558803
v 0.04464298 0.03847601 -0.04906203
v 0.04502397 0.03547604 -0.04641904
v 0.04259598 0.03413202 -0.04824199
v 0.04832798 0.10318095 0.03951095
v 0.05092197 0.09994597 0.03635095
v 0.04977399 0.10297698 0.03391098
v 0.05062097 0.10128499 0.03444599
v 0.05124896 0.10268498 0.02807103
v 0.05284398 0.09910596 0.02933203
v 0.05353897 0.10036594 0.02277301
v 0.05422097 0.09865594 0.02344702
v 0.05476397 0.09951199 0.01836895
v 0.05542397 0.09774000 0.01912700
v 0.05612796 0.09864796 0.01258396
v 0.05737298 0.09495295 0.01434599
v 0.05810999 0.09555299 0.00781404
v 0.05924195 0.09171194 0.00986396
v 0.06000000 0.09193498 0.00342296
v 0.06101495 0.08797598 0.00579105
v 0.06171000 0.08778400 0.00004695
v 0.06327396 0.07970096 0.00548004
v 0.06398200 0.07903195 0.00024901
v 0.06426399 0.07699598 0.00178205
v 0.06472200 0.07621200 -0.00189902
v 0.06495898 0.07417894 -0.00025000
v 0.06534498 0.07310296 -0.00377299
v 0.06523597 0.07176198 0.00088595
v 0.06574296 0.06931902 -0.00222005
v 0.05359196 0.09636999 0.03188704
v 0.05350095 0.09745795 0.02991496
v 0.05411595 0.09579498 0.03050302
v 0.05486094 0.09693200 0.02412795
v 0.05601298 0.09344495 0.02551495
v 0.05661594 0.09416098 0.02067302
v 0.05763697 0.09053797 0.02225398
v 0.05844897 0.09121800 0.01615296
v 0.05829399 0.08858794 0.02212595
v 0.05934900 0.08744997 0.01800202
v 0.06027799 0.08466095 0.01718496
v 0.06019997 0.08784199 0.01196502
v 0.06201797 0.08086598 0.01240097
v 0.06248199 0.08000899 0.01069103
v 0.06341296 0.07746399 0.00810598
v 0.06353598 0.07767797 0.00687300
v 0.06447297 0.07444997 0.00429402
v 0.06448996 0.07496096 0.00332795
v 0.05606895 0.09252298 0.02706800
v 0.06603497 0.06693704 -0.00525595
v 0.06562596 0.07166300 -0.00718595
v 0.06549996 0.07243294 -0.00549795
v 0.06509995 0.07512099 -0.00552298
v 0.06442797 0.07824696 -0.00353397
v 0.06233596 0.08717698 -0.00573505
v 0.06064897 0.09180499 -0.00258197
v 0.05881500 0.09586800 0.00110994
v 0.05681300 0.09935600 0.00581501
v 0.05544400 0.10047800 0.01172005
v 0.05406397 0.10126997 0.01761995
v 0.05189299 0.10408497 0.02131902
v 0.05037796 0.10444397 0.02745400
v 0.04888099 0.10464699 0.03338300
v 0.06610298 0.06455804 -0.00829901
v 0.06577199 0.06979000 -0.01040603
v 0.06571799 0.07078500 -0.00882699
v 0.06537497 0.07365097 -0.00903405
v 0.06525200 0.07443799 -0.00729705
v 0.06494498 0.07644595 -0.00908305
v 0.06479698 0.07714100 -0.00725903
v 0.06306499 0.08523596 -0.01405896
v 0.06273299 0.08639199 -0.00992502
v 0.06160700 0.09045595 -0.01302995
v 0.06123399 0.09123600 -0.00863601
v 0.05996495 0.09527797 -0.01147605
v 0.05941897 0.09580595 -0.00515105
v 0.05802899 0.09977794 -0.00766100
v 0.05746799 0.09976799 -0.00114705
v 0.05673599 0.10170496 -0.00225402
v 0.05610400 0.10124195 0.00483404
v 0.05535697 0.10311699 0.00386702
v 0.05471998 0.10229499 0.01086699
v 0.05298298 0.10625500 0.00902699
v 0.05237799 0.10509497 0.01600395
v 0.05146294 0.10697896 0.01521502
v 0.05099695 0.10591496 0.02060805
v 0.05005300 0.10772294 0.01990806
v 0.04945999 0.10618198 0.02684496
v 0.04849499 0.10789598 0.02624606
v 0.04794198 0.10629398 0.03286098
v 0.06593000 0.06217505 -0.01135506
v 0.06572598 0.06676603 -0.01396097
v 0.06578397 0.06837703 -0.01226105
v 0.06551897 0.07172794 -0.01234402
v 0.06546497 0.07274998 -0.01072098
v 0.06515496 0.07471896 -0.01260306
v 0.06506597 0.07564200 -0.01086797
v 0.06331098 0.08362395 -0.01806702
v 0.06319999 0.08449299 -0.01608397
v 0.06204795 0.08851594 -0.01949705
v 0.06191998 0.08927995 -0.01736905
v 0.06060796 0.09331596 -0.02061905
v 0.06031399 0.09450698 -0.01607396
v 0.05886298 0.09853900 -0.01905598
v 0.05853694 0.09929795 -0.01425399
v 0.05776596 0.10129697 -0.01562096
v 0.05727595 0.10175199 -0.00889303
v 0.05648398 0.10371596 -0.01011099
v 0.05596399 0.10362995 -0.00334705
v 0.05412697 0.10783595 -0.00570597
v 0.05356895 0.10720498 0.00178002
v 0.05260294 0.10922200 0.00076102
v 0.05204296 0.10820699 0.00812899
v 0.05105400 0.11013794 0.00724696
v 0.05049997 0.10884095 0.01444005
v 0.04948794 0.11068094 0.01367806
v 0.04906195 0.10950798 0.01921998
v 0.06549495 0.05980302 -0.01441003
v 0.06538295 0.06298501 -0.01674499
v 0.06559395 0.06496204 -0.01546694
v 0.06547498 0.06861300 -0.01599599
v 0.06553095 0.07027400 -0.01425005
v 0.06522095 0.07217498 -0.01622797
v 0.06520795 0.07366998 -0.01427104
v 0.06344497 0.08146495 -0.02184500
v 0.06339299 0.08261896 -0.01999296
v 0.06223297 0.08657295 -0.02360500
v 0.06215399 0.08761800 -0.02158000
v 0.06082898 0.09160698 -0.02503599
v 0.06072896 0.09253300 -0.02285005
v 0.05925095 0.09653700 -0.02614297
v 0.05913800 0.09733695 -0.02380897
v 0.05834496 0.09933997 -0.02538098
v 0.05807900 0.10054595 -0.02052404
v 0.05725795 0.10254700 -0.02197601
v 0.05695599 0.10328895 -0.01697101
v 0.05503296 0.10764897 -0.01989497
v 0.05460298 0.10801197 -0.01274206
v 0.05358999 0.11013794 -0.01402904
v 0.05313599 0.10991395 -0.00685801
v 0.05209594 0.11197395 -0.00799204
v 0.05158895 0.11122096 -0.00023998
v 0.05052495 0.11319799 -0.00122298
v 0.05001699 0.11204798 0.00638102
v 0.06509697 0.06086702 -0.01776899
v 0.06479597 0.05747004 -0.01742603
v 0.06474298 0.05864705 -0.01853301
v 0.06385600 0.05519106 -0.02038301
v 0.06410396 0.05785401 -0.02117695
v 0.06365698 0.05544604 -0.02145006
v 0.06382197 0.05935504 -0.02329995
v 0.06338298 0.05686505 -0.02356698
v 0.06220096 0.06540604 -0.03171505
v 0.06180197 0.06259401 -0.03195895
v 0.06111997 0.06845803 -0.03587104
v 0.06074398 0.06548603 -0.03610803
v 0.05987095 0.07152300 -0.03998996
v 0.05951797 0.06839300 -0.04022302
v 0.05845999 0.07459898 -0.04407002
v 0.05813097 0.07131300 -0.04430105
v 0.05769395 0.07613898 -0.04609503
v 0.05737799 0.07277496 -0.04632606
v 0.05688798 0.07768096 -0.04811002
v 0.05658400 0.07423897 -0.04833998
v 0.05496299 0.08107698 -0.05251600
v 0.05468595 0.07746697 -0.05274703
v 0.05392098 0.08277000 -0.05469800
v 0.05365794 0.07907594 -0.05492999
v 0.05282294 0.08445597 -0.05686499
v 0.05257296 0.08067895 -0.05709900
v 0.05166494 0.08613200 -0.05901696
v 0.05142897 0.08227200 -0.05925299
v 0.06269198 0.05294003 -0.02331401
v 0.06300395 0.05484904 -0.02361895
v 0.06124097 0.05058201 -0.02639295
v 0.06109696 0.05803002 -0.03184296
v 0.06145799 0.06031503 -0.03197397
v 0.06041896 0.06307704 -0.03610696
v 0.05950295 0.04814304 -0.02959002
v 0.05966800 0.04972602 -0.03034998
v 0.06033200 0.05346604 -0.03120305
v 0.06007897 0.06066300 -0.03595199
v 0.05921399 0.06585605 -0.04020704
v 0.05808395 0.04797001 -0.03312899
v 0.05748796 0.04567702 -0.03283097
v 0.05702698 0.04994603 -0.03699101
v 0.05616998 0.04439302 -0.03486504
v 0.05581200 0.05194201 -0.04082598
v 0.05501198 0.04611303 -0.03857495
v 0.05514395 0.05294605 -0.04273297
v 0.05437296 0.04697903 -0.04041995
v 0.05443698 0.05395301 -0.04463102
v 0.05369496 0.04784901 -0.04225697
v 0.05273097 0.05618204 -0.04878701
v 0.05205595 0.04977800 -0.04627897
v 0.05180096 0.05729605 -0.05084802
v 0.05115896 0.05074300 -0.04827298
v 0.05081599 0.05840702 -0.05289699
v 0.05020898 0.05170502 -0.05025603
v 0.04977399 0.05951102 -0.05493297
v 0.04920297 0.05266203 -0.05222596
v 0.05521196 0.04324402 -0.03604294
v 0.05269294 0.04090501 -0.03914405
v 0.05010497 0.03882505 -0.04191603
v 0.05119895 0.04221006 -0.04266097
v 0.04753696 0.03702803 -0.04432501
v 0.04943996 0.04378404 -0.04645099
v 0.05034500 0.04299803 -0.04456200
v 0.04847896 0.04456504 -0.04832806
v 0.04308497 0.03920002 -0.05134906
v 0.04358094 0.04777403 -0.05631603
v 0.04405999 0.05660100 -0.06061305
v 0.04444396 0.06406600 -0.06359805
v 0.04471796 0.06961400 -0.06540705
v 0.04498398 0.07521398 -0.06684901
v 0.04529595 0.08205796 -0.06801094
v 0.04544496 0.08548499 -0.06830706
v 0.04558897 0.08890296 -0.06838204
v 0.04575896 0.09311599 -0.06812705
v 0.04591697 0.09724498 -0.06743504
v 0.04605799 0.10122598 -0.06626095
v 0.04617697 0.10498298 -0.06458200
v 0.04627197 0.10843498 -0.06240906
v 0.04633897 0.11151696 -0.05979206
v 0.04637998 0.11419195 -0.05680598
v 0.04639595 0.11645395 -0.05353703
v 0.04639297 0.11798198 -0.05075695
v 0.04637598 0.11926795 -0.04787899
v 0.04634696 0.12033195 -0.04493202
v 0.04630696 0.12119198 -0.04193999
v 0.04620099 0.12237996 -0.03589202
v 0.04606497 0.12298197 -0.02984501
v 0.04583799 0.12307299 -0.02164198
v 0.04557299 0.12253798 -0.01364995
v 0.04524999 0.12145299 -0.00522806
v 0.04489594 0.12001497 0.00285195
v 0.04451894 0.11835498 0.01056396
v 0.04420995 0.11694998 0.01639997
v 0.04379194 0.11503798 0.02376901
v 0.04338097 0.11315096 0.03068505
v 0.04298895 0.11135597 0.03714906
v 0.05100494 0.11401398 -0.00910498
v 0.05141198 0.11433596 -0.01654102
v 0.05177599 0.11408097 -0.02412905
v 0.05200695 0.11340797 -0.02969398
v 0.05219894 0.11220199 -0.03523494
v 0.05227798 0.11135996 -0.03796805
v 0.05234199 0.11033398 -0.04065396
v 0.05238997 0.10910696 -0.04327203
v 0.05241894 0.10766399 -0.04579605
v 0.05242598 0.10554398 -0.04875995
v 0.05239695 0.10305495 -0.05146195
v 0.05232697 0.10020197 -0.05383100
v 0.05221599 0.09701998 -0.05579795
v 0.05206495 0.09356696 -0.05731906
v 0.05187898 0.08991498 -0.05838503
v 0.05122596 0.07914198 -0.05918898
v 0.05235898 0.07761599 -0.05703904
v 0.05343097 0.07608099 -0.05487503
v 0.05444699 0.07453997 -0.05269696
v 0.05632197 0.07145000 -0.04830100
v 0.05710500 0.07004800 -0.04629196
v 0.05784797 0.06864901 -0.04427303
v 0.05101394 0.07600297 -0.05892397
v 0.05213296 0.07454498 -0.05678298
v 0.05319297 0.07307697 -0.05462803
v 0.05419695 0.07160500 -0.05245902
v 0.05604696 0.06865204 -0.04808403
v 0.05681896 0.06731404 -0.04608394
v 0.05755096 0.06597705 -0.04407503
v 0.05889499 0.06331302 -0.04003002
v 0.05056595 0.06973300 -0.05787601
v 0.05165797 0.06841005 -0.05576505
v 0.05269098 0.06707801 -0.05364002
v 0.05366796 0.06574203 -0.05150200
v 0.05546599 0.06306405 -0.04718997
v 0.05621498 0.06185205 -0.04522003
v 0.05692297 0.06064202 -0.04324104
v 0.05822098 0.05823202 -0.03925802
v 0.05935800 0.05583902 -0.03524400
v 0.05017697 0.06459905 -0.05657197
v 0.05124497 0.06338603 -0.05449499
v 0.05225396 0.06216503 -0.05240501
v 0.05320799 0.06094004 -0.05030204
v 0.05495995 0.05848803 -0.04606105
v 0.05568897 0.05737902 -0.04412295
v 0.05637699 0.05627205 -0.04217805
v 0.05763399 0.05407102 -0.03826202
v 0.05873197 0.05188705 -0.03431798
v 0.05304998 0.08815897 -0.05624498
v 0.05415898 0.08639199 -0.05408896
v 0.05521297 0.08461798 -0.05191804
v 0.05716198 0.08105696 -0.04753198
v 0.05797898 0.07943995 -0.04552604
v 0.05875498 0.07782395 -0.04350902
v 0.06018799 0.07459600 -0.03944196
v 0.06145900 0.07137600 -0.03533496
v 0.06256097 0.06816901 -0.03118898
v 0.06421899 0.06180204 -0.02278604
v 0.06450796 0.06022204 -0.02066399
v 0.06485700 0.06251801 -0.01988997
v 0.06513798 0.06470801 -0.01884605
v 0.06534498 0.06675101 -0.01753999
v 0.05324596 0.09173400 -0.05520202
v 0.05436497 0.08988995 -0.05306698
v 0.05542898 0.08803899 -0.05091704
v 0.05739796 0.08432097 -0.04657198
v 0.05822396 0.08263296 -0.04458405
v 0.05900996 0.08094496 -0.04258396
v 0.06046199 0.07756997 -0.03855099
v 0.06175094 0.07420195 -0.03447403
v 0.06287097 0.07084500 -0.03035702
v 0.06456100 0.06417502 -0.02200200
v 0.05340397 0.09511698 -0.05371405
v 0.05453097 0.09320099 -0.05161299
v 0.05560195 0.09127796 -0.04949500
v 0.05758696 0.08741499 -0.04521395
v 0.05842095 0.08565999 -0.04325296
v 0.05921399 0.08390397 -0.04128005
v 0.06068098 0.08039398 -0.03730000
v 0.06198596 0.07688797 -0.03327502
v 0.06312096 0.07339097 -0.02920498
v 0.06483697 0.06643600 -0.02093805
v 0.05351895 0.09823597 -0.05179204
v 0.05465096 0.09625698 -0.04973496
v 0.05572795 0.09426898 -0.04766096
v 0.05772298 0.09027595 -0.04346503
v 0.05856198 0.08846200 -0.04154195
v 0.05936098 0.08664597 -0.03960694
v 0.06083995 0.08301199 -0.03569998
v 0.06215596 0.07938195 -0.03174497
v 0.06330299 0.07575799 -0.02774300
v 0.06503897 0.06854505 -0.01960196
v 0.05359095 0.10103494 -0.04947902
v 0.05472499 0.09900195 -0.04747595
v 0.05580395 0.09695900 -0.04545595
v 0.05780500 0.09285397 -0.04136397
v 0.05864697 0.09098799 -0.03948797
v 0.05944997 0.08911998 -0.03759898
v 0.06093597 0.08537996 -0.03378202
v 0.06225997 0.08164096 -0.02991499
v 0.06341499 0.07790596 -0.02599896
v 0.06516700 0.07046500 -0.01801898
v 0.05361896 0.10347999 -0.04683806
v 0.05475300 0.10140294 -0.04489805
v 0.05583196 0.09931595 -0.04293896
v 0.05783498 0.09511895 -0.03896798
v 0.05867797 0.09320999 -0.03714599
v 0.05948197 0.09129799 -0.03531004
v 0.06097197 0.08747000 -0.03159799
v 0.06229996 0.08363897 -0.02783395
v 0.06345999 0.07981099 -0.02401699
v 0.05360895 0.10556597 -0.04394294
v 0.05473995 0.10345495 -0.04207005
v 0.05581694 0.10133297 -0.04017903
v 0.05781799 0.09706396 -0.03634001
v 0.05865997 0.09512097 -0.03457703
v 0.05946397 0.09317399 -0.03279997
v 0.06095397 0.08927495 -0.02920295
v 0.06228297 0.08536995 -0.02555205
v 0.05357599 0.10698998 -0.04147698
v 0.05470395 0.10485799 -0.03966094
v 0.05577796 0.10271395 -0.03782500
v 0.05777394 0.09840096 -0.03409900
v 0.05861496 0.09643698 -0.03238596
v 0.05941796 0.09446896 -0.03065802
v 0.06090497 0.09052498 -0.02715994
v 0.05352300 0.10820199 -0.03891696
v 0.05464696 0.10605497 -0.03716005
v 0.05571699 0.10389597 -0.03538205
v 0.05770695 0.09954995 -0.03177001
v 0.05854499 0.09756995 -0.03010894
v 0.05934596 0.09558595 -0.02843203
v 0.05345296 0.10921896 -0.03628994
v 0.05457198 0.10706199 -0.03459205
v 0.05563700 0.10489297 -0.03287305
v 0.05761897 0.10052395 -0.02937700
v 0.05845397 0.09853298 -0.02776803
v 0.05336797 0.11005694 -0.03361703
v 0.05448096 0.10789496 -0.03197695
v 0.05554097 0.10571999 -0.03031696
v 0.05751299 0.10133797 -0.02693798
v 0.05316096 0.11126495 -0.02819206
v 0.05426096 0.10910595 -0.02666904
v 0.05530899 0.10693199 -0.02512397
v 0.05291497 0.11195398 -0.02273895
v 0.05399894 0.10981000 -0.02132799
v 0.05252695 0.11224598 -0.01529600
v 0.03436100 0.03082700 -0.05282201
v 0.03426897 0.03146602 -0.05333902
v 0.03812599 0.03191902 -0.05126394
v 0.03632599 0.03989901 -0.05795802
v 0.03820794 0.03890701 -0.05614997
v 0.03830498 0.04611303 -0.06060399
v 0.03643900 0.04907902 -0.06342401
v 0.03841596 0.05351903 -0.06459095
v 0.03650295 0.05381401 -0.06590106
v 0.03657299 0.05864306 -0.06818797
v 0.03457099 0.05920102 -0.06955697
v 0.03463995 0.06414802 -0.07163204
v 0.03254896 0.06470103 -0.07292105
v 0.03261595 0.06976400 -0.07475401
v 0.03044199 0.07030900 -0.07595505
v 0.03051996 0.07653297 -0.07777394
v 0.02826398 0.07707197 -0.07887401
v 0.02834099 0.08344394 -0.08018102
v 0.02600795 0.08397198 -0.08116998
v 0.02608096 0.09046096 -0.08183004
v 0.02120000 0.09143800 -0.08348502
v 0.02123099 0.09471798 -0.08349694
v 0.01807397 0.09524096 -0.08432795
v 0.01810097 0.09852297 -0.08409895
v 0.01485395 0.09897399 -0.08477606
v 0.01488399 0.10331399 -0.08406497
v 0.01156699 0.10368598 -0.08458199
v 0.01159000 0.10792399 -0.08337702
v 0.00821596 0.10820598 -0.08374204
v 0.00823098 0.11177600 -0.08226599
v 0.00481498 0.11196298 -0.08249403
v 0.00482297 0.11535097 -0.08062805
v 0.00137997 0.11543996 -0.08073105
v 0.00138199 0.11860300 -0.07850100
v -0.00207299 0.11859298 -0.07849099
v -0.00207597 0.12149895 -0.07593502
v -0.00552595 0.12139398 -0.07582201
v -0.00553399 0.12402398 -0.07298495
v -0.00896394 0.12382800 -0.07277895
v -0.00897497 0.12617499 -0.06971003
v -0.01237100 0.12589199 -0.06941701
v -0.01238298 0.12795896 -0.06615998
v -0.01572895 0.12759299 -0.06578697
v -0.01574295 0.12938995 -0.06238200
v -0.01902598 0.12894398 -0.06193305
v -0.01903998 0.13048095 -0.05841304
v -0.02224695 0.12995798 -0.05789198
v -0.02226096 0.13124699 -0.05428697
v -0.02538096 0.13064600 -0.05369796
v -0.02539396 0.13169998 -0.05003096
v -0.02841895 0.13102097 -0.04937805
v -0.02842998 0.13184995 -0.04566897
v -0.03135097 0.13109094 -0.04495801
v -0.03136700 0.13214195 -0.03746594
v -0.03580600 0.13071496 -0.03623702
v -0.03580999 0.13101095 -0.02873506
v -0.03791499 0.13017798 -0.02809204
v -0.03789895 0.12978799 -0.01955499
v -0.03992998 0.12904496 -0.02159299
v -0.03990596 0.12840295 -0.01497699
v 0.03221398 0.03180601 -0.05470504
v 0.03018695 0.02980204 -0.05431201
v 0.03007596 0.03212501 -0.05598701
v 0.02785998 0.03242303 -0.05718102
v 0.02791798 0.04153402 -0.06305303
v 0.02562397 0.04187705 -0.06411494
v 0.02569198 0.05133601 -0.06949104
v 0.02088499 0.05202700 -0.07131196
v 0.02091795 0.05691804 -0.07376505
v 0.01780897 0.05730005 -0.07470097
v 0.01783895 0.06229801 -0.07696797
v 0.01463997 0.06263805 -0.07775201
v 0.01466697 0.06774504 -0.07979895
v 0.01139897 0.06803305 -0.08042397
v 0.01142096 0.07324995 -0.08220901
v 0.00809598 0.07347698 -0.08267201
v 0.00811595 0.07987596 -0.08439399
v 0.00474799 0.08003397 -0.08469404
v 0.00475997 0.08656395 -0.08585705
v 0.00136197 0.08664400 -0.08599605
v 0.00136596 0.09326000 -0.08647098
v -0.00204796 0.09325100 -0.08645596
v -0.00205099 0.09656895 -0.08639206
v -0.00546098 0.09646398 -0.08623303
v -0.00546896 0.09976799 -0.08594705
v -0.00885898 0.09956700 -0.08565296
v -0.00887698 0.10391695 -0.08490194
v -0.01223498 0.10361898 -0.08448900
v -0.01225894 0.10785699 -0.08328904
v -0.01557099 0.10746396 -0.08277501
v -0.01559799 0.11103499 -0.08134796
v -0.01884895 0.11055500 -0.08074702
v -0.01888096 0.11395395 -0.07897402
v -0.02205997 0.11339695 -0.07829799
v -0.02209597 0.11658699 -0.07619502
v -0.02519094 0.11596394 -0.07545699
v -0.02522999 0.11891199 -0.07304706
v -0.02823197 0.11823196 -0.07225503
v -0.02827197 0.12091297 -0.06956996
v -0.03117299 0.12018496 -0.06873096
v -0.03121197 0.12258196 -0.06580795
v -0.03562396 0.12132794 -0.06436004
v -0.03566396 0.12343598 -0.06125499
v -0.03775799 0.12277097 -0.06048895
v -0.03779596 0.12457699 -0.05721499
v -0.03981298 0.12392599 -0.05635299
v -0.03782695 0.12608594 -0.05379404
v -0.03984695 0.12541998 -0.05296005
v -0.03785300 0.12732000 -0.05026402
v -0.03987395 0.12662399 -0.04948606
v -0.03989696 0.12756897 -0.04596700
v 0.02564299 0.02887602 -0.05568995
v 0.02557098 0.03269900 -0.05828406
v 0.02082896 0.04248001 -0.06596602
v 0.01778197 0.05238803 -0.07225098
v 0.01461499 0.05762304 -0.07548703
v 0.01137799 0.06291301 -0.07838000
v 0.00808096 0.06825001 -0.08089103
v 0.00473595 0.07362694 -0.08297695
v 0.00135797 0.08010996 -0.08483697
v -0.00204295 0.08663500 -0.08597995
v -0.00545299 0.09314895 -0.08629300
v -0.00884700 0.09626699 -0.08593000
v -0.01221096 0.09927398 -0.08522095
v -0.01554000 0.10322899 -0.08394600
v -0.01881599 0.10698396 -0.08213998
v -0.02202194 0.10999299 -0.08003296
v -0.02515000 0.11276395 -0.07751895
v -0.02818799 0.11527098 -0.07462503
v -0.03112798 0.11749000 -0.07137896
v -0.03557699 0.11890895 -0.06722905
v -0.03771495 0.12065495 -0.06357099
v -0.03972595 0.11997200 -0.06271900
v -0.03977298 0.12211699 -0.05962302
v 0.02076798 0.02808501 -0.05691005
v 0.02078497 0.03318204 -0.06020595
v 0.01773399 0.04279400 -0.06692101
v 0.01459199 0.05269404 -0.07304098
v 0.01135796 0.05788405 -0.07611705
v 0.00806600 0.06311900 -0.07884897
v 0.00472695 0.06839300 -0.08119799
v 0.00135499 0.07369895 -0.08312203
v -0.00203699 0.08010096 -0.08482100
v -0.00543797 0.08653695 -0.08580996
v -0.00883394 0.09295595 -0.08598198
v -0.01219296 0.09597898 -0.08548500
v -0.01550894 0.09889097 -0.08465196
v -0.01877897 0.10275299 -0.08327605
v -0.02198398 0.10642195 -0.08138706
v -0.02510595 0.10935498 -0.07920898
v -0.02814096 0.11205996 -0.07664098
v -0.03107899 0.11451400 -0.07370295
v -0.03552496 0.11618698 -0.06980897
v -0.03766399 0.11822296 -0.06640996
v 0.01769697 0.03343304 -0.06119801
v 0.01565796 0.02746703 -0.05791797
v 0.01452195 0.03364505 -0.06203200
v 0.01048099 0.02705504 -0.05866505
v 0.01128494 0.03381605 -0.06270100
v 0.00799894 0.03394403 -0.06320096
v 0.00801694 0.04343505 -0.06884898
v 0.00468898 0.04354103 -0.06916596
v 0.00470298 0.05324902 -0.07445694
v 0.00134498 0.05330803 -0.07460500
v 0.00134694 0.05827202 -0.07704498
v -0.00202096 0.05826505 -0.07702805
v -0.00202399 0.06331302 -0.07928695
v -0.00538999 0.06323404 -0.07910801
v -0.00539994 0.06837101 -0.08114995
v -0.00874799 0.06821306 -0.08081104
v -0.00876498 0.07343800 -0.08259202
v -0.01207995 0.07319594 -0.08209695
v -0.01210999 0.07957799 -0.08382703
v -0.01538097 0.07924397 -0.08318497
v -0.01542097 0.08573199 -0.08438601
v -0.01863497 0.08530099 -0.08361198
v -0.01868695 0.09185297 -0.08417799
v -0.02183097 0.09132398 -0.08329500
v -0.02186298 0.09460199 -0.08331098
v -0.02492296 0.09398699 -0.08231796
v -0.02495998 0.09724796 -0.08214904
v -0.02792596 0.09655095 -0.08106102
v -0.02798396 0.10085094 -0.08052398
v -0.03084999 0.10007495 -0.07937397
v -0.03091496 0.10428799 -0.07845201
v -0.03527396 0.10290999 -0.07650103
v -0.03533995 0.10649294 -0.07540394
v -0.03740799 0.10575200 -0.07439400
v -0.03747797 0.10920299 -0.07296897
v -0.03946197 0.10804898 -0.07214202
v -0.03953796 0.11148298 -0.07034399
v 0.00525695 0.02685304 -0.05914594
v 0.00467896 0.03402902 -0.06352903
v 0.00134200 0.04359205 -0.06931604
v -0.00201797 0.05330105 -0.07458796
v -0.00538099 0.05818905 -0.07684900
v -0.00873196 0.06308300 -0.07876803
v -0.01205694 0.06798101 -0.08031203
v -0.01534295 0.07287897 -0.08144499
v -0.01858597 0.07883597 -0.08239199
v -0.02177000 0.08479596 -0.08269300
v -0.02488595 0.09072096 -0.08227505
v -0.02788400 0.09330196 -0.08119596
v -0.03078597 0.09578699 -0.07985295
v -0.03519695 0.09870399 -0.07730795
v -0.03733599 0.10216499 -0.07543303
v -0.03938299 0.10439694 -0.07351603
v 0.00133896 0.03406902 -0.06368603
v 0.00000000 0.02686502 -0.05935503
v -0.00200796 0.03406502 -0.06366803
v -0.00525099 0.02685304 -0.05914701
v -0.00534499 0.03401502 -0.06347705
v -0.00865996 0.03392203 -0.06311502
v -0.00867897 0.04340704 -0.06876601
v -0.01196199 0.04323502 -0.06825198
v -0.01199495 0.05289705 -0.07356001
v -0.01523596 0.05263706 -0.07289495
v -0.01525998 0.05756302 -0.07534195
v -0.01843994 0.05722804 -0.07452501
v -0.01847100 0.06222202 -0.07679297
v -0.02157795 0.06180800 -0.07582702
v -0.02161699 0.06687601 -0.07788195
v -0.02464097 0.06638105 -0.07677199
v -0.02468895 0.07152000 -0.07858099
v -0.02761900 0.07094300 -0.07733597
v -0.02768898 0.07720096 -0.07913603
v -0.03051996 0.07653297 -0.07777394
v -0.03060400 0.08287699 -0.07910694
v -0.03490495 0.08163196 -0.07671799
v -0.03501099 0.08800895 -0.07754804
v -0.03705197 0.08730299 -0.07628895
v -0.03711098 0.09050096 -0.07648601
v -0.03905296 0.08869994 -0.07513703
v -0.03913497 0.09270096 -0.07524504
v -0.01046997 0.02705504 -0.05866696
v -0.01193696 0.03378500 -0.06258096
v -0.01519399 0.04301102 -0.06757595
v -0.01841098 0.05232002 -0.07207502
v -0.02154195 0.05683406 -0.07355596
v -0.02459597 0.06133605 -0.07471205
v -0.02756500 0.06582905 -0.07551898
v -0.03044199 0.07030900 -0.07595505
v -0.03480595 0.07535000 -0.07532598
v -0.03693699 0.08095694 -0.07540895
v -0.03897297 0.08469397 -0.07474901
v -0.01564097 0.02746601 -0.05792095
v -0.01516199 0.03360601 -0.06187798
v -0.01836198 0.04273506 -0.06674196
v -0.02150899 0.05194701 -0.07110096
v -0.02455496 0.05638404 -0.07243802
v -0.02751398 0.06080801 -0.07345499
v -0.03038096 0.06522305 -0.07412900
v -0.03471195 0.06918604 -0.07347299
v -0.03682899 0.07470800 -0.07398499
v -0.03881895 0.07671995 -0.07326199
v -0.03889495 0.08069796 -0.07411398
v -0.01832395 0.03338505 -0.06101204
v -0.02074497 0.02808203 -0.05691506
v -0.02140796 0.03312601 -0.05998398
v -0.02440196 0.03282805 -0.05880000
v -0.02445095 0.04203804 -0.06461205
v -0.02735096 0.04162206 -0.06332697
v -0.02742499 0.05104400 -0.06871499
v -0.03022295 0.05052002 -0.06731202
v -0.03027099 0.05532904 -0.06978001
v -0.03450798 0.05434705 -0.06727196
v -0.03457099 0.05920102 -0.06955697
v -0.03657299 0.05864306 -0.06818797
v -0.03664797 0.06356401 -0.07026602
v -0.03853899 0.06110401 -0.06807102
v -0.03867399 0.06884504 -0.07098998
v -0.02562099 0.02887203 -0.05569602
v -0.02729499 0.03249402 -0.05746497
v -0.03013998 0.04116406 -0.06190301
v -0.03444898 0.04958703 -0.06479801
v -0.03650295 0.05381401 -0.06590106
v -0.03841596 0.05351903 -0.06459095
v -0.03016895 0.02979805 -0.05431797
v -0.03007596 0.03212501 -0.05598701
v -0.03434795 0.04034604 -0.05935098
v -0.03643900 0.04907902 -0.06342401
v -0.03426897 0.03146602 -0.05333902
v -0.03435099 0.03082402 -0.05282594
v -0.03812599 0.03191902 -0.05126394
v -0.03632599 0.03989901 -0.05795802
v -0.03820794 0.03890701 -0.05614997
v -0.03830498 0.04611303 -0.06060399
v -0.03672695 0.06857700 -0.07211401
v -0.03463900 0.06414802 -0.07163204
v -0.03032398 0.06022902 -0.07206000
v -0.02746796 0.05588104 -0.07117797
v -0.02451699 0.05152102 -0.06998004
v -0.02145099 0.04241003 -0.06575204
v -0.03717195 0.09370399 -0.07649495
v -0.03921794 0.09667296 -0.07503702
v -0.03725397 0.09796197 -0.07617702
v -0.03930097 0.10058594 -0.07447304
v -0.03754496 0.11246497 -0.07114996
v -0.03960800 0.11464096 -0.06814100
v -0.03760796 0.11548496 -0.06895198
v -0.03966999 0.11747796 -0.06558002
v -0.03991395 0.12828196 -0.04242803
v -0.03789097 0.12904996 -0.04298998
v -0.03787398 0.12829996 -0.04665400
v -0.03575295 0.12799597 -0.05098201
v -0.03572797 0.12675196 -0.05452503
v -0.03130096 0.12799699 -0.05586602
v -0.03127598 0.12647695 -0.05933095
v -0.02836400 0.12718499 -0.06009604
v -0.02833795 0.12538595 -0.06344296
v -0.02532297 0.12603796 -0.06415094
v -0.02529597 0.12395597 -0.06734599
v -0.02218699 0.12454999 -0.06799497
v -0.02215999 0.12218297 -0.07099999
v -0.01896595 0.12271399 -0.07158400
v -0.01893997 0.12006397 -0.07435895
v -0.01567298 0.12052596 -0.07487298
v -0.01564896 0.11760498 -0.07737602
v -0.01232099 0.11798996 -0.07781304
v -0.01230096 0.11481900 -0.08000494
v -0.00892496 0.11511797 -0.08035602
v -0.00891000 0.11172796 -0.08220603
v -0.00549996 0.11193300 -0.08245696
v -0.00549096 0.10836298 -0.08394398
v -0.00206196 0.10847199 -0.08408405
v -0.00205797 0.10422898 -0.08532895
v 0.00137198 0.10423899 -0.08534302
v 0.00136995 0.09988297 -0.08611597
v 0.00478697 0.09979696 -0.08598901
v 0.00477999 0.09649295 -0.08627702
v 0.00817197 0.09631396 -0.08600201
v 0.00816000 0.09300197 -0.08605601
v 0.01151096 0.09273696 -0.08562805
v 0.01147896 0.08614398 -0.08511902
v 0.01476997 0.08580900 -0.08452298
v 0.01473098 0.07931698 -0.08332600
v 0.01795095 0.07892300 -0.08256306
v 0.01790595 0.07257498 -0.08081295
v 0.02103197 0.07213599 -0.07989003
v 0.02099096 0.06696905 -0.07808997
v 0.02582299 0.06616701 -0.07628705
v 0.02577596 0.06113101 -0.07422604
v 0.02808499 0.06069703 -0.07318701
v 0.02803695 0.05577500 -0.07090904
v 0.03027099 0.05532904 -0.06977905
v 0.03022295 0.05052002 -0.06731297
v 0.03237599 0.05006804 -0.06609596
v 0.03228497 0.04076703 -0.06066801
v 0.03434795 0.04034604 -0.05935098
v -0.03993499 0.12911797 -0.03536405
v -0.03791099 0.12994898 -0.03556599
v -0.03578698 0.12976200 -0.04368497
v -0.03993999 0.12932295 -0.02839996
v -0.03785997 0.12885094 -0.01106001
v -0.03986597 0.12748796 -0.00856794
v -0.03779494 0.12748296 -0.00262500
v -0.03981095 0.12637097 -0.00237502
v -0.03973996 0.12510795 0.00359403
v -0.03769797 0.12577695 0.00574802
v -0.03965497 0.12374598 0.00933598
v -0.03756898 0.12380595 0.01406203
v -0.03955596 0.12232298 0.01484905
v -0.03944498 0.12087495 0.02013098
v -0.03731095 0.12050599 0.02644597
v -0.03932499 0.11942995 0.02517794
v -0.03919899 0.11801398 0.02999197
v -0.03906995 0.11664600 0.03458105
v -0.03699195 0.11700798 0.03877603
v -0.03525400 0.12197495 0.02612899
v -0.03495800 0.11861098 0.03854702
v -0.03089797 0.12466896 0.02554904
v -0.03064697 0.12154598 0.03812800
v -0.02802300 0.12617899 0.02522503
v -0.02779895 0.12318695 0.03789400
v -0.02504098 0.12754596 0.02493297
v -0.02484196 0.12466997 0.03768300
v -0.02196097 0.12876195 0.02467500
v -0.02178698 0.12598897 0.03749596
v -0.01879298 0.12982297 0.02445005
v -0.01864397 0.12713498 0.03733395
v -0.01554799 0.13071996 0.02426098
v -0.01542496 0.12810499 0.03719698
v -0.01223897 0.13144994 0.02410804
v -0.01214200 0.12889195 0.03708600
v -0.00887895 0.13200498 0.02399205
v -0.00880796 0.12949098 0.03700195
v -0.00547999 0.13238395 0.02391301
v -0.00543594 0.12989897 0.03694497
v -0.00205797 0.13258297 0.02387200
v -0.00204200 0.13011396 0.03691505
v 0.00137198 0.13260198 0.02386795
v 0.00136095 0.13013298 0.03691195
v 0.00479698 0.13243795 0.02390204
v 0.00475895 0.12995697 0.03693603
v 0.00820094 0.13209498 0.02397297
v 0.00813597 0.12958795 0.03698801
v 0.01157099 0.13157499 0.02408205
v 0.01147794 0.12902695 0.03706704
v 0.01489096 0.13087994 0.02422796
v 0.01477295 0.12827695 0.03717302
v 0.01814997 0.13001496 0.02441000
v 0.01800596 0.12734396 0.03730498
v 0.02133196 0.12898797 0.02462696
v 0.02116400 0.12623197 0.03746198
v 0.02624595 0.12701595 0.02504598
v 0.02603697 0.12409598 0.03776501
v 0.02860695 0.12588800 0.02528702
v 0.02837699 0.12287099 0.03793906
v 0.03089797 0.12466896 0.02554904
v 0.03064799 0.12154598 0.03812800
v 0.03311496 0.12336398 0.02583002
v 0.03284198 0.12012494 0.03833102
v 0.03525400 0.12197495 0.02612899
v 0.03495800 0.11861098 0.03854702
v 0.03731095 0.12050599 0.02644597
v 0.03699195 0.11700798 0.03877603
v 0.03932499 0.11942995 0.02517794
v 0.03919899 0.11801398 0.02999197
v 0.03906995 0.11664600 0.03458105
v 0.03881096 0.11409694 0.04315697
v 0.03660798 0.11325098 0.05241595
v 0.03856796 0.11184794 0.05105899
v 0.03467798 0.11440194 0.05416296
v 0.03460395 0.11496896 0.05227695
v 0.03251600 0.11658997 0.05214594
v -0.03881096 0.11409694 0.04315697
v -0.03660798 0.11325098 0.05241595
v -0.03460395 0.11496896 0.05227695
v -0.03034698 0.11811096 0.05202304
v -0.02752995 0.11986495 0.05187999
v -0.02460294 0.12144697 0.05175100
v -0.02157795 0.12285197 0.05163704
v -0.01846498 0.12407297 0.05153798
v -0.01527696 0.12510294 0.05145405
v -0.01202499 0.12593794 0.05138598
v -0.00872296 0.12657399 0.05133496
v -0.00538397 0.12700600 0.05130003
v -0.00202197 0.12723297 0.05128096
v 0.00134796 0.12725395 0.05128001
v 0.00471300 0.12706799 0.05129503
v 0.00805700 0.12667597 0.05132698
v 0.01136797 0.12608100 0.05137502
v 0.01463097 0.12528599 0.05143903
v 0.01783299 0.12429399 0.05151998
v 0.02096199 0.12311096 0.05161606
v 0.02578598 0.12083495 0.05180095
v 0.02810198 0.11952699 0.05190705
v 0.03034698 0.11811096 0.05202304
v -0.03856796 0.11184794 0.05105899
v -0.03467798 0.11440194 0.05416296
v -0.03049796 0.11678398 0.05703400
v -0.02602696 0.11894298 0.05960701
v -0.02449196 0.11992699 0.05880903
v -0.02126598 0.12082696 0.06181501
v -0.02148097 0.12136096 0.05872701
v -0.01838195 0.12260497 0.05865501
v -0.01623499 0.12237895 0.06358801
v -0.01520794 0.12365497 0.05859505
v -0.01096296 0.12354696 0.06485795
v -0.01196998 0.12450499 0.05854605
v -0.00868297 0.12515200 0.05850898
v -0.00552297 0.12428099 0.06556700
v -0.00535899 0.12559200 0.05848394
v -0.00201297 0.12582398 0.05847095
v 0.00000000 0.12455094 0.06567799
v 0.00134200 0.12584496 0.05847000
v 0.00552195 0.12428099 0.06556700
v 0.00469095 0.12565494 0.05848096
v 0.00801998 0.12525696 0.05850302
v 0.01096194 0.12354696 0.06485902
v 0.01131600 0.12465096 0.05853795
v 0.01456499 0.12384099 0.05858503
v 0.01623296 0.12237895 0.06358801
v 0.01775300 0.12282998 0.05864297
v 0.02126497 0.12082696 0.06181596
v 0.02086800 0.12162495 0.05871199
v 0.02566999 0.11930299 0.05884396
v 0.02602595 0.11894399 0.05960701
v 0.03049695 0.11678500 0.05703400
v 0.03944498 0.12087495 0.02013098
v 0.03756898 0.12380595 0.01406203
v 0.03549200 0.12512595 0.01365601
v 0.03333395 0.12637699 0.01327299
v 0.03109997 0.12755395 0.01291405
v 0.02879196 0.12865496 0.01258098
v 0.02641499 0.12967599 0.01227306
v 0.02146798 0.13146395 0.01173697
v 0.01826596 0.13239795 0.01146005
v 0.01498699 0.13318497 0.01122795
v 0.01164495 0.13381899 0.01104198
v 0.00825399 0.13429398 0.01090299
v 0.00482798 0.13460696 0.01081203
v 0.00138098 0.13475597 0.01076900
v -0.00207198 0.13474000 0.01077400
v -0.00551599 0.13455695 0.01082598
v -0.00893599 0.13421095 0.01092695
v -0.01231795 0.13370395 0.01107596
v -0.01564794 0.13303996 0.01127099
v -0.01891297 0.13222296 0.01151203
v -0.02210199 0.13125897 0.01179801
v -0.02520197 0.13015497 0.01212798
v -0.02820396 0.12891800 0.01250099
v -0.03109997 0.12755395 0.01291405
v -0.03549200 0.12512595 0.01365601
v 0.03955596 0.12232298 0.01484905
v 0.03965497 0.12374598 0.00933598
v 0.03769797 0.12577695 0.00574802
v 0.03973996 0.12510795 0.00359403
v 0.03981095 0.12637097 -0.00237502
v 0.03779494 0.12748296 -0.00262500
v 0.03986597 0.12748796 -0.00856794
v 0.03785997 0.12885094 -0.01106001
v 0.03990596 0.12840295 -0.01497699
v 0.03789895 0.12978799 -0.01955499
v 0.03992998 0.12904496 -0.02159299
v 0.03791499 0.13017798 -0.02809204
v 0.03993999 0.12932295 -0.02839996
v 0.03993499 0.12911797 -0.03536405
v 0.03791099 0.12994898 -0.03556599
v 0.03991395 0.12828196 -0.04242803
v 0.03789097 0.12904996 -0.04298998
v 0.03989696 0.12756897 -0.04596700
v 0.03787398 0.12829996 -0.04665400
v 0.03987395 0.12662399 -0.04948701
v 0.03785300 0.12732000 -0.05026402
v 0.03984695 0.12541998 -0.05296005
v 0.03782695 0.12608594 -0.05379404
v 0.03981298 0.12392599 -0.05635299
v 0.03779596 0.12457699 -0.05721499
v 0.03977298 0.12211699 -0.05962302
v 0.03775799 0.12277097 -0.06048895
v 0.03972595 0.11997200 -0.06271900
v 0.03771495 0.12065495 -0.06357099
v 0.03766399 0.11822296 -0.06640996
v 0.03562396 0.12132794 -0.06436004
v 0.03557699 0.11890895 -0.06722905
v 0.03345596 0.12197096 -0.06510700
v 0.03341299 0.11956394 -0.06800403
v 0.03121197 0.12258196 -0.06580795
v 0.03117299 0.12018496 -0.06873096
v 0.02889698 0.12315995 -0.06646098
v 0.02886098 0.12077195 -0.06940903
v 0.02651196 0.12370098 -0.06706394
v 0.02647995 0.12132097 -0.07003500
v 0.02154695 0.12466199 -0.06811596
v 0.02152097 0.12229598 -0.07112600
v 0.01833897 0.12517000 -0.06866004
v 0.01831698 0.12281097 -0.07168998
v 0.01504898 0.12560398 -0.06911696
v 0.01503098 0.12324995 -0.07216395
v 0.01169496 0.12595594 -0.06948306
v 0.01168096 0.12360597 -0.07254399
v 0.00829095 0.12622095 -0.06975700
v 0.00828099 0.12387395 -0.07282795
v 0.00484997 0.12639696 -0.06993701
v 0.00484395 0.12405199 -0.07301499
v 0.00138700 0.12648094 -0.07002295
v 0.00138599 0.12413699 -0.07310404
v -0.00208098 0.12647099 -0.07001401
v -0.00207800 0.12412799 -0.07309402
v -0.00553995 0.12636895 -0.06990899
v 0.03966999 0.11747796 -0.06558002
v 0.03760796 0.11548496 -0.06895198
v 0.03552496 0.11618698 -0.06980897
v 0.03336399 0.11685497 -0.07061805
v 0.03112798 0.11749000 -0.07137896
v 0.02881997 0.11808795 -0.07208694
v 0.02644300 0.11864800 -0.07274105
v 0.02149099 0.11964000 -0.07387997
v 0.01829195 0.12016297 -0.07446898
v 0.01501095 0.12060899 -0.07496394
v 0.01166599 0.12096996 -0.07536103
v 0.00826996 0.12124199 -0.07565702
v 0.00483799 0.12142295 -0.07585205
v 0.00138396 0.12150896 -0.07594503
v 0.03960800 0.11464096 -0.06814100
v 0.03754496 0.11246497 -0.07114996
v 0.03546696 0.11318297 -0.07205202
v 0.03331094 0.11386598 -0.07290401
v 0.03107899 0.11451400 -0.07370295
v 0.02877497 0.11512399 -0.07444800
v 0.02640199 0.11569399 -0.07513501
v 0.02145797 0.11670495 -0.07633294
v 0.01826494 0.11723698 -0.07695199
v 0.01498794 0.11768896 -0.07747103
v 0.01164799 0.11805594 -0.07788803
v 0.00825799 0.11833299 -0.07819904
v 0.00482994 0.11851597 -0.07840396
v 0.03953796 0.11148298 -0.07034399
v 0.03747797 0.10920299 -0.07296897
v 0.03540498 0.10993499 -0.07392205
v 0.03325396 0.11063099 -0.07482304
v 0.03102695 0.11129100 -0.07566799
v 0.02872699 0.11191196 -0.07645406
v 0.02635794 0.11249096 -0.07718004
v 0.02142298 0.11351598 -0.07844402
v 0.01823598 0.11405600 -0.07909705
v 0.01496398 0.11451495 -0.07964505
v 0.01162999 0.11488599 -0.08008398
v 0.00824398 0.11516595 -0.08041300
v 0.03946197 0.10804898 -0.07214202
v 0.03740799 0.10575200 -0.07439400
v 0.03533995 0.10649294 -0.07540394
v 0.03319400 0.10719896 -0.07635702
v 0.03097200 0.10786599 -0.07725097
v 0.02867698 0.10849298 -0.07808305
v 0.02631294 0.10907895 -0.07885005
v 0.02138596 0.11011398 -0.08018602
v 0.01820498 0.11065800 -0.08087601
v 0.01493895 0.11111999 -0.08145501
v 0.01160997 0.11149496 -0.08191897
v 0.03938299 0.10439694 -0.07351603
v 0.03733599 0.10216499 -0.07543303
v 0.03527396 0.10290999 -0.07650103
v 0.03313195 0.10361797 -0.07750799
v 0.03091496 0.10428799 -0.07845201
v 0.02862495 0.10491795 -0.07932998
v 0.02626597 0.10550499 -0.08014001
v 0.02134895 0.10654200 -0.08154894
v 0.01817297 0.10708696 -0.08227695
v 0.01491296 0.10754997 -0.08288802
v 0.03930097 0.10058594 -0.07447304
v 0.03725397 0.09796197 -0.07617702
v 0.03519695 0.09870399 -0.07730795
v 0.03306198 0.09940899 -0.07837500
v 0.03084999 0.10007495 -0.07937397
v 0.02856600 0.10070098 -0.08030297
v 0.02621197 0.10128397 -0.08115996
v 0.02130496 0.10231400 -0.08265103
v 0.01813697 0.10285497 -0.08342005
v 0.03921794 0.09667296 -0.07503702
v 0.03717195 0.09370399 -0.07649495
v 0.03512096 0.09443600 -0.07768299
v 0.03299200 0.09512997 -0.07880403
v 0.03078597 0.09578699 -0.07985295
v 0.02850699 0.09640295 -0.08082904
v 0.02615898 0.09697700 -0.08172800
v 0.02126300 0.09799099 -0.08329298
v 0.03913497 0.09270096 -0.07524504
v 0.03711098 0.09050096 -0.07648601
v 0.03506499 0.09122098 -0.07771195
v 0.03293997 0.09190494 -0.07886805
v 0.03073894 0.09254998 -0.07994999
v 0.02846395 0.09315599 -0.08095695
v 0.02611994 0.09372098 -0.08188404
v 0.03905296 0.08869994 -0.07513703
v 0.03705197 0.08730299 -0.07628895
v 0.03501099 0.08800895 -0.07754804
v 0.03288996 0.08867997 -0.07873405
v 0.03069299 0.08931298 -0.07984497
v 0.02842199 0.08990700 -0.08087803
v 0.03897297 0.08469397 -0.07474901
v 0.03693699 0.08095694 -0.07540895
v 0.03490495 0.08163196 -0.07671799
v 0.03279298 0.08227200 -0.07795204
v 0.03060400 0.08287699 -0.07910694
v 0.03889495 0.08069796 -0.07411398
v 0.03881895 0.07671995 -0.07326199
v 0.03682899 0.07470800 -0.07398499
v 0.03867399 0.06884504 -0.07098998
v 0.03672695 0.06857700 -0.07211401
v 0.03664797 0.06356401 -0.07026602
v 0.03471195 0.06918604 -0.07347299
v 0.03853899 0.06110401 -0.06807102
v 0.03444898 0.04958703 -0.06479801
v 0.03450798 0.05434705 -0.06727196
v 0.03242897 0.05485304 -0.06856598
v 0.03480595 0.07535000 -0.07532598
v 0.03270196 0.07595796 -0.07658996
v 0.03566396 0.12343598 -0.06125499
v 0.03349298 0.12407196 -0.06197895
v 0.03124696 0.12467695 -0.06265797
v 0.02892798 0.12524897 -0.06329204
v 0.02654099 0.12578500 -0.06387700
v 0.02156996 0.12673796 -0.06489696
v 0.01835900 0.12724299 -0.06542505
v 0.01506495 0.12767298 -0.06586899
v 0.01170694 0.12802196 -0.06622399
v 0.00829899 0.12828595 -0.06648995
v 0.00485498 0.12846095 -0.06666495
v 0.00138897 0.12854398 -0.06674804
v -0.00208294 0.12853498 -0.06673898
v -0.00554597 0.12843299 -0.06663705
v -0.00898397 0.12823999 -0.06644405
v 0.03569895 0.12523896 -0.05796196
v 0.03352499 0.12587297 -0.05866803
v 0.03127598 0.12647695 -0.05933095
v 0.02895498 0.12704695 -0.05994905
v 0.02656495 0.12758196 -0.06051995
v 0.02158898 0.12853498 -0.06151403
v 0.01837497 0.12903899 -0.06202902
v 0.01507794 0.12946898 -0.06246199
v 0.01171797 0.12981898 -0.06280805
v 0.00830597 0.13008196 -0.06306805
v 0.00485897 0.13025696 -0.06323804
v 0.00138998 0.13034100 -0.06331898
v -0.00208497 0.13033099 -0.06331004
v -0.00555098 0.13022894 -0.06321098
v -0.00899196 0.13003696 -0.06302299
v -0.01239395 0.12975598 -0.06274594
v 0.03572797 0.12675196 -0.05452503
v 0.03355199 0.12738997 -0.05521704
v 0.03130096 0.12799699 -0.05586602
v 0.02897799 0.12857199 -0.05647100
v 0.02658599 0.12910998 -0.05702998
v 0.02160596 0.13006896 -0.05800404
v 0.01838797 0.13057697 -0.05850805
v 0.01508897 0.13100994 -0.05893101
v 0.01172596 0.13136197 -0.05927004
v 0.00831199 0.13162697 -0.05952395
v 0.00486195 0.13180298 -0.05969097
v 0.00139099 0.13188798 -0.05977000
v -0.00208598 0.13187796 -0.05976094
v -0.00555497 0.13177497 -0.05966403
v -0.00899899 0.13158095 -0.05947997
v -0.01240295 0.13129795 -0.05920900
v -0.01575398 0.13092995 -0.05885304
v 0.03575295 0.12799597 -0.05098201
v 0.03357398 0.12864298 -0.05166103
v 0.03132098 0.12925900 -0.05229904
v 0.02899599 0.12984098 -0.05289306
v 0.02660197 0.13038797 -0.05344094
v 0.02161896 0.13136000 -0.05439700
v 0.01839995 0.13187498 -0.05489196
v 0.01509797 0.13231499 -0.05530704
v 0.01173299 0.13267094 -0.05564000
v 0.00831699 0.13294095 -0.05588902
v 0.00486499 0.13311899 -0.05605198
v 0.00139195 0.13320500 -0.05612995
v -0.00208795 0.13319499 -0.05612101
v -0.00555795 0.13309098 -0.05602600
v -0.00900400 0.13289398 -0.05584599
v -0.01241099 0.13260699 -0.05558003
v -0.01576399 0.13223297 -0.05523004
v -0.01905095 0.13177795 -0.05479897
v 0.03577196 0.12899095 -0.04736103
v 0.03359299 0.12965298 -0.04802801
v 0.03133797 0.13028199 -0.04865505
v 0.02901095 0.13087798 -0.04923905
v 0.02661597 0.13143600 -0.04977800
v 0.02162998 0.13242996 -0.05071701
v 0.01840895 0.13295496 -0.05120303
v 0.01510494 0.13340396 -0.05161096
v 0.01173895 0.13376797 -0.05193795
v 0.00832099 0.13404197 -0.05218305
v 0.00486797 0.13422400 -0.05234303
v 0.00139296 0.13431198 -0.05242003
v -0.00208896 0.13430197 -0.05241097
v -0.00556099 0.13419498 -0.05231799
v -0.00900799 0.13399500 -0.05214001
v -0.01241695 0.13370199 -0.05187894
v -0.01577097 0.13332099 -0.05153598
v -0.01906096 0.13285596 -0.05111195
v -0.02227199 0.13231397 -0.05060996
v 0.03578698 0.12976200 -0.04368497
v 0.03360694 0.13044298 -0.04434206
v 0.03135097 0.13109094 -0.04495801
v 0.02902299 0.13170296 -0.04553200
v 0.02662700 0.13227696 -0.04606201
v 0.02163898 0.13329697 -0.04698504
v 0.01841598 0.13383699 -0.04746295
v 0.01511096 0.13429696 -0.04786397
v 0.01174294 0.13467098 -0.04818501
v 0.00832397 0.13495195 -0.04842497
v 0.00486898 0.13513899 -0.04858305
v 0.00139296 0.13522798 -0.04865803
v -0.00208896 0.13521797 -0.04865004
v -0.00556296 0.13510895 -0.04855801
v -0.00901097 0.13490296 -0.04838397
v -0.01242095 0.13460297 -0.04812695
v -0.01577699 0.13421196 -0.04778995
v -0.01906800 0.13373495 -0.04737295
v -0.02228099 0.13317895 -0.04687895
v -0.02540397 0.13254798 -0.04630996
v 0.03580600 0.13071496 -0.03623702
v 0.03362399 0.13144595 -0.03687097
v 0.03136700 0.13214195 -0.03746594
v 0.02903795 0.13279796 -0.03802003
v 0.02663999 0.13341296 -0.03853096
v 0.02164900 0.13450295 -0.03942002
v 0.01842397 0.13507897 -0.03988005
v 0.01511698 0.13556898 -0.04026605
v 0.01174795 0.13596696 -0.04057600
v 0.00832796 0.13626600 -0.04080702
v 0.00487095 0.13646496 -0.04095901
v 0.00139397 0.13655997 -0.04103102
v -0.00208998 0.13654900 -0.04102303
v -0.00556499 0.13643295 -0.04093505
v -0.00901496 0.13621396 -0.04076697
v -0.01242595 0.13589496 -0.04051997
v -0.01578396 0.13547797 -0.04019500
v -0.01907598 0.13496995 -0.03979398
v -0.02229100 0.13437695 -0.03931798
v -0.02541595 0.13370300 -0.03876997
v -0.02844399 0.13295597 -0.03815104
v 0.03580999 0.13101095 -0.02873506
v 0.03362798 0.13180596 -0.02934302
v 0.03136998 0.13256097 -0.02991296
v 0.02903997 0.13327200 -0.03044297
v 0.02664196 0.13393599 -0.03093304
v 0.02165096 0.13511301 -0.03178503
v 0.01842498 0.13573295 -0.03222503
v 0.01511800 0.13625998 -0.03259505
v 0.01174795 0.13668699 -0.03289105
v 0.00832796 0.13700897 -0.03311194
v 0.00487095 0.13722200 -0.03325702
v 0.00139397 0.13732297 -0.03332604
v -0.00208998 0.13731200 -0.03331901
v -0.00556499 0.13718796 -0.03323401
v -0.00901496 0.13695300 -0.03307404
v -0.01242697 0.13660998 -0.03283705
v -0.01578497 0.13616300 -0.03252698
v -0.01907795 0.13561595 -0.03214301
v -0.02229195 0.13497699 -0.03168704
v -0.02541798 0.13424999 -0.03116204
v -0.02844697 0.13344199 -0.03057004
v -0.03136998 0.13256097 -0.02991296
v 0.03579598 0.13070995 -0.02016105
v 0.03361499 0.13158799 -0.02073397
v 0.03135800 0.13241900 -0.02127100
v 0.02902895 0.13320095 -0.02177001
v 0.02663195 0.13393099 -0.02223100
v 0.02164298 0.13521898 -0.02303196
v 0.01841700 0.13589699 -0.02344705
v 0.01511096 0.13647199 -0.02379395
v 0.01174294 0.13693697 -0.02407302
v 0.00832397 0.13728697 -0.02428104
v 0.00486898 0.13751895 -0.02441801
v 0.00139296 0.13762898 -0.02448298
v -0.00208896 0.13761700 -0.02447499
v -0.00556195 0.13748199 -0.02439596
v -0.00901097 0.13722700 -0.02424504
v -0.01242095 0.13685298 -0.02402295
v -0.01577800 0.13636596 -0.02373005
v -0.01906895 0.13576997 -0.02336897
v -0.02228295 0.13507098 -0.02294101
v -0.02540796 0.13427496 -0.02244700
v -0.02843600 0.13338900 -0.02188899
v -0.03135800 0.13241900 -0.02127100
v -0.03579598 0.13070995 -0.02016105
v 0.03575998 0.12986798 -0.01162399
v 0.03358197 0.13083494 -0.01215602
v 0.03132796 0.13174999 -0.01265396
v 0.02900099 0.13260896 -0.01311804
v 0.02660596 0.13340897 -0.01354600
v 0.02162200 0.13481796 -0.01428999
v 0.01839900 0.13555795 -0.01467396
v 0.01509594 0.13618398 -0.01499702
v 0.01173096 0.13668997 -0.01525499
v 0.00831497 0.13707001 -0.01544799
v 0.00486398 0.13732195 -0.01557495
v 0.00139099 0.13744200 -0.01563503
v -0.00208700 0.13742799 -0.01562799
v -0.00555599 0.13728196 -0.01555504
v -0.00900197 0.13700396 -0.01541497
v -0.01240795 0.13659895 -0.01520897
v -0.01576197 0.13606799 -0.01493706
v -0.01905095 0.13541800 -0.01460196
v -0.02226197 0.13465500 -0.01420499
v -0.02538394 0.13378495 -0.01374604
v -0.02840900 0.13281400 -0.01322903
v -0.03132796 0.13174999 -0.01265396
v -0.03575998 0.12986798 -0.01162399
v 0.03569996 0.12859995 -0.00313999
v 0.03352600 0.12966097 -0.00362600
v 0.03127700 0.13066197 -0.00408198
v 0.02895396 0.13160098 -0.00450601
v 0.02656298 0.13247300 -0.00489701
v 0.02158695 0.13400800 -0.00557603
v 0.01836895 0.13481200 -0.00592698
v 0.01507097 0.13549096 -0.00622202
v 0.01171100 0.13603998 -0.00645806
v 0.00830096 0.13645095 -0.00663401
v 0.00485599 0.13672299 -0.00675000
v 0.00138897 0.13685298 -0.00680496
v -0.00208294 0.13683796 -0.00679900
v -0.00554699 0.13667995 -0.00673105
v -0.00898695 0.13637996 -0.00660397
v -0.01238799 0.13594097 -0.00641502
v -0.01573598 0.13536597 -0.00616802
v -0.01901894 0.13466096 -0.00586201
v -0.02222496 0.13383097 -0.00549795
v -0.02534300 0.13288397 -0.00507905
v -0.02836298 0.13182498 -0.00460698
v -0.03127700 0.13066197 -0.00408198
v -0.03569996 0.12859995 -0.00313999
v 0.03561097 0.12699497 0.00528501
v 0.03344500 0.12815095 0.00484894
v 0.03120195 0.12923998 0.00444005
v 0.02888494 0.13026000 0.00406002
v 0.02649998 0.13120699 0.00370894
v 0.02153700 0.13286895 0.00310002
v 0.01832497 0.13373799 0.00278495
v 0.01503497 0.13447100 0.00251995
v 0.01168298 0.13506198 0.00230895
v 0.00828099 0.13550598 0.00215100
v 0.00484395 0.13579798 0.00204705
v 0.00138599 0.13593799 0.00199698
v -0.00207800 0.13592196 0.00200306
v -0.00553298 0.13575197 0.00206302
v -0.00896495 0.13542897 0.00217806
v -0.01235795 0.13495595 0.00234698
v -0.01569795 0.13433600 0.00256895
v -0.01897400 0.13357497 0.00284396
v -0.02217298 0.13267798 0.00317000
v -0.02528297 0.13165194 0.00354503
v -0.02829498 0.13050396 0.00397001
v -0.03120195 0.12923998 0.00444005
v -0.03561097 0.12699497 0.00528501
v 0.03248697 0.05973001 -0.07084896
v 0.03038096 0.06522305 -0.07412900
v 0.02819299 0.07082000 -0.07707097
v 0.02593797 0.07757396 -0.07988895
v 0.02114099 0.08490497 -0.08289100
v 0.01804798 0.09194994 -0.08433796
v 0.01483196 0.09568495 -0.08502604
v 0.01154398 0.09933997 -0.08531798
v 0.00819999 0.10396499 -0.08496799
v 0.00480598 0.10839296 -0.08398201
v 0.00137699 0.11205197 -0.08260204
v -0.00206900 0.11542994 -0.08071996
v -0.00551796 0.11848695 -0.07837202
v -0.00895196 0.12119496 -0.07560600
v -0.01235598 0.12354196 -0.07247604
v -0.01571297 0.12552298 -0.06903304
v -0.01900899 0.12714696 -0.06532599
v -0.02222996 0.12842399 -0.06139995
v -0.02536499 0.12936497 -0.05729105
v -0.02840399 0.12998099 -0.05303396
v -0.03133797 0.13028199 -0.04865505
v 0.03013998 0.04116406 -0.06190301
v 0.02799296 0.05094303 -0.06844498
v 0.02573198 0.05618902 -0.07195105
v 0.02095299 0.06189705 -0.07603504
v 0.01787197 0.06738902 -0.07901896
v 0.01469498 0.07294799 -0.08158804
v 0.01144897 0.07963599 -0.08393694
v 0.00813800 0.08639700 -0.08556403
v 0.00477397 0.09317697 -0.08633698
v 0.00136799 0.09657795 -0.08640696
v -0.00205398 0.09987397 -0.08610202
v -0.00547999 0.10412097 -0.08518197
v -0.00889498 0.10815800 -0.08367898
v -0.01228100 0.11142695 -0.08183600
v -0.01562398 0.11442996 -0.07954396
v -0.01891195 0.11713595 -0.07683505
v -0.02212995 0.11952496 -0.07374896
v -0.02526497 0.12158096 -0.07032801
v -0.02830696 0.12329895 -0.06661595
v -0.03124696 0.12467695 -0.06265904
v -0.03569895 0.12523896 -0.05796196
v 0.03032398 0.06022902 -0.07206000
v 0.02813696 0.06571204 -0.07525195
v 0.02587300 0.07129600 -0.07809998
v 0.02108496 0.07845898 -0.08165301
v 0.01799798 0.08539397 -0.08377804
v 0.01481097 0.09238500 -0.08505405
v 0.01152700 0.09604395 -0.08558501
v 0.00818396 0.09961498 -0.08572306
v 0.00479698 0.10414994 -0.08522202
v 0.00137496 0.10848195 -0.08409597
v -0.00206596 0.11204196 -0.08259000
v -0.00550896 0.11532200 -0.08059396
v -0.00893897 0.11828495 -0.07814600
v -0.01233899 0.12090499 -0.07528998
v -0.01569396 0.12316895 -0.07207705
v -0.01898896 0.12507397 -0.06855799
v -0.02221000 0.12662697 -0.06478001
v -0.02534598 0.12783599 -0.06078698
v -0.02838599 0.12870998 -0.05661501
v -0.03132098 0.12925900 -0.05229904
v -0.03577196 0.12899095 -0.04736103
v 0.01455295 0.04306002 -0.06772496
v 0.01134097 0.05294104 -0.07367398
v 0.00805199 0.05808003 -0.07658805
v 0.00471795 0.06325502 -0.07915701
v 0.00135195 0.06846203 -0.08134402
v -0.00203198 0.07369096 -0.08310498
v -0.00542396 0.08000899 -0.08464695
v -0.00880897 0.08635295 -0.08548702
v -0.01217496 0.09267295 -0.08552505
v -0.01548600 0.09560299 -0.08489801
v -0.01874095 0.09842295 -0.08394803
v -0.02193897 0.10219497 -0.08247901
v -0.02506196 0.10578198 -0.08051898
v -0.02809196 0.10864395 -0.07828106
v -0.03102695 0.11129100 -0.07566799
v -0.03546696 0.11318297 -0.07205202
v 0.01130896 0.04327400 -0.06836797
v 0.00803900 0.05312701 -0.07414605
v 0.00470996 0.05821003 -0.07689799
v 0.00134999 0.06332101 -0.07930399
v -0.00202799 0.06845404 -0.08132805
v -0.00540996 0.07360400 -0.08292903
v -0.00878596 0.07983399 -0.08431496
v -0.01214200 0.08608395 -0.08501197
v -0.01546394 0.09230400 -0.08492197
v -0.01871395 0.09514195 -0.08417202
v -0.02189499 0.09787298 -0.08311297
v -0.02501100 0.10155899 -0.08156098
v -0.02804195 0.10506899 -0.07953896
v -0.03097200 0.10786599 -0.07725097
v -0.03540498 0.10993499 -0.07392205
v -0.00201195 0.04358603 -0.06929900
v -0.00535697 0.04352404 -0.06911601
v -0.00537199 0.05323000 -0.07440795
v -0.00871700 0.05804606 -0.07650699
v -0.01203495 0.06286300 -0.07826699
v -0.01531296 0.06767906 -0.07965495
v -0.01853996 0.07249195 -0.08063997
v -0.02171295 0.07835598 -0.08145000
v -0.02481597 0.08422095 -0.08163299
v -0.02784299 0.09004897 -0.08112396
v -0.03073894 0.09254998 -0.07994999
v -0.03512096 0.09443600 -0.07768299
v -0.00870299 0.05309506 -0.07406498
v -0.01201397 0.05783702 -0.07600404
v -0.01528495 0.06257505 -0.07760800
v -0.01850396 0.06731005 -0.07884397
v -0.02165895 0.07203794 -0.07968403
v -0.02474999 0.07781000 -0.08036305
v -0.02776396 0.08357996 -0.08043601
v -0.03069299 0.08931298 -0.07984497
v -0.03506499 0.09122098 -0.07771195
v -0.00633097 0.11878497 0.09099995
v -0.00633097 0.02261503 0.09099995
v 0.00000000 0.11920000 0.09099995
v 0.00000000 0.02220000 0.09099995
v 0.00633097 0.11878497 0.09099995
v 0.00633097 0.02261503 0.09099995
v 0.01255297 0.11754698 0.09099995
v 0.01255297 0.02385302 0.09099995
v 0.01855999 0.11550797 0.09099995
v 0.01855999 0.02589203 0.09099995
v 0.02424997 0.11270196 0.09099995
v 0.02424997 0.02869804 0.09099995
v 0.02952498 0.10917795 0.09099995
v 0.02952498 0.03222205 0.09099995
v 0.03429496 0.10499496 0.09099995
v 0.03429496 0.03640504 0.09099995
v 0.03847795 0.10022498 0.09099995
v 0.03847795 0.04117502 0.09099995
v 0.04200196 0.09494997 0.09099995
v 0.04200196 0.04645003 0.09099995
v 0.04480797 0.08925999 0.09099995
v 0.04480797 0.05214001 0.09099995
v 0.04684698 0.08325297 0.09099995
v 0.04684698 0.05814703 0.09099995
v 0.04808497 0.07703097 0.09099995
v 0.04808497 0.06436903 0.09099995
v 0.04850000 0.07070000 0.09099995
v -0.01255297 0.02385302 0.09099995
v -0.01255297 0.11754698 0.09099995
v -0.01855999 0.02589203 0.09099995
v -0.01855999 0.11550797 0.09099995
v -0.02424997 0.02869804 0.09099995
v -0.02424997 0.11270196 0.09099995
v -0.02952498 0.03222205 0.09099995
v -0.02952498 0.10917795 0.09099995
v -0.03429496 0.03640504 0.09099995
v -0.03429496 0.10499496 0.09099995
v -0.03847795 0.04117502 0.09099995
v -0.03847795 0.10022498 0.09099995
v -0.04200196 0.04645003 0.09099995
v -0.04200196 0.09494997 0.09099995
v -0.04480797 0.05214001 0.09099995
v -0.04480797 0.08925999 0.09099995
v -0.04684698 0.05814703 0.09099995
v -0.04684698 0.08325297 0.09099995
v -0.04808497 0.06436903 0.09099995
v -0.04808497 0.07703097 0.09099995
v -0.04850000 0.07070000 0.09099995
v -0.00633097 0.11878497 0.08749996
v -0.00633097 0.11878497 0.09099995
v 0.00000000 0.11920000 0.08749996
v 0.00000000 0.11920000 0.09099995
v 0.00633097 0.11878497 0.08749996
v 0.00633097 0.11878497 0.09099995
v 0.01255297 0.11754698 0.08749996
v 0.01255297 0.11754698 0.09099995
v 0.01855999 0.11550797 0.08749996
v 0.01855999 0.11550797 0.09099995
v 0.02424997 0.11270196 0.08749996
v 0.02424997 0.11270196 0.09099995
v 0.02952498 0.10917795 0.08749996
v 0.02952498 0.10917795 0.09099995
v 0.03429496 0.10499496 0.08749996
v 0.03429496 0.10499496 0.09099995
v 0.03847795 0.10022498 0.08749996
v 0.03847795 0.10022498 0.09099995
v 0.04200196 0.09494997 0.08749996
v 0.04200196 0.09494997 0.09099995
v 0.04480797 0.08925999 0.08749996
v 0.04480797 0.08925999 0.09099995
v 0.04684698 0.08325297 0.08749996
v 0.04684698 0.08325297 0.09099995
v 0.04808497 0.07703097 0.08749996
v 0.04808497 0.07703097 0.09099995
v 0.04850000 0.07070000 0.08749996
v 0.04850000 0.07070000 0.09099995
v 0.04808497 0.06436903 0.08749996
v 0.04808497 0.06436903 0.09099995
v 0.04684698 0.05814703 0.08749996
v 0.04684698 0.05814703 0.09099995
v 0.04480797 0.05214001 0.08749996
v 0.04480797 0.05214001 0.09099995
v 0.04200196 0.04645003 0.08749996
v 0.04200196 0.04645003 0.09099995
v 0.03847795 0.04117502 0.08749996
v 0.03847795 0.04117502 0.09099995
v 0.03429496 0.03640504 0.08749996
v 0.03429496 0.03640504 0.09099995
v 0.02952498 0.03222205 0.08749996
v 0.02952498 0.03222205 0.09099995
v 0.02424997 0.02869804 0.08749996
v 0.02424997 0.02869804 0.09099995
v 0.01855999 0.02589203 0.08749996
v 0.01855999 0.02589203 0.09099995
v 0.01255297 0.02385302 0.08749996
v 0.01255297 0.02385302 0.09099995
v 0.00633097 0.02261503 0.08749996
v 0.00633097 0.02261503 0.09099995
v 0.00000000 0.02220000 0.08749996
v 0.00000000 0.02220000 0.09099995
v 0.00000000 0.02220000 0.08749996
v 0.00000000 0.02220000 0.09099995
v -0.00633097 0.02261503 0.08749996
v -0.00633097 0.02261503 0.09099995
v -0.01255297 0.02385302 0.08749996
v -0.01255297 0.02385302 0.09099995
v -0.01855999 0.02589203 0.08749996
v -0.01855999 0.02589203 0.09099995
v -0.02424997 0.02869804 0.08749996
v -0.02424997 0.02869804 0.09099995
v -0.02952498 0.03222205 0.08749996
v -0.02952498 0.03222205 0.09099995
v -0.03429496 0.03640504 0.08749996
v -0.03429496 0.03640504 0.09099995
v -0.03847795 0.04117502 0.08749996
v -0.03847795 0.04117502 0.09099995
v -0.04200196 0.04645003 0.08749996
v -0.04200196 0.04645003 0.09099995
v -0.04480797 0.05214001 0.08749996
v -0.04480797 0.05214001 0.09099995
v -0.04684698 0.05814703 0.08749996
v -0.04684698 0.05814703 0.09099995
v -0.04808497 0.06436903 0.08749996
v -0.04808497 0.06436903 0.09099995
v -0.04850000 0.07070000 0.08749996
v -0.04850000 0.07070000 0.09099995
v -0.04808497 0.07703097 0.08749996
v -0.04808497 0.07703097 0.09099995
v -0.04684698 0.08325297 0.08749996
v -0.04684698 0.08325297 0.09099995
v -0.04480797 0.08925999 0.08749996
v -0.04480797 0.08925999 0.09099995
v -0.04200196 0.09494997 0.08749996
v -0.04200196 0.09494997 0.09099995
v -0.03847795 0.10022498 0.08749996
v -0.03847795 0.10022498 0.09099995
v -0.03429496 0.10499496 0.08749996
v -0.03429496 0.10499496 0.09099995
v -0.02952498 0.10917795 0.08749996
v -0.02952498 0.10917795 0.09099995
v -0.02424997 0.11270196 0.08749996
v -0.02424997 0.11270196 0.09099995
v -0.01855999 0.11550797 0.08749996
v -0.01855999 0.11550797 0.09099995
v -0.01255297 0.11754698 0.08749996
v -0.01255297 0.11754698 0.09099995
v 0.00643200 0.12161196 0.08749996
v 0.00000000 0.12201697 0.08749996
v 0.00000000 0.11920000 0.08749996
v -0.00643200 0.12161196 0.08749996
v -0.00633097 0.11878497 0.08749996
v -0.01276195 0.12040496 0.08749996
v -0.01255297 0.11754698 0.08749996
v -0.01889097 0.11841298 0.08749996
v -0.01855999 0.11550797 0.08749996
v -0.02472198 0.11566896 0.08749996
v -0.02424997 0.11270196 0.08749996
v -0.03016299 0.11221594 0.08749996
v -0.02952498 0.10917795 0.08749996
v -0.03512895 0.10810799 0.08749996
v -0.03429496 0.10499496 0.08749996
v -0.03953999 0.10341096 0.08749996
v -0.03847795 0.10022498 0.08749996
v -0.04332798 0.09819699 0.08749996
v -0.04200196 0.09494997 0.08749996
v -0.04643297 0.09254998 0.08749996
v -0.04480797 0.08925999 0.08749996
v -0.04880499 0.08655799 0.08749996
v -0.04684698 0.08325297 0.08749996
v -0.05040794 0.08031596 0.08749996
v -0.04808497 0.07703097 0.08749996
v -0.05121594 0.07392199 0.08749996
v -0.04850000 0.07070000 0.08749996
v -0.05121594 0.06747801 0.08749996
v -0.04808497 0.06436903 0.08749996
v -0.05040794 0.06108404 0.08749996
v -0.04684698 0.05814703 0.08749996
v -0.04880499 0.05484201 0.08749996
v -0.04480797 0.05214001 0.08749996
v -0.04643297 0.04885002 0.08749996
v -0.04200196 0.04645003 0.08749996
v -0.04332798 0.04320301 0.08749996
v -0.03847795 0.04117502 0.08749996
v -0.03953999 0.03798904 0.08749996
v -0.03429496 0.03640504 0.08749996
v -0.03512895 0.03329201 0.08749996
v -0.02952498 0.03222205 0.08749996
v -0.03016299 0.02918406 0.08749996
v -0.02424997 0.02869804 0.08749996
v -0.02472198 0.02573104 0.08749996
v -0.01855999 0.02589203 0.08749996
v -0.01889097 0.02298702 0.08749996
v -0.01255297 0.02385302 0.08749996
v -0.01276195 0.02099504 0.08749996
v -0.00633097 0.02261503 0.08749996
v -0.00643200 0.01978804 0.08749996
v 0.00000000 0.02220000 0.08749996
v 0.00000000 0.01938303 0.08749996
v 0.00643200 0.01978804 0.08749996
v 0.00633097 0.02261503 0.08749996
v 0.01276195 0.02099504 0.08749996
v 0.01255297 0.02385302 0.08749996
v 0.01889097 0.02298702 0.08749996
v 0.01855999 0.02589203 0.08749996
v 0.02472198 0.02573104 0.08749996
v 0.02424997 0.02869804 0.08749996
v 0.03016299 0.02918406 0.08749996
v 0.02952498 0.03222205 0.08749996
v 0.03512895 0.03329201 0.08749996
v 0.03429496 0.03640504 0.08749996
v 0.03953999 0.03798904 0.08749996
v 0.03847795 0.04117502 0.08749996
v 0.04332798 0.04320301 0.08749996
v 0.04200196 0.04645003 0.08749996
v 0.04643297 0.04885002 0.08749996
v 0.04480797 0.05214001 0.08749996
v 0.04880499 0.05484201 0.08749996
v 0.04684698 0.05814703 0.08749996
v 0.05040794 0.06108404 0.08749996
v 0.04808497 0.06436903 0.08749996
v 0.05121594 0.06747801 0.08749996
v 0.04850000 0.07070000 0.08749996
v 0.05121594 0.07392199 0.08749996
v 0.04808497 0.07703097 0.08749996
v 0.05040794 0.08031596 0.08749996
v 0.04684698 0.08325297 0.08749996
v 0.04880499 0.08655799 0.08749996
v 0.04480797 0.08925999 0.08749996
v 0.04643297 0.09254998 0.08749996
v 0.04200196 0.09494997 0.08749996
v 0.04332798 0.09819699 0.08749996
v 0.03847795 0.10022498 0.08749996
v 0.03953999 0.10341096 0.08749996
v 0.03429496 0.10499496 0.08749996
v 0.03512895 0.10810799 0.08749996
v 0.02952498 0.10917795 0.08749996
v 0.03016299 0.11221594 0.08749996
v 0.02424997 0.11270196 0.08749996
v 0.02472198 0.11566896 0.08749996
v 0.01855999 0.11550797 0.08749996
v 0.01889097 0.11841298 0.08749996
v 0.01255297 0.11754698 0.08749996
v 0.01276195 0.12040496 0.08749996
v 0.00633097 0.11878497 0.08749996
v -0.00650996 0.12223197 0.08155201
v -0.00643200 0.12161196 0.08749996
v 0.00000000 0.12264199 0.08155201
v 0.00000000 0.12201697 0.08749996
v 0.00650996 0.12223197 0.08155201
v 0.00643200 0.12161196 0.08749996
v 0.01291698 0.12100995 0.08155201
v 0.01276195 0.12040496 0.08749996
v 0.01912099 0.11899394 0.08155201
v 0.01889097 0.11841298 0.08749996
v 0.02502298 0.11621696 0.08155201
v 0.02472198 0.11566896 0.08749996
v 0.03053098 0.11272198 0.08155201
v 0.03016299 0.11221594 0.08749996
v 0.03555697 0.10856396 0.08155201
v 0.03512895 0.10810799 0.08749996
v 0.04002195 0.10380894 0.08155201
v 0.03953999 0.10341096 0.08749996
v 0.04385596 0.09853197 0.08155201
v 0.04332798 0.09819699 0.08749996
v 0.04699796 0.09281600 0.08155201
v 0.04643297 0.09254998 0.08749996
v 0.04939997 0.08675099 0.08155201
v 0.04880499 0.08655799 0.08749996
v 0.05102199 0.08043296 0.08155201
v 0.05040794 0.08031596 0.08749996
v 0.05183899 0.07396097 0.08155201
v 0.05121594 0.07392199 0.08749996
v 0.05183899 0.06743903 0.08155201
v 0.05121594 0.06747801 0.08749996
v 0.05102199 0.06096704 0.08155201
v 0.05040794 0.06108404 0.08749996
v 0.04939997 0.05464901 0.08155201
v 0.04880499 0.05484201 0.08749996
v 0.04699796 0.04858400 0.08155201
v 0.04643297 0.04885002 0.08749996
v 0.04385596 0.04286803 0.08155201
v 0.04332798 0.04320301 0.08749996
v 0.04002195 0.03759106 0.08155201
v 0.03953999 0.03798904 0.08749996
v 0.03555697 0.03283604 0.08155201
v 0.03512895 0.03329201 0.08749996
v 0.03053098 0.02867802 0.08155201
v 0.03016299 0.02918406 0.08749996
v 0.02502298 0.02518304 0.08155201
v 0.02472198 0.02573104 0.08749996
v 0.01912099 0.02240606 0.08155201
v 0.01889097 0.02298702 0.08749996
v 0.01291698 0.02039005 0.08155201
v 0.01276195 0.02099504 0.08749996
v 0.00650996 0.01916803 0.08155201
v 0.00643200 0.01978804 0.08749996
v 0.00000000 0.01875801 0.08155201
v 0.00000000 0.01938303 0.08749996
v 0.00000000 0.01875801 0.08155201
v 0.00000000 0.01938303 0.08749996
v -0.00650996 0.01916803 0.08155201
v -0.00643200 0.01978804 0.08749996
v -0.01291698 0.02039005 0.08155201
v -0.01276195 0.02099504 0.08749996
v -0.01912099 0.02240606 0.08155201
v -0.01889097 0.02298702 0.08749996
v -0.02502298 0.02518304 0.08155201
v -0.02472198 0.02573104 0.08749996
v -0.03053098 0.02867802 0.08155201
v -0.03016299 0.02918406 0.08749996
v -0.03555697 0.03283604 0.08155201
v -0.03512895 0.03329201 0.08749996
v -0.04002195 0.03759106 0.08155201
v -0.03953999 0.03798904 0.08749996
v -0.04385596 0.04286803 0.08155201
v -0.04332798 0.04320301 0.08749996
v -0.04699796 0.04858400 0.08155201
v -0.04643297 0.04885002 0.08749996
v -0.04939997 0.05464901 0.08155201
v -0.04880499 0.05484201 0.08749996
v -0.05102199 0.06096704 0.08155201
v -0.05040794 0.06108404 0.08749996
v -0.05183899 0.06743903 0.08155201
v -0.05121594 0.06747801 0.08749996
v -0.05183899 0.07396097 0.08155201
v -0.05121594 0.07392199 0.08749996
v -0.05102199 0.08043296 0.08155201
v -0.05040794 0.08031596 0.08749996
v -0.04939997 0.08675099 0.08155201
v -0.04880499 0.08655799 0.08749996
v -0.04699796 0.09281600 0.08155201
v -0.04643297 0.09254998 0.08749996
v -0.04385596 0.09853197 0.08155201
v -0.04332798 0.09819699 0.08749996
v -0.04002195 0.10380894 0.08155201
v -0.03953999 0.10341096 0.08749996
v -0.03555697 0.10856396 0.08155201
v -0.03512895 0.10810799 0.08749996
v -0.03053098 0.11272198 0.08155201
v -0.03016299 0.11221594 0.08749996
v -0.02502298 0.11621696 0.08155201
v -0.02472198 0.11566896 0.08749996
v -0.01912099 0.11899394 0.08155201
v -0.01889097 0.11841298 0.08749996
v -0.01291698 0.12100995 0.08155201
v -0.01276195 0.12040496 0.08749996
v -0.00644797 0.12173898 0.08099996
v -0.00222194 0.12229997 0.08104299
v 0.00000000 0.12214494 0.08099996
v 0.00222194 0.12229997 0.08104299
v 0.00644797 0.12173898 0.08099996
v 0.00664997 0.12191797 0.08104299
v 0.01102799 0.12115700 0.08104299
v 0.00667095 0.12208498 0.08116494
v 0.01106399 0.12132097 0.08116494
v 0.00668496 0.12218798 0.08134495
v 0.01108598 0.12142295 0.08134495
v 0.00650996 0.12223197 0.08155201
v 0.01291698 0.12100995 0.08155201
v -0.01279395 0.12052799 0.08099996
v -0.01102799 0.12115700 0.08104299
v -0.00664997 0.12191797 0.08104299
v -0.00667095 0.12208498 0.08116494
v -0.00222898 0.12246800 0.08116494
v -0.00668496 0.12218798 0.08134495
v -0.00223398 0.12257195 0.08134495
v -0.00650996 0.12223197 0.08155201
v 0.00000000 0.12264199 0.08155201
v -0.01532495 0.12002194 0.08104299
v -0.01893800 0.11853195 0.08099996
v -0.01950800 0.11852199 0.08104299
v -0.02354699 0.11666799 0.08104299
v -0.02362298 0.11681796 0.08116494
v -0.02749997 0.11461598 0.08116494
v -0.02755600 0.11470497 0.08134495
v -0.03123599 0.11217297 0.08134495
v -0.03053098 0.11272198 0.08155201
v -0.03468596 0.10933400 0.08134495
v -0.03555697 0.10856396 0.08155201
v -0.03787899 0.10620899 0.08134495
v -0.04002195 0.10380894 0.08155201
v -0.04079097 0.10282195 0.08134495
v -0.04385596 0.09853197 0.08155201
v -0.04340100 0.09919596 0.08134495
v -0.04569000 0.09535999 0.08134495
v -0.04331499 0.09913898 0.08116494
v -0.04559898 0.09530998 0.08116494
v -0.04317396 0.09904695 0.08104299
v -0.04545098 0.09522999 0.08104299
v -0.04343599 0.09826500 0.08099996
v -0.04654896 0.09260399 0.08099996
v -0.02478396 0.11578095 0.08099996
v -0.02741098 0.11447394 0.08104299
v -0.03117400 0.11209000 0.08116494
v -0.03023797 0.11231995 0.08099996
v -0.03107297 0.11195499 0.08104299
v -0.03461694 0.10925699 0.08116494
v -0.03450399 0.10913200 0.08104299
v -0.03521597 0.10820199 0.08099996
v -0.03767997 0.10602296 0.08104299
v -0.03963899 0.10349197 0.08099996
v -0.04057699 0.10265297 0.08104299
v -0.04739099 0.09123195 0.08104299
v -0.04892694 0.08659697 0.08099996
v -0.04898095 0.08708197 0.08104299
v -0.05020797 0.08281094 0.08104299
v -0.05037200 0.08284998 0.08116494
v -0.05122995 0.07847495 0.08116494
v -0.05133199 0.07849098 0.08134495
v -0.05181199 0.07404895 0.08134495
v -0.05183899 0.07396097 0.08155201
v -0.05190795 0.06958301 0.08134495
v -0.05183899 0.06743903 0.08155201
v -0.05161994 0.06512506 0.08134495
v -0.05102199 0.06096704 0.08155201
v -0.05094999 0.06070806 0.08134495
v -0.04990196 0.05636503 0.08134495
v -0.05084794 0.06072802 0.08116494
v -0.04980200 0.05639406 0.08116494
v -0.05068296 0.06076003 0.08104299
v -0.04963999 0.05644001 0.08104299
v -0.05053299 0.06106002 0.08099996
v -0.04892694 0.05480303 0.08099996
v -0.05053299 0.08033998 0.08099996
v -0.05106300 0.07844997 0.08104299
v -0.05170798 0.07404299 0.08116494
v -0.05134296 0.07392998 0.08099996
v -0.05153995 0.07403196 0.08104299
v -0.05180394 0.06958504 0.08116494
v -0.05163598 0.06958903 0.08104299
v -0.05134296 0.06747002 0.08099996
v -0.05134898 0.06515403 0.08104299
v -0.04823094 0.05222602 0.08104299
v -0.04654896 0.04879601 0.08099996
v -0.04646396 0.04814805 0.08104299
v -0.04435294 0.04423703 0.08104299
v -0.04449796 0.04415102 0.08116494
v -0.04205095 0.04042400 0.08116494
v -0.04213500 0.04036303 0.08134495
v -0.03937095 0.03685303 0.08134495
v -0.04002195 0.03759106 0.08155201
v -0.03631597 0.03359403 0.08134495
v -0.03555697 0.03283604 0.08155201
v -0.03299200 0.03060903 0.08134495
v -0.03053098 0.02867802 0.08155201
v -0.02942299 0.02792205 0.08134495
v -0.02502298 0.02518304 0.08155201
v -0.02563697 0.02555104 0.08134495
v -0.02166098 0.02351405 0.08134495
v -0.02558594 0.02564104 0.08116494
v -0.02161699 0.02360804 0.08116494
v -0.02550297 0.02578701 0.08104299
v -0.02154695 0.02376105 0.08104299
v -0.02478396 0.02561905 0.08099996
v -0.01893800 0.02286805 0.08099996
v -0.04343599 0.04313500 0.08099996
v -0.04191398 0.04052205 0.08104299
v -0.03929299 0.03692104 0.08116494
v -0.03963899 0.03790803 0.08099996
v -0.03916496 0.03703101 0.08104299
v -0.03624296 0.03366806 0.08116494
v -0.03612595 0.03378905 0.08104299
v -0.03521597 0.03319801 0.08099996
v -0.03281897 0.03082003 0.08104299
v -0.03023797 0.02908005 0.08099996
v -0.02926898 0.02814604 0.08104299
v -0.01743197 0.02208300 0.08104299
v -0.01279395 0.02087201 0.08099996
v -0.01318895 0.02076401 0.08104299
v -0.00884700 0.01981504 0.08104299
v -0.00887597 0.01965006 0.08116494
v -0.00445396 0.01907600 0.08116494
v -0.00446296 0.01897205 0.08134495
v 0.00000000 0.01878001 0.08134495
v 0.00000000 0.01875801 0.08155201
v 0.00000000 0.01875801 0.08155201
v 0.00000000 0.01878001 0.08134495
v 0.00446296 0.01897205 0.08134495
v 0.00650996 0.01916803 0.08155201
v 0.00889397 0.01954700 0.08134495
v 0.01291698 0.02039005 0.08155201
v 0.01325798 0.02050103 0.08134495
v 0.01752400 0.02182706 0.08134495
v 0.01323097 0.02060200 0.08116494
v 0.01748895 0.02192403 0.08116494
v 0.01318895 0.02076401 0.08104299
v 0.01743197 0.02208300 0.08104299
v 0.01279395 0.02087201 0.08099996
v 0.01893800 0.02286805 0.08099996
v -0.00644797 0.01966102 0.08099996
v -0.00443995 0.01924302 0.08104299
v 0.00000000 0.01888402 0.08116494
v 0.00000000 0.01888402 0.08116494
v 0.00000000 0.01925506 0.08099996
v 0.00000000 0.01905204 0.08104299
v 0.00000000 0.01905204 0.08104299
v 0.00445396 0.01907600 0.08116494
v 0.00000000 0.01925506 0.08099996
v 0.00443995 0.01924302 0.08104299
v 0.00644797 0.01966102 0.08099996
v 0.00884700 0.01981504 0.08104299
v 0.02154695 0.02376105 0.08104299
v 0.02478396 0.02561905 0.08099996
v 0.02550297 0.02578701 0.08104299
v 0.02926898 0.02814604 0.08104299
v 0.02936398 0.02800705 0.08116494
v 0.03292596 0.03069003 0.08116494
v 0.03299200 0.03060903 0.08134495
v 0.03631597 0.03359403 0.08134495
v 0.03555697 0.03283604 0.08155201
v 0.04002195 0.03759106 0.08155201
v 0.03937095 0.03685303 0.08134495
v 0.04213500 0.04036303 0.08134495
v 0.03929299 0.03692104 0.08116494
v 0.04205095 0.04042400 0.08116494
v 0.03916496 0.03703101 0.08104299
v 0.04191398 0.04052205 0.08104299
v 0.03963899 0.03790803 0.08099996
v 0.04343599 0.04313500 0.08099996
v 0.03023797 0.02908005 0.08099996
v 0.03281897 0.03082003 0.08104299
v 0.03624296 0.03366806 0.08116494
v 0.03521597 0.03319801 0.08099996
v 0.03612595 0.03378905 0.08104299
v 0.04435294 0.04423703 0.08104299
v 0.04654896 0.04879601 0.08099996
v 0.04646396 0.04814805 0.08104299
v 0.04823094 0.05222602 0.08104299
v 0.04838800 0.05216505 0.08116494
v 0.04980200 0.05639406 0.08116494
v 0.04990196 0.05636503 0.08134495
v 0.05094999 0.06070806 0.08134495
v 0.05102199 0.06096704 0.08155201
v 0.05161994 0.06512506 0.08134495
v 0.05183899 0.06743903 0.08155201
v 0.05190795 0.06958301 0.08134495
v 0.05183899 0.07396097 0.08155201
v 0.05181199 0.07404895 0.08134495
v 0.05133199 0.07849098 0.08134495
v 0.05170798 0.07404299 0.08116494
v 0.05122995 0.07847495 0.08116494
v 0.05153995 0.07403196 0.08104299
v 0.05106300 0.07844997 0.08104299
v 0.05134296 0.07392998 0.08099996
v 0.05053299 0.08033998 0.08099996
v 0.04892694 0.05480303 0.08099996
v 0.04963999 0.05644001 0.08104299
v 0.05084794 0.06072802 0.08116494
v 0.05053299 0.06106002 0.08099996
v 0.05068296 0.06076003 0.08104299
v 0.05151695 0.06513603 0.08116494
v 0.05134898 0.06515403 0.08104299
v 0.05134296 0.06747002 0.08099996
v 0.05163598 0.06958903 0.08104299
v 0.05020797 0.08281094 0.08104299
v 0.04892694 0.08659697 0.08099996
v 0.04898095 0.08708197 0.08104299
v 0.04739099 0.09123195 0.08104299
v 0.04754596 0.09129894 0.08116494
v 0.04559898 0.09530998 0.08116494
v 0.04569000 0.09535999 0.08134495
v 0.04340100 0.09919596 0.08134495
v 0.04385596 0.09853197 0.08155201
v 0.04079097 0.10282195 0.08134495
v 0.04002195 0.10380894 0.08155201
v 0.03787899 0.10620899 0.08134495
v 0.03555697 0.10856396 0.08155201
v 0.03468596 0.10933400 0.08134495
v 0.03053098 0.11272198 0.08155201
v 0.03123599 0.11217297 0.08134495
v 0.02755600 0.11470497 0.08134495
v 0.03117400 0.11209000 0.08116494
v 0.02749997 0.11461598 0.08116494
v 0.03107297 0.11195499 0.08104299
v 0.02741098 0.11447394 0.08104299
v 0.03023797 0.11231995 0.08099996
v 0.02478396 0.11578095 0.08099996
v 0.04654896 0.09260399 0.08099996
v 0.04545098 0.09522999 0.08104299
v 0.04331499 0.09913898 0.08116494
v 0.04343599 0.09826500 0.08099996
v 0.04317396 0.09904695 0.08104299
v 0.04070895 0.10275698 0.08116494
v 0.04057699 0.10265297 0.08104299
v 0.03963899 0.10349197 0.08099996
v 0.03767997 0.10602296 0.08104299
v 0.03521597 0.10820199 0.08099996
v 0.03450399 0.10913200 0.08104299
v 0.02354699 0.11666799 0.08104299
v 0.01893800 0.11853195 0.08099996
v 0.01950800 0.11852199 0.08104299
v 0.01532495 0.12002194 0.08104299
v 0.01537495 0.12018300 0.08116494
v 0.01279395 0.12052799 0.08099996
v 0.00223398 0.12257195 0.08134495
v 0.01540499 0.12028200 0.08134495
v 0.01912099 0.11899394 0.08155201
v 0.01961100 0.11877394 0.08134495
v 0.02367097 0.11690999 0.08134495
v 0.02362298 0.11681796 0.08116494
v 0.02502298 0.11621696 0.08155201
v 0.04699796 0.09281600 0.08155201
v 0.04764097 0.09134096 0.08134495
v 0.04914098 0.08713598 0.08116494
v 0.04939997 0.08675099 0.08155201
v 0.04923897 0.08716900 0.08134495
v 0.05037200 0.08284998 0.08116494
v 0.05047297 0.08287496 0.08134495
v 0.05102199 0.08043296 0.08155201
v 0.04939997 0.05464901 0.08155201
v 0.04848498 0.05212803 0.08134495
v 0.04661595 0.04807402 0.08116494
v 0.04699796 0.04858400 0.08155201
v 0.04670900 0.04802902 0.08134495
v 0.04449796 0.04415102 0.08116494
v 0.04458695 0.04409803 0.08134495
v 0.04385596 0.04286803 0.08155201
v 0.03053098 0.02867802 0.08155201
v 0.02942299 0.02792205 0.08134495
v 0.02558594 0.02564104 0.08116494
v 0.02502298 0.02518304 0.08155201
v 0.02563697 0.02555104 0.08134495
v 0.02161699 0.02360804 0.08116494
v 0.02166098 0.02351405 0.08134495
v 0.01912099 0.02240606 0.08155201
v -0.00650996 0.01916803 0.08155201
v -0.00889397 0.01954700 0.08134495
v -0.01323097 0.02060200 0.08116494
v -0.01291698 0.02039005 0.08155201
v -0.01325798 0.02050103 0.08134495
v -0.01748895 0.02192403 0.08116494
v -0.01752400 0.02182706 0.08134495
v -0.01912099 0.02240606 0.08155201
v -0.04385596 0.04286803 0.08155201
v -0.04458695 0.04409803 0.08134495
v -0.04661595 0.04807402 0.08116494
v -0.04699796 0.04858400 0.08155201
v -0.04670900 0.04802902 0.08134495
v -0.04838800 0.05216505 0.08116494
v -0.04848498 0.05212803 0.08134495
v -0.04939997 0.05464901 0.08155201
v -0.05102199 0.08043296 0.08155201
v -0.05047297 0.08287496 0.08134495
v -0.04914098 0.08713598 0.08116494
v -0.04939997 0.08675099 0.08155201
v -0.04923897 0.08716900 0.08134495
v -0.04754596 0.09129894 0.08116494
v -0.04764097 0.09134096 0.08134495
v -0.04699796 0.09281600 0.08155201
v -0.02502298 0.11621696 0.08155201
v -0.02367097 0.11690999 0.08134495
v -0.01957100 0.11867798 0.08116494
v -0.01912099 0.11899394 0.08155201
v -0.01961100 0.11877394 0.08134495
v -0.01537495 0.12018300 0.08116494
v -0.01540499 0.12028200 0.08134495
v -0.01291698 0.12100995 0.08155201
v -0.01108598 0.12142295 0.08134495
v 0.00222898 0.12246800 0.08116494
v -0.01106399 0.12132097 0.08116494
v -0.03780299 0.10613800 0.08116494
v -0.04070895 0.10275698 0.08116494
v -0.05151695 0.06513603 0.08116494
v -0.03292596 0.03069003 0.08116494
v -0.02936398 0.02800705 0.08116494
v 0.00887597 0.01965006 0.08116494
v 0.05180394 0.06958504 0.08116494
v 0.03780299 0.10613800 0.08116494
v 0.03461694 0.10925699 0.08116494
v 0.01957100 0.11867798 0.08116494
vt 0.08720650 0.37946429
vt 0.08391588 0.31696429
vt 0.07558460 0.31696429
vt 0.08795363 0.34551029
vt 0.08795363 0.32552804
vt 0.08795363 0.34353690
vt 0.08795363 0.36476590
vt 0.08757978 0.37946429
vt 0.08795363 0.37946429
vt 0.07906297 0.32187654
vt 0.07676197 0.35091840
vt 0.07232863 0.37946429
vt 0.07232863 0.31696429
vt 0.07232863 0.32583341
vt 0.07232863 0.37579203
vt 0.07232863 0.37946429
vt 0.07232863 0.33011766
vt 0.08745069 0.33958729
vt 0.07232863 0.31696429
vt 0.08647300 0.31696429
vt 0.08745294 0.35692428
vt 0.07232863 0.36631091
vt 0.07232863 0.37946429
vt 0.07232863 0.32063654
vt 0.07232863 0.37067354
vt 0.07232863 0.37946429
vt 0.07232863 0.31696429
vt 0.07676197 0.34551017
vt 0.07907310 0.37461828
vt 0.08757978 0.31696429
vt 0.08795363 0.31696429
vt 0.08795363 0.33168678
vt 0.08795363 0.35091828
vt 0.08795363 0.35290317
vt 0.08795363 0.37090390
vt 0.07558460 0.37946429
vt 0.08391588 0.37946429
vt 0.08720657 0.31696429
vt 0.07232863 0.32866664
vt 0.07232863 0.33504905
vt 0.08166573 0.36510702
vt 0.08669085 0.36757113
vt 0.08795363 0.37946429
vt 0.07421213 0.37946429
vt 0.07875463 0.37946429
vt 0.08795363 0.31696429
vt 0.08795363 0.31696429
vt 0.07735129 0.31696429
vt 0.08254662 0.31696429
vt 0.08795363 0.31696429
vt 0.07232863 0.31696429
vt 0.07655135 0.31696429
vt 0.08795363 0.31696429
vt 0.08795363 0.31696429
vt 0.07515307 0.37946429
vt 0.07982013 0.37946429
vt 0.08795363 0.37946429
vt 0.07232863 0.36757113
vt 0.07232863 0.36531939
vt 0.08503317 0.32866664
vt 0.08554197 0.33520551
vt 0.07232863 0.31696429
vt 0.07232863 0.37946429
vt 0.07844773 0.37946429
vt 0.08483353 0.35091828
vt 0.08795363 0.33792465
vt 0.07232863 0.31696429
vt 0.07232863 0.37946429
vt 0.07727027 0.34551017
vt 0.07793132 0.35436128
vt 0.08534590 0.31696429
vt 0.08586633 0.37946429
vt 0.08795363 0.35727154
vt 0.08795363 0.32063654
vt 0.08795363 0.37946429
vt 0.07232863 0.36631091
vt 0.07232863 0.35223104
vt 0.07232863 0.31696429
vt 0.07232863 0.31696429
vt 0.07232863 0.34421128
vt 0.07232863 0.33011766
vt 0.08795363 0.37946429
vt 0.08795363 0.37579203
vt 0.08795363 0.33916953
vt 0.08586633 0.31696429
vt 0.08534730 0.37946429
vt 0.07727027 0.35091840
vt 0.07793260 0.34207680
vt 0.07232863 0.31696429
vt 0.07232863 0.37946429
vt 0.08795363 0.35850717
vt 0.08483353 0.34551029
vt 0.07844770 0.31696429
vt 0.07232863 0.31696429
vt 0.07232863 0.37946429
vt 0.08503317 0.36776193
vt 0.08554016 0.36121841
vt 0.07232863 0.33110352
vt 0.07232863 0.32885744
vt 0.08795363 0.31696429
vt 0.07982013 0.31696429
vt 0.07514940 0.31696429
vt 0.08795363 0.37946429
vt 0.08795363 0.37946429
vt 0.07654765 0.37946429
vt 0.07232863 0.37946429
vt 0.08795363 0.37946429
vt 0.08254662 0.37946429
vt 0.07734862 0.37946429
vt 0.08795363 0.37946429
vt 0.08795363 0.37946429
vt 0.07875259 0.31696429
vt 0.07421213 0.31696429
vt 0.08795363 0.31696429
vt 0.08669085 0.32885744
vt 0.08166441 0.33132430
vt 0.07232863 0.36776193
vt 0.07232863 0.36138089
vt 0.08795363 0.31696429
vt 0.08795363 0.34583941
vt 0.08795363 0.31696429
vt 0.08795363 0.34586578
vt 0.08607294 0.37946429
vt 0.08599063 0.37946429
vt 0.07948963 0.33187366
vt 0.07940822 0.33188203
vt 0.07392794 0.37946429
vt 0.07400872 0.37946429
vt 0.07232863 0.31951727
vt 0.07232863 0.31951742
vt 0.07232863 0.37624328
vt 0.07232863 0.37623890
vt 0.07232863 0.31696429
vt 0.07232863 0.31696429
vt 0.07232863 0.36613991
vt 0.07232863 0.36613991
vt 0.07232863 0.31696429
vt 0.07232863 0.31696429
vt 0.07232863 0.35603602
vt 0.07232863 0.35603841
vt 0.07232863 0.31696429
vt 0.07232863 0.31696429
vt 0.07400872 0.34385266
vt 0.07392791 0.34385266
vt 0.07948960 0.37946429
vt 0.07940819 0.37946429
vt 0.08607288 0.33122619
vt 0.08599057 0.33120944
vt 0.08795363 0.37946429
vt 0.08795363 0.37946429
vt 0.08795363 0.31696429
vt 0.08795363 0.31696429
vt 0.07232863 0.31696429
vt 0.07232863 0.31696429
vt 0.07232863 0.31696429
vt 0.07232863 0.31696429
vt 0.07232863 0.31696429
vt 0.07232863 0.31696429
vt 0.07232863 0.31696429
vt 0.08090510 0.31696429
vt 0.08336588 0.31696429
vt 0.08582457 0.32624741
vt 0.08148419 0.31696429
vt 0.08211910 0.31696429
vt 0.08795363 0.35301391
vt 0.08795363 0.34810953
vt 0.08795363 0.34813441
vt 0.07326044 0.37946429
vt 0.08795363 0.37946429
vt 0.08795363 0.37946429
vt 0.07433732 0.36261329
vt 0.07939204 0.32657804
vt 0.08154476 0.36261116
vt 0.08640557 0.36260979
vt 0.08749028 0.31696429
vt 0.07443407 0.33394666
vt 0.07443244 0.37946429
vt 0.07232863 0.31696429
vt 0.08795363 0.31696429
vt 0.07232863 0.37946429
vt 0.08444813 0.31696429
vt 0.08130288 0.37946429
vt 0.07939304 0.37946429
vt 0.08482263 0.32410790
vt 0.08795363 0.31696429
vt 0.07232863 0.32411440
vt 0.07232863 0.32411464
vt 0.07452406 0.35383691
vt 0.08435129 0.37946429
vt 0.07232863 0.37946429
vt 0.07232863 0.35776092
vt 0.08435200 0.37946429
vt 0.07232863 0.31696429
vt 0.08435200 0.31696429
vt 0.08435203 0.31696429
vt 0.08048403 0.35802640
vt 0.07724132 0.36736013
vt 0.07629457 0.37946429
vt 0.07232863 0.31696429
vt 0.07232863 0.34330966
vt 0.08783673 0.34331031
vt 0.08209676 0.37073602
vt 0.08795363 0.35944815
vt 0.08795363 0.37946429
vt 0.08166664 0.37946429
vt 0.08795363 0.37946429
vt 0.08112444 0.31696429
vt 0.08009288 0.31696429
vt 0.07232863 0.31696429
vt 0.07232863 0.34832777
vt 0.08608344 0.34832777
vt 0.07232863 0.35229476
vt 0.07293788 0.31696429
vt 0.07293791 0.37946429
vt 0.08349276 0.37946429
vt 0.07293791 0.37505318
vt 0.08724296 0.34875591
vt 0.08795363 0.31696429
vt 0.08795363 0.37946429
vt 0.07232863 0.31696429
vt 0.07789675 0.31696429
vt 0.07789675 0.31696429
vt 0.08694926 0.31696429
vt 0.07789675 0.32664408
vt 0.07232863 0.33892025
vt 0.07232863 0.31696429
vt 0.08285582 0.31696429
vt 0.07232863 0.31696429
vt 0.07232863 0.34109368
vt 0.08285582 0.34418394
vt 0.07876268 0.31696429
vt 0.08781487 0.31696429
vt 0.08781487 0.31696429
vt 0.07232863 0.31696429
vt 0.08781487 0.32788839
vt 0.07467488 0.31696429
vt 0.07460645 0.37946429
vt 0.08372143 0.37946429
vt 0.08795363 0.35600592
vt 0.08795363 0.37946429
vt 0.07232863 0.34832777
vt 0.07957268 0.34704443
vt 0.07990205 0.31696429
vt 0.08795363 0.31696429
vt 0.07232863 0.37946429
vt 0.07232863 0.31696429
vt 0.08433831 0.34330978
vt 0.07553488 0.34330978
vt 0.08777487 0.37946429
vt 0.07412550 0.34330978
vt 0.07232863 0.37264480
vt 0.07232863 0.33464404
vt 0.07232863 0.36736013
vt 0.07232863 0.37946429
vt 0.08704770 0.31696429
vt 0.08257270 0.37946429
vt 0.08795363 0.37946429
vt 0.08795363 0.35776092
vt 0.07232863 0.32411118
vt 0.08795363 0.32411118
vt 0.07468236 0.37946429
vt 0.07232863 0.37946429
vt 0.07823986 0.37946429
vt 0.07468236 0.35937830
vt 0.08580834 0.31696429
vt 0.07977611 0.31696429
vt 0.08749831 0.36907129
vt 0.08795363 0.36909504
vt 0.08795363 0.31696429
vt 0.07232863 0.31696429
vt 0.07232863 0.36261316
vt 0.07320082 0.36261316
vt 0.07334423 0.37946429
vt 0.07792300 0.37946429
vt 0.08795363 0.37946429
vt 0.07232863 0.31696429
vt 0.07642365 0.31696429
vt 0.07648611 0.31696429
vt 0.07676363 0.31696429
vt 0.07710391 0.31696429
vt 0.07790518 0.31696429
vt 0.07744396 0.31696429
vt 0.07778365 0.31696429
vt 0.07232863 0.36244428
vt 0.08673394 0.37946429
vt 0.08673394 0.37946429
vt 0.08673394 0.35295753
vt 0.08795363 0.36244092
vt 0.08684737 0.34813404
vt 0.08795363 0.31696429
vt 0.08795363 0.37946429
vt 0.08795363 0.36244229
vt 0.07232863 0.37946429
vt 0.07232863 0.34951602
vt 0.07232863 0.33394017
vt 0.08008456 0.31696429
vt 0.08795363 0.31696429
vt 0.07853612 0.34779541
vt 0.07792613 0.37934028
vt 0.07232863 0.37946429
vt 0.08795363 0.31696429
vt 0.08795363 0.32365926
vt 0.08564770 0.32366164
vt 0.07787362 0.37946429
vt 0.07918427 0.32366391
vt 0.07232863 0.35374077
vt 0.08795363 0.37946429
vt 0.08795363 0.37946429
vt 0.08033174 0.31696429
vt 0.08795363 0.31696429
vt 0.08795363 0.31696429
vt 0.07232863 0.36676826
vt 0.07232863 0.37946429
vt 0.07232863 0.35792680
vt 0.07899332 0.31696429
vt 0.08795363 0.31696429
vt 0.07445768 0.34263315
vt 0.08795363 0.34263392
vt 0.08795363 0.37041755
vt 0.08284363 0.35943951
vt 0.08284393 0.37946429
vt 0.08795363 0.37946429
vt 0.07232863 0.37946429
vt 0.07788581 0.31696429
vt 0.07232863 0.31696429
vt 0.07788581 0.34340389
vt 0.07788614 0.35228576
vt 0.08795363 0.34874751
vt 0.07292813 0.31696429
vt 0.07292813 0.37946429
vt 0.08795363 0.37946429
vt 0.07292813 0.37504430
vt 0.08607426 0.37946429
vt 0.07232863 0.32663478
vt 0.07232863 0.31696429
vt 0.08093928 0.31696429
vt 0.08094144 0.33891036
vt 0.08795363 0.31696429
vt 0.08795363 0.34417452
vt 0.07615872 0.34108438
vt 0.07615872 0.31696429
vt 0.08795363 0.32787945
vt 0.08795363 0.31696429
vt 0.07232863 0.31696429
vt 0.08025292 0.37946429
vt 0.07232863 0.37946429
vt 0.07232863 0.37946429
vt 0.08795363 0.37946429
vt 0.08434713 0.35599692
vt 0.08434713 0.37946429
vt 0.07529517 0.34340389
vt 0.07232863 0.34706576
vt 0.07232863 0.34340389
vt 0.07938935 0.31696429
vt 0.07232863 0.31696429
vt 0.08795363 0.37946429
vt 0.07938938 0.37263628
vt 0.07938938 0.37946429
vt 0.07232863 0.37946429
vt 0.07232863 0.34263326
vt 0.08795363 0.34263338
vt 0.07443160 0.37946429
vt 0.08795363 0.31696429
vt 0.07443163 0.36676826
vt 0.07232863 0.34263326
vt 0.07650982 0.32366027
vt 0.08795363 0.37946429
vt 0.07443150 0.33463605
vt 0.08795363 0.37946429
vt 0.08795363 0.37946429
vt 0.07414551 0.37946429
vt 0.08350116 0.32366027
vt 0.08795363 0.31696429
vt 0.08795363 0.31696429
vt 0.08795363 0.36879416
vt 0.08399810 0.36878942
vt 0.08519766 0.34951602
vt 0.07810050 0.31696429
vt 0.08334269 0.31696429
vt 0.07756194 0.36244403
vt 0.07266263 0.36244403
vt 0.07253188 0.37946429
vt 0.07232863 0.37946429
vt 0.08795363 0.35728176
vt 0.08420062 0.37946429
vt 0.08685303 0.34810491
vt 0.08795363 0.32624179
vt 0.08795363 0.31696429
vt 0.08795363 0.31696429
vt 0.08795363 0.31696429
vt 0.07232863 0.32826735
vt 0.07232863 0.31696429
vt 0.07232863 0.32840468
vt 0.07520022 0.31696429
vt 0.07232863 0.31696429
vt 0.07882422 0.37946429
vt 0.07232863 0.37946429
vt 0.07520685 0.36310454
vt 0.07873660 0.32842590
vt 0.08115141 0.32842602
vt 0.08201838 0.36302193
vt 0.08436147 0.37946429
vt 0.08532141 0.32842602
vt 0.08795363 0.37946429
vt 0.08795363 0.32232441
vt 0.08795363 0.32232441
vt 0.08795363 0.37946429
vt 0.08795363 0.37946429
vt 0.08795363 0.31696429
vt 0.08795363 0.31696429
vt 0.08795363 0.37460418
vt 0.08795363 0.37457676
vt 0.08795363 0.31696429
vt 0.08795363 0.31696429
vt 0.08795363 0.37064754
vt 0.08795363 0.37066503
vt 0.08795363 0.31696429
vt 0.08795363 0.31696429
vt 0.08795363 0.36498504
vt 0.08795363 0.36502217
vt 0.08795363 0.31696429
vt 0.08795363 0.31696429
vt 0.08795363 0.35848828
vt 0.08436141 0.35408554
vt 0.08532125 0.37946429
vt 0.08115141 0.37946429
vt 0.08201819 0.37946429
vt 0.07520669 0.37946429
vt 0.07232863 0.35126516
vt 0.07873644 0.37946429
vt 0.07882407 0.35126516
vt 0.07232863 0.31848966
vt 0.07520004 0.31848966
vt 0.07232863 0.31696429
vt 0.07232863 0.31696429
vt 0.07232863 0.31696429
vt 0.08220675 0.31696429
vt 0.07799281 0.31696429
vt 0.07232863 0.31696429
vt 0.07232863 0.31696429
vt 0.07232863 0.36135491
vt 0.07232863 0.33852428
vt 0.07232863 0.37946429
vt 0.07799281 0.33852428
vt 0.07799281 0.37946429
vt 0.08795363 0.33852428
vt 0.08795363 0.37946429
vt 0.07232863 0.33852428
vt 0.07232863 0.37946429
vt 0.07232863 0.33852428
vt 0.07232863 0.37946429
vt 0.07407803 0.33852428
vt 0.07407803 0.37946429
vt 0.07650659 0.33852428
vt 0.07650659 0.37946429
vt 0.07743435 0.37946429
vt 0.07650659 0.34995003
vt 0.07750097 0.37946429
vt 0.07650659 0.31696429
vt 0.07758400 0.37018030
vt 0.07650659 0.37897916
vt 0.07650659 0.33319415
vt 0.07407803 0.33319415
vt 0.07407803 0.31696429
vt 0.07232863 0.31696429
vt 0.07232863 0.31696429
vt 0.07232863 0.31696429
vt 0.07232863 0.36044689
vt 0.08795363 0.36044689
vt 0.08795363 0.31696429
vt 0.07799281 0.31696429
vt 0.07799281 0.36747255
vt 0.07232863 0.36747255
vt 0.07232863 0.31696429
vt 0.08764078 0.31696429
vt 0.08764078 0.37449815
vt 0.07637401 0.37449815
vt 0.07637401 0.31696429
vt 0.07232863 0.31696429
vt 0.07232863 0.37946429
vt 0.08509045 0.37946429
vt 0.08509045 0.32253649
vt 0.07488826 0.32253649
vt 0.07488826 0.37946429
vt 0.07232863 0.37946429
vt 0.07232863 0.32956173
vt 0.08748597 0.32956173
vt 0.08748597 0.37946429
vt 0.07903591 0.37946429
vt 0.07903591 0.33658804
vt 0.07232863 0.33658804
vt 0.07232863 0.37946429
vt 0.08795363 0.37946429
vt 0.08795363 0.34361305
vt 0.08632182 0.34361305
vt 0.08632182 0.37946429
vt 0.07925791 0.37946429
vt 0.07807085 0.35063423
vt 0.07232863 0.37946429
vt 0.07232863 0.37946429
vt 0.07232863 0.34361305
vt 0.07232863 0.34361305
vt 0.07232863 0.37946429
vt 0.07232863 0.37946429
vt 0.07232863 0.33658804
vt 0.07232863 0.33658804
vt 0.07232863 0.37946429
vt 0.07232863 0.37946429
vt 0.07232863 0.32956173
vt 0.07232863 0.32956173
vt 0.07232863 0.37946429
vt 0.07232863 0.37946429
vt 0.07232863 0.32253649
vt 0.07232863 0.32253649
vt 0.07232863 0.37946429
vt 0.07232863 0.37946429
vt 0.07232863 0.31696429
vt 0.07232863 0.31696429
vt 0.07232863 0.37449815
vt 0.07232863 0.37449815
vt 0.07232863 0.31696429
vt 0.07232863 0.31696429
vt 0.07232863 0.31696429
vt 0.08795363 0.31696429
vt 0.08581281 0.31696429
vt 0.08795363 0.37449815
vt 0.08225227 0.37449815
vt 0.08225227 0.31696429
vt 0.07518831 0.31696429
vt 0.07518831 0.37946429
vt 0.07232863 0.37946429
vt 0.07232863 0.32253649
vt 0.08795363 0.32253649
vt 0.08795363 0.37946429
vt 0.08795363 0.37946429
vt 0.08795363 0.32956173
vt 0.08234120 0.32956173
vt 0.08234120 0.37946429
vt 0.07666344 0.37946429
vt 0.07666344 0.33658804
vt 0.07232863 0.33658804
vt 0.07232863 0.37946429
vt 0.08520237 0.37946429
vt 0.08520237 0.34361305
vt 0.07232863 0.34361305
vt 0.07232863 0.37946429
vt 0.08522487 0.37946429
vt 0.08048925 0.35063555
vt 0.07232863 0.37946429
vt 0.07732645 0.35063674
vt 0.08240831 0.37946429
vt 0.07232863 0.37946429
vt 0.08240831 0.34361305
vt 0.07232863 0.34361305
vt 0.08240831 0.37946429
vt 0.07232863 0.37946429
vt 0.08240831 0.33658804
vt 0.07232863 0.33658804
vt 0.08240831 0.37946429
vt 0.07232863 0.37946429
vt 0.08240831 0.32956173
vt 0.07232863 0.32956173
vt 0.08240831 0.37946429
vt 0.07232863 0.37946429
vt 0.08240831 0.32253649
vt 0.07232863 0.32253649
vt 0.08240831 0.37946429
vt 0.07232863 0.37946429
vt 0.08240831 0.31696429
vt 0.07232863 0.31696429
vt 0.08240831 0.37449815
vt 0.07232863 0.37449815
vt 0.08240831 0.31696429
vt 0.07232863 0.31696429
vt 0.08240831 0.36747255
vt 0.07232863 0.36747255
vt 0.08240831 0.31696429
vt 0.07232863 0.31696429
vt 0.08240831 0.36044689
vt 0.07232863 0.36044689
vt 0.07701957 0.32848652
vt 0.07232863 0.31696429
vt 0.08795363 0.37946429
vt 0.08314049 0.31696429
vt 0.07232863 0.31696429
vt 0.07232863 0.36044689
vt 0.07854989 0.36044689
vt 0.07854989 0.31696429
vt 0.08795363 0.31696429
vt 0.08795363 0.36747255
vt 0.07395894 0.36747255
vt 0.07395894 0.31696429
vt 0.08795363 0.31696429
vt 0.08795363 0.37449815
vt 0.07646549 0.37449815
vt 0.07646549 0.31696429
vt 0.07897175 0.31696429
vt 0.07897175 0.37946429
vt 0.08795363 0.37946429
vt 0.08795363 0.32253649
vt 0.08795363 0.32253649
vt 0.08795363 0.37946429
vt 0.08795363 0.37946429
vt 0.08795363 0.32956173
vt 0.08795363 0.31696429
vt 0.08795363 0.37946429
vt 0.08795363 0.37946429
vt 0.08795363 0.33658804
vt 0.08795363 0.37946429
vt 0.08795363 0.33658804
vt 0.08795363 0.37946429
vt 0.08795363 0.33658804
vt 0.07897175 0.37946429
vt 0.07897175 0.33658804
vt 0.07646549 0.37946429
vt 0.07646549 0.33658804
vt 0.08795363 0.37946429
vt 0.08795363 0.33658804
vt 0.07395894 0.37946429
vt 0.07395894 0.33658804
vt 0.08795363 0.37946429
vt 0.08795363 0.33658804
vt 0.07854989 0.37946429
vt 0.07854989 0.33658804
vt 0.07232863 0.37946429
vt 0.07232863 0.33658804
vt 0.08314049 0.37946429
vt 0.08314049 0.33658804
vt 0.08795363 0.31696429
vt 0.08795363 0.31696429
vt 0.07232863 0.31696429
vt 0.07232863 0.31696429
vt 0.07232863 0.31696429
vt 0.07232863 0.31696429
vt 0.07407803 0.31696429
vt 0.07437747 0.31696429
vt 0.07650659 0.31696429
vt 0.07739682 0.31696429
vt 0.07768194 0.35661827
vt 0.07650659 0.31696429
vt 0.07779466 0.34272619
vt 0.07792366 0.32858630
vt 0.07650659 0.31696429
vt 0.07407803 0.31696429
vt 0.07232863 0.36044689
vt 0.07232863 0.31696429
vt 0.08795363 0.36747255
vt 0.07799281 0.31696429
vt 0.07232863 0.37449815
vt 0.08764078 0.31696429
vt 0.07637401 0.37946429
vt 0.07232863 0.32253649
vt 0.08509045 0.37946429
vt 0.07488826 0.32956173
vt 0.07232863 0.37946429
vt 0.08748597 0.33658804
vt 0.07903591 0.37946429
vt 0.07232863 0.34361305
vt 0.08795363 0.37946429
vt 0.07650659 0.36044689
vt 0.07807191 0.31696429
vt 0.07650659 0.31696429
vt 0.07407803 0.36747255
vt 0.07407803 0.31696429
vt 0.07232863 0.36747255
vt 0.07232863 0.31696429
vt 0.07232863 0.36747255
vt 0.07650659 0.36747255
vt 0.07824575 0.31696429
vt 0.07407803 0.31696429
vt 0.07650659 0.31696429
vt 0.07407803 0.37449815
vt 0.07650659 0.37449815
vt 0.07845685 0.31696429
vt 0.07872966 0.37946429
vt 0.07650659 0.31696429
vt 0.07407803 0.31696429
vt 0.07232863 0.31696429
vt 0.07232863 0.37449815
vt 0.07232863 0.31696429
vt 0.07232863 0.37449815
vt 0.08795363 0.31696429
vt 0.08795363 0.37449815
vt 0.07799281 0.31696429
vt 0.07799281 0.37449815
vt 0.07232863 0.31696429
vt 0.07911138 0.37946429
vt 0.07650659 0.32253649
vt 0.07407803 0.32253649
vt 0.07407803 0.37946429
vt 0.07232863 0.32253649
vt 0.07232863 0.37946429
vt 0.07232863 0.32253649
vt 0.07232863 0.37946429
vt 0.08795363 0.32253649
vt 0.08795363 0.37946429
vt 0.07799281 0.32253649
vt 0.07799281 0.37946429
vt 0.07232863 0.32253649
vt 0.07232863 0.37946429
vt 0.08764078 0.32253649
vt 0.08764078 0.37946429
vt 0.07637401 0.32253649
vt 0.07968922 0.36875178
vt 0.07650659 0.32956173
vt 0.07650659 0.37946429
vt 0.07407803 0.37946429
vt 0.07232863 0.37946429
vt 0.07232863 0.37946429
vt 0.08795363 0.37946429
vt 0.07799281 0.37946429
vt 0.07232863 0.37946429
vt 0.08764078 0.37946429
vt 0.07637401 0.37946429
vt 0.07232863 0.37946429
vt 0.08063048 0.35596051
vt 0.07650659 0.37946429
vt 0.07407803 0.37946429
vt 0.07407803 0.32956173
vt 0.07232863 0.37946429
vt 0.07232863 0.32956173
vt 0.07232863 0.37946429
vt 0.07232863 0.32956173
vt 0.08795363 0.37946429
vt 0.08795363 0.32956173
vt 0.07799281 0.37946429
vt 0.07799281 0.32956173
vt 0.07232863 0.37946429
vt 0.07232863 0.32956173
vt 0.08764078 0.37946429
vt 0.08764078 0.32956173
vt 0.07637401 0.37946429
vt 0.07637401 0.32956173
vt 0.07232863 0.37946429
vt 0.07232863 0.32956173
vt 0.08509045 0.37946429
vt 0.08509045 0.32956173
vt 0.07488826 0.37946429
vt 0.08133882 0.31696429
vt 0.07650659 0.37946429
vt 0.07650659 0.33658804
vt 0.07407803 0.33658804
vt 0.07232863 0.33658804
vt 0.07232863 0.33658804
vt 0.08795363 0.33658804
vt 0.07799281 0.33658804
vt 0.07232863 0.33658804
vt 0.08764078 0.33658804
vt 0.07637401 0.33658804
vt 0.07232863 0.33658804
vt 0.08509045 0.33658804
vt 0.07488826 0.33658804
vt 0.07232863 0.33658804
vt 0.07650659 0.34361305
vt 0.08222635 0.33979430
vt 0.08327382 0.37946429
vt 0.07650659 0.37946429
vt 0.08442328 0.31696429
vt 0.08554410 0.33014550
vt 0.08644594 0.35063423
vt 0.08147629 0.35063423
vt 0.07650659 0.35063423
vt 0.08408982 0.35063304
vt 0.07407803 0.37946429
vt 0.07232863 0.37946429
vt 0.07407803 0.34361305
vt 0.07232863 0.34361305
vt 0.07407803 0.37946429
vt 0.07232863 0.37946429
vt 0.08795363 0.35063304
vt 0.07637401 0.37946429
vt 0.08764078 0.37946429
vt 0.07232863 0.37946429
vt 0.07232863 0.34361305
vt 0.07799281 0.34361305
vt 0.07799281 0.37946429
vt 0.08795363 0.37946429
vt 0.07232863 0.37946429
vt 0.07903591 0.37946429
vt 0.08748597 0.37946429
vt 0.08748597 0.34361305
vt 0.07232863 0.34361305
vt 0.07232863 0.37946429
vt 0.07488826 0.37946429
vt 0.08795363 0.37946429
vt 0.07232863 0.35063423
vt 0.08225227 0.37946429
vt 0.07518831 0.37946429
vt 0.08225227 0.34361305
vt 0.07518831 0.34361305
vt 0.08225227 0.37946429
vt 0.07518831 0.37946429
vt 0.08225227 0.33658804
vt 0.07518831 0.33658804
vt 0.08225227 0.37946429
vt 0.07518831 0.37946429
vt 0.08225227 0.32956173
vt 0.07518831 0.32956173
vt 0.08225227 0.37946429
vt 0.07518831 0.37946429
vt 0.08225227 0.32253649
vt 0.07518831 0.32253649
vt 0.08225227 0.37946429
vt 0.08669612 0.35063423
vt 0.08234120 0.37946429
vt 0.08795363 0.37946429
vt 0.08795363 0.37946429
vt 0.08795363 0.34361305
vt 0.07232863 0.34361305
vt 0.07232863 0.37946429
vt 0.08520237 0.37946429
vt 0.07232863 0.37946429
vt 0.07232863 0.34361305
vt 0.07666344 0.34361305
vt 0.07666344 0.37946429
vt 0.08234120 0.37946429
vt 0.08234120 0.33658804
vt 0.08795363 0.33658804
vt 0.08795363 0.37946429
vt 0.08795363 0.37946429
vt 0.08795363 0.32956173
vt 0.07232863 0.32956173
vt 0.07232863 0.37946429
vt 0.07686299 0.35063674
vt 0.08314049 0.37946429
vt 0.08314049 0.34361305
vt 0.08314049 0.37946429
vt 0.08262614 0.35063555
vt 0.07854989 0.37946429
vt 0.07232863 0.37946429
vt 0.08795363 0.35063924
vt 0.07395894 0.37946429
vt 0.08795363 0.37946429
vt 0.07854989 0.34361305
vt 0.07232863 0.34361305
vt 0.07232863 0.37946429
vt 0.07772988 0.35063304
vt 0.07897175 0.37946429
vt 0.07646549 0.37946429
vt 0.08795363 0.37946429
vt 0.08795363 0.34361305
vt 0.07395894 0.34361305
vt 0.07395894 0.37946429
vt 0.08795363 0.37946429
vt 0.08795363 0.35063423
vt 0.08795363 0.37946429
vt 0.08795363 0.37946429
vt 0.07897175 0.34361305
vt 0.07646549 0.34361305
vt 0.07646549 0.37946429
vt 0.08795363 0.37946429
vt 0.08795363 0.37946429
vt 0.08795363 0.35063304
vt 0.08795363 0.37013675
vt 0.08795363 0.34361305
vt 0.08795363 0.37946429
vt 0.08795363 0.37946429
vt 0.08795363 0.32132806
vt 0.08795363 0.32253649
vt 0.08795363 0.37946429
vt 0.08795363 0.31696429
vt 0.07897175 0.37449815
vt 0.07646549 0.31696429
vt 0.08795363 0.36747255
vt 0.07395894 0.31696429
vt 0.08795363 0.36044689
vt 0.07854989 0.31696429
vt 0.07232863 0.31696429
vt 0.07232863 0.31696429
vt 0.07854989 0.31696429
vt 0.07854989 0.33319415
vt 0.08795363 0.31696429
vt 0.08795363 0.33319415
vt 0.07395894 0.31696429
vt 0.07395894 0.33319415
vt 0.08795363 0.31696429
vt 0.08795363 0.33319415
vt 0.07646549 0.31696429
vt 0.07646549 0.33319415
vt 0.07897175 0.31696429
vt 0.07897175 0.33319415
vt 0.08795363 0.31696429
vt 0.08795363 0.33319415
vt 0.08795363 0.31696429
vt 0.08795363 0.33319415
vt 0.08795363 0.31696429
vt 0.08795363 0.33319415
vt 0.08795363 0.31696429
vt 0.08795363 0.33204742
vt 0.08795363 0.37946429
vt 0.08795363 0.34054448
vt 0.08795363 0.31696429
vt 0.08795363 0.35980930
vt 0.08795363 0.37449815
vt 0.08795363 0.31696429
vt 0.08795363 0.31696429
vt 0.08795363 0.36747255
vt 0.08795363 0.36747255
vt 0.08795363 0.31696429
vt 0.07897175 0.31696429
vt 0.07897175 0.36044689
vt 0.07646549 0.36044689
vt 0.07646549 0.31696429
vt 0.08795363 0.31696429
vt 0.08795363 0.37894167
vt 0.08795363 0.36747255
vt 0.08795363 0.31696429
vt 0.08795363 0.36044689
vt 0.07897175 0.31696429
vt 0.08795363 0.31696429
vt 0.08795363 0.37946429
vt 0.08795363 0.36044689
vt 0.08795363 0.31696429
vt 0.08795363 0.31696429
vt 0.08795363 0.37897916
vt 0.08795363 0.35150890
vt 0.08795363 0.31696429
vt 0.08795363 0.37123791
vt 0.08795363 0.34995003
vt 0.08795363 0.37946429
vt 0.08795363 0.37946429
vt 0.08795363 0.33852428
vt 0.08795363 0.33852428
vt 0.08795363 0.31696429
vt 0.08795363 0.31696429
vt 0.08505142 0.31696429
vt 0.08795363 0.33852428
vt 0.08795363 0.37946429
vt 0.08795363 0.37946429
vt 0.08795363 0.34995003
vt 0.08795363 0.34995003
vt 0.08795363 0.31696429
vt 0.08795363 0.31696429
vt 0.08795363 0.37897916
vt 0.08795363 0.37897916
vt 0.08795363 0.31696429
vt 0.08795363 0.31696429
vt 0.08795363 0.31696429
vt 0.08795363 0.31696429
vt 0.08795363 0.31696429
vt 0.08060551 0.31696429
vt 0.07897175 0.31696429
vt 0.07646549 0.31696429
vt 0.07897175 0.33852428
vt 0.07646549 0.33852428
vt 0.07897175 0.37946429
vt 0.07646549 0.37946429
vt 0.07897175 0.34995003
vt 0.07646549 0.34995003
vt 0.07897175 0.31696429
vt 0.07646549 0.31696429
vt 0.07897175 0.37897916
vt 0.07646549 0.37897916
vt 0.07615954 0.31696429
vt 0.08487737 0.34583979
vt 0.08795363 0.37946429
vt 0.08795363 0.37946429
vt 0.08795363 0.34995003
vt 0.07350800 0.35251266
vt 0.07395894 0.31696429
vt 0.08795363 0.31696429
vt 0.08795363 0.37897916
vt 0.08536050 0.31696429
vt 0.07232863 0.37754955
vt 0.07395894 0.37897916
vt 0.08795363 0.37897916
vt 0.08303800 0.33471303
vt 0.08795363 0.37946429
vt 0.07232863 0.31696429
vt 0.07232863 0.31696429
vt 0.07980019 0.31696429
vt 0.08522487 0.36747255
vt 0.08795363 0.34395118
vt 0.07232863 0.36747255
vt 0.07668144 0.37332805
vt 0.08520237 0.31696429
vt 0.08795363 0.37946429
vt 0.07232863 0.31696429
vt 0.07666344 0.31696429
vt 0.07232863 0.37449815
vt 0.07666344 0.37449815
vt 0.07232863 0.31696429
vt 0.07666344 0.31696429
vt 0.07232863 0.37946429
vt 0.07666344 0.37946429
vt 0.07232863 0.32253649
vt 0.07666344 0.32253649
vt 0.07232863 0.37946429
vt 0.07666344 0.37946429
vt 0.07232863 0.32956173
vt 0.07666344 0.32956173
vt 0.07232863 0.37946429
vt 0.08312726 0.31696429
vt 0.08234120 0.31696429
vt 0.08234120 0.37449815
vt 0.08234120 0.31696429
vt 0.08234120 0.37946429
vt 0.08234120 0.32253649
vt 0.08234120 0.37946429
vt 0.08795363 0.31696429
vt 0.07477400 0.31696429
vt 0.07232863 0.37449815
vt 0.07518831 0.37449815
vt 0.07232863 0.31696429
vt 0.07605906 0.37946429
vt 0.07925791 0.31696429
vt 0.07925791 0.37449815
vt 0.07925791 0.31696429
vt 0.07925791 0.37946429
vt 0.07925791 0.32253649
vt 0.07925791 0.37946429
vt 0.07925791 0.32956173
vt 0.07925791 0.37946429
vt 0.07925791 0.33658804
vt 0.07925791 0.37946429
vt 0.07925791 0.34361305
vt 0.08711016 0.37655129
vt 0.08632182 0.31696429
vt 0.08632182 0.37449815
vt 0.08632182 0.31696429
vt 0.08632182 0.37946429
vt 0.08632182 0.32253649
vt 0.08632182 0.37946429
vt 0.08632182 0.32956173
vt 0.08632182 0.37946429
vt 0.08632182 0.33658804
vt 0.08632182 0.37946429
vt 0.08795363 0.36747255
vt 0.07232863 0.33955516
vt 0.07232863 0.36747255
vt 0.07903591 0.31696429
vt 0.07903591 0.36747255
vt 0.08748597 0.31696429
vt 0.08748597 0.36747255
vt 0.07232863 0.31696429
vt 0.07232863 0.36747255
vt 0.07488826 0.31696429
vt 0.07488826 0.36747255
vt 0.08509045 0.31696429
vt 0.08509045 0.36747255
vt 0.07232863 0.31696429
vt 0.07232863 0.36747255
vt 0.07637401 0.31696429
vt 0.07637401 0.36747255
vt 0.08764078 0.31696429
vt 0.08764078 0.36747255
vt 0.07232863 0.31696429
vt 0.08019357 0.31696429
vt 0.08795363 0.35379501
vt 0.07232863 0.36044689
vt 0.07488826 0.36044689
vt 0.08509045 0.36044689
vt 0.07232863 0.36044689
vt 0.07637401 0.36044689
vt 0.08764078 0.36044689
vt 0.07232863 0.36044689
vt 0.07799281 0.36044689
vt 0.07488826 0.31696429
vt 0.07528942 0.37946429
vt 0.08509045 0.31696429
vt 0.08795363 0.31696429
vt 0.07232863 0.31696429
vt 0.07232863 0.31696429
vt 0.07637401 0.33319415
vt 0.07637401 0.37897916
vt 0.08764078 0.37897916
vt 0.08199673 0.31696429
vt 0.08764078 0.31696429
vt 0.08795363 0.33012079
vt 0.07232863 0.34995003
vt 0.07650659 0.37946429
vt 0.07407803 0.34995003
vt 0.07407803 0.31696429
vt 0.07407803 0.37897916
vt 0.07232863 0.34995003
vt 0.07232863 0.31696429
vt 0.07232863 0.37897916
vt 0.07232863 0.33319415
vt 0.07232863 0.34995003
vt 0.07232863 0.31696429
vt 0.07232863 0.37897916
vt 0.07232863 0.33319415
vt 0.07232863 0.31696429
vt 0.08795363 0.34995003
vt 0.08795363 0.31696429
vt 0.08795363 0.37897916
vt 0.08795363 0.33319415
vt 0.08795363 0.31696429
vt 0.08795363 0.31696429
vt 0.07799281 0.34995003
vt 0.07799281 0.31696429
vt 0.07799281 0.37897916
vt 0.07799281 0.33319415
vt 0.07799281 0.31696429
vt 0.07799281 0.31696429
vt 0.07232863 0.31696429
vt 0.07232863 0.37897916
vt 0.07232863 0.33319415
vt 0.07232863 0.31696429
vt 0.07232863 0.31696429
vt 0.08764078 0.33319415
vt 0.07637401 0.31696429
vt 0.07232863 0.31696429
vt 0.08764078 0.31696429
vt 0.08764078 0.31696429
vt 0.07637401 0.31696429
vt 0.07407803 0.36044689
vt 0.07232863 0.31696429
vt 0.07232863 0.31696429
vt 0.08795363 0.31696429
vt 0.07637401 0.31696429
vt 0.07232863 0.31696429
vt 0.08509045 0.31696429
vt 0.07488826 0.31696429
vt 0.07232863 0.31696429
vt 0.08748597 0.31696429
vt 0.07903591 0.31696429
vt 0.07232863 0.31696429
vt 0.08795363 0.31696429
vt 0.07232863 0.37449815
vt 0.08509045 0.37449815
vt 0.07488826 0.37449815
vt 0.07232863 0.37449815
vt 0.08748597 0.37449815
vt 0.07903591 0.37449815
vt 0.07232863 0.37449815
vt 0.08795363 0.37449815
vt 0.08509045 0.31696429
vt 0.07488826 0.31696429
vt 0.07488826 0.37946429
vt 0.07232863 0.31696429
vt 0.07232863 0.37946429
vt 0.07232863 0.32253649
vt 0.08748597 0.31696429
vt 0.08748597 0.37946429
vt 0.08748597 0.32253649
vt 0.08748597 0.37946429
vt 0.07903591 0.31696429
vt 0.07903591 0.37946429
vt 0.07903591 0.32253649
vt 0.07903591 0.37946429
vt 0.07903591 0.32956173
vt 0.07232863 0.31696429
vt 0.07232863 0.37946429
vt 0.07232863 0.32253649
vt 0.07232863 0.37946429
vt 0.07232863 0.32956173
vt 0.07232863 0.37946429
vt 0.08795363 0.31696429
vt 0.08795363 0.37946429
vt 0.08795363 0.32253649
vt 0.08795363 0.37946429
vt 0.08795363 0.32956173
vt 0.08795363 0.37946429
vt 0.08795363 0.33658804
vt 0.08795363 0.31696429
vt 0.08795363 0.37946429
vt 0.08795363 0.32253649
vt 0.08795363 0.37946429
vt 0.08795363 0.32956173
vt 0.08795363 0.37946429
vt 0.08795363 0.33658804
vt 0.08795363 0.37946429
vt 0.08795363 0.34361305
vt 0.08795363 0.31696429
vt 0.08795363 0.37449815
vt 0.08795363 0.37449815
vt 0.08795363 0.31696429
vt 0.08795363 0.37946429
vt 0.08795363 0.37946429
vt 0.08795363 0.32253649
vt 0.08520237 0.31696429
vt 0.08520237 0.37449815
vt 0.07232863 0.31696429
vt 0.07232863 0.37449815
vt 0.07232863 0.31696429
vt 0.08522487 0.31696429
vt 0.07232863 0.31696429
vt 0.07232863 0.36747255
vt 0.08520237 0.37946429
vt 0.08520237 0.32253649
vt 0.08520237 0.37946429
vt 0.08520237 0.32956173
vt 0.08520237 0.37946429
vt 0.08520237 0.33658804
vt 0.08522487 0.31696429
vt 0.08522487 0.37449815
vt 0.07232863 0.37946429
vt 0.07232863 0.32253649
vt 0.07232863 0.37946429
vt 0.07232863 0.32956173
vt 0.07232863 0.37946429
vt 0.07232863 0.33658804
vt 0.07232863 0.37946429
vt 0.07232863 0.31696429
vt 0.07232863 0.37449815
vt 0.08522487 0.37946429
vt 0.08522487 0.32253649
vt 0.08522487 0.37946429
vt 0.08522487 0.32956173
vt 0.08522487 0.37946429
vt 0.08522487 0.33658804
vt 0.08522487 0.37946429
vt 0.08522487 0.34361305
vt 0.07232863 0.37946429
vt 0.07232863 0.32253649
vt 0.07232863 0.37946429
vt 0.07232863 0.32956173
vt 0.07232863 0.37946429
vt 0.07232863 0.33658804
vt 0.07232863 0.37946429
vt 0.07232863 0.34361305
vt 0.08314049 0.31696429
vt 0.08314049 0.37449815
vt 0.08314049 0.31696429
vt 0.08314049 0.36747255
vt 0.08314049 0.31696429
vt 0.08314049 0.36044689
vt 0.07232863 0.31696429
vt 0.07232863 0.37449815
vt 0.07232863 0.31696429
vt 0.07232863 0.36747255
vt 0.07232863 0.31696429
vt 0.08314049 0.37946429
vt 0.08314049 0.32253649
vt 0.08314049 0.37946429
vt 0.08314049 0.32956173
vt 0.07854989 0.31696429
vt 0.07854989 0.37449815
vt 0.07854989 0.31696429
vt 0.07854989 0.36747255
vt 0.07232863 0.37946429
vt 0.07232863 0.32253649
vt 0.07232863 0.37946429
vt 0.07232863 0.32956173
vt 0.08795363 0.31696429
vt 0.08795363 0.37449815
vt 0.08795363 0.31696429
vt 0.07854989 0.37946429
vt 0.07854989 0.32253649
vt 0.07854989 0.37946429
vt 0.07854989 0.32956173
vt 0.07395894 0.31696429
vt 0.07395894 0.37449815
vt 0.08795363 0.37946429
vt 0.08795363 0.32253649
vt 0.08795363 0.37946429
vt 0.08795363 0.32956173
vt 0.08795363 0.31696429
vt 0.07395894 0.37946429
vt 0.07395894 0.32253649
vt 0.07395894 0.37946429
vt 0.07395894 0.32956173
vt 0.07646549 0.37946429
vt 0.07897175 0.32253649
vt 0.08795363 0.37946429
vt 0.08795363 0.32956173
vt 0.08795363 0.37946429
vt 0.08795363 0.32253649
vt 0.08795363 0.37946429
vt 0.08795363 0.32956173
vt 0.08795363 0.31696429
vt 0.08795363 0.37449815
vt 0.08795363 0.37449815
vt 0.08795363 0.31696429
vt 0.07897175 0.31696429
vt 0.07646549 0.36747255
vt 0.08795363 0.31696429
vt 0.07395894 0.36044689
vt 0.08795363 0.31696429
vt 0.07646549 0.32253649
vt 0.07897175 0.37946429
vt 0.08795363 0.32956173
vt 0.07646549 0.37946429
vt 0.07646549 0.32956173
vt 0.07897175 0.32956173
vt 0.07232863 0.37946429
vt 0.07232863 0.33658804
vt 0.08795363 0.33658804
vt 0.08795363 0.37946429
vt 0.08234120 0.34361305
vt 0.07666344 0.37946429
vt 0.07232863 0.37946429
vt 0.07232863 0.34361305
vt 0.07232863 0.37946429
vt 0.08795363 0.34361305
vt 0.07799281 0.37946429
vt 0.07232863 0.37946429
vt 0.08764078 0.37946429
vt 0.08764078 0.34361305
vt 0.07637401 0.37946429
vt 0.07637401 0.34361305
vt 0.07232863 0.37946429
vt 0.07232863 0.34361305
vt 0.07232863 0.37946429
vt 0.08509045 0.37946429
vt 0.08509045 0.34361305
vt 0.08509045 0.37946429
vt 0.07488826 0.34361305
vt 0.07232863 0.37946429
vt 0.08748597 0.37946429
vt 0.07903591 0.34361305
vt 0.08795363 0.37946429
vt 0.08795363 0.34361305
vt 0.07854989 0.37946429
vt 0.08795363 0.34361305
vt 0.07897175 0.37946429
vt 0.08795363 0.37946429
vt 0.08795363 0.34361305
vt 0.08795363 0.37946429
vt 0.08795363 0.34361305
vt 0.08795363 0.37946429
vt 0.07488826 0.37946429
vt 0.07232863 0.37946429
vt 0.07897175 0.36747255
vt 0.07646549 0.31696429
vt 0.08795363 0.36044689
vt 0.07395894 0.31696429
vt 0.08795363 0.36044689
vt 0.08795363 0.31696429
vt 0.08795363 0.31696429
vt 0.08795363 0.37014427
vt 0.08795363 0.35063304
vt 0.08795363 0.37946429
vt 0.08795363 0.35063304
vt 0.08376518 0.35063304
vt 0.08094832 0.35063304
vt 0.08795363 0.37946429
vt 0.08795363 0.37946429
vt 0.08795363 0.31720306
vt 0.08795363 0.37946429
vt 0.08795363 0.36298932
vt 0.08795363 0.37946429
vt 0.08795363 0.37946429
vt 0.08795363 0.32955934
vt 0.08795363 0.32955934
vt 0.08795363 0.37534394
vt 0.08795363 0.37534394
vt 0.08795363 0.31696429
vt 0.08795363 0.31696429
vt 0.08795363 0.34191407
vt 0.08795363 0.34191407
vt 0.08795363 0.37946429
vt 0.08795363 0.37946429
vt 0.08795363 0.31696429
vt 0.08795363 0.31696429
vt 0.08795363 0.35426904
vt 0.08795363 0.35426904
vt 0.08795363 0.37946429
vt 0.08795363 0.37946429
vt 0.08795363 0.32083906
vt 0.08795363 0.32083906
vt 0.08795363 0.36662401
vt 0.08795363 0.36662401
vt 0.08795363 0.31696429
vt 0.08795363 0.31696429
vt 0.08795363 0.33319415
vt 0.08795363 0.33319415
vt 0.08795363 0.37946429
vt 0.08795363 0.37946429
vt 0.08795363 0.31696429
vt 0.08795363 0.31696429
vt 0.08795363 0.35215041
vt 0.08795363 0.35215041
vt 0.08795363 0.37946429
vt 0.08795363 0.37946429
vt 0.08795363 0.33852428
vt 0.08795363 0.33852428
vt 0.07232863 0.31696429
vt 0.08795363 0.31696429
vt 0.07311925 0.31696429
vt 0.07311925 0.33852428
vt 0.07562551 0.33852428
vt 0.07562551 0.37946429
vt 0.08795363 0.37946429
vt 0.08795363 0.35215041
vt 0.08371613 0.31972803
vt 0.07427269 0.37946429
vt 0.07813177 0.31696429
vt 0.08795363 0.31776329
vt 0.07813177 0.37946429
vt 0.08795363 0.37946429
vt 0.08795363 0.33319415
vt 0.07354081 0.33319415
vt 0.07354081 0.31696429
vt 0.08764300 0.37946429
vt 0.08687020 0.31696429
vt 0.07232863 0.36662401
vt 0.08687020 0.36662401
vt 0.07232863 0.32083906
vt 0.08687020 0.32083906
vt 0.07232863 0.37946429
vt 0.08687020 0.37946429
vt 0.07232863 0.35426904
vt 0.08687020 0.35426904
vt 0.08687020 0.31696429
vt 0.07354081 0.31696429
vt 0.08687020 0.37946429
vt 0.07354081 0.37946429
vt 0.08687020 0.34191407
vt 0.07354081 0.34191407
vt 0.08687020 0.31696429
vt 0.07354081 0.31696429
vt 0.08687020 0.37534394
vt 0.07354081 0.37534394
vt 0.08687020 0.32955934
vt 0.07354081 0.32955934
vt 0.07354081 0.37946429
vt 0.08795363 0.37946429
vt 0.08795363 0.36298932
vt 0.07813177 0.36298932
vt 0.08795363 0.31720306
vt 0.07813177 0.31720306
vt 0.08795363 0.37946429
vt 0.07813177 0.37946429
vt 0.07813177 0.35063304
vt 0.08795363 0.37946429
vt 0.07562551 0.37946429
vt 0.07562551 0.31720306
vt 0.07311925 0.31720306
vt 0.07311925 0.36298932
vt 0.08795363 0.36298932
vt 0.08795363 0.37946429
vt 0.08795363 0.37946429
vt 0.08795363 0.32955934
vt 0.07311925 0.37946429
vt 0.07531488 0.35063304
vt 0.07249832 0.35063304
vt 0.07354081 0.37946429
vt 0.08687020 0.37946429
vt 0.07354081 0.31720306
vt 0.08687020 0.31720306
vt 0.07354081 0.36298932
vt 0.08687020 0.36298932
vt 0.08687020 0.37946429
vt 0.07232863 0.37946429
vt 0.07232863 0.32955934
vt 0.08494082 0.32955934
vt 0.07232863 0.37534394
vt 0.08494082 0.37534394
vt 0.07232863 0.31696429
vt 0.08494082 0.31696429
vt 0.07232863 0.34191407
vt 0.08494082 0.34191407
vt 0.07232863 0.37946429
vt 0.08494082 0.37946429
vt 0.07232863 0.31696429
vt 0.08494082 0.31696429
vt 0.08494082 0.35426904
vt 0.07232863 0.35426904
vt 0.08494082 0.37946429
vt 0.07232863 0.37946429
vt 0.08494082 0.32083906
vt 0.07756582 0.31959166
vt 0.08795363 0.37946429
vt 0.07232863 0.35063304
vt 0.07232863 0.37946429
vt 0.07232863 0.31720306
vt 0.07232863 0.36298932
vt 0.08494082 0.37946429
vt 0.07232863 0.32955934
vt 0.07232863 0.37534394
vt 0.07232863 0.31696429
vt 0.07232863 0.34191407
vt 0.07232863 0.37946429
vt 0.07232863 0.31696429
vt 0.08389831 0.35426904
vt 0.08479607 0.37946429
vt 0.07232863 0.36300506
vt 0.07232863 0.35063304
vt 0.08389831 0.37946429
vt 0.07232863 0.37946429
vt 0.08494082 0.37946429
vt 0.08494082 0.31720306
vt 0.08795363 0.35063304
vt 0.08250109 0.37946429
vt 0.07232863 0.37946429
vt 0.08389831 0.31720306
vt 0.07232863 0.31720306
vt 0.07232863 0.36298932
vt 0.08494082 0.36298932
vt 0.07232863 0.37946429
vt 0.08795363 0.35063304
vt 0.07542607 0.37946429
vt 0.08678162 0.37946429
vt 0.07232863 0.37946429
vt 0.07232863 0.31720306
vt 0.08250109 0.31720306
vt 0.08250109 0.36298932
vt 0.07232863 0.36298932
vt 0.07232863 0.37946429
vt 0.08389831 0.36298932
vt 0.08389831 0.37946429
vt 0.08795363 0.35063304
vt 0.07690101 0.37946429
vt 0.08396495 0.37946429
vt 0.08795363 0.37946429
vt 0.08795363 0.31720306
vt 0.08795363 0.31720306
vt 0.08795363 0.36298932
vt 0.07232863 0.36298932
vt 0.07232863 0.37946429
vt 0.07542607 0.37946429
vt 0.07232863 0.32955934
vt 0.07542607 0.32955934
vt 0.07542607 0.37534394
vt 0.08678162 0.37534394
vt 0.08678162 0.31696429
vt 0.07232863 0.31696429
vt 0.07232863 0.34191407
vt 0.08250109 0.34191407
vt 0.08250109 0.37946429
vt 0.07232863 0.37946429
vt 0.07232863 0.31696429
vt 0.08389831 0.31696429
vt 0.07232863 0.35426904
vt 0.07473520 0.31696429
vt 0.08684826 0.35063304
vt 0.08695913 0.37946429
vt 0.08795363 0.37946429
vt 0.07232863 0.37946429
vt 0.07232863 0.31720306
vt 0.07690101 0.31720306
vt 0.07690101 0.36298932
vt 0.08396495 0.36298932
vt 0.08396495 0.37946429
vt 0.08795363 0.37946429
vt 0.08396495 0.32955934
vt 0.08795363 0.32955934
vt 0.08795363 0.37534394
vt 0.08795363 0.37534394
vt 0.08795363 0.31696429
vt 0.07232863 0.31696429
vt 0.07232863 0.34191407
vt 0.07542607 0.34191407
vt 0.07542607 0.37946429
vt 0.08678162 0.37946429
vt 0.08678162 0.31696429
vt 0.07232863 0.31696429
vt 0.08672764 0.37946429
vt 0.07232863 0.37946429
vt 0.08403157 0.35063304
vt 0.08795363 0.37946429
vt 0.07232863 0.37946429
vt 0.07283122 0.37946429
vt 0.07283122 0.31720306
vt 0.07989516 0.31720306
vt 0.07989516 0.36298932
vt 0.08695913 0.36298932
vt 0.08695913 0.37946429
vt 0.08795363 0.37946429
vt 0.08695913 0.32955934
vt 0.08795363 0.32955934
vt 0.08795363 0.37534394
vt 0.07232863 0.37534394
vt 0.07232863 0.31696429
vt 0.07690101 0.31696429
vt 0.07690101 0.34191407
vt 0.08396495 0.34191407
vt 0.08396495 0.37946429
vt 0.08795363 0.37946429
vt 0.08795363 0.31696429
vt 0.08795363 0.31696429
vt 0.07332897 0.31696429
vt 0.07232863 0.31696429
vt 0.07542607 0.31696429
vt 0.07232863 0.37946429
vt 0.08121491 0.35063304
vt 0.08740276 0.37946429
vt 0.07232863 0.37946429
vt 0.07305303 0.37946429
vt 0.07305303 0.31720306
vt 0.08150315 0.31720306
vt 0.08150315 0.36298932
vt 0.08795363 0.36298932
vt 0.08795363 0.37946429
vt 0.07232863 0.37946429
vt 0.08795363 0.32955934
vt 0.07232863 0.32955934
vt 0.07232863 0.37534394
vt 0.07283122 0.37534394
vt 0.07283122 0.31696429
vt 0.07989516 0.31696429
vt 0.07989516 0.34191407
vt 0.08695913 0.34191407
vt 0.08695913 0.37946429
vt 0.08795363 0.37946429
vt 0.08795363 0.31696429
vt 0.07232863 0.37946429
vt 0.07963954 0.31696429
vt 0.07690101 0.37946429
vt 0.07558153 0.35063304
vt 0.08698138 0.37946429
vt 0.07232863 0.37946429
vt 0.07720050 0.37946429
vt 0.07720050 0.31720306
vt 0.08740276 0.31720306
vt 0.08740276 0.36298932
vt 0.07232863 0.36298932
vt 0.07232863 0.37946429
vt 0.07305303 0.37946429
vt 0.07232863 0.32955934
vt 0.07305303 0.32955934
vt 0.07305303 0.37534394
vt 0.08150315 0.37534394
vt 0.08150315 0.31696429
vt 0.08795363 0.31696429
vt 0.08795363 0.34191407
vt 0.07232863 0.34191407
vt 0.07232863 0.37946429
vt 0.07283122 0.37946429
vt 0.07283122 0.31696429
vt 0.07989516 0.31696429
vt 0.07563138 0.37946429
vt 0.08723247 0.31696429
vt 0.07232863 0.35063304
vt 0.07558153 0.37946429
vt 0.07801013 0.37946429
vt 0.08043869 0.37946429
vt 0.08043869 0.31720306
vt 0.08529585 0.31720306
vt 0.08529585 0.36298932
vt 0.08795363 0.36298932
vt 0.08529585 0.37946429
vt 0.08795363 0.37946429
vt 0.08529585 0.32955934
vt 0.08795363 0.32955934
vt 0.08795363 0.37534394
vt 0.07409553 0.37534394
vt 0.07409553 0.31696429
vt 0.08443085 0.31696429
vt 0.08443085 0.34191407
vt 0.08795363 0.34191407
vt 0.08795363 0.37946429
vt 0.07571454 0.37946429
vt 0.07571454 0.31696429
vt 0.08698138 0.31696429
vt 0.08698138 0.35426904
vt 0.07232863 0.35426904
vt 0.07232863 0.37946429
vt 0.07720050 0.37946429
vt 0.07720050 0.32083906
vt 0.08740276 0.37946429
vt 0.08795363 0.36219843
vt 0.07232863 0.37946429
vt 0.08378360 0.33740618
vt 0.07305303 0.35426904
vt 0.08150315 0.35426904
vt 0.07305303 0.31696429
vt 0.08150315 0.31696429
vt 0.07305303 0.37946429
vt 0.08150315 0.37946429
vt 0.07305303 0.34191407
vt 0.08150315 0.34191407
vt 0.07305303 0.31696429
vt 0.07232863 0.35063304
vt 0.07232863 0.36443307
vt 0.07558153 0.31720306
vt 0.07232863 0.37946429
vt 0.07558153 0.36298932
vt 0.07232863 0.37946429
vt 0.07558153 0.37946429
vt 0.07558153 0.32955934
vt 0.07801013 0.37946429
vt 0.07801013 0.32955934
vt 0.08043869 0.37946429
vt 0.08043869 0.32955934
vt 0.07280628 0.31696429
vt 0.07322316 0.31696429
vt 0.07558153 0.37534394
vt 0.07801013 0.37534394
vt 0.08043869 0.37534394
vt 0.08529585 0.37534394
vt 0.07351738 0.33621527
vt 0.07558153 0.31696429
vt 0.07801013 0.31696429
vt 0.08043869 0.31696429
vt 0.08529585 0.31696429
vt 0.08795363 0.31696429
vt 0.07374097 0.35666730
vt 0.07558153 0.37946429
vt 0.07801013 0.37946429
vt 0.07558153 0.34191407
vt 0.07801013 0.34191407
vt 0.07392210 0.37686803
vt 0.07558153 0.31696429
vt 0.07801013 0.31696429
vt 0.08043869 0.31696429
vt 0.08043869 0.35426904
vt 0.08529585 0.35426904
vt 0.08529585 0.37946429
vt 0.08795363 0.37946429
vt 0.08795363 0.32083906
vt 0.07409553 0.32083906
vt 0.07409553 0.36662401
vt 0.08443085 0.36662401
vt 0.08443085 0.31696429
vt 0.08795363 0.31696429
vt 0.08795363 0.33319415
vt 0.07571454 0.33319415
vt 0.07571454 0.37946429
vt 0.07763779 0.37946429
vt 0.07232863 0.33501955
vt 0.08795363 0.37946429
vt 0.08795363 0.31696429
vt 0.08443085 0.37946429
vt 0.08443085 0.31696429
vt 0.07409553 0.37946429
vt 0.07409553 0.31696429
vt 0.08795363 0.37946429
vt 0.08795363 0.31696429
vt 0.08529585 0.37946429
vt 0.08529585 0.31696429
vt 0.08043869 0.37946429
vt 0.08043869 0.31696429
vt 0.07801013 0.37946429
vt 0.07801013 0.31696429
vt 0.07558153 0.37946429
vt 0.07558153 0.31696429
vt 0.07451878 0.35191505
vt 0.07459532 0.37170416
vt 0.07407557 0.37946429
vt 0.07558153 0.35426904
vt 0.07801013 0.35426904
vt 0.07420869 0.31696429
vt 0.07558153 0.32083906
vt 0.07801013 0.32083906
vt 0.07558153 0.37946429
vt 0.07801013 0.37946429
vt 0.07432585 0.31696429
vt 0.07558153 0.36662401
vt 0.07801013 0.36662401
vt 0.07442885 0.33226054
vt 0.07558153 0.31696429
vt 0.07801013 0.31696429
vt 0.07558153 0.33319415
vt 0.07801013 0.33319415
vt 0.08043869 0.33319415
vt 0.08043869 0.31696429
vt 0.08529585 0.33319415
vt 0.08529585 0.31696429
vt 0.08795363 0.33319415
vt 0.08795363 0.31696429
vt 0.07409553 0.33319415
vt 0.07409553 0.31696429
vt 0.08443085 0.33319415
vt 0.07558153 0.35215041
vt 0.07465685 0.37946429
vt 0.07558153 0.37946429
vt 0.07558153 0.33852428
vt 0.07801013 0.33852428
vt 0.07801013 0.31696429
vt 0.08043869 0.31696429
vt 0.07983988 0.31696429
vt 0.08409822 0.31696429
vt 0.07469132 0.31696429
vt 0.07558153 0.31696429
vt 0.07771069 0.31696429
vt 0.08529585 0.31696429
vt 0.08795363 0.31696429
vt 0.08795363 0.31696429
vt 0.08795363 0.31696429
vt 0.07409553 0.31696429
vt 0.08337088 0.31696429
vt 0.08443085 0.31696429
vt 0.08745904 0.36729441
vt 0.08443085 0.33852428
vt 0.08443085 0.37946429
vt 0.07409553 0.37946429
vt 0.07409553 0.35215041
vt 0.08795363 0.35215041
vt 0.08795363 0.34258953
vt 0.08443085 0.35215041
vt 0.07232863 0.37946429
vt 0.08455432 0.34248655
vt 0.08698138 0.31696429
vt 0.07571454 0.31696429
vt 0.07571454 0.36662401
vt 0.08795363 0.36662401
vt 0.08795363 0.32083906
vt 0.08443085 0.32083906
vt 0.08443085 0.37946429
vt 0.07409553 0.37946429
vt 0.07409553 0.35426904
vt 0.08795363 0.35426904
vt 0.08795363 0.31696429
vt 0.08529585 0.31696429
vt 0.08529585 0.37946429
vt 0.08043869 0.37946429
vt 0.08043869 0.34191407
vt 0.08795363 0.31696429
vt 0.07232863 0.36662401
vt 0.08698138 0.36662401
vt 0.08698138 0.32083906
vt 0.07571454 0.32083906
vt 0.07571454 0.37946429
vt 0.08795363 0.37946429
vt 0.08795363 0.35426904
vt 0.08443085 0.35426904
vt 0.08443085 0.31696429
vt 0.07409553 0.31696429
vt 0.07409553 0.37946429
vt 0.08795363 0.37946429
vt 0.08795363 0.34191407
vt 0.08529585 0.34191407
vt 0.07232863 0.35838892
vt 0.07232863 0.32083906
vt 0.08698138 0.37946429
vt 0.07571454 0.35426904
vt 0.08795363 0.31696429
vt 0.08443085 0.37946429
vt 0.07409553 0.34191407
vt 0.08795363 0.37405439
vt 0.08795363 0.31696429
vt 0.07232863 0.31696429
vt 0.07232863 0.31696429
vt 0.08695913 0.31696429
vt 0.07989516 0.37946429
vt 0.07283122 0.34191407
vt 0.07232863 0.31696429
vt 0.08795363 0.37534394
vt 0.08150315 0.32955934
vt 0.08150315 0.37946429
vt 0.07305303 0.36298932
vt 0.07232863 0.31720306
vt 0.08250109 0.31696429
vt 0.08730707 0.34830006
vt 0.07232863 0.32921253
vt 0.08322332 0.37946429
vt 0.08795363 0.37946429
vt 0.07232863 0.33551116
vt 0.07562551 0.31696429
vt 0.07232863 0.31696429
vt 0.07593143 0.31696429
vt 0.08795363 0.31696429
vt 0.08795363 0.31696429
vt 0.08795363 0.33852428
vt 0.08795363 0.37946429
vt 0.08795363 0.35215041
vt 0.08795363 0.31696429
vt 0.08795363 0.37946429
vt 0.08795363 0.33319415
vt 0.08795363 0.31696429
vt 0.08795363 0.36662401
vt 0.08795363 0.32083906
vt 0.08795363 0.37946429
vt 0.08795363 0.35426904
vt 0.08795363 0.37897004
vt 0.08795363 0.35983481
vt 0.08795363 0.31696429
vt 0.08795363 0.31696429
vt 0.08795363 0.31696429
vt 0.08795363 0.31696429
vt 0.08795363 0.37946429
vt 0.08795363 0.37124166
vt 0.08795363 0.35151904
vt 0.08795363 0.33206578
vt 0.08795363 0.31696429
vt 0.08795363 0.31696429
vt 0.08795363 0.37946429
vt 0.08795363 0.34056963
vt 0.08795363 0.32135453
vt 0.08795363 0.31696429
vt 0.07801013 0.31720306
vt 0.07801013 0.36298932
vt 0.08529585 0.37946429
vt 0.08795363 0.37946429
vt 0.07409553 0.37946429
vt 0.07409553 0.31720306
vt 0.08443085 0.31720306
vt 0.08443085 0.36298932
vt 0.08795363 0.36298932
vt 0.08443085 0.37946429
vt 0.08795363 0.37946429
vt 0.08443085 0.32955934
vt 0.08795363 0.32955934
vt 0.08795363 0.37534394
vt 0.07571454 0.37534394
vt 0.07571454 0.31696429
vt 0.08698138 0.31696429
vt 0.08698138 0.34191407
vt 0.07232863 0.34191407
vt 0.07232863 0.37946429
vt 0.07720050 0.37946429
vt 0.07720050 0.31696429
vt 0.08740276 0.31696429
vt 0.08740276 0.35426904
vt 0.07232863 0.35426904
vt 0.08795363 0.31720306
vt 0.08443085 0.37946429
vt 0.08795363 0.37946429
vt 0.07571454 0.37946429
vt 0.07571454 0.31720306
vt 0.08698138 0.31720306
vt 0.08698138 0.36298932
vt 0.07232863 0.36298932
vt 0.08698138 0.37946429
vt 0.07232863 0.37946429
vt 0.08698138 0.32955934
vt 0.07232863 0.32955934
vt 0.07232863 0.37534394
vt 0.07720050 0.37534394
vt 0.07720050 0.31696429
vt 0.08740276 0.31696429
vt 0.08740276 0.34191407
vt 0.07232863 0.34191407
vt 0.07232863 0.37946429
vt 0.08795363 0.31720306
vt 0.07232863 0.31720306
vt 0.08150315 0.37946429
vt 0.08795363 0.31720306
vt 0.07232863 0.31720306
vt 0.07232863 0.36298932
vt 0.07989516 0.37946429
vt 0.08695913 0.31720306
vt 0.08795363 0.31720306
vt 0.08795363 0.36298932
vt 0.08396495 0.31720306
vt 0.08795363 0.37946429
vt 0.07232863 0.37946429
vt 0.07542607 0.31720306
vt 0.08678162 0.31720306
vt 0.08678162 0.36298932
vt 0.07232863 0.36298932
vt 0.07232863 0.37946429
vt 0.08250109 0.37946429
vt 0.07232863 0.32955934
vt 0.08250109 0.32955934
vt 0.08250109 0.37534394
vt 0.07232863 0.37534394
vt 0.07232863 0.31696429
vt 0.08389831 0.31696429
vt 0.08389831 0.34191407
vt 0.07232863 0.31720306
vt 0.07232863 0.31720306
vt 0.08795363 0.31720306
vt 0.08795363 0.36298932
vt 0.07813177 0.37946429
vt 0.08795363 0.32955934
vt 0.08795363 0.37534394
vt 0.08795363 0.31696429
vt 0.08795363 0.34191407
vt 0.08795363 0.37946429
vt 0.08795363 0.31696429
vt 0.07354081 0.35426904
vt 0.07354081 0.37946429
vt 0.07354081 0.32083906
vt 0.07354081 0.36662401
vt 0.08795363 0.31720306
vt 0.08795363 0.31720306
vt 0.08043869 0.36298932
vt 0.07409553 0.36298932
vt 0.07571454 0.36298932
vt 0.07720050 0.36298932
vt 0.07283122 0.36298932
vt 0.07989516 0.37946429
vt 0.07989516 0.32955934
vt 0.08695913 0.37534394
vt 0.08795363 0.31696429
vt 0.07232863 0.34191407
vt 0.07232863 0.36298932
vt 0.07690101 0.37946429
vt 0.07690101 0.32955934
vt 0.08396495 0.37534394
vt 0.08795363 0.31696429
vt 0.08795363 0.34191407
vt 0.08795363 0.36298932
vt 0.07542607 0.36298932
vt 0.07562551 0.36298932
vt 0.07311925 0.37946429
vt 0.07311925 0.32955934
vt 0.08795363 0.37534394
vt 0.08795363 0.36298932
vt 0.07409553 0.37946429
vt 0.07571454 0.37946429
vt 0.07720050 0.37946429
vt 0.08740276 0.37946429
vt 0.07720050 0.32955934
vt 0.07283122 0.37946429
vt 0.07232863 0.37946429
vt 0.08795363 0.37946429
vt 0.08678162 0.37946429
vt 0.08795363 0.37946429
vt 0.07813177 0.32955934
vt 0.07813177 0.37534394
vt 0.07813177 0.31696429
vt 0.07813177 0.34191407
vt 0.07813177 0.37946429
vt 0.07813177 0.31696429
vt 0.08795363 0.35426904
vt 0.08795363 0.37946429
vt 0.08795363 0.32083906
vt 0.08795363 0.36662401
vt 0.08795363 0.31696429
vt 0.07562551 0.37946429
vt 0.07562551 0.32955934
vt 0.08795363 0.32955934
vt 0.07562551 0.37534394
vt 0.08795363 0.37534394
vt 0.07562551 0.31696429
vt 0.08795363 0.31696429
vt 0.07562551 0.34191407
vt 0.08795363 0.34191407
vt 0.07562551 0.37946429
vt 0.08795363 0.37946429
vt 0.07562551 0.31696429
vt 0.08795363 0.31696429
vt 0.08795363 0.35426904
vt 0.07813177 0.35426904
vt 0.08795363 0.37946429
vt 0.07813177 0.37946429
vt 0.08795363 0.32083906
vt 0.07813177 0.32083906
vt 0.08795363 0.36662401
vt 0.07813177 0.36662401
vt 0.08795363 0.31696429
vt 0.07813177 0.31696429
vt 0.08795363 0.33319415
vt 0.07813177 0.33319415
vt 0.08795363 0.37946429
vt 0.08795363 0.31696429
vt 0.08389831 0.32955934
vt 0.07232863 0.32955934
vt 0.08389831 0.37534394
vt 0.08678162 0.32955934
vt 0.08795363 0.32955934
vt 0.07232863 0.32955934
vt 0.07283122 0.32955934
vt 0.08740276 0.32955934
vt 0.08740276 0.37534394
vt 0.07571454 0.32955934
vt 0.07409553 0.32955934
vt 0.08443085 0.37534394
vt 0.08795363 0.31696429
vt 0.07571454 0.34191407
vt 0.08698138 0.37946429
vt 0.07232863 0.31696429
vt 0.07720050 0.35426904
vt 0.08698138 0.37534394
vt 0.07232863 0.31696429
vt 0.07720050 0.34191407
vt 0.08740276 0.37946429
vt 0.07232863 0.31696429
vt 0.07232863 0.37534394
vt 0.07989516 0.37534394
vt 0.08695913 0.31696429
vt 0.08795363 0.34191407
vt 0.07690101 0.37534394
vt 0.08396495 0.31696429
vt 0.08795363 0.34191407
vt 0.08795363 0.37946429
vt 0.07232863 0.37534394
vt 0.07542607 0.31696429
vt 0.08678162 0.34191407
vt 0.07232863 0.37946429
vt 0.07232863 0.37534394
vt 0.08250109 0.31696429
vt 0.07232863 0.34191407
vt 0.08389831 0.37946429
vt 0.07311925 0.37534394
vt 0.08795363 0.31696429
vt 0.07232863 0.31696429
vt 0.07311925 0.31696429
vt 0.07311925 0.34191407
vt 0.07311925 0.37946429
vt 0.08795363 0.34191407
vt 0.08795363 0.37946429
vt 0.07311925 0.31696429
vt 0.07562551 0.35426904
vt 0.07562551 0.37946429
vt 0.07562551 0.32083906
vt 0.07562551 0.36662401
vt 0.07562551 0.31696429
vt 0.07562551 0.33319415
vt 0.07562551 0.37946429
vt 0.07562551 0.31696429
vt 0.07562551 0.35215041
vt 0.08795363 0.37946429
vt 0.08795363 0.31696429
vt 0.07311925 0.35426904
vt 0.07311925 0.37946429
vt 0.07311925 0.32083906
vt 0.07311925 0.36662401
vt 0.07311925 0.31696429
vt 0.07311925 0.33319415
vt 0.07311925 0.37946429
vt 0.07311925 0.31696429
vt 0.07311925 0.35215041
vt 0.07311925 0.37946429
vt 0.08043869 0.37946429
vt 0.08043869 0.32083906
vt 0.08043869 0.36662401
vt 0.08529585 0.32083906
vt 0.08529585 0.36662401
vt 0.08795363 0.36662401
vt 0.07801013 0.35215041
vt 0.07801013 0.37946429
vt 0.08043869 0.35215041
vt 0.08043869 0.37946429
vt 0.08043869 0.33852428
vt 0.08529585 0.35215041
vt 0.08529585 0.37946429
vt 0.08529585 0.33852428
vt 0.08795363 0.37946429
vt 0.07409553 0.33852428
vt 0.08795363 0.33852428
vt 0.07851003 0.31696429
vt 0.07850225 0.31778053
vt 0.07232863 0.31696429
vt 0.07649535 0.34652679
vt 0.07232863 0.34656129
vt 0.07232863 0.37946429
vt 0.08795363 0.34660141
vt 0.08795363 0.37946429
vt 0.08700088 0.34663016
vt 0.08700088 0.37946429
vt 0.07778113 0.34667604
vt 0.07778113 0.37946429
vt 0.07232863 0.34673341
vt 0.07232863 0.37946429
vt 0.07676195 0.34683679
vt 0.07676195 0.37946429
vt 0.08795363 0.37283679
vt 0.08795363 0.37946429
vt 0.07232863 0.37946429
vt 0.07676195 0.32174815
vt 0.07232863 0.34511391
vt 0.07676195 0.37186367
vt 0.07232863 0.37946429
vt 0.07676195 0.31696429
vt 0.07425575 0.31696429
vt 0.07666238 0.33841415
vt 0.07232863 0.31696429
vt 0.07232863 0.34709491
vt 0.07778113 0.34709491
vt 0.07232863 0.37946429
vt 0.07778113 0.37946429
vt 0.07232863 0.32232617
vt 0.07778113 0.32232617
vt 0.07232863 0.37244179
vt 0.07778113 0.37244179
vt 0.07232863 0.31696429
vt 0.07778113 0.31696429
vt 0.07232863 0.34767302
vt 0.07778113 0.34767302
vt 0.07232863 0.37946429
vt 0.07778113 0.37946429
vt 0.07232863 0.32290419
vt 0.07778113 0.32290419
vt 0.07232863 0.37301977
vt 0.07778113 0.37301977
vt 0.07232863 0.31696429
vt 0.07778113 0.31696429
vt 0.07232863 0.34825106
vt 0.07778113 0.34825106
vt 0.07232863 0.31696429
vt 0.07778113 0.31696429
vt 0.07232863 0.35689189
vt 0.07778113 0.35689189
vt 0.07232863 0.37946429
vt 0.07778113 0.37946429
vt 0.07232863 0.32098605
vt 0.07778113 0.32098605
vt 0.07232863 0.36553289
vt 0.08795363 0.36553194
vt 0.08700088 0.32098605
vt 0.08795363 0.32098605
vt 0.08795363 0.37946429
vt 0.07232863 0.37946429
vt 0.07232863 0.35689189
vt 0.07649535 0.35689189
vt 0.07845301 0.31696429
vt 0.07847385 0.37946429
vt 0.07849351 0.34280766
vt 0.07848403 0.37117641
vt 0.07649535 0.37946429
vt 0.07847391 0.37946429
vt 0.07649535 0.32174815
vt 0.07845307 0.34766428
vt 0.07649535 0.37186367
vt 0.07843472 0.31696429
vt 0.07649535 0.31696429
vt 0.07649535 0.34709491
vt 0.07232863 0.34709491
vt 0.07232863 0.37946429
vt 0.08795363 0.37946429
vt 0.08795363 0.32232617
vt 0.08700088 0.32232617
vt 0.08700088 0.37244179
vt 0.07841969 0.36610942
vt 0.07649535 0.37946429
vt 0.07232863 0.32232617
vt 0.08795363 0.37244179
vt 0.08700088 0.31696429
vt 0.07840885 0.31696429
vt 0.07649535 0.32232617
vt 0.07232863 0.37244179
vt 0.08795363 0.31696429
vt 0.08700088 0.34767302
vt 0.07649535 0.37244179
vt 0.07840172 0.37946429
vt 0.07232863 0.31696429
vt 0.07649535 0.31696429
vt 0.07232863 0.34767302
vt 0.07649535 0.34767302
vt 0.07232863 0.37946429
vt 0.07649535 0.37946429
vt 0.07232863 0.32290419
vt 0.07649535 0.32290419
vt 0.07232863 0.37301977
vt 0.07649535 0.37301977
vt 0.07232863 0.31696429
vt 0.07649535 0.31696429
vt 0.07232863 0.34825106
vt 0.07649535 0.34825106
vt 0.07232863 0.31696429
vt 0.07843466 0.36741801
vt 0.07649535 0.31696429
vt 0.07839932 0.33087816
vt 0.07840172 0.37946429
vt 0.07840885 0.34906502
vt 0.07841966 0.31696429
vt 0.07649535 0.37946429
vt 0.07848400 0.31696429
vt 0.07649535 0.32098605
vt 0.07849351 0.31909742
vt 0.07850225 0.34414794
vt 0.07851003 0.36553289
vt 0.07232863 0.36553230
vt 0.07232863 0.32098605
vt 0.07232863 0.36553313
vt 0.08141212 0.36553242
vt 0.07676195 0.32098605
vt 0.07676195 0.37946429
vt 0.07676195 0.35689189
vt 0.07676195 0.31696429
vt 0.07676195 0.34825106
vt 0.07666451 0.32348456
vt 0.08022751 0.36637517
vt 0.08248726 0.36553802
vt 0.08386894 0.35381057
vt 0.08582582 0.33676852
vt 0.08795363 0.31696429
vt 0.08795363 0.31696429
vt 0.08795363 0.37946429
vt 0.07232863 0.35202868
vt 0.07232863 0.31696429
vt 0.07232863 0.37946429
vt 0.07425806 0.36474855
vt 0.08210826 0.31696429
vt 0.08237922 0.33096917
vt 0.08210810 0.37605228
vt 0.08022669 0.31696429
vt 0.08795363 0.34693529
vt 0.08582585 0.32517116
vt 0.08141209 0.31696429
vt 0.08386907 0.31696429
vt 0.08248720 0.31696429
vt 0.07232863 0.31696429
vt 0.08795363 0.31696429
vt 0.07232863 0.31696429
vt 0.07232863 0.32174815
vt 0.08795363 0.32174815
vt 0.08795363 0.37186367
vt 0.08700088 0.37186367
vt 0.08795363 0.31696429
vt 0.08700088 0.31696429
vt 0.08795363 0.34709491
vt 0.08700088 0.34709491
vt 0.08700088 0.37946429
vt 0.08700088 0.32174815
vt 0.07778113 0.32174815
vt 0.07232863 0.32174815
vt 0.07232863 0.37186367
vt 0.07232863 0.31696429
vt 0.07778113 0.37186367
vt 0.07232863 0.37186367
vt 0.07778113 0.31696429
vt 0.08795363 0.34767302
vt 0.08795363 0.37946429
vt 0.08795363 0.32290419
vt 0.08795363 0.37301977
vt 0.08795363 0.31696429
vt 0.08795363 0.34825106
vt 0.08795363 0.31696429
vt 0.08795363 0.35689189
vt 0.08700088 0.37946429
vt 0.08700088 0.32290419
vt 0.08700088 0.37301977
vt 0.08700088 0.31696429
vt 0.08700088 0.34825106
vt 0.08700088 0.31696429
vt 0.08700088 0.35689189
vt 0.08700088 0.37946429
vt 0.08586488 0.36321844
vt 0.08497710 0.36321844
vt 0.08596119 0.31696429
vt 0.08497710 0.31696429
vt 0.08606563 0.35496165
vt 0.08497710 0.35496052
vt 0.08497710 0.31696429
vt 0.07232863 0.35494669
vt 0.07232863 0.31696429
vt 0.08795363 0.35493566
vt 0.08795363 0.31696429
vt 0.07898441 0.35492482
vt 0.07898441 0.31696429
vt 0.07232863 0.35491581
vt 0.07232863 0.31696429
vt 0.08795363 0.35490693
vt 0.08795363 0.31696429
vt 0.08695769 0.35490240
vt 0.08695769 0.31696429
vt 0.08230235 0.35489793
vt 0.08230235 0.31696429
vt 0.07764704 0.35489340
vt 0.07764704 0.31696429
vt 0.07299169 0.35488905
vt 0.07299169 0.31696429
vt 0.08795363 0.35488452
vt 0.08795363 0.31696429
vt 0.08795363 0.35488005
vt 0.08795363 0.31696429
vt 0.08795363 0.35487552
vt 0.08795363 0.31696429
vt 0.08562032 0.35487105
vt 0.08562032 0.31696429
vt 0.07941322 0.35486515
vt 0.07941322 0.31696429
vt 0.07806004 0.34604605
vt 0.07792082 0.37946429
vt 0.07256288 0.36321844
vt 0.07232863 0.31696429
vt 0.08795363 0.36321844
vt 0.08795363 0.31696429
vt 0.07898441 0.36321844
vt 0.07898441 0.31696429
vt 0.07232863 0.36321844
vt 0.07232863 0.31696429
vt 0.08795363 0.36321844
vt 0.08795363 0.31696429
vt 0.08540591 0.36321844
vt 0.08695769 0.31696429
vt 0.07919882 0.36321844
vt 0.08230235 0.31696429
vt 0.07764704 0.31696429
vt 0.07299169 0.36321844
vt 0.07299169 0.31696429
vt 0.08795363 0.36321844
vt 0.08795363 0.31696429
vt 0.08795363 0.31696429
vt 0.08795363 0.36321844
vt 0.08795363 0.31696429
vt 0.08562032 0.36321844
vt 0.08562032 0.31696429
vt 0.07941322 0.36321844
vt 0.07941322 0.31696429
vt 0.07886428 0.36321844
vt 0.07831535 0.36321844
vt 0.07819316 0.31696429
vt 0.07941322 0.36317779
vt 0.07778338 0.32862313
vt 0.07941322 0.31696429
vt 0.07766028 0.37946429
vt 0.07941322 0.37149169
vt 0.07756654 0.31696429
vt 0.07941322 0.31696429
vt 0.07941322 0.37946429
vt 0.08562032 0.37946429
vt 0.08562032 0.32146253
vt 0.08795363 0.32146253
vt 0.08795363 0.37946429
vt 0.08795363 0.32146253
vt 0.08795363 0.37946429
vt 0.08795363 0.32146253
vt 0.08795363 0.37946429
vt 0.07299169 0.32146253
vt 0.07299169 0.37946429
vt 0.07764704 0.32146253
vt 0.07764704 0.37946429
vt 0.08230235 0.32146253
vt 0.08230235 0.37946429
vt 0.08695769 0.32146253
vt 0.08695769 0.37946429
vt 0.08795363 0.32146253
vt 0.08795363 0.37946429
vt 0.07232863 0.32146253
vt 0.07232863 0.37946429
vt 0.07898441 0.32146253
vt 0.07898441 0.37946429
vt 0.08795363 0.32146253
vt 0.08795363 0.37946429
vt 0.07232863 0.32146253
vt 0.07232863 0.37946429
vt 0.08497710 0.32146253
vt 0.08497710 0.37946429
vt 0.08652247 0.37946429
vt 0.08497710 0.32977642
vt 0.08646782 0.32145865
vt 0.08497710 0.37946429
vt 0.08638504 0.37946429
vt 0.08497710 0.33809041
vt 0.08628413 0.31696429
vt 0.08497710 0.37946429
vt 0.08617500 0.37131290
vt 0.08497710 0.34640429
vt 0.08606563 0.37946429
vt 0.08497710 0.37946429
vt 0.08596119 0.36299078
vt 0.08497710 0.35471816
vt 0.08586488 0.31696429
vt 0.08497710 0.31696429
vt 0.07232863 0.35471816
vt 0.07232863 0.31696429
vt 0.08795363 0.35471816
vt 0.07898441 0.35471816
vt 0.07898441 0.37946429
vt 0.07232863 0.37946429
vt 0.07232863 0.34640429
vt 0.08795363 0.34640429
vt 0.08795363 0.37946429
vt 0.08695769 0.37946429
vt 0.08695769 0.33809041
vt 0.08230235 0.33809041
vt 0.08230235 0.37946429
vt 0.07764704 0.37946429
vt 0.07764704 0.32977642
vt 0.07299169 0.32977642
vt 0.07751585 0.36506291
vt 0.07941322 0.32146253
vt 0.08562032 0.37946429
vt 0.08562032 0.32977642
vt 0.08795363 0.32977642
vt 0.08795363 0.37946429
vt 0.08795363 0.37946429
vt 0.08795363 0.33809041
vt 0.08795363 0.33809041
vt 0.08795363 0.37946429
vt 0.07299169 0.37946429
vt 0.07299169 0.34640429
vt 0.07764704 0.34640429
vt 0.07764704 0.37946429
vt 0.08230235 0.37946429
vt 0.08230235 0.35471816
vt 0.08695769 0.35471816
vt 0.08795363 0.31696429
vt 0.07232863 0.31696429
vt 0.07751613 0.31696429
vt 0.07941322 0.37946429
vt 0.07941322 0.32977642
vt 0.08562032 0.37946429
vt 0.08795363 0.33809041
vt 0.08795363 0.37946429
vt 0.08795363 0.34640429
vt 0.07299169 0.37946429
vt 0.07764704 0.35471816
vt 0.07898544 0.31696429
vt 0.08459125 0.31696429
vt 0.07756735 0.34758078
vt 0.07766153 0.37946429
vt 0.07941322 0.37946429
vt 0.08562032 0.33809041
vt 0.08795363 0.37946429
vt 0.08795363 0.34640429
vt 0.08795363 0.37946429
vt 0.07299169 0.35471816
vt 0.07378172 0.31696429
vt 0.07941322 0.33809041
vt 0.07778485 0.33018817
vt 0.07941322 0.37946429
vt 0.07792238 0.37946429
vt 0.07941322 0.34640429
vt 0.07806154 0.37946429
vt 0.08562032 0.37946429
vt 0.07941322 0.37946429
vt 0.08562032 0.35471816
vt 0.07818307 0.37345816
vt 0.07941322 0.35471816
vt 0.07823113 0.34696866
vt 0.07826935 0.32492541
vt 0.07812622 0.37946429
vt 0.07941322 0.31696429
vt 0.07829722 0.31696429
vt 0.07886428 0.31696429
vt 0.07831535 0.31696429
vt 0.08716700 0.31696429
vt 0.08795363 0.35471816
vt 0.08795363 0.31696429
vt 0.08795363 0.35471816
vt 0.08795363 0.31696429
vt 0.08795363 0.35471816
vt 0.08795363 0.31696429
vt 0.08795363 0.35471816
vt 0.07321516 0.31696429
vt 0.07232863 0.35471816
vt 0.08102485 0.31696429
vt 0.08795363 0.31696429
vt 0.08654172 0.32979293
vt 0.08497710 0.37946429
vt 0.07232863 0.37946429
vt 0.07232863 0.31696429
vt 0.08795363 0.31696429
vt 0.08795363 0.37149169
vt 0.07898441 0.37149169
vt 0.07898441 0.31696429
vt 0.07232863 0.31696429
vt 0.07232863 0.36317779
vt 0.08795363 0.36317779
vt 0.08652247 0.37946429
vt 0.08497710 0.31696429
vt 0.07232863 0.37149169
vt 0.08795363 0.31696429
vt 0.07898441 0.36317779
vt 0.08646782 0.33812918
vt 0.08497710 0.37149169
vt 0.07232863 0.31696429
vt 0.08795363 0.36317779
vt 0.08638507 0.37946429
vt 0.08497710 0.31696429
vt 0.07232863 0.36317779
vt 0.08628416 0.34654142
vt 0.08497710 0.36317779
vt 0.08617503 0.31696429
vt 0.08562032 0.36317779
vt 0.08562032 0.31696429
vt 0.08562032 0.37149169
vt 0.08562032 0.31696429
vt 0.08795363 0.36317779
vt 0.08795363 0.31696429
vt 0.08795363 0.37149169
vt 0.08795363 0.31696429
vt 0.08795363 0.37946429
vt 0.08795363 0.36317779
vt 0.08795363 0.31696429
vt 0.08795363 0.37149169
vt 0.08795363 0.31696429
vt 0.08795363 0.37946429
vt 0.08795363 0.36317779
vt 0.08795363 0.31696429
vt 0.08795363 0.37149169
vt 0.08795363 0.31696429
vt 0.08795363 0.37946429
vt 0.07299169 0.36317779
vt 0.07299169 0.31696429
vt 0.07299169 0.37149169
vt 0.07299169 0.31696429
vt 0.07299169 0.37946429
vt 0.07764704 0.36317779
vt 0.07764704 0.31696429
vt 0.07764704 0.37149169
vt 0.07764704 0.31696429
vt 0.07764704 0.37946429
vt 0.08230235 0.36317779
vt 0.08230235 0.31696429
vt 0.08230235 0.37149169
vt 0.08230235 0.31696429
vt 0.08230235 0.37946429
vt 0.08695769 0.36317779
vt 0.08695769 0.31696429
vt 0.08695769 0.37149169
vt 0.08695769 0.31696429
vt 0.08695769 0.37946429
vt 0.08795363 0.31696429
vt 0.07232863 0.37149169
vt 0.07898441 0.31696429
vt 0.08795363 0.37946429
vt 0.08795363 0.37149169
vt 0.08795363 0.31696429
vt 0.08795363 0.37946429
vt 0.07232863 0.31696429
vt 0.07898441 0.37946429
vt 0.07232863 0.37946429
vt 0.08795363 0.32977642
vt 0.08795363 0.32977642
vt 0.08230235 0.32977642
vt 0.08695769 0.32977642
vt 0.08795363 0.32977642
vt 0.07232863 0.32977642
vt 0.07898441 0.32977642
vt 0.08795363 0.32977642
vt 0.07232863 0.32977642
vt 0.08795363 0.37946429
vt 0.07299169 0.37946429
vt 0.08695769 0.37946429
vt 0.08795363 0.37946429
vt 0.07232863 0.37946429
vt 0.07898441 0.37946429
vt 0.08795363 0.37946429
vt 0.07232863 0.37946429
vt 0.07299169 0.33809041
vt 0.07764704 0.33809041
vt 0.08795363 0.33809041
vt 0.07232863 0.33809041
vt 0.07898441 0.33809041
vt 0.08795363 0.33809041
vt 0.07232863 0.33809041
vt 0.07232863 0.37946429
vt 0.07232863 0.34640429
vt 0.07232863 0.37946429
vt 0.08795363 0.37946429
vt 0.08795363 0.34640429
vt 0.08795363 0.37946429
vt 0.07898441 0.37946429
vt 0.07898441 0.34640429
vt 0.07232863 0.37946429
vt 0.08230235 0.37946429
vt 0.07764704 0.37946429
vt 0.08230235 0.34640429
vt 0.08562032 0.37946429
vt 0.08562032 0.34640429
vt 0.08795363 0.34640429
vt 0.08795363 0.37946429
vt 0.08695769 0.34640429
vt 0.08795363 0.37946429
vt 0.08795363 0.37946429
vt 0.08695769 0.37946429
vt 0.07232863 0.36610963
vt 0.07487208 0.36610903
vt 0.07232863 0.35367646
vt 0.07232863 0.33609916
vt 0.08795363 0.31696429
vt 0.08795363 0.32153775
vt 0.08791423 0.31696429
vt 0.08795363 0.37946429
vt 0.08327019 0.37946429
vt 0.08795363 0.35739638
vt 0.07846302 0.35114743
vt 0.07365364 0.31696429
vt 0.08795363 0.31696429
vt 0.07232863 0.37946429
vt 0.07232863 0.36576005
vt 0.07665271 0.31696429
vt 0.07665271 0.34868415
vt 0.08795363 0.31696429
vt 0.08795363 0.34868415
vt 0.07232863 0.31696429
vt 0.07232863 0.34868415
vt 0.07232863 0.36756177
vt 0.07232863 0.34868415
vt 0.07232863 0.31696429
vt 0.07232863 0.31696429
vt 0.07232863 0.31696429
vt 0.08137113 0.36610987
vt 0.07665271 0.32153775
vt 0.07665271 0.37946429
vt 0.07665271 0.35739638
vt 0.08795363 0.36611010
vt 0.08795363 0.32153775
vt 0.08795363 0.37946429
vt 0.08795363 0.35739638
vt 0.07232863 0.32153775
vt 0.07232863 0.36610867
vt 0.07232863 0.32153775
vt 0.07232863 0.34468557
vt 0.07232863 0.31955792
vt 0.07232863 0.36610867
vt 0.07232863 0.36610867
vt 0.07232863 0.31696429
vt 0.07232863 0.37946429
vt 0.07232863 0.37946429
vt 0.07232863 0.37946429
vt 0.07232863 0.31696429
vt 0.07232863 0.35739638
vt 0.07232863 0.35739638
vt 0.07232863 0.31696429
vt 0.07232863 0.34931465
vt 0.07232863 0.37339993
vt 0.07232863 0.37339993
vt 0.08795363 0.37339993
vt 0.08795363 0.31696429
vt 0.07665271 0.37339993
vt 0.07665271 0.31696429
vt 0.08795363 0.31696429
vt 0.08795363 0.32599290
vt 0.07232863 0.37946429
vt 0.07232863 0.32325776
vt 0.07232863 0.32325776
vt 0.08795363 0.32325776
vt 0.07665271 0.32325776
vt 0.08386052 0.32957353
vt 0.08593178 0.37044628
vt 0.07232863 0.33121689
vt 0.07232863 0.34797342
vt 0.07232863 0.37946429
vt 0.07232863 0.37946429
vt 0.07232863 0.34797342
vt 0.08795363 0.34797342
vt 0.08795363 0.31696429
vt 0.07665271 0.31696429
vt 0.07665271 0.37268903
vt 0.08177829 0.31696429
vt 0.08247394 0.37385528
vt 0.08386612 0.33281617
vt 0.07665271 0.32254692
vt 0.08594144 0.31696429
vt 0.07665271 0.37946429
vt 0.08795363 0.37641715
vt 0.07665271 0.34726267
vt 0.08795363 0.33629503
vt 0.07665271 0.31696429
vt 0.08795363 0.31696429
vt 0.08795363 0.37197829
vt 0.07232863 0.37946429
vt 0.07367832 0.34601467
vt 0.08795363 0.32183616
vt 0.07848394 0.37946429
vt 0.08795363 0.37946429
vt 0.08328647 0.37946429
vt 0.08792520 0.37449916
vt 0.08795363 0.34655179
vt 0.08795363 0.34848728
vt 0.07487208 0.31696429
vt 0.07232863 0.32640904
vt 0.07232863 0.31696429
vt 0.07232863 0.31696429
vt 0.07232863 0.37946429
vt 0.07232863 0.31696429
vt 0.07232863 0.31696429
vt 0.07232863 0.31696429
vt 0.07232863 0.37268903
vt 0.07232863 0.37268903
vt 0.08795363 0.37268903
vt 0.07232863 0.36658128
vt 0.07232863 0.37946429
vt 0.07232863 0.37946429
vt 0.07232863 0.32254692
vt 0.08795363 0.37946429
vt 0.08795363 0.32254692
vt 0.07232863 0.31696429
vt 0.07232863 0.34726267
vt 0.07232863 0.34726267
vt 0.08795363 0.34726267
vt 0.07232863 0.34827766
vt 0.07232863 0.37197829
vt 0.07232863 0.37197829
vt 0.07232863 0.31696429
vt 0.08795363 0.37197829
vt 0.08795363 0.31696429
vt 0.07665271 0.37197829
vt 0.07232863 0.37946429
vt 0.07232863 0.32183616
vt 0.07232863 0.32183616
vt 0.08795363 0.32183616
vt 0.07665271 0.32183616
vt 0.07232863 0.37144429
vt 0.07232863 0.37946429
vt 0.07232863 0.37946429
vt 0.08795363 0.37946429
vt 0.07665271 0.37946429
vt 0.07232863 0.34294629
vt 0.07232863 0.34655179
vt 0.07232863 0.34655179
vt 0.08795363 0.34655179
vt 0.07665271 0.34655179
vt 0.07232863 0.31782954
vt 0.07232863 0.31696429
vt 0.08795363 0.31696429
vt 0.07232863 0.31696429
vt 0.07232863 0.31696429
vt 0.08137113 0.31696429
vt 0.07232863 0.31696429
vt 0.08178830 0.33125992
vt 0.07665271 0.34797342
vt 0.08795363 0.37946429
vt 0.08177799 0.37249376
vt 0.07665271 0.37946429
vt 0.08247173 0.31696429
vt 0.07232863 0.31696429
vt 0.07232863 0.32254692
vt 0.07769525 0.37946429
vt 0.07522500 0.37946429
vt 0.08795363 0.37946429
vt 0.07232863 0.31696429
vt 0.08795363 0.31696429
vt 0.08152420 0.31696429
vt 0.08399153 0.33427479
vt 0.07232863 0.33928426
vt 0.07465294 0.35936393
vt 0.08795363 0.35696055
vt 0.08795363 0.37946429
vt 0.08216173 0.37946429
vt 0.08357141 0.31696429
vt 0.07232863 0.37946429
vt 0.07232863 0.31696429
vt 0.08795363 0.31696429
vt 0.08774154 0.33729567
vt 0.07915369 0.32034756
vt 0.08795363 0.34488531
vt 0.08795363 0.37928815
vt 0.08526138 0.35744693
vt 0.07560720 0.37021901
vt 0.07825494 0.37946429
vt 0.07232863 0.37932016
vt 0.08795363 0.37946429
vt 0.07232863 0.31696429
vt 0.08017203 0.37946429
vt 0.08693710 0.31696429
vt 0.07774049 0.31696429
vt 0.07232863 0.31696429
vt 0.08795363 0.32661094
vt 0.07618270 0.31696429
vt 0.07732594 0.33986105
vt 0.08466581 0.32706656
vt 0.08795363 0.34956153
vt 0.08315331 0.35617776
vt 0.07289395 0.33160766
vt 0.07232863 0.36024566
vt 0.08795363 0.33349981
vt 0.08795363 0.36170806
vt 0.07910925 0.36036106
vt 0.07989896 0.33233853
vt 0.07232863 0.35596378
vt 0.07232863 0.32757063
vt 0.08691770 0.34840818
vt 0.08604050 0.31899156
vt 0.07550770 0.33792754
vt 0.07370144 0.31696429
vt 0.08795363 0.32476206
vt 0.08795363 0.31696429
vt 0.07281676 0.31696429
vt 0.08035550 0.37946429
vt 0.07424426 0.37946429
vt 0.07232863 0.37503316
vt 0.08197770 0.37229265
vt 0.08534393 0.34759851
vt 0.07232863 0.34840228
vt 0.07306957 0.31894376
vt 0.08795363 0.32366176
vt 0.08795363 0.31696429
vt 0.08464489 0.31696429
vt 0.07691893 0.37946429
vt 0.08498270 0.37946429
vt 0.07232863 0.37459816
vt 0.07788363 0.36517181
vt 0.08795363 0.35053255
vt 0.07232863 0.33788230
vt 0.08795363 0.31696429
vt 0.08445114 0.31696429
vt 0.08795363 0.37946429
vt 0.07567460 0.37946429
vt 0.08155954 0.37115653
vt 0.07457644 0.37866254
vt 0.07299990 0.36658190
vt 0.07912678 0.35253005
vt 0.07232863 0.35072129
vt 0.07620299 0.32854791
vt 0.07232863 0.33123727
vt 0.07232863 0.31696429
vt 0.07353205 0.31696429
vt 0.08795363 0.37946429
vt 0.07232863 0.37946429
vt 0.08795363 0.37761466
vt 0.07232863 0.34642078
vt 0.08795363 0.34520655
vt 0.08667642 0.31696429
vt 0.08795363 0.31696429
vt 0.08421612 0.37946429
vt 0.08795363 0.35151766
vt 0.08033705 0.31895390
vt 0.08638454 0.37946429
vt 0.07800991 0.36484104
vt 0.08484143 0.34922166
vt 0.07727051 0.31696429
vt 0.08435768 0.31696429
vt 0.08114166 0.37033515
vt 0.08350063 0.32832928
vt 0.08538532 0.35361652
vt 0.08795363 0.33336167
vt 0.08442535 0.32549228
vt 0.08795363 0.31696429
vt 0.08795363 0.37946429
vt 0.07232863 0.37946429
vt 0.07549951 0.37848477
vt 0.07232863 0.35930754
vt 0.08104231 0.34619041
vt 0.07956360 0.31696429
vt 0.08630756 0.31696429
vt 0.08795363 0.37946429
vt 0.08623638 0.37946429
vt 0.08795363 0.36175066
vt 0.08795363 0.32915116
vt 0.07232863 0.32278253
vt 0.07232863 0.37946429
vt 0.08795363 0.37946429
vt 0.07232863 0.36726929
vt 0.07232863 0.34234391
vt 0.07298938 0.32632116
vt 0.07232863 0.31696429
vt 0.07317291 0.31696429
vt 0.07317291 0.31696429
vt 0.07232863 0.31696429
vt 0.07299007 0.37015029
vt 0.07232863 0.35408591
vt 0.07232863 0.32924579
vt 0.08795363 0.31696429
vt 0.07232863 0.31696429
vt 0.07232863 0.37380554
vt 0.08795363 0.36727765
vt 0.08795363 0.33486678
vt 0.08623641 0.31696429
vt 0.08795363 0.31696429
vt 0.07956360 0.37946429
vt 0.08633985 0.37946429
vt 0.08107441 0.35043280
vt 0.07232863 0.33712153
vt 0.07552872 0.31810267
vt 0.08795363 0.31696429
vt 0.07232863 0.31696429
vt 0.08795363 0.37946429
vt 0.08442538 0.37093629
vt 0.08795363 0.36312215
vt 0.08350085 0.36810003
vt 0.08539191 0.34284054
vt 0.08114378 0.32610254
vt 0.08795363 0.31696429
vt 0.07769491 0.31696429
vt 0.07522500 0.31696429
vt 0.07232863 0.37946429
vt 0.08149350 0.37946429
vt 0.08795363 0.37712755
vt 0.07232863 0.35714604
vt 0.07892056 0.34836968
vt 0.08795363 0.33934356
vt 0.07232863 0.31838604
vt 0.08181969 0.31696429
vt 0.08483210 0.31696429
vt 0.07232863 0.31696429
vt 0.07232863 0.37946429
vt 0.08795363 0.37946429
vt 0.07915525 0.37606551
vt 0.08265634 0.35072716
vt 0.08795363 0.35106339
vt 0.08795363 0.32186856
vt 0.07543819 0.32599117
vt 0.07586725 0.31696429
vt 0.07232863 0.31700428
vt 0.08795363 0.31696429
vt 0.08795363 0.37946429
vt 0.08014909 0.31696429
vt 0.08232364 0.37946429
vt 0.07232863 0.37946429
vt 0.07552484 0.37946429
vt 0.08795363 0.37147041
vt 0.07618272 0.37946429
vt 0.08168045 0.36020728
vt 0.07232863 0.35093768
vt 0.08466581 0.36936154
vt 0.07914612 0.33858516
vt 0.07289300 0.36482026
vt 0.08795363 0.36292853
vt 0.08795363 0.33475365
vt 0.07989896 0.36408968
vt 0.07769269 0.33642979
vt 0.07232863 0.34072818
vt 0.07232863 0.36885740
vt 0.08731520 0.34770556
vt 0.08603957 0.37743743
vt 0.07638675 0.35759540
vt 0.07370144 0.37946429
vt 0.07232863 0.37091591
vt 0.08795363 0.37946429
vt 0.08397612 0.37946429
vt 0.08035550 0.31696429
vt 0.07232863 0.37946429
vt 0.07232863 0.32118716
vt 0.08795363 0.31696429
vt 0.08534426 0.34883131
vt 0.07360301 0.34317716
vt 0.07304394 0.37754919
vt 0.08795363 0.37946429
vt 0.08795363 0.37946429
vt 0.07464177 0.31696429
vt 0.08502895 0.31696429
vt 0.07792050 0.33114113
vt 0.08795363 0.35140427
vt 0.07232863 0.35843666
vt 0.08795363 0.37946429
vt 0.08383018 0.37946429
vt 0.08795363 0.31696429
vt 0.07567424 0.31696429
vt 0.08155894 0.32527580
vt 0.07457644 0.31776454
vt 0.07299990 0.32984577
vt 0.07912642 0.34389852
vt 0.07232863 0.34570854
vt 0.07620299 0.36788066
vt 0.07232863 0.36519580
vt 0.07232863 0.37946429
vt 0.07353175 0.37946429
vt 0.08795363 0.31696429
vt 0.07232863 0.31696429
vt 0.08795363 0.31883379
vt 0.07232863 0.35001092
vt 0.08795363 0.35124828
vt 0.08667427 0.37946429
vt 0.08795363 0.37946429
vt 0.08421362 0.31696429
vt 0.08795363 0.34491141
vt 0.08033616 0.37749879
vt 0.08638454 0.37946429
vt 0.07800955 0.33159941
vt 0.08484143 0.34720716
vt 0.07727051 0.31696429
vt 0.08435768 0.31696429
vt 0.07928986 0.37946429
vt 0.08795363 0.31696429
vt 0.08795363 0.31696429
vt 0.08795363 0.32539465
vt 0.07334985 0.33010841
vt 0.07232863 0.34323840
vt 0.07322478 0.36427941
vt 0.07824186 0.37946429
vt 0.08158244 0.37543328
vt 0.08795363 0.32093965
vt 0.07232863 0.37946429
vt 0.08765948 0.31696429
vt 0.07248956 0.32510428
vt 0.07740426 0.37946429
vt 0.08795363 0.35491529
vt 0.08037645 0.33933828
vt 0.08795363 0.31696429
vt 0.08137301 0.31696429
vt 0.08037174 0.35726641
vt 0.08795363 0.34151329
vt 0.07739487 0.37946429
vt 0.08765948 0.37946429
vt 0.07247520 0.37149066
vt 0.07232863 0.31696429
vt 0.08158244 0.32099529
vt 0.08795363 0.37563329
vt 0.07822454 0.31696429
vt 0.07334985 0.36632017
vt 0.07321367 0.33220054
vt 0.07232863 0.35321455
vt 0.08795363 0.37104105
vt 0.08795363 0.37946429
vt 0.08795363 0.37946429
vt 0.07997608 0.31696429
vt 0.07232863 0.33208914
vt 0.08278713 0.31696429
vt 0.08603670 0.36092516
vt 0.07244376 0.37946429
vt 0.07232863 0.33291941
vt 0.08795363 0.37946429
vt 0.07521679 0.31696429
vt 0.08750309 0.34538605
vt 0.08795363 0.31696429
vt 0.07699932 0.31696429
vt 0.07351107 0.34789966
vt 0.08795363 0.31696429
vt 0.08795363 0.34037928
vt 0.07878156 0.31696429
vt 0.08795363 0.37946429
vt 0.07756104 0.32306667
vt 0.08156566 0.37946429
vt 0.07232863 0.36091818
vt 0.07232863 0.31696429
vt 0.08629422 0.33211251
vt 0.07406744 0.31696429
vt 0.08552685 0.37946429
vt 0.08795363 0.37946429
vt 0.08795363 0.37790655
vt 0.08795363 0.36602865
vt 0.08484451 0.35016640
vt 0.08040994 0.33040528
vt 0.07631169 0.34439716
vt 0.07557129 0.31696429
vt 0.08795363 0.37946429
vt 0.08795363 0.34397291
vt 0.07232863 0.37946429
vt 0.08467557 0.37946429
vt 0.08795363 0.36885078
vt 0.07883172 0.33708166
vt 0.07490016 0.37946429
vt 0.08795363 0.31696429
vt 0.07291329 0.32180529
vt 0.07290232 0.37541266
vt 0.08795363 0.31696429
vt 0.07486763 0.31696429
vt 0.08795363 0.32757779
vt 0.07877797 0.36010266
vt 0.08460060 0.31696429
vt 0.07232863 0.37946429
vt 0.08795363 0.35314153
vt 0.07631169 0.35203141
vt 0.08795363 0.31696429
vt 0.08140560 0.36149390
vt 0.08552685 0.31696429
vt 0.08795363 0.31696429
vt 0.07232863 0.31696429
vt 0.07232863 0.31696429
vt 0.07232863 0.37946429
vt 0.07232863 0.37946429
vt 0.07677660 0.37946429
vt 0.08273103 0.37338902
vt 0.08795363 0.35684802
vt 0.07756104 0.37336190
vt 0.07232863 0.32766815
vt 0.08663444 0.31696429
vt 0.08795363 0.35604929
vt 0.07232863 0.31696429
vt 0.08578441 0.37946429
vt 0.07351107 0.34852891
vt 0.07232863 0.37946429
vt 0.08582625 0.37946429
vt 0.08750309 0.35104253
vt 0.07232863 0.37946429
vt 0.08549075 0.31696429
vt 0.07232863 0.36350917
vt 0.07232863 0.31696429
vt 0.08372113 0.33098819
vt 0.08278713 0.37946429
vt 0.07232863 0.36076243
vt 0.08014113 0.31696429
vt 0.07888563 0.34151329
vt 0.07888563 0.35491529
vt 0.07515947 0.37946429
vt 0.07515947 0.31696429
vt 0.07232863 0.32099529
vt 0.07232863 0.37543328
vt 0.08795363 0.36632017
vt 0.08197629 0.37946429
vt 0.08795363 0.31696429
vt 0.08795363 0.33291941
vt 0.07500310 0.34538605
vt 0.07232863 0.34789966
vt 0.07838169 0.34037928
vt 0.07232863 0.32306667
vt 0.08397732 0.31696429
vt 0.07302685 0.37946429
vt 0.08795363 0.33010841
vt 0.08795363 0.34439716
vt 0.08787794 0.37946429
vt 0.08295653 0.36885078
vt 0.08045563 0.31696429
vt 0.08045563 0.31696429
vt 0.08295653 0.32757779
vt 0.08787794 0.37946429
vt 0.08795363 0.35203141
vt 0.07302685 0.31696429
vt 0.08197629 0.31696429
vt 0.08397732 0.37946429
vt 0.08795363 0.37946429
vt 0.07232863 0.37336190
vt 0.08795363 0.36350917
vt 0.07838169 0.35604929
vt 0.07500310 0.35104253
vt 0.07232863 0.34852891
vt 0.08795363 0.35461441
vt 0.07232863 0.31696429
vt 0.08795363 0.31696429
vt 0.07232863 0.34181416
vt 0.08795363 0.34181416
vt 0.07232863 0.37946429
vt 0.08795363 0.37946429
vt 0.07232863 0.32901392
vt 0.08795363 0.32901392
vt 0.07232863 0.37946429
vt 0.08795363 0.37946429
vt 0.07232863 0.31696429
vt 0.08795363 0.31696429
vt 0.07232863 0.37231355
vt 0.08795363 0.37231355
vt 0.07232863 0.31696429
vt 0.08795363 0.31696429
vt 0.07232863 0.35951330
vt 0.08795363 0.35951330
vt 0.07232863 0.31696429
vt 0.08795363 0.31696429
vt 0.07232863 0.34671302
vt 0.08795363 0.34671302
vt 0.07232863 0.37946429
vt 0.08795363 0.37946429
vt 0.07232863 0.33391269
vt 0.08795363 0.33391269
vt 0.07232863 0.37946429
vt 0.08795363 0.37946429
vt 0.07232863 0.32111241
vt 0.08795363 0.32111241
vt 0.07232863 0.37721230
vt 0.08795363 0.37721230
vt 0.07232863 0.31696429
vt 0.08795363 0.31696429
vt 0.07232863 0.36441203
vt 0.08795363 0.36441203
vt 0.08795363 0.37946429
vt 0.07232863 0.37946429
vt 0.07232863 0.33201654
vt 0.08795363 0.33201654
vt 0.07232863 0.37946429
vt 0.08795363 0.37946429
vt 0.07232863 0.31921627
vt 0.08795363 0.31921627
vt 0.07232863 0.37531616
vt 0.08795363 0.37531616
vt 0.07232863 0.31696429
vt 0.08795363 0.31696429
vt 0.07232863 0.36251588
vt 0.08795363 0.36251588
vt 0.07232863 0.31696429
vt 0.08795363 0.31696429
vt 0.07232863 0.34971555
vt 0.08795363 0.34971555
vt 0.07232863 0.37946429
vt 0.08795363 0.37946429
vt 0.07232863 0.33691527
vt 0.08795363 0.33691527
vt 0.07232863 0.37946429
vt 0.08795363 0.37946429
vt 0.07232863 0.32411503
vt 0.08795363 0.32411503
vt 0.07232863 0.37946429
vt 0.08795363 0.37946429
vt 0.07232863 0.31696429
vt 0.08795363 0.31696429
vt 0.07232863 0.36741466
vt 0.08795363 0.36741466
vt 0.07232863 0.31696429
vt 0.08795363 0.31696429
vt 0.07232863 0.35461441
vt 0.07232863 0.31696429
vt 0.07232863 0.37946429
vt 0.08079447 0.37025042
vt 0.07742882 0.35209303
vt 0.08101604 0.36957042
vt 0.08123763 0.36889066
vt 0.08145926 0.36821090
vt 0.08168088 0.36753129
vt 0.08795363 0.31956528
vt 0.08795363 0.31696429
vt 0.08795363 0.31696429
vt 0.07232863 0.31696429
vt 0.07232863 0.37946429
vt 0.07890848 0.37946429
vt 0.07711469 0.37320943
vt 0.08708775 0.37140765
vt 0.08795363 0.34199055
vt 0.07232863 0.34727366
vt 0.07232863 0.31696429
vt 0.07915992 0.31696429
vt 0.08546959 0.37946429
vt 0.08795363 0.31696429
vt 0.07461404 0.37946429
vt 0.07232863 0.36843117
vt 0.07232863 0.34846004
vt 0.08795363 0.33807792
vt 0.08241187 0.32627626
vt 0.07814963 0.31696429
vt 0.07232863 0.31696429
vt 0.07497242 0.31696429
vt 0.08579749 0.37946429
vt 0.08276561 0.31696429
vt 0.08795363 0.37946429
vt 0.07388279 0.37946429
vt 0.07232863 0.36992069
vt 0.07232863 0.37027301
vt 0.08779213 0.35597463
vt 0.07232863 0.34588976
vt 0.08653538 0.33526565
vt 0.08795363 0.33645292
vt 0.08565472 0.37946429
vt 0.07747294 0.37946429
vt 0.07898185 0.31696429
vt 0.07232863 0.33270741
vt 0.07377385 0.36662628
vt 0.07232863 0.37946429
vt 0.07232863 0.31696429
vt 0.08795363 0.34165091
vt 0.07232863 0.35343816
vt 0.08795363 0.31696429
vt 0.07232863 0.31696429
vt 0.08665049 0.35785254
vt 0.08306489 0.33915027
vt 0.08795363 0.33519580
vt 0.07232863 0.35472878
vt 0.07630831 0.33410605
vt 0.07863832 0.35427554
vt 0.08795363 0.33610977
vt 0.08795363 0.35689701
vt 0.07232863 0.34147318
vt 0.07232863 0.36301317
vt 0.08173019 0.35025318
vt 0.08382112 0.37264015
vt 0.08795363 0.36213269
vt 0.08795363 0.37946429
vt 0.07405269 0.37691553
vt 0.07628489 0.37946429
vt 0.08632270 0.37946429
vt 0.08795363 0.31696429
vt 0.07232863 0.31696429
vt 0.08795363 0.31696429
vt 0.07232863 0.32159652
vt 0.08053458 0.31773605
vt 0.08268050 0.34517981
vt 0.08795363 0.34636481
vt 0.07232863 0.37923451
vt 0.07397518 0.37786205
vt 0.08469957 0.37946429
vt 0.08033708 0.31696429
vt 0.08795363 0.31696429
vt 0.08795363 0.33933880
vt 0.07232863 0.34820481
vt 0.07232863 0.36434706
vt 0.07785583 0.37838491
vt 0.07343084 0.37946429
vt 0.08401364 0.37946429
vt 0.07933611 0.31696429
vt 0.08795363 0.31696429
vt 0.08438522 0.31696429
vt 0.08498675 0.31872066
vt 0.08553612 0.32204940
vt 0.08603114 0.32551165
vt 0.08795363 0.35618566
vt 0.08795363 0.37549030
vt 0.07232863 0.37946429
vt 0.07232863 0.31696429
vt 0.07501298 0.34033917
vt 0.07232863 0.35421379
vt 0.07953644 0.37946429
vt 0.07477051 0.37946429
vt 0.08319861 0.34014029
vt 0.07831204 0.34507591
vt 0.08582646 0.37946429
vt 0.08085424 0.37946429
vt 0.08739579 0.34505253
vt 0.08237237 0.34683654
vt 0.08788705 0.31696429
vt 0.08284736 0.31696429
vt 0.07232863 0.31696429
vt 0.07232863 0.34299066
vt 0.08795363 0.31696429
vt 0.08795363 0.35476779
vt 0.07232863 0.37946429
vt 0.07232863 0.37946429
vt 0.07377375 0.32980179
vt 0.07232863 0.36370129
vt 0.07898185 0.37946429
vt 0.07747013 0.31696429
vt 0.08565475 0.31696429
vt 0.08653306 0.36114942
vt 0.08795363 0.35997604
vt 0.07232863 0.37946429
vt 0.07232863 0.31696429
vt 0.08079454 0.32617830
vt 0.07742801 0.34433203
vt 0.08101607 0.32685830
vt 0.08123766 0.32753803
vt 0.08145932 0.32821791
vt 0.08168107 0.32889803
vt 0.08795363 0.37686391
vt 0.08795363 0.37946429
vt 0.08795363 0.37946429
vt 0.07232863 0.37946429
vt 0.07232863 0.31696429
vt 0.07891207 0.31696429
vt 0.07745229 0.32419081
vt 0.08709347 0.32503678
vt 0.08795363 0.35584642
vt 0.07232863 0.34917529
vt 0.07232863 0.37946429
vt 0.07916007 0.37946429
vt 0.08795363 0.37946429
vt 0.08660403 0.31696429
vt 0.07463429 0.31696429
vt 0.07322459 0.33084364
vt 0.07232863 0.34796865
vt 0.08795363 0.36182226
vt 0.08243363 0.37018152
vt 0.08098434 0.37946429
vt 0.07232863 0.37946429
vt 0.07232863 0.31696429
vt 0.07498771 0.37946429
vt 0.08276552 0.37946429
vt 0.08795363 0.31696429
vt 0.08795363 0.31696429
vt 0.07388273 0.31696429
vt 0.07441092 0.32864805
vt 0.07232863 0.32615556
vt 0.08795363 0.34190054
vt 0.07232863 0.35144015
vt 0.08665049 0.33857604
vt 0.08425957 0.35778268
vt 0.07232863 0.36143418
vt 0.07232863 0.34169980
vt 0.07714081 0.36228778
vt 0.07863799 0.34215303
vt 0.08795363 0.36012252
vt 0.08795363 0.33953168
vt 0.07232863 0.35468604
vt 0.07232863 0.33341564
vt 0.08200237 0.34593828
vt 0.08382082 0.32378878
vt 0.08795363 0.33418931
vt 0.08795363 0.31696429
vt 0.07396862 0.31962903
vt 0.07628301 0.31696429
vt 0.08608613 0.31696429
vt 0.08795363 0.37946429
vt 0.07232863 0.37946429
vt 0.08795363 0.37946429
vt 0.07232863 0.37490078
vt 0.08012581 0.37946429
vt 0.08268050 0.35125156
vt 0.08795363 0.35109593
vt 0.07232863 0.31722893
vt 0.07360426 0.31960292
vt 0.08443207 0.31696429
vt 0.08032301 0.37946429
vt 0.08795363 0.37946429
vt 0.08795363 0.35710903
vt 0.07232863 0.34870340
vt 0.07232863 0.33209528
vt 0.07778895 0.31834264
vt 0.07342798 0.31696429
vt 0.08398521 0.31696429
vt 0.07933456 0.37946429
vt 0.08795363 0.37946429
vt 0.08438426 0.37946429
vt 0.08498579 0.37771265
vt 0.08553517 0.37438403
vt 0.08603019 0.37092205
vt 0.08795363 0.34036903
vt 0.08795363 0.32095216
vt 0.07232863 0.31696429
vt 0.07232863 0.37946429
vt 0.07499051 0.35636603
vt 0.07232863 0.34224166
vt 0.07951766 0.31696429
vt 0.07477021 0.31696429
vt 0.08318770 0.35651116
vt 0.07831204 0.35135366
vt 0.08582175 0.37946429
vt 0.08085424 0.37946429
vt 0.08739490 0.35145004
vt 0.08237237 0.34959441
vt 0.08788705 0.31696429
vt 0.08284736 0.31696429
vt 0.08284736 0.31696429
vt 0.07232863 0.34858503
vt 0.07232863 0.34821829
vt 0.07483888 0.31731816
vt 0.07486510 0.31696429
vt 0.08275835 0.31696429
vt 0.07232863 0.31696429
vt 0.07236397 0.31696429
vt 0.07232863 0.31696429
vt 0.08069472 0.31696429
vt 0.07232863 0.31696429
vt 0.07236397 0.31696429
vt 0.07232863 0.31696429
vt 0.07236397 0.31696429
vt 0.07232863 0.31696429
vt 0.07232863 0.31696429
vt 0.07232863 0.31696429
vt 0.08069472 0.31696429
vt 0.08069472 0.31696429
vt 0.08069472 0.31696429
vt 0.07232863 0.31696429
vt 0.08795363 0.34647254
vt 0.08795363 0.31696429
vt 0.07925803 0.37946429
vt 0.08795363 0.32868766
vt 0.07232863 0.34135892
vt 0.08795363 0.36327116
vt 0.08681551 0.37946429
vt 0.08795363 0.35305591
vt 0.07232863 0.35980527
vt 0.07232863 0.36973517
vt 0.08188769 0.31907015
vt 0.07632363 0.31696429
vt 0.08795363 0.36571066
vt 0.08795363 0.37946429
vt 0.08510831 0.37946429
vt 0.08510831 0.31696429
vt 0.08795363 0.36491139
vt 0.08795363 0.36300142
vt 0.08795363 0.37946429
vt 0.07232863 0.33142318
vt 0.08433551 0.34875854
vt 0.08257830 0.37946429
vt 0.08021206 0.37946429
vt 0.07232863 0.31696429
vt 0.08795363 0.31696429
vt 0.08795363 0.32633116
vt 0.07838705 0.31696429
vt 0.07232863 0.34594180
vt 0.07232863 0.37946429
vt 0.08654872 0.37946429
vt 0.08654875 0.37946429
vt 0.07232863 0.36363740
vt 0.07232863 0.31696429
vt 0.08410070 0.32177551
vt 0.08410070 0.31696429
vt 0.07232863 0.32940115
vt 0.08795363 0.31696429
vt 0.08795363 0.32940115
vt 0.08165260 0.32940115
vt 0.08165260 0.35560103
vt 0.07316448 0.33137430
vt 0.07232863 0.36422189
vt 0.08527766 0.33677615
vt 0.07920453 0.36555429
vt 0.07232863 0.33171191
vt 0.08795363 0.35819878
vt 0.08795363 0.32940115
vt 0.08518097 0.32940115
vt 0.07996707 0.31696429
vt 0.07675648 0.32940115
vt 0.08795363 0.31696429
vt 0.08795363 0.31696429
vt 0.08795363 0.31696429
vt 0.08273290 0.31696429
vt 0.07430841 0.37946429
vt 0.07476491 0.36881878
vt 0.07232863 0.34594180
vt 0.08795363 0.31696429
vt 0.08795363 0.34594180
vt 0.08028485 0.31696429
vt 0.08795363 0.35082193
vt 0.07232863 0.31696429
vt 0.07675648 0.34079679
vt 0.07430838 0.37946429
vt 0.07232863 0.37946429
vt 0.07232863 0.37946429
vt 0.07232863 0.37668367
vt 0.08380844 0.33055653
vt 0.08583644 0.31696429
vt 0.07232863 0.37926640
vt 0.07232863 0.36300142
vt 0.08365279 0.37946429
vt 0.07232863 0.34780492
vt 0.08461213 0.37946429
vt 0.08782779 0.37946429
vt 0.07508929 0.31696429
vt 0.08795363 0.37946429
vt 0.08795363 0.37946429
vt 0.08795363 0.32217141
vt 0.08599432 0.37946429
vt 0.08532397 0.35131166
vt 0.08376185 0.36327116
vt 0.08012800 0.34026253
vt 0.07531882 0.37946429
vt 0.07727285 0.37946429
vt 0.07232863 0.34648141
vt 0.07232863 0.31696429
vt 0.07232863 0.31696429
vt 0.07232863 0.31696429
vt 0.07232863 0.31696429
vt 0.07232863 0.31696429
vt 0.07232863 0.34649466
vt 0.07232863 0.31696429
vt 0.07232863 0.31696429
vt 0.07232863 0.31696429
vt 0.08795363 0.37946429
vt 0.08795363 0.37946429
vt 0.08284611 0.35179916
vt 0.08795363 0.34029916
vt 0.08445364 0.36331566
vt 0.08221644 0.37946429
vt 0.08280736 0.35221254
vt 0.07316518 0.32211779
vt 0.07232863 0.37946429
vt 0.07232863 0.37946429
vt 0.08454707 0.37946429
vt 0.08795363 0.31696429
vt 0.08063770 0.37946429
vt 0.08360237 0.37946429
vt 0.07232863 0.34551467
vt 0.07232863 0.37926926
vt 0.08287645 0.31696429
vt 0.08436206 0.33077093
vt 0.07232863 0.37429019
vt 0.07232863 0.37946429
vt 0.07232863 0.37602277
vt 0.07232863 0.37946429
vt 0.08042082 0.31696429
vt 0.07232863 0.31696429
vt 0.07946488 0.35083063
vt 0.08795363 0.37946429
vt 0.07232863 0.34611978
vt 0.07950333 0.34611978
vt 0.08795363 0.36737891
vt 0.08795363 0.37946429
vt 0.08267081 0.31696429
vt 0.07603425 0.37946429
vt 0.07706675 0.31696429
vt 0.07232863 0.31696429
vt 0.08795363 0.34079780
vt 0.08795363 0.32944615
vt 0.08303020 0.32944615
vt 0.08795363 0.31696429
vt 0.07460550 0.32944615
vt 0.07232863 0.33159979
vt 0.07460550 0.35819967
vt 0.08795363 0.36555489
vt 0.08331987 0.33678343
vt 0.07234863 0.36422242
vt 0.07232863 0.33175005
vt 0.08655697 0.35560139
vt 0.08655697 0.32944615
vt 0.07813221 0.32944615
vt 0.07643485 0.31784006
vt 0.07526815 0.31696429
vt 0.07232863 0.32944615
vt 0.08410797 0.31696429
vt 0.08410797 0.32177593
vt 0.07287497 0.31696429
vt 0.08165898 0.37946429
vt 0.07232863 0.37946429
vt 0.08165901 0.37946429
vt 0.08795363 0.31834479
vt 0.07232863 0.34611978
vt 0.07920997 0.32633151
vt 0.07232863 0.36365004
vt 0.08795363 0.31696429
vt 0.07232863 0.31696429
vt 0.08404878 0.34925331
vt 0.08795363 0.37946429
vt 0.08568776 0.37946429
vt 0.07232863 0.33151527
vt 0.08035766 0.36674018
vt 0.07431197 0.37946429
vt 0.07941818 0.36355902
vt 0.08309607 0.31696429
vt 0.08309607 0.37946429
vt 0.07413691 0.37946429
vt 0.07740478 0.36591552
vt 0.08632766 0.31912066
vt 0.08795363 0.31696429
vt 0.07232863 0.36973591
vt 0.07675141 0.35459478
vt 0.07232863 0.35987653
vt 0.08139781 0.37946429
vt 0.07819810 0.36331566
vt 0.08795363 0.34139928
vt 0.07695560 0.32920478
vt 0.08795363 0.37946429
vt 0.08795363 0.37946429
vt 0.07776113 0.34648578
vt 0.07777003 0.31696429
vt 0.07232863 0.31696429
vt 0.08795363 0.31696429
vt 0.08795363 0.31696429
vt 0.07232863 0.31696429
vt 0.07232863 0.31696429
vt 0.07483716 0.31730703
vt 0.08275829 0.34858479
vt 0.07486475 0.34543216
vt 0.08736797 0.36027191
vt 0.08795363 0.31696429
vt 0.08795363 0.33380454
vt 0.08795363 0.31696429
vt 0.08795363 0.31696429
vt 0.08795363 0.31696429
vt 0.08795363 0.36574754
vt 0.08795363 0.37571079
vt 0.08519366 0.37946429
vt 0.08120710 0.37946429
vt 0.07967810 0.37588541
vt 0.07623291 0.36151666
vt 0.07660413 0.37797578
vt 0.07232863 0.31696429
vt 0.07533872 0.31696429
vt 0.07232863 0.36160653
vt 0.07232863 0.37698840
vt 0.07232863 0.36309640
vt 0.07232863 0.31696429
vt 0.07232863 0.31696429
vt 0.07232863 0.36802028
vt 0.07232863 0.37330266
vt 0.07232863 0.31696429
vt 0.07232863 0.31696429
vt 0.07232863 0.31696429
vt 0.07232863 0.36757930
vt 0.07232863 0.37126841
vt 0.07232863 0.31696429
vt 0.07232863 0.31696429
vt 0.07232863 0.36364569
vt 0.07232863 0.37619354
vt 0.07232863 0.37767716
vt 0.07540450 0.31696429
vt 0.07232863 0.31785567
vt 0.07973438 0.36415114
vt 0.07623060 0.37774368
vt 0.08522763 0.31696429
vt 0.08120219 0.31696429
vt 0.08795363 0.37362631
vt 0.08736594 0.37900068
vt 0.08795363 0.37946429
vt 0.08795363 0.32238569
vt 0.08795363 0.32230987
vt 0.08795363 0.32224252
vt 0.08795363 0.32218315
vt 0.07232863 0.34831090
vt 0.08640375 0.37946429
vt 0.07457732 0.37375517
vt 0.07582641 0.37795527
vt 0.07232863 0.31760080
vt 0.07232863 0.31924077
vt 0.08505238 0.36117353
vt 0.08795363 0.37504555
vt 0.07232863 0.37946429
vt 0.07232863 0.37946429
vt 0.08176728 0.31696429
vt 0.07715288 0.31696429
vt 0.08284807 0.31696429
vt 0.08795363 0.31696429
vt 0.07232863 0.32482477
vt 0.07544337 0.34002681
vt 0.07850719 0.34142854
vt 0.08795363 0.35938390
vt 0.07232863 0.37573792
vt 0.07421562 0.37842442
vt 0.07880916 0.37946429
vt 0.07232863 0.37946429
vt 0.08795363 0.37946429
vt 0.07232863 0.31696429
vt 0.08441390 0.31696429
vt 0.08795363 0.31696429
vt 0.08795363 0.31696429
vt 0.07232863 0.31696429
vt 0.08635959 0.32740428
vt 0.07703784 0.31945403
vt 0.08762238 0.32568576
vt 0.07232863 0.33279969
vt 0.07232863 0.33051469
vt 0.08079151 0.33252730
vt 0.08193177 0.33479126
vt 0.08795363 0.33127488
vt 0.08795363 0.33295669
vt 0.07531363 0.32616128
vt 0.07772145 0.32687302
vt 0.08795363 0.31698992
vt 0.08795363 0.31696429
vt 0.07232863 0.31696429
vt 0.07290206 0.31696429
vt 0.08245301 0.31696429
vt 0.08564863 0.37946429
vt 0.08795363 0.37946429
vt 0.07232863 0.37946429
vt 0.07232863 0.37946429
vt 0.07915333 0.36562903
vt 0.08795363 0.33888413
vt 0.08795363 0.33985652
vt 0.07232863 0.31696429
vt 0.07734144 0.31696429
vt 0.08246112 0.37946429
vt 0.08547643 0.37946429
vt 0.08795363 0.37133040
vt 0.08795363 0.36869242
vt 0.07232863 0.34089478
vt 0.07232863 0.33436354
vt 0.07571176 0.31696429
vt 0.08076331 0.31696429
vt 0.08252645 0.37946429
vt 0.08795363 0.37754055
vt 0.08795363 0.37233292
vt 0.08795363 0.36838828
vt 0.08795363 0.36426179
vt 0.08795363 0.35379030
vt 0.08795363 0.32979466
vt 0.07232863 0.31696429
vt 0.07232863 0.31696429
vt 0.07232863 0.37946429
vt 0.07232863 0.37946429
vt 0.07415894 0.35145842
vt 0.07658926 0.32878016
vt 0.07867268 0.31696429
vt 0.08046863 0.37946429
vt 0.08223114 0.35273804
vt 0.08354768 0.33849392
vt 0.08480302 0.37946429
vt 0.08577424 0.37946429
vt 0.08636457 0.35035691
vt 0.08711112 0.34537428
vt 0.08689049 0.31696429
vt 0.08755708 0.31696429
vt 0.08711583 0.35225379
vt 0.08636424 0.34694553
vt 0.08578831 0.31696429
vt 0.08480269 0.37946429
vt 0.08357081 0.35933516
vt 0.08223051 0.34456729
vt 0.08049083 0.31696429
vt 0.07867268 0.37946429
vt 0.07660425 0.36873104
vt 0.07415894 0.34585278
vt 0.07232863 0.31696429
vt 0.07232863 0.31696429
vt 0.07232863 0.37946429
vt 0.07232863 0.37946429
vt 0.08795363 0.36751728
vt 0.08795363 0.32892816
vt 0.08795363 0.34352191
vt 0.08795363 0.33305516
vt 0.08795363 0.32498442
vt 0.08795363 0.31977566
vt 0.08250988 0.31696429
vt 0.08082676 0.37946429
vt 0.07568926 0.37946429
vt 0.07232863 0.36351176
vt 0.07232863 0.35630830
vt 0.08795363 0.32662364
vt 0.08795363 0.32849343
vt 0.08538738 0.31696429
vt 0.08264083 0.31696429
vt 0.07728708 0.37946429
vt 0.07232863 0.37946429
vt 0.07232863 0.37946429
vt 0.08795363 0.35765590
vt 0.08795363 0.35841389
vt 0.07924268 0.33188088
vt 0.07920581 0.33391227
vt 0.07232863 0.31696429
vt 0.07232863 0.31696429
vt 0.08795363 0.31696429
vt 0.08575395 0.31696429
vt 0.08245427 0.37946429
vt 0.07293987 0.37946429
vt 0.07232863 0.37946429
vt 0.08795363 0.37946429
vt 0.08795363 0.37946429
vt 0.07768050 0.37041392
vt 0.07531363 0.37115051
vt 0.08795363 0.36438377
vt 0.08795363 0.36603667
vt 0.08205891 0.36251427
vt 0.08079151 0.36478444
vt 0.07232863 0.36450406
vt 0.07232863 0.36679681
vt 0.08762235 0.37162592
vt 0.08622861 0.36997630
vt 0.07704112 0.37785544
vt 0.07232863 0.37946429
vt 0.08795363 0.37946429
vt 0.08795363 0.37946429
vt 0.08441363 0.37946429
vt 0.07232863 0.37946429
vt 0.07232863 0.31696429
vt 0.08795363 0.31696429
vt 0.07880913 0.31696429
vt 0.07232863 0.32134254
vt 0.07439538 0.31865992
vt 0.08795363 0.33781316
vt 0.07571429 0.35687794
vt 0.07852794 0.35585304
vt 0.07232863 0.37249930
vt 0.08191009 0.37946429
vt 0.08795363 0.37946429
vt 0.08286497 0.37946429
vt 0.07723557 0.31696429
vt 0.07232863 0.31696429
vt 0.08795363 0.32231243
vt 0.07232863 0.31696429
vt 0.08510591 0.33600928
vt 0.07232863 0.37946429
vt 0.07232863 0.37807138
vt 0.08642613 0.31696429
vt 0.07582635 0.31935691
vt 0.08155213 0.31696429
vt 0.07737097 0.32043316
vt 0.07232863 0.34900327
vt 0.07457725 0.32355716
vt 0.07232863 0.31696429
vt 0.07232863 0.31696429
vt 0.07232863 0.31696429
vt 0.07232863 0.31696429
vt 0.07287725 0.31696429
vt 0.07232863 0.31696429
vt 0.07232863 0.31696429
vt 0.07232863 0.31696429
vt 0.07232863 0.31696429
vt 0.07232863 0.31696429
vt 0.07232863 0.31696429
vt 0.07232863 0.31696429
vt 0.07232863 0.31696429
vt 0.07232863 0.31696429
vt 0.07232863 0.31696429
vt 0.07232863 0.31696429
vt 0.07232863 0.31696429
vt 0.07232863 0.31696429
vt 0.07232863 0.31696429
vt 0.07232863 0.31696429
vt 0.07232863 0.31696429
vt 0.07232863 0.31696429
vt 0.07232863 0.31696429
vt 0.07232863 0.31696429
vt 0.07232863 0.31696429
vt 0.07232863 0.31696429
vt 0.07232863 0.31696429
vt 0.07232863 0.31696429
vt 0.07232863 0.31696429
vt 0.07232863 0.31696429
vt 0.07232863 0.31696429
vt 0.07232863 0.31696429
vt 0.07232863 0.31696429
vt 0.07232863 0.31696429
vt 0.07287719 0.31696429
vt 0.07232863 0.31696429
vt 0.07232863 0.31696429
vt 0.07232863 0.31696429
vt 0.07232863 0.31696429
vt 0.07232863 0.31696429
vt 0.07232863 0.31696429
vt 0.07232863 0.31696429
vt 0.07232863 0.31696429
vt 0.07232863 0.31696429
vt 0.07232863 0.31696429
vt 0.07232863 0.31696429
vt 0.07232863 0.31696429
vt 0.08795363 0.31696429
vt 0.08795363 0.31696429
vt 0.07294426 0.31696429
vt 0.08795363 0.31696429
vt 0.07294426 0.31696429
vt 0.08795363 0.31696429
vt 0.07294426 0.31696429
vt 0.08795363 0.31696429
vt 0.08795363 0.31696429
vt 0.07232863 0.31696429
vt 0.07715020 0.31696429
vt 0.08795363 0.31696429
vt 0.07234112 0.31696429
vt 0.08586332 0.31696429
vt 0.07232863 0.31696429
vt 0.07715020 0.31696429
vt 0.08795363 0.31696429
vt 0.08795363 0.31696429
vt 0.07654706 0.31696429
vt 0.08795363 0.31696429
vt 0.07234112 0.31696429
vt 0.08586332 0.31696429
vt 0.07232863 0.31696429
vt 0.07232863 0.31696429
vt 0.07715020 0.31696429
vt 0.07232863 0.31696429
vt 0.08075276 0.31696429
vt 0.08795363 0.31696429
vt 0.07654706 0.31696429
vt 0.08795363 0.31696429
vt 0.07234112 0.31696429
vt 0.07234112 0.31696429
vt 0.08586332 0.31696429
vt 0.07232863 0.31696429
vt 0.08495847 0.31696429
vt 0.07232863 0.31696429
vt 0.08075276 0.31696429
vt 0.08795363 0.31696429
vt 0.07654706 0.31696429
vt 0.07654706 0.31696429
vt 0.08795363 0.31696429
vt 0.07654706 0.31696429
vt 0.08795363 0.31696429
vt 0.07232863 0.31696429
vt 0.08495847 0.31696429
vt 0.07232863 0.31696429
vt 0.08075276 0.31696429
vt 0.08075276 0.31696429
vt 0.08795363 0.31696429
vt 0.08037040 0.31696429
vt 0.07580894 0.31696429
vt 0.08014950 0.31696429
vt 0.08795363 0.31696429
vt 0.08795363 0.31696429
vt 0.07984787 0.31696429
vt 0.07984787 0.31696429
vt 0.07232863 0.31696429
vt 0.07232863 0.31696429
vt 0.08405367 0.31696429
vt 0.08405367 0.31696429
vt 0.07232863 0.31696429
vt 0.07232863 0.31696429
vt 0.08795363 0.31696429
vt 0.08795363 0.31696429
vt 0.07473731 0.31696429
vt 0.07473731 0.31696429
vt 0.08795363 0.31696429
vt 0.08795363 0.31696429
vt 0.07894307 0.31696429
vt 0.07894307 0.31696429
vt 0.07232863 0.31696429
vt 0.07232863 0.31696429
vt 0.08314885 0.31696429
vt 0.08314885 0.31696429
vt 0.07232863 0.31696429
vt 0.07232863 0.31696429
vt 0.08735460 0.31696429
vt 0.08735460 0.31696429
vt 0.07383247 0.31696429
vt 0.07383247 0.31696429
vt 0.08795363 0.31696429
vt 0.08795363 0.31696429
vt 0.07804044 0.31696429
vt 0.07353088 0.31696429
vt 0.07232863 0.31696429
vt 0.07232863 0.31696429
vt 0.07353088 0.31696429
vt 0.07232863 0.31696429
vt 0.07353088 0.31696429
vt 0.07232863 0.31696429
vt 0.07802969 0.31696429
vt 0.08795363 0.31696429
vt 0.08795363 0.31696429
vt 0.08795363 0.31696429
vt 0.07374344 0.31696429
vt 0.07383247 0.31696429
vt 0.08795363 0.31696429
vt 0.07383247 0.31696429
vt 0.08717560 0.31696429
vt 0.08735460 0.31696429
vt 0.08735460 0.31696429
vt 0.08735460 0.31696429
vt 0.07232863 0.31696429
vt 0.07232863 0.31696429
vt 0.08296519 0.31696429
vt 0.08314885 0.31696429
vt 0.07232863 0.31696429
vt 0.07232863 0.31696429
vt 0.07860241 0.31696429
vt 0.07894307 0.31696429
vt 0.07894307 0.31696429
vt 0.08795363 0.31696429
vt 0.08795363 0.31696429
vt 0.07448366 0.31696429
vt 0.07473731 0.31696429
vt 0.08786240 0.31696429
vt 0.08795363 0.31696429
vt 0.07232863 0.31696429
vt 0.07232863 0.31696429
vt 0.07232863 0.31696429
vt 0.08384134 0.31696429
vt 0.08405367 0.31696429
vt 0.07232863 0.31696429
vt 0.07232863 0.31696429
vt 0.07923481 0.31696429
vt 0.07984787 0.31696429
vt 0.08795363 0.31696429
vt 0.08795363 0.31696429
vt 0.08795363 0.31696429
vt 0.08014950 0.31696429
vt 0.08795363 0.31696429
vt 0.07232863 0.31696429
vt 0.08413986 0.31696429
vt 0.08495847 0.31696429
vt 0.08495847 0.31696429
vt 0.07232863 0.31696429
vt 0.08495847 0.31696429
vt 0.07232863 0.31696429
vt 0.08014950 0.31696429
vt 0.08795363 0.31696429
vt 0.07984787 0.31696429
vt 0.07232863 0.31696429
vt 0.08405367 0.31696429
vt 0.07232863 0.31696429
vt 0.08795363 0.31696429
vt 0.07473731 0.31696429
vt 0.08795363 0.31696429
vt 0.07894307 0.31696429
vt 0.07232863 0.31696429
vt 0.08314885 0.31696429
vt 0.07232863 0.31696429
vt 0.07232863 0.31696429
vt 0.08060875 0.31696429
vt 0.07284572 0.31696429
vt 0.08032272 0.31696429
vt 0.07993263 0.31696429
vt 0.07908060 0.31696429
vt 0.07284572 0.31696429
vt 0.07232863 0.31696429
vt 0.07232863 0.31696429
vt 0.07284572 0.31696429
vt 0.07232863 0.31696429
vt 0.07373172 0.31696429
vt 0.07372710 0.31696429
vt 0.07725269 0.31696429
vt 0.07232863 0.31696429
vt 0.07232863 0.31696429
vt 0.07232863 0.31696429
vt 0.07232863 0.31696429
vt 0.07232863 0.31696429
vt 0.07232863 0.31696429
vt 0.07232863 0.31696429
vt 0.07232863 0.31696429
vt 0.07232863 0.31696429
vt 0.07232863 0.31696429
vt 0.07232863 0.31696429
vt 0.07232863 0.31696429
vt 0.07232863 0.31696429
vt 0.07232863 0.31696429
vt 0.07232863 0.31696429
vt 0.07232863 0.31696429
vt 0.07232863 0.31696429
vt 0.07232863 0.31696429
vt 0.07232863 0.31696429
vt 0.07232863 0.31696429
vt 0.07232863 0.31696429
vt 0.07232863 0.31696429
vt 0.07232863 0.31696429
vt 0.07232863 0.31696429
vt 0.07232863 0.31696429
vt 0.08300500 0.31696429
vt 0.07232863 0.31696429
vt 0.08300500 0.31696429
vt 0.07232863 0.31696429
vt 0.08300500 0.31696429
vt 0.07232863 0.31696429
vt 0.08300500 0.31696429
vt 0.07232863 0.31696429
vt 0.08460012 0.31696429
vt 0.08459535 0.31696429
vt 0.07232863 0.31696429
vt 0.07232863 0.31696429
vt 0.08619529 0.31696429
vt 0.08619529 0.31696429
vt 0.07232863 0.31696429
vt 0.07232863 0.31696429
vt 0.08779042 0.31696429
vt 0.08779042 0.31696429
vt 0.07296297 0.31696429
vt 0.07296297 0.31696429
vt 0.08795363 0.31696429
vt 0.08795363 0.31696429
vt 0.07455813 0.31696429
vt 0.07455813 0.31696429
vt 0.08795363 0.31696429
vt 0.08795363 0.31696429
vt 0.07615329 0.31696429
vt 0.08795363 0.31696429
vt 0.07615329 0.31696429
vt 0.08795363 0.31696429
vt 0.07615329 0.31696429
vt 0.08795363 0.31696429
vt 0.07596297 0.31696429
vt 0.08795363 0.31696429
vt 0.08795363 0.31696429
vt 0.07774841 0.31696429
vt 0.07764866 0.31696429
vt 0.08795363 0.31696429
vt 0.08795363 0.31696429
vt 0.07934357 0.31696429
vt 0.07930679 0.31696429
vt 0.07232863 0.31696429
vt 0.07232863 0.31696429
vt 0.07934357 0.31696429
vt 0.07232863 0.31696429
vt 0.07934357 0.31696429
vt 0.07232863 0.31696429
vt 0.07934850 0.31696429
vt 0.08795363 0.31696429
vt 0.08795363 0.31696429
vt 0.07774841 0.31696429
vt 0.07775004 0.31696429
vt 0.08795363 0.31696429
vt 0.08795363 0.31696429
vt 0.07615329 0.31696429
vt 0.07432191 0.31696429
vt 0.07455813 0.31696429
vt 0.07455813 0.31696429
vt 0.08795363 0.31696429
vt 0.08795363 0.31696429
vt 0.08795363 0.31696429
vt 0.07272551 0.31696429
vt 0.07296297 0.31696429
vt 0.07296297 0.31696429
vt 0.08755222 0.31696429
vt 0.08779042 0.31696429
vt 0.08779042 0.31696429
vt 0.07232863 0.31696429
vt 0.07232863 0.31696429
vt 0.07232863 0.31696429
vt 0.08596912 0.31696429
vt 0.08619529 0.31696429
vt 0.08619529 0.31696429
vt 0.07232863 0.31696429
vt 0.07232863 0.31696429
vt 0.07232863 0.31696429
vt 0.08456472 0.31696429
vt 0.08460012 0.31696429
vt 0.08460012 0.31696429
vt 0.08795363 0.31696429
vt 0.07774841 0.31696429
vt 0.08795363 0.31696429
vt 0.08795363 0.31696429
vt 0.07232863 0.31696429
vt 0.07820578 0.31696429
vt 0.07232863 0.31696429
vt 0.07820578 0.31696429
vt 0.07232863 0.31696429
vt 0.07820578 0.31696429
vt 0.07232863 0.31696429
vt 0.08795363 0.31696429
vt 0.08795363 0.31696429
vt 0.07433513 0.31696429
vt 0.08795363 0.31696429
vt 0.08416879 0.31696429
vt 0.07232863 0.31696429
vt 0.08795363 0.31696429
vt 0.07433513 0.31696429
vt 0.08795363 0.31696429
vt 0.08795363 0.31696429
vt 0.08030813 0.31696429
vt 0.07232863 0.31696429
vt 0.08415410 0.31696429
vt 0.07232863 0.31696429
vt 0.08795363 0.31696429
vt 0.08795363 0.31696429
vt 0.07433513 0.31696429
vt 0.08795363 0.31696429
vt 0.07647951 0.31696429
vt 0.07232863 0.31696429
vt 0.08028344 0.31696429
vt 0.07232863 0.31696429
vt 0.08415410 0.31696429
vt 0.08415410 0.31696429
vt 0.07232863 0.31696429
vt 0.08415410 0.31696429
vt 0.08553919 0.31696429
vt 0.07266088 0.31696429
vt 0.07254207 0.31696429
vt 0.08795363 0.31696429
vt 0.07254207 0.31696429
vt 0.08795363 0.31696429
vt 0.07254207 0.31696429
vt 0.08795363 0.31696429
vt 0.07254207 0.31696429
vt 0.07232863 0.31696429
vt 0.07779785 0.31696429
vt 0.07232863 0.31696429
vt 0.07232863 0.31696429
vt 0.07849038 0.31696429
vt 0.07849038 0.31696429
vt 0.08795363 0.31696429
vt 0.08795363 0.31696429
vt 0.07461971 0.31696429
vt 0.07461971 0.31696429
vt 0.08795363 0.31696429
vt 0.08795363 0.31696429
vt 0.07232863 0.31696429
vt 0.07232863 0.31696429
vt 0.07779785 0.31696429
vt 0.07779785 0.31696429
vt 0.07232863 0.31696429
vt 0.07232863 0.31696429
vt 0.07232863 0.31696429
vt 0.07849038 0.31696429
vt 0.07856372 0.31696429
vt 0.08795363 0.31696429
vt 0.08795363 0.31696429
vt 0.07459259 0.31696429
vt 0.07232863 0.31696429
vt 0.08423704 0.31696429
vt 0.08443868 0.31696429
vt 0.07232863 0.31696429
vt 0.07232863 0.31696429
vt 0.08030144 0.31696429
vt 0.08056802 0.31696429
vt 0.08795363 0.31696429
vt 0.08795363 0.31696429
vt 0.07642800 0.31696429
vt 0.07669738 0.31696429
vt 0.08795363 0.31696429
vt 0.08795363 0.31696429
vt 0.07254395 0.31696429
vt 0.07282675 0.31696429
vt 0.08635113 0.31696429
vt 0.08651644 0.31696429
vt 0.07232863 0.31696429
vt 0.07232863 0.31696429
vt 0.08261424 0.31696429
vt 0.08264551 0.31696429
vt 0.07232863 0.31696429
vt 0.07232863 0.31696429
vt 0.08264551 0.31696429
vt 0.07232863 0.31696429
vt 0.08264551 0.31696429
vt 0.07232863 0.31696429
vt 0.08264739 0.31696429
vt 0.07232863 0.31696429
vt 0.07232863 0.31696429
vt 0.07232863 0.31696429
vt 0.08651644 0.31696429
vt 0.08651644 0.31696429
vt 0.08651644 0.31696429
vt 0.07282675 0.31696429
vt 0.07282675 0.31696429
vt 0.07282675 0.31696429
vt 0.08795363 0.31696429
vt 0.08795363 0.31696429
vt 0.08795363 0.31696429
vt 0.07669738 0.31696429
vt 0.07669738 0.31696429
vt 0.07669738 0.31696429
vt 0.08795363 0.31696429
vt 0.08795363 0.31696429
vt 0.08056802 0.31696429
vt 0.08056802 0.31696429
vt 0.07232863 0.31696429
vt 0.07232863 0.31696429
vt 0.08443868 0.31696429
vt 0.08443868 0.31696429
vt 0.07232863 0.31696429
vt 0.07232863 0.31696429
vt 0.08795363 0.31696429
vt 0.08795363 0.31696429
vt 0.07461971 0.31696429
vt 0.07461971 0.31696429
vt 0.08795363 0.31696429
vt 0.08553919 0.31696429
vt 0.07641275 0.31696429
vt 0.07232863 0.31696429
vt 0.08028344 0.31696429
vt 0.08028344 0.31696429
vt 0.07232863 0.31696429
vt 0.08028344 0.31696429
vt 0.07232863 0.31696429
vt 0.08553919 0.31696429
vt 0.07849038 0.31696429
vt 0.08795363 0.31696429
vt 0.07232863 0.31696429
vt 0.08443868 0.31696429
vt 0.07232863 0.31696429
vt 0.08056802 0.31696429
vt 0.08795363 0.31696429
vt 0.07232863 0.31696429
vt 0.07232863 0.31696429
vt 0.07232863 0.31696429
vt 0.07232863 0.31696429
vt 0.07232863 0.31696429
vt 0.07232863 0.31696429
vt 0.07232863 0.31696429
vt 0.07232863 0.31696429
vt 0.07232863 0.31696429
vt 0.07232863 0.31696429
vt 0.07232863 0.31696429
vt 0.07232863 0.31696429
vt 0.07232863 0.31696429
vt 0.26598919 0.35309254
vt 0.28150202 0.31696429
vt 0.27328951 0.32802429
vt 0.28150202 0.31696429
vt 0.26587702 0.32802429
vt 0.26587702 0.31696429
vt 0.28150202 0.32802429
vt 0.27957482 0.32802429
vt 0.28150202 0.37033428
vt 0.27957482 0.37033428
vt 0.28150202 0.37946429
vt 0.27957482 0.37946429
vt 0.28150202 0.32995442
vt 0.27957482 0.32995442
vt 0.28150202 0.37946429
vt 0.27957482 0.37946429
vt 0.28150202 0.31696429
vt 0.27957482 0.31696429
vt 0.28150202 0.34598778
vt 0.27957482 0.34598778
vt 0.27957482 0.37946429
vt 0.27281765 0.34598778
vt 0.27281765 0.37946429
vt 0.26606045 0.34598778
vt 0.26606045 0.37946429
vt 0.28150202 0.34598778
vt 0.28150202 0.37946429
vt 0.27652077 0.34598778
vt 0.27652077 0.37946429
vt 0.26855109 0.34598778
vt 0.26855109 0.37946429
vt 0.26587702 0.34598778
vt 0.26587702 0.37946429
vt 0.28150202 0.34598778
vt 0.28150202 0.37946429
vt 0.27201170 0.34598778
vt 0.27201170 0.37946429
vt 0.28150202 0.34598778
vt 0.28150202 0.37946429
vt 0.27180184 0.34598778
vt 0.27180184 0.37946429
vt 0.27956188 0.34598778
vt 0.27956188 0.37946429
vt 0.28150202 0.34598778
vt 0.28150202 0.37946429
vt 0.26587702 0.34598778
vt 0.26587702 0.37946429
vt 0.27159212 0.34598778
vt 0.27159212 0.37946429
vt 0.28124670 0.34598778
vt 0.28124670 0.37946429
vt 0.26587702 0.34598778
vt 0.26587702 0.37946429
vt 0.26930598 0.34598778
vt 0.26930598 0.37946429
vt 0.27896058 0.34598778
vt 0.27896058 0.37946429
vt 0.28150202 0.34598778
vt 0.28150202 0.37946429
vt 0.26701983 0.34598778
vt 0.26701983 0.37946429
vt 0.27667446 0.34598778
vt 0.27667446 0.37946429
vt 0.28150202 0.34598778
vt 0.28150202 0.37946429
vt 0.26587702 0.34598778
vt 0.26587702 0.37946429
vt 0.27059921 0.34598778
vt 0.27059921 0.37946429
vt 0.28150202 0.34598778
vt 0.28150202 0.37946429
vt 0.26766133 0.34598778
vt 0.26766133 0.37946429
vt 0.28045333 0.34598778
vt 0.28045333 0.37946429
vt 0.26666348 0.34598778
vt 0.26666348 0.37946429
vt 0.28150202 0.34598778
vt 0.28150202 0.37946429
vt 0.26794299 0.37946429
vt 0.28150202 0.31696429
vt 0.28150202 0.35480242
vt 0.26666348 0.31696429
vt 0.26666348 0.36202128
vt 0.28045333 0.36202128
vt 0.28045333 0.37946429
vt 0.26766133 0.37946429
vt 0.26766133 0.31696429
vt 0.28150202 0.31696429
vt 0.28150202 0.36491694
vt 0.27059921 0.36491694
vt 0.27059921 0.31696429
vt 0.26587702 0.31696429
vt 0.26587702 0.36781253
vt 0.28150202 0.36781253
vt 0.28150202 0.37070818
vt 0.27667446 0.37070818
vt 0.27667446 0.37946429
vt 0.26701983 0.37946429
vt 0.26701983 0.31696429
vt 0.28150202 0.31696429
vt 0.26795467 0.32806416
vt 0.28150202 0.35291679
vt 0.27613515 0.31696429
vt 0.26587702 0.31696429
vt 0.27281765 0.32802429
vt 0.27894328 0.31696429
vt 0.26606045 0.32802429
vt 0.26587702 0.31696429
vt 0.28150202 0.31696429
vt 0.28150202 0.32802429
vt 0.26753015 0.31696429
vt 0.27652077 0.32802429
vt 0.28150202 0.31696429
vt 0.26855109 0.32802429
vt 0.27033827 0.31696429
vt 0.28150202 0.31696429
vt 0.26587702 0.32802429
vt 0.27314640 0.31696429
vt 0.28150202 0.32802429
vt 0.26587702 0.31696429
vt 0.27201170 0.32802429
vt 0.27595452 0.31696429
vt 0.28150202 0.32802429
vt 0.26587702 0.31696429
vt 0.27180184 0.32802429
vt 0.27024812 0.31696429
vt 0.27876265 0.31696429
vt 0.27956188 0.32802429
vt 0.28150202 0.31696429
vt 0.28150202 0.32802429
vt 0.26587702 0.32802429
vt 0.28150202 0.37033428
vt 0.26587702 0.37033428
vt 0.28150202 0.37946429
vt 0.26587702 0.37946429
vt 0.28150202 0.32995442
vt 0.26587702 0.32995442
vt 0.28150202 0.37946429
vt 0.26587702 0.37946429
vt 0.28150202 0.31696429
vt 0.26587702 0.31696429
vt 0.26587702 0.31696429
vt 0.27159212 0.32802429
vt 0.27159212 0.37033428
vt 0.27159212 0.37946429
vt 0.27159212 0.32995442
vt 0.27159212 0.37946429
vt 0.27159212 0.31696429
vt 0.27305622 0.31696429
vt 0.28124670 0.32802429
vt 0.28124670 0.37033428
vt 0.28124670 0.37946429
vt 0.28124670 0.32995442
vt 0.28124670 0.37946429
vt 0.28124670 0.31696429
vt 0.28150202 0.31696429
vt 0.26587702 0.31696429
vt 0.26587702 0.32802429
vt 0.26734977 0.31696429
vt 0.26930598 0.32802429
vt 0.27586430 0.31696429
vt 0.27896058 0.32802429
vt 0.28150202 0.31696429
vt 0.28150202 0.32802429
vt 0.26587702 0.31696429
vt 0.26701983 0.32802429
vt 0.27015787 0.31696429
vt 0.27667446 0.32802429
vt 0.27867239 0.31696429
vt 0.28150202 0.32802429
vt 0.28150202 0.31696429
vt 0.26587702 0.31696429
vt 0.27296596 0.31696429
vt 0.27059921 0.32802429
vt 0.26587702 0.32802429
vt 0.28150202 0.37033428
vt 0.27667446 0.37033428
vt 0.27667446 0.37946429
vt 0.26701983 0.37946429
vt 0.26701983 0.32995442
vt 0.28150202 0.32995442
vt 0.28150202 0.37946429
vt 0.27896058 0.37946429
vt 0.27896058 0.31696429
vt 0.26930598 0.31696429
vt 0.28148048 0.31696429
vt 0.28150202 0.32802429
vt 0.27059921 0.37033428
vt 0.28150202 0.37033428
vt 0.27059921 0.37946429
vt 0.28150202 0.37946429
vt 0.27059921 0.32995442
vt 0.28150202 0.32995442
vt 0.27059921 0.37946429
vt 0.28150202 0.37946429
vt 0.27059921 0.31696429
vt 0.28150202 0.31696429
vt 0.26587702 0.31696429
vt 0.26766133 0.32802429
vt 0.26766133 0.37033428
vt 0.26766133 0.37946429
vt 0.26766133 0.32995442
vt 0.26766133 0.37946429
vt 0.26766133 0.31696429
vt 0.27577405 0.31696429
vt 0.28045333 0.32802429
vt 0.28045333 0.37033428
vt 0.28045333 0.37946429
vt 0.28045333 0.32995442
vt 0.28045333 0.37946429
vt 0.28045333 0.31696429
vt 0.26587702 0.31696429
vt 0.26666348 0.32802429
vt 0.26666348 0.37033428
vt 0.26666348 0.37946429
vt 0.26666348 0.32995442
vt 0.26666348 0.37946429
vt 0.26666348 0.31696429
vt 0.27858214 0.31696429
vt 0.28150202 0.32802429
vt 0.28150202 0.37033428
vt 0.28150202 0.37946429
vt 0.28150202 0.32995442
vt 0.28150202 0.37946429
vt 0.28150202 0.31696429
vt 0.26587702 0.31696429
vt 0.27760886 0.32802429
vt 0.27760886 0.37033428
vt 0.27760886 0.37946429
vt 0.27760886 0.32995442
vt 0.27760886 0.37946429
vt 0.27726061 0.31696429
vt 0.28150202 0.34779129
vt 0.26587702 0.37946429
vt 0.28139024 0.31696429
vt 0.26587702 0.33939478
vt 0.26716927 0.31696429
vt 0.26666348 0.37946429
vt 0.27375339 0.32534130
vt 0.26666348 0.31696429
vt 0.26666348 0.36491694
vt 0.28045333 0.36491694
vt 0.26587702 0.31696429
vt 0.28045333 0.31696429
vt 0.27287289 0.37186279
vt 0.26766133 0.31696429
vt 0.26766133 0.36781253
vt 0.28150202 0.36781253
vt 0.28150202 0.31696429
vt 0.27059921 0.36781253
vt 0.26587702 0.37070818
vt 0.26969887 0.37402077
vt 0.28150202 0.37946429
vt 0.28150202 0.31696429
vt 0.26604318 0.36795701
vt 0.26930598 0.31696429
vt 0.27896058 0.31696429
vt 0.28150202 0.37946429
vt 0.26701983 0.37070818
vt 0.27667446 0.36781253
vt 0.28150202 0.31696429
vt 0.26587702 0.36491694
vt 0.27059921 0.31696429
vt 0.28150202 0.37946429
vt 0.26766133 0.36202128
vt 0.28045333 0.31696429
vt 0.26587702 0.31696429
vt 0.28037504 0.37360378
vt 0.28124670 0.31696429
vt 0.27159212 0.31696429
vt 0.28124670 0.37946429
vt 0.27159212 0.37946429
vt 0.28124670 0.37070818
vt 0.27159212 0.37070818
vt 0.28124670 0.36781253
vt 0.27159212 0.36781253
vt 0.28124670 0.31696429
vt 0.27159212 0.31696429
vt 0.28124670 0.36491694
vt 0.27159212 0.36491694
vt 0.28124670 0.31696429
vt 0.27159212 0.31696429
vt 0.28124670 0.37946429
vt 0.27159212 0.37946429
vt 0.28124670 0.36202128
vt 0.27159212 0.36202128
vt 0.28124670 0.31696429
vt 0.27159212 0.31696429
vt 0.26587702 0.37072452
vt 0.26587702 0.31696429
vt 0.26587702 0.37946429
vt 0.26587702 0.37070818
vt 0.26587702 0.36781253
vt 0.26587702 0.31696429
vt 0.26587702 0.36491694
vt 0.26587702 0.31696429
vt 0.26587702 0.37946429
vt 0.26587702 0.36202128
vt 0.26587702 0.31696429
vt 0.28150202 0.31696429
vt 0.27623523 0.36020966
vt 0.27956188 0.31696429
vt 0.27180184 0.31696429
vt 0.27956188 0.37946429
vt 0.27180184 0.37946429
vt 0.27956188 0.37070818
vt 0.27180184 0.37070818
vt 0.27956188 0.36781253
vt 0.27180184 0.36781253
vt 0.27956188 0.31696429
vt 0.27180184 0.31696429
vt 0.27956188 0.36491694
vt 0.27180184 0.36491694
vt 0.27956188 0.31696429
vt 0.27180184 0.31696429
vt 0.27956188 0.37946429
vt 0.27180184 0.37946429
vt 0.27956188 0.36202128
vt 0.27180184 0.36202128
vt 0.27956188 0.31696429
vt 0.27180184 0.31696429
vt 0.28150202 0.34228291
vt 0.28150202 0.31696429
vt 0.28150202 0.37946429
vt 0.28150202 0.37070818
vt 0.28150202 0.36781253
vt 0.28150202 0.31696429
vt 0.28150202 0.36491694
vt 0.28150202 0.31696429
vt 0.28150202 0.37946429
vt 0.28150202 0.36202128
vt 0.28150202 0.31696429
vt 0.27201170 0.31696429
vt 0.26702202 0.31696429
vt 0.27201170 0.37946429
vt 0.28150202 0.37946429
vt 0.27201170 0.37070818
vt 0.28150202 0.37070818
vt 0.27201170 0.36781253
vt 0.28150202 0.36781253
vt 0.27201170 0.31696429
vt 0.28150202 0.31696429
vt 0.27201170 0.36491694
vt 0.28150202 0.36491694
vt 0.27201170 0.31696429
vt 0.28150202 0.31696429
vt 0.27201170 0.37946429
vt 0.28150202 0.37946429
vt 0.27201170 0.36202128
vt 0.28150202 0.36202128
vt 0.27201170 0.31696429
vt 0.28150202 0.31696429
vt 0.27419326 0.37946429
vt 0.26587702 0.37070818
vt 0.27863888 0.34876968
vt 0.26587702 0.36781253
vt 0.26855109 0.36781253
vt 0.26587702 0.31696429
vt 0.26855109 0.31696429
vt 0.26587702 0.36491694
vt 0.26855109 0.36491694
vt 0.26587702 0.31696429
vt 0.26855109 0.31696429
vt 0.26587702 0.37946429
vt 0.26855109 0.37946429
vt 0.26587702 0.36202128
vt 0.26855109 0.36202128
vt 0.26587702 0.31696429
vt 0.26855109 0.31696429
vt 0.27652077 0.36781253
vt 0.28150202 0.32821603
vt 0.27652077 0.31696429
vt 0.28150202 0.31696429
vt 0.27652077 0.36491694
vt 0.28150202 0.36491694
vt 0.27652077 0.31696429
vt 0.28150202 0.31696429
vt 0.27652077 0.37946429
vt 0.28150202 0.37946429
vt 0.27652077 0.36202128
vt 0.28150202 0.36202128
vt 0.27652077 0.31696429
vt 0.28150202 0.31696429
vt 0.28150202 0.36733426
vt 0.26587702 0.37946429
vt 0.27281765 0.31696429
vt 0.26606045 0.36491694
vt 0.27162576 0.31696429
vt 0.27281765 0.36202128
vt 0.27281765 0.37946429
vt 0.26606045 0.37946429
vt 0.26606045 0.31696429
vt 0.28150202 0.34004791
vt 0.27957482 0.31696429
vt 0.27281765 0.31696429
vt 0.26606045 0.31696429
vt 0.26587702 0.37946429
vt 0.26587702 0.32995442
vt 0.27983267 0.37946429
vt 0.26587702 0.37946429
vt 0.27328951 0.37033428
vt 0.26587702 0.37033428
vt 0.26587702 0.37033428
vt 0.26587702 0.37946429
vt 0.26587702 0.32995442
vt 0.26587702 0.37946429
vt 0.26587702 0.31696429
vt 0.26701983 0.37033428
vt 0.28150202 0.37033428
vt 0.27896058 0.37033428
vt 0.26930598 0.37033428
vt 0.26587702 0.37033428
vt 0.27956188 0.37033428
vt 0.27956188 0.37946429
vt 0.27956188 0.32995442
vt 0.27956188 0.37946429
vt 0.27956188 0.31696429
vt 0.27180184 0.37033428
vt 0.27180184 0.37946429
vt 0.27180184 0.32995442
vt 0.27180184 0.37946429
vt 0.27180184 0.31696429
vt 0.28150202 0.37033428
vt 0.28150202 0.37946429
vt 0.28150202 0.32995442
vt 0.28150202 0.37946429
vt 0.28150202 0.31696429
vt 0.27201170 0.37033428
vt 0.27201170 0.37946429
vt 0.27201170 0.32995442
vt 0.27201170 0.37946429
vt 0.27201170 0.31696429
vt 0.28150202 0.37033428
vt 0.28150202 0.37946429
vt 0.28150202 0.32995442
vt 0.28150202 0.37946429
vt 0.28150202 0.31696429
vt 0.26587702 0.37033428
vt 0.26587702 0.37946429
vt 0.26587702 0.32995442
vt 0.26587702 0.37946429
vt 0.26587702 0.31696429
vt 0.26855109 0.37033428
vt 0.26855109 0.37946429
vt 0.26855109 0.32995442
vt 0.26855109 0.37946429
vt 0.26855109 0.31696429
vt 0.27652077 0.37033428
vt 0.27652077 0.37946429
vt 0.27652077 0.32995442
vt 0.27652077 0.37946429
vt 0.27652077 0.31696429
vt 0.28150202 0.37033428
vt 0.28150202 0.37946429
vt 0.28150202 0.32995442
vt 0.28150202 0.37946429
vt 0.28150202 0.31696429
vt 0.26606045 0.37033428
vt 0.26606045 0.37946429
vt 0.26606045 0.32995442
vt 0.26606045 0.37946429
vt 0.26606045 0.31696429
vt 0.27281765 0.37033428
vt 0.27281765 0.37946429
vt 0.27281765 0.32995442
vt 0.27281765 0.37946429
vt 0.27281765 0.31696429
vt 0.28150202 0.37946429
vt 0.27667446 0.32995442
vt 0.26701983 0.37946429
vt 0.28150202 0.31696429
vt 0.28150202 0.37946429
vt 0.27896058 0.37946429
vt 0.26930598 0.37946429
vt 0.26587702 0.37946429
vt 0.28150202 0.32995442
vt 0.28150202 0.37946429
vt 0.28150202 0.31696429
vt 0.27896058 0.32995442
vt 0.26930598 0.32995442
vt 0.26587702 0.32995442
vt 0.26587702 0.37946429
vt 0.26587702 0.31696429
vt 0.26930598 0.37946429
vt 0.27667446 0.37946429
vt 0.27667446 0.31696429
vt 0.26701983 0.31696429
vt 0.28150202 0.31696429
vt 0.28150202 0.36202128
vt 0.28150202 0.37946429
vt 0.28150202 0.31696429
vt 0.28150202 0.36491694
vt 0.28150202 0.31696429
vt 0.28150202 0.36781253
vt 0.28150202 0.37070818
vt 0.28150202 0.37946429
vt 0.26587702 0.31696429
vt 0.26587702 0.36202128
vt 0.26587702 0.37946429
vt 0.26587702 0.31696429
vt 0.26587702 0.36491694
vt 0.26587702 0.31696429
vt 0.26587702 0.36781253
vt 0.26587702 0.37070818
vt 0.26587702 0.37946429
vt 0.26930598 0.31696429
vt 0.26930598 0.36202128
vt 0.26930598 0.37946429
vt 0.26930598 0.31696429
vt 0.26930598 0.36491694
vt 0.26930598 0.31696429
vt 0.26930598 0.36781253
vt 0.26930598 0.37070818
vt 0.26930598 0.37946429
vt 0.27896058 0.31696429
vt 0.27896058 0.36202128
vt 0.27896058 0.37946429
vt 0.27896058 0.31696429
vt 0.27896058 0.36491694
vt 0.27896058 0.31696429
vt 0.27896058 0.36781253
vt 0.27896058 0.37070818
vt 0.27896058 0.37946429
vt 0.28150202 0.31696429
vt 0.28150202 0.36202128
vt 0.28150202 0.37946429
vt 0.28150202 0.31696429
vt 0.28150202 0.36491694
vt 0.28150202 0.31696429
vt 0.28150202 0.36781253
vt 0.28150202 0.37070818
vt 0.26701983 0.31696429
vt 0.26701983 0.36202128
vt 0.26701983 0.37946429
vt 0.26701983 0.31696429
vt 0.26701983 0.36491694
vt 0.26701983 0.31696429
vt 0.26701983 0.36781253
vt 0.27667446 0.31696429
vt 0.27667446 0.36202128
vt 0.27667446 0.37946429
vt 0.27667446 0.31696429
vt 0.27667446 0.36491694
vt 0.27667446 0.31696429
vt 0.28150202 0.31696429
vt 0.28150202 0.36202128
vt 0.28150202 0.37946429
vt 0.28150202 0.31696429
vt 0.28150202 0.36491694
vt 0.26587702 0.31696429
vt 0.26587702 0.36202128
vt 0.26587702 0.37946429
vt 0.26587702 0.31696429
vt 0.27059921 0.31696429
vt 0.27059921 0.36202128
vt 0.27059921 0.37946429
vt 0.28150202 0.31696429
vt 0.28150202 0.36202128
vt 0.26766133 0.31696429
vt 0.26606045 0.36202128
vt 0.28045333 0.31696429
vt 0.26766133 0.36491694
vt 0.28150202 0.31696429
vt 0.28021145 0.31696429
vt 0.26599102 0.31696429
vt 0.28150202 0.33967928
vt 0.26977251 0.32802429
vt 0.26977251 0.37033416
vt 0.26587702 0.32802429
vt 0.26587702 0.37033416
vt 0.28071924 0.32802429
vt 0.28071924 0.37033416
vt 0.26692995 0.32802429
vt 0.26692995 0.37033416
vt 0.27972233 0.32802429
vt 0.27972233 0.37033416
vt 0.26587702 0.32802429
vt 0.26587702 0.37033416
vt 0.27678537 0.32802429
vt 0.27678537 0.37033416
vt 0.28150202 0.32802429
vt 0.28150202 0.37033416
vt 0.26587702 0.32802429
vt 0.26587702 0.37033416
vt 0.27071092 0.32802429
vt 0.27071092 0.37033416
vt 0.28036583 0.32802429
vt 0.28036583 0.37033416
vt 0.26587702 0.32802429
vt 0.26587702 0.37033416
vt 0.26842567 0.32802429
vt 0.26842567 0.37033416
vt 0.27808061 0.32802429
vt 0.27808061 0.37033416
vt 0.28150202 0.32802429
vt 0.28150202 0.37033416
vt 0.26614044 0.32802429
vt 0.26614044 0.37033416
vt 0.27579538 0.32802429
vt 0.27579538 0.37033416
vt 0.28150202 0.32802429
vt 0.28150202 0.37033416
vt 0.26587702 0.32802429
vt 0.26587702 0.37033416
vt 0.26782633 0.32802429
vt 0.26782633 0.37033416
vt 0.27558664 0.32802429
vt 0.27558664 0.37033416
vt 0.26587702 0.32802429
vt 0.26587702 0.37033416
vt 0.27537797 0.32802429
vt 0.27537797 0.37033416
vt 0.26587702 0.32802429
vt 0.26587702 0.37033416
vt 0.28150202 0.32802429
vt 0.28150202 0.37033416
vt 0.27884046 0.32802429
vt 0.27884046 0.37033416
vt 0.27087138 0.32802429
vt 0.27087138 0.37033416
vt 0.26587702 0.32802429
vt 0.26587702 0.37033416
vt 0.28133328 0.32802429
vt 0.28133328 0.37033416
vt 0.27457670 0.32802429
vt 0.27457670 0.37033416
vt 0.26782013 0.32802429
vt 0.26782013 0.37033416
vt 0.26587702 0.32802429
vt 0.26587702 0.37033416
vt 0.28150202 0.32802429
vt 0.28150202 0.37033416
vt 0.27410764 0.32802429
vt 0.27410764 0.37033416
vt 0.28116859 0.35438229
vt 0.26709295 0.37946429
vt 0.28150202 0.31696429
vt 0.26880017 0.31696429
vt 0.28150202 0.31696429
vt 0.27160933 0.31696429
vt 0.28150202 0.31696429
vt 0.26590370 0.31696429
vt 0.27441851 0.31696429
vt 0.28150202 0.31696429
vt 0.26587702 0.31696429
vt 0.26871286 0.31696429
vt 0.27722768 0.31696429
vt 0.28150202 0.31696429
vt 0.26587702 0.31696429
vt 0.27152205 0.31696429
vt 0.28003683 0.31696429
vt 0.28150202 0.31696429
vt 0.26587702 0.31696429
vt 0.27433119 0.31696429
vt 0.28150202 0.31696429
vt 0.26587702 0.31696429
vt 0.26862557 0.31696429
vt 0.27714036 0.31696429
vt 0.28150202 0.31696429
vt 0.27143482 0.31696429
vt 0.28150202 0.31696429
vt 0.27424390 0.31696429
vt 0.26587702 0.31696429
vt 0.27705295 0.31696429
vt 0.26587702 0.31696429
vt 0.27986232 0.31696429
vt 0.26587702 0.31696429
vt 0.28150202 0.31696429
vt 0.26845107 0.31696429
vt 0.28150202 0.31696429
vt 0.27126015 0.31696429
vt 0.28150202 0.31696429
vt 0.26587702 0.31696429
vt 0.26587702 0.31696429
vt 0.28150202 0.37946429
vt 0.28150202 0.32995416
vt 0.28150202 0.37946429
vt 0.26587702 0.34496115
vt 0.26587702 0.31696429
vt 0.26587702 0.37946429
vt 0.26587702 0.32995416
vt 0.26782013 0.37946429
vt 0.26782013 0.32995416
vt 0.27457670 0.37946429
vt 0.27457670 0.32995416
vt 0.28133328 0.37946429
vt 0.28133328 0.32995416
vt 0.26587702 0.37946429
vt 0.26587702 0.32995416
vt 0.27087138 0.37946429
vt 0.27087138 0.32995416
vt 0.27884046 0.37946429
vt 0.27884046 0.32995416
vt 0.28150202 0.37946429
vt 0.28150202 0.32995416
vt 0.26587702 0.37946429
vt 0.26587702 0.32995416
vt 0.27537797 0.37946429
vt 0.27537797 0.32995416
vt 0.26587702 0.37946429
vt 0.26587702 0.32995416
vt 0.27558664 0.37946429
vt 0.27558664 0.32995416
vt 0.26782633 0.37946429
vt 0.26782633 0.32995416
vt 0.26587702 0.37946429
vt 0.26587702 0.32995416
vt 0.28150202 0.37946429
vt 0.28150202 0.32995416
vt 0.27579538 0.37946429
vt 0.27579538 0.32995416
vt 0.26614044 0.37946429
vt 0.26614044 0.32995416
vt 0.28150202 0.37946429
vt 0.28150202 0.32995416
vt 0.27808061 0.37946429
vt 0.27808061 0.32995416
vt 0.26842567 0.37946429
vt 0.26842567 0.32995416
vt 0.26587702 0.37946429
vt 0.26587702 0.32995416
vt 0.28036583 0.37946429
vt 0.28036583 0.32995416
vt 0.27071092 0.37946429
vt 0.27071092 0.32995416
vt 0.26587702 0.37946429
vt 0.26587702 0.32995416
vt 0.28150202 0.37946429
vt 0.28150202 0.32995416
vt 0.27678537 0.37946429
vt 0.27678537 0.32995416
vt 0.26587702 0.37946429
vt 0.26587702 0.32995416
vt 0.27972233 0.37946429
vt 0.27972233 0.32995416
vt 0.26692995 0.37946429
vt 0.26692995 0.32995416
vt 0.28071924 0.37946429
vt 0.28071924 0.32995416
vt 0.26587702 0.37946429
vt 0.26587702 0.32995416
vt 0.26977251 0.37946429
vt 0.26977251 0.32995416
vt 0.26587702 0.34896165
vt 0.28150202 0.37946429
vt 0.26587702 0.34598728
vt 0.27423418 0.31696429
vt 0.26782013 0.37946429
vt 0.26782013 0.31696429
vt 0.27457670 0.31696429
vt 0.27457670 0.36202054
vt 0.28133328 0.36202054
vt 0.28133328 0.37946429
vt 0.26587702 0.37946429
vt 0.26587702 0.31696429
vt 0.27087138 0.31696429
vt 0.27087138 0.36489029
vt 0.27884046 0.36489029
vt 0.27884046 0.31696429
vt 0.28150202 0.31696429
vt 0.28150202 0.36776002
vt 0.26587702 0.36776002
vt 0.26587702 0.37062980
vt 0.27537797 0.37062980
vt 0.27537797 0.37946429
vt 0.26587702 0.37946429
vt 0.26587702 0.31696429
vt 0.27558664 0.31696429
vt 0.28150202 0.34468706
vt 0.26937223 0.36154653
vt 0.28129265 0.37946429
vt 0.27457670 0.37946429
vt 0.27457670 0.31696429
vt 0.28133328 0.31696429
vt 0.28133328 0.36489029
vt 0.26587702 0.36489029
vt 0.26587702 0.31696429
vt 0.27087138 0.31696429
vt 0.26587702 0.34009905
vt 0.27087138 0.36776002
vt 0.26587702 0.31696429
vt 0.27884046 0.36776002
vt 0.26587702 0.35754003
vt 0.28150202 0.37062980
vt 0.26976419 0.37946429
vt 0.26587702 0.37946429
vt 0.27757920 0.31902166
vt 0.27537797 0.31696429
vt 0.28150202 0.37813290
vt 0.28150202 0.37126090
vt 0.26587702 0.31696429
vt 0.26782633 0.31696429
vt 0.27558664 0.37946429
vt 0.26587702 0.37062980
vt 0.27537797 0.36776002
vt 0.26587702 0.31696429
vt 0.28150202 0.36489029
vt 0.27884046 0.31696429
vt 0.27087138 0.37946429
vt 0.26587702 0.36202054
vt 0.28133328 0.31696429
vt 0.27457670 0.37946429
vt 0.26782013 0.34598728
vt 0.26587702 0.37349965
vt 0.27579538 0.31696429
vt 0.28150202 0.31696429
vt 0.26587702 0.37946429
vt 0.26782633 0.37946429
vt 0.26782633 0.37062980
vt 0.27558664 0.37062980
vt 0.27558664 0.36776002
vt 0.26587702 0.36776002
vt 0.26587702 0.31696429
vt 0.27537797 0.31696429
vt 0.27537797 0.36489029
vt 0.26587702 0.36489029
vt 0.26587702 0.31696429
vt 0.28150202 0.31696429
vt 0.28150202 0.37946429
vt 0.27884046 0.37946429
vt 0.27884046 0.36202054
vt 0.27087138 0.36202054
vt 0.27087138 0.31696429
vt 0.26587702 0.31696429
vt 0.26587702 0.37946429
vt 0.28133328 0.37946429
vt 0.28133328 0.34598728
vt 0.27457670 0.34598728
vt 0.27457670 0.31696429
vt 0.26782013 0.31696429
vt 0.28046524 0.36740591
vt 0.28150202 0.31696429
vt 0.26614044 0.31696429
vt 0.27579538 0.37946429
vt 0.28150202 0.37946429
vt 0.28150202 0.37062980
vt 0.26587702 0.37062980
vt 0.26587702 0.36776002
vt 0.26782633 0.36776002
vt 0.26782633 0.31696429
vt 0.27558664 0.31696429
vt 0.27558664 0.36489029
vt 0.26587702 0.36489029
vt 0.26587702 0.31696429
vt 0.27537797 0.31696429
vt 0.27537797 0.37946429
vt 0.26587702 0.37946429
vt 0.26587702 0.36202054
vt 0.28150202 0.36202054
vt 0.28150202 0.31696429
vt 0.27884046 0.31696429
vt 0.27884046 0.37946429
vt 0.27087138 0.37946429
vt 0.27087138 0.34598728
vt 0.26587702 0.34598728
vt 0.26587702 0.31696429
vt 0.28133328 0.31696429
vt 0.26587702 0.35215838
vt 0.26842567 0.31696429
vt 0.27808061 0.31696429
vt 0.28150202 0.37946429
vt 0.26614044 0.37946429
vt 0.26614044 0.37062980
vt 0.27579538 0.37062980
vt 0.27579538 0.36776002
vt 0.28150202 0.36776002
vt 0.28150202 0.31696429
vt 0.26587702 0.31696429
vt 0.26587702 0.36489029
vt 0.26782633 0.36489029
vt 0.26782633 0.31696429
vt 0.27558664 0.31696429
vt 0.27558664 0.37946429
vt 0.26587702 0.37946429
vt 0.26587702 0.36202054
vt 0.27537797 0.36202054
vt 0.27537797 0.31696429
vt 0.26587702 0.31696429
vt 0.26587702 0.37946429
vt 0.28150202 0.37946429
vt 0.28150202 0.34598728
vt 0.27884046 0.34598728
vt 0.27884046 0.31696429
vt 0.27087138 0.31696429
vt 0.26587702 0.31696429
vt 0.27905557 0.32738354
vt 0.28036583 0.31696429
vt 0.26587702 0.31696429
vt 0.27071092 0.37946429
vt 0.26587702 0.37946429
vt 0.27071092 0.37062980
vt 0.26587702 0.37062980
vt 0.27071092 0.36776002
vt 0.26587702 0.36776002
vt 0.27071092 0.31696429
vt 0.26587702 0.31696429
vt 0.27071092 0.36489029
vt 0.26587702 0.36489029
vt 0.27071092 0.31696429
vt 0.26587702 0.31696429
vt 0.27071092 0.37946429
vt 0.26587702 0.37946429
vt 0.27071092 0.36202054
vt 0.26587702 0.36202054
vt 0.27071092 0.31696429
vt 0.26587702 0.31696429
vt 0.27071092 0.37946429
vt 0.26587702 0.37946429
vt 0.27071092 0.34598728
vt 0.26587702 0.34598728
vt 0.27071092 0.31696429
vt 0.26587702 0.31696429
vt 0.27780414 0.37437417
vt 0.28150202 0.37062980
vt 0.26587702 0.31804641
vt 0.27678537 0.36776002
vt 0.28150202 0.36776002
vt 0.28150202 0.31696429
vt 0.27497239 0.37391480
vt 0.27972233 0.36776002
vt 0.26587702 0.36776002
vt 0.27678537 0.31696429
vt 0.28150202 0.36489029
vt 0.26692995 0.31696429
vt 0.26587702 0.31696429
vt 0.26692995 0.36489029
vt 0.28071924 0.36489029
vt 0.26692995 0.31696429
vt 0.28071924 0.31696429
vt 0.26692995 0.37946429
vt 0.28071924 0.37946429
vt 0.26692995 0.36202054
vt 0.28071924 0.36202054
vt 0.26692995 0.31696429
vt 0.28071924 0.31696429
vt 0.26692995 0.37946429
vt 0.28071924 0.37946429
vt 0.26692995 0.34598728
vt 0.28071924 0.34598728
vt 0.26692995 0.31696429
vt 0.28071924 0.31696429
vt 0.27413536 0.32853903
vt 0.26587702 0.35786815
vt 0.27971617 0.37946429
vt 0.26587702 0.31696429
vt 0.27029783 0.31696429
vt 0.26587702 0.34598728
vt 0.26587702 0.37946429
vt 0.26587702 0.31696429
vt 0.26977251 0.37946429
vt 0.26587702 0.37946429
vt 0.28071924 0.37946429
vt 0.26692995 0.37946429
vt 0.27972233 0.37946429
vt 0.26587702 0.37946429
vt 0.27678537 0.37946429
vt 0.28150202 0.37946429
vt 0.26587702 0.37946429
vt 0.27071092 0.37946429
vt 0.28036583 0.37946429
vt 0.26587702 0.37946429
vt 0.26842567 0.37946429
vt 0.27808061 0.37946429
vt 0.28150202 0.37946429
vt 0.26614044 0.37946429
vt 0.27579538 0.37946429
vt 0.28150202 0.37946429
vt 0.26587702 0.37946429
vt 0.26782633 0.37946429
vt 0.27558664 0.37946429
vt 0.26587702 0.37946429
vt 0.27537797 0.37946429
vt 0.26587702 0.37946429
vt 0.28150202 0.37946429
vt 0.27884046 0.37946429
vt 0.27087138 0.37946429
vt 0.26587702 0.37946429
vt 0.28133328 0.37946429
vt 0.27457670 0.37946429
vt 0.26782013 0.37946429
vt 0.26587702 0.37946429
vt 0.28150202 0.31696429
vt 0.26587702 0.31696429
vt 0.27537797 0.31696429
vt 0.26587702 0.31696429
vt 0.27558664 0.31696429
vt 0.26782633 0.31696429
vt 0.26587702 0.31696429
vt 0.28150202 0.31696429
vt 0.27579538 0.31696429
vt 0.26614044 0.31696429
vt 0.28150202 0.31696429
vt 0.27808061 0.31696429
vt 0.26842567 0.31696429
vt 0.26587702 0.31696429
vt 0.28036583 0.31696429
vt 0.28150202 0.31696429
vt 0.28150202 0.34598728
vt 0.28150202 0.37946429
vt 0.28150202 0.31696429
vt 0.28150202 0.36202054
vt 0.28150202 0.37946429
vt 0.28150202 0.31696429
vt 0.27678537 0.31696429
vt 0.27678537 0.34598728
vt 0.27678537 0.37946429
vt 0.27678537 0.31696429
vt 0.27678537 0.36202054
vt 0.27678537 0.37946429
vt 0.27678537 0.31696429
vt 0.27678537 0.36489029
vt 0.26587702 0.31696429
vt 0.26587702 0.34598728
vt 0.26587702 0.37946429
vt 0.26587702 0.31696429
vt 0.26587702 0.36202054
vt 0.26587702 0.37946429
vt 0.26587702 0.31696429
vt 0.26587702 0.36489029
vt 0.26587702 0.31696429
vt 0.27972233 0.31696429
vt 0.27972233 0.34598728
vt 0.27972233 0.37946429
vt 0.27972233 0.31696429
vt 0.27972233 0.36202054
vt 0.27972233 0.37946429
vt 0.27972233 0.31696429
vt 0.27972233 0.36489029
vt 0.27972233 0.31696429
vt 0.28036583 0.34598728
vt 0.28036583 0.37946429
vt 0.28036583 0.31696429
vt 0.28036583 0.36202054
vt 0.28036583 0.37946429
vt 0.28036583 0.31696429
vt 0.28036583 0.36489029
vt 0.28036583 0.31696429
vt 0.28036583 0.36776002
vt 0.28036583 0.37062980
vt 0.28036583 0.37946429
vt 0.26587702 0.37946429
vt 0.26842567 0.37946429
vt 0.27808061 0.37946429
vt 0.26587702 0.34598728
vt 0.26587702 0.37946429
vt 0.26587702 0.31696429
vt 0.26587702 0.36202054
vt 0.26587702 0.37946429
vt 0.26587702 0.31696429
vt 0.26587702 0.36489029
vt 0.26587702 0.31696429
vt 0.26587702 0.36776002
vt 0.26587702 0.37062980
vt 0.26842567 0.34598728
vt 0.26842567 0.37946429
vt 0.26842567 0.31696429
vt 0.26842567 0.36202054
vt 0.26842567 0.37946429
vt 0.26842567 0.31696429
vt 0.26842567 0.36489029
vt 0.26842567 0.31696429
vt 0.26842567 0.36776002
vt 0.26842567 0.37062980
vt 0.27808061 0.34598728
vt 0.27808061 0.37946429
vt 0.27808061 0.31696429
vt 0.27808061 0.36202054
vt 0.27808061 0.37946429
vt 0.27808061 0.31696429
vt 0.27808061 0.36489029
vt 0.27808061 0.31696429
vt 0.27808061 0.36776002
vt 0.27808061 0.37062980
vt 0.28150202 0.34598728
vt 0.28150202 0.37946429
vt 0.28150202 0.31696429
vt 0.28150202 0.36202054
vt 0.28150202 0.37946429
vt 0.28150202 0.31696429
vt 0.28150202 0.36489029
vt 0.28150202 0.31696429
vt 0.28150202 0.36776002
vt 0.28150202 0.37062980
vt 0.26614044 0.34598728
vt 0.26614044 0.37946429
vt 0.26614044 0.31696429
vt 0.26614044 0.36202054
vt 0.26614044 0.37946429
vt 0.26614044 0.31696429
vt 0.26614044 0.36489029
vt 0.26614044 0.31696429
vt 0.26614044 0.36776002
vt 0.27579538 0.34598728
vt 0.27579538 0.37946429
vt 0.27579538 0.31696429
vt 0.27579538 0.36202054
vt 0.27579538 0.37946429
vt 0.27579538 0.31696429
vt 0.27579538 0.36489029
vt 0.27579538 0.31696429
vt 0.28150202 0.34598728
vt 0.28150202 0.37946429
vt 0.28150202 0.31696429
vt 0.28150202 0.36202054
vt 0.28150202 0.37946429
vt 0.28150202 0.31696429
vt 0.28150202 0.36489029
vt 0.26587702 0.34598728
vt 0.26587702 0.37946429
vt 0.26587702 0.31696429
vt 0.26587702 0.36202054
vt 0.26587702 0.37946429
vt 0.26587702 0.31696429
vt 0.26782633 0.34598728
vt 0.26782633 0.37946429
vt 0.26782633 0.31696429
vt 0.26782633 0.36202054
vt 0.26782633 0.37946429
vt 0.27558664 0.34598728
vt 0.27558664 0.37946429
vt 0.27558664 0.31696429
vt 0.27558664 0.36202054
vt 0.26587702 0.34598728
vt 0.26587702 0.37946429
vt 0.26587702 0.31696429
vt 0.27537797 0.34598728
vt 0.27537797 0.37946429
vt 0.26587702 0.34598728
vt 0.27132533 0.35363179
vt 0.26885051 0.35529766
vt 0.26587702 0.31696429
vt 0.26587702 0.32050429
vt 0.26755924 0.31696429
vt 0.27128761 0.31696429
vt 0.26587702 0.32050429
vt 0.27520927 0.31696429
vt 0.27617968 0.32050429
vt 0.26587702 0.32050429
vt 0.26587702 0.35529766
vt 0.27286135 0.35529766
vt 0.27286135 0.37946429
vt 0.28150202 0.37946429
vt 0.28150202 0.37946429
vt 0.26608620 0.37946429
vt 0.26608620 0.33467765
vt 0.27659521 0.33467765
vt 0.27659521 0.36947091
vt 0.28150202 0.36947091
vt 0.28150202 0.31696429
vt 0.27673370 0.31696429
vt 0.27673370 0.35754879
vt 0.26636321 0.35754879
vt 0.26636321 0.37946429
vt 0.28150202 0.37946429
vt 0.28150202 0.31953116
vt 0.26995859 0.31953116
vt 0.26995859 0.36302240
vt 0.28150202 0.36302240
vt 0.28150202 0.37946429
vt 0.27701078 0.37946429
vt 0.27701078 0.32500477
vt 0.26587702 0.32500477
vt 0.26587702 0.36849602
vt 0.28150202 0.36849602
vt 0.28150202 0.31696429
vt 0.27196390 0.31696429
vt 0.27196390 0.33047839
vt 0.26587702 0.33047839
vt 0.26587702 0.37396963
vt 0.27901609 0.37396963
vt 0.27901609 0.31696429
vt 0.26691733 0.31696429
vt 0.26691733 0.33595206
vt 0.28150202 0.33595206
vt 0.28150202 0.37944330
vt 0.27396951 0.37944330
vt 0.27396951 0.31696429
vt 0.26587702 0.31696429
vt 0.26587702 0.34142567
vt 0.28102139 0.34142567
vt 0.28102139 0.37946429
vt 0.28150202 0.37946429
vt 0.28150202 0.32950391
vt 0.26587702 0.32950391
vt 0.26587702 0.36429729
vt 0.26747108 0.36429729
vt 0.27619798 0.37946429
vt 0.28150202 0.37946429
vt 0.26885051 0.37946429
vt 0.27784693 0.37946429
vt 0.26885051 0.37946429
vt 0.26885051 0.33467765
vt 0.26587702 0.33467765
vt 0.26587702 0.36947091
vt 0.26587702 0.36947091
vt 0.26587702 0.31696429
vt 0.27617968 0.31696429
vt 0.27617968 0.35754879
vt 0.26587702 0.35754879
vt 0.26587702 0.37946429
vt 0.27286135 0.37946429
vt 0.27286135 0.31953116
vt 0.28150202 0.31953116
vt 0.28150202 0.36302240
vt 0.26608620 0.36302240
vt 0.26608620 0.37946429
vt 0.27659521 0.37946429
vt 0.27659521 0.32500477
vt 0.28150202 0.32500477
vt 0.28150202 0.36849602
vt 0.27673370 0.36849602
vt 0.27673370 0.31696429
vt 0.26636321 0.31696429
vt 0.26636321 0.33047839
vt 0.28150202 0.33047839
vt 0.28150202 0.37396963
vt 0.26995859 0.37396963
vt 0.26995859 0.31696429
vt 0.28150202 0.31696429
vt 0.28150202 0.33595206
vt 0.27701078 0.33595206
vt 0.27701078 0.37944330
vt 0.26587702 0.37944330
vt 0.26587702 0.31696429
vt 0.28150202 0.31696429
vt 0.28150202 0.34142567
vt 0.27196390 0.34142567
vt 0.27196390 0.37946429
vt 0.26587702 0.37946429
vt 0.26587702 0.32950391
vt 0.27901609 0.32950391
vt 0.27901609 0.36429729
vt 0.26691733 0.36429729
vt 0.26663638 0.37946429
vt 0.28150202 0.36429729
vt 0.28150202 0.37946429
vt 0.27396951 0.36429729
vt 0.27389390 0.37946429
vt 0.26587702 0.37946429
vt 0.28150202 0.36814566
vt 0.26885051 0.36947091
vt 0.26587702 0.31696429
vt 0.26587702 0.35754879
vt 0.27617968 0.37946429
vt 0.26587702 0.31953116
vt 0.27286135 0.36302240
vt 0.28150202 0.37946429
vt 0.26608620 0.32500477
vt 0.27659521 0.36849602
vt 0.28150202 0.31696429
vt 0.27673370 0.33047839
vt 0.26636321 0.37396963
vt 0.28150202 0.31696429
vt 0.26995859 0.33595206
vt 0.28150202 0.37944330
vt 0.27701078 0.31696429
vt 0.26587702 0.34142567
vt 0.28150202 0.37946429
vt 0.27196390 0.32950391
vt 0.26587702 0.36429729
vt 0.26587702 0.37946429
vt 0.27878047 0.37946429
vt 0.28150202 0.31696429
vt 0.26885051 0.31696429
vt 0.26587702 0.35754879
vt 0.26587702 0.37946429
vt 0.27617968 0.31953116
vt 0.26587702 0.36302240
vt 0.27286135 0.37946429
vt 0.28150202 0.32500477
vt 0.26608620 0.36849602
vt 0.27659521 0.31696429
vt 0.28150202 0.33047839
vt 0.27673370 0.37396963
vt 0.26636321 0.31696429
vt 0.28150202 0.33595206
vt 0.26995859 0.37944330
vt 0.28150202 0.31696429
vt 0.27701078 0.34142567
vt 0.26587702 0.37946429
vt 0.28150202 0.32950391
vt 0.27196390 0.36429729
vt 0.26885051 0.35754879
vt 0.26587702 0.37946429
vt 0.26885051 0.37946429
vt 0.26587702 0.33005755
vt 0.26885051 0.31953116
vt 0.26885051 0.36302240
vt 0.26587702 0.36302240
vt 0.26587702 0.37946429
vt 0.26587702 0.37946429
vt 0.26587702 0.32500477
vt 0.27617968 0.32500477
vt 0.27617968 0.36849602
vt 0.26587702 0.36849602
vt 0.26587702 0.31696429
vt 0.27286135 0.31696429
vt 0.27286135 0.33047839
vt 0.28150202 0.33047839
vt 0.28150202 0.37396963
vt 0.26608620 0.37396963
vt 0.26608620 0.31696429
vt 0.27659521 0.31696429
vt 0.27659521 0.33595206
vt 0.28150202 0.33595206
vt 0.28150202 0.37944330
vt 0.27673370 0.37944330
vt 0.27673370 0.31696429
vt 0.26636321 0.31696429
vt 0.26636321 0.34142567
vt 0.28150202 0.34142567
vt 0.28150202 0.37946429
vt 0.26995859 0.37946429
vt 0.26995859 0.32950391
vt 0.28150202 0.32950391
vt 0.28150202 0.36429729
vt 0.27701078 0.36429729
vt 0.27839888 0.37946429
vt 0.26587702 0.37946429
vt 0.26587702 0.37946429
vt 0.26885051 0.37946429
vt 0.26587702 0.32500477
vt 0.26587702 0.36849602
vt 0.27617968 0.31696429
vt 0.26587702 0.33047839
vt 0.27286135 0.37396963
vt 0.28150202 0.31696429
vt 0.26608620 0.33595206
vt 0.27659521 0.37944330
vt 0.28150202 0.31696429
vt 0.27673370 0.34142567
vt 0.26636321 0.37946429
vt 0.28150202 0.32950391
vt 0.26995859 0.36429729
vt 0.26587702 0.37946429
vt 0.26885051 0.32500477
vt 0.26587702 0.34240093
vt 0.26885051 0.36849602
vt 0.26587702 0.31696429
vt 0.26885051 0.31696429
vt 0.26885051 0.33047839
vt 0.26587702 0.33047839
vt 0.26587702 0.37396963
vt 0.26587702 0.37396963
vt 0.26587702 0.31696429
vt 0.27617968 0.31696429
vt 0.27617968 0.33595206
vt 0.26587702 0.33595206
vt 0.26587702 0.37944330
vt 0.27286135 0.37944330
vt 0.27286135 0.31696429
vt 0.28150202 0.31696429
vt 0.28150202 0.34142567
vt 0.26608620 0.34142567
vt 0.26608620 0.37946429
vt 0.27659521 0.37946429
vt 0.27659521 0.32950391
vt 0.28150202 0.32950391
vt 0.28150202 0.36429729
vt 0.27673370 0.36429729
vt 0.28013647 0.37946429
vt 0.26713271 0.37946429
vt 0.26587702 0.35458763
vt 0.26885051 0.37396963
vt 0.26587702 0.31696429
vt 0.26587702 0.33595206
vt 0.27617968 0.37944330
vt 0.26587702 0.31696429
vt 0.27286135 0.34142567
vt 0.28150202 0.37946429
vt 0.26608620 0.32950391
vt 0.27659521 0.36429729
vt 0.26587702 0.37946429
vt 0.26587702 0.31696429
vt 0.26885051 0.31696429
vt 0.26587702 0.33595206
vt 0.26587702 0.37944330
vt 0.27617968 0.31696429
vt 0.26587702 0.34142567
vt 0.27286135 0.37946429
vt 0.28150202 0.32950391
vt 0.26608620 0.36429729
vt 0.28150202 0.37946429
vt 0.27511320 0.37946429
vt 0.26885051 0.33595206
vt 0.28150202 0.37023927
vt 0.26885051 0.37944330
vt 0.26885051 0.31696429
vt 0.26587702 0.31696429
vt 0.26587702 0.34142567
vt 0.26587702 0.34142567
vt 0.26587702 0.37946429
vt 0.27617968 0.37946429
vt 0.27617968 0.32950391
vt 0.26587702 0.32950391
vt 0.26587702 0.36429729
vt 0.27286135 0.36429729
vt 0.27934527 0.37946429
vt 0.28150202 0.37946429
vt 0.28150202 0.31696429
vt 0.26885051 0.34142567
vt 0.26587702 0.37946429
vt 0.26587702 0.32950391
vt 0.27617968 0.36429729
vt 0.27520930 0.37946429
vt 0.27787145 0.37946429
vt 0.26885051 0.37946429
vt 0.26587702 0.32950391
vt 0.26587702 0.36429729
vt 0.26885051 0.32950391
vt 0.27134299 0.33099605
vt 0.26587702 0.37946429
vt 0.26587702 0.36429729
vt 0.26755908 0.37946429
vt 0.27128651 0.37946429
vt 0.28150202 0.36429729
vt 0.27286135 0.32950391
vt 0.26587702 0.37946429
vt 0.27617968 0.34142567
vt 0.26587702 0.31696429
vt 0.26587702 0.37944330
vt 0.26636321 0.36429729
vt 0.28150202 0.37946429
vt 0.28150202 0.36429729
vt 0.27260513 0.37946429
vt 0.26587702 0.36429729
vt 0.28150202 0.37946429
vt 0.28150202 0.36429729
vt 0.27210609 0.37946429
vt 0.28150202 0.37946429
vt 0.28102139 0.36429729
vt 0.26587702 0.36429729
vt 0.27396951 0.32950391
vt 0.28150202 0.32950391
vt 0.28150202 0.37946429
vt 0.26691733 0.37946429
vt 0.26691733 0.34142567
vt 0.27901609 0.34142567
vt 0.27901609 0.31696429
vt 0.26587702 0.31696429
vt 0.26587702 0.37944330
vt 0.27196390 0.37944330
vt 0.27196390 0.33595206
vt 0.28150202 0.33595206
vt 0.28150202 0.31696429
vt 0.26587702 0.31696429
vt 0.26587702 0.37396963
vt 0.27701078 0.37396963
vt 0.27701078 0.33047839
vt 0.28150202 0.33047839
vt 0.28150202 0.31696429
vt 0.26995859 0.31696429
vt 0.26995859 0.36849602
vt 0.28150202 0.36849602
vt 0.28150202 0.32500477
vt 0.26636321 0.32500477
vt 0.26636321 0.37946429
vt 0.27673370 0.37946429
vt 0.27673370 0.36302240
vt 0.28150202 0.36302240
vt 0.28150202 0.31953116
vt 0.27659521 0.31953116
vt 0.27659521 0.37946429
vt 0.26608620 0.37946429
vt 0.26608620 0.35754879
vt 0.28150202 0.35754879
vt 0.28150202 0.31696429
vt 0.27286135 0.31696429
vt 0.27286135 0.36947091
vt 0.26587702 0.36947091
vt 0.26587702 0.33467765
vt 0.27617968 0.33467765
vt 0.27617968 0.37946429
vt 0.26587702 0.37946429
vt 0.26587702 0.37946429
vt 0.26587702 0.37946429
vt 0.26587702 0.35529766
vt 0.26587702 0.37946429
vt 0.28150202 0.36429729
vt 0.28102139 0.32950391
vt 0.26707763 0.37946429
vt 0.27106638 0.36429729
vt 0.26587702 0.37946429
vt 0.27466173 0.36429729
vt 0.27563328 0.37946429
vt 0.28150202 0.37946429
vt 0.27825732 0.36429729
vt 0.26789016 0.37946429
vt 0.28150202 0.36429729
vt 0.28064484 0.37946429
vt 0.26587702 0.37946429
vt 0.27162046 0.36429729
vt 0.27704329 0.37946429
vt 0.26587702 0.37946429
vt 0.27643014 0.37946429
vt 0.26587702 0.36429729
vt 0.27162046 0.32950391
vt 0.26587702 0.32950391
vt 0.27162046 0.37946429
vt 0.26587702 0.37946429
vt 0.27162046 0.34142567
vt 0.26587702 0.34142567
vt 0.27162046 0.31696429
vt 0.26587702 0.31696429
vt 0.27162046 0.37944330
vt 0.26587702 0.37944330
vt 0.27162046 0.33595206
vt 0.26587702 0.33595206
vt 0.27162046 0.31696429
vt 0.26587702 0.31696429
vt 0.27162046 0.37396963
vt 0.26587702 0.37396963
vt 0.27162046 0.33047839
vt 0.26587702 0.33047839
vt 0.27162046 0.31696429
vt 0.26587702 0.31696429
vt 0.27162046 0.36849602
vt 0.26587702 0.36849602
vt 0.27162046 0.32500477
vt 0.26587702 0.32500477
vt 0.27162046 0.37946429
vt 0.26587702 0.37946429
vt 0.27162046 0.36302240
vt 0.26587702 0.36302240
vt 0.27162046 0.31953116
vt 0.26587702 0.31953116
vt 0.27162046 0.37946429
vt 0.26587702 0.37946429
vt 0.27162046 0.35754879
vt 0.26587702 0.35754879
vt 0.27162046 0.31696429
vt 0.26587702 0.31696429
vt 0.27162046 0.36947091
vt 0.26587702 0.36947091
vt 0.27162046 0.33467765
vt 0.26587702 0.33467765
vt 0.27162046 0.37946429
vt 0.26587702 0.37946429
vt 0.27162046 0.37946429
vt 0.26587702 0.37946429
vt 0.27162046 0.35529766
vt 0.26587702 0.35529766
vt 0.27162046 0.32050429
vt 0.26587702 0.32050429
vt 0.27704329 0.31696429
vt 0.26587702 0.31696429
vt 0.27643014 0.31696429
vt 0.27860732 0.31696429
vt 0.27810109 0.32050429
vt 0.28150202 0.31696429
vt 0.27186329 0.35325328
vt 0.27810109 0.35529766
vt 0.27810109 0.37946429
vt 0.27860702 0.37946429
vt 0.27810109 0.36429729
vt 0.27810109 0.32950391
vt 0.27810109 0.37946429
vt 0.27810109 0.34142567
vt 0.27810109 0.31696429
vt 0.27810109 0.37944330
vt 0.27810109 0.33595206
vt 0.27810109 0.31696429
vt 0.27810109 0.37396963
vt 0.27810109 0.33047839
vt 0.27810109 0.31696429
vt 0.27810109 0.36849602
vt 0.27810109 0.32500477
vt 0.27810109 0.37946429
vt 0.27810109 0.36302240
vt 0.27810109 0.31953116
vt 0.27810109 0.37946429
vt 0.27810109 0.35754879
vt 0.27810109 0.31696429
vt 0.27810109 0.36947091
vt 0.27810109 0.33467765
vt 0.27810109 0.37946429
vt 0.28150202 0.37946429
vt 0.27186389 0.33155300
vt 0.26587702 0.37946429
vt 0.28150202 0.32083203
vt 0.28150202 0.31696429
vt 0.27649701 0.37692364
vt 0.28150202 0.37944330
vt 0.28150202 0.33595206
vt 0.27053887 0.31696429
vt 0.28150202 0.31696429
vt 0.26630361 0.36109252
vt 0.28150202 0.37396963
vt 0.28150202 0.33047839
vt 0.26587702 0.31696429
vt 0.28150202 0.31696429
vt 0.28150202 0.36849602
vt 0.26587702 0.34240093
vt 0.28150202 0.32500477
vt 0.26587702 0.37946429
vt 0.28150202 0.37946429
vt 0.28150202 0.36302240
vt 0.26630265 0.32372917
vt 0.28150202 0.31953116
vt 0.28150202 0.37946429
vt 0.27053732 0.37777592
vt 0.28150202 0.35754879
vt 0.27649481 0.31696429
vt 0.28150202 0.31696429
vt 0.28150202 0.36947091
vt 0.28150202 0.36398591
vt 0.26587702 0.37946429
vt 0.26587702 0.31696429
vt 0.28150202 0.32050429
vt 0.28150202 0.35529766
vt 0.28150202 0.37946429
vt 0.28150202 0.37946429
vt 0.28150202 0.33467765
vt 0.28150202 0.36947091
vt 0.28150202 0.31696429
vt 0.28150202 0.35754879
vt 0.28150202 0.37946429
vt 0.28150202 0.31953116
vt 0.28150202 0.36302240
vt 0.28150202 0.37946429
vt 0.28150202 0.32500477
vt 0.28150202 0.36849602
vt 0.28150202 0.31696429
vt 0.28150202 0.33047839
vt 0.28150202 0.37396963
vt 0.28150202 0.31696429
vt 0.28150202 0.33595206
vt 0.28150202 0.37944330
vt 0.28150202 0.31696429
vt 0.28150202 0.34142567
vt 0.28150202 0.37946429
vt 0.28150202 0.32950391
vt 0.28064484 0.31696429
vt 0.26789046 0.31696429
vt 0.27825732 0.32050429
vt 0.28150202 0.31696429
vt 0.27563328 0.31696429
vt 0.27466173 0.32050429
vt 0.26587702 0.31696429
vt 0.27106638 0.32050429
vt 0.28150202 0.31696429
vt 0.26747108 0.32050429
vt 0.27619798 0.31696429
vt 0.26587702 0.32050429
vt 0.26707793 0.31696429
vt 0.26587702 0.31696429
vt 0.28150202 0.32050429
vt 0.28150202 0.31696429
vt 0.28102139 0.32050429
vt 0.26587702 0.31696429
vt 0.26587702 0.32050429
vt 0.27389390 0.31696429
vt 0.27396951 0.32050429
vt 0.28150202 0.31696429
vt 0.28150202 0.32050429
vt 0.26663638 0.31696429
vt 0.26691733 0.32050429
vt 0.27878077 0.31696429
vt 0.27901609 0.32050429
vt 0.26587702 0.31696429
vt 0.26587702 0.32050429
vt 0.27196390 0.32050429
vt 0.26587702 0.35529766
vt 0.27196390 0.35529766
vt 0.26587702 0.37946429
vt 0.27196390 0.37946429
vt 0.26587702 0.37946429
vt 0.27196390 0.37946429
vt 0.26587702 0.33467765
vt 0.27196390 0.33467765
vt 0.26587702 0.36947091
vt 0.27196390 0.36947091
vt 0.26587702 0.31696429
vt 0.27196390 0.31696429
vt 0.26587702 0.35754879
vt 0.27196390 0.35754879
vt 0.26587702 0.37946429
vt 0.27196390 0.37946429
vt 0.26587702 0.31953116
vt 0.27196390 0.31953116
vt 0.26587702 0.36302240
vt 0.27196390 0.36302240
vt 0.26587702 0.37946429
vt 0.27196390 0.37946429
vt 0.26587702 0.32500477
vt 0.27196390 0.32500477
vt 0.26587702 0.36849602
vt 0.27196390 0.36849602
vt 0.26587702 0.31696429
vt 0.27210609 0.31696429
vt 0.28150202 0.32050429
vt 0.28150202 0.35529766
vt 0.28150202 0.37946429
vt 0.28150202 0.37946429
vt 0.28150202 0.33467765
vt 0.28150202 0.36947091
vt 0.28150202 0.31696429
vt 0.28150202 0.35754879
vt 0.28150202 0.37946429
vt 0.28150202 0.31953116
vt 0.28150202 0.36302240
vt 0.28150202 0.37946429
vt 0.28150202 0.32500477
vt 0.28150202 0.31696429
vt 0.26587702 0.32050429
vt 0.26587702 0.35529766
vt 0.26587702 0.37946429
vt 0.26587702 0.37946429
vt 0.26587702 0.33467765
vt 0.26587702 0.36947091
vt 0.26587702 0.31696429
vt 0.26587702 0.35754879
vt 0.26587702 0.37946429
vt 0.26587702 0.31953116
vt 0.26587702 0.36302240
vt 0.26587702 0.37946429
vt 0.26587702 0.31696429
vt 0.27701078 0.32050429
vt 0.27701078 0.35529766
vt 0.27701078 0.37946429
vt 0.27701078 0.37946429
vt 0.27701078 0.33467765
vt 0.27701078 0.36947091
vt 0.27701078 0.31696429
vt 0.27701078 0.35754879
vt 0.27701078 0.37946429
vt 0.27701078 0.31953116
vt 0.27701078 0.36302240
vt 0.27839888 0.31696429
vt 0.28150202 0.32050429
vt 0.28150202 0.35529766
vt 0.28150202 0.37946429
vt 0.28150202 0.37946429
vt 0.28150202 0.33467765
vt 0.28150202 0.36947091
vt 0.28150202 0.31696429
vt 0.28150202 0.35754879
vt 0.28150202 0.37946429
vt 0.28150202 0.31953116
vt 0.26587702 0.31696429
vt 0.26995859 0.32050429
vt 0.26995859 0.35529766
vt 0.26995859 0.37946429
vt 0.26995859 0.37946429
vt 0.26995859 0.33467765
vt 0.26995859 0.36947091
vt 0.26995859 0.31696429
vt 0.26995859 0.35754879
vt 0.26995859 0.37946429
vt 0.27260513 0.31696429
vt 0.28150202 0.32050429
vt 0.28150202 0.35529766
vt 0.28150202 0.37946429
vt 0.28150202 0.37946429
vt 0.28150202 0.33467765
vt 0.28150202 0.36947091
vt 0.28150202 0.31696429
vt 0.28150202 0.35754879
vt 0.28150202 0.31696429
vt 0.26636321 0.32050429
vt 0.26636321 0.35529766
vt 0.26636321 0.37946429
vt 0.26636321 0.37946429
vt 0.26636321 0.33467765
vt 0.26636321 0.36947091
vt 0.26636321 0.31696429
vt 0.26713277 0.31696429
vt 0.27673370 0.32050429
vt 0.27673370 0.35529766
vt 0.27673370 0.37946429
vt 0.27673370 0.37946429
vt 0.27673370 0.33467765
vt 0.27673370 0.36947091
vt 0.28013647 0.31696429
vt 0.28150202 0.32050429
vt 0.28150202 0.35529766
vt 0.28150202 0.37946429
vt 0.28150202 0.37946429
vt 0.28150202 0.33467765
vt 0.26587702 0.31696429
vt 0.27659521 0.32050429
vt 0.27659521 0.35529766
vt 0.27659521 0.37946429
vt 0.27659521 0.37946429
vt 0.27511326 0.31696429
vt 0.28150202 0.31696429
vt 0.26608620 0.32050429
vt 0.28150202 0.31696429
vt 0.28150202 0.32050429
vt 0.27286135 0.32050429
vt 0.28150202 0.35529766
vt 0.27934530 0.31696429
vt 0.26587702 0.35529766
vt 0.27617968 0.35529766
vt 0.27617968 0.37946429
vt 0.26608620 0.35529766
vt 0.26608620 0.37946429
vt 0.27901609 0.35529766
vt 0.27901609 0.37946429
vt 0.27901609 0.37946429
vt 0.27901609 0.33467765
vt 0.27901609 0.36947091
vt 0.27901609 0.31696429
vt 0.27901609 0.35754879
vt 0.27901609 0.37946429
vt 0.27901609 0.31953116
vt 0.27901609 0.36302240
vt 0.27901609 0.37946429
vt 0.27901609 0.32500477
vt 0.27901609 0.36849602
vt 0.27901609 0.31696429
vt 0.27901609 0.33047839
vt 0.26691733 0.35529766
vt 0.26691733 0.37946429
vt 0.26691733 0.37946429
vt 0.26691733 0.33467765
vt 0.26691733 0.36947091
vt 0.26691733 0.31696429
vt 0.26691733 0.35754879
vt 0.26691733 0.37946429
vt 0.26691733 0.31953116
vt 0.26691733 0.36302240
vt 0.26691733 0.37946429
vt 0.26691733 0.32500477
vt 0.26691733 0.36849602
vt 0.26691733 0.31696429
vt 0.26691733 0.33047839
vt 0.26691733 0.37396963
vt 0.28150202 0.35529766
vt 0.28150202 0.37946429
vt 0.28150202 0.37946429
vt 0.28150202 0.33467765
vt 0.28150202 0.36947091
vt 0.28150202 0.31696429
vt 0.28150202 0.35754879
vt 0.28150202 0.37946429
vt 0.28150202 0.31953116
vt 0.28150202 0.36302240
vt 0.28150202 0.37946429
vt 0.28150202 0.32500477
vt 0.28150202 0.36849602
vt 0.28150202 0.31696429
vt 0.28150202 0.33047839
vt 0.28150202 0.37396963
vt 0.28150202 0.31696429
vt 0.27396951 0.35529766
vt 0.27396951 0.37946429
vt 0.27396951 0.37946429
vt 0.27396951 0.33467765
vt 0.27396951 0.36947091
vt 0.27396951 0.31696429
vt 0.27396951 0.35754879
vt 0.27396951 0.37946429
vt 0.27396951 0.31953116
vt 0.27396951 0.36302240
vt 0.27396951 0.37946429
vt 0.27396951 0.32500477
vt 0.27396951 0.36849602
vt 0.27396951 0.31696429
vt 0.27396951 0.33047839
vt 0.27396951 0.37396963
vt 0.27396951 0.31696429
vt 0.27396951 0.33595206
vt 0.26587702 0.35529766
vt 0.26587702 0.37946429
vt 0.26587702 0.37946429
vt 0.26587702 0.33467765
vt 0.26587702 0.36947091
vt 0.26587702 0.31696429
vt 0.26587702 0.35754879
vt 0.26587702 0.37946429
vt 0.26587702 0.31953116
vt 0.26587702 0.36302240
vt 0.26587702 0.37946429
vt 0.26587702 0.32500477
vt 0.26587702 0.36849602
vt 0.26587702 0.31696429
vt 0.26587702 0.33047839
vt 0.26587702 0.37396963
vt 0.26587702 0.31696429
vt 0.26587702 0.33595206
vt 0.26587702 0.37944330
vt 0.28102139 0.35529766
vt 0.28102139 0.37946429
vt 0.28102139 0.37946429
vt 0.28102139 0.33467765
vt 0.28102139 0.36947091
vt 0.28102139 0.31696429
vt 0.28102139 0.35754879
vt 0.28102139 0.37946429
vt 0.28102139 0.31953116
vt 0.28102139 0.36302240
vt 0.28102139 0.37946429
vt 0.28102139 0.32500477
vt 0.28102139 0.36849602
vt 0.28102139 0.31696429
vt 0.28102139 0.33047839
vt 0.28102139 0.37396963
vt 0.28102139 0.31696429
vt 0.28102139 0.33595206
vt 0.28102139 0.37944330
vt 0.28102139 0.31696429
vt 0.28150202 0.35529766
vt 0.28150202 0.37946429
vt 0.28150202 0.37946429
vt 0.28150202 0.33467765
vt 0.28150202 0.36947091
vt 0.28150202 0.31696429
vt 0.28150202 0.35754879
vt 0.28150202 0.37946429
vt 0.28150202 0.31953116
vt 0.28150202 0.36302240
vt 0.28150202 0.37946429
vt 0.28150202 0.32500477
vt 0.28150202 0.36849602
vt 0.28150202 0.31696429
vt 0.28150202 0.33047839
vt 0.28150202 0.37396963
vt 0.28150202 0.31696429
vt 0.28150202 0.33595206
vt 0.28150202 0.37944330
vt 0.28150202 0.31696429
vt 0.28150202 0.34142567
vt 0.26587702 0.35529766
vt 0.26587702 0.37946429
vt 0.26587702 0.37946429
vt 0.26587702 0.33467765
vt 0.26587702 0.36947091
vt 0.26587702 0.31696429
vt 0.26587702 0.35754879
vt 0.26587702 0.37946429
vt 0.26587702 0.31953116
vt 0.26587702 0.36302240
vt 0.26587702 0.37946429
vt 0.26587702 0.32500477
vt 0.26587702 0.36849602
vt 0.26587702 0.31696429
vt 0.26587702 0.33047839
vt 0.26587702 0.37396963
vt 0.26587702 0.31696429
vt 0.26587702 0.33595206
vt 0.26587702 0.37944330
vt 0.26587702 0.31696429
vt 0.26587702 0.34142567
vt 0.26587702 0.37946429
vt 0.26747108 0.35529766
vt 0.26747108 0.37946429
vt 0.26747108 0.37946429
vt 0.26747108 0.33467765
vt 0.26747108 0.36947091
vt 0.26747108 0.31696429
vt 0.26747108 0.35754879
vt 0.26747108 0.37946429
vt 0.26747108 0.31953116
vt 0.26747108 0.36302240
vt 0.26747108 0.37946429
vt 0.26747108 0.32500477
vt 0.26747108 0.36849602
vt 0.26747108 0.31696429
vt 0.26747108 0.33047839
vt 0.26747108 0.37396963
vt 0.26747108 0.31696429
vt 0.26747108 0.33595206
vt 0.26747108 0.37944330
vt 0.26747108 0.31696429
vt 0.26747108 0.34142567
vt 0.26747108 0.37946429
vt 0.26747108 0.32950391
vt 0.27106638 0.35529766
vt 0.27106638 0.37946429
vt 0.27106638 0.37946429
vt 0.27106638 0.33467765
vt 0.27106638 0.36947091
vt 0.27106638 0.31696429
vt 0.27106638 0.35754879
vt 0.27106638 0.37946429
vt 0.27106638 0.31953116
vt 0.27106638 0.36302240
vt 0.27106638 0.37946429
vt 0.27106638 0.32500477
vt 0.27106638 0.36849602
vt 0.27106638 0.31696429
vt 0.27106638 0.33047839
vt 0.27106638 0.37396963
vt 0.27106638 0.31696429
vt 0.27106638 0.33595206
vt 0.27106638 0.37944330
vt 0.27106638 0.31696429
vt 0.27106638 0.34142567
vt 0.27106638 0.37946429
vt 0.27106638 0.32950391
vt 0.27466173 0.35529766
vt 0.27466173 0.37946429
vt 0.27466173 0.37946429
vt 0.27466173 0.33467765
vt 0.27466173 0.36947091
vt 0.27466173 0.31696429
vt 0.27466173 0.35754879
vt 0.27466173 0.37946429
vt 0.27466173 0.31953116
vt 0.27466173 0.36302240
vt 0.27466173 0.37946429
vt 0.27466173 0.32500477
vt 0.27466173 0.36849602
vt 0.27466173 0.31696429
vt 0.27466173 0.33047839
vt 0.27466173 0.37396963
vt 0.27466173 0.31696429
vt 0.27466173 0.33595206
vt 0.27466173 0.37944330
vt 0.27466173 0.31696429
vt 0.27466173 0.34142567
vt 0.27466173 0.37946429
vt 0.27466173 0.32950391
vt 0.27825732 0.35529766
vt 0.27825732 0.37946429
vt 0.27825732 0.37946429
vt 0.27825732 0.33467765
vt 0.27825732 0.36947091
vt 0.27825732 0.31696429
vt 0.27825732 0.35754879
vt 0.27825732 0.37946429
vt 0.27825732 0.31953116
vt 0.27825732 0.36302240
vt 0.27825732 0.37946429
vt 0.27825732 0.32500477
vt 0.27825732 0.36849602
vt 0.27825732 0.31696429
vt 0.27825732 0.33047839
vt 0.27825732 0.37396963
vt 0.27825732 0.31696429
vt 0.27825732 0.33595206
vt 0.27825732 0.37944330
vt 0.27825732 0.31696429
vt 0.27825732 0.34142567
vt 0.27825732 0.37946429
vt 0.27825732 0.32950391
vt 0.26587702 0.37946429
vt 0.27286135 0.37946429
vt 0.28150202 0.33467765
vt 0.26608620 0.36947091
vt 0.27659521 0.31696429
vt 0.28150202 0.35754879
vt 0.27673370 0.37946429
vt 0.26636321 0.31953116
vt 0.28150202 0.36302240
vt 0.26995859 0.37946429
vt 0.28150202 0.32500477
vt 0.27701078 0.36849602
vt 0.26587702 0.31696429
vt 0.28150202 0.33047839
vt 0.27196390 0.37396963
vt 0.26587702 0.31696429
vt 0.27901609 0.33595206
vt 0.26691733 0.37944330
vt 0.28150202 0.31696429
vt 0.27396951 0.34142567
vt 0.26587702 0.37946429
vt 0.26587702 0.37946429
vt 0.26587702 0.33467765
vt 0.27617968 0.36947091
vt 0.26587702 0.31696429
vt 0.27286135 0.35754879
vt 0.28150202 0.37946429
vt 0.26608620 0.31953116
vt 0.27659521 0.36302240
vt 0.28150202 0.37946429
vt 0.27673370 0.32500477
vt 0.26636321 0.36849602
vt 0.28150202 0.31696429
vt 0.26995859 0.33047839
vt 0.28150202 0.37396963
vt 0.27701078 0.31696429
vt 0.26587702 0.33595206
vt 0.28150202 0.37944330
vt 0.27196390 0.31696429
vt 0.26587702 0.34142567
vt 0.27901609 0.37946429
vt 0.26691733 0.32950391
vt 0.26587702 0.37946429
vt 0.27286135 0.33467765
vt 0.28150202 0.36947091
vt 0.26608620 0.31696429
vt 0.27659521 0.35754879
vt 0.28150202 0.37946429
vt 0.27673370 0.31953116
vt 0.26636321 0.36302240
vt 0.28150202 0.37946429
vt 0.26995859 0.32500477
vt 0.28150202 0.36849602
vt 0.27701078 0.31696429
vt 0.26587702 0.33047839
vt 0.28150202 0.37396963
vt 0.27196390 0.31696429
vt 0.26587702 0.33595206
vt 0.27901609 0.37944330
vt 0.26691733 0.31696429
vt 0.28150202 0.34142567
vt 0.27396951 0.37946429
vt 0.26587702 0.32950391
vt 0.26587702 0.37946429
vt 0.26587702 0.31953116
vt 0.27617968 0.36302240
vt 0.26587702 0.37946429
vt 0.27286135 0.32500477
vt 0.28150202 0.36849602
vt 0.26608620 0.31696429
vt 0.27659521 0.33047839
vt 0.28150202 0.37396963
vt 0.27673370 0.31696429
vt 0.26636321 0.33595206
vt 0.28150202 0.37944330
vt 0.26995859 0.31696429
vt 0.28150202 0.34142567
vt 0.27701078 0.37946429
vt 0.26587702 0.32950391
vt 0.26587702 0.31953116
vt 0.26587702 0.36302240
vt 0.27617968 0.37946429
vt 0.26587702 0.32500477
vt 0.27286135 0.36849602
vt 0.28150202 0.31696429
vt 0.26608620 0.33047839
vt 0.27659521 0.37396963
vt 0.28150202 0.31696429
vt 0.27673370 0.33595206
vt 0.26636321 0.37944330
vt 0.28150202 0.31696429
vt 0.26995859 0.34142567
vt 0.28150202 0.37946429
vt 0.27701078 0.32950391
vt 0.26587702 0.36849602
vt 0.26587702 0.31696429
vt 0.26587702 0.31696429
vt 0.27617968 0.33047839
vt 0.26587702 0.37396963
vt 0.27286135 0.31696429
vt 0.28150202 0.33595206
vt 0.26608620 0.37944330
vt 0.27659521 0.31696429
vt 0.28150202 0.34142567
vt 0.27673370 0.37946429
vt 0.26636321 0.32950391
vt 0.26587702 0.33047839
vt 0.27617968 0.37396963
vt 0.26587702 0.31696429
vt 0.27286135 0.33595206
vt 0.28150202 0.37944330
vt 0.26608620 0.31696429
vt 0.27659521 0.34142567
vt 0.28150202 0.37946429
vt 0.27673370 0.32950391
vt 0.45942540 0.37845777
vt 0.47505040 0.37845777
vt 0.45942540 0.33258929
vt 0.47505040 0.33258929
vt 0.45942540 0.31696429
vt 0.47505040 0.31696429
vt 0.46146478 0.36449827
vt 0.47301103 0.36449827
vt 0.46783741 0.31696429
vt 0.46663840 0.31696429
vt 0.47505040 0.37946429
vt 0.45942540 0.37946429
vt 0.45942540 0.32665093
vt 0.47505040 0.32665093
vt 0.46944203 0.37946429
vt 0.46503378 0.37946429
vt 0.45942540 0.31696429
vt 0.47505040 0.31696429
vt 0.46958165 0.35761716
vt 0.46489415 0.35761716
vt 0.45942540 0.37946429
vt 0.47505040 0.37946429
vt 0.47488565 0.31696429
vt 0.45959015 0.31696429
vt 0.46308003 0.31696429
vt 0.47139578 0.31696429
vt 0.45942540 0.31696429
vt 0.47301103 0.31696429
vt 0.46146478 0.31696429
vt 0.46663840 0.35058741
vt 0.46783741 0.35058741
vt 0.45942540 0.37946429
vt 0.47505040 0.37946429
vt 0.47505040 0.33852767
vt 0.45942540 0.33852767
vt 0.46503378 0.37946429
vt 0.46944203 0.37946429
vt 0.47505040 0.35161878
vt 0.45942540 0.35161878
vt 0.46489415 0.31696429
vt 0.46958165 0.31696429
vt 0.47505040 0.31696429
vt 0.45942540 0.31696429
vt 0.45959015 0.37199678
vt 0.47488565 0.37199678
vt 0.47139578 0.35652578
vt 0.46308003 0.35652578
vt 0.45942540 0.35133929
vt 0.45942540 0.33135629
vt 0.46683165 0.33135629
vt 0.45942540 0.31696429
vt 0.46683165 0.31696429
vt 0.45942540 0.36507228
vt 0.46683165 0.36507228
vt 0.45942540 0.31943016
vt 0.46683165 0.31943016
vt 0.45942540 0.37946429
vt 0.46683165 0.37946429
vt 0.45942540 0.35314603
vt 0.46683165 0.35314603
vt 0.45942540 0.31696429
vt 0.46683165 0.31696429
vt 0.45942540 0.37946429
vt 0.46683165 0.37946429
vt 0.45942540 0.34121992
vt 0.46683165 0.34121992
vt 0.45942540 0.31696429
vt 0.46683165 0.31696429
vt 0.45942540 0.37493576
vt 0.46683165 0.37493576
vt 0.45942540 0.32929369
vt 0.46683165 0.32929369
vt 0.45942540 0.37946429
vt 0.46683165 0.37946429
vt 0.45942540 0.36300953
vt 0.46683165 0.36300953
vt 0.45942540 0.31736769
vt 0.46683165 0.31736769
vt 0.45942540 0.37946429
vt 0.46683165 0.37946429
vt 0.45942540 0.35108341
vt 0.46683165 0.35108341
vt 0.45942540 0.31696429
vt 0.46683165 0.31696429
vt 0.45942540 0.37946429
vt 0.46683165 0.37946429
vt 0.45942540 0.33915676
vt 0.46683165 0.33915676
vt 0.45942540 0.31696429
vt 0.46683165 0.31696429
vt 0.45942540 0.37287308
vt 0.46683165 0.37287308
vt 0.45942540 0.32723059
vt 0.46683165 0.32723059
vt 0.45942540 0.37946429
vt 0.46683165 0.37946429
vt 0.45942540 0.36094679
vt 0.46683165 0.36094679
vt 0.45942540 0.31696429
vt 0.46683165 0.31696429
vt 0.45942540 0.37946429
vt 0.46683165 0.37946429
vt 0.45942540 0.33548178
vt 0.46683165 0.33548178
vt 0.45942540 0.31696429
vt 0.46683165 0.31696429
vt 0.45942540 0.36919798
vt 0.46683165 0.36919798
vt 0.45942540 0.32355549
vt 0.46683165 0.32355549
vt 0.45942540 0.37946429
vt 0.46683165 0.37946429
vt 0.45942540 0.35727181
vt 0.46683165 0.35727181
vt 0.45942540 0.31696429
vt 0.46683165 0.31696429
vt 0.45942540 0.37946429
vt 0.46683165 0.37946429
vt 0.45942540 0.34534516
vt 0.46683165 0.34534516
vt 0.45942540 0.31696429
vt 0.46683165 0.31696429
vt 0.45942540 0.37906088
vt 0.46683165 0.37906088
vt 0.45942540 0.33341904
vt 0.46683165 0.33341904
vt 0.45942540 0.31696429
vt 0.46683165 0.31696429
vt 0.45942540 0.36713489
vt 0.46683165 0.36713489
vt 0.45942540 0.32149281
vt 0.46683165 0.32149281
vt 0.45942540 0.37946429
vt 0.46683165 0.37946429
vt 0.45942540 0.35520865
vt 0.46683165 0.35520865
vt 0.45942540 0.31696429
vt 0.46683165 0.31696429
vt 0.45942540 0.37946429
vt 0.46683165 0.37946429
vt 0.45942540 0.34328254
vt 0.46683165 0.34328254
vt 0.45942540 0.31696429
vt 0.46683165 0.31696429
vt 0.45942540 0.37699841
vt 0.46683165 0.37699841
vt 0.47505040 0.34736051
vt 0.47505040 0.37946429
vt 0.45942540 0.37946429
vt 0.47505040 0.31696429
vt 0.45942540 0.31696429
vt 0.45942540 0.35743965
vt 0.46146478 0.36005528
vt 0.45942540 0.37946429
vt 0.46783741 0.37946429
vt 0.46733394 0.33293842
vt 0.47505040 0.33883928
vt 0.47505040 0.37946429
vt 0.45942540 0.37946429
vt 0.45971181 0.32785453
vt 0.46944203 0.33828078
vt 0.47439238 0.37946429
vt 0.45942540 0.37946429
vt 0.45943500 0.35036141
vt 0.46958165 0.36693641
vt 0.47505040 0.31696429
vt 0.45942540 0.33186228
vt 0.46455737 0.31696429
vt 0.47488565 0.31696429
vt 0.45942540 0.31696429
vt 0.46308003 0.31696429
vt 0.47279350 0.37676979
vt 0.45942540 0.31696429
vt 0.46168231 0.37676979
vt 0.47139578 0.31696429
vt 0.47505040 0.31696429
vt 0.45959015 0.31696429
vt 0.46991844 0.31696429
vt 0.47505040 0.33186228
vt 0.45942540 0.31696429
vt 0.46489415 0.36693641
vt 0.47504081 0.35036141
vt 0.47505040 0.37946429
vt 0.46008343 0.37946429
vt 0.46503378 0.33828078
vt 0.47476400 0.32785453
vt 0.47505040 0.37946429
vt 0.45942540 0.37946429
vt 0.45942540 0.33883928
vt 0.46714187 0.33293842
vt 0.46663840 0.37946429
vt 0.47505040 0.37946429
vt 0.47301103 0.36005528
vt 0.47505040 0.35743965
vt 0.47505040 0.31696429
vt 0.45942540 0.31696429
vt 0.47505040 0.37946429
vt 0.45942540 0.37946429
vt 0.45942540 0.34736051
vt 0.47505040 0.34609576
vt 0.47505040 0.31696429
vt 0.47301103 0.31696429
vt 0.47505040 0.37810154
vt 0.46663840 0.37396617
vt 0.46714187 0.32599016
vt 0.45942540 0.32008930
vt 0.45942540 0.37946429
vt 0.47505040 0.37946429
vt 0.47476400 0.33107402
vt 0.46503378 0.32064773
vt 0.46008343 0.37946429
vt 0.47505040 0.37293495
vt 0.47504081 0.31696429
vt 0.46489415 0.31696429
vt 0.45942540 0.34737505
vt 0.47505040 0.32706644
vt 0.46991844 0.37702944
vt 0.45959015 0.35255696
vt 0.47505040 0.37946429
vt 0.47139578 0.36802794
vt 0.46168231 0.37946429
vt 0.45942540 0.37321426
vt 0.47279350 0.37946429
vt 0.46308003 0.36802794
vt 0.45942540 0.37946429
vt 0.47488565 0.35255696
vt 0.46455737 0.37702944
vt 0.45942540 0.32706644
vt 0.47505040 0.34737505
vt 0.46958165 0.31696429
vt 0.45943500 0.31696429
vt 0.45942540 0.37293495
vt 0.47439238 0.37946429
vt 0.46944203 0.32064773
vt 0.45971181 0.33107402
vt 0.45942540 0.37946429
vt 0.47505040 0.37946429
vt 0.47505040 0.32008930
vt 0.46733394 0.32599016
vt 0.46783741 0.37396617
vt 0.45942540 0.37810154
vt 0.46146478 0.31696429
vt 0.45942540 0.31696429
vt 0.45942540 0.34609576
vt 0.46417384 0.32961504
vt 0.45942540 0.32961504
vt 0.46417384 0.31696429
vt 0.45942540 0.31696429
vt 0.46417384 0.36681354
vt 0.45942540 0.36681354
vt 0.46417384 0.32291278
vt 0.45942540 0.32291278
vt 0.46417384 0.37946429
vt 0.45942540 0.37946429
vt 0.46417384 0.36011128
vt 0.45942540 0.36011128
vt 0.46417384 0.31696429
vt 0.45942540 0.31696429
vt 0.46417384 0.37946429
vt 0.45942540 0.37946429
vt 0.46417384 0.35340901
vt 0.45942540 0.35340901
vt 0.46417384 0.31696429
vt 0.45942540 0.31696429
vt 0.46417384 0.37946429
vt 0.45942540 0.37946429
vt 0.46417384 0.34670677
vt 0.45942540 0.34670677
vt 0.46417384 0.31696429
vt 0.45942540 0.31696429
vt 0.46417384 0.37946429
vt 0.45942540 0.37946429
vt 0.46417384 0.34000470
vt 0.45942540 0.34000470
vt 0.46417384 0.31696429
vt 0.45942540 0.31696429
vt 0.46417384 0.37720300
vt 0.45942540 0.37720300
vt 0.46417384 0.33330180
vt 0.45942540 0.33330180
vt 0.46417384 0.31696429
vt 0.45942540 0.31696429
vt 0.46417384 0.37050058
vt 0.45942540 0.37050058
vt 0.46417384 0.32660057
vt 0.45942540 0.32660057
vt 0.46417384 0.37946429
vt 0.45942540 0.37946429
vt 0.46417384 0.36379804
vt 0.45942540 0.36379804
vt 0.46417384 0.31989803
vt 0.45942540 0.31989803
vt 0.46417384 0.37946429
vt 0.45942540 0.37946429
vt 0.46417384 0.35709681
vt 0.45942540 0.35709681
vt 0.46417384 0.31696429
vt 0.45942540 0.31696429
vt 0.46417384 0.37946429
vt 0.45942540 0.37946429
vt 0.46417384 0.33933176
vt 0.45942540 0.33933176
vt 0.46417384 0.31696429
vt 0.45942540 0.31696429
vt 0.46417384 0.37653055
vt 0.45942540 0.37653055
vt 0.46417384 0.33263053
vt 0.45942540 0.33263053
vt 0.46417384 0.31696429
vt 0.45942540 0.31696429
vt 0.46417384 0.36982800
vt 0.45942540 0.36982800
vt 0.46417384 0.32592799
vt 0.45942540 0.32592799
vt 0.46417384 0.37946429
vt 0.45942540 0.37946429
vt 0.46417384 0.36312677
vt 0.45942540 0.36312677
vt 0.46417384 0.31922557
vt 0.45942540 0.31922557
vt 0.46417384 0.37946429
vt 0.45942540 0.37946429
vt 0.46417384 0.35642387
vt 0.45942540 0.35642387
vt 0.46417384 0.31696429
vt 0.45942540 0.31696429
vt 0.46417384 0.37946429
vt 0.45942540 0.37946429
vt 0.46417384 0.34972181
vt 0.45942540 0.34972181
vt 0.46417384 0.31696429
vt 0.45942540 0.31696429
vt 0.46417384 0.37946429
vt 0.45942540 0.37946429
vt 0.46417384 0.34301956
vt 0.45942540 0.34301956
vt 0.46417384 0.31696429
vt 0.45942540 0.31696429
vt 0.46417384 0.37946429
vt 0.45942540 0.37946429
vt 0.46417384 0.33631729
vt 0.45942540 0.33631729
vt 0.46417384 0.31696429
vt 0.45942540 0.31696429
vt 0.46417384 0.37351579
vt 0.45942540 0.37351579
vt 0.45942540 0.32932154
vt 0.45942540 0.31696429
vt 0.45942540 0.31696429
vt 0.45942540 0.31696429
vt 0.45942540 0.36710704
vt 0.45942540 0.36933704
vt 0.45942540 0.37946429
vt 0.45942540 0.36933704
vt 0.45942540 0.37946429
vt 0.45942540 0.36933704
vt 0.45942540 0.37946429
vt 0.45942540 0.36710704
vt 0.45942540 0.32349991
vt 0.45942540 0.37292867
vt 0.45942540 0.37946429
vt 0.45942540 0.32709153
vt 0.45942540 0.32709153
vt 0.45942540 0.31696429
vt 0.45942540 0.32709153
vt 0.45942540 0.31696429
vt 0.45942540 0.32932154
vt 0.45942540 0.31696429
vt 0.45942540 0.34059453
vt 0.45942540 0.31696429
vt 0.45942540 0.37946429
vt 0.45942540 0.35409753
vt 0.45942540 0.35409753
vt 0.45942540 0.31696429
vt 0.45942540 0.31696429
vt 0.45942540 0.36760055
vt 0.45942540 0.37875028
vt 0.45942540 0.31696429
vt 0.45942540 0.31696429
vt 0.45942540 0.37946429
vt 0.45942540 0.34096463
vt 0.45942540 0.32535519
vt 0.45942540 0.37946429
vt 0.45942540 0.37946429
vt 0.45942540 0.33885814
vt 0.45942540 0.37946429
vt 0.45942540 0.33885814
vt 0.45942540 0.37946429
vt 0.45942540 0.33885814
vt 0.45942540 0.37946429
vt 0.45942540 0.31696429
vt 0.45942540 0.33514305
vt 0.45942540 0.31696429
vt 0.45942540 0.36760055
vt 0.45942540 0.37875028
vt 0.45942540 0.36760055
vt 0.45942540 0.31696429
vt 0.45942540 0.31696429
vt 0.45942540 0.31696429
vt 0.45942540 0.37946429
vt 0.45942540 0.34096463
vt 0.45942540 0.32535519
vt 0.45942540 0.37946429
vt 0.45942540 0.34678628
vt 0.45942540 0.35236116
vt 0.45942540 0.31696429
vt 0.45942540 0.31696429
vt 0.45942540 0.36586417
vt 0.45942540 0.36586417
vt 0.45942540 0.31696429
vt 0.45942540 0.31696429
vt 0.45942540 0.37936701
vt 0.45942540 0.35260774
vt 0.45942540 0.32361867
vt 0.45942540 0.37946429
vt 0.45942540 0.37946429
vt 0.45942540 0.33712150
vt 0.45942540 0.37946429
vt 0.45942540 0.33712150
vt 0.45942540 0.37946429
vt 0.45942540 0.33712150
vt 0.45942540 0.37946429
vt 0.45942540 0.31696429
vt 0.45942540 0.37946429
vt 0.45942540 0.36586417
vt 0.45942540 0.31696429
vt 0.45942540 0.31696429
vt 0.45942540 0.31696429
vt 0.45942540 0.37936701
vt 0.45942540 0.37936701
vt 0.45942540 0.35260774
vt 0.45942540 0.32361867
vt 0.45942540 0.37946429
vt 0.45942540 0.35842933
vt 0.45942540 0.35062434
vt 0.45942540 0.31696429
vt 0.45942540 0.31696429
vt 0.45942540 0.36412801
vt 0.45942540 0.36412801
vt 0.45942540 0.31696429
vt 0.45942540 0.32064428
vt 0.45942540 0.37763049
vt 0.45942540 0.36425056
vt 0.45942540 0.32188179
vt 0.45942540 0.37946429
vt 0.45942540 0.37946429
vt 0.45942540 0.32646550
vt 0.45942540 0.33538558
vt 0.45942540 0.37946429
vt 0.45942540 0.33538558
vt 0.45942540 0.37946429
vt 0.45942540 0.33538558
vt 0.45942540 0.37946429
vt 0.45942540 0.32646550
vt 0.45942540 0.37007298
vt 0.45942540 0.37946429
vt 0.45942540 0.36412801
vt 0.45942540 0.31696429
vt 0.45942540 0.32064428
vt 0.45942540 0.31696429
vt 0.45942540 0.37763049
vt 0.45942540 0.37763049
vt 0.45942540 0.36425056
vt 0.45942540 0.32188179
vt 0.45942540 0.37946429
vt 0.45942540 0.37946429
vt 0.45942540 0.34888806
vt 0.45942540 0.31696429
vt 0.45942540 0.31696429
vt 0.45942540 0.36239173
vt 0.45942540 0.36239173
vt 0.45942540 0.31696429
vt 0.45942540 0.31696429
vt 0.45942540 0.37589421
vt 0.45942540 0.37589421
vt 0.45942540 0.32053437
vt 0.45942540 0.32053437
vt 0.45942540 0.37946429
vt 0.45942540 0.36414184
vt 0.45942540 0.33403684
vt 0.45942540 0.37946429
vt 0.45942540 0.37946429
vt 0.45942540 0.34754051
vt 0.45942540 0.37946429
vt 0.45942540 0.34754051
vt 0.45942540 0.37946429
vt 0.45942540 0.34754051
vt 0.45942540 0.37946429
vt 0.45942540 0.32635559
vt 0.45942540 0.33228673
vt 0.45942540 0.31696429
vt 0.45942540 0.37589421
vt 0.45942540 0.32053437
vt 0.45942540 0.37589421
vt 0.45942540 0.37589421
vt 0.45942540 0.32053437
vt 0.45942540 0.37946429
vt 0.45942540 0.32053437
vt 0.45942540 0.37946429
vt 0.45942540 0.36414184
vt 0.45942540 0.33403684
vt 0.45942540 0.31696429
vt 0.45942540 0.36996307
vt 0.45942540 0.36104299
vt 0.45942540 0.31696429
vt 0.45942540 0.31696429
vt 0.45942540 0.37454678
vt 0.45942540 0.37454678
vt 0.45942540 0.31879808
vt 0.45942540 0.33217801
vt 0.45942540 0.37578429
vt 0.45942540 0.37946429
vt 0.45942540 0.33230056
vt 0.45942540 0.37946429
vt 0.45942540 0.33230056
vt 0.45942540 0.37946429
vt 0.45942540 0.33230056
vt 0.45942540 0.37578429
vt 0.45942540 0.31696429
vt 0.45942540 0.31696429
vt 0.45942540 0.37454678
vt 0.45942540 0.31879808
vt 0.45942540 0.33217801
vt 0.45942540 0.31879808
vt 0.45942540 0.37946429
vt 0.45942540 0.33799924
vt 0.45942540 0.34580423
vt 0.45942540 0.31696429
vt 0.45942540 0.31696429
vt 0.45942540 0.35930707
vt 0.45942540 0.35930707
vt 0.45942540 0.31696429
vt 0.45942540 0.31696429
vt 0.45942540 0.37280990
vt 0.45942540 0.34382083
vt 0.45942540 0.31706156
vt 0.45942540 0.37946429
vt 0.45942540 0.37946429
vt 0.45942540 0.33056440
vt 0.45942540 0.37946429
vt 0.45942540 0.33056440
vt 0.45942540 0.37946429
vt 0.45942540 0.33056440
vt 0.45942540 0.37946429
vt 0.45942540 0.31696429
vt 0.45942540 0.37946429
vt 0.45942540 0.35930707
vt 0.45942540 0.31696429
vt 0.45942540 0.31696429
vt 0.45942540 0.31696429
vt 0.45942540 0.37280990
vt 0.45942540 0.37280990
vt 0.45942540 0.34382083
vt 0.45942540 0.31706156
vt 0.45942540 0.37946429
vt 0.45942540 0.34964229
vt 0.45942540 0.34406741
vt 0.45942540 0.31696429
vt 0.45942540 0.31696429
vt 0.45942540 0.35757043
vt 0.45942540 0.35757043
vt 0.45942540 0.31696429
vt 0.45942540 0.31696429
vt 0.45942540 0.37107338
vt 0.45942540 0.35546394
vt 0.45942540 0.31696429
vt 0.45942540 0.37946429
vt 0.45942540 0.37946429
vt 0.45942540 0.31767829
vt 0.45942540 0.32882802
vt 0.45942540 0.37946429
vt 0.45942540 0.32882802
vt 0.45942540 0.37946429
vt 0.45942540 0.32882802
vt 0.45942540 0.37946429
vt 0.45942540 0.31767829
vt 0.45942540 0.36128552
vt 0.45942540 0.37946429
vt 0.45942540 0.35757043
vt 0.45942540 0.31696429
vt 0.45942540 0.31696429
vt 0.45942540 0.31696429
vt 0.45942540 0.37107338
vt 0.45942540 0.37107338
vt 0.45942540 0.35546394
vt 0.45942540 0.31696429
vt 0.45942540 0.37946429
vt 0.45942540 0.37946429
vt 0.45942540 0.34233104
vt 0.45942540 0.37946429
vt 0.45942540 0.31696429
vt 0.45942540 0.35583404
vt 0.45942540 0.35583404
vt 0.45942540 0.32349991
vt 0.45942540 0.31696429
vt 0.45942540 0.35583404
vt 0.45942540 0.37946429
vt 0.45942540 0.31696429
vt 0.45942540 0.34233104
vt 0.45942540 0.34233104
vt 0.45942540 0.36128552
vt 0.45942540 0.37946429
vt 0.45942540 0.31696429
vt 0.45942540 0.34406741
vt 0.45942540 0.34964229
vt 0.45942540 0.34406741
vt 0.45942540 0.37946429
vt 0.45942540 0.37946429
vt 0.45942540 0.31696429
vt 0.45942540 0.37946429
vt 0.45942540 0.31696429
vt 0.45942540 0.34580423
vt 0.45942540 0.33799924
vt 0.45942540 0.34580423
vt 0.45942540 0.37946429
vt 0.45942540 0.37946429
vt 0.45942540 0.31696429
vt 0.45942540 0.31696429
vt 0.45942540 0.31696429
vt 0.45942540 0.36104299
vt 0.45942540 0.36996307
vt 0.45942540 0.36104299
vt 0.45942540 0.31696429
vt 0.45942540 0.31696429
vt 0.45942540 0.32635559
vt 0.45942540 0.33228673
vt 0.45942540 0.36239173
vt 0.45942540 0.31696429
vt 0.45942540 0.31696429
vt 0.45942540 0.31696429
vt 0.45942540 0.34888806
vt 0.45942540 0.34888806
vt 0.45942540 0.37007298
vt 0.45942540 0.37946429
vt 0.45942540 0.31696429
vt 0.45942540 0.35062434
vt 0.45942540 0.35842933
vt 0.45942540 0.35062434
vt 0.45942540 0.37946429
vt 0.45942540 0.37946429
vt 0.45942540 0.31696429
vt 0.45942540 0.37946429
vt 0.45942540 0.31696429
vt 0.45942540 0.35236116
vt 0.45942540 0.34678628
vt 0.45942540 0.35236116
vt 0.45942540 0.37946429
vt 0.45942540 0.37946429
vt 0.45942540 0.31696429
vt 0.45942540 0.33514305
vt 0.45942540 0.35409753
vt 0.45942540 0.37946429
vt 0.45942540 0.31696429
vt 0.45942540 0.37946429
vt 0.45942540 0.34059453
vt 0.45942540 0.34059453
vt 0.45942540 0.37292867
vt 0.45942540 0.37946429
vt 0.45942540 0.31696429
vt 0.45942540 0.37946429
vt 0.45942540 0.37946429
vt 0.45942540 0.32535519
vt 0.45942540 0.32361867
vt 0.45942540 0.32188179
vt 0.45942540 0.37946429
vt 0.45942540 0.33403684
vt 0.45942540 0.31706156
vt 0.45942540 0.31696429
vt 0.45942540 0.37946429
vt 0.45942540 0.31696429
f 1/1 2/2 3/3
f 3/3 2/2 4/4
f 3/3 4/4 5/5
f 5/5 4/4 6/6
f 6/6 4/4 7/7
f 7/7 4/4 8/8
f 7/7 8/8 9/9
f 9/9 8/8 10/10
f 10/10 8/8 11/11
f 10/10 11/11 12/12
f 12/12 11/11 13/13
f 12/12 13/13 14/14
f 14/14 13/13 15/15
f 14/14 15/15 16/16
f 16/16 15/15 17/17
f 16/16 17/17 18/18
f 18/18 17/17 19/19
f 18/18 19/19 20/20
f 20/20 19/19 21/21
f 21/21 19/19 22/22
f 21/21 22/22 23/23
f 23/23 22/22 24/24
f 23/23 24/24 25/25
f 25/25 24/24 26/26
f 25/25 26/26 27/27
f 27/27 26/26 28/28
f 27/27 28/28 29/29
f 29/29 28/28 30/30
f 29/29 30/30 31/31
f 31/31 30/30 32/32
f 32/32 30/30 33/33
f 32/32 33/33 34/34
f 34/34 33/33 35/35
f 35/35 33/33 36/36
f 36/36 33/33 37/37
f 36/36 37/37 38/38
f 38/38 37/37 39/39
f 38/38 39/39 40/40
f 40/40 39/39 41/41
f 41/41 39/39 42/42
f 41/41 42/42 43/43
f 43/43 42/42 44/44
f 43/43 44/44 45/45
f 45/45 44/44 46/46
f 45/45 46/46 47/47
f 47/47 46/46 48/48
f 48/48 46/46 49/49
f 48/48 49/49 50/50
f 50/50 49/49 51/51
f 50/50 51/51 52/52
f 52/52 51/51 53/53
f 52/52 53/53 54/54
f 54/54 53/53 55/55
f 55/55 53/53 56/56
f 55/55 56/56 57/57
f 57/57 56/56 58/58
f 57/57 58/58 59/59
f 59/59 58/58 60/60
f 59/59 60/60 61/61
f 61/61 60/60 62/62
f 62/62 60/60 63/63
f 62/62 63/63 64/64
f 64/64 63/63 65/65
f 64/64 65/65 66/66
f 66/66 65/65 67/67
f 66/66 67/67 68/68
f 68/68 67/67 69/69
f 68/68 69/69 70/70
f 70/70 69/69 71/71
f 71/71 69/69 72/72
f 71/71 72/72 73/73
f 73/73 72/72 74/74
f 73/73 74/74 75/75
f 75/75 74/74 76/76
f 75/75 76/76 77/77
f 77/77 76/76 78/78
f 77/77 78/78 79/79
f 79/79 78/78 80/80
f 80/80 78/78 81/81
f 80/80 81/81 82/82
f 82/82 81/81 83/83
f 82/82 83/83 84/84
f 84/84 83/83 85/85
f 84/84 85/85 86/86
f 86/86 85/85 87/87
f 86/86 87/87 88/88
f 88/88 87/87 89/89
f 89/89 87/87 90/90
f 89/89 90/90 91/91
f 91/91 90/90 92/92
f 91/91 92/92 93/93
f 93/93 92/92 94/94
f 93/93 94/94 95/95
f 95/95 94/94 96/96
f 95/95 96/96 97/97
f 97/97 96/96 98/98
f 98/98 96/96 99/99
f 98/98 99/99 100/100
f 100/100 99/99 101/101
f 100/100 101/101 102/102
f 102/102 101/101 103/103
f 102/102 103/103 104/104
f 104/104 103/103 105/105
f 105/105 103/103 106/106
f 105/105 106/106 107/107
f 107/107 106/106 108/108
f 107/107 108/108 109/109
f 109/109 108/108 110/110
f 109/109 110/110 111/111
f 111/111 110/110 112/112
f 112/112 110/110 113/113
f 112/112 113/113 114/114
f 114/114 113/113 115/115
f 114/114 115/115 116/116
f 116/116 115/115 117/117
f 116/116 117/117 118/118
f 118/118 117/117 1/1
f 1/1 117/117 2/2
f 119/119 120/120 121/121
f 121/121 120/120 122/122
f 122/122 120/120 123/123
f 122/122 123/123 124/124
f 124/124 123/123 125/125
f 124/124 125/125 126/126
f 126/126 125/125 127/127
f 127/127 125/125 128/128
f 127/127 128/128 129/129
f 129/129 128/128 130/130
f 129/129 130/130 131/131
f 129/129 131/131 132/132
f 132/132 131/131 133/133
f 132/132 133/133 134/134
f 134/134 133/133 135/135
f 134/134 135/135 136/136
f 136/136 135/135 137/137
f 136/136 137/137 138/138
f 138/138 137/137 139/139
f 138/138 139/139 140/140
f 140/140 139/139 141/141
f 140/140 141/141 142/142
f 142/142 141/141 143/143
f 142/142 143/143 144/144
f 144/144 143/143 145/145
f 144/144 145/145 146/146
f 146/146 145/145 147/147
f 146/146 147/147 148/148
f 148/148 147/147 149/149
f 148/148 149/149 150/150
f 150/150 149/149 151/151
f 151/151 149/149 152/152
f 153/153 154/154 155/155
f 155/155 154/154 156/156
f 155/155 156/156 157/157
f 157/157 156/156 158/158
f 157/157 158/158 159/159
f 159/159 160/160 157/157
f 157/157 160/160 161/161
f 157/157 161/161 162/162
f 163/163 164/164 160/160
f 160/160 164/164 161/161
f 157/157 162/162 165/165
f 165/165 162/162 166/166
f 165/165 166/166 167/167
f 167/167 168/168 165/165
f 165/165 168/168 169/169
f 165/165 169/169 157/157
f 157/157 169/169 170/170
f 157/157 170/170 171/171
f 171/171 170/170 172/172
f 171/171 172/172 173/173
f 173/173 172/172 174/174
f 173/173 174/174 175/175
f 175/175 174/174 176/176
f 175/175 176/176 177/177
f 177/177 176/176 178/178
f 177/177 178/178 179/179
f 179/179 178/178 180/180
f 179/179 180/180 181/181
f 169/169 168/168 170/170
f 170/170 168/168 172/172
f 178/178 182/182 180/180
f 180/180 182/182 183/183
f 180/180 183/183 184/184
f 184/184 183/183 185/185
f 184/184 185/185 186/186
f 186/186 185/185 187/187
f 186/186 187/187 188/188
f 182/182 185/185 183/183
f 189/189 190/190 188/188
f 188/188 190/190 191/191
f 188/188 191/191 186/186
f 186/186 191/191 184/184
f 190/190 189/189 192/192
f 192/192 189/189 193/193
f 192/192 193/193 194/194
f 194/194 193/193 195/195
f 194/194 195/195 190/190
f 193/193 196/196 195/195
f 195/195 196/196 197/197
f 195/195 197/197 198/198
f 198/198 197/197 196/196
f 198/198 196/196 199/199
f 198/198 199/199 200/200
f 200/200 199/199 201/201
f 200/200 201/201 202/202
f 202/202 201/201 203/203
f 202/202 203/203 204/204
f 204/204 203/203 205/205
f 204/204 205/205 206/206
f 206/206 205/205 207/207
f 206/206 207/207 208/208
f 208/208 207/207 209/209
f 208/208 209/209 210/210
f 210/210 209/209 211/211
f 210/210 211/211 212/212
f 212/212 211/211 213/213
f 213/213 211/211 214/214
f 213/213 214/214 215/215
f 215/215 214/214 216/216
f 216/216 214/214 211/211
f 216/216 211/211 217/217
f 217/217 211/211 209/209
f 205/205 209/209 207/207
f 213/213 215/215 218/218
f 218/218 215/215 219/219
f 218/218 219/219 220/220
f 220/220 219/219 221/221
f 220/220 221/221 222/222
f 222/222 221/221 223/223
f 222/222 223/223 224/224
f 224/224 223/223 225/225
f 225/225 223/223 226/226
f 225/225 226/226 227/227
f 221/221 226/226 223/223
f 228/228 229/229 227/227
f 227/227 229/229 230/230
f 227/227 230/230 225/225
f 229/229 228/228 231/231
f 231/231 228/228 232/232
f 231/231 232/232 233/233
f 233/233 232/232 234/234
f 233/233 234/234 235/235
f 235/235 234/234 236/236
f 236/236 234/234 237/237
f 236/236 237/237 238/238
f 238/238 237/237 239/239
f 238/238 239/239 240/240
f 240/240 239/239 241/241
f 240/240 241/241 242/242
f 242/242 241/241 243/243
f 242/242 243/243 244/244
f 244/244 243/243 245/245
f 244/244 245/245 246/246
f 246/246 245/245 247/247
f 247/247 245/245 248/248
f 247/247 248/248 249/249
f 249/249 248/248 250/250
f 250/250 248/248 251/251
f 251/251 248/248 245/245
f 251/251 245/245 243/243
f 232/232 237/237 234/234
f 239/239 243/243 241/241
f 252/252 253/253 249/249
f 249/249 253/253 254/254
f 249/249 254/254 247/247
f 253/253 252/252 255/255
f 255/255 252/252 256/256
f 255/255 256/256 257/257
f 257/257 256/256 258/258
f 257/257 258/258 259/259
f 259/259 258/258 260/260
f 259/259 260/260 261/261
f 261/261 260/260 262/262
f 261/261 262/262 263/263
f 263/263 262/262 264/264
f 263/263 264/264 265/265
f 265/265 264/264 266/266
f 265/265 266/266 267/267
f 256/256 260/260 258/258
f 262/262 266/266 264/264
f 265/265 267/267 268/268
f 268/268 267/267 269/269
f 268/268 269/269 270/270
f 270/270 269/269 271/271
f 270/270 271/271 272/272
f 272/272 271/271 273/273
f 272/272 273/273 274/274
f 263/263 259/259 261/261
f 259/259 255/255 257/257
f 255/255 254/254 253/253
f 246/246 242/242 244/244
f 242/242 275/275 240/240
f 240/240 275/275 238/238
f 275/275 236/236 238/238
f 233/233 235/235 231/231
f 231/231 235/235 229/229
f 213/213 218/218 224/224
f 224/224 218/218 220/220
f 224/224 220/220 222/222
f 212/212 208/208 210/210
f 206/206 202/202 204/204
f 190/190 184/184 191/191
f 181/181 177/177 179/179
f 175/175 171/171 173/173
f 194/194 190/190 192/192
f 276/276 277/277 278/278
f 278/278 277/277 279/279
f 278/278 279/279 280/280
f 278/278 280/280 281/281
f 281/281 280/280 282/282
f 281/281 282/282 283/283
f 284/284 285/285 278/278
f 278/278 285/285 286/286
f 278/278 286/286 287/287
f 287/287 286/286 288/288
f 287/287 288/288 289/289
f 290/290 291/291 284/284
f 284/284 291/291 292/292
f 284/284 292/292 285/285
f 285/285 292/292 286/286
f 293/293 294/294 290/290
f 290/290 294/294 295/295
f 290/290 295/295 288/288
f 294/294 293/293 296/296
f 296/296 293/293 297/297
f 296/296 297/297 298/298
f 298/298 297/297 299/299
f 298/298 299/299 300/300
f 300/300 299/299 301/301
f 301/301 299/299 302/302
f 301/301 302/302 303/303
f 303/303 302/302 304/304
f 303/303 304/304 305/305
f 305/305 304/304 306/306
f 306/306 304/304 307/307
f 307/307 304/304 308/308
f 307/307 308/308 309/309
f 309/309 308/308 310/310
f 309/309 310/310 311/311
f 311/311 310/310 304/304
f 304/304 310/310 308/308
f 309/309 311/311 312/312
f 312/312 311/311 313/313
f 312/312 313/313 314/314
f 314/314 313/313 315/315
f 315/315 313/313 316/316
f 315/315 316/316 317/317
f 315/315 317/317 318/318
f 318/318 317/317 319/319
f 318/318 319/319 320/320
f 320/320 319/319 321/321
f 320/320 321/321 322/322
f 322/322 321/321 323/323
f 322/322 323/323 324/324
f 324/324 323/323 325/325
f 324/324 325/325 326/326
f 326/326 325/325 327/327
f 326/326 327/327 328/328
f 328/328 327/327 329/329
f 328/328 329/329 330/330
f 330/330 329/329 331/331
f 330/330 331/331 332/332
f 321/321 325/325 323/323
f 331/331 329/329 333/333
f 333/333 329/329 334/334
f 333/333 334/334 335/335
f 335/335 334/334 336/336
f 336/336 334/334 337/337
f 336/336 337/337 338/338
f 338/338 337/337 339/339
f 338/338 339/339 340/340
f 338/338 340/340 341/341
f 341/341 340/340 342/342
f 341/341 342/342 343/343
f 343/343 342/342 344/344
f 343/343 344/344 345/345
f 345/345 344/344 346/346
f 345/345 346/346 347/347
f 347/347 346/346 348/348
f 347/347 348/348 349/349
f 349/349 348/348 350/350
f 349/349 350/350 351/351
f 351/351 350/350 352/352
f 351/351 352/352 353/353
f 353/353 352/352 354/354
f 353/353 354/354 355/355
f 355/355 354/354 356/356
f 355/355 356/356 357/357
f 357/357 356/356 358/358
f 357/357 358/358 359/359
f 359/359 358/358 354/354
f 354/354 358/358 356/356
f 346/346 344/344 348/348
f 348/348 344/344 350/350
f 357/357 359/359 360/360
f 360/360 359/359 361/361
f 360/360 361/361 362/362
f 363/363 364/364 362/362
f 362/362 364/364 365/365
f 362/362 365/365 360/360
f 360/360 365/365 357/357
f 366/366 367/367 363/363
f 363/363 367/367 368/368
f 363/363 368/368 364/364
f 364/364 368/368 365/365
f 369/369 370/370 366/366
f 366/366 370/370 371/371
f 366/366 371/371 372/372
f 373/373 374/374 369/369
f 369/369 374/374 371/371
f 369/369 371/371 370/370
f 374/374 373/373 375/375
f 375/375 373/373 376/376
f 375/375 376/376 377/377
f 377/377 376/376 378/378
f 377/377 378/378 379/379
f 379/379 378/378 380/380
f 380/380 378/378 381/381
f 380/380 381/381 382/382
f 382/382 381/381 383/383
f 379/379 375/375 377/377
f 366/366 372/372 384/384
f 384/384 372/372 368/368
f 384/384 368/368 367/367
f 353/353 355/355 351/351
f 351/351 355/355 349/349
f 347/347 343/343 345/345
f 335/335 385/385 333/333
f 333/333 385/385 331/331
f 332/332 328/328 330/330
f 328/328 324/324 326/326
f 314/314 309/309 312/312
f 305/305 301/301 303/303
f 300/300 296/296 298/298
f 296/296 295/295 294/294
f 289/289 386/386 287/287
f 287/287 386/386 387/387
f 287/287 387/387 278/278
f 278/278 387/387 388/388
f 278/278 388/388 389/389
f 390/390 276/276 389/389
f 389/389 276/276 278/278
f 286/286 292/292 288/288
f 288/288 292/292 291/291
f 288/288 291/291 290/290
f 367/367 366/366 384/384
f 391/391 392/392 393/393
f 393/393 392/392 394/394
f 394/394 392/392 395/395
f 394/394 395/395 396/396
f 396/396 395/395 397/397
f 396/396 397/397 398/398
f 399/399 400/400 398/398
f 398/398 400/400 401/401
f 398/398 401/401 396/396
f 399/399 402/402 400/400
f 400/400 402/402 403/403
f 400/400 403/403 401/401
f 403/403 402/402 404/404
f 404/404 402/402 405/405
f 404/404 405/405 406/406
f 406/406 405/405 407/407
f 406/406 407/407 408/408
f 408/408 407/407 409/409
f 408/408 409/409 410/410
f 410/410 409/409 411/411
f 410/410 411/411 412/412
f 412/412 411/411 413/413
f 412/412 413/413 414/414
f 414/414 413/413 415/415
f 414/414 415/415 416/416
f 416/416 415/415 417/417
f 416/416 417/417 418/418
f 418/418 417/417 419/419
f 418/418 419/419 420/420
f 420/420 419/419 421/421
f 420/420 421/421 422/422
f 422/422 421/421 423/423
f 423/423 421/421 424/424
f 423/423 424/424 425/425
f 425/425 424/424 426/426
f 425/425 426/426 427/427
f 427/427 426/426 428/428
f 427/427 428/428 429/429
f 424/424 430/430 426/426
f 426/426 430/430 428/428
f 427/427 429/429 431/431
f 431/431 429/429 432/432
f 431/431 432/432 433/433
f 433/433 432/432 434/434
f 433/433 434/434 435/435
f 435/435 434/434 436/436
f 437/437 438/438 439/439
f 439/439 438/438 440/440
f 439/439 440/440 441/441
f 441/441 440/440 442/442
f 441/441 442/442 443/443
f 443/443 442/442 444/444
f 443/443 444/444 445/445
f 445/445 444/444 446/446
f 445/445 446/446 447/447
f 447/447 446/446 448/448
f 447/447 448/448 449/449
f 449/449 448/448 450/450
f 449/449 450/450 451/451
f 451/451 450/450 452/452
f 451/451 452/452 453/453
f 453/453 452/452 454/454
f 453/453 454/454 455/455
f 455/455 454/454 456/456
f 455/455 456/456 457/457
f 457/457 456/456 458/458
f 457/457 458/458 459/459
f 459/459 458/458 460/460
f 459/459 460/460 461/461
f 461/461 460/460 462/462
f 461/461 462/462 463/463
f 463/463 462/462 464/464
f 463/463 464/464 465/465
f 465/465 464/464 466/466
f 465/465 466/466 467/467
f 467/467 466/466 468/468
f 467/467 468/468 469/469
f 469/469 468/468 470/470
f 469/469 470/470 471/471
f 471/471 470/470 472/472
f 471/471 472/472 473/473
f 473/473 472/472 474/474
f 473/473 474/474 475/475
f 475/475 474/474 476/476
f 475/475 476/476 477/477
f 477/477 476/476 478/478
f 477/477 478/478 479/479
f 479/479 478/478 480/480
f 479/479 480/480 481/481
f 481/481 480/480 482/482
f 481/481 482/482 483/483
f 483/483 482/482 484/484
f 483/483 484/484 485/485
f 485/485 484/484 486/486
f 485/485 486/486 487/487
f 487/487 486/486 488/488
f 487/487 488/488 489/489
f 489/489 488/488 490/490
f 489/489 490/490 491/491
f 491/491 490/490 492/492
f 491/491 492/492 493/493
f 493/493 492/492 494/494
f 493/493 494/494 495/495
f 495/495 494/494 496/496
f 495/495 496/496 497/497
f 497/497 496/496 498/498
f 497/497 498/498 499/499
f 499/499 498/498 500/500
f 499/499 500/500 501/501
f 501/501 500/500 502/502
f 501/501 502/502 503/503
f 503/503 502/502 504/504
f 503/503 504/504 505/505
f 505/505 504/504 506/506
f 505/505 506/506 507/507
f 507/507 506/506 508/508
f 507/507 508/508 509/509
f 509/509 508/508 510/510
f 509/509 510/510 511/511
f 511/511 510/510 512/512
f 511/511 512/512 513/513
f 513/513 512/512 514/514
f 513/513 514/514 515/515
f 515/515 514/514 516/516
f 515/515 516/516 517/517
f 517/517 516/516 518/518
f 517/517 518/518 519/519
f 519/519 518/518 520/520
f 519/519 520/520 521/521
f 521/521 520/520 522/522
f 521/521 522/522 523/523
f 523/523 522/522 524/524
f 523/523 524/524 525/525
f 525/525 524/524 526/526
f 525/525 526/526 527/527
f 527/527 526/526 528/528
f 527/527 528/528 529/529
f 529/529 528/528 530/530
f 529/529 530/530 531/531
f 531/531 530/530 532/532
f 531/531 532/532 533/533
f 533/533 532/532 534/534
f 533/533 534/534 535/535
f 535/535 534/534 536/536
f 535/535 536/536 537/537
f 537/537 536/536 538/538
f 537/537 538/538 539/539
f 539/539 538/538 540/540
f 539/539 540/540 541/541
f 541/541 540/540 542/542
f 541/541 542/542 543/543
f 543/543 542/542 544/544
f 543/543 544/544 545/545
f 545/545 544/544 546/546
f 545/545 546/546 547/547
f 547/547 546/546 548/548
f 547/547 548/548 549/549
f 549/549 548/548 550/550
f 549/549 550/550 551/551
f 551/551 550/550 552/552
f 551/551 552/552 553/553
f 553/553 552/552 554/554
f 553/553 554/554 555/555
f 555/555 554/554 556/556
f 555/555 556/556 557/557
f 557/557 556/556 558/558
f 557/557 558/558 559/559
f 559/559 558/558 560/560
f 559/559 560/560 561/561
f 561/561 560/560 562/562
f 561/561 562/562 563/563
f 563/563 562/562 564/564
f 563/563 564/564 565/565
f 565/565 564/564 566/566
f 565/565 566/566 567/567
f 567/567 566/566 568/568
f 567/567 568/568 569/569
f 569/569 568/568 570/570
f 569/569 570/570 571/571
f 571/571 570/570 572/572
f 571/571 572/572 573/573
f 573/573 572/572 574/574
f 573/573 574/574 575/575
f 575/575 574/574 576/576
f 575/575 576/576 577/577
f 577/577 576/576 578/578
f 577/577 578/578 579/579
f 579/579 578/578 580/580
f 579/579 580/580 581/581
f 581/581 580/580 582/582
f 581/581 582/582 583/583
f 583/583 582/582 584/584
f 583/583 584/584 585/585
f 585/585 584/584 586/586
f 585/585 586/586 587/587
f 587/587 586/586 588/588
f 587/587 588/588 589/589
f 589/589 588/588 590/590
f 589/589 590/590 591/591
f 591/591 590/590 592/592
f 591/591 592/592 593/593
f 593/593 592/592 594/594
f 593/593 594/594 595/595
f 595/595 594/594 596/596
f 595/595 596/596 597/597
f 597/597 596/596 598/598
f 597/597 598/598 599/599
f 599/599 598/598 600/600
f 599/599 600/600 601/601
f 601/601 600/600 602/602
f 601/601 602/602 603/603
f 603/603 602/602 604/604
f 603/603 604/604 605/605
f 605/605 604/604 606/606
f 606/606 604/604 607/607
f 606/606 607/607 608/608
f 608/608 607/607 609/609
f 608/608 609/609 610/610
f 610/610 609/609 611/611
f 610/610 611/611 612/612
f 612/612 611/611 613/613
f 612/612 613/613 614/614
f 614/614 613/613 615/615
f 614/614 615/615 616/616
f 616/616 615/615 617/617
f 616/616 617/617 618/618
f 618/618 617/617 619/619
f 618/618 619/619 620/620
f 620/620 619/619 621/621
f 620/620 621/621 622/622
f 622/622 621/621 623/623
f 622/622 623/623 624/624
f 624/624 623/623 625/625
f 624/624 625/625 626/626
f 626/626 625/625 627/627
f 626/626 627/627 628/628
f 628/628 627/627 560/560
f 628/628 560/560 558/558
f 438/438 437/437 629/629
f 629/629 437/437 630/630
f 629/629 630/630 631/631
f 631/631 630/630 632/632
f 631/631 632/632 633/633
f 633/633 632/632 634/634
f 633/633 634/634 635/635
f 635/635 634/634 636/636
f 635/635 636/636 637/637
f 637/637 636/636 638/638
f 637/637 638/638 454/454
f 454/454 638/638 456/456
f 460/460 639/639 462/462
f 462/462 639/639 464/464
f 464/464 639/639 640/640
f 640/640 639/639 641/641
f 640/640 641/641 464/464
f 464/464 641/641 466/466
f 642/642 643/643 641/641
f 641/641 643/643 644/644
f 641/641 644/644 466/466
f 466/466 644/644 645/645
f 466/466 645/645 468/468
f 468/468 645/645 646/646
f 468/468 646/646 470/470
f 470/470 646/646 647/647
f 470/470 647/647 472/472
f 472/472 647/647 648/648
f 472/472 648/648 474/474
f 474/474 648/648 649/649
f 474/474 649/649 476/476
f 476/476 649/649 650/650
f 476/476 650/650 478/478
f 478/478 650/650 651/651
f 478/478 651/651 480/480
f 480/480 651/651 652/652
f 480/480 652/652 482/482
f 482/482 652/652 653/653
f 482/482 653/653 484/484
f 484/484 653/653 654/654
f 484/484 654/654 486/486
f 486/486 654/654 655/655
f 486/486 655/655 488/488
f 488/488 655/655 656/656
f 488/488 656/656 490/490
f 490/490 656/656 657/657
f 490/490 657/657 492/492
f 492/492 657/657 658/658
f 492/492 658/658 494/494
f 494/494 658/658 659/659
f 494/494 659/659 496/496
f 496/496 659/659 498/498
f 643/643 642/642 660/660
f 660/660 642/642 661/661
f 660/660 661/661 662/662
f 662/662 661/661 663/663
f 662/662 663/663 664/664
f 664/664 663/663 665/665
f 664/664 665/665 666/666
f 666/666 665/665 667/667
f 666/666 667/667 646/646
f 646/646 667/667 647/647
f 663/663 661/661 668/668
f 668/668 661/661 669/669
f 668/668 669/669 670/670
f 670/670 669/669 671/671
f 670/670 671/671 672/672
f 672/672 671/671 673/673
f 672/672 673/673 674/674
f 674/674 673/673 669/669
f 669/669 673/673 671/671
f 675/675 676/676 674/674
f 674/674 676/676 677/677
f 674/674 677/677 672/672
f 672/672 677/677 678/678
f 672/672 678/678 679/679
f 679/679 678/678 680/680
f 679/679 680/680 681/681
f 681/681 680/680 682/682
f 681/681 682/682 683/683
f 683/683 682/682 684/684
f 683/683 684/684 685/685
f 685/685 684/684 686/686
f 685/685 686/686 649/649
f 649/649 686/686 650/650
f 687/687 688/688 675/675
f 675/675 688/688 689/689
f 675/675 689/689 690/690
f 690/690 689/689 691/691
f 690/690 691/691 692/692
f 692/692 691/691 693/693
f 692/692 693/693 694/694
f 694/694 693/693 695/695
f 694/694 695/695 696/696
f 696/696 695/695 697/697
f 696/696 697/697 698/698
f 698/698 697/697 699/699
f 698/698 699/699 700/700
f 700/700 699/699 701/701
f 700/700 701/701 702/702
f 702/702 701/701 703/703
f 702/702 703/703 651/651
f 651/651 703/703 652/652
f 704/704 705/705 687/687
f 687/687 705/705 706/706
f 687/687 706/706 688/688
f 688/688 706/706 707/707
f 688/688 707/707 689/689
f 689/689 707/707 708/708
f 689/689 708/708 691/691
f 691/691 708/708 709/709
f 691/691 709/709 693/693
f 693/693 709/709 710/710
f 693/693 710/710 695/695
f 695/695 710/710 711/711
f 695/695 711/711 697/697
f 697/697 711/711 712/712
f 697/697 712/712 699/699
f 699/699 712/712 713/713
f 699/699 713/713 701/701
f 701/701 713/713 714/714
f 701/701 714/714 703/703
f 703/703 714/714 715/715
f 703/703 715/715 652/652
f 652/652 715/715 653/653
f 716/716 717/717 704/704
f 704/704 717/717 718/718
f 704/704 718/718 719/719
f 719/719 718/718 720/720
f 719/719 720/720 721/721
f 721/721 720/720 722/722
f 721/721 722/722 723/723
f 723/723 722/722 724/724
f 723/723 724/724 725/725
f 725/725 724/724 726/726
f 725/725 726/726 727/727
f 727/727 726/726 728/728
f 727/727 728/728 729/729
f 729/729 728/728 730/730
f 729/729 730/730 731/731
f 731/731 730/730 732/732
f 731/731 732/732 733/733
f 733/733 732/732 734/734
f 733/733 734/734 735/735
f 735/735 734/734 736/736
f 735/735 736/736 737/737
f 737/737 736/736 738/738
f 737/737 738/738 654/654
f 654/654 738/738 655/655
f 739/739 740/740 716/716
f 716/716 740/740 741/741
f 716/716 741/741 717/717
f 717/717 741/741 742/742
f 717/717 742/742 718/718
f 718/718 742/742 743/743
f 718/718 743/743 720/720
f 720/720 743/743 744/744
f 720/720 744/744 722/722
f 722/722 744/744 745/745
f 722/722 745/745 724/724
f 724/724 745/745 746/746
f 724/724 746/746 726/726
f 726/726 746/746 747/747
f 726/726 747/747 728/728
f 728/728 747/747 748/748
f 728/728 748/748 730/730
f 730/730 748/748 749/749
f 730/730 749/749 732/732
f 732/732 749/749 750/750
f 732/732 750/750 734/734
f 734/734 750/750 751/751
f 734/734 751/751 736/736
f 736/736 751/751 752/752
f 736/736 752/752 738/738
f 738/738 752/752 753/753
f 738/738 753/753 655/655
f 655/655 753/753 656/656
f 740/740 739/739 754/754
f 754/754 739/739 755/755
f 754/754 755/755 756/756
f 754/754 756/756 757/757
f 757/757 756/756 758/758
f 757/757 758/758 759/759
f 760/760 761/761 759/759
f 759/759 761/761 762/762
f 759/759 762/762 757/757
f 757/757 762/762 763/763
f 757/757 763/763 764/764
f 764/764 763/763 765/765
f 764/764 765/765 766/766
f 766/766 765/765 767/767
f 766/766 767/767 768/768
f 768/768 767/767 769/769
f 768/768 769/769 742/742
f 742/742 769/769 743/743
f 770/770 771/771 763/763
f 763/763 771/771 772/772
f 763/763 772/772 773/773
f 773/773 772/772 774/774
f 773/773 774/774 775/775
f 775/775 774/774 776/776
f 775/775 776/776 777/777
f 777/777 776/776 745/745
f 777/777 745/745 744/744
f 498/498 778/778 770/770
f 770/770 778/778 779/779
f 770/770 779/779 780/780
f 780/780 779/779 781/781
f 780/780 781/781 782/782
f 782/782 781/781 783/783
f 782/782 783/783 784/784
f 784/784 783/783 752/752
f 784/784 752/752 751/751
f 500/500 498/498 785/785
f 785/785 498/498 786/786
f 785/785 786/786 787/787
f 787/787 786/786 788/788
f 787/787 788/788 789/789
f 789/789 788/788 790/790
f 789/789 790/790 791/791
f 791/791 790/790 792/792
f 791/791 792/792 793/793
f 793/793 792/792 794/794
f 793/793 794/794 795/795
f 795/795 794/794 796/796
f 795/795 796/796 797/797
f 797/797 796/796 798/798
f 797/797 798/798 799/799
f 799/799 798/798 800/800
f 799/799 800/800 801/801
f 801/801 800/800 802/802
f 801/801 802/802 803/803
f 803/803 802/802 530/530
f 803/803 530/530 528/528
f 804/804 805/805 786/786
f 786/786 805/805 806/806
f 786/786 806/806 807/807
f 807/807 806/806 808/808
f 807/807 808/808 809/809
f 809/809 808/808 810/810
f 809/809 810/810 792/792
f 792/792 810/810 794/794
f 548/548 546/546 804/804
f 804/804 546/546 811/811
f 804/804 811/811 812/812
f 812/812 811/811 813/813
f 812/812 813/813 814/814
f 814/814 813/813 815/815
f 814/814 815/815 816/816
f 816/816 815/815 817/817
f 816/816 817/817 818/818
f 818/818 817/817 819/819
f 818/818 819/819 820/820
f 820/820 819/819 821/821
f 820/820 821/821 822/822
f 822/822 821/821 823/823
f 822/822 823/823 800/800
f 800/800 823/823 802/802
f 550/550 824/824 552/552
f 552/552 824/824 825/825
f 552/552 825/825 554/554
f 554/554 825/825 826/826
f 554/554 826/826 556/556
f 556/556 826/826 827/827
f 556/556 827/827 558/558
f 558/558 827/827 628/628
f 828/828 829/829 824/824
f 824/824 829/829 830/830
f 824/824 830/830 825/825
f 825/825 830/830 826/826
f 831/831 832/832 828/828
f 828/828 832/832 833/833
f 828/828 833/833 829/829
f 829/829 833/833 834/834
f 829/829 834/834 835/835
f 835/835 834/834 836/836
f 835/835 836/836 827/827
f 827/827 836/836 628/628
f 837/837 838/838 831/831
f 831/831 838/838 839/839
f 831/831 839/839 840/840
f 840/840 839/839 841/841
f 840/840 841/841 842/842
f 842/842 841/841 843/843
f 842/842 843/843 844/844
f 844/844 843/843 622/622
f 844/844 622/622 624/624
f 845/845 846/846 837/837
f 837/837 846/846 847/847
f 837/837 847/847 838/838
f 838/838 847/847 848/848
f 838/838 848/848 849/849
f 849/849 848/848 850/850
f 849/849 850/850 851/851
f 851/851 850/850 618/618
f 851/851 618/618 620/620
f 846/846 845/845 852/852
f 852/852 845/845 853/853
f 852/852 853/853 854/854
f 852/852 854/854 855/855
f 855/855 854/854 856/856
f 855/855 856/856 857/857
f 857/857 856/856 608/608
f 857/857 608/608 610/610
f 856/856 606/606 608/608
f 605/605 858/858 603/603
f 603/603 858/858 859/859
f 603/603 859/859 601/601
f 601/601 859/859 860/860
f 601/601 860/860 599/599
f 599/599 860/860 861/861
f 599/599 861/861 597/597
f 597/597 861/861 862/862
f 597/597 862/862 595/595
f 595/595 862/862 863/863
f 595/595 863/863 593/593
f 593/593 863/863 864/864
f 593/593 864/864 591/591
f 591/591 864/864 865/865
f 591/591 865/865 589/589
f 589/589 865/865 866/866
f 589/589 866/866 587/587
f 587/587 866/866 867/867
f 587/587 867/867 585/585
f 585/585 867/867 868/868
f 585/585 868/868 583/583
f 583/583 868/868 869/869
f 869/869 868/868 870/870
f 869/869 870/870 871/871
f 871/871 870/870 872/872
f 871/871 872/872 873/873
f 873/873 872/872 874/874
f 873/873 874/874 875/875
f 875/875 874/874 876/876
f 875/875 876/876 877/877
f 877/877 876/876 878/878
f 877/877 878/878 879/879
f 879/879 878/878 880/880
f 879/879 880/880 881/881
f 881/881 880/880 882/882
f 881/881 882/882 883/883
f 883/883 882/882 884/884
f 883/883 884/884 885/885
f 885/885 884/884 886/886
f 885/885 886/886 887/887
f 887/887 886/886 888/888
f 887/887 888/888 889/889
f 859/859 858/858 890/890
f 890/890 858/858 891/891
f 890/890 891/891 892/892
f 892/892 891/891 893/893
f 892/892 893/893 894/894
f 894/894 893/893 895/895
f 894/894 895/895 896/896
f 896/896 895/895 897/897
f 896/896 897/897 898/898
f 898/898 897/897 899/899
f 898/898 899/899 900/900
f 900/900 899/899 901/901
f 900/900 901/901 902/902
f 902/902 901/901 903/903
f 902/902 903/903 904/904
f 904/904 903/903 876/876
f 904/904 876/876 874/874
f 893/893 905/905 895/895
f 895/895 905/905 906/906
f 895/895 906/906 897/897
f 897/897 906/906 907/907
f 897/897 907/907 899/899
f 899/899 907/907 908/908
f 899/899 908/908 901/901
f 901/901 908/908 909/909
f 901/901 909/909 903/903
f 903/903 909/909 878/878
f 903/903 878/878 876/876
f 906/906 905/905 910/910
f 910/910 905/905 911/911
f 910/910 911/911 912/912
f 912/912 911/911 913/913
f 912/912 913/913 914/914
f 914/914 913/913 886/886
f 914/914 886/886 884/884
f 913/913 888/888 886/886
f 887/887 889/889 915/915
f 915/915 889/889 916/916
f 915/915 916/916 917/917
f 917/917 916/916 918/918
f 917/917 918/918 919/919
f 919/919 918/918 920/920
f 919/919 920/920 921/921
f 921/921 920/920 922/922
f 921/921 922/922 923/923
f 923/923 922/922 924/924
f 923/923 924/924 925/925
f 925/925 924/924 926/926
f 925/925 926/926 923/923
f 923/923 926/926 927/927
f 923/923 927/927 928/928
f 928/928 927/927 929/929
f 928/928 929/929 930/930
f 930/930 929/929 931/931
f 930/930 931/931 932/932
f 932/932 931/931 933/933
f 932/932 933/933 934/934
f 934/934 933/933 935/935
f 934/934 935/935 885/885
f 885/885 935/935 883/883
f 920/920 936/936 922/922
f 922/922 936/936 937/937
f 922/922 937/937 924/924
f 924/924 937/937 938/938
f 938/938 937/937 939/939
f 939/939 937/937 936/936
f 927/927 926/926 940/940
f 940/940 926/926 941/941
f 940/940 941/941 942/942
f 942/942 941/941 943/943
f 942/942 943/943 944/944
f 944/944 943/943 945/945
f 944/944 945/945 946/946
f 946/946 945/945 947/947
f 946/946 947/947 948/948
f 948/948 947/947 949/949
f 948/948 949/949 950/950
f 950/950 949/949 951/951
f 950/950 951/951 952/952
f 952/952 951/951 953/953
f 952/952 953/953 881/881
f 881/881 953/953 879/879
f 941/941 954/954 943/943
f 943/943 954/954 955/955
f 943/943 955/955 945/945
f 945/945 955/955 956/956
f 945/945 956/956 947/947
f 947/947 956/956 949/949
f 955/955 957/957 956/956
f 956/956 957/957 958/958
f 956/956 958/958 949/949
f 949/949 958/958 951/951
f 957/957 959/959 958/958
f 958/958 959/959 960/960
f 958/958 960/960 961/961
f 961/961 960/960 962/962
f 961/961 962/962 953/953
f 953/953 962/962 879/879
f 959/959 963/963 960/960
f 960/960 963/963 964/964
f 960/960 964/964 965/965
f 965/965 964/964 966/966
f 965/965 966/966 875/875
f 875/875 966/966 873/873
f 966/966 964/964 871/871
f 871/871 964/964 967/967
f 871/871 967/967 869/869
f 581/581 968/968 579/579
f 579/579 968/968 969/969
f 579/579 969/969 577/577
f 577/577 969/969 575/575
f 968/968 970/970 969/969
f 969/969 970/970 971/971
f 969/969 971/971 972/972
f 972/972 971/971 973/973
f 972/972 973/973 974/974
f 974/974 973/973 975/975
f 974/974 975/975 976/976
f 976/976 975/975 977/977
f 976/976 977/977 978/978
f 978/978 977/977 979/979
f 978/978 979/979 980/980
f 980/980 979/979 981/981
f 980/980 981/981 982/982
f 982/982 981/981 983/983
f 982/982 983/983 984/984
f 984/984 983/983 985/985
f 984/984 985/985 986/986
f 986/986 985/985 987/987
f 986/986 987/987 988/988
f 988/988 987/987 989/989
f 988/988 989/989 990/990
f 990/990 989/989 991/991
f 990/990 991/991 992/992
f 992/992 991/991 539/539
f 992/992 539/539 541/541
f 977/977 993/993 979/979
f 979/979 993/993 994/994
f 979/979 994/994 981/981
f 981/981 994/994 995/995
f 981/981 995/995 983/983
f 983/983 995/995 996/996
f 983/983 996/996 985/985
f 985/985 996/996 997/997
f 985/985 997/997 987/987
f 987/987 997/997 998/998
f 987/987 998/998 989/989
f 989/989 998/998 999/999
f 989/989 999/999 991/991
f 991/991 999/999 537/537
f 991/991 537/537 539/539
f 994/994 993/993 1000/1000
f 1000/1000 993/993 1001/1001
f 1000/1000 1001/1001 1002/1002
f 1002/1002 1001/1001 1003/1003
f 1002/1002 1003/1003 1004/1004
f 1004/1004 1003/1003 529/529
f 1004/1004 529/529 531/531
f 1003/1003 1001/1001 527/527
f 527/527 1001/1001 525/525
f 523/523 1005/1005 521/521
f 521/521 1005/1005 1006/1006
f 521/521 1006/1006 519/519
f 519/519 1006/1006 1007/1007
f 519/519 1007/1007 517/517
f 517/517 1007/1007 1008/1008
f 517/517 1008/1008 515/515
f 515/515 1008/1008 1009/1009
f 515/515 1009/1009 513/513
f 513/513 1009/1009 1010/1010
f 513/513 1010/1010 511/511
f 511/511 1010/1010 1011/1011
f 511/511 1011/1011 509/509
f 509/509 1011/1011 1012/1012
f 509/509 1012/1012 507/507
f 507/507 1012/1012 1013/1013
f 507/507 1013/1013 505/505
f 505/505 1013/1013 1014/1014
f 505/505 1014/1014 503/503
f 503/503 1014/1014 1015/1015
f 503/503 1015/1015 501/501
f 501/501 1015/1015 1016/1016
f 501/501 1016/1016 499/499
f 499/499 1016/1016 497/497
f 1005/1005 1017/1017 1006/1006
f 1006/1006 1017/1017 1018/1018
f 1006/1006 1018/1018 1007/1007
f 1007/1007 1018/1018 1019/1019
f 1007/1007 1019/1019 1008/1008
f 1008/1008 1019/1019 1020/1020
f 1008/1008 1020/1020 1009/1009
f 1009/1009 1020/1020 1021/1021
f 1009/1009 1021/1021 1010/1010
f 1010/1010 1021/1021 1022/1022
f 1010/1010 1022/1022 1011/1011
f 1011/1011 1022/1022 1023/1023
f 1011/1011 1023/1023 1012/1012
f 1012/1012 1023/1023 1024/1024
f 1012/1012 1024/1024 1013/1013
f 1013/1013 1024/1024 1025/1025
f 1013/1013 1025/1025 1014/1014
f 1014/1014 1025/1025 1026/1026
f 1014/1014 1026/1026 1015/1015
f 1015/1015 1026/1026 1027/1027
f 1015/1015 1027/1027 1016/1016
f 1016/1016 1027/1027 495/495
f 1016/1016 495/495 497/497
f 1018/1018 1017/1017 1028/1028
f 1028/1028 1017/1017 1029/1029
f 1028/1028 1029/1029 1030/1030
f 1030/1030 1029/1029 1031/1031
f 1030/1030 1031/1031 1032/1032
f 1032/1032 1031/1031 1033/1033
f 1032/1032 1033/1033 1034/1034
f 1034/1034 1033/1033 1035/1035
f 1034/1034 1035/1035 1036/1036
f 1036/1036 1035/1035 1037/1037
f 1036/1036 1037/1037 1038/1038
f 1038/1038 1037/1037 1039/1039
f 1038/1038 1039/1039 1040/1040
f 1040/1040 1039/1039 1041/1041
f 1040/1040 1041/1041 1042/1042
f 1042/1042 1041/1041 1043/1043
f 1042/1042 1043/1043 1044/1044
f 1044/1044 1043/1043 1045/1045
f 1044/1044 1045/1045 1046/1046
f 1046/1046 1045/1045 1047/1047
f 1046/1046 1047/1047 473/473
f 473/473 1047/1047 471/471
f 1029/1029 1048/1048 1031/1031
f 1031/1031 1048/1048 1033/1033
f 1048/1048 1049/1049 1033/1033
f 1033/1033 1049/1049 1050/1050
f 1033/1033 1050/1050 1035/1035
f 1035/1035 1050/1050 1051/1051
f 1035/1035 1051/1051 1037/1037
f 1037/1037 1051/1051 1052/1052
f 1037/1037 1052/1052 1039/1039
f 1039/1039 1052/1052 1053/1053
f 1039/1039 1053/1053 1041/1041
f 1041/1041 1053/1053 1054/1054
f 1041/1041 1054/1054 1043/1043
f 1043/1043 1054/1054 1055/1055
f 1043/1043 1055/1055 1045/1045
f 1045/1045 1055/1055 1056/1056
f 1045/1045 1056/1056 1047/1047
f 1047/1047 1056/1056 1057/1057
f 1047/1047 1057/1057 471/471
f 471/471 1057/1057 469/469
f 1050/1050 1049/1049 1058/1058
f 1058/1058 1049/1049 1059/1059
f 1058/1058 1059/1059 1060/1060
f 1060/1060 1059/1059 1061/1061
f 1060/1060 1061/1061 1062/1062
f 1062/1062 1061/1061 1063/1063
f 1062/1062 1063/1063 1064/1064
f 1064/1064 1063/1063 1065/1065
f 1064/1064 1065/1065 1066/1066
f 1066/1066 1065/1065 1067/1067
f 1066/1066 1067/1067 1068/1068
f 1068/1068 1067/1067 1069/1069
f 1068/1068 1069/1069 1070/1070
f 1070/1070 1069/1069 443/443
f 1070/1070 443/443 445/445
f 1063/1063 1067/1067 1065/1065
f 1069/1069 441/441 443/443
f 676/676 675/675 1071/1071
f 1071/1071 675/675 690/690
f 1071/1071 690/690 676/676
f 676/676 690/690 677/677
f 454/454 452/452 637/637
f 637/637 452/452 635/635
f 452/452 450/450 635/635
f 635/635 450/450 633/633
f 450/450 448/448 633/633
f 633/633 448/448 631/631
f 448/448 446/446 631/631
f 631/631 446/446 629/629
f 442/442 440/440 438/438
f 446/446 444/444 629/629
f 629/629 444/444 438/438
f 444/444 442/442 438/438
f 453/453 455/455 1072/1072
f 1072/1072 455/455 457/457
f 1072/1072 457/457 1073/1073
f 1073/1073 457/457 459/459
f 1073/1073 459/459 1074/1074
f 1074/1074 459/459 461/461
f 1074/1074 461/461 463/463
f 451/451 453/453 1075/1075
f 1075/1075 453/453 1072/1072
f 1075/1075 1072/1072 1076/1076
f 1076/1076 1072/1072 1073/1073
f 1076/1076 1073/1073 1077/1077
f 1077/1077 1073/1073 1074/1074
f 1077/1077 1074/1074 1078/1078
f 1078/1078 1074/1074 463/463
f 1078/1078 463/463 465/465
f 449/449 451/451 1079/1079
f 1079/1079 451/451 1075/1075
f 1079/1079 1075/1075 1080/1080
f 1080/1080 1075/1075 1076/1076
f 1080/1080 1076/1076 1081/1081
f 1081/1081 1076/1076 1077/1077
f 1081/1081 1077/1077 1082/1082
f 1082/1082 1077/1077 1078/1078
f 1082/1082 1078/1078 1083/1083
f 1083/1083 1078/1078 465/465
f 1083/1083 465/465 467/467
f 447/447 449/449 1084/1084
f 1084/1084 449/449 1079/1079
f 1084/1084 1079/1079 1085/1085
f 1085/1085 1079/1079 1080/1080
f 1085/1085 1080/1080 1086/1086
f 1086/1086 1080/1080 1081/1081
f 1086/1086 1081/1081 1087/1087
f 1087/1087 1081/1081 1082/1082
f 1087/1087 1082/1082 1088/1088
f 1088/1088 1082/1082 1083/1083
f 1088/1088 1083/1083 1089/1089
f 1089/1089 1083/1083 467/467
f 1089/1089 467/467 469/469
f 445/445 447/447 1090/1090
f 1090/1090 447/447 1084/1084
f 1090/1090 1084/1084 1091/1091
f 1091/1091 1084/1084 1085/1085
f 1091/1091 1085/1085 1092/1092
f 1092/1092 1085/1085 1086/1086
f 1092/1092 1086/1086 1093/1093
f 1093/1093 1086/1086 1087/1087
f 1093/1093 1087/1087 1094/1094
f 1094/1094 1087/1087 1088/1088
f 1094/1094 1088/1088 1095/1095
f 1095/1095 1088/1088 1089/1089
f 1095/1095 1089/1089 1057/1057
f 1057/1057 1089/1089 469/469
f 1091/1091 1096/1096 1090/1090
f 1090/1090 1096/1096 1070/1070
f 1090/1090 1070/1070 445/445
f 1066/1066 1068/1068 1096/1096
f 1096/1096 1068/1068 1070/1070
f 1096/1096 1091/1091 1097/1097
f 1097/1097 1091/1091 1092/1092
f 1097/1097 1092/1092 1098/1098
f 1098/1098 1092/1092 1093/1093
f 1098/1098 1093/1093 1099/1099
f 1099/1099 1093/1093 1094/1094
f 1099/1099 1094/1094 1100/1100
f 1100/1100 1094/1094 1095/1095
f 1100/1100 1095/1095 1056/1056
f 1056/1056 1095/1095 1057/1057
f 1096/1096 1097/1097 1066/1066
f 1066/1066 1097/1097 1101/1101
f 1066/1066 1101/1101 1064/1064
f 1064/1064 1101/1101 1102/1102
f 1064/1064 1102/1102 1062/1062
f 1062/1062 1102/1102 1103/1103
f 1062/1062 1103/1103 1060/1060
f 1060/1060 1103/1103 1052/1052
f 1060/1060 1052/1052 1051/1051
f 1101/1101 1097/1097 1098/1098
f 1101/1101 1098/1098 1104/1104
f 1104/1104 1098/1098 1099/1099
f 1104/1104 1099/1099 1105/1105
f 1105/1105 1099/1099 1100/1100
f 1105/1105 1100/1100 1055/1055
f 1055/1055 1100/1100 1056/1056
f 1101/1101 1104/1104 1102/1102
f 1102/1102 1104/1104 1106/1106
f 1102/1102 1106/1106 1103/1103
f 1103/1103 1106/1106 1053/1053
f 1103/1103 1053/1053 1052/1052
f 1106/1106 1104/1104 1105/1105
f 644/644 643/643 1107/1107
f 1107/1107 643/643 660/660
f 1107/1107 660/660 664/664
f 664/664 660/660 662/662
f 1055/1055 1054/1054 1105/1105
f 1105/1105 1054/1054 1106/1106
f 1054/1054 1053/1053 1106/1106
f 1050/1050 1058/1058 1051/1051
f 1051/1051 1058/1058 1060/1060
f 644/644 1107/1107 645/645
f 645/645 1107/1107 666/666
f 645/645 666/666 646/646
f 666/666 1107/1107 664/664
f 668/668 670/670 663/663
f 663/663 670/670 1108/1108
f 663/663 1108/1108 665/665
f 665/665 1108/1108 1109/1109
f 665/665 1109/1109 667/667
f 667/667 1109/1109 1110/1110
f 667/667 1110/1110 647/647
f 647/647 1110/1110 648/648
f 473/473 475/475 1046/1046
f 1046/1046 475/475 1111/1111
f 1046/1046 1111/1111 1044/1044
f 1044/1044 1111/1111 1112/1112
f 1044/1044 1112/1112 1042/1042
f 1042/1042 1112/1112 1113/1113
f 1042/1042 1113/1113 1040/1040
f 1040/1040 1113/1113 1114/1114
f 1040/1040 1114/1114 1038/1038
f 1038/1038 1114/1114 1115/1115
f 1038/1038 1115/1115 1036/1036
f 1036/1036 1115/1115 1116/1116
f 1036/1036 1116/1116 1034/1034
f 1034/1034 1116/1116 1117/1117
f 1034/1034 1117/1117 1032/1032
f 1032/1032 1117/1117 1118/1118
f 1032/1032 1118/1118 1030/1030
f 1030/1030 1118/1118 1119/1119
f 1030/1030 1119/1119 1028/1028
f 1028/1028 1119/1119 1018/1018
f 672/672 679/679 670/670
f 670/670 679/679 1108/1108
f 679/679 681/681 1108/1108
f 1108/1108 681/681 1109/1109
f 681/681 683/683 1109/1109
f 1109/1109 683/683 1110/1110
f 683/683 685/685 1110/1110
f 1110/1110 685/685 648/648
f 685/685 649/649 648/648
f 475/475 477/477 1111/1111
f 1111/1111 477/477 1120/1120
f 1111/1111 1120/1120 1112/1112
f 1112/1112 1120/1120 1121/1121
f 1112/1112 1121/1121 1113/1113
f 1113/1113 1121/1121 1122/1122
f 1113/1113 1122/1122 1114/1114
f 1114/1114 1122/1122 1123/1123
f 1114/1114 1123/1123 1115/1115
f 1115/1115 1123/1123 1124/1124
f 1115/1115 1124/1124 1116/1116
f 1116/1116 1124/1124 1125/1125
f 1116/1116 1125/1125 1117/1117
f 1117/1117 1125/1125 1126/1126
f 1117/1117 1126/1126 1118/1118
f 1118/1118 1126/1126 1127/1127
f 1118/1118 1127/1127 1119/1119
f 1119/1119 1127/1127 1019/1019
f 1119/1119 1019/1019 1018/1018
f 526/526 524/524 522/522
f 526/526 522/522 520/520
f 690/690 692/692 677/677
f 677/677 692/692 678/678
f 692/692 694/694 678/678
f 678/678 694/694 680/680
f 694/694 696/696 680/680
f 680/680 696/696 682/682
f 696/696 698/698 682/682
f 682/682 698/698 684/684
f 698/698 700/700 684/684
f 684/684 700/700 686/686
f 700/700 702/702 686/686
f 686/686 702/702 650/650
f 1120/1120 477/477 479/479
f 702/702 651/651 650/650
f 1121/1121 1120/1120 1128/1128
f 1128/1128 1120/1120 479/479
f 1128/1128 479/479 481/481
f 1122/1122 1121/1121 1129/1129
f 1129/1129 1121/1121 1128/1128
f 1129/1129 1128/1128 1130/1130
f 1130/1130 1128/1128 481/481
f 1130/1130 481/481 483/483
f 1123/1123 1122/1122 1131/1131
f 1131/1131 1122/1122 1129/1129
f 1131/1131 1129/1129 1132/1132
f 1132/1132 1129/1129 1130/1130
f 1132/1132 1130/1130 1133/1133
f 1133/1133 1130/1130 483/483
f 1133/1133 483/483 485/485
f 1124/1124 1123/1123 1134/1134
f 1134/1134 1123/1123 1131/1131
f 1134/1134 1131/1131 1135/1135
f 1135/1135 1131/1131 1132/1132
f 1135/1135 1132/1132 1136/1136
f 1136/1136 1132/1132 1133/1133
f 1136/1136 1133/1133 1137/1137
f 1137/1137 1133/1133 485/485
f 1137/1137 485/485 487/487
f 1125/1125 1124/1124 1138/1138
f 1138/1138 1124/1124 1134/1134
f 1138/1138 1134/1134 1139/1139
f 1139/1139 1134/1134 1135/1135
f 1139/1139 1135/1135 1140/1140
f 1140/1140 1135/1135 1136/1136
f 1140/1140 1136/1136 1141/1141
f 1141/1141 1136/1136 1137/1137
f 1141/1141 1137/1137 1142/1142
f 1142/1142 1137/1137 487/487
f 1142/1142 487/487 489/489
f 1126/1126 1125/1125 1143/1143
f 1143/1143 1125/1125 1138/1138
f 1143/1143 1138/1138 1144/1144
f 1144/1144 1138/1138 1139/1139
f 1144/1144 1139/1139 1145/1145
f 1145/1145 1139/1139 1140/1140
f 1145/1145 1140/1140 1146/1146
f 1146/1146 1140/1140 1141/1141
f 1146/1146 1141/1141 1147/1147
f 1147/1147 1141/1141 1142/1142
f 1147/1147 1142/1142 1148/1148
f 1148/1148 1142/1142 489/489
f 1148/1148 489/489 491/491
f 1127/1127 1126/1126 1149/1149
f 1149/1149 1126/1126 1143/1143
f 1149/1149 1143/1143 1150/1150
f 1150/1150 1143/1143 1144/1144
f 1150/1150 1144/1144 1151/1151
f 1151/1151 1144/1144 1145/1145
f 1151/1151 1145/1145 1152/1152
f 1152/1152 1145/1145 1146/1146
f 1152/1152 1146/1146 1153/1153
f 1153/1153 1146/1146 1147/1147
f 1153/1153 1147/1147 1154/1154
f 1154/1154 1147/1147 1148/1148
f 1154/1154 1148/1148 1155/1155
f 1155/1155 1148/1148 491/491
f 1155/1155 491/491 493/493
f 1019/1019 1127/1127 1020/1020
f 1020/1020 1127/1127 1149/1149
f 1020/1020 1149/1149 1021/1021
f 1021/1021 1149/1149 1150/1150
f 1021/1021 1150/1150 1022/1022
f 1022/1022 1150/1150 1151/1151
f 1022/1022 1151/1151 1023/1023
f 1023/1023 1151/1151 1152/1152
f 1023/1023 1152/1152 1024/1024
f 1024/1024 1152/1152 1153/1153
f 1024/1024 1153/1153 1025/1025
f 1025/1025 1153/1153 1154/1154
f 1025/1025 1154/1154 1026/1026
f 1026/1026 1154/1154 1155/1155
f 1026/1026 1155/1155 1027/1027
f 1027/1027 1155/1155 493/493
f 1027/1027 493/493 495/495
f 526/526 520/520 1156/1156
f 1156/1156 520/520 518/518
f 1156/1156 518/518 1157/1157
f 1157/1157 518/518 516/516
f 1157/1157 516/516 1158/1158
f 1158/1158 516/516 514/514
f 1158/1158 514/514 1159/1159
f 1159/1159 514/514 512/512
f 1159/1159 512/512 1160/1160
f 1160/1160 512/512 510/510
f 1160/1160 510/510 1161/1161
f 1161/1161 510/510 508/508
f 1161/1161 508/508 1162/1162
f 1162/1162 508/508 506/506
f 1162/1162 506/506 1163/1163
f 1163/1163 506/506 504/504
f 1163/1163 504/504 1164/1164
f 1164/1164 504/504 502/502
f 1164/1164 502/502 785/785
f 785/785 502/502 500/500
f 803/803 528/528 1156/1156
f 1156/1156 528/528 526/526
f 803/803 1156/1156 1157/1157
f 1003/1003 527/527 529/529
f 1004/1004 1165/1165 1002/1002
f 1002/1002 1165/1165 1166/1166
f 1002/1002 1166/1166 1000/1000
f 1000/1000 1166/1166 1167/1167
f 1000/1000 1167/1167 995/995
f 995/995 1167/1167 996/996
f 1167/1167 1166/1166 1168/1168
f 1168/1168 1166/1166 1165/1165
f 1168/1168 1165/1165 1169/1169
f 1169/1169 1165/1165 1170/1170
f 1169/1169 1170/1170 1171/1171
f 1171/1171 1170/1170 533/533
f 1171/1171 533/533 535/535
f 1165/1165 1004/1004 1170/1170
f 1170/1170 1004/1004 531/531
f 1170/1170 531/531 533/533
f 997/997 996/996 1168/1168
f 1168/1168 996/996 1167/1167
f 997/997 1168/1168 1169/1169
f 982/982 1172/1172 980/980
f 980/980 1172/1172 1173/1173
f 980/980 1173/1173 978/978
f 978/978 1173/1173 976/976
f 1172/1172 1174/1174 1173/1173
f 1173/1173 1174/1174 1175/1175
f 1173/1173 1175/1175 976/976
f 976/976 1175/1175 1176/1176
f 976/976 1176/1176 974/974
f 974/974 1176/1176 1177/1177
f 974/974 1177/1177 972/972
f 972/972 1177/1177 1178/1178
f 972/972 1178/1178 1179/1179
f 1179/1179 1178/1178 573/573
f 1179/1179 573/573 575/575
f 1172/1172 982/982 1180/1180
f 1180/1180 982/982 984/984
f 1180/1180 984/984 1181/1181
f 1181/1181 984/984 986/986
f 1181/1181 986/986 1182/1182
f 1182/1182 986/986 988/988
f 1182/1182 988/988 1183/1183
f 1183/1183 988/988 990/990
f 1183/1183 990/990 1184/1184
f 1184/1184 990/990 992/992
f 1184/1184 992/992 1185/1185
f 1185/1185 992/992 541/541
f 1185/1185 541/541 543/543
f 1174/1174 1186/1186 1175/1175
f 1175/1175 1186/1186 1187/1187
f 1175/1175 1187/1187 1176/1176
f 1176/1176 1187/1187 1177/1177
f 1174/1174 1172/1172 1188/1188
f 1188/1188 1172/1172 1180/1180
f 1188/1188 1180/1180 1189/1189
f 1189/1189 1180/1180 1181/1181
f 1189/1189 1181/1181 1190/1190
f 1190/1190 1181/1181 1182/1182
f 1190/1190 1182/1182 1191/1191
f 1191/1191 1182/1182 1183/1183
f 1191/1191 1183/1183 1192/1192
f 1192/1192 1183/1183 1184/1184
f 1192/1192 1184/1184 1193/1193
f 1193/1193 1184/1184 1185/1185
f 1193/1193 1185/1185 1194/1194
f 1194/1194 1185/1185 543/543
f 1194/1194 543/543 545/545
f 1186/1186 1195/1195 1187/1187
f 1187/1187 1195/1195 1196/1196
f 1187/1187 1196/1196 1177/1177
f 1177/1177 1196/1196 1178/1178
f 1186/1186 1174/1174 1197/1197
f 1197/1197 1174/1174 1188/1188
f 1197/1197 1188/1188 1198/1198
f 1198/1198 1188/1188 1189/1189
f 1198/1198 1189/1189 1199/1199
f 1199/1199 1189/1189 1190/1190
f 1199/1199 1190/1190 1200/1200
f 1200/1200 1190/1190 1191/1191
f 1200/1200 1191/1191 1201/1201
f 1201/1201 1191/1191 1192/1192
f 1201/1201 1192/1192 1202/1202
f 1202/1202 1192/1192 1193/1193
f 1202/1202 1193/1193 1203/1203
f 1203/1203 1193/1193 1194/1194
f 1203/1203 1194/1194 1204/1204
f 1204/1204 1194/1194 545/545
f 1204/1204 545/545 547/547
f 1195/1195 569/569 1196/1196
f 1196/1196 569/569 571/571
f 1196/1196 571/571 1178/1178
f 1178/1178 571/571 573/573
f 1195/1195 1186/1186 1205/1205
f 1205/1205 1186/1186 1197/1197
f 1205/1205 1197/1197 1206/1206
f 1206/1206 1197/1197 1198/1198
f 1206/1206 1198/1198 1207/1207
f 1207/1207 1198/1198 1199/1199
f 1207/1207 1199/1199 1208/1208
f 1208/1208 1199/1199 1200/1200
f 1208/1208 1200/1200 1209/1209
f 1209/1209 1200/1200 1201/1201
f 1209/1209 1201/1201 1210/1210
f 1210/1210 1201/1201 1202/1202
f 1210/1210 1202/1202 1211/1211
f 1211/1211 1202/1202 1203/1203
f 1211/1211 1203/1203 1212/1212
f 1212/1212 1203/1203 1204/1204
f 1212/1212 1204/1204 549/549
f 549/549 1204/1204 547/547
f 569/569 1195/1195 567/567
f 567/567 1195/1195 1205/1205
f 567/567 1205/1205 565/565
f 565/565 1205/1205 1206/1206
f 565/565 1206/1206 563/563
f 563/563 1206/1206 1207/1207
f 563/563 1207/1207 561/561
f 561/561 1207/1207 1208/1208
f 561/561 1208/1208 559/559
f 559/559 1208/1208 1209/1209
f 559/559 1209/1209 557/557
f 557/557 1209/1209 1210/1210
f 557/557 1210/1210 555/555
f 555/555 1210/1210 1211/1211
f 555/555 1211/1211 553/553
f 553/553 1211/1211 1212/1212
f 553/553 1212/1212 551/551
f 551/551 1212/1212 549/549
f 570/570 1213/1213 572/572
f 572/572 1213/1213 1214/1214
f 572/572 1214/1214 574/574
f 574/574 1214/1214 1215/1215
f 574/574 1215/1215 576/576
f 576/576 1215/1215 1216/1216
f 576/576 1216/1216 578/578
f 578/578 1216/1216 1217/1217
f 578/578 1217/1217 580/580
f 580/580 1217/1217 1218/1218
f 580/580 1218/1218 582/582
f 582/582 1218/1218 584/584
f 1213/1213 1219/1219 1214/1214
f 1214/1214 1219/1219 1220/1220
f 1214/1214 1220/1220 1215/1215
f 1215/1215 1220/1220 1221/1221
f 1215/1215 1221/1221 1216/1216
f 1216/1216 1221/1221 1222/1222
f 1216/1216 1222/1222 1217/1217
f 1217/1217 1222/1222 1223/1223
f 1217/1217 1223/1223 1218/1218
f 1218/1218 1223/1223 586/586
f 1218/1218 586/586 584/584
f 1213/1213 570/570 1224/1224
f 1224/1224 570/570 568/568
f 1224/1224 568/568 1225/1225
f 1225/1225 568/568 566/566
f 1225/1225 566/566 1226/1226
f 1226/1226 566/566 564/564
f 1226/1226 564/564 1227/1227
f 1227/1227 564/564 562/562
f 1227/1227 562/562 627/627
f 627/627 562/562 560/560
f 1219/1219 1228/1228 1220/1220
f 1220/1220 1228/1228 1229/1229
f 1220/1220 1229/1229 1221/1221
f 1221/1221 1229/1229 1230/1230
f 1221/1221 1230/1230 1222/1222
f 1222/1222 1230/1230 1231/1231
f 1222/1222 1231/1231 1223/1223
f 1223/1223 1231/1231 588/588
f 1223/1223 588/588 586/586
f 1219/1219 1213/1213 1232/1232
f 1232/1232 1213/1213 1224/1224
f 1232/1232 1224/1224 1233/1233
f 1233/1233 1224/1224 1225/1225
f 1233/1233 1225/1225 1234/1234
f 1234/1234 1225/1225 1226/1226
f 1234/1234 1226/1226 1235/1235
f 1235/1235 1226/1226 1227/1227
f 1235/1235 1227/1227 625/625
f 625/625 1227/1227 627/627
f 1228/1228 1236/1236 1229/1229
f 1229/1229 1236/1236 1237/1237
f 1229/1229 1237/1237 1230/1230
f 1230/1230 1237/1237 1238/1238
f 1230/1230 1238/1238 1231/1231
f 1231/1231 1238/1238 590/590
f 1231/1231 590/590 588/588
f 1228/1228 1219/1219 1239/1239
f 1239/1239 1219/1219 1232/1232
f 1239/1239 1232/1232 1240/1240
f 1240/1240 1232/1232 1233/1233
f 1240/1240 1233/1233 1241/1241
f 1241/1241 1233/1233 1234/1234
f 1241/1241 1234/1234 1242/1242
f 1242/1242 1234/1234 1235/1235
f 1242/1242 1235/1235 623/623
f 623/623 1235/1235 625/625
f 1236/1236 1243/1243 1237/1237
f 1237/1237 1243/1243 1244/1244
f 1237/1237 1244/1244 1238/1238
f 1238/1238 1244/1244 592/592
f 1238/1238 592/592 590/590
f 1236/1236 1228/1228 1245/1245
f 1245/1245 1228/1228 1239/1239
f 1245/1245 1239/1239 1246/1246
f 1246/1246 1239/1239 1240/1240
f 1246/1246 1240/1240 1247/1247
f 1247/1247 1240/1240 1241/1241
f 1247/1247 1241/1241 1248/1248
f 1248/1248 1241/1241 1242/1242
f 1248/1248 1242/1242 621/621
f 621/621 1242/1242 623/623
f 1243/1243 1249/1249 1244/1244
f 1244/1244 1249/1249 594/594
f 1244/1244 594/594 592/592
f 1243/1243 1236/1236 1250/1250
f 1250/1250 1236/1236 1245/1245
f 1250/1250 1245/1245 1251/1251
f 1251/1251 1245/1245 1246/1246
f 1251/1251 1246/1246 1252/1252
f 1252/1252 1246/1246 1247/1247
f 1252/1252 1247/1247 1253/1253
f 1253/1253 1247/1247 1248/1248
f 1253/1253 1248/1248 619/619
f 619/619 1248/1248 621/621
f 594/594 1249/1249 596/596
f 596/596 1249/1249 1254/1254
f 596/596 1254/1254 598/598
f 598/598 1254/1254 1255/1255
f 598/598 1255/1255 600/600
f 600/600 1255/1255 1256/1256
f 600/600 1256/1256 602/602
f 602/602 1256/1256 1257/1257
f 602/602 1257/1257 604/604
f 604/604 1257/1257 607/607
f 1249/1249 1243/1243 1258/1258
f 1258/1258 1243/1243 1250/1250
f 1258/1258 1250/1250 1259/1259
f 1259/1259 1250/1250 1251/1251
f 1259/1259 1251/1251 1260/1260
f 1260/1260 1251/1251 1252/1252
f 1260/1260 1252/1252 1261/1261
f 1261/1261 1252/1252 1253/1253
f 1261/1261 1253/1253 617/617
f 617/617 1253/1253 619/619
f 861/861 1262/1262 1263/1263
f 1263/1263 1262/1262 1264/1264
f 1263/1263 1264/1264 1265/1265
f 1265/1265 1264/1264 896/896
f 1265/1265 896/896 898/898
f 1262/1262 892/892 1264/1264
f 1264/1264 892/892 894/894
f 1264/1264 894/894 896/896
f 861/861 860/860 1262/1262
f 1262/1262 860/860 890/890
f 1262/1262 890/890 892/892
f 861/861 1263/1263 862/862
f 862/862 1263/1263 1266/1266
f 862/862 1266/1266 863/863
f 863/863 1266/1266 1267/1267
f 863/863 1267/1267 864/864
f 864/864 1267/1267 1268/1268
f 864/864 1268/1268 865/865
f 865/865 1268/1268 1269/1269
f 865/865 1269/1269 866/866
f 866/866 1269/1269 1270/1270
f 866/866 1270/1270 867/867
f 867/867 1270/1270 870/870
f 867/867 870/870 868/868
f 1266/1266 1263/1263 1265/1265
f 1000/1000 995/995 994/994
f 803/803 1157/1157 801/801
f 801/801 1157/1157 1158/1158
f 801/801 1158/1158 799/799
f 799/799 1158/1158 1159/1159
f 799/799 1159/1159 797/797
f 797/797 1159/1159 1160/1160
f 797/797 1160/1160 795/795
f 795/795 1160/1160 1161/1161
f 795/795 1161/1161 793/793
f 793/793 1161/1161 1162/1162
f 793/793 1162/1162 791/791
f 791/791 1162/1162 1163/1163
f 791/791 1163/1163 789/789
f 789/789 1163/1163 1164/1164
f 789/789 1164/1164 787/787
f 787/787 1164/1164 785/785
f 530/530 802/802 532/532
f 532/532 802/802 823/823
f 532/532 823/823 534/534
f 534/534 823/823 821/821
f 534/534 821/821 536/536
f 536/536 821/821 819/819
f 536/536 819/819 538/538
f 538/538 819/819 817/817
f 538/538 817/817 540/540
f 540/540 817/817 815/815
f 540/540 815/815 542/542
f 542/542 815/815 813/813
f 542/542 813/813 544/544
f 544/544 813/813 811/811
f 544/544 811/811 546/546
f 997/997 1169/1169 998/998
f 998/998 1169/1169 1171/1171
f 998/998 1171/1171 999/999
f 999/999 1171/1171 535/535
f 999/999 535/535 537/537
f 1259/1259 1271/1271 1258/1258
f 1258/1258 1271/1271 1254/1254
f 1258/1258 1254/1254 1249/1249
f 1254/1254 1271/1271 1255/1255
f 1255/1255 1271/1271 1272/1272
f 1255/1255 1272/1272 1256/1256
f 1256/1256 1272/1272 1273/1273
f 1256/1256 1273/1273 1257/1257
f 1257/1257 1273/1273 609/609
f 1257/1257 609/609 607/607
f 1271/1271 1259/1259 1274/1274
f 1274/1274 1259/1259 1260/1260
f 1274/1274 1260/1260 1275/1275
f 1275/1275 1260/1260 1261/1261
f 1275/1275 1261/1261 615/615
f 615/615 1261/1261 617/617
f 890/890 860/860 859/859
f 707/707 706/706 719/719
f 719/719 706/706 705/705
f 719/719 705/705 704/704
f 719/719 721/721 707/707
f 707/707 721/721 708/708
f 721/721 723/723 708/708
f 708/708 723/723 709/709
f 723/723 725/725 709/709
f 709/709 725/725 710/710
f 725/725 727/727 710/710
f 710/710 727/727 711/711
f 727/727 729/729 711/711
f 711/711 729/729 712/712
f 729/729 731/731 712/712
f 712/712 731/731 713/713
f 731/731 733/733 713/713
f 713/713 733/733 714/714
f 733/733 735/735 714/714
f 714/714 735/735 715/715
f 735/735 737/737 715/715
f 715/715 737/737 653/653
f 737/737 654/654 653/653
f 822/822 800/800 798/798
f 1271/1271 1274/1274 1272/1272
f 1272/1272 1274/1274 1276/1276
f 1272/1272 1276/1276 1273/1273
f 1273/1273 1276/1276 611/611
f 1273/1273 611/611 609/609
f 1276/1276 1274/1274 1275/1275
f 822/822 798/798 1277/1277
f 1277/1277 798/798 796/796
f 1277/1277 796/796 1278/1278
f 1278/1278 796/796 794/794
f 1278/1278 794/794 810/810
f 822/822 1277/1277 820/820
f 820/820 1277/1277 1279/1279
f 820/820 1279/1279 818/818
f 818/818 1279/1279 1280/1280
f 818/818 1280/1280 816/816
f 816/816 1280/1280 1281/1281
f 816/816 1281/1281 814/814
f 814/814 1281/1281 1282/1282
f 814/814 1282/1282 812/812
f 812/812 1282/1282 804/804
f 1279/1279 1277/1277 1278/1278
f 1276/1276 1275/1275 613/613
f 613/613 1275/1275 615/615
f 613/613 611/611 1276/1276
f 742/742 741/741 768/768
f 768/768 741/741 740/740
f 768/768 740/740 766/766
f 766/766 740/740 754/754
f 766/766 754/754 764/764
f 764/764 754/754 757/757
f 744/744 743/743 1283/1283
f 1283/1283 743/743 769/769
f 1283/1283 769/769 1284/1284
f 1284/1284 769/769 767/767
f 1284/1284 767/767 1285/1285
f 1285/1285 767/767 765/765
f 1285/1285 765/765 763/763
f 744/744 1283/1283 777/777
f 777/777 1283/1283 1286/1286
f 777/777 1286/1286 775/775
f 775/775 1286/1286 1287/1287
f 775/775 1287/1287 773/773
f 773/773 1287/1287 763/763
f 1286/1286 1283/1283 1284/1284
f 746/746 745/745 776/776
f 747/747 746/746 1288/1288
f 1288/1288 746/746 776/776
f 1288/1288 776/776 774/774
f 748/748 747/747 1289/1289
f 1289/1289 747/747 1288/1288
f 1289/1289 1288/1288 1290/1290
f 1290/1290 1288/1288 774/774
f 1290/1290 774/774 772/772
f 749/749 748/748 1291/1291
f 1291/1291 748/748 1289/1289
f 1291/1291 1289/1289 1292/1292
f 1292/1292 1289/1289 1290/1290
f 1292/1292 1290/1290 771/771
f 771/771 1290/1290 772/772
f 750/750 749/749 1293/1293
f 1293/1293 749/749 1291/1291
f 1293/1293 1291/1291 1294/1294
f 1294/1294 1291/1291 1292/1292
f 1294/1294 1292/1292 1295/1295
f 1295/1295 1292/1292 771/771
f 1295/1295 771/771 770/770
f 751/751 750/750 1296/1296
f 1296/1296 750/750 1293/1293
f 1296/1296 1293/1293 1297/1297
f 1297/1297 1293/1293 1294/1294
f 1297/1297 1294/1294 1298/1298
f 1298/1298 1294/1294 1295/1295
f 1298/1298 1295/1295 770/770
f 751/751 1296/1296 784/784
f 784/784 1296/1296 1299/1299
f 784/784 1299/1299 782/782
f 782/782 1299/1299 1300/1300
f 782/782 1300/1300 780/780
f 780/780 1300/1300 770/770
f 1299/1299 1296/1296 1297/1297
f 753/753 752/752 783/783
f 656/656 753/753 1301/1301
f 1301/1301 753/753 783/783
f 1301/1301 783/783 781/781
f 656/656 1301/1301 657/657
f 657/657 1301/1301 1302/1302
f 657/657 1302/1302 658/658
f 658/658 1302/1302 778/778
f 658/658 778/778 659/659
f 659/659 778/778 498/498
f 1302/1302 1301/1301 781/781
f 809/809 792/792 790/790
f 1279/1279 1278/1278 1303/1303
f 1303/1303 1278/1278 810/810
f 1303/1303 810/810 808/808
f 1279/1279 1303/1303 1280/1280
f 1280/1280 1303/1303 1304/1304
f 1280/1280 1304/1304 1281/1281
f 1281/1281 1304/1304 805/805
f 1281/1281 805/805 1282/1282
f 1282/1282 805/805 804/804
f 1304/1304 1303/1303 808/808
f 626/626 628/628 836/836
f 835/835 827/827 826/826
f 624/624 626/626 1305/1305
f 1305/1305 626/626 836/836
f 1305/1305 836/836 834/834
f 624/624 1305/1305 844/844
f 844/844 1305/1305 1306/1306
f 844/844 1306/1306 842/842
f 842/842 1306/1306 832/832
f 842/842 832/832 840/840
f 840/840 832/832 831/831
f 1306/1306 1305/1305 834/834
f 620/620 622/622 843/843
f 620/620 843/843 851/851
f 851/851 843/843 841/841
f 851/851 841/841 849/849
f 849/849 841/841 839/839
f 849/849 839/839 838/838
f 616/616 618/618 850/850
f 614/614 616/616 1307/1307
f 1307/1307 616/616 850/850
f 1307/1307 850/850 848/848
f 612/612 614/614 1308/1308
f 1308/1308 614/614 1307/1307
f 1308/1308 1307/1307 1309/1309
f 1309/1309 1307/1307 848/848
f 1309/1309 848/848 847/847
f 610/610 612/612 1310/1310
f 1310/1310 612/612 1308/1308
f 1310/1310 1308/1308 1311/1311
f 1311/1311 1308/1308 1309/1309
f 1311/1311 1309/1309 846/846
f 846/846 1309/1309 847/847
f 855/855 857/857 1310/1310
f 1310/1310 857/857 610/610
f 855/855 1310/1310 1311/1311
f 1286/1286 1284/1284 1312/1312
f 1312/1312 1284/1284 1285/1285
f 1312/1312 1285/1285 763/763
f 1299/1299 1297/1297 1313/1313
f 1313/1313 1297/1297 1298/1298
f 1313/1313 1298/1298 770/770
f 778/778 1302/1302 779/779
f 779/779 1302/1302 781/781
f 809/809 790/790 1314/1314
f 1314/1314 790/790 788/788
f 1314/1314 788/788 786/786
f 805/805 1304/1304 806/806
f 806/806 1304/1304 808/808
f 829/829 835/835 830/830
f 830/830 835/835 826/826
f 832/832 1306/1306 833/833
f 833/833 1306/1306 834/834
f 852/852 855/855 1311/1311
f 852/852 1311/1311 846/846
f 763/763 1287/1287 1312/1312
f 1312/1312 1287/1287 1286/1286
f 770/770 1300/1300 1313/1313
f 1313/1313 1300/1300 1299/1299
f 786/786 807/807 1314/1314
f 1314/1314 807/807 809/809
f 1266/1266 1265/1265 1315/1315
f 1315/1315 1265/1265 898/898
f 1315/1315 898/898 900/900
f 1266/1266 1315/1315 1267/1267
f 1267/1267 1315/1315 1316/1316
f 1267/1267 1316/1316 1268/1268
f 1268/1268 1316/1316 1317/1317
f 1268/1268 1317/1317 1269/1269
f 1269/1269 1317/1317 1318/1318
f 1269/1269 1318/1318 1270/1270
f 1270/1270 1318/1318 872/872
f 1270/1270 872/872 870/870
f 1316/1316 1315/1315 900/900
f 969/969 972/972 1179/1179
f 1179/1179 575/575 969/969
f 1317/1317 1316/1316 902/902
f 902/902 1316/1316 900/900
f 907/907 910/910 1319/1319
f 1319/1319 910/910 912/912
f 1319/1319 912/912 1320/1320
f 1320/1320 912/912 914/914
f 1320/1320 914/914 884/884
f 907/907 906/906 910/910
f 907/907 1319/1319 908/908
f 908/908 1319/1319 1321/1321
f 908/908 1321/1321 909/909
f 909/909 1321/1321 880/880
f 909/909 880/880 878/878
f 1321/1321 1319/1319 1320/1320
f 1318/1318 1317/1317 904/904
f 904/904 1317/1317 902/902
f 874/874 872/872 1318/1318
f 1318/1318 904/904 874/874
f 882/882 880/880 1321/1321
f 884/884 882/882 1320/1320
f 1320/1320 882/882 1321/1321
f 934/934 885/885 887/887
f 952/952 881/881 883/883
f 952/952 883/883 935/935
f 965/965 875/875 877/877
f 965/965 877/877 962/962
f 962/962 877/877 879/879
f 966/966 871/871 873/873
f 932/932 934/934 915/915
f 915/915 934/934 887/887
f 950/950 952/952 935/935
f 950/950 935/935 933/933
f 961/961 953/953 951/951
f 960/960 965/965 962/962
f 930/930 932/932 917/917
f 917/917 932/932 915/915
f 948/948 950/950 933/933
f 948/948 933/933 931/931
f 958/958 961/961 951/951
f 928/928 930/930 919/919
f 919/919 930/930 917/917
f 946/946 948/948 931/931
f 946/946 931/931 929/929
f 946/946 929/929 944/944
f 944/944 929/929 927/927
f 944/944 927/927 942/942
f 942/942 927/927 940/940
f 919/919 921/921 928/928
f 928/928 921/921 923/923
f 1322/1322 1323/1323 1324/1324
f 1324/1324 1323/1323 1325/1325
f 1324/1324 1325/1325 1326/1326
f 1327/1327 1328/1328 1326/1326
f 1326/1326 1328/1328 1329/1329
f 1326/1326 1329/1329 1324/1324
f 1324/1324 1329/1329 1330/1330
f 1324/1324 1330/1330 1322/1322
f 1322/1322 1330/1330 1331/1331
f 1331/1331 1330/1330 1332/1332
f 1331/1331 1332/1332 1333/1333
f 1333/1333 1332/1332 1334/1334
f 1333/1333 1334/1334 1335/1335
f 1335/1335 1334/1334 1336/1336
f 1335/1335 1336/1336 1337/1337
f 1337/1337 1336/1336 1338/1338
f 1337/1337 1338/1338 1339/1339
f 1339/1339 1338/1338 1340/1340
f 1339/1339 1340/1340 1341/1341
f 1341/1341 1340/1340 1342/1342
f 1341/1341 1342/1342 1343/1343
f 1343/1343 1342/1342 1344/1344
f 1343/1343 1344/1344 1345/1345
f 1345/1345 1344/1344 1346/1346
f 1345/1345 1346/1346 1347/1347
f 1347/1347 1346/1346 1348/1348
f 1347/1347 1348/1348 1349/1349
f 1349/1349 1348/1348 1350/1350
f 1349/1349 1350/1350 1351/1351
f 1351/1351 1350/1350 1352/1352
f 1351/1351 1352/1352 1353/1353
f 1353/1353 1352/1352 1354/1354
f 1353/1353 1354/1354 1355/1355
f 1355/1355 1354/1354 1356/1356
f 1355/1355 1356/1356 1357/1357
f 1357/1357 1356/1356 1358/1358
f 1357/1357 1358/1358 1359/1359
f 1359/1359 1358/1358 1360/1360
f 1359/1359 1360/1360 1361/1361
f 1361/1361 1360/1360 1362/1362
f 1361/1361 1362/1362 1363/1363
f 1363/1363 1362/1362 1364/1364
f 1363/1363 1364/1364 1365/1365
f 1365/1365 1364/1364 1366/1366
f 1365/1365 1366/1366 1367/1367
f 1367/1367 1366/1366 1368/1368
f 1367/1367 1368/1368 1369/1369
f 1369/1369 1368/1368 1370/1370
f 1369/1369 1370/1370 1371/1371
f 1371/1371 1370/1370 1372/1372
f 1371/1371 1372/1372 1373/1373
f 1373/1373 1372/1372 1374/1374
f 1373/1373 1374/1374 1375/1375
f 1375/1375 1374/1374 1376/1376
f 1375/1375 1376/1376 1377/1377
f 1377/1377 1376/1376 1378/1378
f 1378/1378 1376/1376 1379/1379
f 1378/1378 1379/1379 1380/1380
f 1380/1380 1379/1379 1381/1381
f 1380/1380 1381/1381 1382/1382
f 1382/1382 1381/1381 1383/1383
f 1382/1382 1383/1383 1384/1384
f 1384/1384 1383/1383 1385/1385
f 1384/1384 1385/1385 1386/1386
f 1386/1386 1385/1385 1387/1387
f 1386/1386 1387/1387 1388/1388
f 1388/1388 1387/1387 1389/1389
f 1388/1388 1389/1389 1390/1390
f 1390/1390 1389/1389 1391/1391
f 1390/1390 1391/1391 1392/1392
f 1392/1392 1391/1391 1393/1393
f 1392/1392 1393/1393 1394/1394
f 1394/1394 1393/1393 1395/1395
f 1394/1394 1395/1395 1396/1396
f 1396/1396 1395/1395 1397/1397
f 1396/1396 1397/1397 1398/1398
f 1398/1398 1397/1397 1399/1399
f 1398/1398 1399/1399 1400/1400
f 1400/1400 1399/1399 1401/1401
f 1400/1400 1401/1401 1402/1402
f 1402/1402 1401/1401 1403/1403
f 1402/1402 1403/1403 1404/1404
f 1404/1404 1403/1403 1405/1405
f 1404/1404 1405/1405 1406/1406
f 1406/1406 1405/1405 1407/1407
f 1406/1406 1407/1407 1408/1408
f 1408/1408 1407/1407 1409/1409
f 1408/1408 1409/1409 1410/1410
f 1410/1410 1409/1409 1411/1411
f 1410/1410 1411/1411 1412/1412
f 1412/1412 1411/1411 1413/1413
f 1412/1412 1413/1413 1414/1414
f 1414/1414 1413/1413 1415/1415
f 1414/1414 1415/1415 1416/1416
f 1416/1416 1415/1415 1417/1417
f 1416/1416 1417/1417 1418/1418
f 1418/1418 1417/1417 1419/1419
f 1418/1418 1419/1419 1420/1420
f 1420/1420 1419/1419 1421/1421
f 1420/1420 1421/1421 1422/1422
f 1422/1422 1421/1421 1423/1423
f 1422/1422 1423/1423 1424/1424
f 1424/1424 1423/1423 1425/1425
f 1424/1424 1425/1425 1336/1336
f 1336/1336 1425/1425 1338/1338
f 1328/1328 1327/1327 1426/1426
f 1426/1426 1327/1327 1416/1416
f 1426/1426 1416/1416 1418/1418
f 1416/1416 1427/1427 1414/1414
f 1414/1414 1427/1427 1428/1428
f 1414/1414 1428/1428 1429/1429
f 1429/1429 1428/1428 1430/1430
f 1429/1429 1430/1430 1431/1431
f 1431/1431 1430/1430 1432/1432
f 1431/1431 1432/1432 1433/1433
f 1433/1433 1432/1432 1434/1434
f 1433/1433 1434/1434 1435/1435
f 1435/1435 1434/1434 1436/1436
f 1435/1435 1436/1436 1437/1437
f 1437/1437 1436/1436 1438/1438
f 1437/1437 1438/1438 1439/1439
f 1439/1439 1438/1438 1440/1440
f 1439/1439 1440/1440 1441/1441
f 1441/1441 1440/1440 1442/1442
f 1441/1441 1442/1442 1443/1443
f 1443/1443 1442/1442 1444/1444
f 1443/1443 1444/1444 1445/1445
f 1445/1445 1444/1444 1446/1446
f 1445/1445 1446/1446 1447/1447
f 1447/1447 1446/1446 1448/1448
f 1447/1447 1448/1448 1449/1449
f 1449/1449 1448/1448 1450/1450
f 1449/1449 1450/1450 1451/1451
f 1451/1451 1450/1450 1452/1452
f 1451/1451 1452/1452 1453/1453
f 1453/1453 1452/1452 1454/1454
f 1453/1453 1454/1454 1455/1455
f 1428/1428 1456/1456 1430/1430
f 1430/1430 1456/1456 1457/1457
f 1430/1430 1457/1457 1432/1432
f 1432/1432 1457/1457 1458/1458
f 1432/1432 1458/1458 1434/1434
f 1434/1434 1458/1458 1459/1459
f 1434/1434 1459/1459 1436/1436
f 1436/1436 1459/1459 1460/1460
f 1436/1436 1460/1460 1438/1438
f 1438/1438 1460/1460 1461/1461
f 1438/1438 1461/1461 1440/1440
f 1440/1440 1461/1461 1462/1462
f 1440/1440 1462/1462 1442/1442
f 1442/1442 1462/1462 1463/1463
f 1442/1442 1463/1463 1444/1444
f 1444/1444 1463/1463 1464/1464
f 1444/1444 1464/1464 1446/1446
f 1446/1446 1464/1464 1465/1465
f 1446/1446 1465/1465 1448/1448
f 1448/1448 1465/1465 1466/1466
f 1448/1448 1466/1466 1450/1450
f 1450/1450 1466/1466 1467/1467
f 1450/1450 1467/1467 1452/1452
f 1452/1452 1467/1467 1468/1468
f 1452/1452 1468/1468 1469/1469
f 1470/1470 1471/1471 1456/1456
f 1456/1456 1471/1471 1472/1472
f 1456/1456 1472/1472 1473/1473
f 1473/1473 1472/1472 1474/1474
f 1473/1473 1474/1474 1458/1458
f 1458/1458 1474/1474 1459/1459
f 1475/1475 1476/1476 1470/1470
f 1470/1470 1476/1476 1477/1477
f 1470/1470 1477/1477 1471/1471
f 1471/1471 1477/1477 1478/1478
f 1471/1471 1478/1478 1479/1479
f 1479/1479 1478/1478 1480/1480
f 1479/1479 1480/1480 1481/1481
f 1481/1481 1480/1480 1482/1482
f 1481/1481 1482/1482 1460/1460
f 1460/1460 1482/1482 1461/1461
f 1483/1483 1484/1484 1475/1475
f 1475/1475 1484/1484 1485/1485
f 1475/1475 1485/1485 1486/1486
f 1486/1486 1485/1485 1487/1487
f 1486/1486 1487/1487 1488/1488
f 1488/1488 1487/1487 1489/1489
f 1488/1488 1489/1489 1490/1490
f 1490/1490 1489/1489 1491/1491
f 1490/1490 1491/1491 1492/1492
f 1492/1492 1491/1491 1493/1493
f 1492/1492 1493/1493 1480/1480
f 1480/1480 1493/1493 1482/1482
f 1494/1494 1495/1495 1483/1483
f 1483/1483 1495/1495 1496/1496
f 1483/1483 1496/1496 1497/1497
f 1497/1497 1496/1496 1498/1498
f 1497/1497 1498/1498 1499/1499
f 1499/1499 1498/1498 1500/1500
f 1499/1499 1500/1500 1501/1501
f 1501/1501 1500/1500 1502/1502
f 1501/1501 1502/1502 1503/1503
f 1503/1503 1502/1502 1504/1504
f 1503/1503 1504/1504 1505/1505
f 1505/1505 1504/1504 1506/1506
f 1505/1505 1506/1506 1507/1507
f 1507/1507 1506/1506 1508/1508
f 1507/1507 1508/1508 1509/1509
f 1509/1509 1508/1508 1510/1510
f 1509/1509 1510/1510 1511/1511
f 1511/1511 1510/1510 1512/1512
f 1511/1511 1512/1512 1513/1513
f 1513/1513 1512/1512 1514/1514
f 1513/1513 1514/1514 1515/1515
f 1515/1515 1514/1514 1516/1516
f 1515/1515 1516/1516 1467/1467
f 1467/1467 1516/1516 1517/1517
f 1467/1467 1517/1517 1468/1468
f 1518/1518 1519/1519 1494/1494
f 1494/1494 1519/1519 1520/1520
f 1494/1494 1520/1520 1521/1521
f 1521/1521 1520/1520 1522/1522
f 1521/1521 1522/1522 1523/1523
f 1523/1523 1522/1522 1524/1524
f 1523/1523 1524/1524 1525/1525
f 1525/1525 1524/1524 1526/1526
f 1525/1525 1526/1526 1527/1527
f 1527/1527 1526/1526 1528/1528
f 1527/1527 1528/1528 1529/1529
f 1529/1529 1528/1528 1530/1530
f 1529/1529 1530/1530 1531/1531
f 1531/1531 1530/1530 1532/1532
f 1531/1531 1532/1532 1533/1533
f 1533/1533 1532/1532 1534/1534
f 1533/1533 1534/1534 1535/1535
f 1535/1535 1534/1534 1536/1536
f 1535/1535 1536/1536 1537/1537
f 1537/1537 1536/1536 1538/1538
f 1537/1537 1538/1538 1539/1539
f 1539/1539 1538/1538 1540/1540
f 1539/1539 1540/1540 1541/1541
f 1542/1542 1543/1543 1518/1518
f 1518/1518 1543/1543 1544/1544
f 1518/1518 1544/1544 1545/1545
f 1545/1545 1544/1544 1546/1546
f 1545/1545 1546/1546 1547/1547
f 1547/1547 1546/1546 1548/1548
f 1547/1547 1548/1548 1549/1549
f 1549/1549 1548/1548 1550/1550
f 1549/1549 1550/1550 1551/1551
f 1551/1551 1550/1550 1552/1552
f 1551/1551 1552/1552 1553/1553
f 1553/1553 1552/1552 1554/1554
f 1553/1553 1554/1554 1555/1555
f 1555/1555 1554/1554 1556/1556
f 1555/1555 1556/1556 1557/1557
f 1557/1557 1556/1556 1558/1558
f 1557/1557 1558/1558 1559/1559
f 1559/1559 1558/1558 1560/1560
f 1559/1559 1560/1560 1561/1561
f 1561/1561 1560/1560 1562/1562
f 1561/1561 1562/1562 1563/1563
f 1563/1563 1562/1562 1564/1564
f 1563/1563 1564/1564 1565/1565
f 1565/1565 1564/1564 1566/1566
f 1565/1565 1566/1566 1567/1567
f 1567/1567 1566/1566 1536/1536
f 1567/1567 1536/1536 1534/1534
f 1568/1568 1569/1569 1542/1542
f 1542/1542 1569/1569 1570/1570
f 1542/1542 1570/1570 1571/1571
f 1571/1571 1570/1570 1572/1572
f 1571/1571 1572/1572 1573/1573
f 1573/1573 1572/1572 1574/1574
f 1573/1573 1574/1574 1575/1575
f 1575/1575 1574/1574 1576/1576
f 1575/1575 1576/1576 1577/1577
f 1577/1577 1576/1576 1578/1578
f 1577/1577 1578/1578 1579/1579
f 1579/1579 1578/1578 1580/1580
f 1579/1579 1580/1580 1581/1581
f 1581/1581 1580/1580 1582/1582
f 1581/1581 1582/1582 1583/1583
f 1583/1583 1582/1582 1584/1584
f 1583/1583 1584/1584 1585/1585
f 1585/1585 1584/1584 1586/1586
f 1585/1585 1586/1586 1587/1587
f 1587/1587 1586/1586 1588/1588
f 1587/1587 1588/1588 1589/1589
f 1589/1589 1588/1588 1590/1590
f 1589/1589 1590/1590 1591/1591
f 1591/1591 1590/1590 1560/1560
f 1591/1591 1560/1560 1558/1558
f 1592/1592 1593/1593 1568/1568
f 1568/1568 1593/1593 1594/1594
f 1568/1568 1594/1594 1595/1595
f 1595/1595 1594/1594 1596/1596
f 1595/1595 1596/1596 1597/1597
f 1597/1597 1596/1596 1598/1598
f 1597/1597 1598/1598 1599/1599
f 1599/1599 1598/1598 1600/1600
f 1599/1599 1600/1600 1601/1601
f 1601/1601 1600/1600 1602/1602
f 1601/1601 1602/1602 1603/1603
f 1603/1603 1602/1602 1604/1604
f 1603/1603 1604/1604 1605/1605
f 1605/1605 1604/1604 1606/1606
f 1605/1605 1606/1606 1607/1607
f 1607/1607 1606/1606 1608/1608
f 1607/1607 1608/1608 1609/1609
f 1609/1609 1608/1608 1610/1610
f 1609/1609 1610/1610 1611/1611
f 1611/1611 1610/1610 1612/1612
f 1611/1611 1612/1612 1613/1613
f 1613/1613 1612/1612 1614/1614
f 1613/1613 1614/1614 1615/1615
f 1616/1616 1617/1617 1592/1592
f 1592/1592 1617/1617 1618/1618
f 1592/1592 1618/1618 1619/1619
f 1619/1619 1618/1618 1620/1620
f 1619/1619 1620/1620 1621/1621
f 1621/1621 1620/1620 1622/1622
f 1621/1621 1622/1622 1623/1623
f 1623/1623 1622/1622 1624/1624
f 1623/1623 1624/1624 1625/1625
f 1625/1625 1624/1624 1626/1626
f 1625/1625 1626/1626 1627/1627
f 1627/1627 1626/1626 1628/1628
f 1627/1627 1628/1628 1629/1629
f 1629/1629 1628/1628 1630/1630
f 1629/1629 1630/1630 1631/1631
f 1631/1631 1630/1630 1632/1632
f 1631/1631 1632/1632 1633/1633
f 1633/1633 1632/1632 1634/1634
f 1633/1633 1634/1634 1635/1635
f 1635/1635 1634/1634 1636/1636
f 1635/1635 1636/1636 1637/1637
f 1637/1637 1636/1636 1638/1638
f 1637/1637 1638/1638 1639/1639
f 1639/1639 1638/1638 1640/1640
f 1639/1639 1640/1640 1641/1641
f 1641/1641 1640/1640 1642/1642
f 1641/1641 1642/1642 1643/1643
f 1643/1643 1642/1642 1644/1644
f 1643/1643 1644/1644 1645/1645
f 1645/1645 1644/1644 1646/1646
f 1645/1645 1646/1646 1647/1647
f 1647/1647 1646/1646 1648/1648
f 1647/1647 1648/1648 1649/1649
f 1649/1649 1648/1648 1650/1650
f 1649/1649 1650/1650 1651/1651
f 1651/1651 1650/1650 1652/1652
f 1651/1651 1652/1652 1653/1653
f 1653/1653 1652/1652 1654/1654
f 1653/1653 1654/1654 1655/1655
f 1655/1655 1654/1654 1606/1606
f 1655/1655 1606/1606 1604/1604
f 1616/1616 1656/1656 1617/1617
f 1617/1617 1656/1656 1657/1657
f 1617/1617 1657/1657 1658/1658
f 1658/1658 1657/1657 1659/1659
f 1658/1658 1659/1659 1660/1660
f 1660/1660 1659/1659 1661/1661
f 1660/1660 1661/1661 1662/1662
f 1662/1662 1661/1661 1663/1663
f 1662/1662 1663/1663 1664/1664
f 1664/1664 1663/1663 1665/1665
f 1664/1664 1665/1665 1666/1666
f 1666/1666 1665/1665 1667/1667
f 1666/1666 1667/1667 1624/1624
f 1624/1624 1667/1667 1626/1626
f 1661/1661 1668/1668 1663/1663
f 1663/1663 1668/1668 1665/1665
f 1669/1669 1670/1670 1668/1668
f 1668/1668 1670/1670 1671/1671
f 1668/1668 1671/1671 1665/1665
f 1665/1665 1671/1671 1672/1672
f 1665/1665 1672/1672 1667/1667
f 1667/1667 1672/1672 1673/1673
f 1667/1667 1673/1673 1626/1626
f 1626/1626 1673/1673 1628/1628
f 1674/1674 1675/1675 1669/1669
f 1669/1669 1675/1675 1676/1676
f 1669/1669 1676/1676 1671/1671
f 1671/1671 1676/1676 1677/1677
f 1671/1671 1677/1677 1672/1672
f 1672/1672 1677/1677 1678/1678
f 1672/1672 1678/1678 1673/1673
f 1673/1673 1678/1678 1679/1679
f 1673/1673 1679/1679 1628/1628
f 1628/1628 1679/1679 1630/1630
f 1680/1680 1681/1681 1674/1674
f 1674/1674 1681/1681 1682/1682
f 1674/1674 1682/1682 1683/1683
f 1683/1683 1682/1682 1684/1684
f 1683/1683 1684/1684 1675/1675
f 1675/1675 1684/1684 1676/1676
f 1685/1685 1686/1686 1680/1680
f 1680/1680 1686/1686 1687/1687
f 1680/1680 1687/1687 1688/1688
f 1688/1688 1687/1687 1689/1689
f 1688/1688 1689/1689 1690/1690
f 1690/1690 1689/1689 1691/1691
f 1690/1690 1691/1691 1692/1692
f 1692/1692 1691/1691 1693/1693
f 1692/1692 1693/1693 1694/1694
f 1694/1694 1693/1693 1695/1695
f 1694/1694 1695/1695 1696/1696
f 1696/1696 1695/1695 1697/1697
f 1696/1696 1697/1697 1698/1698
f 1698/1698 1697/1697 1699/1699
f 1698/1698 1699/1699 1700/1700
f 1700/1700 1699/1699 1701/1701
f 1700/1700 1701/1701 1702/1702
f 1702/1702 1701/1701 1703/1703
f 1703/1703 1701/1701 1704/1704
f 1703/1703 1704/1704 1705/1705
f 1705/1705 1704/1704 1706/1706
f 1705/1705 1706/1706 1707/1707
f 1707/1707 1706/1706 1708/1708
f 1707/1707 1708/1708 1709/1709
f 1709/1709 1708/1708 1710/1710
f 1709/1709 1710/1710 1711/1711
f 1711/1711 1710/1710 1712/1712
f 1711/1711 1712/1712 1713/1713
f 1713/1713 1712/1712 1714/1714
f 1713/1713 1714/1714 1715/1715
f 1715/1715 1714/1714 1716/1716
f 1715/1715 1716/1716 1717/1717
f 1717/1717 1716/1716 1718/1718
f 1717/1717 1718/1718 1719/1719
f 1719/1719 1718/1718 1720/1720
f 1719/1719 1720/1720 1721/1721
f 1722/1722 1723/1723 1685/1685
f 1685/1685 1723/1723 1724/1724
f 1685/1685 1724/1724 1687/1687
f 1687/1687 1724/1724 1689/1689
f 1725/1725 1726/1726 1722/1722
f 1722/1722 1726/1726 1727/1727
f 1722/1722 1727/1727 1728/1728
f 1728/1728 1727/1727 1729/1729
f 1728/1728 1729/1729 1723/1723
f 1723/1723 1729/1729 1724/1724
f 1730/1730 1731/1731 1725/1725
f 1725/1725 1731/1731 1732/1732
f 1725/1725 1732/1732 1726/1726
f 1726/1726 1732/1732 1727/1727
f 1733/1733 1734/1734 1730/1730
f 1730/1730 1734/1734 1735/1735
f 1730/1730 1735/1735 1731/1731
f 1731/1731 1735/1735 1732/1732
f 1720/1720 1718/1718 1733/1733
f 1733/1733 1718/1718 1736/1736
f 1733/1733 1736/1736 1734/1734
f 1734/1734 1736/1736 1737/1737
f 1734/1734 1737/1737 1735/1735
f 1735/1735 1737/1737 1738/1738
f 1735/1735 1738/1738 1739/1739
f 1739/1739 1738/1738 1740/1740
f 1739/1739 1740/1740 1741/1741
f 1741/1741 1740/1740 1742/1742
f 1741/1741 1742/1742 1743/1743
f 1743/1743 1742/1742 1744/1744
f 1743/1743 1744/1744 1745/1745
f 1745/1745 1744/1744 1746/1746
f 1745/1745 1746/1746 1697/1697
f 1697/1697 1746/1746 1699/1699
f 1719/1719 1721/1721 1747/1747
f 1747/1747 1721/1721 1748/1748
f 1747/1747 1748/1748 1749/1749
f 1749/1749 1748/1748 1750/1750
f 1749/1749 1750/1750 1751/1751
f 1751/1751 1750/1750 1752/1752
f 1751/1751 1752/1752 1753/1753
f 1753/1753 1752/1752 1754/1754
f 1753/1753 1754/1754 1755/1755
f 1748/1748 1756/1756 1750/1750
f 1750/1750 1756/1756 1757/1757
f 1750/1750 1757/1757 1752/1752
f 1752/1752 1757/1757 1758/1758
f 1752/1752 1758/1758 1754/1754
f 1756/1756 1758/1758 1757/1757
f 1753/1753 1755/1755 1759/1759
f 1759/1759 1755/1755 1760/1760
f 1759/1759 1760/1760 1761/1761
f 1761/1761 1760/1760 1762/1762
f 1761/1761 1762/1762 1763/1763
f 1763/1763 1762/1762 1764/1764
f 1763/1763 1764/1764 1765/1765
f 1765/1765 1764/1764 1766/1766
f 1765/1765 1766/1766 1767/1767
f 1767/1767 1766/1766 1768/1768
f 1767/1767 1768/1768 1769/1769
f 1769/1769 1768/1768 1770/1770
f 1769/1769 1770/1770 1771/1771
f 1771/1771 1770/1770 1711/1711
f 1771/1771 1711/1711 1713/1713
f 1766/1766 1772/1772 1768/1768
f 1768/1768 1772/1772 1773/1773
f 1768/1768 1773/1773 1770/1770
f 1770/1770 1773/1773 1709/1709
f 1770/1770 1709/1709 1711/1711
f 1772/1772 1774/1774 1773/1773
f 1773/1773 1774/1774 1705/1705
f 1773/1773 1705/1705 1707/1707
f 1774/1774 1703/1703 1705/1705
f 1702/1702 1775/1775 1700/1700
f 1700/1700 1775/1775 1776/1776
f 1700/1700 1776/1776 1777/1777
f 1777/1777 1776/1776 1778/1778
f 1777/1777 1778/1778 1779/1779
f 1779/1779 1778/1778 1780/1780
f 1779/1779 1780/1780 1781/1781
f 1781/1781 1780/1780 1782/1782
f 1781/1781 1782/1782 1783/1783
f 1783/1783 1782/1782 1784/1784
f 1783/1783 1784/1784 1785/1785
f 1785/1785 1784/1784 1786/1786
f 1785/1785 1786/1786 1787/1787
f 1787/1787 1786/1786 1788/1788
f 1787/1787 1788/1788 1789/1789
f 1789/1789 1788/1788 1790/1790
f 1789/1789 1790/1790 1684/1684
f 1684/1684 1790/1790 1676/1676
f 1775/1775 1791/1791 1776/1776
f 1776/1776 1791/1791 1792/1792
f 1776/1776 1792/1792 1793/1793
f 1793/1793 1792/1792 1794/1794
f 1793/1793 1794/1794 1795/1795
f 1795/1795 1794/1794 1796/1796
f 1795/1795 1796/1796 1797/1797
f 1797/1797 1796/1796 1798/1798
f 1797/1797 1798/1798 1799/1799
f 1799/1799 1798/1798 1800/1800
f 1799/1799 1800/1800 1801/1801
f 1801/1801 1800/1800 1802/1802
f 1801/1801 1802/1802 1803/1803
f 1803/1803 1802/1802 1804/1804
f 1803/1803 1804/1804 1805/1805
f 1805/1805 1804/1804 1678/1678
f 1805/1805 1678/1678 1677/1677
f 1791/1791 1806/1806 1792/1792
f 1792/1792 1806/1806 1642/1642
f 1792/1792 1642/1642 1807/1807
f 1807/1807 1642/1642 1640/1640
f 1807/1807 1640/1640 1808/1808
f 1808/1808 1640/1640 1638/1638
f 1808/1808 1638/1638 1809/1809
f 1809/1809 1638/1638 1636/1636
f 1809/1809 1636/1636 1810/1810
f 1810/1810 1636/1636 1634/1634
f 1810/1810 1634/1634 1811/1811
f 1811/1811 1634/1634 1632/1632
f 1811/1811 1632/1632 1812/1812
f 1812/1812 1632/1632 1630/1630
f 1812/1812 1630/1630 1679/1679
f 1806/1806 1644/1644 1642/1642
f 1646/1646 1813/1813 1648/1648
f 1648/1648 1813/1813 1814/1814
f 1648/1648 1814/1814 1650/1650
f 1650/1650 1814/1814 1652/1652
f 1814/1814 1813/1813 1815/1815
f 1815/1815 1813/1813 1614/1614
f 1815/1815 1614/1614 1612/1612
f 1816/1816 1588/1588 1615/1615
f 1615/1615 1588/1588 1817/1817
f 1615/1615 1817/1817 1613/1613
f 1613/1613 1817/1817 1818/1818
f 1613/1613 1818/1818 1611/1611
f 1611/1611 1818/1818 1819/1819
f 1611/1611 1819/1819 1609/1609
f 1609/1609 1819/1819 1820/1820
f 1609/1609 1820/1820 1607/1607
f 1607/1607 1820/1820 1821/1821
f 1607/1607 1821/1821 1605/1605
f 1605/1605 1821/1821 1822/1822
f 1605/1605 1822/1822 1603/1603
f 1603/1603 1822/1822 1823/1823
f 1603/1603 1823/1823 1601/1601
f 1601/1601 1823/1823 1824/1824
f 1601/1601 1824/1824 1599/1599
f 1599/1599 1824/1824 1825/1825
f 1599/1599 1825/1825 1597/1597
f 1597/1597 1825/1825 1569/1569
f 1597/1597 1569/1569 1595/1595
f 1595/1595 1569/1569 1568/1568
f 1816/1816 1590/1590 1588/1588
f 1590/1590 1562/1562 1560/1560
f 1564/1564 1540/1540 1566/1566
f 1566/1566 1540/1540 1538/1538
f 1566/1566 1538/1538 1536/1536
f 1539/1539 1541/1541 1826/1826
f 1826/1826 1541/1541 1827/1827
f 1826/1826 1827/1827 1514/1514
f 1514/1514 1827/1827 1516/1516
f 1827/1827 1517/1517 1516/1516
f 1469/1469 1454/1454 1452/1452
f 1386/1386 1388/1388 1455/1455
f 1455/1455 1388/1388 1390/1390
f 1455/1455 1390/1390 1453/1453
f 1453/1453 1390/1390 1451/1451
f 1386/1386 1828/1828 1384/1384
f 1384/1384 1828/1828 1829/1829
f 1384/1384 1829/1829 1382/1382
f 1382/1382 1829/1829 1380/1380
f 1377/1377 1830/1830 1375/1375
f 1375/1375 1830/1830 1831/1831
f 1375/1375 1831/1831 1373/1373
f 1373/1373 1831/1831 1832/1832
f 1373/1373 1832/1832 1833/1833
f 1833/1833 1832/1832 1834/1834
f 1834/1834 1832/1832 1831/1831
f 1373/1373 1833/1833 1371/1371
f 1371/1371 1833/1833 1369/1369
f 1367/1367 1369/1369 1835/1835
f 1835/1835 1369/1369 1836/1836
f 1835/1835 1836/1836 1367/1367
f 1367/1367 1836/1836 1837/1837
f 1367/1367 1837/1837 1365/1365
f 1365/1365 1837/1837 1838/1838
f 1365/1365 1838/1838 1363/1363
f 1363/1363 1838/1838 1839/1839
f 1363/1363 1839/1839 1361/1361
f 1361/1361 1839/1839 1840/1840
f 1361/1361 1840/1840 1359/1359
f 1359/1359 1840/1840 1841/1841
f 1359/1359 1841/1841 1357/1357
f 1357/1357 1841/1841 1842/1842
f 1357/1357 1842/1842 1355/1355
f 1355/1355 1842/1842 1843/1843
f 1355/1355 1843/1843 1353/1353
f 1353/1353 1843/1843 1844/1844
f 1353/1353 1844/1844 1351/1351
f 1351/1351 1844/1844 1845/1845
f 1351/1351 1845/1845 1349/1349
f 1349/1349 1845/1845 1846/1846
f 1349/1349 1846/1846 1347/1347
f 1347/1347 1846/1846 1847/1847
f 1347/1347 1847/1847 1345/1345
f 1345/1345 1847/1847 1848/1848
f 1345/1345 1848/1848 1849/1849
f 1837/1837 1836/1836 1850/1850
f 1850/1850 1836/1836 1851/1851
f 1850/1850 1851/1851 1852/1852
f 1852/1852 1853/1853 1850/1850
f 1850/1850 1853/1853 1837/1837
f 1853/1853 1854/1854 1837/1837
f 1837/1837 1854/1854 1838/1838
f 1838/1838 1854/1854 1839/1839
f 1839/1839 1854/1854 1855/1855
f 1839/1839 1855/1855 1840/1840
f 1840/1840 1855/1855 1856/1856
f 1840/1840 1856/1856 1841/1841
f 1841/1841 1856/1856 1857/1857
f 1841/1841 1857/1857 1842/1842
f 1842/1842 1857/1857 1843/1843
f 1857/1857 1858/1858 1843/1843
f 1843/1843 1858/1858 1844/1844
f 1858/1858 1859/1859 1844/1844
f 1844/1844 1859/1859 1845/1845
f 1859/1859 1860/1860 1845/1845
f 1845/1845 1860/1860 1846/1846
f 1846/1846 1860/1860 1847/1847
f 1847/1847 1860/1860 1848/1848
f 1345/1345 1849/1849 1343/1343
f 1343/1343 1849/1849 1861/1861
f 1343/1343 1861/1861 1341/1341
f 1341/1341 1861/1861 1339/1339
f 1861/1861 1862/1862 1339/1339
f 1339/1339 1862/1862 1337/1337
f 1862/1862 1863/1863 1337/1337
f 1337/1337 1863/1863 1335/1335
f 1863/1863 1333/1333 1335/1335
f 1723/1723 1722/1722 1728/1728
f 1675/1675 1674/1674 1683/1683
f 1618/1618 1617/1617 1864/1864
f 1864/1864 1617/1617 1658/1658
f 1864/1864 1658/1658 1865/1865
f 1865/1865 1658/1658 1660/1660
f 1865/1865 1660/1660 1662/1662
f 1619/1619 1866/1866 1592/1592
f 1592/1592 1866/1866 1867/1867
f 1592/1592 1867/1867 1868/1868
f 1868/1868 1867/1867 1869/1869
f 1868/1868 1869/1869 1870/1870
f 1870/1870 1869/1869 1871/1871
f 1870/1870 1871/1871 1872/1872
f 1872/1872 1871/1871 1873/1873
f 1872/1872 1873/1873 1874/1874
f 1874/1874 1873/1873 1875/1875
f 1874/1874 1875/1875 1876/1876
f 1876/1876 1875/1875 1877/1877
f 1876/1876 1877/1877 1878/1878
f 1878/1878 1877/1877 1879/1879
f 1878/1878 1879/1879 1880/1880
f 1880/1880 1879/1879 1881/1881
f 1880/1880 1881/1881 1882/1882
f 1882/1882 1881/1881 1883/1883
f 1882/1882 1883/1883 1884/1884
f 1884/1884 1883/1883 1885/1885
f 1884/1884 1885/1885 1886/1886
f 1886/1886 1885/1885 1887/1887
f 1886/1886 1887/1887 1888/1888
f 1888/1888 1887/1887 1645/1645
f 1888/1888 1645/1645 1647/1647
f 1619/1619 1621/1621 1866/1866
f 1866/1866 1621/1621 1889/1889
f 1866/1866 1889/1889 1867/1867
f 1867/1867 1889/1889 1869/1869
f 1868/1868 1890/1890 1592/1592
f 1592/1592 1890/1890 1891/1891
f 1592/1592 1891/1891 1892/1892
f 1892/1892 1891/1891 1893/1893
f 1892/1892 1893/1893 1894/1894
f 1894/1894 1893/1893 1895/1895
f 1894/1894 1895/1895 1896/1896
f 1896/1896 1895/1895 1897/1897
f 1896/1896 1897/1897 1898/1898
f 1898/1898 1897/1897 1899/1899
f 1898/1898 1899/1899 1900/1900
f 1900/1900 1899/1899 1901/1901
f 1900/1900 1901/1901 1902/1902
f 1902/1902 1901/1901 1903/1903
f 1902/1902 1903/1903 1904/1904
f 1904/1904 1903/1903 1905/1905
f 1904/1904 1905/1905 1906/1906
f 1906/1906 1905/1905 1907/1907
f 1906/1906 1907/1907 1651/1651
f 1651/1651 1907/1907 1649/1649
f 1868/1868 1870/1870 1890/1890
f 1890/1890 1870/1870 1908/1908
f 1890/1890 1908/1908 1891/1891
f 1891/1891 1908/1908 1893/1893
f 1593/1593 1592/1592 1892/1892
f 1892/1892 1894/1894 1593/1593
f 1593/1593 1894/1894 1909/1909
f 1593/1593 1909/1909 1594/1594
f 1594/1594 1909/1909 1596/1596
f 1572/1572 1570/1570 1825/1825
f 1825/1825 1570/1570 1569/1569
f 1543/1543 1542/1542 1910/1910
f 1910/1910 1542/1542 1571/1571
f 1910/1910 1571/1571 1573/1573
f 1543/1543 1910/1910 1911/1911
f 1911/1911 1910/1910 1573/1573
f 1911/1911 1573/1573 1575/1575
f 1544/1544 1543/1543 1912/1912
f 1912/1912 1543/1543 1911/1911
f 1912/1912 1911/1911 1913/1913
f 1913/1913 1911/1911 1575/1575
f 1913/1913 1575/1575 1577/1577
f 1519/1519 1518/1518 1914/1914
f 1914/1914 1518/1518 1545/1545
f 1914/1914 1545/1545 1547/1547
f 1519/1519 1914/1914 1915/1915
f 1915/1915 1914/1914 1547/1547
f 1915/1915 1547/1547 1549/1549
f 1495/1495 1494/1494 1521/1521
f 1520/1520 1519/1519 1916/1916
f 1916/1916 1519/1519 1915/1915
f 1916/1916 1915/1915 1917/1917
f 1917/1917 1915/1915 1549/1549
f 1917/1917 1549/1549 1551/1551
f 1521/1521 1523/1523 1495/1495
f 1495/1495 1523/1523 1918/1918
f 1495/1495 1918/1918 1496/1496
f 1496/1496 1918/1918 1498/1498
f 1497/1497 1919/1919 1483/1483
f 1483/1483 1919/1919 1920/1920
f 1483/1483 1920/1920 1484/1484
f 1484/1484 1920/1920 1921/1921
f 1484/1484 1921/1921 1922/1922
f 1922/1922 1921/1921 1923/1923
f 1922/1922 1923/1923 1924/1924
f 1924/1924 1923/1923 1925/1925
f 1924/1924 1925/1925 1926/1926
f 1926/1926 1925/1925 1927/1927
f 1926/1926 1927/1927 1928/1928
f 1928/1928 1927/1927 1929/1929
f 1928/1928 1929/1929 1930/1930
f 1930/1930 1929/1929 1931/1931
f 1930/1930 1931/1931 1932/1932
f 1932/1932 1931/1931 1933/1933
f 1932/1932 1933/1933 1464/1464
f 1464/1464 1933/1933 1465/1465
f 1497/1497 1499/1499 1919/1919
f 1919/1919 1499/1499 1934/1934
f 1919/1919 1934/1934 1920/1920
f 1920/1920 1934/1934 1921/1921
f 1476/1476 1475/1475 1486/1486
f 1487/1487 1485/1485 1922/1922
f 1922/1922 1485/1485 1484/1484
f 1486/1486 1488/1488 1476/1476
f 1476/1476 1488/1488 1935/1935
f 1476/1476 1935/1935 1477/1477
f 1477/1477 1935/1935 1478/1478
f 1457/1457 1456/1456 1473/1473
f 1474/1474 1472/1472 1479/1479
f 1479/1479 1472/1472 1471/1471
f 1458/1458 1457/1457 1473/1473
f 1412/1412 1414/1414 1429/1429
f 1412/1412 1429/1429 1431/1431
f 1417/1417 1415/1415 1936/1936
f 1936/1936 1415/1415 1413/1413
f 1936/1936 1413/1413 1937/1937
f 1937/1937 1413/1413 1411/1411
f 1937/1937 1411/1411 1938/1938
f 1938/1938 1411/1411 1409/1409
f 1938/1938 1409/1409 1939/1939
f 1939/1939 1409/1409 1407/1407
f 1939/1939 1407/1407 1940/1940
f 1940/1940 1407/1407 1405/1405
f 1940/1940 1405/1405 1941/1941
f 1941/1941 1405/1405 1403/1403
f 1941/1941 1403/1403 1942/1942
f 1942/1942 1403/1403 1401/1401
f 1942/1942 1401/1401 1943/1943
f 1943/1943 1401/1401 1399/1399
f 1943/1943 1399/1399 1944/1944
f 1944/1944 1399/1399 1397/1397
f 1944/1944 1397/1397 1945/1945
f 1945/1945 1397/1397 1395/1395
f 1945/1945 1395/1395 1946/1946
f 1946/1946 1395/1395 1393/1393
f 1946/1946 1393/1393 1947/1947
f 1947/1947 1393/1393 1391/1391
f 1947/1947 1391/1391 1948/1948
f 1948/1948 1391/1391 1389/1389
f 1948/1948 1389/1389 1385/1385
f 1385/1385 1389/1389 1387/1387
f 1418/1418 1420/1420 1426/1426
f 1426/1426 1420/1420 1949/1949
f 1426/1426 1949/1949 1328/1328
f 1328/1328 1949/1949 1950/1950
f 1328/1328 1950/1950 1329/1329
f 1329/1329 1950/1950 1330/1330
f 1618/1618 1864/1864 1620/1620
f 1620/1620 1864/1864 1951/1951
f 1620/1620 1951/1951 1622/1622
f 1622/1622 1951/1951 1666/1666
f 1622/1622 1666/1666 1624/1624
f 1951/1951 1864/1864 1865/1865
f 1621/1621 1623/1623 1889/1889
f 1889/1889 1623/1623 1952/1952
f 1889/1889 1952/1952 1869/1869
f 1869/1869 1952/1952 1871/1871
f 1870/1870 1872/1872 1908/1908
f 1908/1908 1872/1872 1953/1953
f 1908/1908 1953/1953 1893/1893
f 1893/1893 1953/1953 1895/1895
f 1894/1894 1896/1896 1909/1909
f 1909/1909 1896/1896 1954/1954
f 1909/1909 1954/1954 1596/1596
f 1596/1596 1954/1954 1598/1598
f 1574/1574 1572/1572 1824/1824
f 1824/1824 1572/1572 1825/1825
f 1544/1544 1912/1912 1546/1546
f 1546/1546 1912/1912 1955/1955
f 1546/1546 1955/1955 1548/1548
f 1548/1548 1955/1955 1956/1956
f 1548/1548 1956/1956 1550/1550
f 1550/1550 1956/1956 1957/1957
f 1550/1550 1957/1957 1552/1552
f 1552/1552 1957/1957 1958/1958
f 1552/1552 1958/1958 1554/1554
f 1554/1554 1958/1958 1959/1959
f 1554/1554 1959/1959 1556/1556
f 1556/1556 1959/1959 1960/1960
f 1556/1556 1960/1960 1558/1558
f 1558/1558 1960/1960 1591/1591
f 1955/1955 1912/1912 1913/1913
f 1520/1520 1916/1916 1522/1522
f 1522/1522 1916/1916 1961/1961
f 1522/1522 1961/1961 1524/1524
f 1524/1524 1961/1961 1962/1962
f 1524/1524 1962/1962 1526/1526
f 1526/1526 1962/1962 1963/1963
f 1526/1526 1963/1963 1528/1528
f 1528/1528 1963/1963 1964/1964
f 1528/1528 1964/1964 1530/1530
f 1530/1530 1964/1964 1965/1965
f 1530/1530 1965/1965 1532/1532
f 1532/1532 1965/1965 1966/1966
f 1532/1532 1966/1966 1534/1534
f 1534/1534 1966/1966 1567/1567
f 1961/1961 1916/1916 1917/1917
f 1523/1523 1525/1525 1918/1918
f 1918/1918 1525/1525 1967/1967
f 1918/1918 1967/1967 1498/1498
f 1498/1498 1967/1967 1500/1500
f 1499/1499 1501/1501 1934/1934
f 1934/1934 1501/1501 1968/1968
f 1934/1934 1968/1968 1921/1921
f 1921/1921 1968/1968 1923/1923
f 1489/1489 1487/1487 1924/1924
f 1924/1924 1487/1487 1922/1922
f 1488/1488 1490/1490 1935/1935
f 1935/1935 1490/1490 1492/1492
f 1935/1935 1492/1492 1478/1478
f 1478/1478 1492/1492 1480/1480
f 1459/1459 1474/1474 1481/1481
f 1481/1481 1474/1474 1479/1479
f 1410/1410 1412/1412 1431/1431
f 1410/1410 1431/1431 1433/1433
f 1417/1417 1936/1936 1419/1419
f 1419/1419 1936/1936 1969/1969
f 1419/1419 1969/1969 1421/1421
f 1421/1421 1969/1969 1970/1970
f 1421/1421 1970/1970 1423/1423
f 1423/1423 1970/1970 1971/1971
f 1423/1423 1971/1971 1425/1425
f 1425/1425 1971/1971 1972/1972
f 1425/1425 1972/1972 1338/1338
f 1338/1338 1972/1972 1340/1340
f 1969/1969 1936/1936 1937/1937
f 1420/1420 1422/1422 1949/1949
f 1949/1949 1422/1422 1973/1973
f 1949/1949 1973/1973 1950/1950
f 1950/1950 1973/1973 1332/1332
f 1950/1950 1332/1332 1330/1330
f 1662/1662 1664/1664 1865/1865
f 1865/1865 1664/1664 1951/1951
f 1664/1664 1666/1666 1951/1951
f 1623/1623 1625/1625 1952/1952
f 1952/1952 1625/1625 1974/1974
f 1952/1952 1974/1974 1871/1871
f 1871/1871 1974/1974 1873/1873
f 1872/1872 1874/1874 1953/1953
f 1953/1953 1874/1874 1975/1975
f 1953/1953 1975/1975 1895/1895
f 1895/1895 1975/1975 1897/1897
f 1954/1954 1896/1896 1976/1976
f 1976/1976 1896/1896 1898/1898
f 1976/1976 1898/1898 1900/1900
f 1598/1598 1954/1954 1977/1977
f 1977/1977 1954/1954 1976/1976
f 1977/1977 1976/1976 1978/1978
f 1978/1978 1976/1976 1900/1900
f 1978/1978 1900/1900 1902/1902
f 1576/1576 1574/1574 1823/1823
f 1823/1823 1574/1574 1824/1824
f 1955/1955 1913/1913 1979/1979
f 1979/1979 1913/1913 1577/1577
f 1979/1979 1577/1577 1579/1579
f 1961/1961 1917/1917 1980/1980
f 1980/1980 1917/1917 1551/1551
f 1980/1980 1551/1551 1553/1553
f 1525/1525 1527/1527 1967/1967
f 1967/1967 1527/1527 1981/1981
f 1967/1967 1981/1981 1500/1500
f 1500/1500 1981/1981 1502/1502
f 1501/1501 1503/1503 1968/1968
f 1968/1968 1503/1503 1982/1982
f 1968/1968 1982/1982 1923/1923
f 1923/1923 1982/1982 1925/1925
f 1491/1491 1489/1489 1926/1926
f 1926/1926 1489/1489 1924/1924
f 1460/1460 1459/1459 1481/1481
f 1408/1408 1410/1410 1433/1433
f 1408/1408 1433/1433 1435/1435
f 1969/1969 1937/1937 1983/1983
f 1983/1983 1937/1937 1938/1938
f 1983/1983 1938/1938 1984/1984
f 1984/1984 1938/1938 1939/1939
f 1984/1984 1939/1939 1985/1985
f 1985/1985 1939/1939 1940/1940
f 1985/1985 1940/1940 1986/1986
f 1986/1986 1940/1940 1941/1941
f 1986/1986 1941/1941 1987/1987
f 1987/1987 1941/1941 1942/1942
f 1987/1987 1942/1942 1988/1988
f 1988/1988 1942/1942 1943/1943
f 1988/1988 1943/1943 1989/1989
f 1989/1989 1943/1943 1944/1944
f 1989/1989 1944/1944 1990/1990
f 1990/1990 1944/1944 1945/1945
f 1990/1990 1945/1945 1991/1991
f 1991/1991 1945/1945 1946/1946
f 1991/1991 1946/1946 1992/1992
f 1992/1992 1946/1946 1947/1947
f 1992/1992 1947/1947 1993/1993
f 1993/1993 1947/1947 1948/1948
f 1993/1993 1948/1948 1994/1994
f 1994/1994 1948/1948 1385/1385
f 1994/1994 1385/1385 1383/1383
f 1332/1332 1973/1973 1424/1424
f 1424/1424 1973/1973 1422/1422
f 1334/1334 1332/1332 1424/1424
f 1334/1334 1424/1424 1336/1336
f 1970/1970 1995/1995 1996/1996
f 1996/1996 1995/1995 1997/1997
f 1996/1996 1997/1997 1998/1998
f 1998/1998 1997/1997 1999/1999
f 1998/1998 1999/1999 2000/2000
f 2000/2000 1999/1999 2001/2001
f 2000/2000 2001/2001 2002/2002
f 2002/2002 2001/2001 2003/2003
f 2002/2002 2003/2003 2004/2004
f 2004/2004 2003/2003 2005/2005
f 2004/2004 2005/2005 2006/2006
f 2006/2006 2005/2005 2007/2007
f 2006/2006 2007/2007 2008/2008
f 2008/2008 2007/2007 2009/2009
f 2008/2008 2009/2009 2010/2010
f 2010/2010 2009/2009 2011/2011
f 2010/2010 2011/2011 2012/2012
f 2012/2012 2011/2011 2013/2013
f 2012/2012 2013/2013 2014/2014
f 2014/2014 2013/2013 2015/2015
f 2014/2014 2015/2015 2016/2016
f 2016/2016 2015/2015 2017/2017
f 2016/2016 2017/2017 2018/2018
f 2018/2018 2017/2017 2019/2019
f 2018/2018 2019/2019 2020/2020
f 2020/2020 2019/2019 1381/1381
f 2020/2020 1381/1381 2021/2021
f 2021/2021 1381/1381 1379/1379
f 2021/2021 1379/1379 1376/1376
f 1995/1995 1983/1983 1997/1997
f 1997/1997 1983/1983 1984/1984
f 1997/1997 1984/1984 1999/1999
f 1999/1999 1984/1984 1985/1985
f 1999/1999 1985/1985 2001/2001
f 2001/2001 1985/1985 1986/1986
f 2001/2001 1986/1986 2003/2003
f 2003/2003 1986/1986 1987/1987
f 2003/2003 1987/1987 2005/2005
f 2005/2005 1987/1987 1988/1988
f 2005/2005 1988/1988 2007/2007
f 2007/2007 1988/1988 1989/1989
f 2007/2007 1989/1989 2009/2009
f 2009/2009 1989/1989 1990/1990
f 2009/2009 1990/1990 2011/2011
f 2011/2011 1990/1990 1991/1991
f 2011/2011 1991/1991 2013/2013
f 2013/2013 1991/1991 1992/1992
f 2013/2013 1992/1992 2015/2015
f 2015/2015 1992/1992 1993/1993
f 2015/2015 1993/1993 2017/2017
f 2017/2017 1993/1993 1994/1994
f 2017/2017 1994/1994 2019/2019
f 2019/2019 1994/1994 1383/1383
f 2019/2019 1383/1383 1381/1381
f 1983/1983 1995/1995 1969/1969
f 1969/1969 1995/1995 1970/1970
f 1408/1408 1435/1435 1406/1406
f 1406/1406 1435/1435 1437/1437
f 1406/1406 1437/1437 1404/1404
f 1404/1404 1437/1437 1439/1439
f 1404/1404 1439/1439 1402/1402
f 1402/1402 1439/1439 1441/1441
f 1402/1402 1441/1441 1400/1400
f 1400/1400 1441/1441 1443/1443
f 1400/1400 1443/1443 1398/1398
f 1398/1398 1443/1443 1445/1445
f 1398/1398 1445/1445 1396/1396
f 1396/1396 1445/1445 1447/1447
f 1396/1396 1447/1447 1394/1394
f 1394/1394 1447/1447 1449/1449
f 1394/1394 1449/1449 1392/1392
f 1392/1392 1449/1449 1451/1451
f 1392/1392 1451/1451 1390/1390
f 1482/1482 1493/1493 2022/2022
f 2022/2022 1493/1493 2023/2023
f 2022/2022 2023/2023 2024/2024
f 2024/2024 2023/2023 1930/1930
f 2024/2024 1930/1930 1932/1932
f 1493/1493 1491/1491 2023/2023
f 2023/2023 1491/1491 1928/1928
f 2023/2023 1928/1928 1930/1930
f 1491/1491 1926/1926 1928/1928
f 1925/1925 1982/1982 2025/2025
f 2025/2025 1982/1982 1505/1505
f 2025/2025 1505/1505 1507/1507
f 1982/1982 1503/1503 1505/1505
f 1502/1502 1981/1981 2026/2026
f 2026/2026 1981/1981 1529/1529
f 2026/2026 1529/1529 1531/1531
f 1981/1981 1527/1527 1529/1529
f 1962/1962 1980/1980 2027/2027
f 2027/2027 1980/1980 1553/1553
f 2027/2027 1553/1553 1555/1555
f 1980/1980 1962/1962 1961/1961
f 1956/1956 1979/1979 2028/2028
f 2028/2028 1979/1979 1579/1579
f 2028/2028 1579/1579 1581/1581
f 1979/1979 1956/1956 1955/1955
f 1578/1578 1576/1576 1822/1822
f 1822/1822 1576/1576 1823/1823
f 1600/1600 1977/1977 2029/2029
f 2029/2029 1977/1977 1978/1978
f 2029/2029 1978/1978 2030/2030
f 2030/2030 1978/1978 1902/1902
f 2030/2030 1902/1902 1904/1904
f 1977/1977 1600/1600 1598/1598
f 1897/1897 1975/1975 2031/2031
f 2031/2031 1975/1975 1876/1876
f 2031/2031 1876/1876 1878/1878
f 1975/1975 1874/1874 1876/1876
f 1873/1873 1974/1974 2032/2032
f 2032/2032 1974/1974 1627/1627
f 2032/2032 1627/1627 1629/1629
f 1974/1974 1625/1625 1627/1627
f 1873/1873 2032/2032 1875/1875
f 1875/1875 2032/2032 2033/2033
f 1875/1875 2033/2033 1877/1877
f 1877/1877 2033/2033 2034/2034
f 1877/1877 2034/2034 1879/1879
f 1879/1879 2034/2034 2035/2035
f 1879/1879 2035/2035 1881/1881
f 1881/1881 2035/2035 2036/2036
f 1881/1881 2036/2036 1883/1883
f 1883/1883 2036/2036 2037/2037
f 1883/1883 2037/2037 1885/1885
f 1885/1885 2037/2037 2038/2038
f 1885/1885 2038/2038 1887/1887
f 1887/1887 2038/2038 1643/1643
f 1887/1887 1643/1643 1645/1645
f 2033/2033 2032/2032 1629/1629
f 1897/1897 2031/2031 1899/1899
f 1899/1899 2031/2031 2039/2039
f 1899/1899 2039/2039 1901/1901
f 1901/1901 2039/2039 2040/2040
f 1901/1901 2040/2040 1903/1903
f 1903/1903 2040/2040 2041/2041
f 1903/1903 2041/2041 1905/1905
f 1905/1905 2041/2041 2042/2042
f 1905/1905 2042/2042 1907/1907
f 1907/1907 2042/2042 2043/2043
f 1907/1907 2043/2043 1649/1649
f 1649/1649 2043/2043 1647/1647
f 2039/2039 2031/2031 1878/1878
f 1600/1600 2029/2029 1602/1602
f 1602/1602 2029/2029 2044/2044
f 1602/1602 2044/2044 1604/1604
f 1604/1604 2044/2044 1655/1655
f 2044/2044 2029/2029 2030/2030
f 1580/1580 1578/1578 1821/1821
f 1821/1821 1578/1578 1822/1822
f 1956/1956 2028/2028 1957/1957
f 1957/1957 2028/2028 2045/2045
f 1957/1957 2045/2045 1958/1958
f 1958/1958 2045/2045 2046/2046
f 1958/1958 2046/2046 1959/1959
f 1959/1959 2046/2046 2047/2047
f 1959/1959 2047/2047 1960/1960
f 1960/1960 2047/2047 1589/1589
f 1960/1960 1589/1589 1591/1591
f 2045/2045 2028/2028 1581/1581
f 1962/1962 2027/2027 1963/1963
f 1963/1963 2027/2027 2048/2048
f 1963/1963 2048/2048 1964/1964
f 1964/1964 2048/2048 2049/2049
f 1964/1964 2049/2049 1965/1965
f 1965/1965 2049/2049 2050/2050
f 1965/1965 2050/2050 1966/1966
f 1966/1966 2050/2050 2051/2051
f 1966/1966 2051/2051 1567/1567
f 1567/1567 2051/2051 1565/1565
f 2048/2048 2027/2027 1555/1555
f 1502/1502 2026/2026 1504/1504
f 1504/1504 2026/2026 2052/2052
f 1504/1504 2052/2052 1506/1506
f 1506/1506 2052/2052 2053/2053
f 1506/1506 2053/2053 1508/1508
f 1508/1508 2053/2053 2054/2054
f 1508/1508 2054/2054 1510/1510
f 1510/1510 2054/2054 2055/2055
f 1510/1510 2055/2055 1512/1512
f 1512/1512 2055/2055 1826/1826
f 1512/1512 1826/1826 1514/1514
f 2052/2052 2026/2026 1531/1531
f 1925/1925 2025/2025 1927/1927
f 1927/1927 2025/2025 2056/2056
f 1927/1927 2056/2056 1929/1929
f 1929/1929 2056/2056 2057/2057
f 1929/1929 2057/2057 1931/1931
f 1931/1931 2057/2057 2058/2058
f 1931/1931 2058/2058 1933/1933
f 1933/1933 2058/2058 2059/2059
f 1933/1933 2059/2059 1465/1465
f 1465/1465 2059/2059 1466/1466
f 2056/2056 2025/2025 1507/1507
f 1462/1462 1461/1461 2022/2022
f 2022/2022 1461/1461 1482/1482
f 1462/1462 2022/2022 2024/2024
f 1970/1970 1996/1996 1971/1971
f 1971/1971 1996/1996 2060/2060
f 1971/1971 2060/2060 1972/1972
f 1972/1972 2060/2060 2061/2061
f 1972/1972 2061/2061 1340/1340
f 1340/1340 2061/2061 1342/1342
f 2060/2060 1996/1996 1998/1998
f 1669/1669 1671/1671 1670/1670
f 2034/2034 2033/2033 1631/1631
f 1631/1631 2033/2033 1629/1629
f 2040/2040 2039/2039 1880/1880
f 1880/1880 2039/2039 1878/1878
f 2044/2044 2030/2030 2062/2062
f 2062/2062 2030/2030 1904/1904
f 2062/2062 1904/1904 1906/1906
f 1582/1582 1580/1580 1820/1820
f 1820/1820 1580/1580 1821/1821
f 2046/2046 2045/2045 1583/1583
f 1583/1583 2045/2045 1581/1581
f 2049/2049 2048/2048 1557/1557
f 1557/1557 2048/2048 1555/1555
f 2053/2053 2052/2052 1533/1533
f 1533/1533 2052/2052 1531/1531
f 2057/2057 2056/2056 1509/1509
f 1509/1509 2056/2056 1507/1507
f 1463/1463 1462/1462 2024/2024
f 1463/1463 2024/2024 1932/1932
f 2060/2060 1998/1998 2063/2063
f 2063/2063 1998/1998 2000/2000
f 2063/2063 2000/2000 2064/2064
f 2064/2064 2000/2000 2002/2002
f 2064/2064 2002/2002 2065/2065
f 2065/2065 2002/2002 2004/2004
f 2065/2065 2004/2004 2006/2006
f 1805/1805 1677/1677 1790/1790
f 1790/1790 1677/1677 1676/1676
f 1812/1812 1679/1679 1804/1804
f 1804/1804 1679/1679 1678/1678
f 2035/2035 2034/2034 1633/1633
f 1633/1633 2034/2034 1631/1631
f 2041/2041 2040/2040 1882/1882
f 1882/1882 2040/2040 1880/1880
f 1653/1653 1655/1655 2062/2062
f 2062/2062 1655/1655 2044/2044
f 1653/1653 2062/2062 1906/1906
f 1608/1608 1606/1606 1654/1654
f 1584/1584 1582/1582 1819/1819
f 1819/1819 1582/1582 1820/1820
f 2047/2047 2046/2046 1585/1585
f 1585/1585 2046/2046 1583/1583
f 2050/2050 2049/2049 1559/1559
f 1559/1559 2049/2049 1557/1557
f 2054/2054 2053/2053 1535/1535
f 1535/1535 2053/2053 1533/1533
f 2058/2058 2057/2057 1511/1511
f 1511/1511 2057/2057 1509/1509
f 1464/1464 1463/1463 1932/1932
f 2060/2060 2063/2063 2061/2061
f 2061/2061 2063/2063 2066/2066
f 2061/2061 2066/2066 1342/1342
f 1342/1342 2066/2066 1344/1344
f 2066/2066 2063/2063 2064/2064
f 2066/2066 2064/2064 2067/2067
f 2067/2067 2064/2064 2065/2065
f 2067/2067 2065/2065 2068/2068
f 2068/2068 2065/2065 2006/2006
f 2068/2068 2006/2006 2069/2069
f 2069/2069 2006/2006 2008/2008
f 2069/2069 2008/2008 2070/2070
f 2070/2070 2008/2008 2010/2010
f 2070/2070 2010/2010 2071/2071
f 2071/2071 2010/2010 2012/2012
f 2071/2071 2012/2012 2072/2072
f 2072/2072 2012/2012 2014/2014
f 2072/2072 2014/2014 2073/2073
f 2073/2073 2014/2014 2016/2016
f 2073/2073 2016/2016 2074/2074
f 2074/2074 2016/2016 2018/2018
f 2074/2074 2018/2018 2075/2075
f 2075/2075 2018/2018 2020/2020
f 2075/2075 2020/2020 2076/2076
f 2076/2076 2020/2020 2021/2021
f 2076/2076 2021/2021 2077/2077
f 2077/2077 2021/2021 1376/1376
f 2077/2077 1376/1376 1374/1374
f 2059/2059 2058/2058 1513/1513
f 1513/1513 2058/2058 1511/1511
f 2055/2055 2054/2054 1537/1537
f 1537/1537 2054/2054 1535/1535
f 2051/2051 2050/2050 1561/1561
f 1561/1561 2050/2050 1559/1559
f 1587/1587 1589/1589 2047/2047
f 2047/2047 1585/1585 1587/1587
f 1586/1586 1584/1584 1818/1818
f 1818/1818 1584/1584 1819/1819
f 1608/1608 1654/1654 2078/2078
f 2078/2078 1654/1654 1652/1652
f 2078/2078 1652/1652 1814/1814
f 1653/1653 1906/1906 1651/1651
f 2042/2042 2041/2041 1884/1884
f 1884/1884 2041/2041 1882/1882
f 2036/2036 2035/2035 1635/1635
f 1635/1635 2035/2035 1633/1633
f 1811/1811 1812/1812 1802/1802
f 1802/1802 1812/1812 1804/1804
f 1803/1803 1805/1805 1788/1788
f 1788/1788 1805/1805 1790/1790
f 1789/1789 1684/1684 1682/1682
f 1789/1789 1682/1682 1680/1680
f 1680/1680 1682/1682 1681/1681
f 1801/1801 1803/1803 1786/1786
f 1786/1786 1803/1803 1788/1788
f 1810/1810 1811/1811 1800/1800
f 1800/1800 1811/1811 1802/1802
f 2037/2037 2036/2036 1637/1637
f 1637/1637 2036/2036 1635/1635
f 2043/2043 2042/2042 1886/1886
f 1886/1886 2042/2042 1884/1884
f 1608/1608 2078/2078 1610/1610
f 1610/1610 2078/2078 1815/1815
f 1610/1610 1815/1815 1612/1612
f 1815/1815 2078/2078 1814/1814
f 1588/1588 1586/1586 1817/1817
f 1817/1817 1586/1586 1818/1818
f 1565/1565 2051/2051 1563/1563
f 1563/1563 2051/2051 1561/1561
f 1826/1826 2055/2055 1539/1539
f 1539/1539 2055/2055 1537/1537
f 1466/1466 2059/2059 1515/1515
f 1515/1515 2059/2059 1513/1513
f 2066/2066 2067/2067 1344/1344
f 1344/1344 2067/2067 2079/2079
f 1344/1344 2079/2079 1346/1346
f 1346/1346 2079/2079 1348/1348
f 2079/2079 2067/2067 2068/2068
f 1685/1685 1687/1687 1686/1686
f 1789/1789 1680/1680 1688/1688
f 1789/1789 1688/1688 1787/1787
f 1787/1787 1688/1688 1690/1690
f 1787/1787 1690/1690 1785/1785
f 1785/1785 1690/1690 1692/1692
f 1785/1785 1692/1692 1783/1783
f 1783/1783 1692/1692 1694/1694
f 1783/1783 1694/1694 1781/1781
f 1781/1781 1694/1694 1696/1696
f 1781/1781 1696/1696 1779/1779
f 1779/1779 1696/1696 1698/1698
f 1779/1779 1698/1698 1777/1777
f 1777/1777 1698/1698 1700/1700
f 1799/1799 1801/1801 1784/1784
f 1784/1784 1801/1801 1786/1786
f 1809/1809 1810/1810 1798/1798
f 1798/1798 1810/1810 1800/1800
f 2038/2038 2037/2037 1639/1639
f 1639/1639 2037/2037 1637/1637
f 1647/1647 2043/2043 1888/1888
f 1888/1888 2043/2043 1886/1886
f 1467/1467 1466/1466 1515/1515
f 2079/2079 2068/2068 2080/2080
f 2080/2080 2068/2068 2069/2069
f 2080/2080 2069/2069 2081/2081
f 2081/2081 2069/2069 2070/2070
f 2081/2081 2070/2070 2082/2082
f 2082/2082 2070/2070 2071/2071
f 2082/2082 2071/2071 2083/2083
f 2083/2083 2071/2071 2072/2072
f 2083/2083 2072/2072 2084/2084
f 2084/2084 2072/2072 2073/2073
f 2084/2084 2073/2073 2085/2085
f 2085/2085 2073/2073 2074/2074
f 2085/2085 2074/2074 2086/2086
f 2086/2086 2074/2074 2075/2075
f 2086/2086 2075/2075 2087/2087
f 2087/2087 2075/2075 2076/2076
f 2087/2087 2076/2076 2088/2088
f 2088/2088 2076/2076 2077/2077
f 2088/2088 2077/2077 2089/2089
f 2089/2089 2077/2077 1374/1374
f 2089/2089 1374/1374 1372/1372
f 1689/1689 1724/1724 2090/2090
f 2090/2090 1724/1724 1729/1729
f 2090/2090 1729/1729 2091/2091
f 2091/2091 1729/1729 1727/1727
f 2091/2091 1727/1727 2092/2092
f 2092/2092 1727/1727 1732/1732
f 2092/2092 1732/1732 1739/1739
f 1739/1739 1732/1732 1735/1735
f 1797/1797 1799/1799 1782/1782
f 1782/1782 1799/1799 1784/1784
f 1808/1808 1809/1809 1796/1796
f 1796/1796 1809/1809 1798/1798
f 1643/1643 2038/2038 1641/1641
f 1641/1641 2038/2038 1639/1639
f 1807/1807 1808/1808 1794/1794
f 1794/1794 1808/1808 1796/1796
f 1795/1795 1797/1797 1780/1780
f 1780/1780 1797/1797 1782/1782
f 1691/1691 2090/2090 2093/2093
f 2093/2093 2090/2090 2091/2091
f 2093/2093 2091/2091 2094/2094
f 2094/2094 2091/2091 2092/2092
f 2094/2094 2092/2092 1741/1741
f 1741/1741 2092/2092 1739/1739
f 2090/2090 1691/1691 1689/1689
f 1691/1691 2093/2093 1693/1693
f 1693/1693 2093/2093 2095/2095
f 1693/1693 2095/2095 1695/1695
f 1695/1695 2095/2095 1745/1745
f 1695/1695 1745/1745 1697/1697
f 2095/2095 2093/2093 2094/2094
f 1793/1793 1795/1795 1778/1778
f 1778/1778 1795/1795 1780/1780
f 1792/1792 1807/1807 1794/1794
f 1741/1741 1743/1743 2094/2094
f 2094/2094 1743/1743 2095/2095
f 1743/1743 1745/1745 2095/2095
f 1776/1776 1793/1793 1778/1778
f 1704/1704 1701/1701 1699/1699
f 1706/1706 1704/1704 1746/1746
f 1746/1746 1704/1704 1699/1699
f 1708/1708 1706/1706 1744/1744
f 1744/1744 1706/1706 1746/1746
f 1710/1710 1708/1708 1742/1742
f 1742/1742 1708/1708 1744/1744
f 1712/1712 1710/1710 1740/1740
f 1740/1740 1710/1710 1742/1742
f 1714/1714 1712/1712 1738/1738
f 1738/1738 1712/1712 1740/1740
f 1716/1716 1714/1714 1737/1737
f 1737/1737 1714/1714 1738/1738
f 1718/1718 1716/1716 1736/1736
f 1736/1736 1716/1716 1737/1737
f 1717/1717 1719/1719 2096/2096
f 2096/2096 1719/1719 1747/1747
f 2096/2096 1747/1747 2097/2097
f 2097/2097 1747/1747 1749/1749
f 2097/2097 1749/1749 1751/1751
f 1715/1715 1717/1717 2098/2098
f 2098/2098 1717/1717 2096/2096
f 2098/2098 2096/2096 2099/2099
f 2099/2099 2096/2096 2097/2097
f 2099/2099 2097/2097 2100/2100
f 2100/2100 2097/2097 1751/1751
f 2100/2100 1751/1751 1753/1753
f 1713/1713 1715/1715 2101/2101
f 2101/2101 1715/1715 2098/2098
f 2101/2101 2098/2098 2102/2102
f 2102/2102 2098/2098 2099/2099
f 2102/2102 2099/2099 2103/2103
f 2103/2103 2099/2099 2100/2100
f 2103/2103 2100/2100 1759/1759
f 1759/1759 2100/2100 1753/1753
f 1773/1773 1707/1707 1709/1709
f 1713/1713 2101/2101 1771/1771
f 1771/1771 2101/2101 2104/2104
f 1771/1771 2104/2104 1769/1769
f 1769/1769 2104/2104 2105/2105
f 1769/1769 2105/2105 1767/1767
f 1767/1767 2105/2105 1765/1765
f 2104/2104 2101/2101 2102/2102
f 2104/2104 2102/2102 2106/2106
f 2106/2106 2102/2102 2103/2103
f 2106/2106 2103/2103 1761/1761
f 1761/1761 2103/2103 1759/1759
f 2104/2104 2106/2106 2105/2105
f 2105/2105 2106/2106 1763/1763
f 2105/2105 1763/1763 1765/1765
f 1763/1763 2106/2106 1761/1761
f 1350/1350 1348/1348 2080/2080
f 2080/2080 1348/1348 2079/2079
f 1350/1350 2080/2080 2081/2081
f 1352/1352 1350/1350 2081/2081
f 1352/1352 2081/2081 2082/2082
f 1354/1354 1352/1352 2082/2082
f 1354/1354 2082/2082 2083/2083
f 1356/1356 1354/1354 2083/2083
f 1356/1356 2083/2083 2084/2084
f 1356/1356 2084/2084 1358/1358
f 1358/1358 2084/2084 2085/2085
f 1358/1358 2085/2085 1360/1360
f 1360/1360 2085/2085 2086/2086
f 1360/1360 2086/2086 1362/1362
f 1362/1362 2086/2086 2087/2087
f 1362/1362 2087/2087 1364/1364
f 1364/1364 2087/2087 2088/2088
f 1364/1364 2088/2088 1366/1366
f 1366/1366 2088/2088 2089/2089
f 1366/1366 2089/2089 1368/1368
f 1368/1368 2089/2089 1372/1372
f 1368/1368 1372/1372 1370/1370
f 2107/2107 2108/2108 2109/2109
f 2109/2109 2108/2108 2110/2110
f 2109/2109 2110/2110 2111/2111
f 2111/2111 2110/2110 2112/2112
f 2111/2111 2112/2112 2113/2113
f 2113/2113 2112/2112 2114/2114
f 2113/2113 2114/2114 2115/2115
f 2115/2115 2114/2114 2116/2116
f 2115/2115 2116/2116 2117/2117
f 2117/2117 2116/2116 2118/2118
f 2117/2117 2118/2118 2119/2119
f 2119/2119 2118/2118 2120/2120
f 2119/2119 2120/2120 2121/2121
f 2121/2121 2120/2120 2122/2122
f 2121/2121 2122/2122 2123/2123
f 2123/2123 2122/2122 2124/2124
f 2124/2124 2122/2122 2125/2125
f 2125/2125 2122/2122 2126/2126
f 2125/2125 2126/2126 2127/2127
f 2127/2127 2126/2126 2128/2128
f 2127/2127 2128/2128 2129/2129
f 2129/2129 2128/2128 2130/2130
f 2129/2129 2130/2130 2131/2131
f 2131/2131 2130/2130 2132/2132
f 2132/2132 2130/2130 2133/2133
f 2132/2132 2133/2133 2134/2134
f 2134/2134 2133/2133 2135/2135
f 2134/2134 2135/2135 2136/2136
f 2136/2136 2135/2135 2137/2137
f 2136/2136 2137/2137 2138/2138
f 2138/2138 2137/2137 2139/2139
f 2138/2138 2139/2139 2140/2140
f 2140/2140 2139/2139 2141/2141
f 2140/2140 2141/2141 2142/2142
f 2142/2142 2141/2141 2143/2143
f 2142/2142 2143/2143 2144/2144
f 2144/2144 2143/2143 2145/2145
f 2144/2144 2145/2145 2146/2146
f 2146/2146 2145/2145 2147/2147
f 2146/2146 2147/2147 2148/2148
f 2148/2148 2147/2147 2149/2149
f 2148/2148 2149/2149 2150/2150
f 2150/2150 2149/2149 2151/2151
f 2150/2150 2151/2151 2152/2152
f 2152/2152 2151/2151 2153/2153
f 2152/2152 2153/2153 2154/2154
f 2154/2154 2153/2153 2155/2155
f 2154/2154 2155/2155 2156/2156
f 2156/2156 2155/2155 2157/2157
f 2156/2156 2157/2157 2158/2158
f 2158/2158 2157/2157 2159/2159
f 2158/2158 2159/2159 2160/2160
f 2160/2160 2159/2159 2161/2161
f 2160/2160 2161/2161 2162/2162
f 2162/2162 2161/2161 2163/2163
f 2162/2162 2163/2163 2164/2164
f 2164/2164 2163/2163 2165/2165
f 2165/2165 2163/2163 2166/2166
f 2165/2165 2166/2166 2167/2167
f 2167/2167 2166/2166 2168/2168
f 2167/2167 2168/2168 2169/2169
f 2169/2169 2168/2168 2170/2170
f 2169/2169 2170/2170 2171/2171
f 2171/2171 2170/2170 2172/2172
f 2171/2171 2172/2172 2173/2173
f 2108/2108 2174/2174 2110/2110
f 2110/2110 2174/2174 2175/2175
f 2110/2110 2175/2175 2176/2176
f 2176/2176 2175/2175 2177/2177
f 2176/2176 2177/2177 2178/2178
f 2178/2178 2177/2177 2179/2179
f 2178/2178 2179/2179 2180/2180
f 2180/2180 2179/2179 2181/2181
f 2180/2180 2181/2181 2182/2182
f 2182/2182 2181/2181 2183/2183
f 2182/2182 2183/2183 2184/2184
f 2184/2184 2183/2183 2185/2185
f 2184/2184 2185/2185 2186/2186
f 2186/2186 2185/2185 2187/2187
f 2186/2186 2187/2187 2188/2188
f 2188/2188 2187/2187 2189/2189
f 2188/2188 2189/2189 2141/2141
f 2141/2141 2189/2189 2143/2143
f 2181/2181 2190/2190 2183/2183
f 2183/2183 2190/2190 2191/2191
f 2183/2183 2191/2191 2185/2185
f 2185/2185 2191/2191 2192/2192
f 2185/2185 2192/2192 2187/2187
f 2187/2187 2192/2192 2193/2193
f 2187/2187 2193/2193 2189/2189
f 2189/2189 2193/2193 2194/2194
f 2189/2189 2194/2194 2143/2143
f 2143/2143 2194/2194 2145/2145
f 2190/2190 2195/2195 2191/2191
f 2191/2191 2195/2195 2196/2196
f 2191/2191 2196/2196 2192/2192
f 2192/2192 2196/2196 2197/2197
f 2192/2192 2197/2197 2193/2193
f 2193/2193 2197/2197 2198/2198
f 2193/2193 2198/2198 2194/2194
f 2194/2194 2198/2198 2199/2199
f 2194/2194 2199/2199 2145/2145
f 2145/2145 2199/2199 2147/2147
f 2196/2196 2195/2195 2200/2200
f 2200/2200 2195/2195 2201/2201
f 2200/2200 2201/2201 2202/2202
f 2202/2202 2201/2201 2203/2203
f 2202/2202 2203/2203 2204/2204
f 2204/2204 2203/2203 2205/2205
f 2204/2204 2205/2205 2206/2206
f 2206/2206 2205/2205 2207/2207
f 2206/2206 2207/2207 2208/2208
f 2208/2208 2207/2207 2209/2209
f 2208/2208 2209/2209 2210/2210
f 2210/2210 2209/2209 2211/2211
f 2210/2210 2211/2211 2212/2212
f 2212/2212 2211/2211 2213/2213
f 2212/2212 2213/2213 2214/2214
f 2214/2214 2213/2213 2215/2215
f 2214/2214 2215/2215 2216/2216
f 2216/2216 2215/2215 2217/2217
f 2216/2216 2217/2217 2218/2218
f 2218/2218 2217/2217 2172/2172
f 2218/2218 2172/2172 2170/2170
f 2201/2201 2219/2219 2203/2203
f 2203/2203 2219/2219 2205/2205
f 2219/2219 2220/2220 2205/2205
f 2205/2205 2220/2220 2207/2207
f 2207/2207 2220/2220 2209/2209
f 2209/2209 2220/2220 2221/2221
f 2209/2209 2221/2221 2211/2211
f 2211/2211 2221/2221 2222/2222
f 2211/2211 2222/2222 2213/2213
f 2213/2213 2222/2222 2215/2215
f 2222/2222 2217/2217 2215/2215
f 2171/2171 2173/2173 2223/2223
f 2223/2223 2173/2173 2224/2224
f 2223/2223 2224/2224 2225/2225
f 2225/2225 2224/2224 2226/2226
f 2225/2225 2226/2226 2227/2227
f 2228/2228 2229/2229 2227/2227
f 2227/2227 2229/2229 2225/2225
f 2225/2225 2229/2229 2230/2230
f 2230/2230 2229/2229 2231/2231
f 2230/2230 2231/2231 2167/2167
f 2167/2167 2231/2231 2165/2165
f 2164/2164 2232/2232 2162/2162
f 2162/2162 2232/2232 2233/2233
f 2162/2162 2233/2233 2160/2160
f 2160/2160 2233/2233 2234/2234
f 2160/2160 2234/2234 2158/2158
f 2158/2158 2234/2234 2235/2235
f 2158/2158 2235/2235 2156/2156
f 2156/2156 2235/2235 2236/2236
f 2156/2156 2236/2236 2154/2154
f 2154/2154 2236/2236 2237/2237
f 2154/2154 2237/2237 2152/2152
f 2152/2152 2237/2237 2238/2238
f 2152/2152 2238/2238 2239/2239
f 2240/2240 2241/2241 2232/2232
f 2232/2232 2241/2241 2242/2242
f 2232/2232 2242/2242 2233/2233
f 2233/2233 2242/2242 2243/2243
f 2233/2233 2243/2243 2234/2234
f 2234/2234 2243/2243 2244/2244
f 2234/2234 2244/2244 2245/2245
f 2234/2234 2245/2245 2235/2235
f 2235/2235 2245/2245 2246/2246
f 2235/2235 2246/2246 2236/2236
f 2236/2236 2246/2246 2247/2247
f 2236/2236 2247/2247 2248/2248
f 2236/2236 2248/2248 2237/2237
f 2237/2237 2248/2248 2249/2249
f 2237/2237 2249/2249 2238/2238
f 2250/2250 2148/2148 2239/2239
f 2239/2239 2148/2148 2150/2150
f 2239/2239 2150/2150 2152/2152
f 2251/2251 2144/2144 2250/2250
f 2250/2250 2144/2144 2146/2146
f 2250/2250 2146/2146 2148/2148
f 2144/2144 2251/2251 2142/2142
f 2142/2142 2251/2251 2252/2252
f 2142/2142 2252/2252 2140/2140
f 2140/2140 2252/2252 2138/2138
f 2252/2252 2253/2253 2138/2138
f 2138/2138 2253/2253 2136/2136
f 2253/2253 2132/2132 2136/2136
f 2136/2136 2132/2132 2134/2134
f 2123/2123 2254/2254 2121/2121
f 2121/2121 2254/2254 2255/2255
f 2121/2121 2255/2255 2256/2256
f 2256/2256 2255/2255 2257/2257
f 2256/2256 2257/2257 2258/2258
f 2121/2121 2256/2256 2119/2119
f 2119/2119 2256/2256 2259/2259
f 2119/2119 2259/2259 2117/2117
f 2117/2117 2259/2259 2260/2260
f 2117/2117 2260/2260 2115/2115
f 2115/2115 2260/2260 2113/2113
f 2260/2260 2261/2261 2113/2113
f 2113/2113 2261/2261 2111/2111
f 2261/2261 2109/2109 2111/2111
f 2110/2110 2176/2176 2112/2112
f 2112/2112 2176/2176 2262/2262
f 2112/2112 2262/2262 2263/2263
f 2263/2263 2262/2262 2264/2264
f 2263/2263 2264/2264 2265/2265
f 2265/2265 2264/2264 2266/2266
f 2265/2265 2266/2266 2267/2267
f 2267/2267 2266/2266 2268/2268
f 2267/2267 2268/2268 2269/2269
f 2269/2269 2268/2268 2270/2270
f 2269/2269 2270/2270 2137/2137
f 2137/2137 2270/2270 2139/2139
f 2112/2112 2263/2263 2114/2114
f 2114/2114 2263/2263 2271/2271
f 2114/2114 2271/2271 2116/2116
f 2116/2116 2271/2271 2272/2272
f 2116/2116 2272/2272 2118/2118
f 2118/2118 2272/2272 2273/2273
f 2118/2118 2273/2273 2120/2120
f 2120/2120 2273/2273 2126/2126
f 2120/2120 2126/2126 2122/2122
f 2176/2176 2178/2178 2262/2262
f 2262/2262 2178/2178 2274/2274
f 2262/2262 2274/2274 2264/2264
f 2264/2264 2274/2274 2275/2275
f 2264/2264 2275/2275 2266/2266
f 2266/2266 2275/2275 2184/2184
f 2266/2266 2184/2184 2268/2268
f 2268/2268 2184/2184 2186/2186
f 2268/2268 2186/2186 2270/2270
f 2270/2270 2186/2186 2188/2188
f 2270/2270 2188/2188 2139/2139
f 2139/2139 2188/2188 2141/2141
f 2263/2263 2265/2265 2271/2271
f 2271/2271 2265/2265 2276/2276
f 2271/2271 2276/2276 2272/2272
f 2272/2272 2276/2276 2277/2277
f 2272/2272 2277/2277 2273/2273
f 2273/2273 2277/2277 2128/2128
f 2273/2273 2128/2128 2126/2126
f 2178/2178 2180/2180 2274/2274
f 2274/2274 2180/2180 2182/2182
f 2274/2274 2182/2182 2275/2275
f 2275/2275 2182/2182 2184/2184
f 2265/2265 2267/2267 2276/2276
f 2276/2276 2267/2267 2278/2278
f 2276/2276 2278/2278 2277/2277
f 2277/2277 2278/2278 2133/2133
f 2277/2277 2133/2133 2128/2128
f 2128/2128 2133/2133 2130/2130
f 2135/2135 2133/2133 2278/2278
f 2135/2135 2278/2278 2269/2269
f 2269/2269 2278/2278 2267/2267
f 2135/2135 2269/2269 2137/2137
f 2198/2198 2197/2197 2202/2202
f 2202/2202 2197/2197 2200/2200
f 2197/2197 2196/2196 2200/2200
f 2198/2198 2202/2202 2279/2279
f 2279/2279 2202/2202 2204/2204
f 2279/2279 2204/2204 2280/2280
f 2280/2280 2204/2204 2206/2206
f 2280/2280 2206/2206 2281/2281
f 2281/2281 2206/2206 2208/2208
f 2281/2281 2208/2208 2282/2282
f 2282/2282 2208/2208 2210/2210
f 2282/2282 2210/2210 2283/2283
f 2283/2283 2210/2210 2212/2212
f 2283/2283 2212/2212 2284/2284
f 2284/2284 2212/2212 2214/2214
f 2284/2284 2214/2214 2285/2285
f 2285/2285 2214/2214 2216/2216
f 2285/2285 2216/2216 2286/2286
f 2286/2286 2216/2216 2170/2170
f 2286/2286 2170/2170 2168/2168
f 2198/2198 2279/2279 2199/2199
f 2199/2199 2279/2279 2287/2287
f 2199/2199 2287/2287 2147/2147
f 2147/2147 2287/2287 2149/2149
f 2287/2287 2279/2279 2280/2280
f 2287/2287 2280/2280 2288/2288
f 2288/2288 2280/2280 2281/2281
f 2288/2288 2281/2281 2289/2289
f 2289/2289 2281/2281 2282/2282
f 2289/2289 2282/2282 2290/2290
f 2290/2290 2282/2282 2283/2283
f 2290/2290 2283/2283 2291/2291
f 2291/2291 2283/2283 2284/2284
f 2291/2291 2284/2284 2292/2292
f 2292/2292 2284/2284 2285/2285
f 2292/2292 2285/2285 2293/2293
f 2293/2293 2285/2285 2286/2286
f 2293/2293 2286/2286 2294/2294
f 2294/2294 2286/2286 2168/2168
f 2294/2294 2168/2168 2166/2166
f 2151/2151 2149/2149 2288/2288
f 2288/2288 2149/2149 2287/2287
f 2151/2151 2288/2288 2289/2289
f 2153/2153 2151/2151 2289/2289
f 2153/2153 2289/2289 2290/2290
f 2155/2155 2153/2153 2290/2290
f 2155/2155 2290/2290 2291/2291
f 2170/2170 2216/2216 2218/2218
f 2155/2155 2291/2291 2157/2157
f 2157/2157 2291/2291 2292/2292
f 2157/2157 2292/2292 2159/2159
f 2159/2159 2292/2292 2293/2293
f 2159/2159 2293/2293 2161/2161
f 2161/2161 2293/2293 2294/2294
f 2161/2161 2294/2294 2163/2163
f 2163/2163 2294/2294 2166/2166
f 2171/2171 2223/2223 2169/2169
f 2169/2169 2223/2223 2230/2230
f 2169/2169 2230/2230 2167/2167
f 2225/2225 2230/2230 2223/2223
f 2295/2295 2296/2296 2297/2297
f 2297/2297 2296/2296 2298/2298
f 2297/2297 2298/2298 2299/2299
f 2299/2299 2298/2298 2300/2300
f 2299/2299 2300/2300 2301/2301
f 2301/2301 2300/2300 2302/2302
f 2301/2301 2302/2302 2303/2303
f 2303/2303 2302/2302 2304/2304
f 2303/2303 2304/2304 2305/2305
f 2305/2305 2304/2304 2306/2306
f 2305/2305 2306/2306 2307/2307
f 2307/2307 2306/2306 2308/2308
f 2307/2307 2308/2308 2309/2309
f 2309/2309 2308/2308 2310/2310
f 2309/2309 2310/2310 2311/2311
f 2311/2311 2310/2310 2312/2312
f 2311/2311 2312/2312 2313/2313
f 2313/2313 2312/2312 2314/2314
f 2313/2313 2314/2314 2315/2315
f 2315/2315 2314/2314 2316/2316
f 2315/2315 2316/2316 2317/2317
f 2317/2317 2316/2316 2318/2318
f 2317/2317 2318/2318 2319/2319
f 2319/2319 2318/2318 2320/2320
f 2319/2319 2320/2320 2321/2321
f 2321/2321 2320/2320 2322/2322
f 2321/2321 2322/2322 2323/2323
f 2323/2323 2322/2322 2324/2324
f 2323/2323 2324/2324 2325/2325
f 2325/2325 2324/2324 2326/2326
f 2325/2325 2326/2326 2327/2327
f 2327/2327 2326/2326 2328/2328
f 2327/2327 2328/2328 2329/2329
f 2329/2329 2328/2328 2330/2330
f 2329/2329 2330/2330 2331/2331
f 2296/2296 2332/2332 2298/2298
f 2298/2298 2332/2332 2333/2333
f 2298/2298 2333/2333 2300/2300
f 2300/2300 2333/2333 2302/2302
f 2332/2332 2334/2334 2333/2333
f 2333/2333 2334/2334 2335/2335
f 2333/2333 2335/2335 2302/2302
f 2302/2302 2335/2335 2304/2304
f 2334/2334 2336/2336 2335/2335
f 2335/2335 2336/2336 2337/2337
f 2335/2335 2337/2337 2304/2304
f 2304/2304 2337/2337 2306/2306
f 2336/2336 2338/2338 2337/2337
f 2337/2337 2338/2338 2339/2339
f 2337/2337 2339/2339 2306/2306
f 2306/2306 2339/2339 2308/2308
f 2338/2338 2340/2340 2339/2339
f 2339/2339 2340/2340 2341/2341
f 2339/2339 2341/2341 2308/2308
f 2308/2308 2341/2341 2310/2310
f 2340/2340 2342/2342 2341/2341
f 2341/2341 2342/2342 2343/2343
f 2341/2341 2343/2343 2310/2310
f 2310/2310 2343/2343 2312/2312
f 2342/2342 2344/2344 2343/2343
f 2343/2343 2344/2344 2345/2345
f 2343/2343 2345/2345 2312/2312
f 2312/2312 2345/2345 2314/2314
f 2345/2345 2344/2344 2346/2346
f 2346/2346 2344/2344 2347/2347
f 2346/2346 2347/2347 2348/2348
f 2348/2348 2347/2347 2349/2349
f 2348/2348 2349/2349 2350/2350
f 2350/2350 2349/2349 2351/2351
f 2350/2350 2351/2351 2320/2320
f 2320/2320 2351/2351 2322/2322
f 2349/2349 2352/2352 2351/2351
f 2351/2351 2352/2352 2353/2353
f 2351/2351 2353/2353 2322/2322
f 2322/2322 2353/2353 2324/2324
f 2352/2352 2354/2354 2353/2353
f 2353/2353 2354/2354 2355/2355
f 2353/2353 2355/2355 2324/2324
f 2324/2324 2355/2355 2326/2326
f 2354/2354 2356/2356 2355/2355
f 2355/2355 2356/2356 2357/2357
f 2355/2355 2357/2357 2326/2326
f 2326/2326 2357/2357 2328/2328
f 2356/2356 2358/2358 2357/2357
f 2357/2357 2358/2358 2359/2359
f 2357/2357 2359/2359 2360/2360
f 2357/2357 2360/2360 2328/2328
f 2328/2328 2360/2360 2330/2330
f 2329/2329 2331/2331 2361/2361
f 2361/2361 2331/2331 2362/2362
f 2361/2361 2362/2362 2363/2363
f 2363/2363 2362/2362 2364/2364
f 2363/2363 2364/2364 2365/2365
f 2365/2365 2364/2364 2366/2366
f 2365/2365 2366/2366 2367/2367
f 2367/2367 2366/2366 2368/2368
f 2367/2367 2368/2368 2369/2369
f 2369/2369 2368/2368 2370/2370
f 2369/2369 2370/2370 2371/2371
f 2371/2371 2370/2370 2372/2372
f 2371/2371 2372/2372 2373/2373
f 2373/2373 2372/2372 2374/2374
f 2373/2373 2374/2374 2375/2375
f 2375/2375 2374/2374 2376/2376
f 2375/2375 2376/2376 2377/2377
f 2377/2377 2376/2376 2378/2378
f 2377/2377 2378/2378 2379/2379
f 2379/2379 2378/2378 2380/2380
f 2379/2379 2380/2380 2381/2381
f 2381/2381 2380/2380 2382/2382
f 2381/2381 2382/2382 2383/2383
f 2383/2383 2382/2382 2384/2384
f 2383/2383 2384/2384 2385/2385
f 2385/2385 2384/2384 2386/2386
f 2385/2385 2386/2386 2387/2387
f 2387/2387 2386/2386 2388/2388
f 2387/2387 2388/2388 2389/2389
f 2389/2389 2388/2388 2390/2390
f 2389/2389 2390/2390 2391/2391
f 2391/2391 2390/2390 2392/2392
f 2391/2391 2392/2392 2393/2393
f 2393/2393 2392/2392 2394/2394
f 2393/2393 2394/2394 2395/2395
f 2395/2395 2394/2394 2396/2396
f 2395/2395 2396/2396 2397/2397
f 2397/2397 2396/2396 2398/2398
f 2397/2397 2398/2398 2399/2399
f 2399/2399 2398/2398 2400/2400
f 2399/2399 2400/2400 2401/2401
f 2401/2401 2400/2400 2402/2402
f 2401/2401 2402/2402 2403/2403
f 2403/2403 2402/2402 2404/2404
f 2403/2403 2404/2404 2405/2405
f 2405/2405 2404/2404 2406/2406
f 2405/2405 2406/2406 2407/2407
f 2407/2407 2406/2406 2408/2408
f 2407/2407 2408/2408 2409/2409
f 2409/2409 2408/2408 2410/2410
f 2409/2409 2410/2410 2411/2411
f 2411/2411 2410/2410 2412/2412
f 2412/2412 2410/2410 2413/2413
f 2412/2412 2413/2413 2414/2414
f 2414/2414 2413/2413 2415/2415
f 2414/2414 2415/2415 2416/2416
f 2416/2416 2415/2415 2417/2417
f 2416/2416 2417/2417 2418/2418
f 2418/2418 2417/2417 2419/2419
f 2418/2418 2419/2419 2420/2420
f 2420/2420 2419/2419 2421/2421
f 2420/2420 2421/2421 2422/2422
f 2422/2422 2421/2421 2423/2423
f 2422/2422 2423/2423 2424/2424
f 2424/2424 2423/2423 2425/2425
f 2424/2424 2425/2425 2426/2426
f 2426/2426 2425/2425 2427/2427
f 2426/2426 2427/2427 2428/2428
f 2428/2428 2427/2427 2380/2380
f 2428/2428 2380/2380 2378/2378
f 2366/2366 2429/2429 2368/2368
f 2368/2368 2429/2429 2430/2430
f 2368/2368 2430/2430 2370/2370
f 2370/2370 2430/2430 2431/2431
f 2370/2370 2431/2431 2372/2372
f 2372/2372 2431/2431 2432/2432
f 2372/2372 2432/2432 2433/2433
f 2433/2433 2432/2432 2434/2434
f 2433/2433 2434/2434 2435/2435
f 2435/2435 2434/2434 2436/2436
f 2435/2435 2436/2436 2437/2437
f 2437/2437 2436/2436 2438/2438
f 2437/2437 2438/2438 2439/2439
f 2439/2439 2438/2438 2440/2440
f 2439/2439 2440/2440 2441/2441
f 2441/2441 2440/2440 2442/2442
f 2441/2441 2442/2442 2443/2443
f 2443/2443 2442/2442 2444/2444
f 2443/2443 2444/2444 2445/2445
f 2445/2445 2444/2444 2446/2446
f 2445/2445 2446/2446 2447/2447
f 2429/2429 2448/2448 2430/2430
f 2430/2430 2448/2448 2449/2449
f 2430/2430 2449/2449 2431/2431
f 2431/2431 2449/2449 2450/2450
f 2431/2431 2450/2450 2432/2432
f 2432/2432 2450/2450 2451/2451
f 2432/2432 2451/2451 2434/2434
f 2434/2434 2451/2451 2452/2452
f 2434/2434 2452/2452 2436/2436
f 2436/2436 2452/2452 2453/2453
f 2436/2436 2453/2453 2438/2438
f 2438/2438 2453/2453 2454/2454
f 2438/2438 2454/2454 2440/2440
f 2440/2440 2454/2454 2455/2455
f 2440/2440 2455/2455 2442/2442
f 2442/2442 2455/2455 2456/2456
f 2442/2442 2456/2456 2444/2444
f 2444/2444 2456/2456 2457/2457
f 2444/2444 2457/2457 2458/2458
f 2448/2448 2459/2459 2449/2449
f 2449/2449 2459/2459 2450/2450
f 2459/2459 2460/2460 2450/2450
f 2450/2450 2460/2460 2461/2461
f 2450/2450 2461/2461 2451/2451
f 2451/2451 2461/2461 2462/2462
f 2451/2451 2462/2462 2452/2452
f 2452/2452 2462/2462 2463/2463
f 2452/2452 2463/2463 2453/2453
f 2453/2453 2463/2463 2464/2464
f 2453/2453 2464/2464 2454/2454
f 2454/2454 2464/2464 2465/2465
f 2454/2454 2465/2465 2455/2455
f 2455/2455 2465/2465 2466/2466
f 2455/2455 2466/2466 2456/2456
f 2456/2456 2466/2466 2467/2467
f 2456/2456 2467/2467 2457/2457
f 2461/2461 2460/2460 2468/2468
f 2468/2468 2460/2460 2469/2469
f 2468/2468 2469/2469 2470/2470
f 2470/2470 2469/2469 2471/2471
f 2470/2470 2471/2471 2472/2472
f 2472/2472 2471/2471 2473/2473
f 2472/2472 2473/2473 2474/2474
f 2474/2474 2473/2473 2475/2475
f 2474/2474 2475/2475 2476/2476
f 2476/2476 2475/2475 2477/2477
f 2476/2476 2477/2477 2478/2478
f 2478/2478 2477/2477 2479/2479
f 2478/2478 2479/2479 2480/2480
f 2473/2473 2481/2481 2475/2475
f 2475/2475 2481/2481 2477/2477
f 2478/2478 2480/2480 2482/2482
f 2482/2482 2480/2480 2483/2483
f 2482/2482 2483/2483 2484/2484
f 2484/2484 2483/2483 2485/2485
f 2482/2482 2486/2486 2478/2478
f 2478/2478 2486/2486 2476/2476
f 2476/2476 2486/2486 2487/2487
f 2487/2487 2486/2486 2488/2488
f 2487/2487 2488/2488 2489/2489
f 2489/2489 2488/2488 2490/2490
f 2489/2489 2490/2490 2491/2491
f 2491/2491 2490/2490 2492/2492
f 2491/2491 2492/2492 2466/2466
f 2466/2466 2492/2492 2467/2467
f 2458/2458 2446/2446 2444/2444
f 2445/2445 2447/2447 2493/2493
f 2493/2493 2447/2447 2494/2494
f 2493/2493 2494/2494 2495/2495
f 2495/2495 2494/2494 2416/2416
f 2495/2495 2416/2416 2418/2418
f 2494/2494 2496/2496 2416/2416
f 2416/2416 2496/2496 2497/2497
f 2416/2416 2497/2497 2414/2414
f 2397/2397 2498/2498 2395/2395
f 2395/2395 2498/2498 2499/2499
f 2395/2395 2499/2499 2500/2500
f 2500/2500 2499/2499 2501/2501
f 2500/2500 2501/2501 2502/2502
f 2502/2502 2501/2501 2503/2503
f 2502/2502 2503/2503 2504/2504
f 2504/2504 2503/2503 2505/2505
f 2504/2504 2505/2505 2506/2506
f 2506/2506 2505/2505 2507/2507
f 2506/2506 2507/2507 2508/2508
f 2508/2508 2507/2507 2311/2311
f 2508/2508 2311/2311 2313/2313
f 2498/2498 2509/2509 2499/2499
f 2499/2499 2509/2509 2510/2510
f 2499/2499 2510/2510 2501/2501
f 2501/2501 2510/2510 2511/2511
f 2501/2501 2511/2511 2503/2503
f 2503/2503 2511/2511 2512/2512
f 2503/2503 2512/2512 2505/2505
f 2505/2505 2512/2512 2513/2513
f 2505/2505 2513/2513 2507/2507
f 2507/2507 2513/2513 2309/2309
f 2507/2507 2309/2309 2311/2311
f 2509/2509 2514/2514 2510/2510
f 2510/2510 2514/2514 2515/2515
f 2510/2510 2515/2515 2511/2511
f 2511/2511 2515/2515 2516/2516
f 2511/2511 2516/2516 2512/2512
f 2512/2512 2516/2516 2517/2517
f 2512/2512 2517/2517 2513/2513
f 2513/2513 2517/2517 2307/2307
f 2513/2513 2307/2307 2309/2309
f 2514/2514 2518/2518 2515/2515
f 2515/2515 2518/2518 2519/2519
f 2515/2515 2519/2519 2516/2516
f 2516/2516 2519/2519 2520/2520
f 2516/2516 2520/2520 2517/2517
f 2517/2517 2520/2520 2305/2305
f 2517/2517 2305/2305 2307/2307
f 2518/2518 2521/2521 2519/2519
f 2519/2519 2521/2521 2522/2522
f 2519/2519 2522/2522 2520/2520
f 2520/2520 2522/2522 2303/2303
f 2520/2520 2303/2303 2305/2305
f 2521/2521 2523/2523 2522/2522
f 2522/2522 2523/2523 2301/2301
f 2522/2522 2301/2301 2303/2303
f 2523/2523 2299/2299 2301/2301
f 2320/2320 2318/2318 2350/2350
f 2350/2350 2318/2318 2348/2348
f 2314/2314 2345/2345 2346/2346
f 2318/2318 2316/2316 2348/2348
f 2348/2348 2316/2316 2346/2346
f 2316/2316 2314/2314 2346/2346
f 2327/2327 2329/2329 2524/2524
f 2524/2524 2329/2329 2361/2361
f 2524/2524 2361/2361 2525/2525
f 2525/2525 2361/2361 2363/2363
f 2525/2525 2363/2363 2526/2526
f 2526/2526 2363/2363 2365/2365
f 2526/2526 2365/2365 2527/2527
f 2527/2527 2365/2365 2367/2367
f 2527/2527 2367/2367 2369/2369
f 2325/2325 2327/2327 2528/2528
f 2528/2528 2327/2327 2524/2524
f 2528/2528 2524/2524 2529/2529
f 2529/2529 2524/2524 2525/2525
f 2529/2529 2525/2525 2530/2530
f 2530/2530 2525/2525 2526/2526
f 2530/2530 2526/2526 2531/2531
f 2531/2531 2526/2526 2527/2527
f 2531/2531 2527/2527 2532/2532
f 2532/2532 2527/2527 2369/2369
f 2532/2532 2369/2369 2371/2371
f 2323/2323 2325/2325 2533/2533
f 2533/2533 2325/2325 2528/2528
f 2533/2533 2528/2528 2534/2534
f 2534/2534 2528/2528 2529/2529
f 2534/2534 2529/2529 2535/2535
f 2535/2535 2529/2529 2530/2530
f 2535/2535 2530/2530 2536/2536
f 2536/2536 2530/2530 2531/2531
f 2536/2536 2531/2531 2537/2537
f 2537/2537 2531/2531 2532/2532
f 2537/2537 2532/2532 2373/2373
f 2373/2373 2532/2532 2371/2371
f 2321/2321 2323/2323 2538/2538
f 2538/2538 2323/2323 2533/2533
f 2538/2538 2533/2533 2539/2539
f 2539/2539 2533/2533 2534/2534
f 2539/2539 2534/2534 2540/2540
f 2540/2540 2534/2534 2535/2535
f 2540/2540 2535/2535 2541/2541
f 2541/2541 2535/2535 2536/2536
f 2541/2541 2536/2536 2542/2542
f 2542/2542 2536/2536 2537/2537
f 2542/2542 2537/2537 2375/2375
f 2375/2375 2537/2537 2373/2373
f 2319/2319 2321/2321 2543/2543
f 2543/2543 2321/2321 2538/2538
f 2543/2543 2538/2538 2544/2544
f 2544/2544 2538/2538 2539/2539
f 2544/2544 2539/2539 2545/2545
f 2545/2545 2539/2539 2540/2540
f 2545/2545 2540/2540 2546/2546
f 2546/2546 2540/2540 2541/2541
f 2546/2546 2541/2541 2547/2547
f 2547/2547 2541/2541 2542/2542
f 2547/2547 2542/2542 2377/2377
f 2377/2377 2542/2542 2375/2375
f 2317/2317 2319/2319 2548/2548
f 2548/2548 2319/2319 2543/2543
f 2548/2548 2543/2543 2549/2549
f 2549/2549 2543/2543 2544/2544
f 2549/2549 2544/2544 2550/2550
f 2550/2550 2544/2544 2545/2545
f 2550/2550 2545/2545 2551/2551
f 2551/2551 2545/2545 2546/2546
f 2551/2551 2546/2546 2552/2552
f 2552/2552 2546/2546 2547/2547
f 2552/2552 2547/2547 2379/2379
f 2379/2379 2547/2547 2377/2377
f 2315/2315 2317/2317 2553/2553
f 2553/2553 2317/2317 2548/2548
f 2553/2553 2548/2548 2554/2554
f 2554/2554 2548/2548 2549/2549
f 2554/2554 2549/2549 2555/2555
f 2555/2555 2549/2549 2550/2550
f 2555/2555 2550/2550 2556/2556
f 2556/2556 2550/2550 2551/2551
f 2556/2556 2551/2551 2557/2557
f 2557/2557 2551/2551 2552/2552
f 2557/2557 2552/2552 2381/2381
f 2381/2381 2552/2552 2379/2379
f 2313/2313 2315/2315 2558/2558
f 2558/2558 2315/2315 2553/2553
f 2558/2558 2553/2553 2559/2559
f 2559/2559 2553/2553 2554/2554
f 2559/2559 2554/2554 2560/2560
f 2560/2560 2554/2554 2555/2555
f 2560/2560 2555/2555 2561/2561
f 2561/2561 2555/2555 2556/2556
f 2561/2561 2556/2556 2562/2562
f 2562/2562 2556/2556 2557/2557
f 2562/2562 2557/2557 2383/2383
f 2383/2383 2557/2557 2381/2381
f 2313/2313 2558/2558 2508/2508
f 2508/2508 2558/2558 2563/2563
f 2508/2508 2563/2563 2506/2506
f 2506/2506 2563/2563 2564/2564
f 2506/2506 2564/2564 2504/2504
f 2504/2504 2564/2564 2565/2565
f 2504/2504 2565/2565 2502/2502
f 2502/2502 2565/2565 2566/2566
f 2502/2502 2566/2566 2500/2500
f 2500/2500 2566/2566 2393/2393
f 2500/2500 2393/2393 2395/2395
f 2563/2563 2558/2558 2559/2559
f 2563/2563 2559/2559 2567/2567
f 2567/2567 2559/2559 2560/2560
f 2567/2567 2560/2560 2568/2568
f 2568/2568 2560/2560 2561/2561
f 2568/2568 2561/2561 2569/2569
f 2569/2569 2561/2561 2562/2562
f 2569/2569 2562/2562 2385/2385
f 2385/2385 2562/2562 2383/2383
f 2563/2563 2567/2567 2564/2564
f 2564/2564 2567/2567 2570/2570
f 2564/2564 2570/2570 2565/2565
f 2565/2565 2570/2570 2571/2571
f 2565/2565 2571/2571 2566/2566
f 2566/2566 2571/2571 2391/2391
f 2566/2566 2391/2391 2393/2393
f 2570/2570 2567/2567 2568/2568
f 2570/2570 2568/2568 2572/2572
f 2572/2572 2568/2568 2569/2569
f 2572/2572 2569/2569 2387/2387
f 2387/2387 2569/2569 2385/2385
f 2570/2570 2572/2572 2571/2571
f 2571/2571 2572/2572 2389/2389
f 2571/2571 2389/2389 2391/2391
f 2389/2389 2572/2572 2387/2387
f 2372/2372 2433/2433 2374/2374
f 2374/2374 2433/2433 2573/2573
f 2374/2374 2573/2573 2376/2376
f 2376/2376 2573/2573 2574/2574
f 2376/2376 2574/2574 2378/2378
f 2378/2378 2574/2574 2428/2428
f 2380/2380 2427/2427 2382/2382
f 2382/2382 2427/2427 2575/2575
f 2382/2382 2575/2575 2384/2384
f 2384/2384 2575/2575 2576/2576
f 2384/2384 2576/2576 2386/2386
f 2386/2386 2576/2576 2577/2577
f 2386/2386 2577/2577 2388/2388
f 2388/2388 2577/2577 2578/2578
f 2388/2388 2578/2578 2390/2390
f 2390/2390 2578/2578 2579/2579
f 2390/2390 2579/2579 2392/2392
f 2392/2392 2579/2579 2580/2580
f 2392/2392 2580/2580 2394/2394
f 2394/2394 2580/2580 2581/2581
f 2394/2394 2581/2581 2396/2396
f 2396/2396 2581/2581 2398/2398
f 2433/2433 2435/2435 2573/2573
f 2573/2573 2435/2435 2582/2582
f 2573/2573 2582/2582 2574/2574
f 2574/2574 2582/2582 2583/2583
f 2574/2574 2583/2583 2428/2428
f 2428/2428 2583/2583 2426/2426
f 2427/2427 2425/2425 2575/2575
f 2575/2575 2425/2425 2584/2584
f 2575/2575 2584/2584 2576/2576
f 2576/2576 2584/2584 2585/2585
f 2576/2576 2585/2585 2577/2577
f 2577/2577 2585/2585 2586/2586
f 2577/2577 2586/2586 2578/2578
f 2578/2578 2586/2586 2587/2587
f 2578/2578 2587/2587 2579/2579
f 2579/2579 2587/2587 2588/2588
f 2579/2579 2588/2588 2580/2580
f 2580/2580 2588/2588 2589/2589
f 2580/2580 2589/2589 2581/2581
f 2581/2581 2589/2589 2400/2400
f 2581/2581 2400/2400 2398/2398
f 2435/2435 2437/2437 2582/2582
f 2582/2582 2437/2437 2590/2590
f 2582/2582 2590/2590 2583/2583
f 2583/2583 2590/2590 2591/2591
f 2583/2583 2591/2591 2426/2426
f 2426/2426 2591/2591 2424/2424
f 2425/2425 2423/2423 2584/2584
f 2584/2584 2423/2423 2592/2592
f 2584/2584 2592/2592 2585/2585
f 2585/2585 2592/2592 2593/2593
f 2585/2585 2593/2593 2586/2586
f 2586/2586 2593/2593 2594/2594
f 2586/2586 2594/2594 2587/2587
f 2587/2587 2594/2594 2595/2595
f 2587/2587 2595/2595 2588/2588
f 2588/2588 2595/2595 2596/2596
f 2588/2588 2596/2596 2589/2589
f 2589/2589 2596/2596 2402/2402
f 2589/2589 2402/2402 2400/2400
f 2402/2402 2596/2596 2404/2404
f 2404/2404 2596/2596 2597/2597
f 2404/2404 2597/2597 2406/2406
f 2406/2406 2597/2597 2598/2598
f 2406/2406 2598/2598 2408/2408
f 2408/2408 2598/2598 2599/2599
f 2408/2408 2599/2599 2410/2410
f 2410/2410 2599/2599 2413/2413
f 2596/2596 2595/2595 2597/2597
f 2597/2597 2595/2595 2600/2600
f 2597/2597 2600/2600 2598/2598
f 2598/2598 2600/2600 2601/2601
f 2598/2598 2601/2601 2599/2599
f 2599/2599 2601/2601 2602/2602
f 2599/2599 2602/2602 2413/2413
f 2413/2413 2602/2602 2415/2415
f 2595/2595 2594/2594 2600/2600
f 2600/2600 2594/2594 2603/2603
f 2600/2600 2603/2603 2601/2601
f 2601/2601 2603/2603 2604/2604
f 2601/2601 2604/2604 2602/2602
f 2602/2602 2604/2604 2417/2417
f 2602/2602 2417/2417 2415/2415
f 2594/2594 2593/2593 2603/2603
f 2603/2603 2593/2593 2605/2605
f 2603/2603 2605/2605 2604/2604
f 2604/2604 2605/2605 2419/2419
f 2604/2604 2419/2419 2417/2417
f 2593/2593 2592/2592 2605/2605
f 2605/2605 2592/2592 2421/2421
f 2605/2605 2421/2421 2419/2419
f 2592/2592 2423/2423 2421/2421
f 2424/2424 2591/2591 2606/2606
f 2606/2606 2591/2591 2607/2607
f 2606/2606 2607/2607 2608/2608
f 2608/2608 2607/2607 2441/2441
f 2608/2608 2441/2441 2443/2443
f 2591/2591 2590/2590 2607/2607
f 2607/2607 2590/2590 2439/2439
f 2607/2607 2439/2439 2441/2441
f 2590/2590 2437/2437 2439/2439
f 2462/2462 2468/2468 2609/2609
f 2609/2609 2468/2468 2470/2470
f 2609/2609 2470/2470 2610/2610
f 2610/2610 2470/2470 2472/2472
f 2610/2610 2472/2472 2474/2474
f 2462/2462 2461/2461 2468/2468
f 2462/2462 2609/2609 2463/2463
f 2463/2463 2609/2609 2611/2611
f 2463/2463 2611/2611 2464/2464
f 2464/2464 2611/2611 2612/2612
f 2464/2464 2612/2612 2465/2465
f 2465/2465 2612/2612 2491/2491
f 2465/2465 2491/2491 2466/2466
f 2611/2611 2609/2609 2610/2610
f 2424/2424 2606/2606 2422/2422
f 2422/2422 2606/2606 2613/2613
f 2422/2422 2613/2613 2420/2420
f 2420/2420 2613/2613 2614/2614
f 2420/2420 2614/2614 2418/2418
f 2418/2418 2614/2614 2495/2495
f 2613/2613 2606/2606 2608/2608
f 2611/2611 2610/2610 2615/2615
f 2615/2615 2610/2610 2474/2474
f 2615/2615 2474/2474 2487/2487
f 2487/2487 2474/2474 2476/2476
f 2613/2613 2608/2608 2616/2616
f 2616/2616 2608/2608 2443/2443
f 2616/2616 2443/2443 2445/2445
f 2611/2611 2615/2615 2612/2612
f 2612/2612 2615/2615 2489/2489
f 2612/2612 2489/2489 2491/2491
f 2489/2489 2615/2615 2487/2487
f 2613/2613 2616/2616 2614/2614
f 2614/2614 2616/2616 2493/2493
f 2614/2614 2493/2493 2495/2495
f 2493/2493 2616/2616 2445/2445
f 2617/2617 2618/2618 2619/2619
f 2619/2619 2618/2618 2620/2620
f 2620/2620 2618/2618 2621/2621
f 2621/2621 2618/2618 2622/2622
f 2621/2621 2622/2622 2623/2623
f 2623/2623 2622/2622 2624/2624
f 2623/2623 2624/2624 2625/2625
f 2625/2625 2624/2624 2626/2626
f 2625/2625 2626/2626 2627/2627
f 2627/2627 2626/2626 2628/2628
f 2628/2628 2626/2626 2629/2629
f 2628/2628 2629/2629 2630/2630
f 2630/2630 2629/2629 2631/2631
f 2631/2631 2629/2629 2632/2632
f 2631/2631 2632/2632 2633/2633
f 2633/2633 2632/2632 2634/2634
f 2633/2633 2634/2634 2635/2635
f 2635/2635 2634/2634 2636/2636
f 2635/2635 2636/2636 2637/2637
f 2637/2637 2636/2636 2638/2638
f 2637/2637 2638/2638 2639/2639
f 2639/2639 2638/2638 2640/2640
f 2639/2639 2640/2640 2641/2641
f 2641/2641 2640/2640 2642/2642
f 2641/2641 2642/2642 2639/2639
f 2639/2639 2642/2642 2637/2637
f 2618/2618 2643/2643 2622/2622
f 2622/2622 2643/2643 2644/2644
f 2622/2622 2644/2644 2624/2624
f 2624/2624 2644/2644 2645/2645
f 2624/2624 2645/2645 2626/2626
f 2626/2626 2645/2645 2646/2646
f 2626/2626 2646/2646 2629/2629
f 2629/2629 2646/2646 2632/2632
f 2643/2643 2647/2647 2644/2644
f 2644/2644 2647/2647 2648/2648
f 2644/2644 2648/2648 2645/2645
f 2645/2645 2648/2648 2649/2649
f 2645/2645 2649/2649 2646/2646
f 2646/2646 2649/2649 2650/2650
f 2646/2646 2650/2650 2632/2632
f 2632/2632 2650/2650 2634/2634
f 2648/2648 2647/2647 2651/2651
f 2651/2651 2647/2647 2652/2652
f 2651/2651 2652/2652 2653/2653
f 2653/2653 2652/2652 2654/2654
f 2653/2653 2654/2654 2655/2655
f 2652/2652 2656/2656 2654/2654
f 2654/2654 2656/2656 2657/2657
f 2655/2655 2658/2658 2653/2653
f 2653/2653 2658/2658 2651/2651
f 2659/2659 2660/2660 2658/2658
f 2658/2658 2660/2660 2661/2661
f 2658/2658 2661/2661 2651/2651
f 2651/2651 2661/2661 2649/2649
f 2651/2651 2649/2649 2648/2648
f 2662/2662 2663/2663 2659/2659
f 2659/2659 2663/2663 2664/2664
f 2659/2659 2664/2664 2661/2661
f 2661/2661 2664/2664 2650/2650
f 2661/2661 2650/2650 2649/2649
f 2638/2638 2665/2665 2662/2662
f 2662/2662 2665/2665 2636/2636
f 2662/2662 2636/2636 2664/2664
f 2664/2664 2636/2636 2634/2634
f 2664/2664 2634/2634 2650/2650
f 2666/2666 2667/2667 2640/2640
f 2640/2640 2667/2667 2668/2668
f 2640/2640 2668/2668 2642/2642
f 2642/2642 2668/2668 2669/2669
f 2642/2642 2669/2669 2670/2670
f 2670/2670 2669/2669 2671/2671
f 2670/2670 2671/2671 2672/2672
f 2672/2672 2671/2671 2673/2673
f 2672/2672 2673/2673 2674/2674
f 2675/2675 2676/2676 2666/2666
f 2666/2666 2676/2676 2677/2677
f 2666/2666 2677/2677 2668/2668
f 2668/2668 2677/2677 2678/2678
f 2668/2668 2678/2678 2669/2669
f 2669/2669 2678/2678 2679/2679
f 2669/2669 2679/2679 2671/2671
f 2671/2671 2679/2679 2680/2680
f 2671/2671 2680/2680 2681/2681
f 2682/2682 2683/2683 2675/2675
f 2675/2675 2683/2683 2684/2684
f 2675/2675 2684/2684 2685/2685
f 2685/2685 2684/2684 2686/2686
f 2685/2685 2686/2686 2687/2687
f 2687/2687 2686/2686 2688/2688
f 2687/2687 2688/2688 2689/2689
f 2689/2689 2688/2688 2690/2690
f 2689/2689 2690/2690 2691/2691
f 2691/2691 2690/2690 2692/2692
f 2692/2692 2690/2690 2693/2693
f 2693/2693 2690/2690 2694/2694
f 2693/2693 2694/2694 2695/2695
f 2695/2695 2694/2694 2696/2696
f 2695/2695 2696/2696 2697/2697
f 2697/2697 2696/2696 2698/2698
f 2697/2697 2698/2698 2699/2699
f 2699/2699 2698/2698 2700/2700
f 2699/2699 2700/2700 2701/2701
f 2701/2701 2700/2700 2702/2702
f 2701/2701 2702/2702 2703/2703
f 2703/2703 2702/2702 2704/2704
f 2704/2704 2702/2702 2705/2705
f 2704/2704 2705/2705 2706/2706
f 2706/2706 2705/2705 2707/2707
f 2706/2706 2707/2707 2708/2708
f 2708/2708 2707/2707 2709/2709
f 2709/2709 2707/2707 2710/2710
f 2709/2709 2710/2710 2711/2711
f 2711/2711 2710/2710 2712/2712
f 2711/2711 2712/2712 2713/2713
f 2713/2713 2712/2712 2714/2714
f 2714/2714 2712/2712 2715/2715
f 2716/2716 2717/2717 2682/2682
f 2682/2682 2717/2717 2718/2718
f 2682/2682 2718/2718 2686/2686
f 2686/2686 2718/2718 2688/2688
f 2719/2719 2720/2720 2716/2716
f 2716/2716 2720/2720 2721/2721
f 2716/2716 2721/2721 2718/2718
f 2718/2718 2721/2721 2722/2722
f 2718/2718 2722/2722 2688/2688
f 2688/2688 2722/2722 2690/2690
f 2723/2723 2724/2724 2719/2719
f 2719/2719 2724/2724 2725/2725
f 2719/2719 2725/2725 2726/2726
f 2726/2726 2725/2725 2727/2727
f 2726/2726 2727/2727 2728/2728
f 2728/2728 2727/2727 2696/2696
f 2728/2728 2696/2696 2694/2694
f 2729/2729 2730/2730 2723/2723
f 2723/2723 2730/2730 2731/2731
f 2723/2723 2731/2731 2725/2725
f 2725/2725 2731/2731 2732/2732
f 2725/2725 2732/2732 2727/2727
f 2727/2727 2732/2732 2698/2698
f 2727/2727 2698/2698 2696/2696
f 2733/2733 2734/2734 2729/2729
f 2729/2729 2734/2734 2735/2735
f 2729/2729 2735/2735 2736/2736
f 2736/2736 2735/2735 2737/2737
f 2736/2736 2737/2737 2738/2738
f 2738/2738 2737/2737 2739/2739
f 2738/2738 2739/2739 2700/2700
f 2700/2700 2739/2739 2702/2702
f 2740/2740 2741/2741 2733/2733
f 2733/2733 2741/2741 2742/2742
f 2733/2733 2742/2742 2735/2735
f 2735/2735 2742/2742 2743/2743
f 2735/2735 2743/2743 2737/2737
f 2737/2737 2743/2743 2744/2744
f 2737/2737 2744/2744 2739/2739
f 2739/2739 2744/2744 2705/2705
f 2739/2739 2705/2705 2702/2702
f 2745/2745 2746/2746 2740/2740
f 2740/2740 2746/2746 2747/2747
f 2740/2740 2747/2747 2742/2742
f 2742/2742 2747/2747 2748/2748
f 2742/2742 2748/2748 2743/2743
f 2743/2743 2748/2748 2749/2749
f 2743/2743 2749/2749 2744/2744
f 2744/2744 2749/2749 2707/2707
f 2744/2744 2707/2707 2705/2705
f 2750/2750 2751/2751 2745/2745
f 2745/2745 2751/2751 2752/2752
f 2745/2745 2752/2752 2747/2747
f 2747/2747 2752/2752 2753/2753
f 2747/2747 2753/2753 2748/2748
f 2748/2748 2753/2753 2754/2754
f 2748/2748 2754/2754 2749/2749
f 2749/2749 2754/2754 2710/2710
f 2749/2749 2710/2710 2707/2707
f 2750/2750 2755/2755 2751/2751
f 2751/2751 2755/2755 2756/2756
f 2751/2751 2756/2756 2757/2757
f 2758/2758 2759/2759 2755/2755
f 2755/2755 2759/2759 2756/2756
f 2760/2760 2753/2753 2757/2757
f 2757/2757 2753/2753 2752/2752
f 2757/2757 2752/2752 2751/2751
f 2753/2753 2760/2760 2754/2754
f 2754/2754 2760/2760 2712/2712
f 2754/2754 2712/2712 2710/2710
f 2703/2703 2761/2761 2701/2701
f 2701/2701 2761/2761 2699/2699
f 2691/2691 2762/2762 2689/2689
f 2689/2689 2762/2762 2763/2763
f 2689/2689 2763/2763 2687/2687
f 2687/2687 2763/2763 2764/2764
f 2687/2687 2764/2764 2685/2685
f 2685/2685 2764/2764 2677/2677
f 2685/2685 2677/2677 2675/2675
f 2675/2675 2677/2677 2676/2676
f 2762/2762 2765/2765 2763/2763
f 2763/2763 2765/2765 2766/2766
f 2763/2763 2766/2766 2764/2764
f 2764/2764 2766/2766 2678/2678
f 2764/2764 2678/2678 2677/2677
f 2765/2765 2767/2767 2766/2766
f 2766/2766 2767/2767 2679/2679
f 2766/2766 2679/2679 2678/2678
f 2767/2767 2680/2680 2679/2679
f 2681/2681 2673/2673 2671/2671
f 2672/2672 2674/2674 2633/2633
f 2633/2633 2674/2674 2631/2631
f 2730/2730 2729/2729 2768/2768
f 2768/2768 2729/2729 2736/2736
f 2768/2768 2736/2736 2730/2730
f 2730/2730 2736/2736 2731/2731
f 2720/2720 2719/2719 2769/2769
f 2769/2769 2719/2719 2726/2726
f 2769/2769 2726/2726 2720/2720
f 2720/2720 2726/2726 2721/2721
f 2659/2659 2661/2661 2660/2660
f 2662/2662 2664/2664 2663/2663
f 2638/2638 2636/2636 2665/2665
f 2672/2672 2633/2633 2635/2635
f 2642/2642 2670/2670 2637/2637
f 2637/2637 2670/2670 2635/2635
f 2670/2670 2672/2672 2635/2635
f 2666/2666 2668/2668 2667/2667
f 2716/2716 2718/2718 2717/2717
f 2684/2684 2683/2683 2686/2686
f 2686/2686 2683/2683 2682/2682
f 2694/2694 2690/2690 2722/2722
f 2726/2726 2728/2728 2721/2721
f 2721/2721 2728/2728 2722/2722
f 2728/2728 2694/2694 2722/2722
f 2723/2723 2725/2725 2724/2724
f 2700/2700 2698/2698 2732/2732
f 2736/2736 2738/2738 2731/2731
f 2731/2731 2738/2738 2732/2732
f 2738/2738 2700/2700 2732/2732
f 2733/2733 2735/2735 2734/2734
f 2740/2740 2742/2742 2741/2741
f 2745/2745 2747/2747 2746/2746
f 2770/2770 2771/2771 2772/2772
f 2772/2772 2771/2771 2773/2773
f 2772/2772 2773/2773 2774/2774
f 2772/2772 2774/2774 2775/2775
f 2775/2775 2774/2774 2776/2776
f 2775/2775 2776/2776 2777/2777
f 2777/2777 2776/2776 2778/2778
f 2777/2777 2778/2778 2779/2779
f 2779/2779 2778/2778 2780/2780
f 2779/2779 2780/2780 2781/2781
f 2781/2781 2780/2780 2782/2782
f 2781/2781 2782/2782 2783/2783
f 2783/2783 2782/2782 2784/2784
f 2783/2783 2784/2784 2785/2785
f 2785/2785 2784/2784 2786/2786
f 2785/2785 2786/2786 2787/2787
f 2787/2787 2786/2786 2788/2788
f 2788/2788 2786/2786 2789/2789
f 2788/2788 2789/2789 2790/2790
f 2790/2790 2789/2789 2791/2791
f 2791/2791 2789/2789 2792/2792
f 2791/2791 2792/2792 2793/2793
f 2793/2793 2792/2792 2794/2794
f 2794/2794 2792/2792 2795/2795
f 2794/2794 2795/2795 2796/2796
f 2796/2796 2795/2795 2797/2797
f 2796/2796 2797/2797 2798/2798
f 2796/2796 2798/2798 2799/2799
f 2799/2799 2798/2798 2800/2800
f 2799/2799 2800/2800 2801/2801
f 2801/2801 2800/2800 2802/2802
f 2801/2801 2802/2802 2803/2803
f 2803/2803 2802/2802 2804/2804
f 2803/2803 2804/2804 2805/2805
f 2803/2803 2805/2805 2806/2806
f 2806/2806 2805/2805 2807/2807
f 2806/2806 2807/2807 2808/2808
f 2808/2808 2807/2807 2809/2809
f 2808/2808 2809/2809 2810/2810
f 2808/2808 2810/2810 2811/2811
f 2811/2811 2810/2810 2812/2812
f 2811/2811 2812/2812 2813/2813
f 2813/2813 2812/2812 2814/2814
f 2813/2813 2814/2814 2815/2815
f 2815/2815 2814/2814 2816/2816
f 2815/2815 2816/2816 2817/2817
f 2817/2817 2816/2816 2818/2818
f 2817/2817 2818/2818 2819/2819
f 2819/2819 2818/2818 2820/2820
f 2819/2819 2820/2820 2821/2821
f 2821/2821 2820/2820 2822/2822
f 2822/2822 2820/2820 2823/2823
f 2823/2823 2820/2820 2824/2824
f 2823/2823 2824/2824 2825/2825
f 2825/2825 2824/2824 2826/2826
f 2825/2825 2826/2826 2827/2827
f 2827/2827 2826/2826 2828/2828
f 2827/2827 2828/2828 2829/2829
f 2829/2829 2828/2828 2830/2830
f 2829/2829 2830/2830 2831/2831
f 2829/2829 2831/2831 2832/2832
f 2832/2832 2831/2831 2833/2833
f 2832/2832 2833/2833 2834/2834
f 2834/2834 2833/2833 2835/2835
f 2834/2834 2835/2835 2836/2836
f 2836/2836 2835/2835 2837/2837
f 2837/2837 2835/2835 2838/2838
f 2837/2837 2838/2838 2839/2839
f 2839/2839 2838/2838 2840/2840
f 2839/2839 2840/2840 2841/2841
f 2841/2841 2840/2840 2842/2842
f 2841/2841 2842/2842 2843/2843
f 2841/2841 2843/2843 2844/2844
f 2844/2844 2843/2843 2845/2845
f 2844/2844 2845/2845 2846/2846
f 2846/2846 2845/2845 2847/2847
f 2846/2846 2847/2847 2848/2848
f 2846/2846 2848/2848 2849/2849
f 2849/2849 2848/2848 2850/2850
f 2849/2849 2850/2850 2851/2851
f 2851/2851 2850/2850 2852/2852
f 2851/2851 2852/2852 2853/2853
f 2853/2853 2852/2852 2854/2854
f 2853/2853 2854/2854 2855/2855
f 2853/2853 2855/2855 2856/2856
f 2856/2856 2855/2855 2857/2857
f 2856/2856 2857/2857 2858/2858
f 2858/2858 2857/2857 2859/2859
f 2858/2858 2859/2859 2860/2860
f 2860/2860 2859/2859 2861/2861
f 2860/2860 2861/2861 2862/2862
f 2862/2862 2861/2861 2863/2863
f 2862/2862 2863/2863 2864/2864
f 2770/2770 2772/2772 2865/2865
f 2865/2865 2772/2772 2866/2866
f 2865/2865 2866/2866 2867/2867
f 2867/2867 2866/2866 2868/2868
f 2868/2868 2866/2866 2869/2869
f 2868/2868 2869/2869 2870/2870
f 2870/2870 2869/2869 2871/2871
f 2870/2870 2871/2871 2872/2872
f 2872/2872 2871/2871 2873/2873
f 2873/2873 2871/2871 2874/2874
f 2873/2873 2874/2874 2875/2875
f 2875/2875 2874/2874 2876/2876
f 2875/2875 2876/2876 2877/2877
f 2877/2877 2876/2876 2878/2878
f 2878/2878 2876/2876 2879/2879
f 2878/2878 2879/2879 2880/2880
f 2880/2880 2879/2879 2881/2881
f 2880/2880 2881/2881 2882/2882
f 2882/2882 2881/2881 2883/2883
f 2883/2883 2881/2881 2884/2884
f 2883/2883 2884/2884 2885/2885
f 2885/2885 2884/2884 2886/2886
f 2885/2885 2886/2886 2887/2887
f 2887/2887 2886/2886 2888/2888
f 2887/2887 2888/2888 2889/2889
f 2890/2890 2891/2891 2892/2892
f 2892/2892 2891/2891 2893/2893
f 2892/2892 2893/2893 2894/2894
f 2894/2894 2893/2893 2895/2895
f 2894/2894 2895/2895 2896/2896
f 2896/2896 2895/2895 2897/2897
f 2897/2897 2895/2895 2898/2898
f 2897/2897 2898/2898 2899/2899
f 2899/2899 2898/2898 2900/2900
f 2899/2899 2900/2900 2901/2901
f 2901/2901 2900/2900 2902/2902
f 2901/2901 2902/2902 2903/2903
f 2903/2903 2902/2902 2904/2904
f 2904/2904 2902/2902 2905/2905
f 2904/2904 2905/2905 2906/2906
f 2906/2906 2905/2905 2907/2907
f 2906/2906 2907/2907 2908/2908
f 2908/2908 2907/2907 2909/2909
f 2909/2909 2907/2907 2910/2910
f 2909/2909 2910/2910 2911/2911
f 2911/2911 2910/2910 2912/2912
f 2911/2911 2912/2912 2913/2913
f 2913/2913 2912/2912 2914/2914
f 2914/2914 2912/2912 2915/2915
f 2914/2914 2915/2915 2916/2916
f 2916/2916 2915/2915 2917/2917
f 2917/2917 2915/2915 2918/2918
f 2918/2918 2915/2915 2919/2919
f 2918/2918 2919/2919 2920/2920
f 2920/2920 2919/2919 2921/2921
f 2920/2920 2921/2921 2922/2922
f 2922/2922 2921/2921 2923/2923
f 2922/2922 2923/2923 2924/2924
f 2924/2924 2923/2923 2925/2925
f 2924/2924 2925/2925 2926/2926
f 2926/2926 2925/2925 2927/2927
f 2926/2926 2927/2927 2928/2928
f 2928/2928 2927/2927 2929/2929
f 2928/2928 2929/2929 2930/2930
f 2928/2928 2930/2930 2931/2931
f 2931/2931 2930/2930 2932/2932
f 2931/2931 2932/2932 2933/2933
f 2933/2933 2932/2932 2934/2934
f 2933/2933 2934/2934 2935/2935
f 2935/2935 2934/2934 2936/2936
f 2935/2935 2936/2936 2937/2937
f 2935/2935 2937/2937 2938/2938
f 2938/2938 2937/2937 2939/2939
f 2938/2938 2939/2939 2940/2940
f 2940/2940 2939/2939 2941/2941
f 2940/2940 2941/2941 2942/2942
f 2942/2942 2941/2941 2943/2943
f 2943/2943 2941/2941 2944/2944
f 2943/2943 2944/2944 2945/2945
f 2945/2945 2944/2944 2946/2946
f 2946/2946 2944/2944 2947/2947
f 2946/2946 2947/2947 2948/2948
f 2948/2948 2947/2947 2949/2949
f 2948/2948 2949/2949 2950/2950
f 2948/2948 2950/2950 2951/2951
f 2951/2951 2950/2950 2952/2952
f 2951/2951 2952/2952 2953/2953
f 2953/2953 2952/2952 2954/2954
f 2954/2954 2952/2952 2955/2955
f 2954/2954 2955/2955 2956/2956
f 2956/2956 2955/2955 2957/2957
f 2956/2956 2957/2957 2958/2958
f 2958/2958 2957/2957 2959/2959
f 2958/2958 2959/2959 2960/2960
f 2960/2960 2959/2959 2961/2961
f 2960/2960 2961/2961 2962/2962
f 2962/2962 2961/2961 2963/2963
f 2962/2962 2963/2963 2964/2964
f 2964/2964 2963/2963 2965/2965
f 2964/2964 2965/2965 2966/2966
f 2966/2966 2965/2965 2967/2967
f 2966/2966 2967/2967 2968/2968
f 2968/2968 2967/2967 2969/2969
f 2968/2968 2969/2969 2970/2970
f 2970/2970 2969/2969 2971/2971
f 2970/2970 2971/2971 2972/2972
f 2972/2972 2971/2971 2973/2973
f 2972/2972 2973/2973 2974/2974
f 2972/2972 2974/2974 2975/2975
f 2975/2975 2974/2974 2976/2976
f 2975/2975 2976/2976 2977/2977
f 2975/2975 2977/2977 2978/2978
f 2978/2978 2977/2977 2979/2979
f 2978/2978 2979/2979 2980/2980
f 2980/2980 2979/2979 2981/2981
f 2980/2980 2981/2981 2982/2982
f 2982/2982 2981/2981 2983/2983
f 2983/2983 2981/2981 2984/2984
f 2983/2983 2984/2984 2985/2985
f 2985/2985 2984/2984 2986/2986
f 2985/2985 2986/2986 2987/2987
f 2987/2987 2986/2986 2988/2988
f 2988/2988 2986/2986 2989/2989
f 2988/2988 2989/2989 2990/2990
f 2990/2990 2989/2989 2991/2991
f 2990/2990 2991/2991 2992/2992
f 2992/2992 2991/2991 2993/2993
f 2992/2992 2993/2993 2994/2994
f 2994/2994 2993/2993 2995/2995
f 2995/2995 2993/2993 2996/2996
f 2995/2995 2996/2996 2997/2997
f 2997/2997 2996/2996 2998/2998
f 2997/2997 2998/2998 2999/2999
f 2999/2999 2998/2998 3000/3000
f 2999/2999 3000/3000 3001/3001
f 3001/3001 3000/3000 3002/3002
f 3001/3001 3002/3002 3003/3003
f 3003/3003 3002/3002 3004/3004
f 3005/3005 3006/3006 3007/3007
f 3007/3007 3006/3006 3008/3008
f 3007/3007 3008/3008 3009/3009
f 3009/3009 3008/3008 3010/3010
f 3009/3009 3010/3010 3011/3011
f 3011/3011 3012/3012 3009/3009
f 3009/3009 3012/3012 3013/3013
f 3013/3013 3012/3012 3014/3014
f 3013/3013 3014/3014 3015/3015
f 3013/3013 3015/3015 3016/3016
f 3016/3016 3015/3015 3017/3017
f 3016/3016 3017/3017 3018/3018
f 3016/3016 3018/3018 3019/3019
f 3019/3019 3018/3018 3020/3020
f 3019/3019 3020/3020 3021/3021
f 3021/3021 3020/3020 3022/3022
f 3021/3021 3022/3022 3023/3023
f 3021/3021 3023/3023 3024/3024
f 3024/3024 3023/3023 3025/3025
f 3024/3024 3025/3025 3026/3026
f 3026/3026 3025/3025 3027/3027
f 3026/3026 3027/3027 3028/3028
f 3026/3026 3028/3028 3029/3029
f 3029/3029 3028/3028 3030/3030
f 3029/3029 3030/3030 3031/3031
f 3029/3029 3031/3031 3032/3032
f 3032/3032 3031/3031 3033/3033
f 3032/3032 3033/3033 3034/3034
f 3034/3034 3035/3035 3032/3032
f 3032/3032 3035/3035 3036/3036
f 3036/3036 3035/3035 3037/3037
f 3036/3036 3037/3037 3038/3038
f 3038/3038 3039/3039 3036/3036
f 3036/3036 3039/3039 3040/3040
f 3040/3040 3039/3039 3041/3041
f 3040/3040 3041/3041 3042/3042
f 3040/3040 3042/3042 3043/3043
f 3043/3043 3042/3042 3044/3044
f 3043/3043 3044/3044 3045/3045
f 3043/3043 3045/3045 3046/3046
f 3046/3046 3045/3045 3047/3047
f 3046/3046 3047/3047 3048/3048
f 3046/3046 3048/3048 3049/3049
f 3049/3049 3048/3048 3050/3050
f 3049/3049 3050/3050 3051/3051
f 3051/3051 3050/3050 3052/3052
f 3051/3051 3052/3052 3053/3053
f 3051/3051 3053/3053 3054/3054
f 3054/3054 3053/3053 3055/3055
f 3054/3054 3055/3055 3056/3056
f 3054/3054 3056/3056 3057/3057
f 3057/3057 3056/3056 3058/3058
f 3057/3057 3058/3058 3059/3059
f 3057/3057 3059/3059 3060/3060
f 3060/3060 3059/3059 3061/3061
f 3060/3060 3061/3061 3062/3062
f 3062/3062 3063/3063 3060/3060
f 3060/3060 3063/3063 3064/3064
f 3060/3060 3064/3064 3065/3065
f 3060/3060 3065/3065 3066/3066
f 3066/3066 3065/3065 3067/3067
f 3066/3066 3067/3067 3068/3068
f 3068/3068 3069/3069 3066/3066
f 3066/3066 3069/3069 3070/3070
f 3070/3070 3069/3069 3071/3071
f 3070/3070 3071/3071 3072/3072
f 3072/3072 3071/3071 3073/3073
f 3072/3072 3073/3073 3074/3074
f 3072/3072 3074/3074 3075/3075
f 3075/3075 3074/3074 3076/3076
f 3075/3075 3076/3076 3077/3077
f 3075/3075 3077/3077 3078/3078
f 3078/3078 3077/3077 3079/3079
f 3078/3078 3079/3079 3080/3080
f 3080/3080 3079/3079 3081/3081
f 3080/3080 3081/3081 3082/3082
f 3080/3080 3082/3082 3083/3083
f 3083/3083 3082/3082 3084/3084
f 3083/3083 3084/3084 3085/3085
f 3085/3085 3084/3084 3086/3086
f 3085/3085 3086/3086 3087/3087
f 3085/3085 3087/3087 3088/3088
f 3088/3088 3087/3087 3089/3089
f 3088/3088 3089/3089 3090/3090
f 3090/3090 3091/3091 3088/3088
f 3088/3088 3091/3091 3092/3092
f 3088/3088 3092/3092 3093/3093
f 3093/3093 3092/3092 3094/3094
f 3093/3093 3094/3094 3095/3095
f 3095/3095 3096/3096 3093/3093
f 3093/3093 3096/3096 3097/3097
f 3097/3097 3096/3096 3098/3098
f 3097/3097 3098/3098 3099/3099
f 3097/3097 3099/3099 3100/3100
f 3100/3100 3099/3099 3101/3101
f 3100/3100 3101/3101 3102/3102
f 3100/3100 3102/3102 3103/3103
f 3103/3103 3102/3102 3104/3104
f 3103/3103 3104/3104 3105/3105
f 3103/3103 3105/3105 3106/3106
f 3106/3106 3105/3105 3107/3107
f 3106/3106 3107/3107 3108/3108
f 3106/3106 3108/3108 3109/3109
f 3109/3109 3108/3108 3110/3110
f 3109/3109 3110/3110 3111/3111
f 3109/3109 3111/3111 3112/3112
f 3112/3112 3111/3111 3113/3113
f 3112/3112 3113/3113 3007/3007
f 3007/3007 3113/3113 3005/3005
f 3114/3114 3115/3115 3116/3116
f 3116/3116 3115/3115 3117/3117
f 3116/3116 3117/3117 3118/3118
f 3118/3118 3117/3117 3119/3119
f 3118/3118 3119/3119 3120/3120
f 3120/3120 3119/3119 3121/3121
f 3120/3120 3121/3121 3122/3122
f 3122/3122 3123/3123 3120/3120
f 3120/3120 3123/3123 3124/3124
f 3120/3120 3124/3124 3125/3125
f 3125/3125 3126/3126 3120/3120
f 3120/3120 3126/3126 3127/3127
f 3120/3120 3127/3127 3128/3128
f 3128/3128 3129/3129 3120/3120
f 3120/3120 3129/3129 3130/3130
f 3120/3120 3130/3130 3131/3131
f 3131/3131 3130/3130 3132/3132
f 3131/3131 3132/3132 3133/3133
f 3133/3133 3134/3134 3131/3131
f 3131/3131 3134/3134 3135/3135
f 3131/3131 3135/3135 3136/3136
f 3136/3136 3137/3137 3131/3131
f 3131/3131 3137/3137 3138/3138
f 3131/3131 3138/3138 3139/3139
f 3139/3139 3140/3140 3131/3131
f 3131/3131 3140/3140 3141/3141
f 3141/3141 3140/3140 3142/3142
f 3141/3141 3142/3142 3143/3143
f 3143/3143 3142/3142 3144/3144
f 3143/3143 3144/3144 3145/3145
f 3145/3145 3144/3144 3146/3146
f 3145/3145 3146/3146 3147/3147
f 3147/3147 3146/3146 3148/3148
f 3149/3149 3150/3150 3151/3151
f 3151/3151 3150/3150 3152/3152
f 3151/3151 3152/3152 3153/3153
f 3153/3153 3152/3152 3154/3154
f 3153/3153 3154/3154 3155/3155
f 3155/3155 3154/3154 3156/3156
f 3155/3155 3156/3156 3157/3157
f 3157/3157 3156/3156 3158/3158
f 3157/3157 3158/3158 3159/3159
f 3159/3159 3158/3158 3160/3160
f 3159/3159 3160/3160 3161/3161
f 3161/3161 3160/3160 3162/3162
f 3161/3161 3162/3162 3163/3163
f 3163/3163 3162/3162 3164/3164
f 3163/3163 3164/3164 3165/3165
f 3165/3165 3164/3164 3166/3166
f 3165/3165 3166/3166 3167/3167
f 3167/3167 3166/3166 3168/3168
f 3167/3167 3168/3168 3169/3169
f 3169/3169 3168/3168 3170/3170
f 3169/3169 3170/3170 3171/3171
f 3171/3171 3170/3170 3172/3172
f 3171/3171 3172/3172 3173/3173
f 3173/3173 3172/3172 3174/3174
f 3173/3173 3174/3174 3175/3175
f 3175/3175 3174/3174 3176/3176
f 3175/3175 3176/3176 3177/3177
f 3177/3177 3176/3176 3178/3178
f 3177/3177 3178/3178 3179/3179
f 3179/3179 3178/3178 3180/3180
f 3179/3179 3180/3180 3181/3181
f 3181/3181 3180/3180 3182/3182
f 3181/3181 3182/3182 3183/3183
f 3183/3183 3182/3182 3184/3184
f 3183/3183 3184/3184 3185/3185
f 3186/3186 3187/3187 3188/3188
f 3186/3186 3188/3188 3189/3189
f 3189/3189 3188/3188 3190/3190
f 3189/3189 3190/3190 3191/3191
f 3191/3191 3190/3190 3192/3192
f 3191/3191 3192/3192 3193/3193
f 3193/3193 3192/3192 3194/3194
f 3193/3193 3194/3194 3195/3195
f 3195/3195 3194/3194 3196/3196
f 3195/3195 3196/3196 3197/3197
f 3197/3197 3196/3196 3198/3198
f 3197/3197 3198/3198 3199/3199
f 3199/3199 3198/3198 3200/3200
f 3199/3199 3200/3200 3201/3201
f 3201/3201 3200/3200 3202/3202
f 3201/3201 3202/3202 3203/3203
f 3203/3203 3202/3202 3204/3204
f 3203/3203 3204/3204 3205/3205
f 3205/3205 3204/3204 3206/3206
f 3205/3205 3206/3206 3207/3207
f 3207/3207 3206/3206 3208/3208
f 3207/3207 3208/3208 3209/3209
f 3209/3209 3208/3208 3210/3210
f 3209/3209 3210/3210 3211/3211
f 3211/3211 3210/3210 3212/3212
f 3211/3211 3212/3212 3213/3213
f 3213/3213 3212/3212 3214/3214
f 3213/3213 3214/3214 3215/3215
f 3215/3215 3214/3214 3216/3216
f 3215/3215 3216/3216 3217/3217
f 3217/3217 3216/3216 3218/3218
f 3217/3217 3218/3218 3219/3219
f 3219/3219 3218/3218 3220/3220
f 3219/3219 3220/3220 3149/3149
f 3149/3149 3220/3220 3150/3150
f 3221/3221 3222/3222 3223/3223
f 3223/3223 3222/3222 3224/3224
f 3223/3223 3224/3224 3225/3225
f 3225/3225 3224/3224 3226/3226
f 3226/3226 3224/3224 3227/3227
f 3227/3227 3224/3224 3228/3228
f 3228/3228 3224/3224 3229/3229
f 3229/3229 3224/3224 3230/3230
f 3229/3229 3230/3230 3231/3231
f 3231/3231 3230/3230 3232/3232
f 3232/3232 3230/3230 3233/3233
f 3232/3232 3233/3233 3234/3234
f 3234/3234 3233/3233 3235/3235
f 3234/3234 3235/3235 3236/3236
f 3236/3236 3235/3235 3237/3237
f 3236/3236 3237/3237 3238/3238
f 3238/3238 3237/3237 3239/3239
f 3238/3238 3239/3239 3240/3240
f 3240/3240 3239/3239 3241/3241
f 3240/3240 3241/3241 3242/3242
f 3242/3242 3241/3241 3243/3243
f 3243/3243 3241/3241 3244/3244
f 3243/3243 3244/3244 3245/3245
f 3245/3245 3244/3244 3246/3246
f 3245/3245 3246/3246 3247/3247
f 3247/3247 3246/3246 3248/3248
f 3247/3247 3248/3248 3249/3249
f 3249/3249 3248/3248 3250/3250
f 3250/3250 3248/3248 3251/3251
f 3250/3250 3251/3251 3252/3252
f 3252/3252 3251/3251 3253/3253
f 3253/3253 3251/3251 3254/3254
f 3254/3254 3251/3251 3255/3255
f 3254/3254 3255/3255 3256/3256
f 3256/3256 3255/3255 3257/3257
f 3256/3256 3257/3257 3258/3258
f 3222/3222 3221/3221 3259/3259
f 3259/3259 3221/3221 3260/3260
f 3259/3259 3260/3260 3261/3261
f 3259/3259 3261/3261 3262/3262
f 3262/3262 3261/3261 3263/3263
f 3262/3262 3263/3263 3264/3264
f 3264/3264 3263/3263 3265/3265
f 3264/3264 3265/3265 3266/3266
f 3266/3266 3265/3265 3267/3267
f 3266/3266 3267/3267 3268/3268
f 3268/3268 3267/3267 3269/3269
f 3268/3268 3269/3269 3270/3270
f 3270/3270 3269/3269 3271/3271
f 3256/3256 3258/3258 3272/3272
f 3272/3272 3258/3258 3273/3273
f 3272/3272 3273/3273 3274/3274
f 3272/3272 3274/3274 3275/3275
f 3275/3275 3274/3274 3276/3276
f 3275/3275 3276/3276 3277/3277
f 3277/3277 3276/3276 3278/3278
f 3277/3277 3278/3278 3279/3279
f 3279/3279 3278/3278 3280/3280
f 3279/3279 3280/3280 3281/3281
f 3281/3281 3280/3280 3282/3282
f 3281/3281 3282/3282 3283/3283
f 3283/3283 3282/3282 3284/3284
f 3283/3283 3284/3284 3285/3285
f 3285/3285 3284/3284 3286/3286
f 3285/3285 3286/3286 3287/3287
f 3287/3287 3286/3286 3288/3288
f 3287/3287 3288/3288 3289/3289
f 3289/3289 3288/3288 3290/3290
f 3289/3289 3290/3290 3291/3291
f 3291/3291 3290/3290 3292/3292
f 3292/3292 3290/3290 3293/3293
f 3292/3292 3293/3293 3294/3294
f 3294/3294 3293/3293 3295/3295
f 3294/3294 3295/3295 3296/3296
f 3296/3296 3295/3295 3297/3297
f 3296/3296 3297/3297 3298/3298
f 3296/3296 3298/3298 3299/3299
f 3299/3299 3298/3298 3300/3300
f 3299/3299 3300/3300 3301/3301
f 3301/3301 3300/3300 3302/3302
f 3301/3301 3302/3302 3303/3303
f 3303/3303 3302/3302 3304/3304
f 3303/3303 3304/3304 3305/3305
f 3305/3305 3304/3304 3306/3306
f 3305/3305 3306/3306 3307/3307
f 3307/3307 3306/3306 3308/3308
f 3307/3307 3308/3308 3309/3309
f 3309/3309 3308/3308 3310/3310
f 3310/3310 3308/3308 3311/3311
f 3311/3311 3308/3308 3312/3312
f 3312/3312 3308/3308 3313/3313
f 3312/3312 3313/3313 3314/3314
f 3314/3314 3313/3313 3315/3315
f 3314/3314 3315/3315 3316/3316
f 3316/3316 3315/3315 3317/3317
f 3316/3316 3317/3317 3318/3318
f 3318/3318 3317/3317 3319/3319
f 3318/3318 3319/3319 3320/3320
f 3320/3320 3319/3319 3321/3321
f 3320/3320 3321/3321 3322/3322
f 3322/3322 3321/3321 3323/3323
f 3322/3322 3323/3323 3324/3324
f 3324/3324 3323/3323 3325/3325
f 3324/3324 3325/3325 3326/3326
f 3326/3326 3325/3325 3327/3327
f 3326/3326 3327/3327 3328/3328
f 3329/3329 3330/3330 3331/3331
f 3331/3331 3330/3330 3332/3332
f 3332/3332 3330/3330 3333/3333
f 3332/3332 3333/3333 3334/3334
f 3334/3334 3333/3333 3335/3335
f 3334/3334 3335/3335 3336/3336
f 3336/3336 3335/3335 3337/3337
f 3336/3336 3337/3337 3338/3338
f 3338/3338 3337/3337 3339/3339
f 3338/3338 3339/3339 3340/3340
f 3340/3340 3339/3339 3341/3341
f 3340/3340 3341/3341 3342/3342
f 3340/3340 3342/3342 3343/3343
f 3343/3343 3342/3342 3344/3344
f 3343/3343 3344/3344 3345/3345
f 3345/3345 3344/3344 3346/3346
f 3345/3345 3346/3346 3347/3347
f 3347/3347 3348/3348 3345/3345
f 3345/3345 3348/3348 3349/3349
f 3345/3345 3349/3349 3350/3350
f 3345/3345 3350/3350 3351/3351
f 3351/3351 3350/3350 3352/3352
f 3351/3351 3352/3352 3353/3353
f 3351/3351 3353/3353 3354/3354
f 3354/3354 3353/3353 3355/3355
f 3354/3354 3355/3355 3356/3356
f 3356/3356 3355/3355 3357/3357
f 3356/3356 3357/3357 3358/3358
f 3358/3358 3357/3357 3359/3359
f 3358/3358 3359/3359 3360/3360
f 3360/3360 3359/3359 3361/3361
f 3360/3360 3361/3361 3362/3362
f 3360/3360 3362/3362 3363/3363
f 3363/3363 3362/3362 3364/3364
f 3363/3363 3364/3364 3365/3365
f 3365/3365 3364/3364 3366/3366
f 3365/3365 3366/3366 3367/3367
f 3367/3367 3366/3366 3368/3368
f 3367/3367 3368/3368 3369/3369
f 3369/3369 3368/3368 3370/3370
f 3369/3369 3370/3370 3371/3371
f 3371/3371 3370/3370 3372/3372
f 3371/3371 3372/3372 3373/3373
f 3371/3371 3373/3373 3374/3374
f 3374/3374 3373/3373 3375/3375
f 3374/3374 3375/3375 3376/3376
f 3374/3374 3376/3376 3377/3377
f 3377/3377 3376/3376 3378/3378
f 3377/3377 3378/3378 3379/3379
f 3379/3379 3378/3378 3380/3380
f 3380/3380 3378/3378 3381/3381
f 3380/3380 3381/3381 3382/3382
f 3382/3382 3381/3381 3383/3383
f 3383/3383 3381/3381 3384/3384
f 3383/3383 3384/3384 3385/3385
f 3385/3385 3384/3384 3386/3386
f 3385/3385 3386/3386 3387/3387
f 3387/3387 3386/3386 3388/3388
f 3387/3387 3388/3388 3389/3389
f 3389/3389 3388/3388 3390/3390
f 3389/3389 3390/3390 3391/3391
f 3391/3391 3390/3390 3392/3392
f 3391/3391 3392/3392 3393/3393
f 3393/3393 3392/3392 3394/3394
f 3393/3393 3394/3394 3395/3395
f 3395/3395 3394/3394 3396/3396
f 3395/3395 3396/3396 3397/3397
f 3397/3397 3396/3396 3398/3398
f 3397/3397 3398/3398 3399/3399
f 3399/3399 3398/3398 3400/3400
f 3399/3399 3400/3400 3401/3401
f 3399/3399 3401/3401 3402/3402
f 3402/3402 3401/3401 3403/3403
f 3402/3402 3403/3403 3404/3404
f 3404/3404 3403/3403 3405/3405
f 3404/3404 3405/3405 3406/3406
f 3406/3406 3405/3405 3407/3407
f 3407/3407 3405/3405 3408/3408
f 3407/3407 3408/3408 3409/3409
f 3409/3409 3408/3408 3410/3410
f 3409/3409 3410/3410 3411/3411
f 3411/3411 3410/3410 3412/3412
f 3411/3411 3412/3412 3413/3413
f 3413/3413 3412/3412 3414/3414
f 3413/3413 3414/3414 3415/3415
f 3415/3415 3414/3414 3416/3416
f 3415/3415 3416/3416 3417/3417
f 3417/3417 3416/3416 3418/3418
f 3417/3417 3418/3418 3419/3419
f 3419/3419 3420/3420 3417/3417
f 3417/3417 3420/3420 3421/3421
f 3417/3417 3421/3421 3422/3422
f 3422/3422 3421/3421 3423/3423
f 3422/3422 3423/3423 3424/3424
f 3424/3424 3423/3423 3425/3425
f 3424/3424 3425/3425 3426/3426
f 3426/3426 3425/3425 3427/3427
f 3426/3426 3427/3427 3428/3428
f 3428/3428 3427/3427 3429/3429
f 3428/3428 3429/3429 3430/3430
f 3430/3430 3429/3429 3431/3431
f 3430/3430 3431/3431 3432/3432
f 3432/3432 3431/3431 3433/3433
f 3432/3432 3433/3433 3434/3434
f 3434/3434 3433/3433 3435/3435
f 3434/3434 3435/3435 3436/3436
f 3436/3436 3435/3435 3437/3437
f 3436/3436 3437/3437 3438/3438
f 3439/3439 3440/3440 3441/3441
f 3441/3441 3440/3440 3442/3442
f 3441/3441 3442/3442 3443/3443
f 3443/3443 3439/3439 3441/3441
f 3444/3444 3445/3445 3446/3446
f 3446/3446 3445/3445 3447/3447
f 3446/3446 3447/3447 3448/3448
f 3445/3445 3444/3444 3449/3449
f 3449/3449 3444/3444 3450/3450
f 3449/3449 3450/3450 3451/3451
f 3451/3451 3450/3450 3452/3452
f 3451/3451 3452/3452 3453/3453
f 3453/3453 3454/3454 3451/3451
f 3451/3451 3454/3454 3455/3455
f 3451/3451 3455/3455 3456/3456
f 3451/3451 3456/3456 3449/3449
f 3449/3449 3456/3456 3457/3457
f 3449/3449 3457/3457 3445/3445
f 3445/3445 3457/3457 3447/3447
f 3458/3458 3459/3459 3460/3460
f 3460/3460 3459/3459 3461/3461
f 3460/3460 3461/3461 3462/3462
f 3462/3462 3461/3461 3463/3463
f 3462/3462 3463/3463 3464/3464
f 3464/3464 3463/3463 3465/3465
f 3464/3464 3465/3465 3466/3466
f 3466/3466 3465/3465 3467/3467
f 3466/3466 3467/3467 3468/3468
f 3468/3468 3467/3467 3465/3465
f 3468/3468 3469/3469 3466/3466
f 3466/3466 3469/3469 3470/3470
f 3466/3466 3470/3470 3471/3471
f 3471/3471 3470/3470 3472/3472
f 3471/3471 3472/3472 3473/3473
f 3473/3473 3472/3472 3474/3474
f 3473/3473 3474/3474 3475/3475
f 3475/3475 3474/3474 3476/3476
f 3475/3475 3476/3476 3477/3477
f 3477/3477 3476/3476 3474/3474
f 3477/3477 3474/3474 3472/3472
f 3469/3469 3472/3472 3470/3470
f 3477/3477 3478/3478 3475/3475
f 3475/3475 3478/3478 3479/3479
f 3479/3479 3478/3478 3480/3480
f 3479/3479 3480/3480 3481/3481
f 3481/3481 3480/3480 3482/3482
f 3481/3481 3482/3482 3483/3483
f 3483/3483 3482/3482 3484/3484
f 3483/3483 3484/3484 3485/3485
f 3485/3485 3484/3484 3486/3486
f 3485/3485 3486/3486 3487/3487
f 3487/3487 3486/3486 3488/3488
f 3487/3487 3488/3488 3489/3489
f 3489/3489 3488/3488 3490/3490
f 3490/3490 3488/3488 3486/3486
f 3490/3490 3486/3486 3484/3484
f 3487/3487 3489/3489 3491/3491
f 3491/3491 3489/3489 3492/3492
f 3491/3491 3492/3492 3493/3493
f 3493/3493 3492/3492 3494/3494
f 3493/3493 3494/3494 3495/3495
f 3495/3495 3494/3494 3496/3496
f 3495/3495 3496/3496 3497/3497
f 3497/3497 3496/3496 3498/3498
f 3497/3497 3498/3498 3499/3499
f 3499/3499 3498/3498 3500/3500
f 3499/3499 3500/3500 3501/3501
f 3501/3501 3500/3500 3502/3502
f 3501/3501 3502/3502 3503/3503
f 3503/3503 3502/3502 3504/3504
f 3503/3503 3504/3504 3505/3505
f 3505/3505 3504/3504 3506/3506
f 3505/3505 3506/3506 3507/3507
f 3507/3507 3506/3506 3508/3508
f 3507/3507 3508/3508 3509/3509
f 3509/3509 3508/3508 3510/3510
f 3509/3509 3510/3510 3511/3511
f 3511/3511 3510/3510 3512/3512
f 3511/3511 3512/3512 3509/3509
f 3509/3509 3512/3512 3513/3513
f 3509/3509 3513/3513 3514/3514
f 3514/3514 3513/3513 3515/3515
f 3514/3514 3515/3515 3516/3516
f 3516/3516 3515/3515 3517/3517
f 3516/3516 3517/3517 3518/3518
f 3518/3518 3517/3517 3519/3519
f 3518/3518 3519/3519 3520/3520
f 3492/3492 3498/3498 3494/3494
f 3494/3494 3498/3498 3496/3496
f 3504/3504 3521/3521 3506/3506
f 3506/3506 3521/3521 3508/3508
f 3521/3521 3510/3510 3508/3508
f 3510/3510 3522/3522 3512/3512
f 3512/3512 3522/3522 3513/3513
f 3522/3522 3519/3519 3513/3513
f 3513/3513 3519/3519 3515/3515
f 3518/3518 3520/3520 3523/3523
f 3523/3523 3520/3520 3524/3524
f 3523/3523 3524/3524 3525/3525
f 3525/3525 3524/3524 3526/3526
f 3525/3525 3526/3526 3527/3527
f 3527/3527 3526/3526 3528/3528
f 3527/3527 3528/3528 3529/3529
f 3529/3529 3528/3528 3530/3530
f 3529/3529 3530/3530 3531/3531
f 3531/3531 3530/3530 3532/3532
f 3531/3531 3532/3532 3533/3533
f 3533/3533 3532/3532 3530/3530
f 3533/3533 3530/3530 3534/3534
f 3534/3534 3530/3530 3535/3535
f 3534/3534 3535/3535 3536/3536
f 3536/3536 3535/3535 3530/3530
f 3534/3534 3536/3536 3537/3537
f 3537/3537 3536/3536 3538/3538
f 3537/3537 3538/3538 3539/3539
f 3539/3539 3538/3538 3540/3540
f 3539/3539 3540/3540 3541/3541
f 3541/3541 3540/3540 3538/3538
f 3541/3541 3542/3542 3539/3539
f 3539/3539 3542/3542 3543/3543
f 3543/3543 3542/3542 3544/3544
f 3543/3543 3544/3544 3545/3545
f 3545/3545 3544/3544 3546/3546
f 3546/3546 3544/3544 3547/3547
f 3547/3547 3544/3544 3548/3548
f 3531/3531 3527/3527 3529/3529
f 3525/3525 3516/3516 3523/3523
f 3523/3523 3516/3516 3518/3518
f 3507/3507 3503/3503 3505/3505
f 3499/3499 3495/3495 3497/3497
f 3495/3495 3487/3487 3493/3493
f 3493/3493 3487/3487 3491/3491
f 3483/3483 3485/3485 3481/3481
f 3481/3481 3485/3485 3479/3479
f 3475/3475 3471/3471 3473/3473
f 3466/3466 3462/3462 3464/3464
f 3517/3517 3515/3515 3519/3519
f 3549/3549 3550/3550 3551/3551
f 3551/3551 3550/3550 3552/3552
f 3552/3552 3550/3550 3553/3553
f 3553/3553 3550/3550 3554/3554
f 3554/3554 3550/3550 3555/3555
f 3554/3554 3555/3555 3556/3556
f 3556/3556 3555/3555 3557/3557
f 3556/3556 3557/3557 3558/3558
f 3558/3558 3557/3557 3559/3559
f 3558/3558 3559/3559 3560/3560
f 3560/3560 3559/3559 3561/3561
f 3561/3561 3559/3559 3562/3562
f 3561/3561 3562/3562 3563/3563
f 3563/3563 3562/3562 3564/3564
f 3563/3563 3564/3564 3565/3565
f 3565/3565 3564/3564 3566/3566
f 3566/3566 3564/3564 3567/3567
f 3566/3566 3567/3567 3568/3568
f 3568/3568 3567/3567 3564/3564
f 3568/3568 3564/3564 3569/3569
f 3568/3568 3569/3569 3570/3570
f 3570/3570 3569/3569 3571/3571
f 3570/3570 3571/3571 3572/3572
f 3572/3572 3571/3571 3573/3573
f 3572/3572 3573/3573 3574/3574
f 3574/3574 3573/3573 3575/3575
f 3574/3574 3575/3575 3576/3576
f 3576/3576 3575/3575 3577/3577
f 3576/3576 3577/3577 3578/3578
f 3573/3573 3577/3577 3575/3575
f 3579/3579 3580/3580 3578/3578
f 3578/3578 3580/3580 3581/3581
f 3578/3578 3581/3581 3576/3576
f 3576/3576 3581/3581 3580/3580
f 3576/3576 3580/3580 3582/3582
f 3582/3582 3580/3580 3579/3579
f 3582/3582 3579/3579 3583/3583
f 3583/3583 3579/3579 3584/3584
f 3583/3583 3584/3584 3585/3585
f 3585/3585 3584/3584 3586/3586
f 3585/3585 3586/3586 3587/3587
f 3587/3587 3586/3586 3588/3588
f 3587/3587 3588/3588 3589/3589
f 3589/3589 3588/3588 3590/3590
f 3589/3589 3590/3590 3591/3591
f 3591/3591 3590/3590 3592/3592
f 3591/3591 3592/3592 3593/3593
f 3593/3593 3592/3592 3594/3594
f 3593/3593 3594/3594 3595/3595
f 3579/3579 3586/3586 3584/3584
f 3588/3588 3594/3594 3590/3590
f 3590/3590 3594/3594 3592/3592
f 3593/3593 3595/3595 3596/3596
f 3596/3596 3595/3595 3597/3597
f 3596/3596 3597/3597 3598/3598
f 3598/3598 3597/3597 3599/3599
f 3598/3598 3599/3599 3600/3600
f 3600/3600 3599/3599 3601/3601
f 3600/3600 3601/3601 3602/3602
f 3602/3602 3601/3601 3603/3603
f 3603/3603 3601/3601 3604/3604
f 3603/3603 3604/3604 3605/3605
f 3605/3605 3604/3604 3606/3606
f 3605/3605 3606/3606 3607/3607
f 3607/3607 3606/3606 3608/3608
f 3607/3607 3608/3608 3609/3609
f 3609/3609 3608/3608 3610/3610
f 3609/3609 3610/3610 3611/3611
f 3611/3611 3610/3610 3612/3612
f 3611/3611 3612/3612 3613/3613
f 3613/3613 3612/3612 3614/3614
f 3614/3614 3612/3612 3610/3610
f 3614/3614 3610/3610 3608/3608
f 3601/3601 3599/3599 3604/3604
f 3604/3604 3599/3599 3606/3606
f 3611/3611 3613/3613 3615/3615
f 3615/3615 3613/3613 3616/3616
f 3615/3615 3616/3616 3617/3617
f 3617/3617 3616/3616 3618/3618
f 3617/3617 3618/3618 3619/3619
f 3619/3619 3618/3618 3616/3616
f 3619/3619 3620/3620 3617/3617
f 3617/3617 3620/3620 3621/3621
f 3621/3621 3620/3620 3622/3622
f 3621/3621 3622/3622 3623/3623
f 3623/3623 3622/3622 3624/3624
f 3623/3623 3624/3624 3625/3625
f 3625/3625 3624/3624 3626/3626
f 3625/3625 3626/3626 3627/3627
f 3627/3627 3626/3626 3628/3628
f 3627/3627 3628/3628 3629/3629
f 3629/3629 3628/3628 3630/3630
f 3629/3629 3630/3630 3631/3631
f 3631/3631 3630/3630 3632/3632
f 3631/3631 3632/3632 3633/3633
f 3633/3633 3632/3632 3630/3630
f 3622/3622 3626/3626 3624/3624
f 3631/3631 3633/3633 3634/3634
f 3634/3634 3633/3633 3635/3635
f 3634/3634 3635/3635 3636/3636
f 3636/3636 3635/3635 3637/3637
f 3636/3636 3637/3637 3638/3638
f 3638/3638 3637/3637 3639/3639
f 3638/3638 3639/3639 3640/3640
f 3640/3640 3639/3639 3641/3641
f 3640/3640 3636/3636 3638/3638
f 3636/3636 3631/3631 3634/3634
f 3631/3631 3627/3627 3629/3629
f 3627/3627 3623/3623 3625/3625
f 3607/3607 3609/3609 3605/3605
f 3605/3605 3609/3609 3603/3603
f 3602/3602 3598/3598 3600/3600
f 3591/3591 3642/3642 3589/3589
f 3589/3589 3642/3642 3587/3587
f 3642/3642 3585/3585 3587/3587
f 3585/3585 3582/3582 3583/3583
f 3565/3565 3643/3643 3563/3563
f 3563/3563 3643/3643 3561/3561
f 3560/3560 3556/3556 3558/3558
f 3644/3644 3645/3645 3646/3646
f 3646/3646 3645/3645 3647/3647
f 3646/3646 3647/3647 3648/3648
f 3648/3648 3644/3644 3646/3646
f 3649/3649 3650/3650 3651/3651
f 3651/3651 3650/3650 3652/3652
f 3651/3651 3652/3652 3653/3653
f 3653/3653 3654/3654 3651/3651
f 3651/3651 3654/3654 3655/3655
f 3651/3651 3655/3655 3649/3649
f 3649/3649 3655/3655 3656/3656
f 3649/3649 3656/3656 3657/3657
f 3657/3657 3656/3656 3655/3655
f 3649/3649 3657/3657 3658/3658
f 3658/3658 3657/3657 3659/3659
f 3658/3658 3659/3659 3660/3660
f 3660/3660 3659/3659 3661/3661
f 3660/3660 3661/3661 3662/3662
f 3662/3662 3661/3661 3663/3663
f 3662/3662 3663/3663 3664/3664
f 3664/3664 3663/3663 3665/3665
f 3664/3664 3665/3665 3666/3666
f 3666/3666 3665/3665 3667/3667
f 3667/3667 3665/3665 3668/3668
f 3667/3667 3668/3668 3669/3669
f 3669/3669 3668/3668 3670/3670
f 3669/3669 3670/3670 3671/3671
f 3671/3671 3670/3670 3672/3672
f 3671/3671 3672/3672 3673/3673
f 3673/3673 3672/3672 3674/3674
f 3673/3673 3674/3674 3675/3675
f 3675/3675 3674/3674 3676/3676
f 3675/3675 3676/3676 3677/3677
f 3677/3677 3676/3676 3678/3678
f 3677/3677 3678/3678 3679/3679
f 3679/3679 3678/3678 3680/3680
f 3679/3679 3680/3680 3681/3681
f 3681/3681 3680/3680 3678/3678
f 3659/3659 3663/3663 3661/3661
f 3679/3679 3681/3681 3682/3682
f 3682/3682 3681/3681 3683/3683
f 3682/3682 3683/3683 3684/3684
f 3684/3684 3683/3683 3685/3685
f 3684/3684 3685/3685 3686/3686
f 3686/3686 3685/3685 3687/3687
f 3686/3686 3687/3687 3688/3688
f 3688/3688 3687/3687 3689/3689
f 3688/3688 3689/3689 3690/3690
f 3690/3690 3689/3689 3691/3691
f 3691/3691 3689/3689 3692/3692
f 3692/3692 3689/3689 3693/3693
f 3693/3693 3689/3689 3687/3687
f 3666/3666 3662/3662 3664/3664
f 3694/3694 3695/3695 3696/3696
f 3696/3696 3695/3695 3697/3697
f 3697/3697 3695/3695 3698/3698
f 3698/3698 3695/3695 3699/3699
f 3698/3698 3699/3699 3700/3700
f 3698/3698 3700/3700 3701/3701
f 3701/3701 3700/3700 3702/3702
f 3701/3701 3702/3702 3703/3703
f 3701/3701 3703/3703 3704/3704
f 3704/3704 3703/3703 3705/3705
f 3704/3704 3705/3705 3706/3706
f 3706/3706 3707/3707 3704/3704
f 3704/3704 3707/3707 3708/3708
f 3704/3704 3708/3708 3709/3709
f 3709/3709 3708/3708 3710/3710
f 3709/3709 3710/3710 3711/3711
f 3709/3709 3711/3711 3712/3712
f 3712/3712 3711/3711 3713/3713
f 3712/3712 3713/3713 3714/3714
f 3712/3712 3714/3714 3715/3715
f 3715/3715 3714/3714 3716/3716
f 3715/3715 3716/3716 3717/3717
f 3717/3717 3718/3718 3715/3715
f 3715/3715 3718/3718 3719/3719
f 3719/3719 3718/3718 3720/3720
f 3719/3719 3720/3720 3721/3721
f 3719/3719 3721/3721 3722/3722
f 3722/3722 3721/3721 3723/3723
f 3722/3722 3723/3723 3724/3724
f 3722/3722 3724/3724 3725/3725
f 3725/3725 3724/3724 3726/3726
f 3725/3725 3726/3726 3727/3727
f 3725/3725 3727/3727 3728/3728
f 3728/3728 3727/3727 3729/3729
f 3728/3728 3729/3729 3730/3730
f 3730/3730 3729/3729 3731/3731
f 3730/3730 3731/3731 3732/3732
f 3732/3732 3731/3731 3733/3733
f 3732/3732 3733/3733 3734/3734
f 3734/3734 3733/3733 3735/3735
f 3734/3734 3735/3735 3736/3736
f 3736/3736 3735/3735 3737/3737
f 3736/3736 3737/3737 3738/3738
f 3738/3738 3737/3737 3739/3739
f 3738/3738 3739/3739 3740/3740
f 3740/3740 3739/3739 3741/3741
f 3740/3740 3741/3741 3742/3742
f 3742/3742 3741/3741 3743/3743
f 3742/3742 3743/3743 3744/3744
f 3744/3744 3743/3743 3745/3745
f 3745/3745 3743/3743 3746/3746
f 3745/3745 3746/3746 3747/3747
f 3747/3747 3746/3746 3748/3748
f 3747/3747 3748/3748 3749/3749
f 3749/3749 3748/3748 3750/3750
f 3749/3749 3750/3750 3751/3751
f 3749/3749 3751/3751 3752/3752
f 3752/3752 3751/3751 3753/3753
f 3752/3752 3753/3753 3754/3754
f 3754/3754 3753/3753 3755/3755
f 3754/3754 3755/3755 3756/3756
f 3756/3756 3755/3755 3757/3757
f 3756/3756 3757/3757 3758/3758
f 3758/3758 3757/3757 3759/3759
f 3758/3758 3759/3759 3760/3760
f 3760/3760 3761/3761 3758/3758
f 3758/3758 3761/3761 3762/3762
f 3762/3762 3761/3761 3763/3763
f 3762/3762 3763/3763 3764/3764
f 3762/3762 3764/3764 3765/3765
f 3765/3765 3764/3764 3766/3766
f 3765/3765 3766/3766 3767/3767
f 3767/3767 3766/3766 3768/3768
f 3767/3767 3768/3768 3769/3769
f 3769/3769 3768/3768 3770/3770
f 3769/3769 3770/3770 3771/3771
f 3771/3771 3770/3770 3772/3772
f 3771/3771 3772/3772 3773/3773
f 3773/3773 3772/3772 3774/3774
f 3773/3773 3774/3774 3775/3775
f 3775/3775 3774/3774 3776/3776
f 3775/3775 3776/3776 3777/3777
f 3777/3777 3776/3776 3778/3778
f 3778/3778 3776/3776 3779/3779
f 3778/3778 3779/3779 3780/3780
f 3780/3780 3779/3779 3781/3781
f 3780/3780 3781/3781 3782/3782
f 3782/3782 3781/3781 3783/3783
f 3782/3782 3783/3783 3784/3784
f 3784/3784 3783/3783 3785/3785
f 3784/3784 3785/3785 3786/3786
f 3786/3786 3785/3785 3787/3787
f 3786/3786 3787/3787 3788/3788
f 3788/3788 3787/3787 3789/3789
f 3788/3788 3789/3789 3790/3790
f 3790/3790 3789/3789 3791/3791
f 3790/3790 3791/3791 3792/3792
f 3790/3790 3792/3792 3793/3793
f 3793/3793 3792/3792 3794/3794
f 3793/3793 3794/3794 3795/3795
f 3795/3795 3796/3796 3793/3793
f 3793/3793 3796/3796 3797/3797
f 3797/3797 3796/3796 3798/3798
f 3797/3797 3798/3798 3799/3799
f 3799/3799 3798/3798 3800/3800
f 3799/3799 3800/3800 3801/3801
f 3801/3801 3800/3800 3802/3802
f 3801/3801 3802/3802 3803/3803
f 3803/3803 3802/3802 3804/3804
f 3803/3803 3804/3804 3805/3805
f 3803/3803 3805/3805 3806/3806
f 3806/3806 3805/3805 3807/3807
f 3806/3806 3807/3807 3808/3808
f 3808/3808 3807/3807 3809/3809
f 3808/3808 3809/3809 3810/3810
f 3810/3810 3809/3809 3811/3811
f 3810/3810 3811/3811 3812/3812
f 3812/3812 3811/3811 3813/3813
f 3812/3812 3813/3813 3814/3814
f 3812/3812 3814/3814 3815/3815
f 3815/3815 3814/3814 3816/3816
f 3815/3815 3816/3816 3817/3817
f 3817/3817 3816/3816 3818/3818
f 3817/3817 3818/3818 3819/3819
f 3819/3819 3818/3818 3820/3820
f 3819/3819 3820/3820 3821/3821
f 3821/3821 3820/3820 3822/3822
f 3821/3821 3822/3822 3823/3823
f 3823/3823 3822/3822 3824/3824
f 3823/3823 3824/3824 3825/3825
f 3825/3825 3824/3824 3826/3826
f 3825/3825 3826/3826 3827/3827
f 3827/3827 3826/3826 3828/3828
f 3827/3827 3828/3828 3829/3829
f 3829/3829 3828/3828 3830/3830
f 3829/3829 3830/3830 3831/3831
f 3829/3829 3831/3831 3832/3832
f 3832/3832 3831/3831 3833/3833
f 3832/3832 3833/3833 3834/3834
f 3832/3832 3834/3834 3835/3835
f 3835/3835 3834/3834 3836/3836
f 3835/3835 3836/3836 3837/3837
f 3837/3837 3838/3838 3835/3835
f 3835/3835 3838/3838 3839/3839
f 3839/3839 3838/3838 3840/3840
f 3839/3839 3840/3840 3841/3841
f 3839/3839 3841/3841 3842/3842
f 3842/3842 3841/3841 3843/3843
f 3842/3842 3843/3843 3844/3844
f 3842/3842 3844/3844 3845/3845
f 3845/3845 3844/3844 3846/3846
f 3845/3845 3846/3846 3847/3847
f 3845/3845 3847/3847 3848/3848
f 3848/3848 3847/3847 3849/3849
f 3848/3848 3849/3849 3850/3850
f 3850/3850 3851/3851 3848/3848
f 3848/3848 3851/3851 3852/3852
f 3848/3848 3852/3852 3853/3853
f 3853/3853 3852/3852 3854/3854
f 3853/3853 3854/3854 3855/3855
f 3853/3853 3855/3855 3856/3856
f 3856/3856 3855/3855 3857/3857
f 3856/3856 3857/3857 3858/3858
f 3856/3856 3858/3858 3859/3859
f 3859/3859 3858/3858 3860/3860
f 3859/3859 3860/3860 3861/3861
f 3862/3862 3863/3863 3861/3861
f 3861/3861 3863/3863 3859/3859
f 3864/3864 3865/3865 3866/3866
f 3866/3866 3865/3865 3867/3867
f 3866/3866 3867/3867 3868/3868
f 3868/3868 3864/3864 3866/3866
f 3869/3869 3870/3870 3871/3871
f 3871/3871 3870/3870 3872/3872
f 3871/3871 3872/3872 3873/3873
f 3873/3873 3872/3872 3874/3874
f 3874/3874 3872/3872 3875/3875
f 3874/3874 3875/3875 3876/3876
f 3870/3870 3877/3877 3872/3872
f 3872/3872 3877/3877 3878/3878
f 3872/3872 3878/3878 3875/3875
f 3877/3877 3879/3879 3878/3878
f 3880/3880 3881/3881 3873/3873
f 3873/3873 3881/3881 3871/3871
f 3882/3882 3883/3883 3884/3884
f 3884/3884 3883/3883 3885/3885
f 3884/3884 3885/3885 3886/3886
f 3886/3886 3885/3885 3887/3887
f 3887/3887 3885/3885 3888/3888
f 3887/3887 3888/3888 3889/3889
f 3883/3883 3890/3890 3885/3885
f 3885/3885 3890/3890 3891/3891
f 3885/3885 3891/3891 3888/3888
f 3890/3890 3892/3892 3891/3891
f 3893/3893 3894/3894 3886/3886
f 3886/3886 3894/3894 3884/3884
f 3895/3895 3896/3896 3897/3897
f 3897/3897 3896/3896 3898/3898
f 3897/3897 3898/3898 3899/3899
f 3899/3899 3895/3895 3897/3897
f 3900/3900 3901/3901 3902/3902
f 3902/3902 3901/3901 3903/3903
f 3902/3902 3903/3903 3904/3904
f 3904/3904 3903/3903 3905/3905
f 3904/3904 3905/3905 3906/3906
f 3906/3906 3905/3905 3907/3907
f 3906/3906 3907/3907 3908/3908
f 3908/3908 3909/3909 3906/3906
f 3906/3906 3909/3909 3904/3904
f 3909/3909 3910/3910 3904/3904
f 3904/3904 3910/3910 3902/3902
f 3910/3910 3900/3900 3902/3902
f 3911/3911 3912/3912 3913/3913
f 3913/3913 3912/3912 3914/3914
f 3913/3913 3914/3914 3915/3915
f 3915/3915 3914/3914 3916/3916
f 3915/3915 3916/3916 3917/3917
f 3917/3917 3916/3916 3918/3918
f 3917/3917 3918/3918 3919/3919
f 3920/3920 3921/3921 3919/3919
f 3919/3919 3921/3921 3922/3922
f 3919/3919 3922/3922 3917/3917
f 3917/3917 3922/3922 3915/3915
f 3923/3923 3924/3924 3920/3920
f 3920/3920 3924/3924 3925/3925
f 3920/3920 3925/3925 3921/3921
f 3921/3921 3925/3925 3926/3926
f 3921/3921 3926/3926 3927/3927
f 3927/3927 3926/3926 3928/3928
f 3927/3927 3928/3928 3913/3913
f 3913/3913 3928/3928 3911/3911
f 3929/3929 3930/3930 3923/3923
f 3923/3923 3930/3930 3931/3931
f 3923/3923 3931/3931 3924/3924
f 3924/3924 3931/3931 3932/3932
f 3924/3924 3932/3932 3933/3933
f 3933/3933 3932/3932 3934/3934
f 3933/3933 3934/3934 3935/3935
f 3935/3935 3934/3934 3936/3936
f 3935/3935 3936/3936 3911/3911
f 3937/3937 3938/3938 3929/3929
f 3929/3929 3938/3938 3939/3939
f 3929/3929 3939/3939 3930/3930
f 3930/3930 3939/3939 3940/3940
f 3930/3930 3940/3940 3941/3941
f 3941/3941 3940/3940 3942/3942
f 3941/3941 3942/3942 3943/3943
f 3943/3943 3942/3942 3944/3944
f 3943/3943 3944/3944 3936/3936
f 3945/3945 3946/3946 3937/3937
f 3937/3937 3946/3946 3947/3947
f 3937/3937 3947/3947 3938/3938
f 3938/3938 3947/3947 3948/3948
f 3938/3938 3948/3948 3949/3949
f 3949/3949 3948/3948 3950/3950
f 3949/3949 3950/3950 3951/3951
f 3951/3951 3950/3950 3952/3952
f 3951/3951 3952/3952 3944/3944
f 3953/3953 3954/3954 3945/3945
f 3945/3945 3954/3954 3955/3955
f 3945/3945 3955/3955 3946/3946
f 3946/3946 3955/3955 3956/3956
f 3946/3946 3956/3956 3957/3957
f 3957/3957 3956/3956 3958/3958
f 3957/3957 3958/3958 3959/3959
f 3959/3959 3958/3958 3960/3960
f 3959/3959 3960/3960 3961/3961
f 3954/3954 3953/3953 3962/3962
f 3962/3962 3953/3953 3963/3963
f 3962/3962 3963/3963 3964/3964
f 3964/3964 3963/3963 3965/3965
f 3964/3964 3965/3965 3966/3966
f 3966/3966 3965/3965 3967/3967
f 3966/3966 3967/3967 3968/3968
f 3968/3968 3967/3967 3969/3969
f 3968/3968 3969/3969 3970/3970
f 3970/3970 3969/3969 3971/3971
f 3970/3970 3971/3971 3972/3972
f 3972/3972 3971/3971 3973/3973
f 3972/3972 3973/3973 3974/3974
f 3974/3974 3973/3973 3975/3975
f 3974/3974 3975/3975 3976/3976
f 3976/3976 3975/3975 3977/3977
f 3976/3976 3977/3977 3978/3978
f 3978/3978 3977/3977 3979/3979
f 3978/3978 3979/3979 3980/3980
f 3980/3980 3979/3979 3981/3981
f 3980/3980 3981/3981 3982/3982
f 3982/3982 3981/3981 3983/3983
f 3982/3982 3983/3983 3984/3984
f 3984/3984 3983/3983 3985/3985
f 3984/3984 3985/3985 3986/3986
f 3986/3986 3985/3985 3987/3987
f 3986/3986 3987/3987 3988/3988
f 3988/3988 3987/3987 3989/3989
f 3988/3988 3989/3989 3990/3990
f 3990/3990 3989/3989 3991/3991
f 3990/3990 3991/3991 3992/3992
f 3992/3992 3991/3991 3993/3993
f 3992/3992 3993/3993 3994/3994
f 3994/3994 3993/3993 3995/3995
f 3994/3994 3995/3995 3996/3996
f 3994/3994 3996/3996 3997/3997
f 3997/3997 3996/3996 3998/3998
f 3997/3997 3998/3998 3999/3999
f 3999/3999 3998/3998 4000/4000
f 3999/3999 4000/4000 4001/4001
f 3999/3999 4001/4001 4002/4002
f 4002/4002 4001/4001 4003/4003
f 4002/4002 4003/4003 4004/4004
f 4004/4004 4005/4005 4002/4002
f 4002/4002 4005/4005 4006/4006
f 4002/4002 4006/4006 4007/4007
f 4007/4007 4006/4006 4008/4008
f 4007/4007 4008/4008 3992/3992
f 3992/3992 4008/4008 3990/3990
f 4005/4005 4009/4009 4006/4006
f 4006/4006 4009/4009 4010/4010
f 4006/4006 4010/4010 4008/4008
f 4008/4008 4010/4010 4011/4011
f 4008/4008 4011/4011 3990/3990
f 3990/3990 4011/4011 3988/3988
f 4009/4009 4012/4012 4010/4010
f 4010/4010 4012/4012 4013/4013
f 4010/4010 4013/4013 4014/4014
f 4014/4014 4013/4013 4015/4015
f 4014/4014 4015/4015 4016/4016
f 4016/4016 4015/4015 4017/4017
f 4016/4016 4017/4017 4018/4018
f 4018/4018 4017/4017 4019/4019
f 4018/4018 4019/4019 4020/4020
f 4020/4020 4019/4019 4021/4021
f 4020/4020 4021/4021 4022/4022
f 4020/4020 4022/4022 4023/4023
f 4023/4023 4022/4022 4024/4024
f 4023/4023 4024/4024 4025/4025
f 4025/4025 4024/4024 4026/4026
f 4025/4025 4026/4026 4027/4027
f 4027/4027 4026/4026 4028/4028
f 4027/4027 4028/4028 4029/4029
f 4029/4029 4028/4028 4030/4030
f 4029/4029 4030/4030 4031/4031
f 4029/4029 4031/4031 4032/4032
f 4032/4032 4031/4031 4033/4033
f 4032/4032 4033/4033 4034/4034
f 4034/4034 4033/4033 4035/4035
f 4034/4034 4035/4035 4036/4036
f 4036/4036 4035/4035 4037/4037
f 4036/4036 4037/4037 4038/4038
f 4038/4038 4037/4037 4039/4039
f 4038/4038 4039/4039 4040/4040
f 4040/4040 4039/4039 4041/4041
f 4040/4040 4041/4041 4042/4042
f 4042/4042 4041/4041 4043/4043
f 4042/4042 4043/4043 4044/4044
f 4044/4044 4043/4043 4045/4045
f 4044/4044 4045/4045 4046/4046
f 4046/4046 4045/4045 3960/3960
f 4046/4046 3960/3960 3958/3958
f 3959/3959 3961/3961 3950/3950
f 3950/3950 3961/3961 3952/3952
f 3935/3935 3911/3911 3928/3928
f 3943/3943 3936/3936 3934/3934
f 3933/3933 3935/3935 3926/3926
f 3926/3926 3935/3935 3928/3928
f 3951/3951 3944/3944 3942/3942
f 3941/3941 3943/3943 3932/3932
f 3932/3932 3943/3943 3934/3934
f 3949/3949 3951/3951 3940/3940
f 3940/3940 3951/3951 3942/3942
f 3957/3957 3959/3959 3948/3948
f 3948/3948 3959/3959 3950/3950
f 3958/3958 3956/3956 4046/4046
f 4046/4046 3956/3956 4047/4047
f 4046/4046 4047/4047 4044/4044
f 4044/4044 4047/4047 4048/4048
f 4044/4044 4048/4048 4042/4042
f 4042/4042 4048/4048 4049/4049
f 4042/4042 4049/4049 4040/4040
f 4040/4040 4049/4049 4050/4050
f 4040/4040 4050/4050 4038/4038
f 4038/4038 4050/4050 4051/4051
f 4038/4038 4051/4051 4036/4036
f 4036/4036 4051/4051 4052/4052
f 4036/4036 4052/4052 4034/4034
f 4034/4034 4052/4052 4053/4053
f 4034/4034 4053/4053 4032/4032
f 4032/4032 4053/4053 4054/4054
f 4032/4032 4054/4054 4029/4029
f 4029/4029 4054/4054 4055/4055
f 4029/4029 4055/4055 4027/4027
f 4027/4027 4055/4055 4056/4056
f 4027/4027 4056/4056 4025/4025
f 4025/4025 4056/4056 4057/4057
f 4025/4025 4057/4057 4023/4023
f 4023/4023 4057/4057 4058/4058
f 4023/4023 4058/4058 4020/4020
f 4020/4020 4058/4058 4059/4059
f 4020/4020 4059/4059 4018/4018
f 4018/4018 4059/4059 4060/4060
f 4018/4018 4060/4060 4016/4016
f 4016/4016 4060/4060 4061/4061
f 4016/4016 4061/4061 4014/4014
f 4014/4014 4061/4061 4011/4011
f 4014/4014 4011/4011 4010/4010
f 3997/3997 3999/3999 4002/4002
f 3997/3997 4002/4002 4007/4007
f 3913/3913 3915/3915 3927/3927
f 3927/3927 3915/3915 3922/3922
f 3927/3927 3922/3922 3921/3921
f 3924/3924 3933/3933 3925/3925
f 3925/3925 3933/3933 3926/3926
f 3930/3930 3941/3941 3931/3931
f 3931/3931 3941/3941 3932/3932
f 3938/3938 3949/3949 3939/3939
f 3939/3939 3949/3949 3940/3940
f 3946/3946 3957/3957 3947/3947
f 3947/3947 3957/3957 3948/3948
f 3956/3956 3955/3955 4047/4047
f 4047/4047 3955/3955 3954/3954
f 4047/4047 3954/3954 4048/4048
f 4048/4048 3954/3954 3962/3962
f 4048/4048 3962/3962 4049/4049
f 4049/4049 3962/3962 3964/3964
f 4049/4049 3964/3964 4050/4050
f 4050/4050 3964/3964 3966/3966
f 4050/4050 3966/3966 4051/4051
f 4051/4051 3966/3966 3968/3968
f 4051/4051 3968/3968 4052/4052
f 4052/4052 3968/3968 3970/3970
f 4052/4052 3970/3970 4053/4053
f 4053/4053 3970/3970 3972/3972
f 4053/4053 3972/3972 4054/4054
f 4054/4054 3972/3972 3974/3974
f 4054/4054 3974/3974 4055/4055
f 4055/4055 3974/3974 3976/3976
f 4055/4055 3976/3976 4056/4056
f 4056/4056 3976/3976 3978/3978
f 4056/4056 3978/3978 4057/4057
f 4057/4057 3978/3978 3980/3980
f 4057/4057 3980/3980 4058/4058
f 4058/4058 3980/3980 3982/3982
f 4058/4058 3982/3982 4059/4059
f 4059/4059 3982/3982 3984/3984
f 4059/4059 3984/3984 4060/4060
f 4060/4060 3984/3984 3986/3986
f 4060/4060 3986/3986 4061/4061
f 4061/4061 3986/3986 3988/3988
f 4061/4061 3988/3988 4011/4011
f 3994/3994 3997/3997 4007/4007
f 3994/3994 4007/4007 3992/3992
f 4062/4062 4063/4063 4064/4064
f 4064/4064 4063/4063 4065/4065
f 4064/4064 4065/4065 4066/4066
f 4066/4066 4067/4067 4064/4064
f 4064/4064 4067/4067 4068/4068
f 4064/4064 4068/4068 4069/4069
f 4069/4069 4068/4068 4070/4070
f 4070/4070 4068/4068 4071/4071
f 4070/4070 4071/4071 4072/4072
f 4072/4072 4071/4071 4073/4073
f 4072/4072 4073/4073 4074/4074
f 4067/4067 4075/4075 4068/4068
f 4068/4068 4075/4075 4071/4071
f 4075/4075 4073/4073 4071/4071
f 4069/4069 4062/4062 4064/4064
f 4076/4076 4077/4077 4078/4078
f 4078/4078 4077/4077 4079/4079
f 4078/4078 4079/4079 4080/4080
f 4080/4080 4079/4079 4081/4081
f 4080/4080 4081/4081 4082/4082
f 4082/4082 4081/4081 4083/4083
f 4082/4082 4083/4083 4084/4084
f 4084/4084 4085/4085 4082/4082
f 4082/4082 4085/4085 4080/4080
f 4085/4085 4086/4086 4080/4080
f 4080/4080 4086/4086 4078/4078
f 4086/4086 4087/4087 4078/4078
f 4078/4078 4087/4087 4088/4088
f 4078/4078 4088/4088 4076/4076
f 4089/4089 4090/4090 4091/4091
f 4091/4091 4090/4090 4092/4092
f 4091/4091 4092/4092 4093/4093
f 4093/4093 4092/4092 4094/4094
f 4093/4093 4094/4094 4095/4095
f 4095/4095 4094/4094 4096/4096
f 4095/4095 4096/4096 4097/4097
f 4097/4097 4098/4098 4095/4095
f 4095/4095 4098/4098 4093/4093
f 4098/4098 4099/4099 4093/4093
f 4093/4093 4099/4099 4091/4091
f 4099/4099 4089/4089 4091/4091
f 4100/4100 4101/4101 4102/4102
f 4102/4102 4101/4101 4103/4103
f 4102/4102 4103/4103 4104/4104
f 4104/4104 4103/4103 4105/4105
f 4104/4104 4105/4105 4106/4106
f 4106/4106 4105/4105 4107/4107
f 4106/4106 4107/4107 4108/4108
f 4106/4106 4108/4108 4109/4109
f 4109/4109 4108/4108 4110/4110
f 4109/4109 4110/4110 4111/4111
f 4111/4111 4110/4110 4112/4112
f 4111/4111 4112/4112 4113/4113
f 4113/4113 4112/4112 4114/4114
f 4113/4113 4114/4114 4115/4115
f 4115/4115 4114/4114 4116/4116
f 4115/4115 4116/4116 4117/4117
f 4115/4115 4117/4117 4118/4118
f 4118/4118 4117/4117 4119/4119
f 4118/4118 4119/4119 4120/4120
f 4120/4120 4119/4119 4121/4121
f 4120/4120 4121/4121 4122/4122
f 4122/4122 4121/4121 4123/4123
f 4122/4122 4123/4123 4124/4124
f 4124/4124 4123/4123 4125/4125
f 4124/4124 4125/4125 4126/4126
f 4126/4126 4125/4125 4127/4127
f 4126/4126 4127/4127 4128/4128
f 4128/4128 4127/4127 4129/4129
f 4128/4128 4129/4129 4130/4130
f 4130/4130 4129/4129 4131/4131
f 4130/4130 4131/4131 4132/4132
f 4132/4132 4131/4131 4133/4133
f 4133/4133 4131/4131 4134/4134
f 4133/4133 4134/4134 4135/4135
f 4135/4135 4134/4134 4136/4136
f 4135/4135 4136/4136 4137/4137
f 4137/4137 4136/4136 4138/4138
f 4137/4137 4138/4138 4139/4139
f 4139/4139 4138/4138 4140/4140
f 4139/4139 4140/4140 4141/4141
f 4141/4141 4140/4140 4142/4142
f 4142/4142 4140/4140 4143/4143
f 4143/4143 4140/4140 4144/4144
f 4143/4143 4144/4144 4145/4145
f 4145/4145 4144/4144 4146/4146
f 4145/4145 4146/4146 4147/4147
f 4147/4147 4146/4146 4148/4148
f 4148/4148 4146/4146 4149/4149
f 4148/4148 4149/4149 4150/4150
f 4150/4150 4149/4149 4151/4151
f 4150/4150 4151/4151 4152/4152
f 4152/4152 4151/4151 4153/4153
f 4152/4152 4153/4153 4154/4154
f 4154/4154 4153/4153 4127/4127
f 4154/4154 4127/4127 4155/4155
f 4155/4155 4127/4127 4125/4125
f 4132/4132 4156/4156 4130/4130
f 4130/4130 4156/4156 4157/4157
f 4130/4130 4157/4157 4128/4128
f 4128/4128 4157/4157 4158/4158
f 4128/4128 4158/4158 4126/4126
f 4126/4126 4158/4158 4124/4124
f 4156/4156 4159/4159 4157/4157
f 4157/4157 4159/4159 4160/4160
f 4157/4157 4160/4160 4158/4158
f 4158/4158 4160/4160 4161/4161
f 4158/4158 4161/4161 4124/4124
f 4124/4124 4161/4161 4122/4122
f 4159/4159 4162/4162 4160/4160
f 4160/4160 4162/4162 4163/4163
f 4160/4160 4163/4163 4161/4161
f 4161/4161 4163/4163 4164/4164
f 4161/4161 4164/4164 4122/4122
f 4122/4122 4164/4164 4120/4120
f 4162/4162 4165/4165 4163/4163
f 4163/4163 4165/4165 4166/4166
f 4163/4163 4166/4166 4164/4164
f 4164/4164 4166/4166 4167/4167
f 4164/4164 4167/4167 4120/4120
f 4120/4120 4167/4167 4118/4118
f 4165/4165 4168/4168 4166/4166
f 4166/4166 4168/4168 4169/4169
f 4166/4166 4169/4169 4167/4167
f 4167/4167 4169/4169 4170/4170
f 4167/4167 4170/4170 4118/4118
f 4118/4118 4170/4170 4115/4115
f 4168/4168 4171/4171 4169/4169
f 4169/4169 4171/4171 4172/4172
f 4169/4169 4172/4172 4170/4170
f 4170/4170 4172/4172 4173/4173
f 4170/4170 4173/4173 4115/4115
f 4115/4115 4173/4173 4113/4113
f 4171/4171 4174/4174 4172/4172
f 4172/4172 4174/4174 4175/4175
f 4172/4172 4175/4175 4173/4173
f 4173/4173 4175/4175 4176/4176
f 4173/4173 4176/4176 4113/4113
f 4113/4113 4176/4176 4111/4111
f 4174/4174 4177/4177 4175/4175
f 4175/4175 4177/4177 4178/4178
f 4175/4175 4178/4178 4176/4176
f 4176/4176 4178/4178 4179/4179
f 4176/4176 4179/4179 4111/4111
f 4111/4111 4179/4179 4109/4109
f 4177/4177 4100/4100 4178/4178
f 4178/4178 4100/4100 4102/4102
f 4178/4178 4102/4102 4179/4179
f 4179/4179 4102/4102 4104/4104
f 4179/4179 4104/4104 4109/4109
f 4109/4109 4104/4104 4106/4106
f 4134/4134 4131/4131 4180/4180
f 4180/4180 4131/4131 4129/4129
f 4180/4180 4129/4129 4153/4153
f 4153/4153 4129/4129 4127/4127
f 4136/4136 4134/4134 4181/4181
f 4181/4181 4134/4134 4180/4180
f 4181/4181 4180/4180 4151/4151
f 4151/4151 4180/4180 4153/4153
f 4144/4144 4140/4140 4138/4138
f 4138/4138 4136/4136 4182/4182
f 4182/4182 4136/4136 4181/4181
f 4182/4182 4181/4181 4149/4149
f 4149/4149 4181/4181 4151/4151
f 4146/4146 4144/4144 4182/4182
f 4182/4182 4144/4144 4138/4138
f 4146/4146 4182/4182 4149/4149
f 4183/4183 4184/4184 4185/4185
f 4185/4185 4184/4184 4186/4186
f 4185/4185 4186/4186 4187/4187
f 4187/4187 4186/4186 4188/4188
f 4187/4187 4188/4188 4189/4189
f 4189/4189 4188/4188 4190/4190
f 4189/4189 4190/4190 4191/4191
f 4192/4192 4193/4193 4191/4191
f 4191/4191 4193/4193 4194/4194
f 4191/4191 4194/4194 4189/4189
f 4189/4189 4194/4194 4187/4187
f 4195/4195 4196/4196 4192/4192
f 4192/4192 4196/4196 4197/4197
f 4192/4192 4197/4197 4193/4193
f 4193/4193 4197/4197 4198/4198
f 4193/4193 4198/4198 4199/4199
f 4199/4199 4198/4198 4200/4200
f 4199/4199 4200/4200 4185/4185
f 4185/4185 4200/4200 4183/4183
f 4201/4201 4202/4202 4195/4195
f 4195/4195 4202/4202 4203/4203
f 4195/4195 4203/4203 4196/4196
f 4196/4196 4203/4203 4204/4204
f 4196/4196 4204/4204 4205/4205
f 4205/4205 4204/4204 4206/4206
f 4205/4205 4206/4206 4207/4207
f 4207/4207 4206/4206 4208/4208
f 4207/4207 4208/4208 4183/4183
f 4209/4209 4210/4210 4201/4201
f 4201/4201 4210/4210 4211/4211
f 4201/4201 4211/4211 4202/4202
f 4202/4202 4211/4211 4212/4212
f 4202/4202 4212/4212 4213/4213
f 4213/4213 4212/4212 4214/4214
f 4213/4213 4214/4214 4215/4215
f 4215/4215 4214/4214 4216/4216
f 4215/4215 4216/4216 4208/4208
f 4210/4210 4209/4209 4217/4217
f 4217/4217 4209/4209 4218/4218
f 4217/4217 4218/4218 4219/4219
f 4219/4219 4218/4218 4220/4220
f 4219/4219 4220/4220 4221/4221
f 4221/4221 4220/4220 4222/4222
f 4221/4221 4222/4222 4223/4223
f 4223/4223 4222/4222 4224/4224
f 4223/4223 4224/4224 4225/4225
f 4225/4225 4224/4224 4226/4226
f 4226/4226 4224/4224 4227/4227
f 4226/4226 4227/4227 4228/4228
f 4228/4228 4227/4227 4229/4229
f 4228/4228 4229/4229 4230/4230
f 4230/4230 4229/4229 4231/4231
f 4230/4230 4231/4231 4232/4232
f 4232/4232 4231/4231 4233/4233
f 4232/4232 4233/4233 4234/4234
f 4234/4234 4233/4233 4235/4235
f 4234/4234 4235/4235 4236/4236
f 4236/4236 4235/4235 4237/4237
f 4236/4236 4237/4237 4238/4238
f 4218/4218 4239/4239 4220/4220
f 4220/4220 4239/4239 4240/4240
f 4220/4220 4240/4240 4222/4222
f 4222/4222 4240/4240 4241/4241
f 4222/4222 4241/4241 4224/4224
f 4224/4224 4241/4241 4227/4227
f 4239/4239 4242/4242 4240/4240
f 4240/4240 4242/4242 4243/4243
f 4240/4240 4243/4243 4241/4241
f 4241/4241 4243/4243 4244/4244
f 4241/4241 4244/4244 4227/4227
f 4227/4227 4244/4244 4229/4229
f 4243/4243 4242/4242 4245/4245
f 4245/4245 4242/4242 4246/4246
f 4245/4245 4246/4246 4247/4247
f 4247/4247 4246/4246 4248/4248
f 4247/4247 4248/4248 4235/4235
f 4235/4235 4248/4248 4249/4249
f 4235/4235 4249/4249 4237/4237
f 4236/4236 4238/4238 4250/4250
f 4250/4250 4238/4238 4251/4251
f 4250/4250 4251/4251 4252/4252
f 4252/4252 4251/4251 4253/4253
f 4252/4252 4253/4253 4254/4254
f 4254/4254 4253/4253 4255/4255
f 4254/4254 4255/4255 4256/4256
f 4256/4256 4255/4255 4257/4257
f 4256/4256 4257/4257 4258/4258
f 4258/4258 4257/4257 4259/4259
f 4258/4258 4259/4259 4260/4260
f 4260/4260 4259/4259 4261/4261
f 4260/4260 4261/4261 4262/4262
f 4262/4262 4261/4261 4263/4263
f 4262/4262 4263/4263 4264/4264
f 4264/4264 4263/4263 4265/4265
f 4264/4264 4265/4265 4266/4266
f 4266/4266 4265/4265 4267/4267
f 4266/4266 4267/4267 4268/4268
f 4268/4268 4267/4267 4269/4269
f 4268/4268 4269/4269 4270/4270
f 4270/4270 4269/4269 4271/4271
f 4270/4270 4271/4271 4272/4272
f 4270/4270 4272/4272 4273/4273
f 4273/4273 4272/4272 4274/4274
f 4273/4273 4274/4274 4275/4275
f 4275/4275 4274/4274 4276/4276
f 4275/4275 4276/4276 4277/4277
f 4277/4277 4278/4278 4275/4275
f 4275/4275 4278/4278 4279/4279
f 4275/4275 4279/4279 4273/4273
f 4273/4273 4279/4279 4280/4280
f 4273/4273 4280/4280 4270/4270
f 4270/4270 4280/4280 4268/4268
f 4278/4278 4281/4281 4279/4279
f 4279/4279 4281/4281 4282/4282
f 4279/4279 4282/4282 4280/4280
f 4280/4280 4282/4282 4283/4283
f 4280/4280 4283/4283 4268/4268
f 4268/4268 4283/4283 4266/4266
f 4281/4281 4284/4284 4282/4282
f 4282/4282 4284/4284 4285/4285
f 4282/4282 4285/4285 4283/4283
f 4283/4283 4285/4285 4286/4286
f 4283/4283 4286/4286 4266/4266
f 4266/4266 4286/4286 4264/4264
f 4284/4284 4287/4287 4285/4285
f 4285/4285 4287/4287 4288/4288
f 4285/4285 4288/4288 4286/4286
f 4286/4286 4288/4288 4289/4289
f 4286/4286 4289/4289 4264/4264
f 4264/4264 4289/4289 4262/4262
f 4287/4287 4290/4290 4288/4288
f 4288/4288 4290/4290 4291/4291
f 4288/4288 4291/4291 4289/4289
f 4289/4289 4291/4291 4292/4292
f 4289/4289 4292/4292 4262/4262
f 4262/4262 4292/4292 4260/4260
f 4291/4291 4290/4290 4293/4293
f 4293/4293 4290/4290 4294/4294
f 4293/4293 4294/4294 4295/4295
f 4295/4295 4294/4294 4296/4296
f 4295/4295 4296/4296 4297/4297
f 4295/4295 4297/4297 4298/4298
f 4298/4298 4297/4297 4299/4299
f 4298/4298 4299/4299 4300/4300
f 4300/4300 4299/4299 4301/4301
f 4300/4300 4301/4301 4302/4302
f 4302/4302 4301/4301 4303/4303
f 4302/4302 4303/4303 4304/4304
f 4304/4304 4303/4303 4305/4305
f 4304/4304 4305/4305 4306/4306
f 4306/4306 4305/4305 4307/4307
f 4306/4306 4307/4307 4232/4232
f 4232/4232 4307/4307 4230/4230
f 4223/4223 4225/4225 4308/4308
f 4308/4308 4225/4225 4309/4309
f 4308/4308 4309/4309 4310/4310
f 4310/4310 4309/4309 4311/4311
f 4310/4310 4311/4311 4312/4312
f 4312/4312 4311/4311 4313/4313
f 4312/4312 4313/4313 4314/4314
f 4314/4314 4313/4313 4212/4212
f 4314/4314 4212/4212 4211/4211
f 4311/4311 4216/4216 4313/4313
f 4313/4313 4216/4216 4214/4214
f 4313/4313 4214/4214 4212/4212
f 4207/4207 4183/4183 4200/4200
f 4215/4215 4208/4208 4206/4206
f 4205/4205 4207/4207 4198/4198
f 4198/4198 4207/4207 4200/4200
f 4213/4213 4215/4215 4204/4204
f 4204/4204 4215/4215 4206/4206
f 4310/4310 4312/4312 4315/4315
f 4315/4315 4312/4312 4314/4314
f 4315/4315 4314/4314 4210/4210
f 4210/4210 4314/4314 4211/4211
f 4221/4221 4223/4223 4308/4308
f 4308/4308 4310/4310 4316/4316
f 4316/4316 4310/4310 4315/4315
f 4316/4316 4315/4315 4217/4217
f 4217/4217 4315/4315 4210/4210
f 4231/4231 4229/4229 4317/4317
f 4317/4317 4229/4229 4244/4244
f 4317/4317 4244/4244 4245/4245
f 4245/4245 4244/4244 4243/4243
f 4232/4232 4234/4234 4306/4306
f 4306/4306 4234/4234 4318/4318
f 4306/4306 4318/4318 4304/4304
f 4304/4304 4318/4318 4319/4319
f 4304/4304 4319/4319 4302/4302
f 4302/4302 4319/4319 4320/4320
f 4302/4302 4320/4320 4300/4300
f 4300/4300 4320/4320 4321/4321
f 4300/4300 4321/4321 4298/4298
f 4298/4298 4321/4321 4322/4322
f 4298/4298 4322/4322 4295/4295
f 4295/4295 4322/4322 4323/4323
f 4295/4295 4323/4323 4293/4293
f 4293/4293 4323/4323 4292/4292
f 4293/4293 4292/4292 4291/4291
f 4185/4185 4187/4187 4199/4199
f 4199/4199 4187/4187 4194/4194
f 4199/4199 4194/4194 4193/4193
f 4196/4196 4205/4205 4197/4197
f 4197/4197 4205/4205 4198/4198
f 4202/4202 4213/4213 4203/4203
f 4203/4203 4213/4213 4204/4204
f 4219/4219 4221/4221 4316/4316
f 4316/4316 4221/4221 4308/4308
f 4219/4219 4316/4316 4217/4217
f 4231/4231 4317/4317 4233/4233
f 4233/4233 4317/4317 4247/4247
f 4233/4233 4247/4247 4235/4235
f 4247/4247 4317/4317 4245/4245
f 4234/4234 4236/4236 4318/4318
f 4318/4318 4236/4236 4250/4250
f 4318/4318 4250/4250 4319/4319
f 4319/4319 4250/4250 4252/4252
f 4319/4319 4252/4252 4320/4320
f 4320/4320 4252/4252 4254/4254
f 4320/4320 4254/4254 4321/4321
f 4321/4321 4254/4254 4256/4256
f 4321/4321 4256/4256 4322/4322
f 4322/4322 4256/4256 4258/4258
f 4322/4322 4258/4258 4323/4323
f 4323/4323 4258/4258 4260/4260
f 4323/4323 4260/4260 4292/4292
f 4324/4324 4325/4325 4326/4326
f 4326/4326 4325/4325 4327/4327
f 4326/4326 4327/4327 4328/4328
f 4328/4328 4327/4327 4329/4329
f 4328/4328 4329/4329 4330/4330
f 4330/4330 4329/4329 4331/4331
f 4330/4330 4331/4331 4332/4332
f 4332/4332 4333/4333 4330/4330
f 4330/4330 4333/4333 4328/4328
f 4333/4333 4334/4334 4328/4328
f 4328/4328 4334/4334 4326/4326
f 4335/4335 4336/4336 4334/4334
f 4334/4334 4336/4336 4326/4326
f 4336/4336 4324/4324 4326/4326
f 4337/4337 4338/4338 4339/4339
f 4339/4339 4338/4338 4340/4340
f 4339/4339 4340/4340 4341/4341
f 4341/4341 4340/4340 4342/4342
f 4341/4341 4342/4342 4343/4343
f 4343/4343 4342/4342 4344/4344
f 4343/4343 4344/4344 4345/4345
f 4345/4345 4344/4344 4346/4346
f 4345/4345 4346/4346 4347/4347
f 4347/4347 4346/4346 4348/4348
f 4347/4347 4348/4348 4349/4349
f 4349/4349 4348/4348 4350/4350
f 4349/4349 4350/4350 4351/4351
f 4351/4351 4350/4350 4352/4352
f 4351/4351 4352/4352 4353/4353
f 4353/4353 4352/4352 4354/4354
f 4353/4353 4354/4354 4355/4355
f 4355/4355 4354/4354 4356/4356
f 4355/4355 4356/4356 4357/4357
f 4357/4357 4356/4356 4358/4358
f 4357/4357 4358/4358 4359/4359
f 4359/4359 4358/4358 4360/4360
f 4359/4359 4360/4360 4361/4361
f 4361/4361 4360/4360 4362/4362
f 4361/4361 4362/4362 4363/4363
f 4363/4363 4362/4362 4364/4364
f 4363/4363 4364/4364 4365/4365
f 4365/4365 4364/4364 4366/4366
f 4365/4365 4366/4366 4367/4367
f 4367/4367 4366/4366 4368/4368
f 4367/4367 4368/4368 4369/4369
f 4369/4369 4368/4368 4370/4370
f 4369/4369 4370/4370 4371/4371
f 4371/4371 4370/4370 4372/4372
f 4371/4371 4372/4372 4373/4373
f 4373/4373 4372/4372 4374/4374
f 4373/4373 4374/4374 4375/4375
f 4375/4375 4374/4374 4376/4376
f 4375/4375 4376/4376 4377/4377
f 4377/4377 4376/4376 4378/4378
f 4377/4377 4378/4378 4379/4379
f 4379/4379 4378/4378 4380/4380
f 4379/4379 4380/4380 4381/4381
f 4381/4381 4380/4380 4382/4382
f 4381/4381 4382/4382 4383/4383
f 4383/4383 4382/4382 4384/4384
f 4383/4383 4384/4384 4385/4385
f 4385/4385 4384/4384 4386/4386
f 4385/4385 4386/4386 4387/4387
f 4387/4387 4386/4386 4388/4388
f 4387/4387 4388/4388 4389/4389
f 4389/4389 4388/4388 4390/4390
f 4389/4389 4390/4390 4391/4391
f 4391/4391 4390/4390 4392/4392
f 4391/4391 4392/4392 4393/4393
f 4393/4393 4392/4392 4394/4394
f 4393/4393 4394/4394 4395/4395
f 4395/4395 4394/4394 4396/4396
f 4395/4395 4396/4396 4397/4397
f 4397/4397 4396/4396 4398/4398
f 4397/4397 4398/4398 4399/4399
f 4399/4399 4398/4398 4400/4400
f 4399/4399 4400/4400 4401/4401
f 4401/4401 4400/4400 4402/4402
f 4401/4401 4402/4402 4403/4403
f 4403/4403 4402/4402 4404/4404
f 4403/4403 4404/4404 4405/4405
f 4405/4405 4404/4404 4406/4406
f 4405/4405 4406/4406 4407/4407
f 4407/4407 4406/4406 4408/4408
f 4407/4407 4408/4408 4409/4409
f 4409/4409 4408/4408 4410/4410
f 4409/4409 4410/4410 4411/4411
f 4411/4411 4410/4410 4412/4412
f 4411/4411 4412/4412 4413/4413
f 4413/4413 4412/4412 4414/4414
f 4413/4413 4414/4414 4415/4415
f 4415/4415 4414/4414 4416/4416
f 4415/4415 4416/4416 4417/4417
f 4417/4417 4416/4416 4418/4418
f 4417/4417 4418/4418 4419/4419
f 4419/4419 4418/4418 4420/4420
f 4419/4419 4420/4420 4421/4421
f 4421/4421 4420/4420 4422/4422
f 4421/4421 4422/4422 4423/4423
f 4423/4423 4422/4422 4424/4424
f 4423/4423 4424/4424 4425/4425
f 4425/4425 4424/4424 4426/4426
f 4425/4425 4426/4426 4427/4427
f 4427/4427 4426/4426 4428/4428
f 4427/4427 4428/4428 4429/4429
f 4429/4429 4428/4428 4430/4430
f 4429/4429 4430/4430 4431/4431
f 4431/4431 4430/4430 4432/4432
f 4431/4431 4432/4432 4433/4433
f 4433/4433 4432/4432 4434/4434
f 4433/4433 4434/4434 4435/4435
f 4435/4435 4434/4434 4436/4436
f 4435/4435 4436/4436 4437/4437
f 4437/4437 4436/4436 4438/4438
f 4437/4437 4438/4438 4439/4439
f 4342/4342 4440/4440 4344/4344
f 4344/4344 4440/4440 4441/4441
f 4344/4344 4441/4441 4442/4442
f 4442/4442 4441/4441 4443/4443
f 4442/4442 4443/4443 4444/4444
f 4444/4444 4443/4443 4445/4445
f 4444/4444 4445/4445 4446/4446
f 4444/4444 4446/4446 4447/4447
f 4447/4447 4446/4446 4448/4448
f 4447/4447 4448/4448 4449/4449
f 4449/4449 4448/4448 4450/4450
f 4449/4449 4450/4450 4451/4451
f 4451/4451 4450/4450 4452/4452
f 4451/4451 4452/4452 4453/4453
f 4451/4451 4453/4453 4454/4454
f 4454/4454 4453/4453 4455/4455
f 4454/4454 4455/4455 4456/4456
f 4456/4456 4455/4455 4457/4457
f 4456/4456 4457/4457 4458/4458
f 4458/4458 4457/4457 4459/4459
f 4458/4458 4459/4459 4460/4460
f 4460/4460 4459/4459 4461/4461
f 4460/4460 4461/4461 4462/4462
f 4462/4462 4461/4461 4463/4463
f 4462/4462 4463/4463 4464/4464
f 4462/4462 4464/4464 4465/4465
f 4465/4465 4464/4464 4466/4466
f 4465/4465 4466/4466 4467/4467
f 4467/4467 4466/4466 4468/4468
f 4467/4467 4468/4468 4469/4469
f 4469/4469 4468/4468 4470/4470
f 4469/4469 4470/4470 4471/4471
f 4471/4471 4470/4470 4472/4472
f 4471/4471 4472/4472 4473/4473
f 4473/4473 4472/4472 4474/4474
f 4473/4473 4474/4474 4475/4475
f 4475/4475 4474/4474 4476/4476
f 4475/4475 4476/4476 4477/4477
f 4477/4477 4476/4476 4478/4478
f 4477/4477 4478/4478 4380/4380
f 4380/4380 4478/4478 4382/4382
f 4466/4466 4479/4479 4468/4468
f 4468/4468 4479/4479 4480/4480
f 4468/4468 4480/4480 4470/4470
f 4470/4470 4480/4480 4481/4481
f 4470/4470 4481/4481 4472/4472
f 4472/4472 4481/4481 4482/4482
f 4472/4472 4482/4482 4474/4474
f 4474/4474 4482/4482 4483/4483
f 4474/4474 4483/4483 4476/4476
f 4476/4476 4483/4483 4484/4484
f 4476/4476 4484/4484 4478/4478
f 4478/4478 4484/4484 4485/4485
f 4478/4478 4485/4485 4382/4382
f 4382/4382 4485/4485 4384/4384
f 4479/4479 4486/4486 4480/4480
f 4480/4480 4486/4486 4487/4487
f 4480/4480 4487/4487 4481/4481
f 4481/4481 4487/4487 4488/4488
f 4481/4481 4488/4488 4482/4482
f 4482/4482 4488/4488 4489/4489
f 4482/4482 4489/4489 4483/4483
f 4483/4483 4489/4489 4490/4490
f 4483/4483 4490/4490 4484/4484
f 4484/4484 4490/4490 4491/4491
f 4484/4484 4491/4491 4485/4485
f 4485/4485 4491/4491 4492/4492
f 4485/4485 4492/4492 4384/4384
f 4384/4384 4492/4492 4386/4386
f 4486/4486 4493/4493 4487/4487
f 4487/4487 4493/4493 4494/4494
f 4487/4487 4494/4494 4495/4495
f 4495/4495 4494/4494 4496/4496
f 4495/4495 4496/4496 4497/4497
f 4497/4497 4496/4496 4498/4498
f 4497/4497 4498/4498 4499/4499
f 4499/4499 4498/4498 4500/4500
f 4499/4499 4500/4500 4501/4501
f 4501/4501 4500/4500 4502/4502
f 4501/4501 4502/4502 4503/4503
f 4503/4503 4502/4502 4504/4504
f 4503/4503 4504/4504 4505/4505
f 4505/4505 4504/4504 4506/4506
f 4505/4505 4506/4506 4507/4507
f 4507/4507 4506/4506 4508/4508
f 4507/4507 4508/4508 4509/4509
f 4510/4510 4511/4511 4509/4509
f 4509/4509 4511/4511 4512/4512
f 4509/4509 4512/4512 4507/4507
f 4507/4507 4512/4512 4513/4513
f 4507/4507 4513/4513 4514/4514
f 4514/4514 4513/4513 4515/4515
f 4514/4514 4515/4515 4516/4516
f 4516/4516 4515/4515 4517/4517
f 4516/4516 4517/4517 4518/4518
f 4518/4518 4517/4517 4519/4519
f 4518/4518 4519/4519 4520/4520
f 4520/4520 4519/4519 4521/4521
f 4520/4520 4521/4521 4522/4522
f 4522/4522 4521/4521 4390/4390
f 4522/4522 4390/4390 4388/4388
f 4510/4510 4523/4523 4511/4511
f 4511/4511 4523/4523 4524/4524
f 4511/4511 4524/4524 4525/4525
f 4525/4525 4524/4524 4526/4526
f 4525/4525 4526/4526 4527/4527
f 4527/4527 4526/4526 4528/4528
f 4527/4527 4528/4528 4529/4529
f 4529/4529 4528/4528 4530/4530
f 4529/4529 4530/4530 4531/4531
f 4531/4531 4530/4530 4532/4532
f 4531/4531 4532/4532 4533/4533
f 4533/4533 4532/4532 4534/4534
f 4533/4533 4534/4534 4404/4404
f 4404/4404 4534/4534 4406/4406
f 4523/4523 4535/4535 4524/4524
f 4524/4524 4535/4535 4536/4536
f 4524/4524 4536/4536 4526/4526
f 4526/4526 4536/4536 4537/4537
f 4526/4526 4537/4537 4528/4528
f 4528/4528 4537/4537 4538/4538
f 4528/4528 4538/4538 4530/4530
f 4530/4530 4538/4538 4539/4539
f 4530/4530 4539/4539 4532/4532
f 4532/4532 4539/4539 4540/4540
f 4532/4532 4540/4540 4534/4534
f 4534/4534 4540/4540 4541/4541
f 4534/4534 4541/4541 4406/4406
f 4406/4406 4541/4541 4408/4408
f 4535/4535 4542/4542 4536/4536
f 4536/4536 4542/4542 4543/4543
f 4536/4536 4543/4543 4537/4537
f 4537/4537 4543/4543 4544/4544
f 4537/4537 4544/4544 4538/4538
f 4538/4538 4544/4544 4545/4545
f 4538/4538 4545/4545 4539/4539
f 4539/4539 4545/4545 4546/4546
f 4539/4539 4546/4546 4540/4540
f 4540/4540 4546/4546 4547/4547
f 4540/4540 4547/4547 4541/4541
f 4541/4541 4547/4547 4548/4548
f 4541/4541 4548/4548 4408/4408
f 4408/4408 4548/4548 4410/4410
f 4542/4542 4549/4549 4543/4543
f 4543/4543 4549/4549 4550/4550
f 4543/4543 4550/4550 4544/4544
f 4544/4544 4550/4550 4551/4551
f 4544/4544 4551/4551 4545/4545
f 4545/4545 4551/4551 4552/4552
f 4545/4545 4552/4552 4546/4546
f 4546/4546 4552/4552 4553/4553
f 4546/4546 4553/4553 4547/4547
f 4547/4547 4553/4553 4554/4554
f 4547/4547 4554/4554 4548/4548
f 4548/4548 4554/4554 4555/4555
f 4548/4548 4555/4555 4410/4410
f 4410/4410 4555/4555 4412/4412
f 4549/4549 4556/4556 4550/4550
f 4550/4550 4556/4556 4557/4557
f 4550/4550 4557/4557 4551/4551
f 4551/4551 4557/4557 4558/4558
f 4551/4551 4558/4558 4552/4552
f 4552/4552 4558/4558 4559/4559
f 4552/4552 4559/4559 4553/4553
f 4553/4553 4559/4559 4560/4560
f 4553/4553 4560/4560 4554/4554
f 4554/4554 4560/4560 4561/4561
f 4554/4554 4561/4561 4555/4555
f 4555/4555 4561/4561 4562/4562
f 4555/4555 4562/4562 4412/4412
f 4412/4412 4562/4562 4414/4414
f 4556/4556 4563/4563 4557/4557
f 4557/4557 4563/4563 4564/4564
f 4557/4557 4564/4564 4558/4558
f 4558/4558 4564/4564 4565/4565
f 4558/4558 4565/4565 4559/4559
f 4559/4559 4565/4565 4566/4566
f 4559/4559 4566/4566 4560/4560
f 4560/4560 4566/4566 4567/4567
f 4560/4560 4567/4567 4561/4561
f 4561/4561 4567/4567 4568/4568
f 4561/4561 4568/4568 4569/4569
f 4569/4569 4568/4568 4570/4570
f 4570/4570 4568/4568 4567/4567
f 4570/4570 4567/4567 4571/4571
f 4571/4571 4567/4567 4566/4566
f 4571/4571 4566/4566 4565/4565
f 4563/4563 4572/4572 4564/4564
f 4564/4564 4572/4572 4573/4573
f 4564/4564 4573/4573 4565/4565
f 4565/4565 4573/4573 4571/4571
f 4572/4572 4574/4574 4573/4573
f 4416/4416 4414/4414 4569/4569
f 4569/4569 4414/4414 4562/4562
f 4569/4569 4562/4562 4561/4561
f 4420/4420 4418/4418 4575/4575
f 4575/4575 4418/4418 4576/4576
f 4575/4575 4576/4576 4577/4577
f 4577/4577 4576/4576 4578/4578
f 4577/4577 4578/4578 4579/4579
f 4579/4579 4578/4578 4580/4580
f 4579/4579 4580/4580 4581/4581
f 4581/4581 4580/4580 4582/4582
f 4581/4581 4582/4582 4583/4583
f 4583/4583 4582/4582 4584/4584
f 4583/4583 4584/4584 4585/4585
f 4585/4585 4584/4584 4586/4586
f 4585/4585 4586/4586 4587/4587
f 4587/4587 4586/4586 4588/4588
f 4587/4587 4588/4588 4430/4430
f 4430/4430 4588/4588 4432/4432
f 4576/4576 4580/4580 4578/4578
f 4582/4582 4586/4586 4584/4584
f 4586/4586 4589/4589 4588/4588
f 4588/4588 4589/4589 4590/4590
f 4588/4588 4590/4590 4432/4432
f 4432/4432 4590/4590 4434/4434
f 4589/4589 4591/4591 4590/4590
f 4590/4590 4591/4591 4434/4434
f 4591/4591 4438/4438 4434/4434
f 4434/4434 4438/4438 4436/4436
f 4592/4592 4593/4593 4439/4439
f 4439/4439 4593/4593 4594/4594
f 4439/4439 4594/4594 4437/4437
f 4437/4437 4594/4594 4595/4595
f 4437/4437 4595/4595 4435/4435
f 4435/4435 4595/4595 4596/4596
f 4435/4435 4596/4596 4433/4433
f 4433/4433 4596/4596 4597/4597
f 4433/4433 4597/4597 4431/4431
f 4431/4431 4597/4597 4598/4598
f 4431/4431 4598/4598 4429/4429
f 4429/4429 4598/4598 4599/4599
f 4429/4429 4599/4599 4427/4427
f 4427/4427 4599/4599 4600/4600
f 4427/4427 4600/4600 4425/4425
f 4425/4425 4600/4600 4601/4601
f 4425/4425 4601/4601 4423/4423
f 4423/4423 4601/4601 4602/4602
f 4423/4423 4602/4602 4421/4421
f 4421/4421 4602/4602 4603/4603
f 4421/4421 4603/4603 4419/4419
f 4419/4419 4603/4603 4413/4413
f 4419/4419 4413/4413 4415/4415
f 4593/4593 4592/4592 4604/4604
f 4604/4604 4592/4592 4605/4605
f 4604/4604 4605/4605 4606/4606
f 4606/4606 4605/4605 4607/4607
f 4606/4606 4607/4607 4608/4608
f 4608/4608 4607/4607 4609/4609
f 4608/4608 4609/4609 4610/4610
f 4610/4610 4609/4609 4611/4611
f 4610/4610 4611/4611 4612/4612
f 4612/4612 4611/4611 4613/4613
f 4612/4612 4613/4613 4614/4614
f 4614/4614 4613/4613 4615/4615
f 4614/4614 4615/4615 4616/4616
f 4616/4616 4615/4615 4617/4617
f 4616/4616 4617/4617 4618/4618
f 4618/4618 4617/4617 4619/4619
f 4618/4618 4619/4619 4620/4620
f 4620/4620 4619/4619 4621/4621
f 4620/4620 4621/4621 4622/4622
f 4622/4622 4621/4621 4623/4623
f 4622/4622 4623/4623 4624/4624
f 4624/4624 4623/4623 4625/4625
f 4624/4624 4625/4625 4387/4387
f 4387/4387 4625/4625 4385/4385
f 4605/4605 4626/4626 4607/4607
f 4607/4607 4626/4626 4627/4627
f 4607/4607 4627/4627 4609/4609
f 4609/4609 4627/4627 4628/4628
f 4609/4609 4628/4628 4611/4611
f 4611/4611 4628/4628 4629/4629
f 4611/4611 4629/4629 4613/4613
f 4613/4613 4629/4629 4630/4630
f 4613/4613 4630/4630 4615/4615
f 4615/4615 4630/4630 4631/4631
f 4615/4615 4631/4631 4617/4617
f 4617/4617 4631/4631 4632/4632
f 4617/4617 4632/4632 4619/4619
f 4619/4619 4632/4632 4633/4633
f 4619/4619 4633/4633 4621/4621
f 4621/4621 4633/4633 4634/4634
f 4621/4621 4634/4634 4623/4623
f 4623/4623 4634/4634 4635/4635
f 4623/4623 4635/4635 4625/4625
f 4625/4625 4635/4635 4636/4636
f 4625/4625 4636/4636 4385/4385
f 4385/4385 4636/4636 4383/4383
f 4627/4627 4626/4626 4637/4637
f 4637/4637 4626/4626 4638/4638
f 4637/4637 4638/4638 4639/4639
f 4639/4639 4638/4638 4640/4640
f 4639/4639 4640/4640 4641/4641
f 4641/4641 4640/4640 4642/4642
f 4641/4641 4642/4642 4643/4643
f 4643/4643 4642/4642 4644/4644
f 4643/4643 4644/4644 4645/4645
f 4645/4645 4644/4644 4646/4646
f 4645/4645 4646/4646 4647/4647
f 4647/4647 4646/4646 4648/4648
f 4647/4647 4648/4648 4649/4649
f 4649/4649 4648/4648 4650/4650
f 4649/4649 4650/4650 4651/4651
f 4651/4651 4650/4650 4652/4652
f 4651/4651 4652/4652 4653/4653
f 4653/4653 4652/4652 4654/4654
f 4653/4653 4654/4654 4655/4655
f 4655/4655 4654/4654 4656/4656
f 4655/4655 4656/4656 4657/4657
f 4657/4657 4656/4656 4658/4658
f 4657/4657 4658/4658 4379/4379
f 4379/4379 4658/4658 4377/4377
f 4638/4638 4659/4659 4640/4640
f 4640/4640 4659/4659 4660/4660
f 4640/4640 4660/4660 4642/4642
f 4642/4642 4660/4660 4661/4661
f 4642/4642 4661/4661 4644/4644
f 4644/4644 4661/4661 4662/4662
f 4644/4644 4662/4662 4646/4646
f 4646/4646 4662/4662 4663/4663
f 4646/4646 4663/4663 4648/4648
f 4648/4648 4663/4663 4664/4664
f 4648/4648 4664/4664 4650/4650
f 4650/4650 4664/4664 4665/4665
f 4650/4650 4665/4665 4652/4652
f 4652/4652 4665/4665 4666/4666
f 4652/4652 4666/4666 4654/4654
f 4654/4654 4666/4666 4667/4667
f 4654/4654 4667/4667 4656/4656
f 4656/4656 4667/4667 4668/4668
f 4656/4656 4668/4668 4658/4658
f 4658/4658 4668/4668 4669/4669
f 4658/4658 4669/4669 4377/4377
f 4377/4377 4669/4669 4375/4375
f 4660/4660 4659/4659 4670/4670
f 4670/4670 4659/4659 4671/4671
f 4670/4670 4671/4671 4672/4672
f 4672/4672 4671/4671 4673/4673
f 4672/4672 4673/4673 4674/4674
f 4674/4674 4673/4673 4675/4675
f 4674/4674 4675/4675 4676/4676
f 4676/4676 4675/4675 4677/4677
f 4676/4676 4677/4677 4678/4678
f 4678/4678 4677/4677 4679/4679
f 4678/4678 4679/4679 4680/4680
f 4680/4680 4679/4679 4681/4681
f 4680/4680 4681/4681 4682/4682
f 4682/4682 4681/4681 4683/4683
f 4682/4682 4683/4683 4684/4684
f 4684/4684 4683/4683 4685/4685
f 4684/4684 4685/4685 4686/4686
f 4686/4686 4685/4685 4687/4687
f 4686/4686 4687/4687 4688/4688
f 4688/4688 4687/4687 4689/4689
f 4688/4688 4689/4689 4373/4373
f 4373/4373 4689/4689 4371/4371
f 4671/4671 4690/4690 4673/4673
f 4673/4673 4690/4690 4675/4675
f 4675/4675 4690/4690 4691/4691
f 4691/4691 4690/4690 4692/4692
f 4691/4691 4692/4692 4693/4693
f 4693/4693 4692/4692 4694/4694
f 4693/4693 4694/4694 4695/4695
f 4695/4695 4694/4694 4696/4696
f 4695/4695 4696/4696 4697/4697
f 4697/4697 4696/4696 4698/4698
f 4697/4697 4698/4698 4699/4699
f 4699/4699 4698/4698 4700/4700
f 4699/4699 4700/4700 4701/4701
f 4701/4701 4700/4700 4702/4702
f 4701/4701 4702/4702 4703/4703
f 4703/4703 4702/4702 4704/4704
f 4703/4703 4704/4704 4705/4705
f 4705/4705 4704/4704 4706/4706
f 4705/4705 4706/4706 4369/4369
f 4369/4369 4706/4706 4367/4367
f 4694/4694 4692/4692 4707/4707
f 4707/4707 4692/4692 4708/4708
f 4707/4707 4708/4708 4709/4709
f 4709/4709 4708/4708 4710/4710
f 4709/4709 4710/4710 4711/4711
f 4711/4711 4710/4710 4712/4712
f 4711/4711 4712/4712 4713/4713
f 4713/4713 4712/4712 4714/4714
f 4713/4713 4714/4714 4715/4715
f 4715/4715 4714/4714 4716/4716
f 4715/4715 4716/4716 4717/4717
f 4717/4717 4716/4716 4718/4718
f 4717/4717 4718/4718 4719/4719
f 4719/4719 4718/4718 4720/4720
f 4719/4719 4720/4720 4365/4365
f 4365/4365 4720/4720 4363/4363
f 4708/4708 4721/4721 4710/4710
f 4710/4710 4721/4721 4712/4712
f 4722/4722 4723/4723 4721/4721
f 4721/4721 4723/4723 4724/4724
f 4721/4721 4724/4724 4712/4712
f 4712/4712 4724/4724 4714/4714
f 4725/4725 4726/4726 4722/4722
f 4722/4722 4726/4726 4727/4727
f 4722/4722 4727/4727 4723/4723
f 4723/4723 4727/4727 4728/4728
f 4723/4723 4728/4728 4729/4729
f 4729/4729 4728/4728 4716/4716
f 4729/4729 4716/4716 4714/4714
f 4730/4730 4355/4355 4725/4725
f 4725/4725 4355/4355 4357/4357
f 4725/4725 4357/4357 4731/4731
f 4731/4731 4357/4357 4359/4359
f 4731/4731 4359/4359 4732/4732
f 4732/4732 4359/4359 4361/4361
f 4732/4732 4361/4361 4733/4733
f 4733/4733 4361/4361 4363/4363
f 4733/4733 4363/4363 4720/4720
f 4355/4355 4730/4730 4353/4353
f 4353/4353 4730/4730 4734/4734
f 4353/4353 4734/4734 4351/4351
f 4351/4351 4734/4734 4349/4349
f 4349/4349 4734/4734 4735/4735
f 4735/4735 4734/4734 4736/4736
f 4735/4735 4736/4736 4737/4737
f 4737/4737 4736/4736 4738/4738
f 4737/4737 4738/4738 4739/4739
f 4739/4739 4738/4738 4341/4341
f 4739/4739 4341/4341 4343/4343
f 4736/4736 4337/4337 4738/4738
f 4738/4738 4337/4337 4339/4339
f 4738/4738 4339/4339 4341/4341
f 4512/4512 4511/4511 4740/4740
f 4740/4740 4511/4511 4525/4525
f 4740/4740 4525/4525 4741/4741
f 4741/4741 4525/4525 4527/4527
f 4741/4741 4527/4527 4742/4742
f 4742/4742 4527/4527 4529/4529
f 4742/4742 4529/4529 4743/4743
f 4743/4743 4529/4529 4531/4531
f 4743/4743 4531/4531 4744/4744
f 4744/4744 4531/4531 4533/4533
f 4744/4744 4533/4533 4402/4402
f 4402/4402 4533/4533 4404/4404
f 4507/4507 4514/4514 4505/4505
f 4505/4505 4514/4514 4745/4745
f 4505/4505 4745/4745 4503/4503
f 4503/4503 4745/4745 4746/4746
f 4503/4503 4746/4746 4501/4501
f 4501/4501 4746/4746 4747/4747
f 4501/4501 4747/4747 4499/4499
f 4499/4499 4747/4747 4748/4748
f 4499/4499 4748/4748 4497/4497
f 4497/4497 4748/4748 4749/4749
f 4497/4497 4749/4749 4495/4495
f 4495/4495 4749/4749 4488/4488
f 4495/4495 4488/4488 4487/4487
f 4465/4465 4467/4467 4750/4750
f 4750/4750 4467/4467 4469/4469
f 4750/4750 4469/4469 4751/4751
f 4751/4751 4469/4469 4471/4471
f 4751/4751 4471/4471 4752/4752
f 4752/4752 4471/4471 4473/4473
f 4752/4752 4473/4473 4753/4753
f 4753/4753 4473/4473 4475/4475
f 4753/4753 4475/4475 4754/4754
f 4754/4754 4475/4475 4477/4477
f 4754/4754 4477/4477 4378/4378
f 4378/4378 4477/4477 4380/4380
f 4462/4462 4465/4465 4755/4755
f 4755/4755 4465/4465 4750/4750
f 4755/4755 4750/4750 4756/4756
f 4756/4756 4750/4750 4751/4751
f 4756/4756 4751/4751 4757/4757
f 4757/4757 4751/4751 4752/4752
f 4757/4757 4752/4752 4758/4758
f 4758/4758 4752/4752 4753/4753
f 4758/4758 4753/4753 4759/4759
f 4759/4759 4753/4753 4754/4754
f 4759/4759 4754/4754 4376/4376
f 4376/4376 4754/4754 4378/4378
f 4460/4460 4462/4462 4760/4760
f 4760/4760 4462/4462 4755/4755
f 4760/4760 4755/4755 4761/4761
f 4761/4761 4755/4755 4756/4756
f 4761/4761 4756/4756 4762/4762
f 4762/4762 4756/4756 4757/4757
f 4762/4762 4757/4757 4763/4763
f 4763/4763 4757/4757 4758/4758
f 4763/4763 4758/4758 4764/4764
f 4764/4764 4758/4758 4759/4759
f 4764/4764 4759/4759 4374/4374
f 4374/4374 4759/4759 4376/4376
f 4458/4458 4460/4460 4765/4765
f 4765/4765 4460/4460 4760/4760
f 4765/4765 4760/4760 4766/4766
f 4766/4766 4760/4760 4761/4761
f 4766/4766 4761/4761 4767/4767
f 4767/4767 4761/4761 4762/4762
f 4767/4767 4762/4762 4768/4768
f 4768/4768 4762/4762 4763/4763
f 4768/4768 4763/4763 4769/4769
f 4769/4769 4763/4763 4764/4764
f 4769/4769 4764/4764 4372/4372
f 4372/4372 4764/4764 4374/4374
f 4456/4456 4458/4458 4770/4770
f 4770/4770 4458/4458 4765/4765
f 4770/4770 4765/4765 4771/4771
f 4771/4771 4765/4765 4766/4766
f 4771/4771 4766/4766 4772/4772
f 4772/4772 4766/4766 4767/4767
f 4772/4772 4767/4767 4773/4773
f 4773/4773 4767/4767 4768/4768
f 4773/4773 4768/4768 4774/4774
f 4774/4774 4768/4768 4769/4769
f 4774/4774 4769/4769 4370/4370
f 4370/4370 4769/4769 4372/4372
f 4454/4454 4456/4456 4775/4775
f 4775/4775 4456/4456 4770/4770
f 4775/4775 4770/4770 4776/4776
f 4776/4776 4770/4770 4771/4771
f 4776/4776 4771/4771 4777/4777
f 4777/4777 4771/4771 4772/4772
f 4777/4777 4772/4772 4778/4778
f 4778/4778 4772/4772 4773/4773
f 4778/4778 4773/4773 4779/4779
f 4779/4779 4773/4773 4774/4774
f 4779/4779 4774/4774 4368/4368
f 4368/4368 4774/4774 4370/4370
f 4451/4451 4454/4454 4780/4780
f 4780/4780 4454/4454 4775/4775
f 4780/4780 4775/4775 4781/4781
f 4781/4781 4775/4775 4776/4776
f 4781/4781 4776/4776 4782/4782
f 4782/4782 4776/4776 4777/4777
f 4782/4782 4777/4777 4783/4783
f 4783/4783 4777/4777 4778/4778
f 4783/4783 4778/4778 4784/4784
f 4784/4784 4778/4778 4779/4779
f 4784/4784 4779/4779 4366/4366
f 4366/4366 4779/4779 4368/4368
f 4449/4449 4451/4451 4785/4785
f 4785/4785 4451/4451 4780/4780
f 4785/4785 4780/4780 4786/4786
f 4786/4786 4780/4780 4781/4781
f 4786/4786 4781/4781 4787/4787
f 4787/4787 4781/4781 4782/4782
f 4787/4787 4782/4782 4788/4788
f 4788/4788 4782/4782 4783/4783
f 4788/4788 4783/4783 4789/4789
f 4789/4789 4783/4783 4784/4784
f 4789/4789 4784/4784 4364/4364
f 4364/4364 4784/4784 4366/4366
f 4447/4447 4449/4449 4790/4790
f 4790/4790 4449/4449 4785/4785
f 4790/4790 4785/4785 4791/4791
f 4791/4791 4785/4785 4786/4786
f 4791/4791 4786/4786 4792/4792
f 4792/4792 4786/4786 4787/4787
f 4792/4792 4787/4787 4793/4793
f 4793/4793 4787/4787 4788/4788
f 4793/4793 4788/4788 4794/4794
f 4794/4794 4788/4788 4789/4789
f 4794/4794 4789/4789 4362/4362
f 4362/4362 4789/4789 4364/4364
f 4444/4444 4447/4447 4795/4795
f 4795/4795 4447/4447 4790/4790
f 4795/4795 4790/4790 4796/4796
f 4796/4796 4790/4790 4791/4791
f 4796/4796 4791/4791 4797/4797
f 4797/4797 4791/4791 4792/4792
f 4797/4797 4792/4792 4798/4798
f 4798/4798 4792/4792 4793/4793
f 4798/4798 4793/4793 4799/4799
f 4799/4799 4793/4793 4794/4794
f 4799/4799 4794/4794 4360/4360
f 4360/4360 4794/4794 4362/4362
f 4346/4346 4344/4344 4442/4442
f 4442/4442 4444/4444 4800/4800
f 4800/4800 4444/4444 4795/4795
f 4800/4800 4795/4795 4801/4801
f 4801/4801 4795/4795 4796/4796
f 4801/4801 4796/4796 4802/4802
f 4802/4802 4796/4796 4797/4797
f 4802/4802 4797/4797 4803/4803
f 4803/4803 4797/4797 4798/4798
f 4803/4803 4798/4798 4804/4804
f 4804/4804 4798/4798 4799/4799
f 4804/4804 4799/4799 4358/4358
f 4358/4358 4799/4799 4360/4360
f 4739/4739 4343/4343 4345/4345
f 4512/4512 4740/4740 4513/4513
f 4513/4513 4740/4740 4805/4805
f 4513/4513 4805/4805 4515/4515
f 4515/4515 4805/4805 4806/4806
f 4515/4515 4806/4806 4517/4517
f 4517/4517 4806/4806 4807/4807
f 4517/4517 4807/4807 4519/4519
f 4519/4519 4807/4807 4808/4808
f 4519/4519 4808/4808 4521/4521
f 4521/4521 4808/4808 4392/4392
f 4521/4521 4392/4392 4390/4390
f 4805/4805 4740/4740 4741/4741
f 4514/4514 4516/4516 4745/4745
f 4745/4745 4516/4516 4809/4809
f 4745/4745 4809/4809 4746/4746
f 4746/4746 4809/4809 4810/4810
f 4746/4746 4810/4810 4747/4747
f 4747/4747 4810/4810 4811/4811
f 4747/4747 4811/4811 4748/4748
f 4748/4748 4811/4811 4812/4812
f 4748/4748 4812/4812 4749/4749
f 4749/4749 4812/4812 4489/4489
f 4749/4749 4489/4489 4488/4488
f 4348/4348 4346/4346 4800/4800
f 4800/4800 4346/4346 4442/4442
f 4348/4348 4800/4800 4801/4801
f 4737/4737 4739/4739 4345/4345
f 4737/4737 4345/4345 4347/4347
f 4805/4805 4741/4741 4813/4813
f 4813/4813 4741/4741 4742/4742
f 4813/4813 4742/4742 4814/4814
f 4814/4814 4742/4742 4743/4743
f 4814/4814 4743/4743 4815/4815
f 4815/4815 4743/4743 4744/4744
f 4815/4815 4744/4744 4400/4400
f 4400/4400 4744/4744 4402/4402
f 4516/4516 4518/4518 4809/4809
f 4809/4809 4518/4518 4816/4816
f 4809/4809 4816/4816 4810/4810
f 4810/4810 4816/4816 4817/4817
f 4810/4810 4817/4817 4811/4811
f 4811/4811 4817/4817 4818/4818
f 4811/4811 4818/4818 4812/4812
f 4812/4812 4818/4818 4490/4490
f 4812/4812 4490/4490 4489/4489
f 4350/4350 4348/4348 4801/4801
f 4350/4350 4801/4801 4802/4802
f 4735/4735 4737/4737 4347/4347
f 4735/4735 4347/4347 4349/4349
f 4350/4350 4802/4802 4352/4352
f 4352/4352 4802/4802 4803/4803
f 4352/4352 4803/4803 4354/4354
f 4354/4354 4803/4803 4804/4804
f 4354/4354 4804/4804 4356/4356
f 4356/4356 4804/4804 4358/4358
f 4490/4490 4818/4818 4491/4491
f 4491/4491 4818/4818 4819/4819
f 4491/4491 4819/4819 4492/4492
f 4492/4492 4819/4819 4820/4820
f 4492/4492 4820/4820 4386/4386
f 4386/4386 4820/4820 4388/4388
f 4818/4818 4817/4817 4819/4819
f 4819/4819 4817/4817 4821/4821
f 4819/4819 4821/4821 4820/4820
f 4820/4820 4821/4821 4522/4522
f 4820/4820 4522/4522 4388/4388
f 4817/4817 4816/4816 4821/4821
f 4821/4821 4816/4816 4520/4520
f 4821/4821 4520/4520 4522/4522
f 4816/4816 4518/4518 4520/4520
f 4806/4806 4813/4813 4822/4822
f 4822/4822 4813/4813 4814/4814
f 4822/4822 4814/4814 4823/4823
f 4823/4823 4814/4814 4815/4815
f 4823/4823 4815/4815 4398/4398
f 4398/4398 4815/4815 4400/4400
f 4813/4813 4806/4806 4805/4805
f 4806/4806 4822/4822 4807/4807
f 4807/4807 4822/4822 4824/4824
f 4807/4807 4824/4824 4808/4808
f 4808/4808 4824/4824 4394/4394
f 4808/4808 4394/4394 4392/4392
f 4824/4824 4822/4822 4823/4823
f 4398/4398 4396/4396 4823/4823
f 4823/4823 4396/4396 4824/4824
f 4396/4396 4394/4394 4824/4824
f 4365/4365 4367/4367 4719/4719
f 4719/4719 4367/4367 4706/4706
f 4719/4719 4706/4706 4717/4717
f 4717/4717 4706/4706 4704/4704
f 4717/4717 4704/4704 4715/4715
f 4715/4715 4704/4704 4702/4702
f 4715/4715 4702/4702 4713/4713
f 4713/4713 4702/4702 4700/4700
f 4713/4713 4700/4700 4711/4711
f 4711/4711 4700/4700 4698/4698
f 4711/4711 4698/4698 4709/4709
f 4709/4709 4698/4698 4696/4696
f 4709/4709 4696/4696 4707/4707
f 4707/4707 4696/4696 4694/4694
f 4369/4369 4371/4371 4705/4705
f 4705/4705 4371/4371 4689/4689
f 4705/4705 4689/4689 4703/4703
f 4703/4703 4689/4689 4687/4687
f 4703/4703 4687/4687 4701/4701
f 4701/4701 4687/4687 4685/4685
f 4701/4701 4685/4685 4699/4699
f 4699/4699 4685/4685 4683/4683
f 4699/4699 4683/4683 4697/4697
f 4697/4697 4683/4683 4681/4681
f 4697/4697 4681/4681 4695/4695
f 4695/4695 4681/4681 4679/4679
f 4695/4695 4679/4679 4693/4693
f 4693/4693 4679/4679 4677/4677
f 4693/4693 4677/4677 4691/4691
f 4691/4691 4677/4677 4675/4675
f 4373/4373 4375/4375 4688/4688
f 4688/4688 4375/4375 4669/4669
f 4688/4688 4669/4669 4686/4686
f 4686/4686 4669/4669 4668/4668
f 4686/4686 4668/4668 4684/4684
f 4684/4684 4668/4668 4667/4667
f 4684/4684 4667/4667 4682/4682
f 4682/4682 4667/4667 4666/4666
f 4682/4682 4666/4666 4680/4680
f 4680/4680 4666/4666 4665/4665
f 4680/4680 4665/4665 4678/4678
f 4678/4678 4665/4665 4664/4664
f 4678/4678 4664/4664 4676/4676
f 4676/4676 4664/4664 4663/4663
f 4676/4676 4663/4663 4674/4674
f 4674/4674 4663/4663 4662/4662
f 4674/4674 4662/4662 4672/4672
f 4672/4672 4662/4662 4661/4661
f 4672/4672 4661/4661 4670/4670
f 4670/4670 4661/4661 4660/4660
f 4379/4379 4381/4381 4657/4657
f 4657/4657 4381/4381 4825/4825
f 4657/4657 4825/4825 4655/4655
f 4655/4655 4825/4825 4826/4826
f 4655/4655 4826/4826 4653/4653
f 4653/4653 4826/4826 4827/4827
f 4653/4653 4827/4827 4651/4651
f 4651/4651 4827/4827 4828/4828
f 4651/4651 4828/4828 4649/4649
f 4649/4649 4828/4828 4829/4829
f 4649/4649 4829/4829 4647/4647
f 4647/4647 4829/4829 4830/4830
f 4647/4647 4830/4830 4645/4645
f 4645/4645 4830/4830 4831/4831
f 4645/4645 4831/4831 4643/4643
f 4643/4643 4831/4831 4832/4832
f 4643/4643 4832/4832 4641/4641
f 4641/4641 4832/4832 4833/4833
f 4641/4641 4833/4833 4639/4639
f 4639/4639 4833/4833 4637/4637
f 4381/4381 4383/4383 4825/4825
f 4825/4825 4383/4383 4636/4636
f 4825/4825 4636/4636 4826/4826
f 4826/4826 4636/4636 4635/4635
f 4826/4826 4635/4635 4827/4827
f 4827/4827 4635/4635 4634/4634
f 4827/4827 4634/4634 4828/4828
f 4828/4828 4634/4634 4633/4633
f 4828/4828 4633/4633 4829/4829
f 4829/4829 4633/4633 4632/4632
f 4829/4829 4632/4632 4830/4830
f 4830/4830 4632/4632 4631/4631
f 4830/4830 4631/4631 4831/4831
f 4831/4831 4631/4631 4630/4630
f 4831/4831 4630/4630 4832/4832
f 4832/4832 4630/4630 4629/4629
f 4832/4832 4629/4629 4833/4833
f 4833/4833 4629/4629 4628/4628
f 4833/4833 4628/4628 4637/4637
f 4637/4637 4628/4628 4627/4627
f 4387/4387 4389/4389 4624/4624
f 4624/4624 4389/4389 4834/4834
f 4624/4624 4834/4834 4622/4622
f 4622/4622 4834/4834 4835/4835
f 4622/4622 4835/4835 4620/4620
f 4620/4620 4835/4835 4836/4836
f 4620/4620 4836/4836 4618/4618
f 4618/4618 4836/4836 4837/4837
f 4618/4618 4837/4837 4616/4616
f 4616/4616 4837/4837 4838/4838
f 4616/4616 4838/4838 4614/4614
f 4614/4614 4838/4838 4839/4839
f 4614/4614 4839/4839 4612/4612
f 4612/4612 4839/4839 4840/4840
f 4612/4612 4840/4840 4610/4610
f 4610/4610 4840/4840 4841/4841
f 4610/4610 4841/4841 4608/4608
f 4608/4608 4841/4841 4842/4842
f 4608/4608 4842/4842 4606/4606
f 4606/4606 4842/4842 4604/4604
f 4389/4389 4391/4391 4834/4834
f 4834/4834 4391/4391 4843/4843
f 4834/4834 4843/4843 4835/4835
f 4835/4835 4843/4843 4844/4844
f 4835/4835 4844/4844 4836/4836
f 4836/4836 4844/4844 4845/4845
f 4836/4836 4845/4845 4837/4837
f 4837/4837 4845/4845 4846/4846
f 4837/4837 4846/4846 4838/4838
f 4838/4838 4846/4846 4847/4847
f 4838/4838 4847/4847 4839/4839
f 4839/4839 4847/4847 4848/4848
f 4839/4839 4848/4848 4840/4840
f 4840/4840 4848/4848 4849/4849
f 4840/4840 4849/4849 4841/4841
f 4841/4841 4849/4849 4850/4850
f 4841/4841 4850/4850 4842/4842
f 4842/4842 4850/4850 4851/4851
f 4842/4842 4851/4851 4604/4604
f 4604/4604 4851/4851 4593/4593
f 4391/4391 4393/4393 4843/4843
f 4843/4843 4393/4393 4852/4852
f 4843/4843 4852/4852 4844/4844
f 4844/4844 4852/4852 4853/4853
f 4844/4844 4853/4853 4845/4845
f 4845/4845 4853/4853 4854/4854
f 4845/4845 4854/4854 4846/4846
f 4846/4846 4854/4854 4855/4855
f 4846/4846 4855/4855 4847/4847
f 4847/4847 4855/4855 4856/4856
f 4847/4847 4856/4856 4848/4848
f 4848/4848 4856/4856 4857/4857
f 4848/4848 4857/4857 4849/4849
f 4849/4849 4857/4857 4858/4858
f 4849/4849 4858/4858 4850/4850
f 4850/4850 4858/4858 4859/4859
f 4850/4850 4859/4859 4851/4851
f 4851/4851 4859/4859 4860/4860
f 4851/4851 4860/4860 4593/4593
f 4593/4593 4860/4860 4594/4594
f 4393/4393 4395/4395 4852/4852
f 4852/4852 4395/4395 4861/4861
f 4852/4852 4861/4861 4853/4853
f 4853/4853 4861/4861 4862/4862
f 4853/4853 4862/4862 4854/4854
f 4854/4854 4862/4862 4863/4863
f 4854/4854 4863/4863 4855/4855
f 4855/4855 4863/4863 4864/4864
f 4855/4855 4864/4864 4856/4856
f 4856/4856 4864/4864 4865/4865
f 4856/4856 4865/4865 4857/4857
f 4857/4857 4865/4865 4866/4866
f 4857/4857 4866/4866 4858/4858
f 4858/4858 4866/4866 4867/4867
f 4858/4858 4867/4867 4859/4859
f 4859/4859 4867/4867 4868/4868
f 4859/4859 4868/4868 4860/4860
f 4860/4860 4868/4868 4595/4595
f 4860/4860 4595/4595 4594/4594
f 4395/4395 4397/4397 4861/4861
f 4861/4861 4397/4397 4869/4869
f 4861/4861 4869/4869 4862/4862
f 4862/4862 4869/4869 4870/4870
f 4862/4862 4870/4870 4863/4863
f 4863/4863 4870/4870 4871/4871
f 4863/4863 4871/4871 4864/4864
f 4864/4864 4871/4871 4872/4872
f 4864/4864 4872/4872 4865/4865
f 4865/4865 4872/4872 4873/4873
f 4865/4865 4873/4873 4866/4866
f 4866/4866 4873/4873 4874/4874
f 4866/4866 4874/4874 4867/4867
f 4867/4867 4874/4874 4875/4875
f 4867/4867 4875/4875 4868/4868
f 4868/4868 4875/4875 4596/4596
f 4868/4868 4596/4596 4595/4595
f 4397/4397 4399/4399 4869/4869
f 4869/4869 4399/4399 4876/4876
f 4869/4869 4876/4876 4870/4870
f 4870/4870 4876/4876 4877/4877
f 4870/4870 4877/4877 4871/4871
f 4871/4871 4877/4877 4878/4878
f 4871/4871 4878/4878 4872/4872
f 4872/4872 4878/4878 4879/4879
f 4872/4872 4879/4879 4873/4873
f 4873/4873 4879/4879 4880/4880
f 4873/4873 4880/4880 4874/4874
f 4874/4874 4880/4880 4881/4881
f 4874/4874 4881/4881 4875/4875
f 4875/4875 4881/4881 4597/4597
f 4875/4875 4597/4597 4596/4596
f 4399/4399 4401/4401 4876/4876
f 4876/4876 4401/4401 4882/4882
f 4876/4876 4882/4882 4877/4877
f 4877/4877 4882/4882 4883/4883
f 4877/4877 4883/4883 4878/4878
f 4878/4878 4883/4883 4884/4884
f 4878/4878 4884/4884 4879/4879
f 4879/4879 4884/4884 4885/4885
f 4879/4879 4885/4885 4880/4880
f 4880/4880 4885/4885 4886/4886
f 4880/4880 4886/4886 4881/4881
f 4881/4881 4886/4886 4598/4598
f 4881/4881 4598/4598 4597/4597
f 4401/4401 4403/4403 4882/4882
f 4882/4882 4403/4403 4887/4887
f 4882/4882 4887/4887 4883/4883
f 4883/4883 4887/4887 4888/4888
f 4883/4883 4888/4888 4884/4884
f 4884/4884 4888/4888 4889/4889
f 4884/4884 4889/4889 4885/4885
f 4885/4885 4889/4889 4890/4890
f 4885/4885 4890/4890 4886/4886
f 4886/4886 4890/4890 4599/4599
f 4886/4886 4599/4599 4598/4598
f 4403/4403 4405/4405 4887/4887
f 4887/4887 4405/4405 4891/4891
f 4887/4887 4891/4891 4888/4888
f 4888/4888 4891/4891 4892/4892
f 4888/4888 4892/4892 4889/4889
f 4889/4889 4892/4892 4893/4893
f 4889/4889 4893/4893 4890/4890
f 4890/4890 4893/4893 4600/4600
f 4890/4890 4600/4600 4599/4599
f 4405/4405 4407/4407 4891/4891
f 4891/4891 4407/4407 4894/4894
f 4891/4891 4894/4894 4892/4892
f 4892/4892 4894/4894 4895/4895
f 4892/4892 4895/4895 4893/4893
f 4893/4893 4895/4895 4601/4601
f 4893/4893 4601/4601 4600/4600
f 4407/4407 4409/4409 4894/4894
f 4894/4894 4409/4409 4896/4896
f 4894/4894 4896/4896 4895/4895
f 4895/4895 4896/4896 4602/4602
f 4895/4895 4602/4602 4601/4601
f 4409/4409 4411/4411 4896/4896
f 4896/4896 4411/4411 4603/4603
f 4896/4896 4603/4603 4602/4602
f 4411/4411 4413/4413 4603/4603
f 4417/4417 4419/4419 4415/4415
f 4733/4733 4720/4720 4897/4897
f 4897/4897 4720/4720 4718/4718
f 4897/4897 4718/4718 4728/4728
f 4728/4728 4718/4718 4716/4716
f 4725/4725 4731/4731 4732/4732
f 4732/4732 4733/4733 4726/4726
f 4726/4726 4733/4733 4897/4897
f 4726/4726 4897/4897 4727/4727
f 4727/4727 4897/4897 4728/4728
f 4726/4726 4725/4725 4732/4732
f 4714/4714 4724/4724 4729/4729
f 4729/4729 4724/4724 4723/4723
f 4424/4424 4898/4898 4899/4899
f 4899/4899 4898/4898 4579/4579
f 4899/4899 4579/4579 4583/4583
f 4583/4583 4579/4579 4581/4581
f 4575/4575 4577/4577 4898/4898
f 4898/4898 4577/4577 4579/4579
f 4575/4575 4898/4898 4422/4422
f 4422/4422 4898/4898 4424/4424
f 4424/4424 4899/4899 4426/4426
f 4426/4426 4899/4899 4900/4900
f 4426/4426 4900/4900 4428/4428
f 4428/4428 4900/4900 4587/4587
f 4428/4428 4587/4587 4430/4430
f 4900/4900 4899/4899 4583/4583
f 4587/4587 4900/4900 4585/4585
f 4585/4585 4900/4900 4583/4583
f 4420/4420 4575/4575 4422/4422
f 4901/4901 4902/4902 4903/4903
f 4903/4903 4902/4902 4904/4904
f 4903/4903 4904/4904 4905/4905
f 4905/4905 4904/4904 4906/4906
f 4905/4905 4906/4906 4907/4907
f 4907/4907 4906/4906 4908/4908
f 4907/4907 4908/4908 4909/4909
f 4909/4909 4908/4908 4910/4910
f 4909/4909 4910/4910 4911/4911
f 4911/4911 4910/4910 4912/4912
f 4911/4911 4912/4912 4913/4913
f 4913/4913 4912/4912 4914/4914
f 4913/4913 4914/4914 4915/4915
f 4915/4915 4914/4914 4916/4916
f 4915/4915 4916/4916 4917/4917
f 4917/4917 4916/4916 4918/4918
f 4917/4917 4918/4918 4919/4919
f 4919/4919 4918/4918 4920/4920
f 4919/4919 4920/4920 4921/4921
f 4921/4921 4920/4920 4922/4922
f 4921/4921 4922/4922 4923/4923
f 4923/4923 4922/4922 4924/4924
f 4923/4923 4924/4924 4925/4925
f 4925/4925 4924/4924 4926/4926
f 4925/4925 4926/4926 4927/4927
f 4927/4927 4926/4926 4928/4928
f 4927/4927 4928/4928 4929/4929
f 4929/4929 4928/4928 4930/4930
f 4929/4929 4930/4930 4931/4931
f 4931/4931 4930/4930 4932/4932
f 4931/4931 4932/4932 4933/4933
f 4933/4933 4932/4932 4934/4934
f 4933/4933 4934/4934 4935/4935
f 4935/4935 4934/4934 4936/4936
f 4935/4935 4936/4936 4937/4937
f 4937/4937 4936/4936 4938/4938
f 4937/4937 4938/4938 4939/4939
f 4939/4939 4938/4938 4940/4940
f 4939/4939 4940/4940 4941/4941
f 4941/4941 4940/4940 4942/4942
f 4941/4941 4942/4942 4943/4943
f 4943/4943 4942/4942 4944/4944
f 4943/4943 4944/4944 4945/4945
f 4945/4945 4944/4944 4946/4946
f 4945/4945 4946/4946 4947/4947
f 4947/4947 4946/4946 4948/4948
f 4947/4947 4948/4948 4949/4949
f 4949/4949 4948/4948 4950/4950
f 4949/4949 4950/4950 4951/4951
f 4951/4951 4950/4950 4952/4952
f 4951/4951 4952/4952 4953/4953
f 4953/4953 4952/4952 4954/4954
f 4953/4953 4954/4954 4955/4955
f 4955/4955 4954/4954 4956/4956
f 4955/4955 4956/4956 4957/4957
f 4957/4957 4956/4956 4958/4958
f 4957/4957 4958/4958 4959/4959
f 4959/4959 4958/4958 4960/4960
f 4959/4959 4960/4960 4961/4961
f 4961/4961 4960/4960 4962/4962
f 4961/4961 4962/4962 4963/4963
f 4963/4963 4962/4962 4964/4964
f 4963/4963 4964/4964 4965/4965
f 4965/4965 4964/4964 4966/4966
f 4965/4965 4966/4966 4967/4967
f 4967/4967 4966/4966 4968/4968
f 4967/4967 4968/4968 4969/4969
f 4969/4969 4968/4968 4970/4970
f 4969/4969 4970/4970 4971/4971
f 4971/4971 4970/4970 4972/4972
f 4971/4971 4972/4972 4973/4973
f 4902/4902 4974/4974 4904/4904
f 4904/4904 4974/4974 4906/4906
f 4974/4974 4975/4975 4906/4906
f 4906/4906 4975/4975 4908/4908
f 4975/4975 4976/4976 4908/4908
f 4908/4908 4976/4976 4910/4910
f 4976/4976 4977/4977 4910/4910
f 4910/4910 4977/4977 4912/4912
f 4977/4977 4978/4978 4912/4912
f 4912/4912 4978/4978 4914/4914
f 4978/4978 4979/4979 4914/4914
f 4914/4914 4979/4979 4916/4916
f 4979/4979 4980/4980 4916/4916
f 4916/4916 4980/4980 4981/4981
f 4916/4916 4981/4981 4918/4918
f 4918/4918 4981/4981 4982/4982
f 4918/4918 4982/4982 4920/4920
f 4920/4920 4982/4982 4983/4983
f 4920/4920 4983/4983 4922/4922
f 4922/4922 4983/4983 4984/4984
f 4922/4922 4984/4984 4924/4924
f 4924/4924 4984/4984 4985/4985
f 4924/4924 4985/4985 4926/4926
f 4926/4926 4985/4985 4986/4986
f 4926/4926 4986/4986 4928/4928
f 4928/4928 4986/4986 4987/4987
f 4928/4928 4987/4987 4930/4930
f 4930/4930 4987/4987 4988/4988
f 4930/4930 4988/4988 4932/4932
f 4932/4932 4988/4988 4989/4989
f 4932/4932 4989/4989 4934/4934
f 4934/4934 4989/4989 4990/4990
f 4934/4934 4990/4990 4991/4991
f 4934/4934 4991/4991 4936/4936
f 4936/4936 4991/4991 4992/4992
f 4936/4936 4992/4992 4938/4938
f 4938/4938 4992/4992 4993/4993
f 4938/4938 4993/4993 4940/4940
f 4940/4940 4993/4993 4994/4994
f 4940/4940 4994/4994 4942/4942
f 4942/4942 4994/4994 4944/4944
f 4994/4994 4995/4995 4944/4944
f 4944/4944 4995/4995 4996/4996
f 4944/4944 4996/4996 4946/4946
f 4946/4946 4996/4996 4997/4997
f 4946/4946 4997/4997 4948/4948
f 4948/4948 4997/4997 4998/4998
f 4948/4948 4998/4998 4950/4950
f 4950/4950 4998/4998 4999/4999
f 4950/4950 4999/4999 4952/4952
f 4952/4952 4999/4999 5000/5000
f 4952/4952 5000/5000 5001/5001
f 4952/4952 5001/5001 4954/4954
f 4954/4954 5001/5001 5002/5002
f 4954/4954 5002/5002 4956/4956
f 4956/4956 5002/5002 5003/5003
f 4956/4956 5003/5003 5004/5004
f 4956/4956 5004/5004 4958/4958
f 4958/4958 5004/5004 5005/5005
f 4958/4958 5005/5005 4960/4960
f 4960/4960 5005/5005 5006/5006
f 4960/4960 5006/5006 4962/4962
f 4962/4962 5006/5006 5007/5007
f 4962/4962 5007/5007 5008/5008
f 4962/4962 5008/5008 4964/4964
f 4964/4964 5008/5008 5009/5009
f 4964/4964 5009/5009 4966/4966
f 4966/4966 5009/5009 4968/4968
f 5009/5009 5010/5010 4968/4968
f 4968/4968 5010/5010 4970/4970
f 5010/5010 5011/5011 4970/4970
f 4970/4970 5011/5011 4972/4972
f 5012/5012 5013/5013 4973/4973
f 4973/4973 5013/5013 5014/5014
f 4973/4973 5014/5014 4971/4971
f 4971/4971 5014/5014 4969/4969
f 5015/5015 5016/5016 5012/5012
f 5012/5012 5016/5016 5017/5017
f 5012/5012 5017/5017 5018/5018
f 5018/5018 5017/5017 5019/5019
f 5018/5018 5019/5019 5020/5020
f 5020/5020 5019/5019 5021/5021
f 5020/5020 5021/5021 5022/5022
f 5022/5022 5021/5021 5023/5023
f 5022/5022 5023/5023 5024/5024
f 5024/5024 5023/5023 5025/5025
f 5024/5024 5025/5025 5026/5026
f 5026/5026 5025/5025 5027/5027
f 5026/5026 5027/5027 5028/5028
f 5028/5028 5027/5027 5029/5029
f 5028/5028 5029/5029 5030/5030
f 5030/5030 5029/5029 5031/5031
f 5030/5030 5031/5031 5032/5032
f 5032/5032 5031/5031 5033/5033
f 5032/5032 5033/5033 5034/5034
f 5034/5034 5033/5033 5035/5035
f 5034/5034 5035/5035 5036/5036
f 5036/5036 5035/5035 5037/5037
f 5036/5036 5037/5037 5038/5038
f 5038/5038 5037/5037 5039/5039
f 5038/5038 5039/5039 5040/5040
f 5040/5040 5039/5039 5041/5041
f 5040/5040 5041/5041 5042/5042
f 5042/5042 5041/5041 5043/5043
f 5042/5042 5043/5043 5044/5044
f 5044/5044 5043/5043 5045/5045
f 5044/5044 5045/5045 5046/5046
f 5046/5046 5045/5045 5047/5047
f 5046/5046 5047/5047 5048/5048
f 5048/5048 5047/5047 5049/5049
f 5048/5048 5049/5049 5050/5050
f 5050/5050 5049/5049 5051/5051
f 5050/5050 5051/5051 5052/5052
f 5052/5052 5051/5051 5053/5053
f 5052/5052 5053/5053 5054/5054
f 5054/5054 5053/5053 5055/5055
f 5054/5054 5055/5055 5056/5056
f 5056/5056 5055/5055 5057/5057
f 5056/5056 5057/5057 5058/5058
f 5058/5058 5057/5057 5059/5059
f 5058/5058 5059/5059 5060/5060
f 5060/5060 5059/5059 5061/5061
f 5060/5060 5061/5061 5062/5062
f 5062/5062 5061/5061 5063/5063
f 5062/5062 5063/5063 5064/5064
f 5064/5064 5063/5063 5065/5065
f 5064/5064 5065/5065 5066/5066
f 5066/5066 5065/5065 5067/5067
f 5066/5066 5067/5067 5068/5068
f 5068/5068 5067/5067 5069/5069
f 5068/5068 5069/5069 5070/5070
f 5070/5070 5069/5069 5071/5071
f 5070/5070 5071/5071 5072/5072
f 5072/5072 5071/5071 5073/5073
f 5072/5072 5073/5073 5074/5074
f 5074/5074 5073/5073 5075/5075
f 5074/5074 5075/5075 5076/5076
f 5076/5076 5075/5075 5077/5077
f 5076/5076 5077/5077 5078/5078
f 5078/5078 5077/5077 5079/5079
f 5078/5078 5079/5079 5080/5080
f 5080/5080 5079/5079 5081/5081
f 5080/5080 5081/5081 5082/5082
f 5016/5016 5015/5015 5083/5083
f 5083/5083 5015/5015 5084/5084
f 5083/5083 5084/5084 5085/5085
f 5085/5085 5084/5084 5086/5086
f 5085/5085 5086/5086 5087/5087
f 5087/5087 5086/5086 5088/5088
f 5087/5087 5088/5088 5089/5089
f 5089/5089 5088/5088 5090/5090
f 5089/5089 5090/5090 5091/5091
f 5091/5091 5090/5090 5092/5092
f 5091/5091 5092/5092 5093/5093
f 5093/5093 5092/5092 5094/5094
f 5093/5093 5094/5094 5095/5095
f 5095/5095 5094/5094 5096/5096
f 5095/5095 5096/5096 5097/5097
f 5097/5097 5096/5096 5098/5098
f 5097/5097 5098/5098 5099/5099
f 5099/5099 5098/5098 5100/5100
f 5099/5099 5100/5100 5101/5101
f 5101/5101 5100/5100 5102/5102
f 5101/5101 5102/5102 5103/5103
f 5103/5103 5102/5102 5104/5104
f 5103/5103 5104/5104 5105/5105
f 5105/5105 5104/5104 5106/5106
f 5105/5105 5106/5106 5107/5107
f 5086/5086 5084/5084 5088/5088
f 5088/5088 5084/5084 5108/5108
f 5088/5088 5108/5108 5109/5109
f 5109/5109 5108/5108 5110/5110
f 5109/5109 5110/5110 5111/5111
f 5111/5111 5110/5110 5112/5112
f 5111/5111 5112/5112 5113/5113
f 5113/5113 5112/5112 5114/5114
f 5113/5113 5114/5114 5115/5115
f 5115/5115 5114/5114 5116/5116
f 5115/5115 5116/5116 5117/5117
f 5117/5117 5116/5116 5118/5118
f 5117/5117 5118/5118 5119/5119
f 5119/5119 5118/5118 5120/5120
f 5119/5119 5120/5120 5098/5098
f 5098/5098 5120/5120 5121/5121
f 5098/5098 5121/5121 5100/5100
f 5100/5100 5121/5121 5122/5122
f 5100/5100 5122/5122 5123/5123
f 5123/5123 5122/5122 5124/5124
f 5123/5123 5124/5124 5102/5102
f 5102/5102 5124/5124 5125/5125
f 5102/5102 5125/5125 5104/5104
f 5104/5104 5125/5125 5106/5106
f 5108/5108 5126/5126 5110/5110
f 5110/5110 5126/5126 5112/5112
f 5112/5112 5126/5126 5114/5114
f 5114/5114 5126/5126 5116/5116
f 5120/5120 5122/5122 5121/5121
f 5124/5124 5106/5106 5125/5125
f 5127/5127 5128/5128 5107/5107
f 5107/5107 5128/5128 5129/5129
f 5107/5107 5129/5129 5105/5105
f 5105/5105 5129/5129 5130/5130
f 5105/5105 5130/5130 5103/5103
f 5103/5103 5130/5130 5131/5131
f 5103/5103 5131/5131 5101/5101
f 5101/5101 5131/5131 5132/5132
f 5101/5101 5132/5132 5099/5099
f 5099/5099 5132/5132 5133/5133
f 5099/5099 5133/5133 5097/5097
f 5097/5097 5133/5133 5134/5134
f 5097/5097 5134/5134 5095/5095
f 5095/5095 5134/5134 5135/5135
f 5095/5095 5135/5135 5093/5093
f 5093/5093 5135/5135 5136/5136
f 5093/5093 5136/5136 5091/5091
f 5091/5091 5136/5136 5137/5137
f 5091/5091 5137/5137 5089/5089
f 5089/5089 5137/5137 5138/5138
f 5089/5089 5138/5138 5087/5087
f 5087/5087 5138/5138 5139/5139
f 5087/5087 5139/5139 5085/5085
f 5085/5085 5139/5139 5140/5140
f 5085/5085 5140/5140 5083/5083
f 5083/5083 5140/5140 5016/5016
f 5141/5141 5142/5142 5127/5127
f 5127/5127 5142/5142 5143/5143
f 5127/5127 5143/5143 5128/5128
f 5128/5128 5143/5143 5144/5144
f 5128/5128 5144/5144 5145/5145
f 5145/5145 5144/5144 5146/5146
f 5145/5145 5146/5146 5147/5147
f 5147/5147 5146/5146 5148/5148
f 5147/5147 5148/5148 5149/5149
f 5149/5149 5148/5148 5150/5150
f 5149/5149 5150/5150 5151/5151
f 5151/5151 5150/5150 5152/5152
f 5151/5151 5152/5152 5153/5153
f 5153/5153 5152/5152 5154/5154
f 5153/5153 5154/5154 5155/5155
f 5155/5155 5154/5154 5156/5156
f 5155/5155 5156/5156 5157/5157
f 5157/5157 5156/5156 5158/5158
f 5157/5157 5158/5158 5159/5159
f 5159/5159 5158/5158 5160/5160
f 5159/5159 5160/5160 5161/5161
f 5161/5161 5160/5160 5162/5162
f 5161/5161 5162/5162 5163/5163
f 5163/5163 5162/5162 5164/5164
f 5163/5163 5164/5164 5165/5165
f 5165/5165 5164/5164 5166/5166
f 5165/5165 5166/5166 5167/5167
f 5167/5167 5166/5166 5019/5019
f 5167/5167 5019/5019 5017/5017
f 5168/5168 5169/5169 5141/5141
f 5141/5141 5169/5169 5170/5170
f 5141/5141 5170/5170 5142/5142
f 5142/5142 5170/5170 5171/5171
f 5142/5142 5171/5171 5172/5172
f 5172/5172 5171/5171 5173/5173
f 5172/5172 5173/5173 5174/5174
f 5174/5174 5173/5173 5175/5175
f 5174/5174 5175/5175 5176/5176
f 5176/5176 5175/5175 5177/5177
f 5176/5176 5177/5177 5178/5178
f 5178/5178 5177/5177 5179/5179
f 5178/5178 5179/5179 5180/5180
f 5180/5180 5179/5179 5181/5181
f 5180/5180 5181/5181 5182/5182
f 5182/5182 5181/5181 5183/5183
f 5182/5182 5183/5183 5184/5184
f 5184/5184 5183/5183 5185/5185
f 5184/5184 5185/5185 5186/5186
f 5186/5186 5185/5185 5187/5187
f 5186/5186 5187/5187 5188/5188
f 5188/5188 5187/5187 5189/5189
f 5188/5188 5189/5189 5190/5190
f 5190/5190 5189/5189 5191/5191
f 5190/5190 5191/5191 5192/5192
f 5192/5192 5191/5191 5193/5193
f 5192/5192 5193/5193 5194/5194
f 5194/5194 5193/5193 5023/5023
f 5194/5194 5023/5023 5021/5021
f 5195/5195 5196/5196 5168/5168
f 5168/5168 5196/5196 5197/5197
f 5168/5168 5197/5197 5169/5169
f 5169/5169 5197/5197 5198/5198
f 5169/5169 5198/5198 5199/5199
f 5199/5199 5198/5198 5200/5200
f 5199/5199 5200/5200 5201/5201
f 5201/5201 5200/5200 5202/5202
f 5201/5201 5202/5202 5203/5203
f 5203/5203 5202/5202 5204/5204
f 5203/5203 5204/5204 5205/5205
f 5205/5205 5204/5204 5206/5206
f 5205/5205 5206/5206 5207/5207
f 5207/5207 5206/5206 5208/5208
f 5207/5207 5208/5208 5209/5209
f 5209/5209 5208/5208 5210/5210
f 5209/5209 5210/5210 5211/5211
f 5211/5211 5210/5210 5212/5212
f 5211/5211 5212/5212 5213/5213
f 5213/5213 5212/5212 5214/5214
f 5213/5213 5214/5214 5215/5215
f 5215/5215 5214/5214 5216/5216
f 5215/5215 5216/5216 5217/5217
f 5217/5217 5216/5216 5218/5218
f 5217/5217 5218/5218 5219/5219
f 5219/5219 5218/5218 5220/5220
f 5219/5219 5220/5220 5221/5221
f 5221/5221 5220/5220 5027/5027
f 5221/5221 5027/5027 5025/5025
f 5196/5196 5195/5195 5222/5222
f 5222/5222 5195/5195 5223/5223
f 5222/5222 5223/5223 5224/5224
f 5224/5224 5223/5223 5225/5225
f 5224/5224 5225/5225 5226/5226
f 5226/5226 5225/5225 5227/5227
f 5226/5226 5227/5227 5228/5228
f 5228/5228 5227/5227 5229/5229
f 5228/5228 5229/5229 5230/5230
f 5230/5230 5229/5229 5231/5231
f 5230/5230 5231/5231 5232/5232
f 5232/5232 5231/5231 5233/5233
f 5232/5232 5233/5233 5234/5234
f 5234/5234 5233/5233 5235/5235
f 5234/5234 5235/5235 5236/5236
f 5236/5236 5235/5235 5237/5237
f 5236/5236 5237/5237 5238/5238
f 5238/5238 5237/5237 5239/5239
f 5238/5238 5239/5239 5240/5240
f 5240/5240 5239/5239 5241/5241
f 5240/5240 5241/5241 5242/5242
f 5242/5242 5241/5241 5243/5243
f 5242/5242 5243/5243 5244/5244
f 5244/5244 5243/5243 5245/5245
f 5244/5244 5245/5245 5246/5246
f 5246/5246 5245/5245 5247/5247
f 5246/5246 5247/5247 5248/5248
f 5248/5248 5247/5247 5249/5249
f 5248/5248 5249/5249 5061/5061
f 5061/5061 5249/5249 5063/5063
f 5225/5225 5250/5250 5227/5227
f 5227/5227 5250/5250 5251/5251
f 5227/5227 5251/5251 5229/5229
f 5229/5229 5251/5251 5231/5231
f 5250/5250 5252/5252 5251/5251
f 5251/5251 5252/5252 5253/5253
f 5251/5251 5253/5253 5254/5254
f 5254/5254 5253/5253 5255/5255
f 5254/5254 5255/5255 5233/5233
f 5233/5233 5255/5255 5235/5235
f 5256/5256 5257/5257 5252/5252
f 5252/5252 5257/5257 5258/5258
f 5252/5252 5258/5258 5253/5253
f 5253/5253 5258/5258 5259/5259
f 5253/5253 5259/5259 5255/5255
f 5255/5255 5259/5259 5260/5260
f 5255/5255 5260/5260 5235/5235
f 5235/5235 5260/5260 5237/5237
f 5257/5257 5256/5256 5261/5261
f 5261/5261 5256/5256 5262/5262
f 5261/5261 5262/5262 5263/5263
f 5263/5263 5262/5262 5264/5264
f 5263/5263 5264/5264 5265/5265
f 5265/5265 5264/5264 5266/5266
f 5265/5265 5266/5266 5267/5267
f 5267/5267 5266/5266 5268/5268
f 5267/5267 5268/5268 5269/5269
f 5269/5269 5268/5268 5270/5270
f 5269/5269 5270/5270 5271/5271
f 5271/5271 5270/5270 5272/5272
f 5271/5271 5272/5272 5273/5273
f 5273/5273 5272/5272 5274/5274
f 5273/5273 5274/5274 5275/5275
f 5275/5275 5274/5274 5276/5276
f 5275/5275 5276/5276 5277/5277
f 5277/5277 5276/5276 5278/5278
f 5277/5277 5278/5278 5073/5073
f 5073/5073 5278/5278 5075/5075
f 5262/5262 5279/5279 5264/5264
f 5264/5264 5279/5279 5266/5266
f 5279/5279 5280/5280 5266/5266
f 5266/5266 5280/5280 5268/5268
f 5281/5281 5282/5282 5280/5280
f 5280/5280 5282/5282 5272/5272
f 5280/5280 5272/5272 5270/5270
f 5283/5283 5284/5284 5281/5281
f 5281/5281 5284/5284 5285/5285
f 5281/5281 5285/5285 5282/5282
f 5282/5282 5285/5285 5274/5274
f 5282/5282 5274/5274 5272/5272
f 5081/5081 5079/5079 5283/5283
f 5283/5283 5079/5079 5077/5077
f 5283/5283 5077/5077 5286/5286
f 5286/5286 5077/5077 5075/5075
f 5286/5286 5075/5075 5278/5278
f 4903/4903 4905/4905 5082/5082
f 5082/5082 4905/4905 5287/5287
f 5082/5082 5287/5287 5080/5080
f 5080/5080 5287/5287 5288/5288
f 5080/5080 5288/5288 5078/5078
f 5078/5078 5288/5288 5289/5289
f 5078/5078 5289/5289 5076/5076
f 5076/5076 5289/5289 5290/5290
f 5076/5076 5290/5290 5074/5074
f 5074/5074 5290/5290 5291/5291
f 5074/5074 5291/5291 5072/5072
f 5072/5072 5291/5291 5292/5292
f 5072/5072 5292/5292 5070/5070
f 5070/5070 5292/5292 5293/5293
f 5070/5070 5293/5293 5068/5068
f 5068/5068 5293/5293 5294/5294
f 5068/5068 5294/5294 5066/5066
f 5066/5066 5294/5294 5295/5295
f 5066/5066 5295/5295 5064/5064
f 5064/5064 5295/5295 5296/5296
f 5064/5064 5296/5296 5062/5062
f 5062/5062 5296/5296 5297/5297
f 5062/5062 5297/5297 5060/5060
f 5060/5060 5297/5297 5298/5298
f 5060/5060 5298/5298 5058/5058
f 5058/5058 5298/5298 5299/5299
f 5058/5058 5299/5299 5056/5056
f 5056/5056 5299/5299 5300/5300
f 5056/5056 5300/5300 5054/5054
f 5054/5054 5300/5300 5301/5301
f 5054/5054 5301/5301 5052/5052
f 5052/5052 5301/5301 5302/5302
f 5052/5052 5302/5302 5050/5050
f 5050/5050 5302/5302 5303/5303
f 5050/5050 5303/5303 5048/5048
f 5048/5048 5303/5303 5304/5304
f 5048/5048 5304/5304 5046/5046
f 5046/5046 5304/5304 5305/5305
f 5046/5046 5305/5305 5044/5044
f 5044/5044 5305/5305 5306/5306
f 5044/5044 5306/5306 5042/5042
f 5042/5042 5306/5306 5307/5307
f 5042/5042 5307/5307 5040/5040
f 5040/5040 5307/5307 5308/5308
f 5040/5040 5308/5308 5038/5038
f 5038/5038 5308/5308 5309/5309
f 5038/5038 5309/5309 5036/5036
f 5036/5036 5309/5309 5310/5310
f 5036/5036 5310/5310 5034/5034
f 5034/5034 5310/5310 5311/5311
f 5034/5034 5311/5311 5032/5032
f 5032/5032 5311/5311 5312/5312
f 5032/5032 5312/5312 5030/5030
f 5030/5030 5312/5312 5313/5313
f 5030/5030 5313/5313 5028/5028
f 5028/5028 5313/5313 5314/5314
f 5028/5028 5314/5314 5026/5026
f 5026/5026 5314/5314 5315/5315
f 5026/5026 5315/5315 5024/5024
f 5024/5024 5315/5315 5316/5316
f 5024/5024 5316/5316 5022/5022
f 5022/5022 5316/5316 5317/5317
f 5022/5022 5317/5317 5020/5020
f 5020/5020 5317/5317 5318/5318
f 5020/5020 5318/5318 5018/5018
f 5018/5018 5318/5318 5014/5014
f 5018/5018 5014/5014 5013/5013
f 5283/5283 5286/5286 5284/5284
f 5284/5284 5286/5286 5278/5278
f 5284/5284 5278/5278 5276/5276
f 5268/5268 5280/5280 5270/5270
f 5090/5090 5088/5088 5109/5109
f 5014/5014 5318/5318 4969/4969
f 4969/4969 5318/5318 4967/4967
f 5318/5318 5317/5317 4967/4967
f 4967/4967 5317/5317 4965/4965
f 5317/5317 5316/5316 4965/4965
f 4965/4965 5316/5316 4963/4963
f 5316/5316 5315/5315 4963/4963
f 4963/4963 5315/5315 4961/4961
f 5315/5315 5314/5314 4961/4961
f 4961/4961 5314/5314 4959/4959
f 5314/5314 5313/5313 4959/4959
f 4959/4959 5313/5313 4957/4957
f 5313/5313 5312/5312 4957/4957
f 4957/4957 5312/5312 4955/4955
f 5312/5312 5311/5311 4955/4955
f 4955/4955 5311/5311 4953/4953
f 5311/5311 5310/5310 4953/4953
f 4953/4953 5310/5310 4951/4951
f 5310/5310 5309/5309 4951/4951
f 4951/4951 5309/5309 4949/4949
f 5309/5309 5308/5308 4949/4949
f 4949/4949 5308/5308 4947/4947
f 5308/5308 5307/5307 4947/4947
f 4947/4947 5307/5307 4945/4945
f 5307/5307 5306/5306 4945/4945
f 4945/4945 5306/5306 4943/4943
f 5306/5306 5305/5305 4943/4943
f 4943/4943 5305/5305 4941/4941
f 5305/5305 5304/5304 4941/4941
f 4941/4941 5304/5304 4939/4939
f 5304/5304 5303/5303 4939/4939
f 4939/4939 5303/5303 4937/4937
f 5303/5303 5302/5302 4937/4937
f 4937/4937 5302/5302 4935/4935
f 5302/5302 5301/5301 4935/4935
f 4935/4935 5301/5301 4933/4933
f 5301/5301 5300/5300 4933/4933
f 4933/4933 5300/5300 4931/4931
f 5300/5300 5299/5299 4931/4931
f 4931/4931 5299/5299 4929/4929
f 5299/5299 5298/5298 4929/4929
f 4929/4929 5298/5298 4927/4927
f 5298/5298 5297/5297 4927/4927
f 4927/4927 5297/5297 4925/4925
f 5297/5297 5296/5296 4925/4925
f 4925/4925 5296/5296 4923/4923
f 5296/5296 5295/5295 4923/4923
f 4923/4923 5295/5295 4921/4921
f 5295/5295 5294/5294 4921/4921
f 4921/4921 5294/5294 4919/4919
f 5294/5294 5293/5293 4919/4919
f 4919/4919 5293/5293 4917/4917
f 5293/5293 5292/5292 4917/4917
f 4917/4917 5292/5292 4915/4915
f 5292/5292 5291/5291 4915/4915
f 4915/4915 5291/5291 4913/4913
f 5291/5291 5290/5290 4913/4913
f 4913/4913 5290/5290 4911/4911
f 5290/5290 5289/5289 4911/4911
f 4911/4911 5289/5289 4909/4909
f 5287/5287 4905/4905 4907/4907
f 5289/5289 5288/5288 4909/4909
f 4909/4909 5288/5288 4907/4907
f 5288/5288 5287/5287 4907/4907
f 5012/5012 5018/5018 5013/5013
f 5194/5194 5021/5021 5166/5166
f 5166/5166 5021/5021 5019/5019
f 5221/5221 5025/5025 5193/5193
f 5193/5193 5025/5025 5023/5023
f 5027/5027 5220/5220 5029/5029
f 5029/5029 5220/5220 5319/5319
f 5029/5029 5319/5319 5031/5031
f 5031/5031 5319/5319 5320/5320
f 5031/5031 5320/5320 5033/5033
f 5033/5033 5320/5320 5321/5321
f 5033/5033 5321/5321 5035/5035
f 5035/5035 5321/5321 5322/5322
f 5035/5035 5322/5322 5037/5037
f 5037/5037 5322/5322 5323/5323
f 5037/5037 5323/5323 5039/5039
f 5039/5039 5323/5323 5324/5324
f 5039/5039 5324/5324 5041/5041
f 5041/5041 5324/5324 5325/5325
f 5041/5041 5325/5325 5043/5043
f 5043/5043 5325/5325 5326/5326
f 5043/5043 5326/5326 5045/5045
f 5045/5045 5326/5326 5327/5327
f 5045/5045 5327/5327 5047/5047
f 5047/5047 5327/5327 5328/5328
f 5047/5047 5328/5328 5049/5049
f 5049/5049 5328/5328 5329/5329
f 5049/5049 5329/5329 5051/5051
f 5051/5051 5329/5329 5330/5330
f 5051/5051 5330/5330 5053/5053
f 5053/5053 5330/5330 5331/5331
f 5053/5053 5331/5331 5055/5055
f 5055/5055 5331/5331 5332/5332
f 5055/5055 5332/5332 5057/5057
f 5057/5057 5332/5332 5333/5333
f 5057/5057 5333/5333 5059/5059
f 5059/5059 5333/5333 5248/5248
f 5059/5059 5248/5248 5061/5061
f 5065/5065 5063/5063 5334/5334
f 5334/5334 5063/5063 5249/5249
f 5334/5334 5249/5249 5335/5335
f 5335/5335 5249/5249 5247/5247
f 5335/5335 5247/5247 5336/5336
f 5336/5336 5247/5247 5245/5245
f 5336/5336 5245/5245 5337/5337
f 5337/5337 5245/5245 5243/5243
f 5337/5337 5243/5243 5338/5338
f 5338/5338 5243/5243 5241/5241
f 5338/5338 5241/5241 5339/5339
f 5339/5339 5241/5241 5239/5239
f 5339/5339 5239/5239 5340/5340
f 5340/5340 5239/5239 5237/5237
f 5340/5340 5237/5237 5260/5260
f 5067/5067 5065/5065 5341/5341
f 5341/5341 5065/5065 5334/5334
f 5341/5341 5334/5334 5342/5342
f 5342/5342 5334/5334 5335/5335
f 5342/5342 5335/5335 5343/5343
f 5343/5343 5335/5335 5336/5336
f 5343/5343 5336/5336 5344/5344
f 5344/5344 5336/5336 5337/5337
f 5344/5344 5337/5337 5345/5345
f 5345/5345 5337/5337 5338/5338
f 5345/5345 5338/5338 5346/5346
f 5346/5346 5338/5338 5339/5339
f 5346/5346 5339/5339 5347/5347
f 5347/5347 5339/5339 5340/5340
f 5347/5347 5340/5340 5348/5348
f 5348/5348 5340/5340 5260/5260
f 5348/5348 5260/5260 5259/5259
f 5069/5069 5067/5067 5349/5349
f 5349/5349 5067/5067 5341/5341
f 5349/5349 5341/5341 5350/5350
f 5350/5350 5341/5341 5342/5342
f 5350/5350 5342/5342 5351/5351
f 5351/5351 5342/5342 5343/5343
f 5351/5351 5343/5343 5352/5352
f 5352/5352 5343/5343 5344/5344
f 5352/5352 5344/5344 5353/5353
f 5353/5353 5344/5344 5345/5345
f 5353/5353 5345/5345 5354/5354
f 5354/5354 5345/5345 5346/5346
f 5354/5354 5346/5346 5355/5355
f 5355/5355 5346/5346 5347/5347
f 5355/5355 5347/5347 5356/5356
f 5356/5356 5347/5347 5348/5348
f 5356/5356 5348/5348 5357/5357
f 5357/5357 5348/5348 5259/5259
f 5357/5357 5259/5259 5258/5258
f 5277/5277 5073/5073 5071/5071
f 5071/5071 5069/5069 5358/5358
f 5358/5358 5069/5069 5349/5349
f 5358/5358 5349/5349 5359/5359
f 5359/5359 5349/5349 5350/5350
f 5359/5359 5350/5350 5360/5360
f 5360/5360 5350/5350 5351/5351
f 5360/5360 5351/5351 5361/5361
f 5361/5361 5351/5351 5352/5352
f 5361/5361 5352/5352 5362/5362
f 5362/5362 5352/5352 5353/5353
f 5362/5362 5353/5353 5363/5363
f 5363/5363 5353/5353 5354/5354
f 5363/5363 5354/5354 5364/5364
f 5364/5364 5354/5354 5355/5355
f 5364/5364 5355/5355 5365/5365
f 5365/5365 5355/5355 5356/5356
f 5365/5365 5356/5356 5366/5366
f 5366/5366 5356/5356 5357/5357
f 5366/5366 5357/5357 5257/5257
f 5257/5257 5357/5357 5258/5258
f 5277/5277 5358/5358 5275/5275
f 5275/5275 5358/5358 5359/5359
f 5275/5275 5359/5359 5273/5273
f 5273/5273 5359/5359 5360/5360
f 5273/5273 5360/5360 5271/5271
f 5271/5271 5360/5360 5361/5361
f 5271/5271 5361/5361 5269/5269
f 5269/5269 5361/5361 5362/5362
f 5269/5269 5362/5362 5267/5267
f 5267/5267 5362/5362 5363/5363
f 5267/5267 5363/5363 5265/5265
f 5265/5265 5363/5363 5364/5364
f 5265/5265 5364/5364 5263/5263
f 5263/5263 5364/5364 5365/5365
f 5263/5263 5365/5365 5261/5261
f 5261/5261 5365/5365 5366/5366
f 5261/5261 5366/5366 5257/5257
f 5358/5358 5277/5277 5071/5071
f 5248/5248 5333/5333 5246/5246
f 5246/5246 5333/5333 5367/5367
f 5246/5246 5367/5367 5244/5244
f 5244/5244 5367/5367 5368/5368
f 5244/5244 5368/5368 5242/5242
f 5242/5242 5368/5368 5369/5369
f 5242/5242 5369/5369 5240/5240
f 5240/5240 5369/5369 5370/5370
f 5240/5240 5370/5370 5238/5238
f 5238/5238 5370/5370 5371/5371
f 5238/5238 5371/5371 5236/5236
f 5236/5236 5371/5371 5372/5372
f 5236/5236 5372/5372 5234/5234
f 5234/5234 5372/5372 5373/5373
f 5234/5234 5373/5373 5232/5232
f 5232/5232 5373/5373 5374/5374
f 5232/5232 5374/5374 5230/5230
f 5230/5230 5374/5374 5375/5375
f 5230/5230 5375/5375 5228/5228
f 5228/5228 5375/5375 5376/5376
f 5228/5228 5376/5376 5226/5226
f 5226/5226 5376/5376 5377/5377
f 5226/5226 5377/5377 5224/5224
f 5224/5224 5377/5377 5378/5378
f 5224/5224 5378/5378 5222/5222
f 5222/5222 5378/5378 5379/5379
f 5222/5222 5379/5379 5196/5196
f 5196/5196 5379/5379 5380/5380
f 5196/5196 5380/5380 5197/5197
f 5197/5197 5380/5380 5198/5198
f 5333/5333 5332/5332 5367/5367
f 5367/5367 5332/5332 5381/5381
f 5367/5367 5381/5381 5368/5368
f 5368/5368 5381/5381 5382/5382
f 5368/5368 5382/5382 5369/5369
f 5369/5369 5382/5382 5383/5383
f 5369/5369 5383/5383 5370/5370
f 5370/5370 5383/5383 5384/5384
f 5370/5370 5384/5384 5371/5371
f 5371/5371 5384/5384 5385/5385
f 5371/5371 5385/5385 5372/5372
f 5372/5372 5385/5385 5386/5386
f 5372/5372 5386/5386 5373/5373
f 5373/5373 5386/5386 5387/5387
f 5373/5373 5387/5387 5374/5374
f 5374/5374 5387/5387 5388/5388
f 5374/5374 5388/5388 5375/5375
f 5375/5375 5388/5388 5389/5389
f 5375/5375 5389/5389 5376/5376
f 5376/5376 5389/5389 5390/5390
f 5376/5376 5390/5390 5377/5377
f 5377/5377 5390/5390 5378/5378
f 5332/5332 5331/5331 5381/5381
f 5381/5381 5331/5331 5391/5391
f 5381/5381 5391/5391 5382/5382
f 5382/5382 5391/5391 5392/5392
f 5382/5382 5392/5392 5383/5383
f 5383/5383 5392/5392 5393/5393
f 5383/5383 5393/5393 5384/5384
f 5384/5384 5393/5393 5394/5394
f 5384/5384 5394/5394 5385/5385
f 5385/5385 5394/5394 5395/5395
f 5385/5385 5395/5395 5386/5386
f 5386/5386 5395/5395 5396/5396
f 5386/5386 5396/5396 5387/5387
f 5387/5387 5396/5396 5397/5397
f 5387/5387 5397/5397 5388/5388
f 5388/5388 5397/5397 5398/5398
f 5388/5388 5398/5398 5389/5389
f 5389/5389 5398/5398 5399/5399
f 5389/5389 5399/5399 5390/5390
f 5390/5390 5399/5399 5400/5400
f 5390/5390 5400/5400 5378/5378
f 5378/5378 5400/5400 5379/5379
f 5331/5331 5330/5330 5391/5391
f 5391/5391 5330/5330 5401/5401
f 5391/5391 5401/5401 5392/5392
f 5392/5392 5401/5401 5402/5402
f 5392/5392 5402/5402 5393/5393
f 5393/5393 5402/5402 5403/5403
f 5393/5393 5403/5403 5394/5394
f 5394/5394 5403/5403 5404/5404
f 5394/5394 5404/5404 5395/5395
f 5395/5395 5404/5404 5405/5405
f 5395/5395 5405/5405 5396/5396
f 5396/5396 5405/5405 5406/5406
f 5396/5396 5406/5406 5397/5397
f 5397/5397 5406/5406 5407/5407
f 5397/5397 5407/5407 5398/5398
f 5398/5398 5407/5407 5408/5408
f 5398/5398 5408/5408 5399/5399
f 5399/5399 5408/5408 5409/5409
f 5399/5399 5409/5409 5400/5400
f 5400/5400 5409/5409 5410/5410
f 5400/5400 5410/5410 5379/5379
f 5379/5379 5410/5410 5380/5380
f 5330/5330 5329/5329 5401/5401
f 5401/5401 5329/5329 5411/5411
f 5401/5401 5411/5411 5402/5402
f 5402/5402 5411/5411 5412/5412
f 5402/5402 5412/5412 5403/5403
f 5403/5403 5412/5412 5413/5413
f 5403/5403 5413/5413 5404/5404
f 5404/5404 5413/5413 5414/5414
f 5404/5404 5414/5414 5405/5405
f 5405/5405 5414/5414 5415/5415
f 5405/5405 5415/5415 5406/5406
f 5406/5406 5415/5415 5416/5416
f 5406/5406 5416/5416 5407/5407
f 5407/5407 5416/5416 5417/5417
f 5407/5407 5417/5417 5408/5408
f 5408/5408 5417/5417 5418/5418
f 5408/5408 5418/5418 5409/5409
f 5409/5409 5418/5418 5419/5419
f 5409/5409 5419/5419 5410/5410
f 5410/5410 5419/5419 5420/5420
f 5410/5410 5420/5420 5380/5380
f 5380/5380 5420/5420 5198/5198
f 5329/5329 5328/5328 5411/5411
f 5411/5411 5328/5328 5421/5421
f 5411/5411 5421/5421 5412/5412
f 5412/5412 5421/5421 5422/5422
f 5412/5412 5422/5422 5413/5413
f 5413/5413 5422/5422 5423/5423
f 5413/5413 5423/5423 5414/5414
f 5414/5414 5423/5423 5424/5424
f 5414/5414 5424/5424 5415/5415
f 5415/5415 5424/5424 5425/5425
f 5415/5415 5425/5425 5416/5416
f 5416/5416 5425/5425 5426/5426
f 5416/5416 5426/5426 5417/5417
f 5417/5417 5426/5426 5427/5427
f 5417/5417 5427/5427 5418/5418
f 5418/5418 5427/5427 5428/5428
f 5418/5418 5428/5428 5419/5419
f 5419/5419 5428/5428 5429/5429
f 5419/5419 5429/5429 5420/5420
f 5420/5420 5429/5429 5200/5200
f 5420/5420 5200/5200 5198/5198
f 5328/5328 5327/5327 5421/5421
f 5421/5421 5327/5327 5430/5430
f 5421/5421 5430/5430 5422/5422
f 5422/5422 5430/5430 5431/5431
f 5422/5422 5431/5431 5423/5423
f 5423/5423 5431/5431 5432/5432
f 5423/5423 5432/5432 5424/5424
f 5424/5424 5432/5432 5433/5433
f 5424/5424 5433/5433 5425/5425
f 5425/5425 5433/5433 5434/5434
f 5425/5425 5434/5434 5426/5426
f 5426/5426 5434/5434 5435/5435
f 5426/5426 5435/5435 5427/5427
f 5427/5427 5435/5435 5436/5436
f 5427/5427 5436/5436 5428/5428
f 5428/5428 5436/5436 5437/5437
f 5428/5428 5437/5437 5429/5429
f 5429/5429 5437/5437 5202/5202
f 5429/5429 5202/5202 5200/5200
f 5327/5327 5326/5326 5430/5430
f 5430/5430 5326/5326 5438/5438
f 5430/5430 5438/5438 5431/5431
f 5431/5431 5438/5438 5439/5439
f 5431/5431 5439/5439 5432/5432
f 5432/5432 5439/5439 5440/5440
f 5432/5432 5440/5440 5433/5433
f 5433/5433 5440/5440 5441/5441
f 5433/5433 5441/5441 5434/5434
f 5434/5434 5441/5441 5442/5442
f 5434/5434 5442/5442 5435/5435
f 5435/5435 5442/5442 5443/5443
f 5435/5435 5443/5443 5436/5436
f 5436/5436 5443/5443 5444/5444
f 5436/5436 5444/5444 5437/5437
f 5437/5437 5444/5444 5204/5204
f 5437/5437 5204/5204 5202/5202
f 5326/5326 5325/5325 5438/5438
f 5438/5438 5325/5325 5445/5445
f 5438/5438 5445/5445 5439/5439
f 5439/5439 5445/5445 5446/5446
f 5439/5439 5446/5446 5440/5440
f 5440/5440 5446/5446 5447/5447
f 5440/5440 5447/5447 5441/5441
f 5441/5441 5447/5447 5448/5448
f 5441/5441 5448/5448 5442/5442
f 5442/5442 5448/5448 5449/5449
f 5442/5442 5449/5449 5443/5443
f 5443/5443 5449/5449 5450/5450
f 5443/5443 5450/5450 5444/5444
f 5444/5444 5450/5450 5206/5206
f 5444/5444 5206/5206 5204/5204
f 5325/5325 5324/5324 5445/5445
f 5445/5445 5324/5324 5451/5451
f 5445/5445 5451/5451 5446/5446
f 5446/5446 5451/5451 5452/5452
f 5446/5446 5452/5452 5447/5447
f 5447/5447 5452/5452 5453/5453
f 5447/5447 5453/5453 5448/5448
f 5448/5448 5453/5453 5454/5454
f 5448/5448 5454/5454 5449/5449
f 5449/5449 5454/5454 5455/5455
f 5449/5449 5455/5455 5450/5450
f 5450/5450 5455/5455 5208/5208
f 5450/5450 5208/5208 5206/5206
f 5324/5324 5323/5323 5451/5451
f 5451/5451 5323/5323 5456/5456
f 5451/5451 5456/5456 5452/5452
f 5452/5452 5456/5456 5457/5457
f 5452/5452 5457/5457 5453/5453
f 5453/5453 5457/5457 5458/5458
f 5453/5453 5458/5458 5454/5454
f 5454/5454 5458/5458 5459/5459
f 5454/5454 5459/5459 5455/5455
f 5455/5455 5459/5459 5210/5210
f 5455/5455 5210/5210 5208/5208
f 5323/5323 5322/5322 5456/5456
f 5456/5456 5322/5322 5460/5460
f 5456/5456 5460/5460 5457/5457
f 5457/5457 5460/5460 5461/5461
f 5457/5457 5461/5461 5458/5458
f 5458/5458 5461/5461 5462/5462
f 5458/5458 5462/5462 5459/5459
f 5459/5459 5462/5462 5212/5212
f 5459/5459 5212/5212 5210/5210
f 5322/5322 5321/5321 5460/5460
f 5460/5460 5321/5321 5463/5463
f 5460/5460 5463/5463 5461/5461
f 5461/5461 5463/5463 5464/5464
f 5461/5461 5464/5464 5462/5462
f 5462/5462 5464/5464 5214/5214
f 5462/5462 5214/5214 5212/5212
f 5321/5321 5320/5320 5463/5463
f 5463/5463 5320/5320 5465/5465
f 5463/5463 5465/5465 5464/5464
f 5464/5464 5465/5465 5216/5216
f 5464/5464 5216/5216 5214/5214
f 5320/5320 5319/5319 5465/5465
f 5465/5465 5319/5319 5218/5218
f 5465/5465 5218/5218 5216/5216
f 5319/5319 5220/5220 5218/5218
f 5219/5219 5221/5221 5191/5191
f 5191/5191 5221/5221 5193/5193
f 5192/5192 5194/5194 5164/5164
f 5164/5164 5194/5194 5166/5166
f 5165/5165 5167/5167 5140/5140
f 5140/5140 5167/5167 5016/5016
f 5167/5167 5017/5017 5016/5016
f 5163/5163 5165/5165 5139/5139
f 5139/5139 5165/5165 5140/5140
f 5190/5190 5192/5192 5162/5162
f 5162/5162 5192/5192 5164/5164
f 5217/5217 5219/5219 5189/5189
f 5189/5189 5219/5219 5191/5191
f 5285/5285 5284/5284 5276/5276
f 5285/5285 5276/5276 5274/5274
f 5213/5213 5215/5215 5185/5185
f 5185/5185 5215/5215 5187/5187
f 5189/5189 5187/5187 5217/5217
f 5217/5217 5187/5187 5215/5215
f 5186/5186 5188/5188 5158/5158
f 5158/5158 5188/5188 5160/5160
f 5162/5162 5160/5160 5190/5190
f 5190/5190 5160/5160 5188/5188
f 5159/5159 5161/5161 5137/5137
f 5137/5137 5161/5161 5138/5138
f 5139/5139 5138/5138 5163/5163
f 5163/5163 5138/5138 5161/5161
f 5157/5157 5159/5159 5136/5136
f 5136/5136 5159/5159 5137/5137
f 5184/5184 5186/5186 5156/5156
f 5156/5156 5186/5186 5158/5158
f 5211/5211 5213/5213 5183/5183
f 5183/5183 5213/5213 5185/5185
f 5209/5209 5211/5211 5181/5181
f 5181/5181 5211/5211 5183/5183
f 5182/5182 5184/5184 5154/5154
f 5154/5154 5184/5184 5156/5156
f 5155/5155 5157/5157 5135/5135
f 5135/5135 5157/5157 5136/5136
f 5092/5092 5090/5090 5111/5111
f 5111/5111 5090/5090 5109/5109
f 5094/5094 5092/5092 5113/5113
f 5113/5113 5092/5092 5111/5111
f 5153/5153 5155/5155 5134/5134
f 5134/5134 5155/5155 5135/5135
f 5180/5180 5182/5182 5152/5152
f 5152/5152 5182/5182 5154/5154
f 5207/5207 5209/5209 5179/5179
f 5179/5179 5209/5209 5181/5181
f 5205/5205 5207/5207 5177/5177
f 5177/5177 5207/5207 5179/5179
f 5178/5178 5180/5180 5150/5150
f 5150/5150 5180/5180 5152/5152
f 5151/5151 5153/5153 5133/5133
f 5133/5133 5153/5153 5134/5134
f 5096/5096 5094/5094 5115/5115
f 5115/5115 5094/5094 5113/5113
f 5117/5117 5119/5119 5115/5115
f 5115/5115 5119/5119 5096/5096
f 5119/5119 5098/5098 5096/5096
f 5149/5149 5151/5151 5132/5132
f 5132/5132 5151/5151 5133/5133
f 5176/5176 5178/5178 5148/5148
f 5148/5148 5178/5178 5150/5150
f 5203/5203 5205/5205 5175/5175
f 5175/5175 5205/5205 5177/5177
f 5254/5254 5233/5233 5231/5231
f 5147/5147 5149/5149 5131/5131
f 5131/5131 5149/5149 5132/5132
f 5174/5174 5176/5176 5146/5146
f 5146/5146 5176/5176 5148/5148
f 5201/5201 5203/5203 5173/5173
f 5173/5173 5203/5203 5175/5175
f 5251/5251 5254/5254 5231/5231
f 5123/5123 5102/5102 5100/5100
f 5145/5145 5147/5147 5130/5130
f 5130/5130 5147/5147 5131/5131
f 5172/5172 5174/5174 5144/5144
f 5144/5144 5174/5174 5146/5146
f 5199/5199 5201/5201 5171/5171
f 5171/5171 5201/5201 5173/5173
f 5170/5170 5169/5169 5199/5199
f 5199/5199 5171/5171 5170/5170
f 5143/5143 5142/5142 5172/5172
f 5172/5172 5144/5144 5143/5143
f 5129/5129 5128/5128 5145/5145
f 5145/5145 5130/5130 5129/5129
f 5466/5466 5467/5467 5468/5468
f 5468/5468 5467/5467 5469/5469
f 5468/5468 5469/5469 5470/5470
f 5470/5470 5469/5469 5471/5471
f 5471/5471 5469/5469 5472/5472
f 5471/5471 5472/5472 5473/5473
f 5473/5473 5472/5472 5474/5474
f 5473/5473 5474/5474 5475/5475
f 5475/5475 5474/5474 5476/5476
f 5475/5475 5476/5476 5477/5477
f 5477/5477 5476/5476 5478/5478
f 5477/5477 5478/5478 5479/5479
f 5479/5479 5478/5478 5480/5480
f 5479/5479 5480/5480 5481/5481
f 5481/5481 5480/5480 5482/5482
f 5481/5481 5482/5482 5483/5483
f 5483/5483 5482/5482 5484/5484
f 5483/5483 5484/5484 5485/5485
f 5485/5485 5484/5484 5486/5486
f 5485/5485 5486/5486 5487/5487
f 5487/5487 5486/5486 5488/5488
f 5487/5487 5488/5488 5489/5489
f 5489/5489 5488/5488 5490/5490
f 5489/5489 5490/5490 5491/5491
f 5491/5491 5490/5490 5492/5492
f 5491/5491 5492/5492 5493/5493
f 5493/5493 5492/5492 5494/5494
f 5493/5493 5494/5494 5495/5495
f 5495/5495 5494/5494 5496/5496
f 5495/5495 5496/5496 5497/5497
f 5497/5497 5496/5496 5498/5498
f 5497/5497 5498/5498 5499/5499
f 5499/5499 5498/5498 5500/5500
f 5499/5499 5500/5500 5501/5501
f 5501/5501 5500/5500 5502/5502
f 5501/5501 5502/5502 5503/5503
f 5503/5503 5502/5502 5504/5504
f 5503/5503 5504/5504 5505/5505
f 5505/5505 5504/5504 5506/5506
f 5505/5505 5506/5506 5507/5507
f 5507/5507 5506/5506 5508/5508
f 5507/5507 5508/5508 5509/5509
f 5509/5509 5508/5508 5510/5510
f 5509/5509 5510/5510 5511/5511
f 5511/5511 5510/5510 5512/5512
f 5511/5511 5512/5512 5513/5513
f 5513/5513 5512/5512 5514/5514
f 5513/5513 5514/5514 5515/5515
f 5515/5515 5514/5514 5516/5516
f 5515/5515 5516/5516 5517/5517
f 5517/5517 5516/5516 5518/5518
f 5517/5517 5518/5518 5519/5519
f 5519/5519 5518/5518 5520/5520
f 5519/5519 5520/5520 5521/5521
f 5521/5521 5520/5520 5522/5522
f 5521/5521 5522/5522 5523/5523
f 5523/5523 5522/5522 5524/5524
f 5523/5523 5524/5524 5525/5525
f 5467/5467 5466/5466 5526/5526
f 5526/5526 5466/5466 5527/5527
f 5526/5526 5527/5527 5528/5528
f 5528/5528 5527/5527 5529/5529
f 5528/5528 5529/5529 5530/5530
f 5530/5530 5529/5529 5531/5531
f 5530/5530 5531/5531 5532/5532
f 5532/5532 5531/5531 5533/5533
f 5532/5532 5533/5533 5534/5534
f 5534/5534 5533/5533 5535/5535
f 5534/5534 5535/5535 5536/5536
f 5536/5536 5535/5535 5537/5537
f 5536/5536 5537/5537 5538/5538
f 5538/5538 5537/5537 5539/5539
f 5538/5538 5539/5539 5540/5540
f 5540/5540 5539/5539 5541/5541
f 5540/5540 5541/5541 5542/5542
f 5542/5542 5541/5541 5543/5543
f 5542/5542 5543/5543 5544/5544
f 5544/5544 5543/5543 5545/5545
f 5544/5544 5545/5545 5546/5546
f 5546/5546 5545/5545 5547/5547
f 5546/5546 5547/5547 5548/5548
f 5548/5548 5547/5547 5549/5549
f 5548/5548 5549/5549 5550/5550
f 5550/5550 5549/5549 5551/5551
f 5550/5550 5551/5551 5552/5552
f 5552/5552 5551/5551 5553/5553
f 5552/5552 5553/5553 5554/5554
f 5554/5554 5553/5553 5555/5555
f 5554/5554 5555/5555 5556/5556
f 5556/5556 5555/5555 5557/5557
f 5556/5556 5557/5557 5558/5558
f 5558/5558 5557/5557 5559/5559
f 5558/5558 5559/5559 5560/5560
f 5560/5560 5559/5559 5561/5561
f 5560/5560 5561/5561 5562/5562
f 5562/5562 5561/5561 5563/5563
f 5562/5562 5563/5563 5564/5564
f 5564/5564 5563/5563 5565/5565
f 5564/5564 5565/5565 5566/5566
f 5566/5566 5565/5565 5567/5567
f 5566/5566 5567/5567 5568/5568
f 5568/5568 5567/5567 5569/5569
f 5568/5568 5569/5569 5570/5570
f 5570/5570 5569/5569 5571/5571
f 5570/5570 5571/5571 5572/5572
f 5572/5572 5571/5571 5573/5573
f 5572/5572 5573/5573 5574/5574
f 5574/5574 5573/5573 5575/5575
f 5574/5574 5575/5575 5576/5576
f 5527/5527 5577/5577 5529/5529
f 5529/5529 5577/5577 5578/5578
f 5529/5529 5578/5578 5531/5531
f 5531/5531 5578/5578 5579/5579
f 5531/5531 5579/5579 5533/5533
f 5533/5533 5579/5579 5580/5580
f 5533/5533 5580/5580 5535/5535
f 5535/5535 5580/5580 5581/5581
f 5535/5535 5581/5581 5537/5537
f 5537/5537 5581/5581 5582/5582
f 5537/5537 5582/5582 5539/5539
f 5539/5539 5582/5582 5583/5583
f 5539/5539 5583/5583 5541/5541
f 5541/5541 5583/5583 5584/5584
f 5541/5541 5584/5584 5543/5543
f 5543/5543 5584/5584 5585/5585
f 5543/5543 5585/5585 5545/5545
f 5545/5545 5585/5585 5586/5586
f 5545/5545 5586/5586 5547/5547
f 5547/5547 5586/5586 5587/5587
f 5547/5547 5587/5587 5549/5549
f 5549/5549 5587/5587 5588/5588
f 5549/5549 5588/5588 5551/5551
f 5551/5551 5588/5588 5589/5589
f 5551/5551 5589/5589 5553/5553
f 5553/5553 5589/5589 5590/5590
f 5553/5553 5590/5590 5555/5555
f 5555/5555 5590/5590 5591/5591
f 5555/5555 5591/5591 5557/5557
f 5557/5557 5591/5591 5592/5592
f 5557/5557 5592/5592 5559/5559
f 5559/5559 5592/5592 5593/5593
f 5559/5559 5593/5593 5561/5561
f 5561/5561 5593/5593 5594/5594
f 5561/5561 5594/5594 5563/5563
f 5563/5563 5594/5594 5595/5595
f 5563/5563 5595/5595 5565/5565
f 5565/5565 5595/5595 5596/5596
f 5565/5565 5596/5596 5567/5567
f 5567/5567 5596/5596 5597/5597
f 5567/5567 5597/5597 5569/5569
f 5569/5569 5597/5597 5598/5598
f 5569/5569 5598/5598 5599/5599
f 5577/5577 5600/5600 5578/5578
f 5578/5578 5600/5600 5601/5601
f 5578/5578 5601/5601 5579/5579
f 5579/5579 5601/5601 5602/5602
f 5579/5579 5602/5602 5580/5580
f 5580/5580 5602/5602 5603/5603
f 5580/5580 5603/5603 5581/5581
f 5581/5581 5603/5603 5604/5604
f 5581/5581 5604/5604 5582/5582
f 5582/5582 5604/5604 5605/5605
f 5582/5582 5605/5605 5583/5583
f 5583/5583 5605/5605 5606/5606
f 5583/5583 5606/5606 5584/5584
f 5584/5584 5606/5606 5607/5607
f 5584/5584 5607/5607 5585/5585
f 5585/5585 5607/5607 5608/5608
f 5585/5585 5608/5608 5586/5586
f 5586/5586 5608/5608 5609/5609
f 5586/5586 5609/5609 5587/5587
f 5587/5587 5609/5609 5610/5610
f 5587/5587 5610/5610 5588/5588
f 5588/5588 5610/5610 5611/5611
f 5588/5588 5611/5611 5589/5589
f 5589/5589 5611/5611 5612/5612
f 5589/5589 5612/5612 5590/5590
f 5590/5590 5612/5612 5613/5613
f 5590/5590 5613/5613 5591/5591
f 5591/5591 5613/5613 5614/5614
f 5591/5591 5614/5614 5592/5592
f 5592/5592 5614/5614 5615/5615
f 5592/5592 5615/5615 5593/5593
f 5593/5593 5615/5615 5616/5616
f 5593/5593 5616/5616 5594/5594
f 5594/5594 5616/5616 5617/5617
f 5594/5594 5617/5617 5595/5595
f 5595/5595 5617/5617 5618/5618
f 5595/5595 5618/5618 5596/5596
f 5596/5596 5618/5618 5619/5619
f 5596/5596 5619/5619 5597/5597
f 5597/5597 5619/5619 5598/5598
f 5601/5601 5600/5600 5620/5620
f 5620/5620 5600/5600 5621/5621
f 5620/5620 5621/5621 5622/5622
f 5622/5622 5621/5621 5623/5623
f 5622/5622 5623/5623 5624/5624
f 5624/5624 5623/5623 5625/5625
f 5624/5624 5625/5625 5626/5626
f 5626/5626 5625/5625 5627/5627
f 5626/5626 5627/5627 5628/5628
f 5628/5628 5627/5627 5629/5629
f 5628/5628 5629/5629 5630/5630
f 5630/5630 5629/5629 5631/5631
f 5630/5630 5631/5631 5632/5632
f 5632/5632 5631/5631 5633/5633
f 5632/5632 5633/5633 5634/5634
f 5634/5634 5633/5633 5635/5635
f 5634/5634 5635/5635 5636/5636
f 5636/5636 5635/5635 5637/5637
f 5636/5636 5637/5637 5638/5638
f 5638/5638 5637/5637 5639/5639
f 5638/5638 5639/5639 5640/5640
f 5640/5640 5639/5639 5641/5641
f 5640/5640 5641/5641 5642/5642
f 5642/5642 5641/5641 5643/5643
f 5642/5642 5643/5643 5644/5644
f 5644/5644 5643/5643 5645/5645
f 5644/5644 5645/5645 5646/5646
f 5646/5646 5645/5645 5647/5647
f 5646/5646 5647/5647 5648/5648
f 5648/5648 5647/5647 5649/5649
f 5648/5648 5649/5649 5650/5650
f 5650/5650 5649/5649 5651/5651
f 5650/5650 5651/5651 5652/5652
f 5652/5652 5651/5651 5653/5653
f 5652/5652 5653/5653 5654/5654
f 5654/5654 5653/5653 5655/5655
f 5654/5654 5655/5655 5656/5656
f 5623/5623 5657/5657 5625/5625
f 5625/5625 5657/5657 5658/5658
f 5625/5625 5658/5658 5627/5627
f 5627/5627 5658/5658 5659/5659
f 5627/5627 5659/5659 5629/5629
f 5629/5629 5659/5659 5660/5660
f 5629/5629 5660/5660 5631/5631
f 5631/5631 5660/5660 5661/5661
f 5631/5631 5661/5661 5633/5633
f 5633/5633 5661/5661 5662/5662
f 5633/5633 5662/5662 5635/5635
f 5635/5635 5662/5662 5663/5663
f 5635/5635 5663/5663 5637/5637
f 5637/5637 5663/5663 5664/5664
f 5637/5637 5664/5664 5639/5639
f 5639/5639 5664/5664 5665/5665
f 5639/5639 5665/5665 5641/5641
f 5641/5641 5665/5665 5666/5666
f 5641/5641 5666/5666 5643/5643
f 5643/5643 5666/5666 5667/5667
f 5643/5643 5667/5667 5645/5645
f 5645/5645 5667/5667 5668/5668
f 5645/5645 5668/5668 5647/5647
f 5647/5647 5668/5668 5669/5669
f 5647/5647 5669/5669 5649/5649
f 5649/5649 5669/5669 5670/5670
f 5649/5649 5670/5670 5651/5651
f 5651/5651 5670/5670 5671/5671
f 5651/5651 5671/5671 5653/5653
f 5653/5653 5671/5671 5672/5672
f 5653/5653 5672/5672 5655/5655
f 5658/5658 5657/5657 5673/5673
f 5673/5673 5657/5657 5674/5674
f 5673/5673 5674/5674 5675/5675
f 5675/5675 5674/5674 5676/5676
f 5675/5675 5676/5676 5677/5677
f 5677/5677 5676/5676 5678/5678
f 5677/5677 5678/5678 5679/5679
f 5679/5679 5678/5678 5680/5680
f 5679/5679 5680/5680 5681/5681
f 5681/5681 5680/5680 5682/5682
f 5681/5681 5682/5682 5683/5683
f 5683/5683 5682/5682 5684/5684
f 5683/5683 5684/5684 5685/5685
f 5685/5685 5684/5684 5686/5686
f 5685/5685 5686/5686 5687/5687
f 5687/5687 5686/5686 5688/5688
f 5687/5687 5688/5688 5689/5689
f 5689/5689 5688/5688 5690/5690
f 5689/5689 5690/5690 5691/5691
f 5691/5691 5690/5690 5692/5692
f 5691/5691 5692/5692 5693/5693
f 5693/5693 5692/5692 5694/5694
f 5693/5693 5694/5694 5695/5695
f 5695/5695 5694/5694 5696/5696
f 5695/5695 5696/5696 5697/5697
f 5697/5697 5696/5696 5698/5698
f 5697/5697 5698/5698 5699/5699
f 5676/5676 5700/5700 5678/5678
f 5678/5678 5700/5700 5701/5701
f 5678/5678 5701/5701 5680/5680
f 5680/5680 5701/5701 5702/5702
f 5680/5680 5702/5702 5682/5682
f 5682/5682 5702/5702 5703/5703
f 5682/5682 5703/5703 5684/5684
f 5684/5684 5703/5703 5704/5704
f 5684/5684 5704/5704 5686/5686
f 5686/5686 5704/5704 5705/5705
f 5686/5686 5705/5705 5688/5688
f 5688/5688 5705/5705 5706/5706
f 5688/5688 5706/5706 5690/5690
f 5690/5690 5706/5706 5707/5707
f 5690/5690 5707/5707 5692/5692
f 5692/5692 5707/5707 5708/5708
f 5692/5692 5708/5708 5694/5694
f 5694/5694 5708/5708 5709/5709
f 5694/5694 5709/5709 5696/5696
f 5696/5696 5709/5709 5710/5710
f 5696/5696 5710/5710 5698/5698
f 5700/5700 5711/5711 5701/5701
f 5701/5701 5711/5711 5712/5712
f 5701/5701 5712/5712 5702/5702
f 5702/5702 5712/5712 5713/5713
f 5702/5702 5713/5713 5703/5703
f 5703/5703 5713/5713 5714/5714
f 5703/5703 5714/5714 5704/5704
f 5704/5704 5714/5714 5715/5715
f 5704/5704 5715/5715 5705/5705
f 5705/5705 5715/5715 5716/5716
f 5705/5705 5716/5716 5706/5706
f 5706/5706 5716/5716 5717/5717
f 5706/5706 5717/5717 5707/5707
f 5707/5707 5717/5717 5718/5718
f 5707/5707 5718/5718 5708/5708
f 5708/5708 5718/5718 5719/5719
f 5708/5708 5719/5719 5709/5709
f 5709/5709 5719/5719 5720/5720
f 5709/5709 5720/5720 5721/5721
f 5712/5712 5711/5711 5722/5722
f 5722/5722 5711/5711 5723/5723
f 5722/5722 5723/5723 5724/5724
f 5724/5724 5723/5723 5725/5725
f 5724/5724 5725/5725 5726/5726
f 5726/5726 5725/5725 5727/5727
f 5726/5726 5727/5727 5728/5728
f 5728/5728 5727/5727 5729/5729
f 5728/5728 5729/5729 5730/5730
f 5730/5730 5729/5729 5731/5731
f 5730/5730 5731/5731 5732/5732
f 5732/5732 5731/5731 5733/5733
f 5732/5732 5733/5733 5734/5734
f 5734/5734 5733/5733 5735/5735
f 5734/5734 5735/5735 5736/5736
f 5723/5723 5737/5737 5725/5725
f 5725/5725 5737/5737 5738/5738
f 5725/5725 5738/5738 5727/5727
f 5727/5727 5738/5738 5739/5739
f 5727/5727 5739/5739 5729/5729
f 5729/5729 5739/5739 5740/5740
f 5729/5729 5740/5740 5731/5731
f 5731/5731 5740/5740 5741/5741
f 5731/5731 5741/5741 5733/5733
f 5733/5733 5741/5741 5742/5742
f 5733/5733 5742/5742 5735/5735
f 5737/5737 5743/5743 5738/5738
f 5738/5738 5743/5743 5744/5744
f 5738/5738 5744/5744 5739/5739
f 5739/5739 5744/5744 5745/5745
f 5739/5739 5745/5745 5740/5740
f 5740/5740 5745/5745 5746/5746
f 5740/5740 5746/5746 5741/5741
f 5741/5741 5746/5746 5742/5742
f 5744/5744 5743/5743 5747/5747
f 5747/5747 5743/5743 5748/5748
f 5747/5747 5748/5748 5749/5749
f 5747/5747 5749/5749 5750/5750
f 5750/5750 5749/5749 5751/5751
f 5750/5750 5751/5751 5752/5752
f 5750/5750 5752/5752 5746/5746
f 5746/5746 5752/5752 5742/5742
f 5720/5720 5719/5719 5736/5736
f 5736/5736 5719/5719 5753/5753
f 5736/5736 5753/5753 5734/5734
f 5734/5734 5753/5753 5754/5754
f 5734/5734 5754/5754 5732/5732
f 5732/5732 5754/5754 5755/5755
f 5732/5732 5755/5755 5730/5730
f 5730/5730 5755/5755 5756/5756
f 5730/5730 5756/5756 5728/5728
f 5728/5728 5756/5756 5757/5757
f 5728/5728 5757/5757 5726/5726
f 5726/5726 5757/5757 5758/5758
f 5726/5726 5758/5758 5724/5724
f 5724/5724 5758/5758 5722/5722
f 5721/5721 5710/5710 5709/5709
f 5697/5697 5699/5699 5759/5759
f 5759/5759 5699/5699 5760/5760
f 5759/5759 5760/5760 5761/5761
f 5761/5761 5760/5760 5762/5762
f 5761/5761 5762/5762 5671/5671
f 5671/5671 5762/5762 5672/5672
f 5654/5654 5656/5656 5763/5763
f 5763/5763 5656/5656 5764/5764
f 5763/5763 5764/5764 5765/5765
f 5765/5765 5764/5764 5766/5766
f 5765/5765 5766/5766 5619/5619
f 5619/5619 5766/5766 5598/5598
f 5599/5599 5571/5571 5569/5569
f 5767/5767 5768/5768 5576/5576
f 5576/5576 5768/5768 5769/5769
f 5576/5576 5769/5769 5574/5574
f 5574/5574 5769/5769 5770/5770
f 5574/5574 5770/5770 5771/5771
f 5771/5771 5770/5770 5772/5772
f 5771/5771 5772/5772 5773/5773
f 5773/5773 5772/5772 5774/5774
f 5773/5773 5774/5774 5775/5775
f 5775/5775 5774/5774 5776/5776
f 5775/5775 5776/5776 5777/5777
f 5777/5777 5776/5776 5778/5778
f 5777/5777 5778/5778 5779/5779
f 5779/5779 5778/5778 5780/5780
f 5779/5779 5780/5780 5781/5781
f 5781/5781 5780/5780 5782/5782
f 5781/5781 5782/5782 5783/5783
f 5783/5783 5782/5782 5784/5784
f 5783/5783 5784/5784 5785/5785
f 5785/5785 5784/5784 5786/5786
f 5785/5785 5786/5786 5787/5787
f 5787/5787 5786/5786 5788/5788
f 5787/5787 5788/5788 5789/5789
f 5789/5789 5788/5788 5790/5790
f 5789/5789 5790/5790 5791/5791
f 5791/5791 5790/5790 5792/5792
f 5791/5791 5792/5792 5793/5793
f 5793/5793 5792/5792 5794/5794
f 5793/5793 5794/5794 5795/5795
f 5795/5795 5794/5794 5796/5796
f 5795/5795 5796/5796 5797/5797
f 5797/5797 5796/5796 5798/5798
f 5797/5797 5798/5798 5799/5799
f 5799/5799 5798/5798 5800/5800
f 5799/5799 5800/5800 5801/5801
f 5801/5801 5800/5800 5802/5802
f 5801/5801 5802/5802 5803/5803
f 5803/5803 5802/5802 5804/5804
f 5803/5803 5804/5804 5805/5805
f 5805/5805 5804/5804 5806/5806
f 5805/5805 5806/5806 5807/5807
f 5807/5807 5806/5806 5808/5808
f 5807/5807 5808/5808 5809/5809
f 5809/5809 5808/5808 5810/5810
f 5809/5809 5810/5810 5811/5811
f 5811/5811 5810/5810 5812/5812
f 5811/5811 5812/5812 5813/5813
f 5813/5813 5812/5812 5814/5814
f 5813/5813 5814/5814 5467/5467
f 5467/5467 5814/5814 5469/5469
f 5767/5767 5815/5815 5768/5768
f 5768/5768 5815/5815 5816/5816
f 5768/5768 5816/5816 5817/5817
f 5817/5817 5816/5816 5520/5520
f 5817/5817 5520/5520 5518/5518
f 5815/5815 5818/5818 5816/5816
f 5816/5816 5818/5818 5522/5522
f 5816/5816 5522/5522 5520/5520
f 5818/5818 5524/5524 5522/5522
f 5523/5523 5525/5525 5819/5819
f 5819/5819 5525/5525 5820/5820
f 5819/5819 5820/5820 5821/5821
f 5821/5821 5820/5820 5822/5822
f 5821/5821 5822/5822 5823/5823
f 5821/5821 5823/5823 5824/5824
f 5824/5824 5823/5823 5825/5825
f 5824/5824 5825/5825 5826/5826
f 5826/5826 5825/5825 5827/5827
f 5826/5826 5827/5827 5828/5828
f 5826/5826 5828/5828 5829/5829
f 5829/5829 5828/5828 5830/5830
f 5829/5829 5830/5830 5831/5831
f 5831/5831 5832/5832 5829/5829
f 5829/5829 5832/5832 5833/5833
f 5829/5829 5833/5833 5834/5834
f 5834/5834 5833/5833 5835/5835
f 5834/5834 5835/5835 5836/5836
f 5836/5836 5835/5835 5837/5837
f 5836/5836 5837/5837 5838/5838
f 5838/5838 5837/5837 5839/5839
f 5838/5838 5839/5839 5840/5840
f 5840/5840 5839/5839 5841/5841
f 5840/5840 5841/5841 5842/5842
f 5842/5842 5841/5841 5843/5843
f 5842/5842 5843/5843 5844/5844
f 5844/5844 5843/5843 5845/5845
f 5844/5844 5845/5845 5846/5846
f 5846/5846 5845/5845 5847/5847
f 5846/5846 5847/5847 5848/5848
f 5848/5848 5847/5847 5849/5849
f 5848/5848 5849/5849 5850/5850
f 5850/5850 5849/5849 5851/5851
f 5850/5850 5851/5851 5852/5852
f 5852/5852 5851/5851 5853/5853
f 5852/5852 5853/5853 5854/5854
f 5854/5854 5853/5853 5855/5855
f 5854/5854 5855/5855 5856/5856
f 5856/5856 5855/5855 5857/5857
f 5856/5856 5857/5857 5858/5858
f 5858/5858 5857/5857 5859/5859
f 5858/5858 5859/5859 5860/5860
f 5860/5860 5859/5859 5861/5861
f 5860/5860 5861/5861 5862/5862
f 5862/5862 5861/5861 5863/5863
f 5862/5862 5863/5863 5864/5864
f 5864/5864 5863/5863 5865/5865
f 5864/5864 5865/5865 5866/5866
f 5866/5866 5865/5865 5867/5867
f 5866/5866 5867/5867 5868/5868
f 5868/5868 5867/5867 5869/5869
f 5868/5868 5869/5869 5870/5870
f 5870/5870 5869/5869 5871/5871
f 5870/5870 5871/5871 5872/5872
f 5872/5872 5871/5871 5873/5873
f 5872/5872 5873/5873 5874/5874
f 5874/5874 5873/5873 5875/5875
f 5874/5874 5875/5875 5876/5876
f 5876/5876 5875/5875 5877/5877
f 5876/5876 5877/5877 5878/5878
f 5878/5878 5877/5877 5879/5879
f 5878/5878 5879/5879 5880/5880
f 5880/5880 5879/5879 5881/5881
f 5880/5880 5881/5881 5882/5882
f 5882/5882 5881/5881 5883/5883
f 5883/5883 5881/5881 5884/5884
f 5884/5884 5881/5881 5885/5885
f 5885/5885 5881/5881 5886/5886
f 5885/5885 5886/5886 5887/5887
f 5887/5887 5886/5886 5888/5888
f 5888/5888 5886/5886 5889/5889
f 5888/5888 5889/5889 5890/5890
f 5890/5890 5889/5889 5879/5879
f 5890/5890 5879/5879 5877/5877
f 5832/5832 5891/5891 5833/5833
f 5833/5833 5891/5891 5892/5892
f 5833/5833 5892/5892 5835/5835
f 5835/5835 5892/5892 5893/5893
f 5835/5835 5893/5893 5837/5837
f 5837/5837 5893/5893 5894/5894
f 5837/5837 5894/5894 5839/5839
f 5839/5839 5894/5894 5895/5895
f 5839/5839 5895/5895 5841/5841
f 5841/5841 5895/5895 5896/5896
f 5841/5841 5896/5896 5843/5843
f 5843/5843 5896/5896 5897/5897
f 5843/5843 5897/5897 5845/5845
f 5845/5845 5897/5897 5898/5898
f 5845/5845 5898/5898 5847/5847
f 5847/5847 5898/5898 5899/5899
f 5847/5847 5899/5899 5849/5849
f 5849/5849 5899/5899 5900/5900
f 5849/5849 5900/5900 5851/5851
f 5851/5851 5900/5900 5901/5901
f 5851/5851 5901/5901 5853/5853
f 5853/5853 5901/5901 5902/5902
f 5853/5853 5902/5902 5855/5855
f 5855/5855 5902/5902 5903/5903
f 5855/5855 5903/5903 5857/5857
f 5857/5857 5903/5903 5904/5904
f 5857/5857 5904/5904 5859/5859
f 5859/5859 5904/5904 5905/5905
f 5859/5859 5905/5905 5861/5861
f 5861/5861 5905/5905 5906/5906
f 5861/5861 5906/5906 5863/5863
f 5863/5863 5906/5906 5907/5907
f 5863/5863 5907/5907 5865/5865
f 5865/5865 5907/5907 5908/5908
f 5865/5865 5908/5908 5867/5867
f 5867/5867 5908/5908 5909/5909
f 5867/5867 5909/5909 5869/5869
f 5869/5869 5909/5909 5910/5910
f 5869/5869 5910/5910 5871/5871
f 5871/5871 5910/5910 5911/5911
f 5871/5871 5911/5911 5873/5873
f 5873/5873 5911/5911 5912/5912
f 5873/5873 5912/5912 5875/5875
f 5875/5875 5912/5912 5913/5913
f 5875/5875 5913/5913 5877/5877
f 5877/5877 5913/5913 5890/5890
f 5891/5891 5914/5914 5892/5892
f 5892/5892 5914/5914 5915/5915
f 5892/5892 5915/5915 5893/5893
f 5893/5893 5915/5915 5916/5916
f 5893/5893 5916/5916 5894/5894
f 5894/5894 5916/5916 5917/5917
f 5894/5894 5917/5917 5895/5895
f 5895/5895 5917/5917 5896/5896
f 5896/5896 5917/5917 5918/5918
f 5918/5918 5917/5917 5919/5919
f 5918/5918 5919/5919 5920/5920
f 5920/5920 5919/5919 5921/5921
f 5920/5920 5921/5921 5898/5898
f 5898/5898 5921/5921 5899/5899
f 5919/5919 5922/5922 5921/5921
f 5921/5921 5922/5922 5923/5923
f 5921/5921 5923/5923 5899/5899
f 5899/5899 5923/5923 5900/5900
f 5922/5922 5924/5924 5923/5923
f 5923/5923 5924/5924 5925/5925
f 5923/5923 5925/5925 5900/5900
f 5900/5900 5925/5925 5901/5901
f 5925/5925 5924/5924 5926/5926
f 5926/5926 5924/5924 5927/5927
f 5926/5926 5927/5927 5928/5928
f 5928/5928 5927/5927 5929/5929
f 5928/5928 5929/5929 5903/5903
f 5903/5903 5929/5929 5904/5904
f 5927/5927 5930/5930 5929/5929
f 5929/5929 5930/5930 5931/5931
f 5929/5929 5931/5931 5904/5904
f 5904/5904 5931/5931 5905/5905
f 5930/5930 5932/5932 5931/5931
f 5931/5931 5932/5932 5933/5933
f 5931/5931 5933/5933 5905/5905
f 5905/5905 5933/5933 5906/5906
f 5933/5933 5932/5932 5934/5934
f 5934/5934 5932/5932 5935/5935
f 5934/5934 5935/5935 5936/5936
f 5936/5936 5935/5935 5937/5937
f 5936/5936 5937/5937 5908/5908
f 5908/5908 5937/5937 5909/5909
f 5935/5935 5938/5938 5937/5937
f 5937/5937 5938/5938 5939/5939
f 5937/5937 5939/5939 5909/5909
f 5909/5909 5939/5939 5910/5910
f 5938/5938 5940/5940 5939/5939
f 5939/5939 5940/5940 5941/5941
f 5939/5939 5941/5941 5910/5910
f 5910/5910 5941/5941 5911/5911
f 5941/5941 5940/5940 5942/5942
f 5942/5942 5940/5940 5943/5943
f 5942/5942 5943/5943 5912/5912
f 5912/5912 5943/5943 5944/5944
f 5912/5912 5944/5944 5913/5913
f 5913/5913 5944/5944 5890/5890
f 5944/5944 5888/5888 5890/5890
f 5882/5882 5945/5945 5880/5880
f 5880/5880 5945/5945 5946/5946
f 5880/5880 5946/5946 5878/5878
f 5878/5878 5946/5946 5947/5947
f 5878/5878 5947/5947 5876/5876
f 5876/5876 5947/5947 5948/5948
f 5876/5876 5948/5948 5874/5874
f 5874/5874 5948/5948 5949/5949
f 5874/5874 5949/5949 5872/5872
f 5872/5872 5949/5949 5950/5950
f 5872/5872 5950/5950 5870/5870
f 5870/5870 5950/5950 5951/5951
f 5870/5870 5951/5951 5868/5868
f 5868/5868 5951/5951 5952/5952
f 5868/5868 5952/5952 5866/5866
f 5866/5866 5952/5952 5953/5953
f 5866/5866 5953/5953 5864/5864
f 5864/5864 5953/5953 5954/5954
f 5864/5864 5954/5954 5862/5862
f 5862/5862 5954/5954 5955/5955
f 5862/5862 5955/5955 5860/5860
f 5860/5860 5955/5955 5956/5956
f 5860/5860 5956/5956 5858/5858
f 5858/5858 5956/5956 5957/5957
f 5858/5858 5957/5957 5856/5856
f 5856/5856 5957/5957 5958/5958
f 5856/5856 5958/5958 5854/5854
f 5854/5854 5958/5958 5959/5959
f 5854/5854 5959/5959 5852/5852
f 5852/5852 5959/5959 5960/5960
f 5852/5852 5960/5960 5850/5850
f 5850/5850 5960/5960 5961/5961
f 5850/5850 5961/5961 5848/5848
f 5848/5848 5961/5961 5962/5962
f 5848/5848 5962/5962 5846/5846
f 5846/5846 5962/5962 5963/5963
f 5846/5846 5963/5963 5844/5844
f 5844/5844 5963/5963 5964/5964
f 5844/5844 5964/5964 5842/5842
f 5842/5842 5964/5964 5965/5965
f 5842/5842 5965/5965 5840/5840
f 5840/5840 5965/5965 5966/5966
f 5840/5840 5966/5966 5838/5838
f 5838/5838 5966/5966 5967/5967
f 5838/5838 5967/5967 5836/5836
f 5836/5836 5967/5967 5968/5968
f 5836/5836 5968/5968 5834/5834
f 5834/5834 5968/5968 5969/5969
f 5834/5834 5969/5969 5829/5829
f 5829/5829 5969/5969 5826/5826
f 5945/5945 5970/5970 5946/5946
f 5946/5946 5970/5970 5971/5971
f 5946/5946 5971/5971 5972/5972
f 5972/5972 5971/5971 5973/5973
f 5972/5972 5973/5973 5974/5974
f 5972/5972 5974/5974 5975/5975
f 5975/5975 5974/5974 5976/5976
f 5975/5975 5976/5976 5977/5977
f 5977/5977 5976/5976 5978/5978
f 5977/5977 5978/5978 5979/5979
f 5979/5979 5978/5978 5980/5980
f 5979/5979 5980/5980 5981/5981
f 5981/5981 5980/5980 5982/5982
f 5981/5981 5982/5982 5983/5983
f 5981/5981 5983/5983 5984/5984
f 5984/5984 5983/5983 5985/5985
f 5984/5984 5985/5985 5986/5986
f 5986/5986 5985/5985 5987/5987
f 5986/5986 5987/5987 5988/5988
f 5988/5988 5987/5987 5989/5989
f 5988/5988 5989/5989 5990/5990
f 5990/5990 5989/5989 5991/5991
f 5990/5990 5991/5991 5992/5992
f 5992/5992 5991/5991 5993/5993
f 5992/5992 5993/5993 5994/5994
f 5994/5994 5993/5993 5995/5995
f 5994/5994 5995/5995 5996/5996
f 5996/5996 5995/5995 5997/5997
f 5996/5996 5997/5997 5998/5998
f 5998/5998 5997/5997 5999/5999
f 5998/5998 5999/5999 6000/6000
f 6000/6000 5999/5999 6001/6001
f 6000/6000 6001/6001 6002/6002
f 6002/6002 6001/6001 6003/6003
f 6002/6002 6003/6003 6004/6004
f 6004/6004 6003/6003 6005/6005
f 6004/6004 6005/6005 6006/6006
f 6006/6006 6005/6005 6007/6007
f 6006/6006 6007/6007 6008/6008
f 6008/6008 6007/6007 6009/6009
f 6008/6008 6009/6009 6010/6010
f 6010/6010 6009/6009 6011/6011
f 6010/6010 6011/6011 6012/6012
f 6012/6012 6011/6011 6013/6013
f 6012/6012 6013/6013 6014/6014
f 6014/6014 6013/6013 6015/6015
f 6014/6014 6015/6015 6016/6016
f 6016/6016 6015/6015 6017/6017
f 6016/6016 6017/6017 6018/6018
f 6018/6018 6017/6017 6019/6019
f 6018/6018 6019/6019 6020/6020
f 6020/6020 6019/6019 6021/6021
f 6020/6020 6021/6021 6022/6022
f 6022/6022 6021/6021 6023/6023
f 6022/6022 6023/6023 6024/6024
f 6024/6024 6023/6023 6025/6025
f 6024/6024 6025/6025 6026/6026
f 6026/6026 6025/6025 5503/5503
f 6026/6026 5503/5503 5505/5505
f 5997/5997 6027/6027 5999/5999
f 5999/5999 6027/6027 6028/6028
f 5999/5999 6028/6028 6001/6001
f 6001/6001 6028/6028 6029/6029
f 6001/6001 6029/6029 6003/6003
f 6003/6003 6029/6029 6030/6030
f 6003/6003 6030/6030 6005/6005
f 6005/6005 6030/6030 6031/6031
f 6005/6005 6031/6031 6007/6007
f 6007/6007 6031/6031 6032/6032
f 6007/6007 6032/6032 6009/6009
f 6009/6009 6032/6032 6033/6033
f 6009/6009 6033/6033 6011/6011
f 6011/6011 6033/6033 6034/6034
f 6011/6011 6034/6034 6013/6013
f 6013/6013 6034/6034 6035/6035
f 6013/6013 6035/6035 6015/6015
f 6015/6015 6035/6035 6036/6036
f 6015/6015 6036/6036 6017/6017
f 6017/6017 6036/6036 6037/6037
f 6017/6017 6037/6037 6019/6019
f 6019/6019 6037/6037 6038/6038
f 6019/6019 6038/6038 6021/6021
f 6021/6021 6038/6038 6039/6039
f 6021/6021 6039/6039 6023/6023
f 6023/6023 6039/6039 6040/6040
f 6023/6023 6040/6040 6025/6025
f 6025/6025 6040/6040 5501/5501
f 6025/6025 5501/5501 5503/5503
f 6027/6027 6041/6041 6028/6028
f 6028/6028 6041/6041 6042/6042
f 6028/6028 6042/6042 6029/6029
f 6029/6029 6042/6042 6043/6043
f 6029/6029 6043/6043 6030/6030
f 6030/6030 6043/6043 6044/6044
f 6030/6030 6044/6044 6031/6031
f 6031/6031 6044/6044 6045/6045
f 6031/6031 6045/6045 6032/6032
f 6032/6032 6045/6045 6046/6046
f 6032/6032 6046/6046 6033/6033
f 6033/6033 6046/6046 6047/6047
f 6033/6033 6047/6047 6034/6034
f 6034/6034 6047/6047 6048/6048
f 6034/6034 6048/6048 6035/6035
f 6035/6035 6048/6048 6049/6049
f 6035/6035 6049/6049 6036/6036
f 6036/6036 6049/6049 6050/6050
f 6036/6036 6050/6050 6037/6037
f 6037/6037 6050/6050 6051/6051
f 6037/6037 6051/6051 6038/6038
f 6038/6038 6051/6051 6052/6052
f 6038/6038 6052/6052 6039/6039
f 6039/6039 6052/6052 6053/6053
f 6039/6039 6053/6053 6040/6040
f 6040/6040 6053/6053 5499/5499
f 6040/6040 5499/5499 5501/5501
f 6041/6041 6054/6054 6042/6042
f 6042/6042 6054/6054 6055/6055
f 6042/6042 6055/6055 6043/6043
f 6043/6043 6055/6055 6056/6056
f 6043/6043 6056/6056 6044/6044
f 6044/6044 6056/6056 6057/6057
f 6044/6044 6057/6057 6045/6045
f 6045/6045 6057/6057 6058/6058
f 6045/6045 6058/6058 6046/6046
f 6046/6046 6058/6058 6059/6059
f 6046/6046 6059/6059 6047/6047
f 6047/6047 6059/6059 6060/6060
f 6047/6047 6060/6060 6048/6048
f 6048/6048 6060/6060 6061/6061
f 6048/6048 6061/6061 6049/6049
f 6049/6049 6061/6061 6062/6062
f 6049/6049 6062/6062 6050/6050
f 6050/6050 6062/6062 6063/6063
f 6050/6050 6063/6063 6051/6051
f 6051/6051 6063/6063 6064/6064
f 6051/6051 6064/6064 6052/6052
f 6052/6052 6064/6064 6065/6065
f 6052/6052 6065/6065 6053/6053
f 6053/6053 6065/6065 5497/5497
f 6053/6053 5497/5497 5499/5499
f 6054/6054 6066/6066 6055/6055
f 6055/6055 6066/6066 6067/6067
f 6055/6055 6067/6067 6056/6056
f 6056/6056 6067/6067 6068/6068
f 6056/6056 6068/6068 6057/6057
f 6057/6057 6068/6068 6069/6069
f 6057/6057 6069/6069 6058/6058
f 6058/6058 6069/6069 6070/6070
f 6058/6058 6070/6070 6059/6059
f 6059/6059 6070/6070 6071/6071
f 6059/6059 6071/6071 6060/6060
f 6060/6060 6071/6071 6072/6072
f 6060/6060 6072/6072 6061/6061
f 6061/6061 6072/6072 6073/6073
f 6061/6061 6073/6073 6062/6062
f 6062/6062 6073/6073 6074/6074
f 6062/6062 6074/6074 6063/6063
f 6063/6063 6074/6074 6075/6075
f 6063/6063 6075/6075 6064/6064
f 6064/6064 6075/6075 6076/6076
f 6064/6064 6076/6076 6065/6065
f 6065/6065 6076/6076 5495/5495
f 6065/6065 5495/5495 5497/5497
f 6066/6066 6077/6077 6067/6067
f 6067/6067 6077/6077 6078/6078
f 6067/6067 6078/6078 6068/6068
f 6068/6068 6078/6078 6079/6079
f 6068/6068 6079/6079 6069/6069
f 6069/6069 6079/6079 6080/6080
f 6069/6069 6080/6080 6070/6070
f 6070/6070 6080/6080 6081/6081
f 6070/6070 6081/6081 6071/6071
f 6071/6071 6081/6081 6082/6082
f 6071/6071 6082/6082 6072/6072
f 6072/6072 6082/6082 6083/6083
f 6072/6072 6083/6083 6073/6073
f 6073/6073 6083/6083 6084/6084
f 6073/6073 6084/6084 6074/6074
f 6074/6074 6084/6084 6085/6085
f 6074/6074 6085/6085 6075/6075
f 6075/6075 6085/6085 6086/6086
f 6075/6075 6086/6086 6076/6076
f 6076/6076 6086/6086 5493/5493
f 6076/6076 5493/5493 5495/5495
f 6077/6077 6087/6087 6078/6078
f 6078/6078 6087/6087 6088/6088
f 6078/6078 6088/6088 6079/6079
f 6079/6079 6088/6088 6089/6089
f 6079/6079 6089/6089 6080/6080
f 6080/6080 6089/6089 6090/6090
f 6080/6080 6090/6090 6081/6081
f 6081/6081 6090/6090 6091/6091
f 6081/6081 6091/6091 6082/6082
f 6082/6082 6091/6091 6092/6092
f 6082/6082 6092/6092 6083/6083
f 6083/6083 6092/6092 6093/6093
f 6083/6083 6093/6093 6084/6084
f 6084/6084 6093/6093 6094/6094
f 6084/6084 6094/6094 6085/6085
f 6085/6085 6094/6094 6095/6095
f 6085/6085 6095/6095 6086/6086
f 6086/6086 6095/6095 5491/5491
f 6086/6086 5491/5491 5493/5493
f 6087/6087 6096/6096 6088/6088
f 6088/6088 6096/6096 6097/6097
f 6088/6088 6097/6097 6089/6089
f 6089/6089 6097/6097 6098/6098
f 6089/6089 6098/6098 6090/6090
f 6090/6090 6098/6098 6099/6099
f 6090/6090 6099/6099 6091/6091
f 6091/6091 6099/6099 6100/6100
f 6091/6091 6100/6100 6092/6092
f 6092/6092 6100/6100 6101/6101
f 6092/6092 6101/6101 6093/6093
f 6093/6093 6101/6101 6102/6102
f 6093/6093 6102/6102 6094/6094
f 6094/6094 6102/6102 6103/6103
f 6094/6094 6103/6103 6095/6095
f 6095/6095 6103/6103 5489/5489
f 6095/6095 5489/5489 5491/5491
f 6096/6096 6104/6104 6097/6097
f 6097/6097 6104/6104 6105/6105
f 6097/6097 6105/6105 6098/6098
f 6098/6098 6105/6105 6106/6106
f 6098/6098 6106/6106 6099/6099
f 6099/6099 6106/6106 6107/6107
f 6099/6099 6107/6107 6100/6100
f 6100/6100 6107/6107 6108/6108
f 6100/6100 6108/6108 6101/6101
f 6101/6101 6108/6108 6109/6109
f 6101/6101 6109/6109 6102/6102
f 6102/6102 6109/6109 6110/6110
f 6102/6102 6110/6110 6103/6103
f 6103/6103 6110/6110 5487/5487
f 6103/6103 5487/5487 5489/5489
f 6104/6104 6111/6111 6105/6105
f 6105/6105 6111/6111 6112/6112
f 6105/6105 6112/6112 6106/6106
f 6106/6106 6112/6112 6113/6113
f 6106/6106 6113/6113 6107/6107
f 6107/6107 6113/6113 6114/6114
f 6107/6107 6114/6114 6108/6108
f 6108/6108 6114/6114 6115/6115
f 6108/6108 6115/6115 6109/6109
f 6109/6109 6115/6115 6116/6116
f 6109/6109 6116/6116 6110/6110
f 6110/6110 6116/6116 5485/5485
f 6110/6110 5485/5485 5487/5487
f 6111/6111 6117/6117 6112/6112
f 6112/6112 6117/6117 6118/6118
f 6112/6112 6118/6118 6113/6113
f 6113/6113 6118/6118 6119/6119
f 6113/6113 6119/6119 6114/6114
f 6114/6114 6119/6119 6120/6120
f 6114/6114 6120/6120 6115/6115
f 6115/6115 6120/6120 6121/6121
f 6115/6115 6121/6121 6116/6116
f 6116/6116 6121/6121 5483/5483
f 6116/6116 5483/5483 5485/5485
f 6117/6117 6122/6122 6118/6118
f 6118/6118 6122/6122 6123/6123
f 6118/6118 6123/6123 6124/6124
f 6124/6124 6123/6123 6125/6125
f 6124/6124 6125/6125 6126/6126
f 6126/6126 6125/6125 6127/6127
f 6126/6126 6127/6127 6128/6128
f 6128/6128 6127/6127 5477/5477
f 6128/6128 5477/5477 5479/5479
f 6125/6125 6129/6129 6127/6127
f 6127/6127 6129/6129 5475/5475
f 6127/6127 5475/5475 5477/5477
f 6129/6129 5473/5473 5475/5475
f 5472/5472 5469/5469 6130/6130
f 6130/6130 5469/5469 5814/5814
f 6130/6130 5814/5814 5812/5812
f 5474/5474 5472/5472 6131/6131
f 6131/6131 5472/5472 6130/6130
f 6131/6131 6130/6130 6132/6132
f 6132/6132 6130/6130 5812/5812
f 6132/6132 5812/5812 5810/5810
f 6119/6119 6118/6118 6124/6124
f 6124/6124 6126/6126 6133/6133
f 6133/6133 6126/6126 6128/6128
f 6133/6133 6128/6128 6134/6134
f 6134/6134 6128/6128 5479/5479
f 6134/6134 5479/5479 5481/5481
f 5996/5996 5998/5998 6135/6135
f 6135/6135 5998/5998 6000/6000
f 6135/6135 6000/6000 6136/6136
f 6136/6136 6000/6000 6002/6002
f 6136/6136 6002/6002 6137/6137
f 6137/6137 6002/6002 6004/6004
f 6137/6137 6004/6004 6138/6138
f 6138/6138 6004/6004 6006/6006
f 6138/6138 6006/6006 6139/6139
f 6139/6139 6006/6006 6008/6008
f 6139/6139 6008/6008 6140/6140
f 6140/6140 6008/6008 6010/6010
f 6140/6140 6010/6010 6141/6141
f 6141/6141 6010/6010 6012/6012
f 6141/6141 6012/6012 6142/6142
f 6142/6142 6012/6012 6014/6014
f 6142/6142 6014/6014 6143/6143
f 6143/6143 6014/6014 6016/6016
f 6143/6143 6016/6016 6144/6144
f 6144/6144 6016/6016 6018/6018
f 6144/6144 6018/6018 6145/6145
f 6145/6145 6018/6018 6020/6020
f 6145/6145 6020/6020 6146/6146
f 6146/6146 6020/6020 6022/6022
f 6146/6146 6022/6022 6147/6147
f 6147/6147 6022/6022 6024/6024
f 6147/6147 6024/6024 6148/6148
f 6148/6148 6024/6024 6026/6026
f 6148/6148 6026/6026 6149/6149
f 6149/6149 6026/6026 5505/5505
f 6149/6149 5505/5505 5507/5507
f 5994/5994 5996/5996 6150/6150
f 6150/6150 5996/5996 6135/6135
f 6150/6150 6135/6135 6151/6151
f 6151/6151 6135/6135 6136/6136
f 6151/6151 6136/6136 6152/6152
f 6152/6152 6136/6136 6137/6137
f 6152/6152 6137/6137 6153/6153
f 6153/6153 6137/6137 6138/6138
f 6153/6153 6138/6138 6154/6154
f 6154/6154 6138/6138 6139/6139
f 6154/6154 6139/6139 6155/6155
f 6155/6155 6139/6139 6140/6140
f 6155/6155 6140/6140 6156/6156
f 6156/6156 6140/6140 6141/6141
f 6156/6156 6141/6141 6157/6157
f 6157/6157 6141/6141 6142/6142
f 6157/6157 6142/6142 6158/6158
f 6158/6158 6142/6142 6143/6143
f 6158/6158 6143/6143 6159/6159
f 6159/6159 6143/6143 6144/6144
f 6159/6159 6144/6144 6160/6160
f 6160/6160 6144/6144 6145/6145
f 6160/6160 6145/6145 6161/6161
f 6161/6161 6145/6145 6146/6146
f 6161/6161 6146/6146 6162/6162
f 6162/6162 6146/6146 6147/6147
f 6162/6162 6147/6147 6163/6163
f 6163/6163 6147/6147 6148/6148
f 6163/6163 6148/6148 6164/6164
f 6164/6164 6148/6148 6149/6149
f 6164/6164 6149/6149 6165/6165
f 6165/6165 6149/6149 5507/5507
f 6165/6165 5507/5507 5509/5509
f 5992/5992 5994/5994 6166/6166
f 6166/6166 5994/5994 6150/6150
f 6166/6166 6150/6150 6167/6167
f 6167/6167 6150/6150 6151/6151
f 6167/6167 6151/6151 6168/6168
f 6168/6168 6151/6151 6152/6152
f 6168/6168 6152/6152 6169/6169
f 6169/6169 6152/6152 6153/6153
f 6169/6169 6153/6153 6170/6170
f 6170/6170 6153/6153 6154/6154
f 6170/6170 6154/6154 6171/6171
f 6171/6171 6154/6154 6155/6155
f 6171/6171 6155/6155 6172/6172
f 6172/6172 6155/6155 6156/6156
f 6172/6172 6156/6156 6173/6173
f 6173/6173 6156/6156 6157/6157
f 6173/6173 6157/6157 6174/6174
f 6174/6174 6157/6157 6158/6158
f 6174/6174 6158/6158 6175/6175
f 6175/6175 6158/6158 6159/6159
f 6175/6175 6159/6159 6176/6176
f 6176/6176 6159/6159 6160/6160
f 6176/6176 6160/6160 6177/6177
f 6177/6177 6160/6160 6161/6161
f 6177/6177 6161/6161 6178/6178
f 6178/6178 6161/6161 6162/6162
f 6178/6178 6162/6162 6179/6179
f 6179/6179 6162/6162 6163/6163
f 6179/6179 6163/6163 6180/6180
f 6180/6180 6163/6163 6164/6164
f 6180/6180 6164/6164 6181/6181
f 6181/6181 6164/6164 6165/6165
f 6181/6181 6165/6165 6182/6182
f 6182/6182 6165/6165 5509/5509
f 6182/6182 5509/5509 5511/5511
f 5990/5990 5992/5992 6183/6183
f 6183/6183 5992/5992 6166/6166
f 6183/6183 6166/6166 6184/6184
f 6184/6184 6166/6166 6167/6167
f 6184/6184 6167/6167 6185/6185
f 6185/6185 6167/6167 6168/6168
f 6185/6185 6168/6168 6186/6186
f 6186/6186 6168/6168 6169/6169
f 6186/6186 6169/6169 6187/6187
f 6187/6187 6169/6169 6170/6170
f 6187/6187 6170/6170 6188/6188
f 6188/6188 6170/6170 6171/6171
f 6188/6188 6171/6171 6189/6189
f 6189/6189 6171/6171 6172/6172
f 6189/6189 6172/6172 6190/6190
f 6190/6190 6172/6172 6173/6173
f 6190/6190 6173/6173 6191/6191
f 6191/6191 6173/6173 6174/6174
f 6191/6191 6174/6174 6192/6192
f 6192/6192 6174/6174 6175/6175
f 6192/6192 6175/6175 6193/6193
f 6193/6193 6175/6175 6176/6176
f 6193/6193 6176/6176 6194/6194
f 6194/6194 6176/6176 6177/6177
f 6194/6194 6177/6177 6195/6195
f 6195/6195 6177/6177 6178/6178
f 6195/6195 6178/6178 6196/6196
f 6196/6196 6178/6178 6179/6179
f 6196/6196 6179/6179 6197/6197
f 6197/6197 6179/6179 6180/6180
f 6197/6197 6180/6180 6198/6198
f 6198/6198 6180/6180 6181/6181
f 6198/6198 6181/6181 6199/6199
f 6199/6199 6181/6181 6182/6182
f 6199/6199 6182/6182 6200/6200
f 6200/6200 6182/6182 5511/5511
f 6200/6200 5511/5511 5513/5513
f 5988/5988 5990/5990 6201/6201
f 6201/6201 5990/5990 6183/6183
f 6201/6201 6183/6183 6202/6202
f 6202/6202 6183/6183 6184/6184
f 6202/6202 6184/6184 6203/6203
f 6203/6203 6184/6184 6185/6185
f 6203/6203 6185/6185 6204/6204
f 6204/6204 6185/6185 6186/6186
f 6204/6204 6186/6186 6205/6205
f 6205/6205 6186/6186 6187/6187
f 6205/6205 6187/6187 6206/6206
f 6206/6206 6187/6187 6188/6188
f 6206/6206 6188/6188 6207/6207
f 6207/6207 6188/6188 6189/6189
f 6207/6207 6189/6189 6208/6208
f 6208/6208 6189/6189 6190/6190
f 6208/6208 6190/6190 6209/6209
f 6209/6209 6190/6190 6191/6191
f 6209/6209 6191/6191 6210/6210
f 6210/6210 6191/6191 6192/6192
f 6210/6210 6192/6192 6211/6211
f 6211/6211 6192/6192 6193/6193
f 6211/6211 6193/6193 6212/6212
f 6212/6212 6193/6193 6194/6194
f 6212/6212 6194/6194 6213/6213
f 6213/6213 6194/6194 6195/6195
f 6213/6213 6195/6195 6214/6214
f 6214/6214 6195/6195 6196/6196
f 6214/6214 6196/6196 6215/6215
f 6215/6215 6196/6196 6197/6197
f 6215/6215 6197/6197 6216/6216
f 6216/6216 6197/6197 6198/6198
f 6216/6216 6198/6198 6217/6217
f 6217/6217 6198/6198 6199/6199
f 6217/6217 6199/6199 6218/6218
f 6218/6218 6199/6199 6200/6200
f 6218/6218 6200/6200 6219/6219
f 6219/6219 6200/6200 5513/5513
f 6219/6219 5513/5513 5515/5515
f 5986/5986 5988/5988 6220/6220
f 6220/6220 5988/5988 6201/6201
f 6220/6220 6201/6201 6221/6221
f 6221/6221 6201/6201 6202/6202
f 6221/6221 6202/6202 6222/6222
f 6222/6222 6202/6202 6203/6203
f 6222/6222 6203/6203 6223/6223
f 6223/6223 6203/6203 6204/6204
f 6223/6223 6204/6204 6224/6224
f 6224/6224 6204/6204 6205/6205
f 6224/6224 6205/6205 6225/6225
f 6225/6225 6205/6205 6206/6206
f 6225/6225 6206/6206 6226/6226
f 6226/6226 6206/6206 6207/6207
f 6226/6226 6207/6207 6227/6227
f 6227/6227 6207/6207 6208/6208
f 6227/6227 6208/6208 6228/6228
f 6228/6228 6208/6208 6209/6209
f 6228/6228 6209/6209 6229/6229
f 6229/6229 6209/6209 6210/6210
f 6229/6229 6210/6210 6230/6230
f 6230/6230 6210/6210 6211/6211
f 6230/6230 6211/6211 6231/6231
f 6231/6231 6211/6211 6212/6212
f 6231/6231 6212/6212 6232/6232
f 6232/6232 6212/6212 6213/6213
f 6232/6232 6213/6213 6233/6233
f 6233/6233 6213/6213 6214/6214
f 6233/6233 6214/6214 6234/6234
f 6234/6234 6214/6214 6215/6215
f 6234/6234 6215/6215 6235/6235
f 6235/6235 6215/6215 6216/6216
f 6235/6235 6216/6216 6236/6236
f 6236/6236 6216/6216 6217/6217
f 6236/6236 6217/6217 6237/6237
f 6237/6237 6217/6217 6218/6218
f 6237/6237 6218/6218 6238/6238
f 6238/6238 6218/6218 6219/6219
f 6238/6238 6219/6219 6239/6239
f 6239/6239 6219/6219 5515/5515
f 6239/6239 5515/5515 5517/5517
f 5984/5984 5986/5986 6240/6240
f 6240/6240 5986/5986 6220/6220
f 6240/6240 6220/6220 6241/6241
f 6241/6241 6220/6220 6221/6221
f 6241/6241 6221/6221 6242/6242
f 6242/6242 6221/6221 6222/6222
f 6242/6242 6222/6222 6243/6243
f 6243/6243 6222/6222 6223/6223
f 6243/6243 6223/6223 6244/6244
f 6244/6244 6223/6223 6224/6224
f 6244/6244 6224/6224 6245/6245
f 6245/6245 6224/6224 6225/6225
f 6245/6245 6225/6225 6246/6246
f 6246/6246 6225/6225 6226/6226
f 6246/6246 6226/6226 6247/6247
f 6247/6247 6226/6226 6227/6227
f 6247/6247 6227/6227 6248/6248
f 6248/6248 6227/6227 6228/6228
f 6248/6248 6228/6228 6249/6249
f 6249/6249 6228/6228 6229/6229
f 6249/6249 6229/6229 6250/6250
f 6250/6250 6229/6229 6230/6230
f 6250/6250 6230/6230 6251/6251
f 6251/6251 6230/6230 6231/6231
f 6251/6251 6231/6231 6252/6252
f 6252/6252 6231/6231 6232/6232
f 6252/6252 6232/6232 6253/6253
f 6253/6253 6232/6232 6233/6233
f 6253/6253 6233/6233 6254/6254
f 6254/6254 6233/6233 6234/6234
f 6254/6254 6234/6234 6255/6255
f 6255/6255 6234/6234 6235/6235
f 6255/6255 6235/6235 6256/6256
f 6256/6256 6235/6235 6236/6236
f 6256/6256 6236/6236 6257/6257
f 6257/6257 6236/6236 6237/6237
f 6257/6257 6237/6237 6258/6258
f 6258/6258 6237/6237 6238/6238
f 6258/6258 6238/6238 6259/6259
f 6259/6259 6238/6238 6239/6239
f 6259/6259 6239/6239 6260/6260
f 6260/6260 6239/6239 5517/5517
f 6260/6260 5517/5517 5519/5519
f 5981/5981 5984/5984 6261/6261
f 6261/6261 5984/5984 6240/6240
f 6261/6261 6240/6240 6262/6262
f 6262/6262 6240/6240 6241/6241
f 6262/6262 6241/6241 6263/6263
f 6263/6263 6241/6241 6242/6242
f 6263/6263 6242/6242 6264/6264
f 6264/6264 6242/6242 6243/6243
f 6264/6264 6243/6243 6265/6265
f 6265/6265 6243/6243 6244/6244
f 6265/6265 6244/6244 6266/6266
f 6266/6266 6244/6244 6245/6245
f 6266/6266 6245/6245 6267/6267
f 6267/6267 6245/6245 6246/6246
f 6267/6267 6246/6246 6268/6268
f 6268/6268 6246/6246 6247/6247
f 6268/6268 6247/6247 6269/6269
f 6269/6269 6247/6247 6248/6248
f 6269/6269 6248/6248 6270/6270
f 6270/6270 6248/6248 6249/6249
f 6270/6270 6249/6249 6271/6271
f 6271/6271 6249/6249 6250/6250
f 6271/6271 6250/6250 6272/6272
f 6272/6272 6250/6250 6251/6251
f 6272/6272 6251/6251 6273/6273
f 6273/6273 6251/6251 6252/6252
f 6273/6273 6252/6252 6274/6274
f 6274/6274 6252/6252 6253/6253
f 6274/6274 6253/6253 6275/6275
f 6275/6275 6253/6253 6254/6254
f 6275/6275 6254/6254 6276/6276
f 6276/6276 6254/6254 6255/6255
f 6276/6276 6255/6255 6277/6277
f 6277/6277 6255/6255 6256/6256
f 6277/6277 6256/6256 6278/6278
f 6278/6278 6256/6256 6257/6257
f 6278/6278 6257/6257 6279/6279
f 6279/6279 6257/6257 6258/6258
f 6279/6279 6258/6258 6280/6280
f 6280/6280 6258/6258 6259/6259
f 6280/6280 6259/6259 6281/6281
f 6281/6281 6259/6259 6260/6260
f 6281/6281 6260/6260 6282/6282
f 6282/6282 6260/6260 5519/5519
f 6282/6282 5519/5519 5521/5521
f 5979/5979 5981/5981 6283/6283
f 6283/6283 5981/5981 6261/6261
f 6283/6283 6261/6261 6284/6284
f 6284/6284 6261/6261 6262/6262
f 6284/6284 6262/6262 6285/6285
f 6285/6285 6262/6262 6263/6263
f 6285/6285 6263/6263 6286/6286
f 6286/6286 6263/6263 6264/6264
f 6286/6286 6264/6264 6287/6287
f 6287/6287 6264/6264 6265/6265
f 6287/6287 6265/6265 6288/6288
f 6288/6288 6265/6265 6266/6266
f 6288/6288 6266/6266 6289/6289
f 6289/6289 6266/6266 6267/6267
f 6289/6289 6267/6267 6290/6290
f 6290/6290 6267/6267 6268/6268
f 6290/6290 6268/6268 6291/6291
f 6291/6291 6268/6268 6269/6269
f 6291/6291 6269/6269 6292/6292
f 6292/6292 6269/6269 6270/6270
f 6292/6292 6270/6270 6293/6293
f 6293/6293 6270/6270 6271/6271
f 6293/6293 6271/6271 6294/6294
f 6294/6294 6271/6271 6272/6272
f 6294/6294 6272/6272 6295/6295
f 6295/6295 6272/6272 6273/6273
f 6295/6295 6273/6273 6296/6296
f 6296/6296 6273/6273 6274/6274
f 6296/6296 6274/6274 6297/6297
f 6297/6297 6274/6274 6275/6275
f 6297/6297 6275/6275 6298/6298
f 6298/6298 6275/6275 6276/6276
f 6298/6298 6276/6276 6299/6299
f 6299/6299 6276/6276 6277/6277
f 6299/6299 6277/6277 6300/6300
f 6300/6300 6277/6277 6278/6278
f 6300/6300 6278/6278 6301/6301
f 6301/6301 6278/6278 6279/6279
f 6301/6301 6279/6279 6302/6302
f 6302/6302 6279/6279 6280/6280
f 6302/6302 6280/6280 6303/6303
f 6303/6303 6280/6280 6281/6281
f 6303/6303 6281/6281 6304/6304
f 6304/6304 6281/6281 6282/6282
f 6304/6304 6282/6282 6305/6305
f 6305/6305 6282/6282 5521/5521
f 6305/6305 5521/5521 5523/5523
f 5977/5977 5979/5979 6306/6306
f 6306/6306 5979/5979 6283/6283
f 6306/6306 6283/6283 6307/6307
f 6307/6307 6283/6283 6284/6284
f 6307/6307 6284/6284 6308/6308
f 6308/6308 6284/6284 6285/6285
f 6308/6308 6285/6285 6309/6309
f 6309/6309 6285/6285 6286/6286
f 6309/6309 6286/6286 6310/6310
f 6310/6310 6286/6286 6287/6287
f 6310/6310 6287/6287 6311/6311
f 6311/6311 6287/6287 6288/6288
f 6311/6311 6288/6288 6312/6312
f 6312/6312 6288/6288 6289/6289
f 6312/6312 6289/6289 6313/6313
f 6313/6313 6289/6289 6290/6290
f 6313/6313 6290/6290 6314/6314
f 6314/6314 6290/6290 6291/6291
f 6314/6314 6291/6291 6315/6315
f 6315/6315 6291/6291 6292/6292
f 6315/6315 6292/6292 6316/6316
f 6316/6316 6292/6292 6293/6293
f 6316/6316 6293/6293 6317/6317
f 6317/6317 6293/6293 6294/6294
f 6317/6317 6294/6294 6318/6318
f 6318/6318 6294/6294 6295/6295
f 6318/6318 6295/6295 6319/6319
f 6319/6319 6295/6295 6296/6296
f 6319/6319 6296/6296 6320/6320
f 6320/6320 6296/6296 6297/6297
f 6320/6320 6297/6297 6321/6321
f 6321/6321 6297/6297 6298/6298
f 6321/6321 6298/6298 6322/6322
f 6322/6322 6298/6298 6299/6299
f 6322/6322 6299/6299 6323/6323
f 6323/6323 6299/6299 6300/6300
f 6323/6323 6300/6300 6324/6324
f 6324/6324 6300/6300 6301/6301
f 6324/6324 6301/6301 6325/6325
f 6325/6325 6301/6301 6302/6302
f 6325/6325 6302/6302 6326/6326
f 6326/6326 6302/6302 6303/6303
f 6326/6326 6303/6303 6327/6327
f 6327/6327 6303/6303 6304/6304
f 6327/6327 6304/6304 6328/6328
f 6328/6328 6304/6304 6305/6305
f 6328/6328 6305/6305 5819/5819
f 5819/5819 6305/6305 5523/5523
f 5975/5975 5977/5977 6329/6329
f 6329/6329 5977/5977 6306/6306
f 6329/6329 6306/6306 6330/6330
f 6330/6330 6306/6306 6307/6307
f 6330/6330 6307/6307 6331/6331
f 6331/6331 6307/6307 6308/6308
f 6331/6331 6308/6308 6332/6332
f 6332/6332 6308/6308 6309/6309
f 6332/6332 6309/6309 6333/6333
f 6333/6333 6309/6309 6310/6310
f 6333/6333 6310/6310 6334/6334
f 6334/6334 6310/6310 6311/6311
f 6334/6334 6311/6311 6335/6335
f 6335/6335 6311/6311 6312/6312
f 6335/6335 6312/6312 6336/6336
f 6336/6336 6312/6312 6313/6313
f 6336/6336 6313/6313 6337/6337
f 6337/6337 6313/6313 6314/6314
f 6337/6337 6314/6314 6338/6338
f 6338/6338 6314/6314 6315/6315
f 6338/6338 6315/6315 6339/6339
f 6339/6339 6315/6315 6316/6316
f 6339/6339 6316/6316 6340/6340
f 6340/6340 6316/6316 6317/6317
f 6340/6340 6317/6317 6341/6341
f 6341/6341 6317/6317 6318/6318
f 6341/6341 6318/6318 6342/6342
f 6342/6342 6318/6318 6319/6319
f 6342/6342 6319/6319 6343/6343
f 6343/6343 6319/6319 6320/6320
f 6343/6343 6320/6320 6344/6344
f 6344/6344 6320/6320 6321/6321
f 6344/6344 6321/6321 6345/6345
f 6345/6345 6321/6321 6322/6322
f 6345/6345 6322/6322 6346/6346
f 6346/6346 6322/6322 6323/6323
f 6346/6346 6323/6323 6347/6347
f 6347/6347 6323/6323 6324/6324
f 6347/6347 6324/6324 6348/6348
f 6348/6348 6324/6324 6325/6325
f 6348/6348 6325/6325 6349/6349
f 6349/6349 6325/6325 6326/6326
f 6349/6349 6326/6326 6350/6350
f 6350/6350 6326/6326 6327/6327
f 6350/6350 6327/6327 6351/6351
f 6351/6351 6327/6327 6328/6328
f 6351/6351 6328/6328 5821/5821
f 5821/5821 6328/6328 5819/5819
f 5947/5947 5946/5946 5972/5972
f 5972/5972 5975/5975 6352/6352
f 6352/6352 5975/5975 6329/6329
f 6352/6352 6329/6329 6353/6353
f 6353/6353 6329/6329 6330/6330
f 6353/6353 6330/6330 6354/6354
f 6354/6354 6330/6330 6331/6331
f 6354/6354 6331/6331 6355/6355
f 6355/6355 6331/6331 6332/6332
f 6355/6355 6332/6332 6356/6356
f 6356/6356 6332/6332 6333/6333
f 6356/6356 6333/6333 6357/6357
f 6357/6357 6333/6333 6334/6334
f 6357/6357 6334/6334 6358/6358
f 6358/6358 6334/6334 6335/6335
f 6358/6358 6335/6335 6359/6359
f 6359/6359 6335/6335 6336/6336
f 6359/6359 6336/6336 6360/6360
f 6360/6360 6336/6336 6337/6337
f 6360/6360 6337/6337 6361/6361
f 6361/6361 6337/6337 6338/6338
f 6361/6361 6338/6338 6362/6362
f 6362/6362 6338/6338 6339/6339
f 6362/6362 6339/6339 6363/6363
f 6363/6363 6339/6339 6340/6340
f 6363/6363 6340/6340 6364/6364
f 6364/6364 6340/6340 6341/6341
f 6364/6364 6341/6341 6365/6365
f 6365/6365 6341/6341 6342/6342
f 6365/6365 6342/6342 6366/6366
f 6366/6366 6342/6342 6343/6343
f 6366/6366 6343/6343 6367/6367
f 6367/6367 6343/6343 6344/6344
f 6367/6367 6344/6344 6368/6368
f 6368/6368 6344/6344 6345/6345
f 6368/6368 6345/6345 6369/6369
f 6369/6369 6345/6345 6346/6346
f 6369/6369 6346/6346 6370/6370
f 6370/6370 6346/6346 6347/6347
f 6370/6370 6347/6347 6371/6371
f 6371/6371 6347/6347 6348/6348
f 6371/6371 6348/6348 6372/6372
f 6372/6372 6348/6348 6349/6349
f 6372/6372 6349/6349 6373/6373
f 6373/6373 6349/6349 6350/6350
f 6373/6373 6350/6350 6374/6374
f 6374/6374 6350/6350 6351/6351
f 6374/6374 6351/6351 5824/5824
f 5824/5824 6351/6351 5821/5821
f 5889/5889 5886/5886 5881/5881
f 5889/5889 5881/5881 5879/5879
f 5474/5474 6131/6131 5476/5476
f 5476/5476 6131/6131 6375/6375
f 5476/5476 6375/6375 5478/5478
f 5478/5478 6375/6375 6376/6376
f 5478/5478 6376/6376 5480/5480
f 5480/5480 6376/6376 6377/6377
f 5480/5480 6377/6377 5482/5482
f 5482/5482 6377/6377 6378/6378
f 5482/5482 6378/6378 5484/5484
f 5484/5484 6378/6378 6379/6379
f 5484/5484 6379/6379 5486/5486
f 5486/5486 6379/6379 6380/6380
f 5486/5486 6380/6380 5488/5488
f 5488/5488 6380/6380 6381/6381
f 5488/5488 6381/6381 5490/5490
f 5490/5490 6381/6381 6382/6382
f 5490/5490 6382/6382 5492/5492
f 5492/5492 6382/6382 6383/6383
f 5492/5492 6383/6383 5494/5494
f 5494/5494 6383/6383 6384/6384
f 5494/5494 6384/6384 5496/5496
f 5496/5496 6384/6384 6385/6385
f 5496/5496 6385/6385 5498/5498
f 5498/5498 6385/6385 6386/6386
f 5498/5498 6386/6386 5500/5500
f 5500/5500 6386/6386 6387/6387
f 5500/5500 6387/6387 5502/5502
f 5502/5502 6387/6387 6388/6388
f 5502/5502 6388/6388 5504/5504
f 5504/5504 6388/6388 6389/6389
f 5504/5504 6389/6389 5506/5506
f 5506/5506 6389/6389 6390/6390
f 5506/5506 6390/6390 5508/5508
f 5508/5508 6390/6390 6391/6391
f 5508/5508 6391/6391 5510/5510
f 5510/5510 6391/6391 6392/6392
f 5510/5510 6392/6392 5512/5512
f 5512/5512 6392/6392 6393/6393
f 5512/5512 6393/6393 5514/5514
f 5514/5514 6393/6393 6394/6394
f 5514/5514 6394/6394 5516/5516
f 5516/5516 6394/6394 6395/6395
f 5516/5516 6395/6395 5518/5518
f 5518/5518 6395/6395 5817/5817
f 6375/6375 6131/6131 6132/6132
f 6120/6120 6119/6119 6133/6133
f 6133/6133 6119/6119 6124/6124
f 6120/6120 6133/6133 6134/6134
f 5948/5948 5947/5947 6352/6352
f 6352/6352 5947/5947 5972/5972
f 5948/5948 6352/6352 6353/6353
f 5528/5528 6396/6396 5526/5526
f 5526/5526 6396/6396 5813/5813
f 5526/5526 5813/5813 5467/5467
f 5813/5813 6396/6396 5811/5811
f 5811/5811 6396/6396 6397/6397
f 5811/5811 6397/6397 5809/5809
f 5809/5809 6397/6397 6398/6398
f 5809/5809 6398/6398 5807/5807
f 5807/5807 6398/6398 6399/6399
f 5807/5807 6399/6399 5805/5805
f 5805/5805 6399/6399 6400/6400
f 5805/5805 6400/6400 5803/5803
f 5803/5803 6400/6400 6401/6401
f 5803/5803 6401/6401 5801/5801
f 5801/5801 6401/6401 6402/6402
f 5801/5801 6402/6402 5799/5799
f 5799/5799 6402/6402 6403/6403
f 5799/5799 6403/6403 5797/5797
f 5797/5797 6403/6403 6404/6404
f 5797/5797 6404/6404 5795/5795
f 5795/5795 6404/6404 6405/6405
f 5795/5795 6405/6405 5793/5793
f 5793/5793 6405/6405 6406/6406
f 5793/5793 6406/6406 5791/5791
f 5791/5791 6406/6406 6407/6407
f 5791/5791 6407/6407 5789/5789
f 5789/5789 6407/6407 6408/6408
f 5789/5789 6408/6408 5787/5787
f 5787/5787 6408/6408 6409/6409
f 5787/5787 6409/6409 5785/5785
f 5785/5785 6409/6409 6410/6410
f 5785/5785 6410/6410 5783/5783
f 5783/5783 6410/6410 6411/6411
f 5783/5783 6411/6411 5781/5781
f 5781/5781 6411/6411 6412/6412
f 5781/5781 6412/6412 5779/5779
f 5779/5779 6412/6412 6413/6413
f 5779/5779 6413/6413 5777/5777
f 5777/5777 6413/6413 6414/6414
f 5777/5777 6414/6414 5775/5775
f 5775/5775 6414/6414 6415/6415
f 5775/5775 6415/6415 5773/5773
f 5773/5773 6415/6415 6416/6416
f 5773/5773 6416/6416 5771/5771
f 5771/5771 6416/6416 5572/5572
f 5771/5771 5572/5572 5574/5574
f 6397/6397 6396/6396 5530/5530
f 5530/5530 6396/6396 5528/5528
f 6375/6375 6132/6132 6417/6417
f 6417/6417 6132/6132 5810/5810
f 6417/6417 5810/5810 5808/5808
f 6375/6375 6417/6417 6376/6376
f 6376/6376 6417/6417 6418/6418
f 6376/6376 6418/6418 6377/6377
f 6377/6377 6418/6418 6419/6419
f 6377/6377 6419/6419 6378/6378
f 6378/6378 6419/6419 6420/6420
f 6378/6378 6420/6420 6379/6379
f 6379/6379 6420/6420 6421/6421
f 6379/6379 6421/6421 6380/6380
f 6380/6380 6421/6421 6422/6422
f 6380/6380 6422/6422 6381/6381
f 6381/6381 6422/6422 6423/6423
f 6381/6381 6423/6423 6382/6382
f 6382/6382 6423/6423 6424/6424
f 6382/6382 6424/6424 6383/6383
f 6383/6383 6424/6424 6425/6425
f 6383/6383 6425/6425 6384/6384
f 6384/6384 6425/6425 6426/6426
f 6384/6384 6426/6426 6385/6385
f 6385/6385 6426/6426 6427/6427
f 6385/6385 6427/6427 6386/6386
f 6386/6386 6427/6427 6428/6428
f 6386/6386 6428/6428 6387/6387
f 6387/6387 6428/6428 6429/6429
f 6387/6387 6429/6429 6388/6388
f 6388/6388 6429/6429 6430/6430
f 6388/6388 6430/6430 6389/6389
f 6389/6389 6430/6430 6431/6431
f 6389/6389 6431/6431 6390/6390
f 6390/6390 6431/6431 6432/6432
f 6390/6390 6432/6432 6391/6391
f 6391/6391 6432/6432 6433/6433
f 6391/6391 6433/6433 6392/6392
f 6392/6392 6433/6433 6434/6434
f 6392/6392 6434/6434 6393/6393
f 6393/6393 6434/6434 6435/6435
f 6393/6393 6435/6435 6394/6394
f 6394/6394 6435/6435 6436/6436
f 6394/6394 6436/6436 6395/6395
f 6395/6395 6436/6436 6437/6437
f 6395/6395 6437/6437 5817/5817
f 5817/5817 6437/6437 5768/5768
f 6418/6418 6417/6417 5808/5808
f 6120/6120 6134/6134 6121/6121
f 6121/6121 6134/6134 5481/5481
f 6121/6121 5481/5481 5483/5483
f 5948/5948 6353/6353 5949/5949
f 5949/5949 6353/6353 6354/6354
f 5949/5949 6354/6354 5950/5950
f 5950/5950 6354/6354 6355/6355
f 5950/5950 6355/6355 5951/5951
f 5951/5951 6355/6355 6356/6356
f 5951/5951 6356/6356 5952/5952
f 5952/5952 6356/6356 6357/6357
f 5952/5952 6357/6357 5953/5953
f 5953/5953 6357/6357 6358/6358
f 5953/5953 6358/6358 5954/5954
f 5954/5954 6358/6358 6359/6359
f 5954/5954 6359/6359 5955/5955
f 5955/5955 6359/6359 6360/6360
f 5955/5955 6360/6360 5956/5956
f 5956/5956 6360/6360 6361/6361
f 5956/5956 6361/6361 5957/5957
f 5957/5957 6361/6361 6362/6362
f 5957/5957 6362/6362 5958/5958
f 5958/5958 6362/6362 6363/6363
f 5958/5958 6363/6363 5959/5959
f 5959/5959 6363/6363 6364/6364
f 5959/5959 6364/6364 5960/5960
f 5960/5960 6364/6364 6365/6365
f 5960/5960 6365/6365 5961/5961
f 5961/5961 6365/6365 6366/6366
f 5961/5961 6366/6366 5962/5962
f 5962/5962 6366/6366 6367/6367
f 5962/5962 6367/6367 5963/5963
f 5963/5963 6367/6367 6368/6368
f 5963/5963 6368/6368 5964/5964
f 5964/5964 6368/6368 6369/6369
f 5964/5964 6369/6369 5965/5965
f 5965/5965 6369/6369 6370/6370
f 5965/5965 6370/6370 5966/5966
f 5966/5966 6370/6370 6371/6371
f 5966/5966 6371/6371 5967/5967
f 5967/5967 6371/6371 6372/6372
f 5967/5967 6372/6372 5968/5968
f 5968/5968 6372/6372 6373/6373
f 5968/5968 6373/6373 5969/5969
f 5969/5969 6373/6373 6374/6374
f 5969/5969 6374/6374 5826/5826
f 5826/5826 6374/6374 5824/5824
f 6397/6397 5530/5530 5532/5532
f 6397/6397 5532/5532 6398/6398
f 6398/6398 5532/5532 5534/5534
f 6398/6398 5534/5534 6399/6399
f 6399/6399 5534/5534 5536/5536
f 6399/6399 5536/5536 6400/6400
f 6400/6400 5536/5536 5538/5538
f 6400/6400 5538/5538 6401/6401
f 6401/6401 5538/5538 5540/5540
f 6401/6401 5540/5540 6402/6402
f 6402/6402 5540/5540 5542/5542
f 6402/6402 5542/5542 6403/6403
f 6403/6403 5542/5542 5544/5544
f 6403/6403 5544/5544 6404/6404
f 6404/6404 5544/5544 5546/5546
f 6404/6404 5546/5546 6405/6405
f 6405/6405 5546/5546 5548/5548
f 6405/6405 5548/5548 6406/6406
f 6406/6406 5548/5548 5550/5550
f 6406/6406 5550/5550 6407/6407
f 6407/6407 5550/5550 5552/5552
f 6407/6407 5552/5552 6408/6408
f 6408/6408 5552/5552 5554/5554
f 6408/6408 5554/5554 6409/6409
f 6409/6409 5554/5554 5556/5556
f 6409/6409 5556/5556 6410/6410
f 6410/6410 5556/5556 5558/5558
f 6410/6410 5558/5558 6411/6411
f 6411/6411 5558/5558 5560/5560
f 6411/6411 5560/5560 6412/6412
f 6412/6412 5560/5560 5562/5562
f 6412/6412 5562/5562 6413/6413
f 6413/6413 5562/5562 5564/5564
f 6413/6413 5564/5564 6414/6414
f 6414/6414 5564/5564 5566/5566
f 6414/6414 5566/5566 6415/6415
f 6415/6415 5566/5566 5568/5568
f 6415/6415 5568/5568 6416/6416
f 6416/6416 5568/5568 5570/5570
f 6416/6416 5570/5570 5572/5572
f 6418/6418 5808/5808 5806/5806
f 6418/6418 5806/5806 6419/6419
f 6419/6419 5806/5806 5804/5804
f 6419/6419 5804/5804 6420/6420
f 6420/6420 5804/5804 5802/5802
f 6420/6420 5802/5802 6421/6421
f 6421/6421 5802/5802 5800/5800
f 6421/6421 5800/5800 6422/6422
f 6422/6422 5800/5800 5798/5798
f 6422/6422 5798/5798 6423/6423
f 6423/6423 5798/5798 5796/5796
f 6423/6423 5796/5796 6424/6424
f 6424/6424 5796/5796 5794/5794
f 6424/6424 5794/5794 6425/6425
f 6425/6425 5794/5794 5792/5792
f 6425/6425 5792/5792 6426/6426
f 6426/6426 5792/5792 5790/5790
f 6426/6426 5790/5790 6427/6427
f 6427/6427 5790/5790 5788/5788
f 6427/6427 5788/5788 6428/6428
f 6428/6428 5788/5788 5786/5786
f 6428/6428 5786/5786 6429/6429
f 6429/6429 5786/5786 5784/5784
f 6429/6429 5784/5784 6430/6430
f 6430/6430 5784/5784 5782/5782
f 6430/6430 5782/5782 6431/6431
f 6431/6431 5782/5782 5780/5780
f 6431/6431 5780/5780 6432/6432
f 6432/6432 5780/5780 5778/5778
f 6432/6432 5778/5778 6433/6433
f 6433/6433 5778/5778 5776/5776
f 6433/6433 5776/5776 6434/6434
f 6434/6434 5776/5776 5774/5774
f 6434/6434 5774/5774 6435/6435
f 6435/6435 5774/5774 5772/5772
f 6435/6435 5772/5772 6436/6436
f 6436/6436 5772/5772 5770/5770
f 6436/6436 5770/5770 6437/6437
f 6437/6437 5770/5770 5769/5769
f 6437/6437 5769/5769 5768/5768
f 5941/5941 5942/5942 5911/5911
f 5911/5911 5942/5942 5912/5912
f 5601/5601 5620/5620 5602/5602
f 5602/5602 5620/5620 6438/6438
f 5602/5602 6438/6438 5603/5603
f 5603/5603 6438/6438 6439/6439
f 5603/5603 6439/6439 5604/5604
f 5604/5604 6439/6439 6440/6440
f 5604/5604 6440/6440 5605/5605
f 5605/5605 6440/6440 6441/6441
f 5605/5605 6441/6441 5606/5606
f 5606/5606 6441/6441 6442/6442
f 5606/5606 6442/6442 5607/5607
f 5607/5607 6442/6442 6443/6443
f 5607/5607 6443/6443 5608/5608
f 5608/5608 6443/6443 6444/6444
f 5608/5608 6444/6444 5609/5609
f 5609/5609 6444/6444 6445/6445
f 5609/5609 6445/6445 5610/5610
f 5610/5610 6445/6445 6446/6446
f 5610/5610 6446/6446 5611/5611
f 5611/5611 6446/6446 6447/6447
f 5611/5611 6447/6447 5612/5612
f 5612/5612 6447/6447 6448/6448
f 5612/5612 6448/6448 5613/5613
f 5613/5613 6448/6448 6449/6449
f 5613/5613 6449/6449 5614/5614
f 5614/5614 6449/6449 6450/6450
f 5614/5614 6450/6450 5615/5615
f 5615/5615 6450/6450 6451/6451
f 5615/5615 6451/6451 5616/5616
f 5616/5616 6451/6451 6452/6452
f 5616/5616 6452/6452 5617/5617
f 5617/5617 6452/6452 6453/6453
f 5617/5617 6453/6453 5618/5618
f 5618/5618 6453/6453 5765/5765
f 5618/5618 5765/5765 5619/5619
f 5620/5620 5622/5622 6438/6438
f 6438/6438 5622/5622 6454/6454
f 6438/6438 6454/6454 6439/6439
f 6439/6439 6454/6454 6455/6455
f 6439/6439 6455/6455 6440/6440
f 6440/6440 6455/6455 6456/6456
f 6440/6440 6456/6456 6441/6441
f 6441/6441 6456/6456 6457/6457
f 6441/6441 6457/6457 6442/6442
f 6442/6442 6457/6457 6458/6458
f 6442/6442 6458/6458 6443/6443
f 6443/6443 6458/6458 6459/6459
f 6443/6443 6459/6459 6444/6444
f 6444/6444 6459/6459 6460/6460
f 6444/6444 6460/6460 6445/6445
f 6445/6445 6460/6460 6461/6461
f 6445/6445 6461/6461 6446/6446
f 6446/6446 6461/6461 6462/6462
f 6446/6446 6462/6462 6447/6447
f 6447/6447 6462/6462 6463/6463
f 6447/6447 6463/6463 6448/6448
f 6448/6448 6463/6463 6464/6464
f 6448/6448 6464/6464 6449/6449
f 6449/6449 6464/6464 6465/6465
f 6449/6449 6465/6465 6450/6450
f 6450/6450 6465/6465 6466/6466
f 6450/6450 6466/6466 6451/6451
f 6451/6451 6466/6466 6467/6467
f 6451/6451 6467/6467 6452/6452
f 6452/6452 6467/6467 6468/6468
f 6452/6452 6468/6468 6453/6453
f 6453/6453 6468/6468 5763/5763
f 6453/6453 5763/5763 5765/5765
f 5936/5936 5908/5908 5907/5907
f 5624/5624 5626/5626 6454/6454
f 6454/6454 5626/5626 6455/6455
f 6456/6456 6455/6455 5628/5628
f 5628/5628 6455/6455 5626/5626
f 5936/5936 5907/5907 5934/5934
f 5934/5934 5907/5907 5906/5906
f 5934/5934 5906/5906 5933/5933
f 5622/5622 5624/5624 6454/6454
f 6457/6457 6456/6456 5630/5630
f 5630/5630 6456/6456 5628/5628
f 6458/6458 6457/6457 5632/5632
f 5632/5632 6457/6457 5630/5630
f 5659/5659 5673/5673 6469/6469
f 6469/6469 5673/5673 5675/5675
f 6469/6469 5675/5675 6470/6470
f 6470/6470 5675/5675 5677/5677
f 6470/6470 5677/5677 5679/5679
f 5659/5659 5658/5658 5673/5673
f 5659/5659 6469/6469 5660/5660
f 5660/5660 6469/6469 6471/6471
f 5660/5660 6471/6471 5661/5661
f 5661/5661 6471/6471 6472/6472
f 5661/5661 6472/6472 5662/5662
f 5662/5662 6472/6472 6473/6473
f 5662/5662 6473/6473 5663/5663
f 5663/5663 6473/6473 6474/6474
f 5663/5663 6474/6474 5664/5664
f 5664/5664 6474/6474 6475/6475
f 5664/5664 6475/6475 5665/5665
f 5665/5665 6475/6475 6476/6476
f 5665/5665 6476/6476 5666/5666
f 5666/5666 6476/6476 6477/6477
f 5666/5666 6477/6477 5667/5667
f 5667/5667 6477/6477 6478/6478
f 5667/5667 6478/6478 5668/5668
f 5668/5668 6478/6478 6479/6479
f 5668/5668 6479/6479 5669/5669
f 5669/5669 6479/6479 6480/6480
f 5669/5669 6480/6480 5670/5670
f 5670/5670 6480/6480 5761/5761
f 5670/5670 5761/5761 5671/5671
f 6471/6471 6469/6469 6470/6470
f 6459/6459 6458/6458 5634/5634
f 5634/5634 6458/6458 5632/5632
f 5928/5928 5903/5903 5902/5902
f 6471/6471 6470/6470 6481/6481
f 6481/6481 6470/6470 5679/5679
f 6481/6481 5679/5679 5681/5681
f 6460/6460 6459/6459 5636/5636
f 5636/5636 6459/6459 5634/5634
f 5926/5926 5928/5928 5902/5902
f 5926/5926 5902/5902 5901/5901
f 5926/5926 5901/5901 5925/5925
f 6461/6461 6460/6460 5638/5638
f 5638/5638 6460/6460 5636/5636
f 6472/6472 6481/6481 6482/6482
f 6482/6482 6481/6481 5681/5681
f 6482/6482 5681/5681 5683/5683
f 6481/6481 6472/6472 6471/6471
f 6472/6472 6482/6482 6473/6473
f 6473/6473 6482/6482 6483/6483
f 6473/6473 6483/6483 6474/6474
f 6474/6474 6483/6483 6484/6484
f 6474/6474 6484/6484 6475/6475
f 6475/6475 6484/6484 6485/6485
f 6475/6475 6485/6485 6476/6476
f 6476/6476 6485/6485 6486/6486
f 6476/6476 6486/6486 6477/6477
f 6477/6477 6486/6486 6487/6487
f 6477/6477 6487/6487 6478/6478
f 6478/6478 6487/6487 6488/6488
f 6478/6478 6488/6488 6479/6479
f 6479/6479 6488/6488 6489/6489
f 6479/6479 6489/6489 6480/6480
f 6480/6480 6489/6489 5759/5759
f 6480/6480 5759/5759 5761/5761
f 6483/6483 6482/6482 5683/5683
f 6462/6462 6461/6461 5640/5640
f 5640/5640 6461/6461 5638/5638
f 6463/6463 6462/6462 5642/5642
f 5642/5642 6462/6462 5640/5640
f 6484/6484 6483/6483 5685/5685
f 5685/5685 6483/6483 5683/5683
f 5712/5712 5722/5722 5713/5713
f 5713/5713 5722/5722 5758/5758
f 5713/5713 5758/5758 5714/5714
f 5714/5714 5758/5758 5757/5757
f 5714/5714 5757/5757 5715/5715
f 5715/5715 5757/5757 5756/5756
f 5715/5715 5756/5756 5716/5716
f 5716/5716 5756/5756 5755/5755
f 5716/5716 5755/5755 5717/5717
f 5717/5717 5755/5755 5754/5754
f 5717/5717 5754/5754 5718/5718
f 5718/5718 5754/5754 5753/5753
f 5718/5718 5753/5753 5719/5719
f 6485/6485 6484/6484 5687/5687
f 5687/5687 6484/6484 5685/5685
f 6464/6464 6463/6463 5644/5644
f 5644/5644 6463/6463 5642/5642
f 5920/5920 5898/5898 5897/5897
f 6486/6486 6485/6485 5689/5689
f 5689/5689 6485/6485 5687/5687
f 6465/6465 6464/6464 5646/5646
f 5646/5646 6464/6464 5644/5644
f 5918/5918 5920/5920 5897/5897
f 5918/5918 5897/5897 5896/5896
f 6466/6466 6465/6465 5648/5648
f 5648/5648 6465/6465 5646/5646
f 6487/6487 6486/6486 5691/5691
f 5691/5691 6486/6486 5689/5689
f 6488/6488 6487/6487 5693/5693
f 5693/5693 6487/6487 5691/5691
f 6467/6467 6466/6466 5650/5650
f 5650/5650 6466/6466 5648/5648
f 6468/6468 6467/6467 5652/5652
f 5652/5652 6467/6467 5650/5650
f 6489/6489 6488/6488 5695/5695
f 5695/5695 6488/6488 5693/5693
f 5744/5744 5747/5747 5745/5745
f 5745/5745 5747/5747 5750/5750
f 5745/5745 5750/5750 5746/5746
f 5759/5759 6489/6489 5697/5697
f 5697/5697 6489/6489 5695/5695
f 5763/5763 6468/6468 5654/5654
f 5654/5654 6468/6468 5652/5652
f 6490/6490 6491/6491 6492/6492
f 6492/6492 6491/6491 6493/6493
f 6492/6492 6493/6493 6494/6494
f 6494/6494 6493/6493 6495/6495
f 6494/6494 6495/6495 6496/6496
f 6496/6496 6495/6495 6497/6497
f 6496/6496 6497/6497 6498/6498
f 6498/6498 6497/6497 6499/6499
f 6498/6498 6499/6499 6500/6500
f 6500/6500 6499/6499 6501/6501
f 6500/6500 6501/6501 6502/6502
f 6502/6502 6501/6501 6503/6503
f 6502/6502 6503/6503 6504/6504
f 6504/6504 6503/6503 6505/6505
f 6504/6504 6505/6505 6506/6506
f 6506/6506 6505/6505 6507/6507
f 6506/6506 6507/6507 6508/6508
f 6508/6508 6507/6507 6509/6509
f 6508/6508 6509/6509 6510/6510
f 6510/6510 6509/6509 6511/6511
f 6510/6510 6511/6511 6512/6512
f 6512/6512 6511/6511 6513/6513
f 6512/6512 6513/6513 6514/6514
f 6514/6514 6513/6513 6515/6515
f 6514/6514 6515/6515 6516/6516
f 6491/6491 6490/6490 6517/6517
f 6517/6517 6490/6490 6518/6518
f 6517/6517 6518/6518 6519/6519
f 6519/6519 6518/6518 6520/6520
f 6519/6519 6520/6520 6521/6521
f 6521/6521 6520/6520 6522/6522
f 6521/6521 6522/6522 6523/6523
f 6523/6523 6522/6522 6524/6524
f 6523/6523 6524/6524 6525/6525
f 6525/6525 6524/6524 6526/6526
f 6525/6525 6526/6526 6527/6527
f 6527/6527 6526/6526 6528/6528
f 6527/6527 6528/6528 6529/6529
f 6529/6529 6528/6528 6530/6530
f 6529/6529 6530/6530 6531/6531
f 6531/6531 6530/6530 6532/6532
f 6531/6531 6532/6532 6533/6533
f 6533/6533 6532/6532 6534/6534
f 6533/6533 6534/6534 6535/6535
f 6535/6535 6534/6534 6536/6536
f 6535/6535 6536/6536 6537/6537
f 6538/6538 6539/6539 6540/6540
f 6540/6540 6539/6539 6541/6541
f 6540/6540 6541/6541 6542/6542
f 6542/6542 6541/6541 6543/6543
f 6542/6542 6543/6543 6544/6544
f 6544/6544 6543/6543 6545/6545
f 6544/6544 6545/6545 6546/6546
f 6546/6546 6545/6545 6547/6547
f 6546/6546 6547/6547 6548/6548
f 6548/6548 6547/6547 6549/6549
f 6548/6548 6549/6549 6550/6550
f 6550/6550 6549/6549 6551/6551
f 6550/6550 6551/6551 6552/6552
f 6552/6552 6551/6551 6553/6553
f 6552/6552 6553/6553 6554/6554
f 6554/6554 6553/6553 6555/6555
f 6554/6554 6555/6555 6556/6556
f 6556/6556 6555/6555 6557/6557
f 6556/6556 6557/6557 6558/6558
f 6558/6558 6557/6557 6559/6559
f 6558/6558 6559/6559 6560/6560
f 6560/6560 6559/6559 6561/6561
f 6560/6560 6561/6561 6562/6562
f 6562/6562 6561/6561 6563/6563
f 6562/6562 6563/6563 6564/6564
f 6564/6564 6563/6563 6565/6565
f 6564/6564 6565/6565 6566/6566
f 6566/6566 6565/6565 6567/6567
f 6566/6566 6567/6567 6568/6568
f 6568/6568 6567/6567 6569/6569
f 6568/6568 6569/6569 6570/6570
f 6570/6570 6569/6569 6571/6571
f 6570/6570 6571/6571 6572/6572
f 6572/6572 6571/6571 6573/6573
f 6572/6572 6573/6573 6574/6574
f 6574/6574 6573/6573 6575/6575
f 6574/6574 6575/6575 6576/6576
f 6576/6576 6575/6575 6577/6577
f 6576/6576 6577/6577 6578/6578
f 6578/6578 6577/6577 6579/6579
f 6578/6578 6579/6579 6580/6580
f 6580/6580 6579/6579 6581/6581
f 6580/6580 6581/6581 6582/6582
f 6582/6582 6581/6581 6583/6583
f 6582/6582 6583/6583 6584/6584
f 6584/6584 6583/6583 6585/6585
f 6584/6584 6585/6585 6586/6586
f 6586/6586 6585/6585 6587/6587
f 6586/6586 6587/6587 6588/6588
f 6588/6588 6587/6587 6589/6589
f 6590/6590 6591/6591 6592/6592
f 6592/6592 6591/6591 6593/6593
f 6592/6592 6593/6593 6594/6594
f 6594/6594 6593/6593 6595/6595
f 6594/6594 6595/6595 6596/6596
f 6596/6596 6595/6595 6597/6597
f 6596/6596 6597/6597 6598/6598
f 6598/6598 6597/6597 6599/6599
f 6598/6598 6599/6599 6600/6600
f 6600/6600 6599/6599 6601/6601
f 6600/6600 6601/6601 6602/6602
f 6602/6602 6601/6601 6603/6603
f 6602/6602 6603/6603 6604/6604
f 6604/6604 6603/6603 6605/6605
f 6604/6604 6605/6605 6606/6606
f 6606/6606 6605/6605 6607/6607
f 6606/6606 6607/6607 6608/6608
f 6608/6608 6607/6607 6609/6609
f 6608/6608 6609/6609 6610/6610
f 6610/6610 6609/6609 6611/6611
f 6610/6610 6611/6611 6612/6612
f 6612/6612 6611/6611 6613/6613
f 6612/6612 6613/6613 6614/6614
f 6614/6614 6613/6613 6615/6615
f 6614/6614 6615/6615 6616/6616
f 6616/6616 6615/6615 6617/6617
f 6616/6616 6617/6617 6618/6618
f 6618/6618 6617/6617 6619/6619
f 6618/6618 6619/6619 6620/6620
f 6620/6620 6619/6619 6621/6621
f 6620/6620 6621/6621 6622/6622
f 6622/6622 6621/6621 6623/6623
f 6622/6622 6623/6623 6624/6624
f 6624/6624 6623/6623 6625/6625
f 6624/6624 6625/6625 6626/6626
f 6626/6626 6625/6625 6627/6627
f 6626/6626 6627/6627 6628/6628
f 6628/6628 6627/6627 6629/6629
f 6628/6628 6629/6629 6630/6630
f 6630/6630 6629/6629 6631/6631
f 6630/6630 6631/6631 6632/6632
f 6632/6632 6631/6631 6633/6633
f 6632/6632 6633/6633 6634/6634
f 6634/6634 6633/6633 6635/6635
f 6634/6634 6635/6635 6538/6538
f 6538/6538 6635/6635 6539/6539
f 6636/6636 6637/6637 6638/6638
f 6638/6638 6637/6637 6639/6639
f 6638/6638 6639/6639 6640/6640
f 6640/6640 6639/6639 6641/6641
f 6640/6640 6641/6641 6642/6642
f 6642/6642 6641/6641 6643/6643
f 6642/6642 6643/6643 6644/6644
f 6644/6644 6643/6643 6645/6645
f 6644/6644 6645/6645 6646/6646
f 6646/6646 6645/6645 6647/6647
f 6646/6646 6647/6647 6648/6648
f 6648/6648 6647/6647 6649/6649
f 6648/6648 6649/6649 6650/6650
f 6650/6650 6649/6649 6651/6651
f 6650/6650 6651/6651 6652/6652
f 6652/6652 6651/6651 6653/6653
f 6652/6652 6653/6653 6654/6654
f 6654/6654 6653/6653 6655/6655
f 6654/6654 6655/6655 6656/6656
f 6656/6656 6655/6655 6657/6657
f 6656/6656 6657/6657 6658/6658
f 6658/6658 6657/6657 6659/6659
f 6658/6658 6659/6659 6660/6660
f 6660/6660 6659/6659 6661/6661
f 6660/6660 6661/6661 6662/6662
f 6662/6662 6661/6661 6663/6663
f 6662/6662 6663/6663 6664/6664
f 6664/6664 6663/6663 6665/6665
f 6664/6664 6665/6665 6666/6666
f 6666/6666 6665/6665 6667/6667
f 6666/6666 6667/6667 6668/6668
f 6668/6668 6667/6667 6669/6669
f 6668/6668 6669/6669 6670/6670
f 6670/6670 6669/6669 6671/6671
f 6670/6670 6671/6671 6672/6672
f 6672/6672 6671/6671 6673/6673
f 6672/6672 6673/6673 6674/6674
f 6674/6674 6673/6673 6675/6675
f 6674/6674 6675/6675 6676/6676
f 6676/6676 6675/6675 6677/6677
f 6676/6676 6677/6677 6678/6678
f 6678/6678 6677/6677 6679/6679
f 6678/6678 6679/6679 6680/6680
f 6680/6680 6679/6679 6681/6681
f 6680/6680 6681/6681 6682/6682
f 6682/6682 6681/6681 6683/6683
f 6682/6682 6683/6683 6684/6684
f 6684/6684 6683/6683 6685/6685
f 6684/6684 6685/6685 6686/6686
f 6686/6686 6685/6685 6687/6687
f 6686/6686 6687/6687 6688/6688
f 6686/6686 6688/6688 6689/6689
f 6689/6689 6688/6688 6690/6690
f 6689/6689 6690/6690 6691/6691
f 6691/6691 6690/6690 6692/6692
f 6691/6691 6692/6692 6693/6693
f 6693/6693 6692/6692 6694/6694
f 6693/6693 6694/6694 6695/6695
f 6695/6695 6694/6694 6696/6696
f 6695/6695 6696/6696 6697/6697
f 6697/6697 6696/6696 6698/6698
f 6697/6697 6698/6698 6699/6699
f 6699/6699 6698/6698 6700/6700
f 6699/6699 6700/6700 6701/6701
f 6701/6701 6700/6700 6702/6702
f 6701/6701 6702/6702 6703/6703
f 6703/6703 6702/6702 6704/6704
f 6703/6703 6704/6704 6705/6705
f 6705/6705 6704/6704 6706/6706
f 6705/6705 6706/6706 6707/6707
f 6707/6707 6706/6706 6708/6708
f 6707/6707 6708/6708 6709/6709
f 6709/6709 6708/6708 6710/6710
f 6709/6709 6710/6710 6711/6711
f 6711/6711 6710/6710 6712/6712
f 6711/6711 6712/6712 6713/6713
f 6713/6713 6712/6712 6714/6714
f 6713/6713 6714/6714 6715/6715
f 6715/6715 6714/6714 6716/6716
f 6715/6715 6716/6716 6717/6717
f 6717/6717 6716/6716 6718/6718
f 6717/6717 6718/6718 6719/6719
f 6719/6719 6718/6718 6720/6720
f 6719/6719 6720/6720 6721/6721
f 6721/6721 6720/6720 6722/6722
f 6721/6721 6722/6722 6723/6723
f 6723/6723 6722/6722 6724/6724
f 6723/6723 6724/6724 6725/6725
f 6725/6725 6724/6724 6726/6726
f 6725/6725 6726/6726 6727/6727
f 6727/6727 6726/6726 6728/6728
f 6727/6727 6728/6728 6729/6729
f 6729/6729 6728/6728 6730/6730
f 6729/6729 6730/6730 6731/6731
f 6731/6731 6730/6730 6732/6732
f 6731/6731 6732/6732 6733/6733
f 6733/6733 6732/6732 6636/6636
f 6733/6733 6636/6636 6638/6638
f 6734/6734 6735/6735 6736/6736
f 6736/6736 6735/6735 6737/6737
f 6736/6736 6737/6737 6738/6738
f 6738/6738 6737/6737 6739/6739
f 6738/6738 6739/6739 6740/6740
f 6740/6740 6739/6739 6741/6741
f 6740/6740 6741/6741 6742/6742
f 6742/6742 6741/6741 6743/6743
f 6742/6742 6743/6743 6744/6744
f 6744/6744 6743/6743 6745/6745
f 6744/6744 6745/6745 6746/6746
f 6746/6746 6745/6745 6747/6747
f 6746/6746 6747/6747 6748/6748
f 6748/6748 6747/6747 6749/6749
f 6748/6748 6749/6749 6750/6750
f 6750/6750 6749/6749 6751/6751
f 6750/6750 6751/6751 6752/6752
f 6752/6752 6751/6751 6753/6753
f 6752/6752 6753/6753 6754/6754
f 6754/6754 6753/6753 6755/6755
f 6754/6754 6755/6755 6756/6756
f 6756/6756 6755/6755 6757/6757
f 6756/6756 6757/6757 6758/6758
f 6758/6758 6757/6757 6759/6759
f 6758/6758 6759/6759 6760/6760
f 6760/6760 6759/6759 6761/6761
f 6760/6760 6761/6761 6762/6762
f 6762/6762 6761/6761 6763/6763
f 6762/6762 6763/6763 6764/6764
f 6764/6764 6763/6763 6765/6765
f 6764/6764 6765/6765 6766/6766
f 6766/6766 6765/6765 6767/6767
f 6766/6766 6767/6767 6768/6768
f 6768/6768 6767/6767 6769/6769
f 6768/6768 6769/6769 6770/6770
f 6770/6770 6769/6769 6771/6771
f 6770/6770 6771/6771 6772/6772
f 6772/6772 6771/6771 6773/6773
f 6772/6772 6773/6773 6774/6774
f 6774/6774 6773/6773 6775/6775
f 6774/6774 6775/6775 6776/6776
f 6776/6776 6775/6775 6777/6777
f 6776/6776 6777/6777 6778/6778
f 6778/6778 6777/6777 6779/6779
f 6778/6778 6779/6779 6780/6780
f 6780/6780 6779/6779 6781/6781
f 6780/6780 6781/6781 6782/6782
f 6782/6782 6781/6781 6783/6783
f 6782/6782 6783/6783 6784/6784
f 6784/6784 6783/6783 6785/6785
f 6784/6784 6785/6785 6786/6786
f 6786/6786 6785/6785 6787/6787
f 6788/6788 6789/6789 6790/6790
f 6790/6790 6789/6789 6791/6791
f 6790/6790 6791/6791 6792/6792
f 6792/6792 6791/6791 6793/6793
f 6792/6792 6793/6793 6794/6794
f 6794/6794 6793/6793 6795/6795
f 6794/6794 6795/6795 6796/6796
f 6796/6796 6795/6795 6797/6797
f 6796/6796 6797/6797 6798/6798
f 6798/6798 6797/6797 6799/6799
f 6798/6798 6799/6799 6800/6800
f 6800/6800 6799/6799 6801/6801
f 6800/6800 6801/6801 6802/6802
f 6802/6802 6801/6801 6803/6803
f 6802/6802 6803/6803 6804/6804
f 6804/6804 6803/6803 6805/6805
f 6804/6804 6805/6805 6806/6806
f 6806/6806 6805/6805 6807/6807
f 6806/6806 6807/6807 6808/6808
f 6808/6808 6807/6807 6809/6809
f 6808/6808 6809/6809 6810/6810
f 6810/6810 6809/6809 6811/6811
f 6810/6810 6811/6811 6812/6812
f 6812/6812 6811/6811 6813/6813
f 6812/6812 6813/6813 6814/6814
f 6814/6814 6813/6813 6815/6815
f 6814/6814 6815/6815 6816/6816
f 6816/6816 6815/6815 6817/6817
f 6816/6816 6817/6817 6818/6818
f 6818/6818 6817/6817 6819/6819
f 6818/6818 6819/6819 6820/6820
f 6820/6820 6819/6819 6821/6821
f 6820/6820 6821/6821 6822/6822
f 6822/6822 6821/6821 6823/6823
f 6822/6822 6823/6823 6824/6824
f 6824/6824 6823/6823 6825/6825
f 6824/6824 6825/6825 6826/6826
f 6826/6826 6825/6825 6827/6827
f 6826/6826 6827/6827 6828/6828
f 6828/6828 6827/6827 6829/6829
f 6828/6828 6829/6829 6830/6830
f 6830/6830 6829/6829 6831/6831
f 6830/6830 6831/6831 6832/6832
f 6832/6832 6831/6831 6833/6833
f 6832/6832 6833/6833 6834/6834
f 6834/6834 6833/6833 6835/6835
f 6834/6834 6835/6835 6734/6734
f 6734/6734 6835/6835 6735/6735
f 6836/6836 6837/6837 6838/6838
f 6838/6838 6837/6837 6839/6839
f 6838/6838 6839/6839 6840/6840
f 6840/6840 6839/6839 6841/6841
f 6840/6840 6841/6841 6842/6842
f 6842/6842 6841/6841 6843/6843
f 6842/6842 6843/6843 6844/6844
f 6844/6844 6843/6843 6845/6845
f 6844/6844 6845/6845 6846/6846
f 6846/6846 6845/6845 6847/6847
f 6846/6846 6847/6847 6848/6848
f 6849/6849 6850/6850 6836/6836
f 6836/6836 6850/6850 6851/6851
f 6836/6836 6851/6851 6837/6837
f 6837/6837 6851/6851 6852/6852
f 6837/6837 6852/6852 6853/6853
f 6853/6853 6852/6852 6854/6854
f 6853/6853 6854/6854 6855/6855
f 6855/6855 6854/6854 6856/6856
f 6855/6855 6856/6856 6857/6857
f 6850/6850 6849/6849 6858/6858
f 6858/6858 6849/6849 6859/6859
f 6858/6858 6859/6859 6860/6860
f 6860/6860 6859/6859 6861/6861
f 6860/6860 6861/6861 6862/6862
f 6862/6862 6861/6861 6863/6863
f 6862/6862 6863/6863 6864/6864
f 6864/6864 6863/6863 6865/6865
f 6864/6864 6865/6865 6866/6866
f 6866/6866 6865/6865 6867/6867
f 6866/6866 6867/6867 6868/6868
f 6868/6868 6867/6867 6869/6869
f 6868/6868 6869/6869 6870/6870
f 6870/6870 6869/6869 6871/6871
f 6870/6870 6871/6871 6872/6872
f 6872/6872 6871/6871 6873/6873
f 6872/6872 6873/6873 6874/6874
f 6874/6874 6873/6873 6875/6875
f 6874/6874 6875/6875 6876/6876
f 6876/6876 6875/6875 6877/6877
f 6876/6876 6877/6877 6878/6878
f 6878/6878 6877/6877 6879/6879
f 6878/6878 6879/6879 6880/6880
f 6859/6859 6881/6881 6861/6861
f 6861/6861 6881/6881 6882/6882
f 6861/6861 6882/6882 6863/6863
f 6863/6863 6882/6882 6883/6883
f 6863/6863 6883/6883 6865/6865
f 6865/6865 6883/6883 6867/6867
f 6881/6881 6884/6884 6882/6882
f 6882/6882 6884/6884 6885/6885
f 6882/6882 6885/6885 6883/6883
f 6883/6883 6885/6885 6886/6886
f 6883/6883 6886/6886 6867/6867
f 6867/6867 6886/6886 6869/6869
f 6885/6885 6884/6884 6887/6887
f 6887/6887 6884/6884 6888/6888
f 6887/6887 6888/6888 6889/6889
f 6889/6889 6888/6888 6890/6890
f 6889/6889 6890/6890 6891/6891
f 6891/6891 6890/6890 6879/6879
f 6891/6891 6879/6879 6877/6877
f 6878/6878 6880/6880 6892/6892
f 6892/6892 6880/6880 6893/6893
f 6892/6892 6893/6893 6894/6894
f 6894/6894 6893/6893 6895/6895
f 6894/6894 6895/6895 6896/6896
f 6896/6896 6895/6895 6897/6897
f 6896/6896 6897/6897 6898/6898
f 6898/6898 6897/6897 6899/6899
f 6898/6898 6899/6899 6900/6900
f 6900/6900 6899/6899 6901/6901
f 6900/6900 6901/6901 6902/6902
f 6902/6902 6901/6901 6903/6903
f 6902/6902 6903/6903 6904/6904
f 6904/6904 6903/6903 6905/6905
f 6904/6904 6905/6905 6906/6906
f 6906/6906 6905/6905 6907/6907
f 6906/6906 6907/6907 6908/6908
f 6908/6908 6907/6907 6909/6909
f 6908/6908 6909/6909 6910/6910
f 6910/6910 6909/6909 6911/6911
f 6910/6910 6911/6911 6912/6912
f 6893/6893 6913/6913 6895/6895
f 6895/6895 6913/6913 6914/6914
f 6895/6895 6914/6914 6897/6897
f 6897/6897 6914/6914 6915/6915
f 6897/6897 6915/6915 6899/6899
f 6899/6899 6915/6915 6901/6901
f 6913/6913 6916/6916 6914/6914
f 6914/6914 6916/6916 6917/6917
f 6914/6914 6917/6917 6915/6915
f 6915/6915 6917/6917 6918/6918
f 6915/6915 6918/6918 6901/6901
f 6901/6901 6918/6918 6903/6903
f 6917/6917 6916/6916 6919/6919
f 6919/6919 6916/6916 6920/6920
f 6919/6919 6920/6920 6921/6921
f 6921/6921 6920/6920 6911/6911
f 6921/6921 6911/6911 6909/6909
f 6910/6910 6912/6912 6922/6922
f 6922/6922 6912/6912 6923/6923
f 6922/6922 6923/6923 6924/6924
f 6924/6924 6923/6923 6925/6925
f 6924/6924 6925/6925 6926/6926
f 6926/6926 6925/6925 6927/6927
f 6926/6926 6927/6927 6928/6928
f 6928/6928 6927/6927 6929/6929
f 6928/6928 6929/6929 6930/6930
f 6930/6930 6929/6929 6931/6931
f 6930/6930 6931/6931 6932/6932
f 6932/6932 6931/6931 6933/6933
f 6932/6932 6933/6933 6934/6934
f 6934/6934 6933/6933 6935/6935
f 6934/6934 6935/6935 6936/6936
f 6936/6936 6935/6935 6937/6937
f 6936/6936 6937/6937 6938/6938
f 6938/6938 6937/6937 6939/6939
f 6938/6938 6939/6939 6940/6940
f 6940/6940 6939/6939 6941/6941
f 6940/6940 6941/6941 6942/6942
f 6942/6942 6941/6941 6943/6943
f 6942/6942 6943/6943 6944/6944
f 6923/6923 6945/6945 6925/6925
f 6925/6925 6945/6945 6946/6946
f 6925/6925 6946/6946 6927/6927
f 6927/6927 6946/6946 6947/6947
f 6927/6927 6947/6947 6929/6929
f 6929/6929 6947/6947 6931/6931
f 6945/6945 6948/6948 6946/6946
f 6946/6946 6948/6948 6949/6949
f 6946/6946 6949/6949 6947/6947
f 6947/6947 6949/6949 6950/6950
f 6947/6947 6950/6950 6931/6931
f 6931/6931 6950/6950 6933/6933
f 6949/6949 6948/6948 6951/6951
f 6951/6951 6948/6948 6952/6952
f 6951/6951 6952/6952 6953/6953
f 6953/6953 6952/6952 6954/6954
f 6953/6953 6954/6954 6955/6955
f 6955/6955 6954/6954 6943/6943
f 6955/6955 6943/6943 6941/6941
f 6942/6942 6944/6944 6956/6956
f 6956/6956 6944/6944 6957/6957
f 6956/6956 6957/6957 6958/6958
f 6958/6958 6957/6957 6959/6959
f 6958/6958 6959/6959 6960/6960
f 6960/6960 6959/6959 6961/6961
f 6960/6960 6961/6961 6962/6962
f 6962/6962 6961/6961 6963/6963
f 6962/6962 6963/6963 6964/6964
f 6965/6965 6966/6966 6967/6967
f 6965/6965 6967/6967 6968/6968
f 6968/6968 6967/6967 6969/6969
f 6968/6968 6969/6969 6970/6970
f 6970/6970 6969/6969 6971/6971
f 6970/6970 6971/6971 6972/6972
f 6972/6972 6971/6971 6973/6973
f 6972/6972 6973/6973 6974/6974
f 6974/6974 6973/6973 6975/6975
f 6974/6974 6975/6975 6976/6976
f 6976/6976 6975/6975 6977/6977
f 6976/6976 6977/6977 6978/6978
f 6957/6957 6979/6979 6959/6959
f 6959/6959 6979/6979 6980/6980
f 6959/6959 6980/6980 6961/6961
f 6961/6961 6980/6980 6981/6981
f 6961/6961 6981/6981 6963/6963
f 6966/6966 6982/6982 6967/6967
f 6979/6979 6983/6983 6980/6980
f 6980/6980 6983/6983 6984/6984
f 6980/6980 6984/6984 6981/6981
f 6982/6982 6985/6985 6986/6986
f 6982/6982 6986/6986 6967/6967
f 6967/6967 6986/6986 6969/6969
f 6985/6985 6987/6987 6988/6988
f 6988/6988 6987/6987 6989/6989
f 6988/6988 6989/6989 6990/6990
f 6990/6990 6989/6989 6977/6977
f 6990/6990 6977/6977 6975/6975
f 6976/6976 6978/6978 6991/6991
f 6991/6991 6978/6978 6992/6992
f 6991/6991 6992/6992 6993/6993
f 6993/6993 6992/6992 6994/6994
f 6993/6993 6994/6994 6995/6995
f 6995/6995 6994/6994 6996/6996
f 6995/6995 6996/6996 6997/6997
f 6997/6997 6996/6996 6998/6998
f 6997/6997 6998/6998 6999/6999
f 6999/6999 6998/6998 7000/7000
f 7000/7000 6998/6998 7001/7001
f 7000/7000 7001/7001 7002/7002
f 7002/7002 7001/7001 7003/7003
f 7002/7002 7003/7003 7004/7004
f 7004/7004 7003/7003 7005/7005
f 7004/7004 7005/7005 7006/7006
f 7006/7006 7005/7005 7007/7007
f 7006/7006 7007/7007 7008/7008
f 6992/6992 7009/7009 6994/6994
f 6994/6994 7009/7009 7010/7010
f 6994/6994 7010/7010 6996/6996
f 6996/6996 7010/7010 7011/7011
f 6996/6996 7011/7011 6998/6998
f 6998/6998 7011/7011 7001/7001
f 7009/7009 7012/7012 7010/7010
f 7010/7010 7012/7012 7013/7013
f 7010/7010 7013/7013 7011/7011
f 7011/7011 7013/7013 7003/7003
f 7011/7011 7003/7003 7001/7001
f 7012/7012 7007/7007 7013/7013
f 7013/7013 7007/7007 7005/7005
f 7013/7013 7005/7005 7003/7003
f 7006/7006 7008/7008 7014/7014
f 7014/7014 7008/7008 7015/7015
f 7014/7014 7015/7015 7016/7016
f 7016/7016 7015/7015 7017/7017
f 7016/7016 7017/7017 7018/7018
f 7018/7018 7017/7017 7019/7019
f 7018/7018 7019/7019 7020/7020
f 7020/7020 7019/7019 7021/7021
f 7020/7020 7021/7021 7022/7022
f 7022/7022 7021/7021 7023/7023
f 7022/7022 7023/7023 7024/7024
f 7024/7024 7023/7023 7025/7025
f 7024/7024 7025/7025 7026/7026
f 7026/7026 7025/7025 7027/7027
f 7026/7026 7027/7027 7028/7028
f 7028/7028 7027/7027 7029/7029
f 7028/7028 7029/7029 7030/7030
f 7030/7030 7029/7029 7031/7031
f 7030/7030 7031/7031 7032/7032
f 7032/7032 7031/7031 7033/7033
f 7032/7032 7033/7033 7034/7034
f 7015/7015 7035/7035 7017/7017
f 7017/7017 7035/7035 7036/7036
f 7017/7017 7036/7036 7019/7019
f 7019/7019 7036/7036 7037/7037
f 7019/7019 7037/7037 7021/7021
f 7021/7021 7037/7037 7023/7023
f 7035/7035 7038/7038 7036/7036
f 7036/7036 7038/7038 7039/7039
f 7036/7036 7039/7039 7037/7037
f 7037/7037 7039/7039 7040/7040
f 7037/7037 7040/7040 7023/7023
f 7023/7023 7040/7040 7025/7025
f 7039/7039 7038/7038 7041/7041
f 7041/7041 7038/7038 7042/7042
f 7041/7041 7042/7042 7043/7043
f 7043/7043 7042/7042 7033/7033
f 7043/7043 7033/7033 7031/7031
f 7032/7032 7034/7034 7044/7044
f 7044/7044 7034/7034 7045/7045
f 7044/7044 7045/7045 7046/7046
f 7046/7046 7045/7045 7047/7047
f 7046/7046 7047/7047 7048/7048
f 7048/7048 7047/7047 7049/7049
f 7048/7048 7049/7049 7050/7050
f 7050/7050 7049/7049 7051/7051
f 7050/7050 7051/7051 7052/7052
f 7052/7052 7051/7051 7053/7053
f 7052/7052 7053/7053 7054/7054
f 7054/7054 7053/7053 7055/7055
f 7054/7054 7055/7055 7056/7056
f 7056/7056 7055/7055 7057/7057
f 7056/7056 7057/7057 7058/7058
f 7058/7058 7057/7057 7059/7059
f 7058/7058 7059/7059 7060/7060
f 7060/7060 7059/7059 7061/7061
f 7060/7060 7061/7061 7062/7062
f 7062/7062 7061/7061 7063/7063
f 7062/7062 7063/7063 7064/7064
f 7064/7064 7063/7063 7065/7065
f 7064/7064 7065/7065 7066/7066
f 7045/7045 7067/7067 7047/7047
f 7047/7047 7067/7067 7068/7068
f 7047/7047 7068/7068 7049/7049
f 7049/7049 7068/7068 7069/7069
f 7049/7049 7069/7069 7051/7051
f 7051/7051 7069/7069 7053/7053
f 7067/7067 7070/7070 7068/7068
f 7068/7068 7070/7070 7071/7071
f 7068/7068 7071/7071 7069/7069
f 7069/7069 7071/7071 7072/7072
f 7069/7069 7072/7072 7053/7053
f 7053/7053 7072/7072 7055/7055
f 7071/7071 7070/7070 7073/7073
f 7073/7073 7070/7070 7074/7074
f 7073/7073 7074/7074 7075/7075
f 7075/7075 7074/7074 7076/7076
f 7075/7075 7076/7076 7077/7077
f 7077/7077 7076/7076 7065/7065
f 7077/7077 7065/7065 7063/7063
f 7064/7064 7066/7066 7078/7078
f 7078/7078 7066/7066 7079/7079
f 7078/7078 7079/7079 7080/7080
f 7080/7080 7079/7079 7081/7081
f 7080/7080 7081/7081 7082/7082
f 7082/7082 7081/7081 6844/6844
f 7082/7082 6844/6844 6846/6846
f 7079/7079 7083/7083 7081/7081
f 7081/7081 7083/7083 6842/6842
f 7081/7081 6842/6842 6844/6844
f 7083/7083 6840/6840 6842/6842
f 6855/6855 6857/6857 7084/7084
f 7084/7084 6857/6857 6847/6847
f 7084/7084 6847/6847 6845/6845
f 6846/6846 6848/6848 7085/7085
f 7085/7085 6848/6848 7086/7086
f 7085/7085 7086/7086 7087/7087
f 7087/7087 7086/7086 7088/7088
f 7087/7087 7088/7088 7089/7089
f 7089/7089 7088/7088 7062/7062
f 7089/7089 7062/7062 7064/7064
f 7086/7086 7090/7090 7088/7088
f 7088/7088 7090/7090 7060/7060
f 7088/7088 7060/7060 7062/7062
f 7090/7090 7058/7058 7060/7060
f 7052/7052 7091/7091 7050/7050
f 7050/7050 7091/7091 7092/7092
f 7050/7050 7092/7092 7048/7048
f 7048/7048 7092/7092 7093/7093
f 7048/7048 7093/7093 7046/7046
f 7046/7046 7093/7093 7044/7044
f 7091/7091 7094/7094 7092/7092
f 7092/7092 7094/7094 7095/7095
f 7092/7092 7095/7095 7093/7093
f 7093/7093 7095/7095 7096/7096
f 7093/7093 7096/7096 7044/7044
f 7044/7044 7096/7096 7032/7032
f 7095/7095 7094/7094 7097/7097
f 7097/7097 7094/7094 7098/7098
f 7097/7097 7098/7098 7028/7028
f 7028/7028 7098/7098 7026/7026
f 7022/7022 7099/7099 7020/7020
f 7020/7020 7099/7099 7100/7100
f 7020/7020 7100/7100 7018/7018
f 7018/7018 7100/7100 7101/7101
f 7018/7018 7101/7101 7016/7016
f 7016/7016 7101/7101 7014/7014
f 7099/7099 7102/7102 7100/7100
f 7100/7100 7102/7102 7103/7103
f 7100/7100 7103/7103 7101/7101
f 7101/7101 7103/7103 7104/7104
f 7101/7101 7104/7104 7014/7014
f 7014/7014 7104/7104 7006/7006
f 7103/7103 7102/7102 7105/7105
f 7105/7105 7102/7102 7106/7106
f 7105/7105 7106/7106 7002/7002
f 7002/7002 7106/7106 7000/7000
f 6999/6999 7107/7107 6997/6997
f 6997/6997 7107/7107 7108/7108
f 6997/6997 7108/7108 6995/6995
f 6995/6995 7108/7108 7109/7109
f 6995/6995 7109/7109 6993/6993
f 6993/6993 7109/7109 6991/6991
f 7107/7107 7110/7110 7108/7108
f 7108/7108 7110/7110 7111/7111
f 7108/7108 7111/7111 7109/7109
f 7109/7109 7111/7111 7112/7112
f 7109/7109 7112/7112 6991/6991
f 6991/6991 7112/7112 6976/6976
f 7111/7111 7110/7110 7113/7113
f 7113/7113 7110/7110 7114/7114
f 7113/7113 7114/7114 6972/6972
f 6972/6972 7114/7114 6970/6970
f 6964/6964 7115/7115 6962/6962
f 6962/6962 7115/7115 7116/7116
f 6962/6962 7116/7116 6960/6960
f 6960/6960 7116/7116 7117/7117
f 6960/6960 7117/7117 6958/6958
f 6958/6958 7117/7117 6956/6956
f 7115/7115 7118/7118 7116/7116
f 7116/7116 7118/7118 7119/7119
f 7116/7116 7119/7119 7117/7117
f 7117/7117 7119/7119 7120/7120
f 7117/7117 7120/7120 6956/6956
f 6956/6956 7120/7120 6942/6942
f 7119/7119 7118/7118 7121/7121
f 7121/7121 7118/7118 7122/7122
f 7121/7121 7122/7122 6938/6938
f 6938/6938 7122/7122 6936/6936
f 6930/6930 7123/7123 6928/6928
f 6928/6928 7123/7123 7124/7124
f 6928/6928 7124/7124 6926/6926
f 6926/6926 7124/7124 7125/7125
f 6926/6926 7125/7125 6924/6924
f 6924/6924 7125/7125 6922/6922
f 7123/7123 7126/7126 7124/7124
f 7124/7124 7126/7126 7127/7127
f 7124/7124 7127/7127 7125/7125
f 7125/7125 7127/7127 7128/7128
f 7125/7125 7128/7128 6922/6922
f 6922/6922 7128/7128 6910/6910
f 7127/7127 7126/7126 7129/7129
f 7129/7129 7126/7126 7130/7130
f 7129/7129 7130/7130 6906/6906
f 6906/6906 7130/7130 6904/6904
f 6900/6900 7131/7131 6898/6898
f 6898/6898 7131/7131 7132/7132
f 6898/6898 7132/7132 6896/6896
f 6896/6896 7132/7132 7133/7133
f 6896/6896 7133/7133 6894/6894
f 6894/6894 7133/7133 6892/6892
f 7131/7131 7134/7134 7132/7132
f 7132/7132 7134/7134 7135/7135
f 7132/7132 7135/7135 7133/7133
f 7133/7133 7135/7135 7136/7136
f 7133/7133 7136/7136 6892/6892
f 6892/6892 7136/7136 6878/6878
f 7135/7135 7134/7134 7137/7137
f 7137/7137 7134/7134 7138/7138
f 7137/7137 7138/7138 6874/6874
f 6874/6874 7138/7138 6872/6872
f 6866/6866 7139/7139 6864/6864
f 6864/6864 7139/7139 7140/7140
f 6864/6864 7140/7140 6862/6862
f 6862/6862 7140/7140 7141/7141
f 6862/6862 7141/7141 6860/6860
f 6860/6860 7141/7141 6858/6858
f 7139/7139 7142/7142 7140/7140
f 7140/7140 7142/7142 7143/7143
f 7140/7140 7143/7143 7141/7141
f 7141/7141 7143/7143 7144/7144
f 7141/7141 7144/7144 6858/6858
f 6858/6858 7144/7144 6850/6850
f 7143/7143 7142/7142 7145/7145
f 7145/7145 7142/7142 7146/7146
f 7145/7145 7146/7146 7147/7147
f 7147/7147 7146/7146 6856/6856
f 7147/7147 6856/6856 6854/6854
f 6986/6986 6985/6985 6988/6988
f 6837/6837 6853/6853 6839/6839
f 6839/6839 6853/6853 7148/7148
f 6839/6839 7148/7148 6841/6841
f 6841/6841 7148/7148 6843/6843
f 6853/6853 6855/6855 7148/7148
f 7148/7148 6855/6855 7084/7084
f 7148/7148 7084/7084 6843/6843
f 6843/6843 7084/7084 6845/6845
f 7147/7147 6854/6854 6852/6852
f 6852/6852 6851/6851 7149/7149
f 7149/7149 6851/6851 6850/6850
f 7149/7149 6850/6850 7144/7144
f 7144/7144 7145/7145 7149/7149
f 7149/7149 7145/7145 7147/7147
f 7149/7149 7147/7147 6852/6852
f 7145/7145 7144/7144 7143/7143
f 6889/6889 7150/7150 6887/6887
f 6887/6887 7150/7150 6886/6886
f 6887/6887 6886/6886 6885/6885
f 6871/6871 6869/6869 7150/7150
f 7150/7150 6869/6869 6886/6886
f 7150/7150 6889/6889 7151/7151
f 7151/7151 6889/6889 6891/6891
f 7151/7151 6891/6891 6875/6875
f 6875/6875 6891/6891 6877/6877
f 6873/6873 6871/6871 7151/7151
f 7151/7151 6871/6871 7150/7150
f 6873/6873 7151/7151 6875/6875
f 7137/7137 6874/6874 6876/6876
f 7137/7137 6876/6876 7136/7136
f 7136/7136 6876/6876 6878/6878
f 7135/7135 7137/7137 7136/7136
f 6917/6917 6919/6919 6918/6918
f 6918/6918 6919/6919 7152/7152
f 6918/6918 7152/7152 6903/6903
f 6903/6903 7152/7152 6905/6905
f 6919/6919 6921/6921 7152/7152
f 7152/7152 6921/6921 6907/6907
f 7152/7152 6907/6907 6905/6905
f 6909/6909 6907/6907 6921/6921
f 6908/6908 6910/6910 7128/7128
f 6906/6906 6908/6908 7129/7129
f 7129/7129 6908/6908 7128/7128
f 7129/7129 7128/7128 7127/7127
f 6953/6953 7153/7153 6951/6951
f 6951/6951 7153/7153 6950/6950
f 6951/6951 6950/6950 6949/6949
f 6935/6935 6933/6933 7153/7153
f 7153/7153 6933/6933 6950/6950
f 7153/7153 6953/6953 7154/7154
f 7154/7154 6953/6953 6955/6955
f 7154/7154 6955/6955 6939/6939
f 6939/6939 6955/6955 6941/6941
f 6937/6937 6935/6935 7154/7154
f 7154/7154 6935/6935 7153/7153
f 6937/6937 7154/7154 6939/6939
f 7121/7121 6938/6938 6940/6940
f 7121/7121 6940/6940 7120/7120
f 7120/7120 6940/6940 6942/6942
f 7119/7119 7121/7121 7120/7120
f 6986/6986 6988/6988 7155/7155
f 7155/7155 6988/6988 6990/6990
f 7155/7155 6990/6990 6973/6973
f 6973/6973 6990/6990 6975/6975
f 6971/6971 6969/6969 7155/7155
f 7155/7155 6969/6969 6986/6986
f 6971/6971 7155/7155 6973/6973
f 6974/6974 6976/6976 7112/7112
f 6972/6972 6974/6974 7113/7113
f 7113/7113 6974/6974 7112/7112
f 7113/7113 7112/7112 7111/7111
f 7105/7105 7002/7002 7004/7004
f 7105/7105 7004/7004 7104/7104
f 7104/7104 7004/7004 7006/7006
f 7103/7103 7105/7105 7104/7104
f 7039/7039 7041/7041 7040/7040
f 7040/7040 7041/7041 7156/7156
f 7040/7040 7156/7156 7025/7025
f 7025/7025 7156/7156 7027/7027
f 7041/7041 7043/7043 7156/7156
f 7156/7156 7043/7043 7029/7029
f 7156/7156 7029/7029 7027/7027
f 7031/7031 7029/7029 7043/7043
f 7030/7030 7032/7032 7096/7096
f 7028/7028 7030/7030 7097/7097
f 7097/7097 7030/7030 7096/7096
f 7097/7097 7096/7096 7095/7095
f 7075/7075 7157/7157 7073/7073
f 7073/7073 7157/7157 7072/7072
f 7073/7073 7072/7072 7071/7071
f 7057/7057 7055/7055 7157/7157
f 7157/7157 7055/7055 7072/7072
f 7157/7157 7075/7075 7158/7158
f 7158/7158 7075/7075 7077/7077
f 7158/7158 7077/7077 7061/7061
f 7061/7061 7077/7077 7063/7063
f 7059/7059 7057/7057 7158/7158
f 7158/7158 7057/7057 7157/7157
f 7059/7059 7158/7158 7061/7061
f 7064/7064 7078/7078 7089/7089
f 7089/7089 7078/7078 7159/7159
f 7089/7089 7159/7159 7087/7087
f 7087/7087 7159/7159 7085/7085
f 7080/7080 7082/7082 7159/7159
f 7159/7159 7082/7082 7085/7085
f 7085/7085 7082/7082 6846/6846
f 7078/7078 7080/7080 7159/7159

