mtllib material.mtl

o link_3-mesh
usemtl material_0
v -0.04775696 0.04902994 0.01000000
v -0.04199796 0.05422598 0.01000000
v -0.01672798 0.01857900 0.01000000
v -0.03734600 0.05737996 0.01000000
v -0.01249998 0.02165096 0.01000000
v -0.03245794 0.06015294 0.01000000
v -0.02736598 0.06253099 0.01000000
v -0.00772500 0.02377599 0.01000000
v -0.02210199 0.06449800 0.01000000
v -0.01669800 0.06603896 0.01000000
v -0.01118797 0.06714695 0.01000000
v -0.00261295 0.02486300 0.01000000
v -0.00560897 0.06781500 0.01000000
v 0.00000600 0.06803798 0.01000000
v 0.00261295 0.02486300 0.01000000
v 0.00562096 0.06781399 0.01000000
v 0.01119899 0.06714498 0.01000000
v 0.00772500 0.02377599 0.01000000
v 0.01670700 0.06603699 0.01000000
v 0.02210998 0.06449598 0.01000000
v 0.02737200 0.06252896 0.01000000
v 0.01249998 0.02165096 0.01000000
v 0.03246200 0.06015098 0.01000000
v 0.03734695 0.05737799 0.01000000
v 0.01672798 0.01857900 0.01000000
v 0.04199796 0.05422598 0.01000000
v 0.04775696 0.04902994 0.01000000
v 0.05290895 0.04323095 0.01000000
v 0.02022498 0.01469498 0.01000000
v 0.05738496 0.03689700 0.01000000
v 0.02283895 0.01016795 0.01000000
v 0.06113100 0.03010594 0.01000000
v 0.06409400 0.02293896 0.01000000
v 0.02445399 0.00519794 0.01000000
v 0.06623798 0.01548600 0.01000000
v 0.06753200 0.00783998 0.01000000
v 0.02499997 0.00000000 0.01000000
v 0.06796300 0.00009700 0.01000000
v 0.06763195 -0.00657296 0.01000000
v 0.02445399 -0.00519794 0.01000000
v 0.06665098 -0.01316595 0.01000000
v 0.06502997 -0.01963198 0.01000000
v 0.02283895 -0.01016795 0.01000000
v 0.06277996 -0.02591997 0.01000000
v 0.05992299 -0.03196096 0.01000000
v 0.02022498 -0.01469498 0.01000000
v 0.05649495 -0.03768295 0.01000000
v 0.05252498 -0.04304397 0.01000000
v 0.01672798 -0.01857900 0.01000000
v 0.04804497 -0.04799896 0.01000000
v 0.04309999 -0.05249196 0.01000000
v 0.03774994 -0.05647295 0.01000000
v 0.01249998 -0.02165096 0.01000000
v 0.03203696 -0.05991399 0.01000000
v 0.02600497 -0.06278300 0.01000000
v 0.00772500 -0.02377599 0.01000000
v 0.01972198 -0.06504297 0.01000000
v 0.01325899 -0.06667298 0.01000000
v 0.00261295 -0.02486300 0.01000000
v 0.00666797 -0.06765896 0.01000000
v 0.00000000 -0.06799095 0.01000000
v -0.00261295 -0.02486300 0.01000000
v -0.00666898 -0.06765896 0.01000000
v -0.01325994 -0.06667298 0.01000000
v -0.00772500 -0.02377599 0.01000000
v -0.01972395 -0.06504297 0.01000000
v -0.02600699 -0.06278198 0.01000000
v -0.01249998 -0.02165096 0.01000000
v -0.03203797 -0.05991297 0.01000000
v -0.03775095 -0.05647295 0.01000000
v -0.01672798 -0.01857900 0.01000000
v -0.04310196 -0.05249094 0.01000000
v -0.04804599 -0.04799795 0.01000000
v -0.05252695 -0.04304295 0.01000000
v -0.02022498 -0.01469498 0.01000000
v -0.05649596 -0.03768199 0.01000000
v -0.05992299 -0.03195995 0.01000000
v -0.02283895 -0.01016795 0.01000000
v -0.06278097 -0.02591896 0.01000000
v -0.06503099 -0.01962995 0.01000000
v -0.02445399 -0.00519794 0.01000000
v -0.06665199 -0.01316499 0.01000000
v -0.06763195 -0.00657195 0.01000000
v -0.02499997 0.00000000 0.01000000
v -0.06796300 0.00009700 0.01000000
v -0.06753200 0.00783896 0.01000000
v -0.02445399 0.00519794 0.01000000
v -0.06623798 0.01548498 0.01000000
v -0.06409496 0.02293795 0.01000000
v -0.02283895 0.01016795 0.01000000
v -0.06113195 0.03010499 0.01000000
v -0.05738598 0.03689700 0.01000000
v -0.02022498 0.01469498 0.01000000
v -0.05290895 0.04323095 0.01000000
v 0.04198294 0.05437999 0.01439102
v 0.04199796 0.05422598 0.01000000
v 0.03924000 0.05636799 0.01521100
v 0.03734695 0.05737799 0.01000000
v 0.03641396 0.05817794 0.01527001
v 0.03350698 0.05985099 0.01532401
v 0.03347694 0.06036597 0.02071501
v 0.03049796 0.06192696 0.02079703
v 0.03040796 0.06371998 0.03154500
v 0.02681696 0.06544899 0.03169300
v 0.02672898 0.06750398 0.04015799
v 0.02306795 0.06906396 0.04032798
v 0.02297794 0.07156300 0.04872997
v 0.01925897 0.07292795 0.04890801
v 0.01915997 0.07634299 0.05891199
v 0.01540094 0.07749098 0.05909403
v 0.01531797 0.08120298 0.06903799
v 0.01153099 0.08211195 0.06921001
v 0.01141297 0.08991998 0.08902098
v 0.00762898 0.09057497 0.08919401
v 0.00759494 0.09447896 0.09912498
v 0.00380295 0.09487199 0.09924503
v 0.00378895 0.09866595 0.10923399
v 0.00000200 0.09500300 0.09928502
v 0.00000200 0.09879601 0.10927899
v -0.00466299 0.09859895 0.10921003
v -0.00464797 0.10220800 0.11926497
v -0.00927395 0.10162500 0.11903198
v -0.00925195 0.10497300 0.12915303
v -0.01339697 0.10412400 0.12877102
v -0.01337599 0.10713200 0.13896401
v -0.01746100 0.10599490 0.13839002
v -0.01744896 0.10857300 0.14865299
v -0.02146196 0.10717000 0.14785899
v -0.02146697 0.10922800 0.15818198
v -0.02539396 0.10759100 0.15714200
v -0.02542400 0.10902500 0.16749699
v -0.02925497 0.10719700 0.16618903
v -0.02931898 0.10791100 0.17653699
v -0.03304195 0.10595200 0.17494602
v -0.03311699 0.10596790 0.18265398
v -0.03671997 0.10390300 0.18079598
v -0.03682297 0.10345900 0.18841799
v -0.04032099 0.10118900 0.18806101
v -0.03694498 0.10233500 0.19596697
v -0.04040497 0.10059800 0.19269700
v -0.04049599 0.09972399 0.19728602
v 0.03246200 0.06015098 0.01000000
v 0.03052496 0.06138294 0.01537402
v 0.02689695 0.06357896 0.02088399
v 0.02314394 0.06695699 0.03182299
v 0.01933395 0.07039099 0.04047097
v 0.01547998 0.07404899 0.04905398
v 0.01159298 0.07838600 0.05923600
v 0.00770795 0.08276295 0.06933398
v 0.00381994 0.09096997 0.08929802
v 0.00000300 0.09110200 0.08933200
v -0.00468099 0.09480398 0.09922399
v -0.00930399 0.09800899 0.10900302
v -0.01342898 0.10076300 0.11868901
v -0.01748895 0.10296400 0.12825002
v -0.02147597 0.10455600 0.13766302
v -0.02538800 0.10547500 0.14690001
v -0.02921998 0.10567500 0.15592702
v -0.03296995 0.10510800 0.16469599
v -0.03663498 0.10375200 0.17316098
v -0.04017597 0.10161200 0.17872800
v 0.02737200 0.06252896 0.01000000
v 0.02692097 0.06300497 0.01542599
v 0.02321195 0.06501996 0.02095897
v 0.01939696 0.06823897 0.03193201
v 0.01554000 0.07147997 0.04058899
v 0.01165199 0.07492297 0.04916800
v 0.00774896 0.07902801 0.05933799
v 0.00386000 0.08315497 0.06940801
v 0.00000400 0.08328598 0.06943299
v -0.00470197 0.09090197 0.08928002
v -0.00933999 0.09420996 0.09904201
v -0.01347196 0.09713697 0.10869701
v -0.01753097 0.09958499 0.11821999
v -0.02151000 0.10149600 0.12759001
v -0.02540498 0.10281600 0.13678600
v -0.02921199 0.10349200 0.14577903
v -0.03292900 0.10348400 0.15453900
v -0.03655397 0.10276000 0.16302098
v -0.04006296 0.10116400 0.16939498
v 0.02323198 0.06441998 0.01547201
v 0.02210998 0.06449598 0.01000000
v 0.01947200 0.06562399 0.01550998
v 0.01670700 0.06603699 0.01000000
v 0.01564997 0.06661397 0.01554199
v 0.01119899 0.06714498 0.01000000
v 0.01177996 0.06738698 0.01556702
v 0.00787395 0.06794100 0.01558502
v 0.00786698 0.06860399 0.02114500
v 0.00393897 0.06894397 0.02116300
v 0.00392795 0.07105797 0.03217401
v 0.00000600 0.06905800 0.02116902
v 0.00000500 0.07117700 0.03218402
v -0.00483495 0.07099699 0.03216900
v -0.00481897 0.07324296 0.04078098
v -0.00961494 0.07268697 0.04072000
v -0.00957894 0.07529097 0.04921599
v -0.01387095 0.07444798 0.04910602
v -0.01379996 0.07789897 0.05915900
v -0.01801699 0.07671999 0.05897202
v -0.01791995 0.08042097 0.06888999
v -0.02204298 0.07890695 0.06860299
v -0.02181595 0.08669197 0.08817102
v -0.02580797 0.08484899 0.08768602
v -0.02569097 0.08877599 0.09738399
v -0.02956295 0.08662796 0.09673001
v -0.02944499 0.09048599 0.10636999
v -0.03318399 0.08805096 0.10552002
v -0.03307598 0.09177696 0.11511703
v -0.03666996 0.08907198 0.11404599
v -0.03657895 0.09260600 0.12360699
v -0.04000300 0.09029299 0.12406601
v -0.03652095 0.09583699 0.13327499
v -0.03994899 0.09329199 0.13291903
v -0.03992694 0.09596097 0.14187701
v 0.00562096 0.06781399 0.01000000
v 0.00394297 0.06827497 0.01559497
v 0.00000600 0.06838697 0.01559903
v -0.00485295 0.06821799 0.01559402
v -0.00484896 0.06888496 0.02116002
v -0.00967497 0.06837099 0.02113302
v -0.00964695 0.07045996 0.03212298
v -0.01396995 0.06966596 0.03205498
v -0.01392495 0.07186698 0.04063101
v -0.01817995 0.07074898 0.04051001
v -0.01810997 0.07329696 0.04895599
v -0.02227795 0.07184100 0.04876698
v -0.02216297 0.07522898 0.05873598
v -0.02622097 0.07342696 0.05845101
v -0.02607899 0.07707899 0.06825598
v -0.03001296 0.07494199 0.06785197
v -0.02969896 0.08269399 0.08712001
v -0.03347200 0.08023297 0.08647402
v -0.03331696 0.08417600 0.09598298
v -0.03693997 0.08142298 0.09514703
v -0.03679096 0.08531796 0.10456802
v -0.04034495 0.07997697 0.09799500
v -0.04008799 0.08703100 0.11530597
v 0.00000600 0.06803798 0.01000000
v -0.00560897 0.06781500 0.01000000
v -0.00968295 0.06771200 0.01557697
v -0.01118797 0.06714695 0.01000000
v -0.01402294 0.06696599 0.01555301
v -0.01669800 0.06603896 0.01000000
v -0.01830899 0.06594997 0.01552100
v -0.02210199 0.06449800 0.01000000
v -0.02252399 0.06466495 0.01548000
v -0.02736598 0.06253099 0.01000000
v -0.02665096 0.06311595 0.01542999
v -0.03067499 0.06130999 0.01537098
v -0.03064799 0.06185299 0.02079298
v -0.03455096 0.05975794 0.02068402
v -0.03444796 0.06144899 0.03134997
v -0.03820496 0.05899399 0.03113897
v -0.03807598 0.06081700 0.03943302
v -0.04171699 0.05744194 0.03668500
v -0.04153597 0.05973798 0.04574300
v -0.03245794 0.06015294 0.01000000
v -0.03458195 0.05925399 0.01530500
v -0.03832000 0.05741596 0.02056099
v -0.04186296 0.05571895 0.02749999
v -0.03734600 0.05737996 0.01000000
v -0.03835499 0.05695599 0.01523001
v -0.04195499 0.05467998 0.01877601
v -0.04199796 0.05422598 0.01000000
v -0.03792399 0.06306797 0.04762401
v -0.04133296 0.06251198 0.05466701
v -0.03772199 0.06622999 0.05731298
v -0.04111796 0.06565898 0.06346603
v -0.03751295 0.06976795 0.06687398
v -0.04069995 0.07265299 0.08079697
v -0.03711396 0.07747095 0.08575000
v -0.03993797 0.09822398 0.15094502
v -0.03650796 0.10102200 0.15298201
v -0.03649699 0.09867495 0.14306398
v -0.03294199 0.09845197 0.13458897
v -0.03299498 0.09527200 0.12479903
v -0.02927798 0.09764498 0.12586202
v -0.02934998 0.09418600 0.11607201
v -0.02550697 0.09629297 0.11691000
v -0.02558898 0.09261697 0.10711498
v -0.02163195 0.09443897 0.10775198
v -0.02171695 0.09061098 0.09794398
v -0.01765596 0.09213095 0.09840698
v -0.01773595 0.08821696 0.08857198
v -0.01358598 0.08942198 0.08888997
v -0.01372599 0.08161699 0.06911601
v -0.00947899 0.08249396 0.06928302
v -0.00952995 0.07876300 0.05929603
v -0.00477594 0.07934796 0.05938901
v -0.00480097 0.07586199 0.04929103
v 0.00000400 0.07954400 0.05942000
v 0.00000500 0.07605296 0.04931600
v 0.00387996 0.07941496 0.05939902
v 0.00389999 0.07592695 0.04929902
v 0.00778794 0.07554996 0.04925002
v 0.00781798 0.07293897 0.04074801
v 0.01169699 0.07232999 0.04068197
v 0.01173496 0.07011395 0.03209300
v 0.01559096 0.06929200 0.03202303
v 0.01563596 0.06725299 0.02107502
v 0.01945400 0.06624597 0.02102299
v -0.03998398 0.09999299 0.16012300
v -0.03708195 0.10044300 0.20335902
v -0.04059296 0.09854495 0.20180698
v -0.04069495 0.09704297 0.20623101
v -0.03718495 0.09863597 0.20834102
v -0.04080098 0.09520095 0.21052398
v -0.03729200 0.09640598 0.21314801
v -0.04090899 0.09301197 0.21464999
v -0.03740197 0.09374499 0.21773203
v -0.04101794 0.09047597 0.21857299
v -0.03751099 0.09066200 0.22204401
v -0.04112499 0.08760398 0.22225697
v -0.03761899 0.08717596 0.22604097
v -0.04122895 0.08441698 0.22567202
v -0.03772199 0.08332496 0.22968902
v -0.04132896 0.08094400 0.22879602
v -0.03781795 0.07915395 0.23296799
v -0.04142194 0.07722198 0.23161901
v -0.03790700 0.07471400 0.23587401
v -0.04150795 0.07328701 0.23413803
v -0.03798699 0.07005399 0.23841502
v -0.04158699 0.06917798 0.23636199
v -0.04165697 0.06492799 0.23830302
v -0.04177397 0.05611896 0.24141599
v -0.03811895 0.06025195 0.24247803
v -0.03805798 0.06521999 0.24060799
v -0.03424400 0.07073795 0.24033000
v -0.03417295 0.07545095 0.23777802
v -0.03030896 0.07610899 0.23947997
v -0.03023999 0.08066397 0.23656900
v -0.02626997 0.08128798 0.23806001
v -0.02620595 0.08564698 0.23479898
v -0.02214598 0.08622896 0.23608001
v -0.02208900 0.09035700 0.23247798
v -0.01795500 0.09088397 0.23354699
v -0.01790595 0.09474599 0.22961999
v -0.01371496 0.09520399 0.23047300
v -0.01367700 0.09876400 0.22623898
v -0.00944400 0.09913396 0.22686900
v -0.00941795 0.10235800 0.22235300
v -0.00471997 0.10263500 0.22278298
v -0.00470799 0.10549100 0.21801098
v -0.00000200 0.10559300 0.21815498
v -0.00000200 0.10805200 0.21316101
v 0.00382495 0.10552600 0.21805997
v 0.00381500 0.10797890 0.21306600
v 0.00761795 0.10775890 0.21278198
v 0.00759095 0.11054100 0.20528503
v 0.01135694 0.11013200 0.20481802
v 0.01132196 0.11204600 0.19707401
v 0.01503998 0.11141600 0.19643702
v 0.01500099 0.11251100 0.18856098
v 0.01866096 0.11163700 0.18777098
v 0.01862096 0.11199000 0.17985900
v 0.02221399 0.11085500 0.17893399
v 0.02216696 0.11033900 0.16843797
v 0.02568095 0.10891200 0.16741599
v 0.02564996 0.10747300 0.15706702
v 0.02907699 0.10575200 0.15597601
v 0.02906996 0.10357200 0.14582498
v 0.03190100 0.10188300 0.14487101
v 0.03192198 0.09912896 0.13492902
v 0.03468197 0.09722900 0.13397397
v 0.03473699 0.09402495 0.12424202
v 0.03741997 0.09192198 0.12330200
v 0.03751295 0.08837795 0.11377098
v 0.04008799 0.08703100 0.11530597
v 0.03763699 0.08461600 0.10432400
v 0.04034495 0.07997697 0.09799500
v 0.03779000 0.08071696 0.09493299
v 0.03796797 0.07676297 0.08556397
v 0.03507798 0.08288896 0.09559198
v 0.03524196 0.07894200 0.08613498
v 0.03228497 0.08488899 0.09620000
v 0.03243499 0.08094900 0.08666100
v 0.02941799 0.08671498 0.09675600
v 0.02955394 0.08278095 0.08714200
v 0.02594995 0.08864295 0.09734298
v 0.02606898 0.08471596 0.08765103
v 0.02239894 0.09032100 0.09785499
v 0.02250099 0.08640098 0.08809401
v 0.01877599 0.09174597 0.09828998
v 0.01886194 0.08783096 0.08847000
v 0.01509296 0.09291499 0.09864701
v 0.01516199 0.08900398 0.08878000
v 0.01136195 0.09382700 0.09892501
v -0.03817296 0.05518299 0.24405302
v -0.04186195 0.04704397 0.24364401
v -0.03825497 0.04483795 0.24643297
v -0.04192399 0.03782194 0.24515797
v -0.03830796 0.03433299 0.24796899
v -0.04196399 0.02852398 0.24611302
v -0.03834497 0.02078396 0.24901499
v -0.04198700 0.01919198 0.24664600
v -0.03835594 0.01056295 0.24932600
v -0.04199999 0.00050000 0.24694098
v -0.03732895 0.00050000 0.25003798
v -0.03456997 0.01069599 0.25155200
v -0.03242999 0.00050000 0.25276102
v -0.03065598 0.01081496 0.25354202
v -0.02733498 0.00050000 0.25509502
v -0.02662700 0.01091796 0.25528897
v -0.02207195 0.00050000 0.25702400
v -0.02249795 0.01100695 0.25678803
v -0.01828497 0.01108098 0.25803001
v -0.01828098 0.02168899 0.25760998
v -0.01399999 0.02178996 0.25858100
v -0.01398795 0.03589498 0.25724001
v -0.00965798 0.03601098 0.25792898
v -0.00964600 0.04695898 0.25607498
v -0.00483400 0.04705798 0.25652702
v -0.00482398 0.05784195 0.25380303
v -0.00000500 0.04709094 0.25667901
v -0.00000500 0.05788195 0.25394900
v 0.00392699 0.04706895 0.25657900
v 0.00391894 0.05785596 0.25385298
v 0.00782698 0.05777698 0.25356401
v 0.00781697 0.06305897 0.25183798
v 0.01169598 0.06291800 0.25136699
v 0.01167798 0.06809198 0.24937601
v 0.01551598 0.06788098 0.24872698
v 0.01548898 0.07291698 0.24645002
v 0.01927196 0.07262498 0.24562903
v 0.01923400 0.07748395 0.24304499
v 0.02294999 0.07710099 0.24205001
v 0.02289897 0.08173698 0.23913599
v 0.02653598 0.08124899 0.23796900
v 0.02647095 0.08560597 0.23470701
v 0.03001695 0.08499598 0.23336299
v 0.02993696 0.08900600 0.22974200
v 0.03286194 0.08837395 0.22846301
v 0.03276997 0.09198200 0.22449000
v 0.03561395 0.09121996 0.22307803
v 0.03551000 0.09436196 0.21877600
v 0.03826498 0.09344798 0.21722998
v 0.03815299 0.09607696 0.21264203
v 0.04090899 0.09301096 0.21464999
v 0.04080098 0.09520095 0.21052398
v -0.01667499 0.00050000 0.25853600
v -0.01400297 0.01113897 0.25901301
v -0.00966597 0.02186495 0.25929202
v -0.00483996 0.03608900 0.25839700
v -0.00000600 0.03611499 0.25855298
v 0.00393200 0.03609800 0.25844999
v 0.00784296 0.04700398 0.25628002
v 0.01171100 0.05764698 0.25308497
v 0.01554000 0.06272095 0.25070901
v 0.01930600 0.06760895 0.24789698
v 0.02299594 0.07226896 0.24462803
v 0.02659595 0.07664996 0.24088098
v 0.03009200 0.08068895 0.23662998
v 0.03295099 0.08441895 0.23209299
v 0.03571498 0.08768200 0.22706403
v 0.03837800 0.09039300 0.22154702
v 0.04101794 0.09047597 0.21857299
v -0.01117599 0.00050000 0.25962199
v -0.00966799 0.01118195 0.25973500
v -0.00484395 0.02191495 0.25977500
v -0.00000600 0.02193200 0.25993599
v 0.00393498 0.02192097 0.25982900
v 0.00785297 0.03604596 0.25814100
v 0.01173496 0.04689496 0.25578399
v 0.01555997 0.05746495 0.25241698
v 0.01933598 0.06246900 0.24986698
v 0.02303695 0.06727796 0.24688603
v 0.02664995 0.07185000 0.24345101
v 0.03015995 0.07613199 0.23954000
v 0.03303295 0.08015900 0.23536397
v 0.03581196 0.08378696 0.23070498
v 0.03848797 0.08693200 0.22554798
v 0.04112499 0.08760297 0.22225602
v -0.00560897 0.00050000 0.26027800
v -0.00484496 0.01121097 0.26022299
v -0.00000600 0.01122099 0.26038702
v 0.00393599 0.01121395 0.26027901
v 0.00785899 0.02188795 0.25951101
v 0.01174998 0.03595995 0.25762899
v 0.01559096 0.04674398 0.25509198
v 0.01936095 0.05723297 0.25156100
v 0.02307295 0.06216198 0.24884202
v 0.02669799 0.06688898 0.24569698
v 0.03022199 0.07137000 0.24210198
v 0.03310996 0.07564198 0.23827298
v 0.03590297 0.07957899 0.23398001
v 0.03859394 0.08310300 0.22920002
v 0.04122895 0.08441597 0.22567101
v -0.00000700 0.00050000 0.26049800
v 0.00559497 0.00050000 0.26027901
v 0.00786096 0.01119500 0.25995602
v 0.01116394 0.00050000 0.25962402
v 0.01176196 0.01116299 0.25941999
v 0.01562798 0.01111894 0.25867303
v 0.01562398 0.02175498 0.25824399
v 0.01944196 0.02165597 0.25729997
v 0.01942598 0.03568696 0.25599898
v 0.02318096 0.03549897 0.25488402
v 0.02315098 0.04631298 0.25312801
v 0.02682995 0.04603397 0.25185902
v 0.02677500 0.05661499 0.24929501
v 0.03036600 0.05623197 0.24789102
v 0.03032499 0.06138700 0.24625499
v 0.03329199 0.06099498 0.24494900
v 0.03323894 0.06601995 0.24304499
v 0.03612798 0.06555795 0.24163701
v 0.03606200 0.07041800 0.23943402
v 0.03886598 0.06987899 0.23792399
v 0.03878396 0.07452499 0.23538698
v 0.04150795 0.07328701 0.23413898
v 0.04142194 0.07722097 0.23161901
v 0.01666498 0.00050000 0.25853802
v 0.01944696 0.01106196 0.25771601
v 0.02320098 0.02153497 0.25615002
v 0.02686595 0.03527897 0.25357403
v 0.03042900 0.04571396 0.25040598
v 0.03333795 0.05586898 0.24656297
v 0.03618699 0.06056594 0.24352200
v 0.03893899 0.06505799 0.24011297
v 0.04165697 0.06492799 0.23830397
v 0.04158699 0.06917798 0.23636199
v 0.02206397 0.00050000 0.25702698
v 0.02320694 0.01099300 0.25655098
v 0.02688997 0.02139300 0.25479801
v 0.03046995 0.03502595 0.25207199
v 0.03340798 0.04541099 0.24903198
v 0.03623700 0.05547297 0.24511303
v 0.03900200 0.06010097 0.24197598
v 0.02732795 0.00050000 0.25509699
v 0.02689695 0.01091200 0.25518103
v 0.03049796 0.02122998 0.25324799
v 0.03345298 0.03478699 0.25065298
v 0.03631395 0.04507994 0.24753000
v 0.03905695 0.05504298 0.24354298
v 0.04177397 0.05611896 0.24141599
v 0.03050595 0.01081895 0.25361200
v 0.03242599 0.00050000 0.25276299
v 0.03349298 0.01072996 0.25212897
v 0.03732699 0.00050000 0.25003900
v 0.03640794 0.01063400 0.25050999
v 0.03924494 0.01052898 0.24875702
v 0.03923398 0.02072399 0.24845298
v 0.04198700 0.01919299 0.24664701
v 0.04196399 0.02852594 0.24611397
v 0.04199999 0.00050000 0.24694098
v 0.03919595 0.03424096 0.24742301
v 0.04192399 0.03782194 0.24515797
v 0.03914099 0.04472094 0.24590500
v 0.04186195 0.04704397 0.24364401
v 0.03869295 0.07894998 0.23248102
v 0.04132896 0.08094400 0.22879602
v 0.03804296 0.09827399 0.20783301
v 0.04069495 0.09704196 0.20623101
v 0.04059296 0.09854495 0.20180698
v 0.03793698 0.10004700 0.20285101
v 0.04049599 0.09972399 0.19728602
v 0.03779596 0.10189000 0.19546403
v 0.04040497 0.10059800 0.19269599
v 0.04032099 0.10118900 0.18806101
v 0.03767096 0.10296900 0.18792601
v 0.04017597 0.10161300 0.17872901
v 0.03756499 0.10337200 0.18031998
v 0.03747797 0.10318700 0.17270400
v 0.03486800 0.10500290 0.18178500
v 0.03478795 0.10492400 0.17411198
v 0.03209096 0.10650300 0.18313600
v 0.03201794 0.10652200 0.17540897
v 0.02924096 0.10787200 0.18437000
v 0.02917498 0.10798000 0.17659302
v 0.02579295 0.10931600 0.18567301
v 0.02573597 0.10951800 0.17784400
v 0.02226299 0.11057200 0.18680699
v 0.04006296 0.10116600 0.16939802
v 0.03739398 0.10215690 0.16259201
v 0.03471100 0.10401000 0.16391303
v 0.03194797 0.10571600 0.16512997
v 0.02911198 0.10727100 0.16624202
v 0.03998398 0.09999299 0.16012300
v 0.03734695 0.10039000 0.15258302
v 0.03466796 0.10233300 0.15381099
v 0.03190898 0.10412100 0.15494199
v 0.03993797 0.09822499 0.15094502
v 0.03992694 0.09596097 0.14187600
v 0.03733599 0.09801995 0.14269598
v 0.03994899 0.09329199 0.13291903
v 0.03736096 0.09516495 0.13293900
v 0.04000300 0.09029299 0.12406601
v 0.04070097 0.07265299 0.08079697
v 0.03837698 0.06906700 0.06674202
v 0.03561896 0.07122397 0.06714900
v 0.03277897 0.07321196 0.06752397
v 0.02986598 0.07502895 0.06786801
v 0.02634298 0.07694697 0.06823100
v 0.02273595 0.07861900 0.06854798
v 0.01905697 0.08003801 0.06881697
v 0.04111796 0.06565797 0.06346603
v 0.03859198 0.06553995 0.05720402
v 0.03581696 0.06766295 0.05753900
v 0.03295999 0.06961995 0.05784900
v 0.03002995 0.07140797 0.05813099
v 0.02648597 0.07329797 0.05842997
v 0.02285897 0.07494395 0.05869098
v 0.04133296 0.06251096 0.05466600
v 0.03879898 0.06239598 0.04753597
v 0.03600698 0.06446397 0.04780598
v 0.03313499 0.06637096 0.04805399
v 0.03018796 0.06811398 0.04828103
v 0.02662497 0.06995695 0.04852100
v 0.04153597 0.05973798 0.04574300
v 0.03895497 0.06016498 0.03936203
v 0.03615099 0.06217098 0.03958000
v 0.03326594 0.06402200 0.03978099
v 0.03030699 0.06571400 0.03996397
v 0.04171699 0.05744397 0.03668298
v 0.03908699 0.05836498 0.03108503
v 0.03627300 0.06029999 0.03125103
v 0.03337699 0.06208598 0.03140499
v 0.04186296 0.05571895 0.02749999
v 0.03920495 0.05681598 0.02052899
v 0.03638195 0.05866199 0.02062602
v 0.04191499 0.05512696 0.02314599
v 0.04195499 0.05467998 0.01877500
v 0.03493696 0.08677297 0.10507502
v 0.03215599 0.08875900 0.10576703
v 0.02930098 0.09057199 0.10640003
v 0.02584797 0.09248596 0.10706897
v 0.02231097 0.09415096 0.10765202
v 0.01870298 0.09556496 0.10814698
v 0.01503396 0.09672498 0.10855301
v 0.01131796 0.09762901 0.10886998
v 0.00756496 0.09827595 0.10909702
v 0.03482198 0.09051197 0.11461599
v 0.03205096 0.09247696 0.11539502
v 0.02920597 0.09427100 0.11610599
v 0.02576398 0.09616297 0.11685802
v 0.02223896 0.09780997 0.11751302
v 0.01864296 0.09920799 0.11807002
v 0.01498699 0.10035500 0.11852600
v 0.01128196 0.10124900 0.11888201
v 0.00754094 0.10188900 0.11913802
v 0.00377697 0.10227400 0.11929102
v 0.03465795 0.10003200 0.14382799
v 0.03496497 0.10447600 0.18943901
v 0.03217899 0.10586200 0.19083400
v 0.02932095 0.10712800 0.19210799
v 0.02586197 0.10846200 0.19345398
v 0.02232199 0.10962300 0.19462497
v 0.01871097 0.11060800 0.19562001
v 0.03507995 0.10325800 0.19701202
v 0.03228396 0.10451700 0.19843699
v 0.02941495 0.10566500 0.19974001
v 0.02594494 0.10687700 0.20111598
v 0.02239298 0.10793100 0.20231397
v 0.01876997 0.10882600 0.20333202
v 0.01508694 0.10956000 0.20416702
v 0.03520900 0.10126500 0.20441498
v 0.03240197 0.10238590 0.20585598
v 0.02952098 0.10341000 0.20717300
v 0.02603799 0.10449100 0.20856501
v 0.02247196 0.10543100 0.20977701
v 0.01883596 0.10622900 0.21080603
v 0.01513999 0.10688300 0.21165098
v 0.01139700 0.10739300 0.21230997
v 0.03530597 0.09938699 0.20939799
v 0.03248995 0.10041200 0.21084000
v 0.02960097 0.10134800 0.21215899
v 0.02610695 0.10233600 0.21355201
v 0.02253198 0.10319500 0.21476503
v 0.01888597 0.10392500 0.21579601
v 0.01517999 0.10452400 0.21664198
v 0.01142597 0.10499100 0.21730198
v 0.00763696 0.10532500 0.21777500
v 0.03540694 0.09708797 0.21419997
v 0.03258198 0.09801900 0.21563698
v 0.02968394 0.09886896 0.21695103
v 0.02617996 0.09976696 0.21833898
v 0.02259397 0.10054800 0.21954800
v 0.01893699 0.10121100 0.22057499
v 0.01522099 0.10175500 0.22141798
v 0.01145696 0.10218000 0.22207601
v 0.00765795 0.10248400 0.22254802
v 0.00383496 0.10266700 0.22283198
v 0.03598594 0.07510596 0.23688699
v 0.03636395 0.03452497 0.24910201
v 0.03639894 0.02090698 0.25018503
v 0.03197300 0.09596198 0.12510802
v 0.02908897 0.10086200 0.13580097
v 0.02564400 0.10535290 0.14683099
v 0.02214097 0.10896900 0.15801801
v 0.01858198 0.11155000 0.16930701
v 0.01496797 0.11292090 0.18061800
v 0.01129198 0.11319200 0.18917800
v 0.00756794 0.11249600 0.19752999
v 0.00380099 0.11078800 0.20556600
v -0.00000200 0.11087000 0.20566000
v -0.00469500 0.10794100 0.21301700
v -0.00939298 0.10518690 0.21757998
v -0.01363897 0.10194900 0.22171803
v -0.01785695 0.09825700 0.22537900
v -0.02202796 0.09416496 0.22854198
v -0.02613699 0.08972001 0.23118801
v -0.03016495 0.08496797 0.23330302
v -0.03409397 0.07995200 0.23486997
v 0.03267598 0.09520399 0.22020198
v 0.02985399 0.09267801 0.22578098
v 0.02640098 0.08967399 0.23109497
v 0.02284300 0.08613699 0.23587801
v 0.01919096 0.08215200 0.24012901
v 0.01545798 0.07779896 0.24386097
v 0.01165795 0.07314497 0.24709202
v 0.00780499 0.06824398 0.24984099
v 0.00391400 0.06314396 0.25212200
v -0.00000400 0.06317198 0.25221701
v -0.00481796 0.06312900 0.25207300
v -0.00962698 0.05772399 0.25336601
v -0.01396995 0.04681295 0.25540800
v -0.01826494 0.03573697 0.25629999
v -0.02249300 0.02155995 0.25638403
v 0.03317797 0.07091498 0.24082698
v 0.03348398 0.02107596 0.25178398
v 0.02913498 0.09772896 0.12589897
v 0.02570199 0.09959298 0.12673600
v 0.02218598 0.10121600 0.12746401
v 0.01859796 0.10259300 0.12808300
v 0.01495099 0.10372200 0.12859000
v 0.01125496 0.10460200 0.12898602
v 0.00752300 0.10523300 0.12926997
v 0.00376797 0.10561200 0.12944098
v 0.00000200 0.10240200 0.11934300
v 0.02566099 0.10269000 0.13672198
v 0.02213597 0.10690300 0.14770801
v 0.01856100 0.11023900 0.15882499
v 0.01493698 0.11254200 0.17001899
v 0.01126796 0.11364600 0.18121000
v 0.00754797 0.11368000 0.18961997
v 0.00378996 0.11276700 0.19780500
v -0.00000100 0.11285790 0.19789697
v -0.00467896 0.11074500 0.20551802
v -0.00936896 0.10760800 0.21258701
v -0.01360195 0.10473700 0.21694298
v -0.01780694 0.10139000 0.22085197
v -0.02196699 0.09761595 0.22429098
v -0.02606499 0.09346497 0.22723998
v -0.03008395 0.08897596 0.22968103
v -0.03400796 0.08419400 0.23159797
v 0.02976900 0.09597396 0.22150601
v 0.02625399 0.09678697 0.22288300
v 0.02265799 0.09749400 0.22408397
v 0.01898998 0.09809499 0.22510399
v 0.01526296 0.09858798 0.22594102
v 0.01148897 0.09897297 0.22659500
v 0.00767899 0.09924799 0.22706301
v 0.00384498 0.09941399 0.22734500
v -0.00000200 0.10272800 0.22292598
v 0.02632796 0.09341400 0.22714598
v 0.02278298 0.09025597 0.23227401
v 0.01914399 0.08658796 0.23687299
v 0.01542395 0.08249300 0.24094398
v 0.01163494 0.07804501 0.24449898
v 0.00779200 0.07330799 0.24755199
v 0.00390798 0.06833600 0.25012101
v -0.00000400 0.06836599 0.25021399
v -0.00481099 0.06831997 0.25007202
v -0.00961399 0.06299996 0.25164302
v -0.01394200 0.05754798 0.25272198
v -0.01824200 0.04661297 0.25449802
v -0.02247399 0.03553700 0.25511099
v -0.02662098 0.02140498 0.25490399
v 0.03027695 0.06644296 0.24433298
v 0.02673995 0.06180095 0.24763699
v 0.02310395 0.05694895 0.25052001
v 0.01940000 0.04654896 0.25420602
v 0.01561099 0.03583997 0.25691397
v 0.01175999 0.02183198 0.25898202
v 0.02215099 0.10428100 0.13752498
v 0.01856899 0.10563100 0.13820602
v 0.01492697 0.10673800 0.13876499
v 0.01123696 0.10760100 0.13920201
v 0.00751096 0.10821900 0.13951398
v 0.00376195 0.10859000 0.13970198
v 0.00000100 0.10573890 0.12949802
v -0.00463694 0.10554700 0.12941100
v 0.02272099 0.09405499 0.22833599
v 0.01904296 0.09459900 0.22934700
v 0.01530599 0.09504497 0.23017700
v 0.01152098 0.09539395 0.23082502
v 0.00769997 0.09564298 0.23128898
v 0.00385594 0.09579396 0.23156901
v -0.00000300 0.09946900 0.22743900
v -0.00473297 0.09938496 0.22729601
v 0.01855599 0.10821800 0.14845200
v 0.01491999 0.11128000 0.15948798
v 0.01124495 0.11331590 0.17057498
v 0.00753200 0.11416500 0.18163498
v 0.00377995 0.11397300 0.18988497
v -0.00000100 0.11407100 0.18997402
v -0.00466496 0.11272100 0.19775797
v -0.00933599 0.11037200 0.20509203
v -0.01356697 0.10711600 0.21195097
v -0.01775795 0.10412200 0.21607400
v -0.02190500 0.10068300 0.21975698
v -0.02599096 0.09684199 0.22297801
v -0.03000098 0.09264498 0.22572000
v -0.03391695 0.08812695 0.22796400
v 0.01491695 0.10929600 0.14906301
v 0.01122999 0.11013700 0.14954002
v 0.00750595 0.11073800 0.14988102
v 0.00375897 0.11110000 0.15008701
v 0.00000100 0.10871400 0.13976498
v -0.00462997 0.10852600 0.13967003
v -0.00923795 0.10796400 0.13938500
v 0.01909500 0.09075099 0.23327602
v 0.01538699 0.08695900 0.23769100
v 0.01160895 0.08275896 0.24158002
v 0.00777596 0.07822096 0.24495597
v 0.00390196 0.07340699 0.24782897
v -0.00000400 0.07343995 0.24792202
v 0.01534700 0.09115600 0.23409899
v 0.01155197 0.09147298 0.23474099
v 0.00772095 0.09169995 0.23520203
v 0.00386596 0.09183597 0.23547901
v -0.00000300 0.09584397 0.23166199
v -0.00474596 0.09576797 0.23152102
v -0.00946999 0.09553998 0.23109700
v 0.01176995 0.06803995 0.02111597
v 0.00784397 0.07070297 0.03214301
v 0.00391495 0.07330596 0.04078700
v 0.00000500 0.07342898 0.04080100
v 0.01123195 0.11209200 0.16000499
v 0.00751597 0.11387000 0.17097302
v 0.00377196 0.11447800 0.18189003
v -0.00000100 0.11458200 0.18197502
v -0.00465298 0.11392190 0.18983997
v -0.00930697 0.11231000 0.19734199
v -0.01351898 0.10982100 0.20446397
v -0.01771199 0.10644400 0.21108402
v -0.02184498 0.10334400 0.21497501
v -0.02591794 0.09982800 0.21843399
v -0.02991497 0.09593695 0.22144403
v -0.03382098 0.09170997 0.22398598
v 0.01158195 0.08724796 0.23832901
v 0.00775898 0.08294898 0.24203701
v 0.00389397 0.07832700 0.24523099
v -0.00000400 0.07836198 0.24532302
v -0.00480294 0.07339000 0.24778201
v -0.00959998 0.06818199 0.24964799
v -0.01392400 0.06281095 0.25100900
v -0.01820498 0.05730897 0.25184299
v -0.02244395 0.04636096 0.25334699
v -0.02659696 0.03529596 0.25367702
v -0.03064799 0.02122294 0.25317903
v -0.00475097 0.08308696 0.06939502
v -0.00938195 0.09030497 0.08912201
v -0.01352494 0.09333097 0.09877397
v -0.01758700 0.09594595 0.10828002
v -0.02156198 0.09809499 0.11762603
v -0.02544498 0.09972196 0.12679298
v -0.02923196 0.10077890 0.13576002
v -0.03292000 0.10122300 0.14449902
v 0.00750798 0.11267200 0.16037501
v 0.00375998 0.11302200 0.16059698
v 0.00000000 0.11122100 0.15015502
v -0.00462699 0.11103800 0.15005101
v -0.00923097 0.11049000 0.14974000
v -0.01336699 0.10967990 0.14928098
v 0.00376397 0.11420300 0.17121299
v 0.00000000 0.11431500 0.17129297
v -0.00464296 0.11442400 0.18184598
v -0.00928295 0.11347800 0.18943699
v -0.01347798 0.11170300 0.19672801
v -0.01764994 0.10906700 0.20360698
v -0.02178698 0.10559300 0.20998599
v -0.02584600 0.10240300 0.21364702
v -0.02982997 0.09882795 0.21688802
v -0.03372395 0.09490400 0.21969302
v 0.00774097 0.08745497 0.23878701
v 0.00387597 0.08757996 0.23906203
v -0.00000300 0.09188199 0.23557199
v -0.00475895 0.09181296 0.23543103
v -0.00949597 0.09160596 0.23501201
v -0.01375198 0.09130096 0.23439200
v 0.00388497 0.08306396 0.24231203
v -0.00000400 0.08310198 0.24240299
v -0.00479299 0.07830899 0.24518402
v -0.00958300 0.07324099 0.24736197
v -0.01390296 0.06797695 0.24902297
v -0.01818096 0.06255197 0.25014402
v -0.02239894 0.05700695 0.25073202
v -0.02656197 0.04605597 0.25195898
v -0.03061997 0.03501498 0.25200500
v -0.03456097 0.02101600 0.25121303
v 0.00000000 0.11313900 0.16067202
v -0.00462794 0.11296200 0.16055901
v -0.00923300 0.11243300 0.16022201
v -0.01336997 0.11165000 0.15972401
v -0.01745295 0.11058100 0.15904303
v -0.00000300 0.08762097 0.23915400
v -0.00477099 0.08755797 0.23901500
v -0.00951999 0.08736997 0.23859800
v -0.01378697 0.08709096 0.23798199
v -0.01800096 0.08670997 0.23714198
v -0.00478297 0.08304399 0.24226399
v -0.00954294 0.08287000 0.24184801
v -0.01381999 0.08261400 0.24123402
v -0.01804494 0.08226400 0.24039699
v -0.02219998 0.08182197 0.23933800
v -0.00463295 0.11414600 0.17117102
v -0.00924397 0.11364200 0.17080899
v -0.01338499 0.11289600 0.17027302
v -0.01747399 0.11187600 0.16954102
v -0.02149200 0.11058500 0.16861500
v -0.00926298 0.11395100 0.18145902
v -0.01344197 0.11282200 0.18884201
v -0.01759499 0.11087390 0.19588901
v -0.02170997 0.10811300 0.20252098
v -0.02577698 0.10456500 0.20866002
v -0.02974599 0.10130300 0.21209599
v -0.03362596 0.09768700 0.21512498
v -0.00956398 0.07814800 0.24476702
v -0.01387900 0.07302099 0.24674298
v -0.01815295 0.06769800 0.24816997
v -0.02236896 0.06222498 0.24905099
v -0.02650696 0.05664098 0.24939097
v -0.03057897 0.04569995 0.25034000
v -0.03452897 0.03469300 0.25009997
v -0.01401096 0.06761199 0.02109398
v -0.01823896 0.06858497 0.03196199
v -0.02236396 0.06933397 0.04035701
v -0.02635794 0.07008397 0.04853798
v -0.03017795 0.07132297 0.05811800
v -0.03382897 0.07250297 0.06739099
v -0.01341295 0.11325200 0.18088801
v -0.01750999 0.11229600 0.18010898
v -0.02153700 0.11108600 0.17912199
v -0.02547895 0.10962300 0.17793001
v -0.01385098 0.07791095 0.24415202
v -0.01808500 0.07758796 0.24331303
v -0.02224999 0.07717895 0.24225302
v -0.02632999 0.07668495 0.24097301
v -0.01829296 0.06657695 0.02103998
v -0.02243798 0.06721800 0.03184499
v -0.02646100 0.06762695 0.04017200
v -0.03033596 0.06803196 0.04827000
v -0.03401595 0.06892198 0.05773802
v -0.01754796 0.11192500 0.18803097
v -0.02164196 0.10982300 0.19482799
v -0.02568495 0.10695990 0.20120998
v -0.02966594 0.10336200 0.20711102
v -0.03353095 0.10004700 0.21032597
v -0.01812100 0.07272100 0.24589898
v -0.02233499 0.06734597 0.24709101
v -0.02647197 0.06182998 0.24773200
v -0.03051596 0.05621498 0.24782701
v -0.03448200 0.04529297 0.24849601
v -0.02250397 0.06526899 0.02097203
v -0.02654898 0.06556797 0.03170402
v -0.03045594 0.06563395 0.03995497
v -0.03419697 0.06569099 0.04796500
v -0.02158397 0.11078900 0.18700297
v -0.02553498 0.10941500 0.18576200
v -0.02938395 0.10780700 0.18431099
v -0.02229499 0.07234096 0.24483199
v -0.02638298 0.07188296 0.24354400
v -0.03037095 0.07134795 0.24204202
v -0.02662700 0.06369197 0.02089001
v -0.03055697 0.06364196 0.03153802
v -0.03433299 0.06336098 0.03970899
v -0.02560395 0.10855400 0.19354601
v -0.02955895 0.10561100 0.19967802
v -0.03343999 0.10198700 0.20534201
v -0.02643096 0.06691998 0.24579002
v -0.03047394 0.06136798 0.24619301
v -0.03440898 0.05572795 0.24604602
v -0.03042596 0.06642299 0.24427201
v -0.03430700 0.06585597 0.24254300
v -0.02946496 0.10706700 0.19204803
v -0.03320896 0.10536800 0.19033702
v -0.03331696 0.10406800 0.19792898
v -0.03436195 0.06084197 0.24443902
v -0.06796300 0.00009700 0.01000000
v -0.06763195 -0.00657195 0.01000000
v -0.06784999 0.00040000 0.01268198
v -0.06752800 -0.00418299 0.01468600
v -0.06746000 0.00146395 0.01775898
v -0.06709295 -0.00297195 0.01932700
v -0.06690895 0.00301099 0.02269699
v -0.06653797 -0.00139296 0.02384598
v -0.06625300 0.00490397 0.02749999
v -0.06590396 0.00045600 0.02825500
v -0.06532400 0.00767594 0.03348000
v -0.06486797 0.00358695 0.03471501
v -0.06434398 0.01071494 0.03932001
v -0.06378996 0.00700396 0.04103698
v -0.06236100 0.01725399 0.05074502
v -0.06270998 0.01060700 0.04727800
v -0.06165295 0.01433098 0.05347700
v -0.06130897 0.00905699 0.05246301
v -0.06032699 0.01284199 0.05855901
v -0.05973798 0.00749898 0.05751301
v -0.05883699 0.01135796 0.06351502
v -0.05800396 0.00599396 0.06243898
v -0.05718195 0.00992495 0.06831397
v -0.05609697 0.00459099 0.06719102
v -0.05535399 0.00856799 0.07289399
v -0.05400598 0.00330395 0.07169200
v -0.05276495 0.01114296 0.08263399
v -0.05115598 0.00605899 0.08113898
v -0.05067795 0.00983995 0.08637102
v -0.04877895 0.00489396 0.08471902
v -0.04841095 0.00857299 0.08972998
v -0.04621100 0.00379199 0.08790602
v -0.04595798 0.00735396 0.09269603
v -0.04345399 0.00276500 0.09069700
v -0.04331797 0.00620496 0.09526803
v -0.04050999 0.00183594 0.09310301
v -0.04049199 0.00515395 0.09746303
v -0.03738397 0.00102997 0.09514899
v -0.03748095 0.00422597 0.09931101
v -0.03408700 0.00036800 0.09687401
v -0.03429096 0.00343996 0.10086198
v -0.03062397 -0.00013400 0.09833600
v -0.03091895 0.00279295 0.10217000
v -0.02700096 -0.00048400 0.09959097
v -0.02735894 0.00226694 0.10328801
v -0.02320200 -0.00070300 0.10068799
v -0.02345997 0.00109798 0.10313798
v -0.01767998 -0.00245297 0.09981902
v -0.01790297 -0.00064100 0.10217102
v -0.01190698 -0.00375998 0.09906401
v -0.01207298 -0.00190097 0.10137100
v -0.00592196 -0.00661600 0.09627201
v -0.00601000 -0.00454295 0.09856202
v 0.00000000 -0.00855696 0.09438701
v 0.00000000 -0.00251496 0.10111298
v -0.06699097 -0.00913596 0.01449598
v -0.06665199 -0.01316499 0.01000000
v -0.06609696 -0.01404398 0.01430900
v -0.06503099 -0.01962995 0.01000000
v -0.06485098 -0.01888197 0.01412500
v -0.06325799 -0.02362596 0.01394601
v -0.06290799 -0.02252596 0.01812102
v -0.06100499 -0.02720296 0.01783802
v -0.06058394 -0.02587699 0.02181502
v -0.05838799 -0.03049999 0.02144499
v -0.05794894 -0.02906095 0.02525999
v -0.05547499 -0.03363394 0.02482302
v -0.05483996 -0.03135097 0.03037699
v -0.05212396 -0.03592395 0.02985699
v -0.05156195 -0.03351497 0.03533800
v -0.04861497 -0.03806495 0.03476699
v -0.04814594 -0.03548598 0.04026301
v -0.04497295 -0.03996598 0.03966100
v -0.04457998 -0.03711098 0.04518099
v -0.04117995 -0.04146099 0.04455103
v -0.04082196 -0.03823697 0.05000301
v -0.03719997 -0.04239696 0.04932900
v -0.03684097 -0.03879797 0.05455799
v -0.03300297 -0.04272300 0.05381103
v -0.03263497 -0.03883796 0.05868103
v -0.02860295 -0.04250299 0.05783202
v -0.02823996 -0.03846299 0.06228299
v -0.02401900 -0.04187995 0.06130399
v -0.02337795 -0.03367596 0.06917502
v -0.01767200 -0.03786498 0.06754197
v -0.01744198 -0.03383195 0.07103403
v -0.01162594 -0.03754800 0.06924201
v -0.01148396 -0.03362697 0.07247497
v -0.00578594 -0.04067295 0.06743498
v -0.00570899 -0.03688395 0.07055201
v 0.00000000 -0.03633195 0.07122703
v -0.00564897 -0.03307700 0.07359500
v 0.00000000 -0.02212899 0.08243503
v -0.00560897 -0.02927398 0.07659598
v -0.00559199 -0.02549600 0.07958300
v -0.01126998 -0.02204799 0.08184703
v -0.01128399 -0.01831895 0.08495797
v -0.01696199 -0.01816695 0.08422197
v -0.01698696 -0.01447796 0.08748199
v -0.02251499 -0.01389598 0.08672197
v -0.02255296 -0.01028299 0.09016301
v -0.02654796 -0.01042795 0.08870597
v -0.02659696 -0.00689495 0.09230299
v -0.03038597 -0.00677997 0.09076698
v -0.03044897 -0.00334400 0.09453697
v -0.03400897 -0.00295496 0.09291501
v -0.06278097 -0.02591896 0.01000000
v -0.06132298 -0.02824997 0.01377203
v -0.05877095 -0.03174400 0.01756598
v -0.05587196 -0.03497099 0.02109201
v -0.05268800 -0.03803396 0.02440698
v -0.04910296 -0.04029995 0.02936698
v -0.04536998 -0.04238796 0.03423102
v -0.04150795 -0.04418498 0.03909601
v -0.03750199 -0.04551500 0.04395403
v -0.03331398 -0.04623097 0.04867901
v -0.02892696 -0.04629999 0.05307700
v -0.02433496 -0.04582899 0.05697800
v -0.01818996 -0.04582697 0.05999900
v -0.01179295 -0.04145896 0.06589402
v -0.00587696 -0.04441595 0.06420799
v 0.00000000 -0.04331195 0.06547297
v -0.05992299 -0.03195995 0.01000000
v -0.05905598 -0.03272795 0.01360501
v -0.05621600 -0.03612297 0.01730497
v -0.05304199 -0.03926098 0.02075602
v -0.04959899 -0.04222995 0.02401502
v -0.04578900 -0.04444599 0.02890898
v -0.04183995 -0.04644697 0.03373201
v -0.03777295 -0.04810500 0.03856702
v -0.03356599 -0.04923498 0.04338802
v -0.02919197 -0.04970300 0.04805000
v -0.02461296 -0.04951900 0.05234398
v -0.01844096 -0.04961496 0.05584003
v -0.01216799 -0.04908299 0.05865802
v -0.00607997 -0.05160099 0.05725600
v 0.00000000 -0.04996699 0.05934901
v -0.05649596 -0.03768199 0.01000000
v -0.05646699 -0.03703695 0.01344402
v -0.05334800 -0.04031497 0.01705803
v -0.04991197 -0.04334294 0.02044000
v -0.04622095 -0.04619395 0.02364899
v -0.04219597 -0.04832899 0.02848400
v -0.03804600 -0.05020999 0.03327103
v -0.03378498 -0.05168896 0.03807600
v -0.02939999 -0.05258595 0.04285099
v -0.02483397 -0.05280297 0.04743101
v -0.01865798 -0.05312800 0.05137701
v -0.01234799 -0.05266296 0.05466999
v -0.00617695 -0.05492496 0.05344601
v 0.00000000 -0.05600798 0.05262197
v -0.05356699 -0.04115098 0.01329102
v -0.05252695 -0.04304295 0.01000000
v -0.05037200 -0.04504698 0.01314600
v -0.04804599 -0.04799795 0.01000000
v -0.04689699 -0.04870200 0.01301099
v -0.04310196 -0.05249094 0.01000000
v -0.04315996 -0.05209398 0.01288398
v -0.03918194 -0.05520194 0.01276697
v -0.03905797 -0.05470997 0.01621099
v -0.03487396 -0.05759698 0.01603998
v -0.03471297 -0.05705899 0.01938499
v -0.03034996 -0.05971199 0.01917900
v -0.03019100 -0.05915498 0.02246298
v -0.02563399 -0.06156694 0.02223898
v -0.02543795 -0.06064897 0.02713700
v -0.01925796 -0.06338900 0.02682300
v -0.01913595 -0.06231194 0.03171898
v -0.01282095 -0.06443095 0.03139199
v -0.01275795 -0.06307697 0.03624602
v -0.00641996 -0.06572800 0.03113301
v -0.00638795 -0.06448799 0.03585298
v 0.00000000 -0.06584495 0.03246500
v 0.00000000 -0.06461697 0.03681703
v -0.03775095 -0.05647295 0.01000000
v -0.03498494 -0.05800598 0.01265998
v -0.03049194 -0.06015795 0.01588501
v -0.02576994 -0.06203198 0.01899703
v -0.01940900 -0.06414395 0.02199300
v -0.01290500 -0.06537699 0.02657802
v -0.00646394 -0.06658399 0.02640398
v 0.00000000 -0.06673300 0.02803101
v -0.03203797 -0.05991297 0.01000000
v -0.03059196 -0.06048899 0.01256402
v -0.02589398 -0.06239396 0.01574798
v -0.01951897 -0.06450700 0.01879598
v -0.01301395 -0.06600898 0.02180703
v -0.00652295 -0.06713700 0.02168198
v -0.02600699 -0.06278198 0.01000000
v -0.02598297 -0.06265497 0.01247699
v -0.01962095 -0.06477600 0.01559599
v -0.01309496 -0.06629496 0.01864298
v -0.00656796 -0.06737500 0.01854099
v 0.00000000 -0.06770598 0.01904102
v -0.01969796 -0.06496095 0.01238097
v -0.01972395 -0.06504297 0.01000000
v -0.01323497 -0.06662195 0.01230599
v -0.01325994 -0.06667298 0.01000000
v -0.00666898 -0.06765896 0.01000000
v -0.00665098 -0.06762599 0.01225300
v 0.00000000 -0.06799095 0.01000000
v -0.00661296 -0.06753295 0.01540001
v -0.00635898 -0.06279098 0.04051597
v 0.00000000 -0.06301200 0.04104401
v -0.00631899 -0.06060600 0.04504801
v 0.00000000 -0.06102198 0.04510398
v -0.00625795 -0.05795896 0.04937400
v 0.00000000 -0.05867195 0.04896702
v 0.00000000 -0.01518398 0.08823200
v -0.00562996 -0.01809495 0.08560599
v -0.00559795 -0.02176195 0.08257897
v -0.00577098 -0.01107394 0.09182300
v -0.00568795 -0.01451998 0.08868201
v -0.01145797 -0.01120597 0.09128399
v -0.01134598 -0.01469397 0.08809800
v -0.01708096 -0.01092898 0.09077097
v 0.00000000 0.00014000 0.10477401
v -0.00628495 0.00084900 0.10577501
v -0.00619400 -0.00079000 0.10330500
v -0.00610095 -0.00259399 0.10090299
v -0.01242095 0.00130796 0.10605903
v -0.01224595 -0.00020700 0.10370202
v -0.01839298 0.00240797 0.10687800
v -0.01814299 0.00098500 0.10452600
v -0.02405798 0.00407195 0.10801502
v -0.02374798 0.00269598 0.10558499
v -0.02799499 0.00534499 0.10836799
v -0.02765899 0.00391894 0.10583498
v -0.03167396 0.00684899 0.10868998
v -0.03132998 0.00535399 0.10603400
v -0.03509199 0.00855500 0.10893197
v -0.03462594 0.00619996 0.10488398
v -0.03809195 0.00972295 0.10772802
v -0.03771400 0.00714594 0.10350300
v -0.04087400 0.01096600 0.10625203
v -0.04060900 0.00821197 0.10184301
v -0.04345196 0.01230597 0.10446198
v -0.04331296 0.00939697 0.09985401
v -0.04583799 0.01373898 0.10231598
v -0.04582899 0.01068097 0.09749599
v -0.04803794 0.01524096 0.09978200
v -0.04815900 0.01203399 0.09474601
v -0.05005794 0.01677995 0.09684600
v -0.05030697 0.01342594 0.09160002
v -0.05190598 0.01832699 0.09351702
v -0.05227899 0.01483798 0.08806898
v -0.05358999 0.01986199 0.08981498
v -0.05408096 0.01625597 0.08417602
v -0.05511599 0.02137297 0.08577199
v -0.05641394 0.01384097 0.07414700
v -0.05719596 0.01909798 0.07546098
v -0.05798399 0.01524496 0.06949498
v -0.05851495 0.02052396 0.07074000
v -0.05939197 0.01668298 0.06464900
v -0.05967599 0.02194297 0.06584997
v -0.06063699 0.01812499 0.05966200
v -0.05880796 0.03081798 0.07338001
v -0.00637096 0.00228900 0.10832502
v 0.00000000 0.00240397 0.10868700
v -0.00645000 0.00348598 0.11096598
v 0.00000000 0.00407594 0.11288299
v -0.00652397 0.00443798 0.11395498
v 0.00000000 0.00458598 0.11508502
v -0.00658494 0.00488895 0.11704500
v 0.00000000 0.00479299 0.11733498
v -0.00662297 0.00472599 0.11967601
v 0.00000000 0.00459898 0.11958499
v -0.00664896 0.00386000 0.12219198
v 0.00000000 0.00388199 0.12172200
v -0.00665796 0.00308198 0.12330802
v 0.00000000 0.00251597 0.12350602
v -0.00666296 0.00203097 0.12421502
v 0.00000000 0.00157499 0.12412800
v -0.00666696 0.00071300 0.12475498
v 0.00000000 0.00050000 0.12446298
v -0.00666696 0.00050000 0.12479301
v -0.01325798 0.00050000 0.12577499
v -0.01325798 0.00074300 0.12573399
v -0.01325798 0.00203794 0.12523301
v -0.01325196 0.00307494 0.12441702
v -0.01324099 0.00386494 0.12342901
v -0.01320099 0.00485295 0.12121601
v -0.01313596 0.00524294 0.11888398
v -0.01302999 0.00513798 0.11609699
v -0.01289498 0.00456798 0.11334701
v -0.01275098 0.00372398 0.11087502
v -0.01259100 0.00262594 0.10844798
v -0.01972097 0.00050000 0.12739803
v -0.01978600 0.00079500 0.12737299
v -0.01978999 0.00208795 0.12691398
v -0.02610999 0.00217599 0.12922402
v -0.02611196 0.00325096 0.12857498
v -0.03069299 0.00337499 0.13077100
v -0.03068596 0.00430495 0.13008203
v -0.03509396 0.00452000 0.13267399
v -0.03503495 0.00617296 0.13128401
v -0.03923398 0.00660396 0.13431700
v -0.03909897 0.00815195 0.13288499
v -0.04305195 0.00885296 0.13629802
v -0.04277998 0.01065695 0.13449003
v -0.04644894 0.01170295 0.13822402
v -0.04604995 0.01349598 0.13623102
v -0.04940098 0.01489800 0.14020403
v -0.04892200 0.01655095 0.13816000
v -0.05193597 0.01828098 0.14229800
v -0.05134999 0.01993596 0.13998802
v -0.05401396 0.02198499 0.14422698
v -0.05333095 0.02360296 0.14160098
v -0.05563598 0.02595496 0.14588602
v -0.05487596 0.02748697 0.14290799
v -0.05682498 0.03012394 0.14719601
v -0.05601400 0.03151595 0.14385302
v -0.05761498 0.03441798 0.14810897
v -0.05678397 0.03562396 0.14440800
v -0.05805099 0.03877097 0.14861001
v -0.05723398 0.03976094 0.14457698
v -0.05818694 0.04313397 0.14870901
v -0.05741494 0.04389494 0.14437701
v -0.05807399 0.04747599 0.14842899
v -0.05708599 0.04810398 0.14171500
v -0.05746299 0.05196696 0.14559503
v -0.05667197 0.05199897 0.13851698
v -0.05737596 0.05594694 0.14779599
v -0.05669099 0.05606395 0.14117898
v -0.02600395 0.00050000 0.12965001
v -0.02609795 0.00086700 0.12964101
v -0.03068697 0.00226599 0.13136102
v -0.03510099 0.00352800 0.13329501
v -0.03930199 0.00476897 0.13557602
v -0.04320496 0.00707799 0.13762601
v -0.04675096 0.00959694 0.13995297
v -0.04983896 0.01278799 0.14216401
v -0.05245697 0.01633298 0.14435001
v -0.05464398 0.02003496 0.14657803
v -0.05636298 0.02404695 0.14858402
v -0.05762696 0.02831000 0.15027203
v -0.05846399 0.03275299 0.15157200
v -0.05891495 0.03730195 0.15244700
v -0.05902999 0.04189199 0.15289201
v -0.05886495 0.04647594 0.15292402
v -0.05846995 0.05102199 0.15256901
v -0.03066897 0.00093300 0.13174500
v -0.03203898 0.00050000 0.13250799
v -0.03509294 0.00237399 0.13383003
v -0.03507196 0.00100899 0.13418002
v -0.03930199 0.00250000 0.13661601
v -0.03927898 0.00109500 0.13693298
v -0.04328995 0.00264299 0.13970198
v -0.04326796 0.00118995 0.13998701
v -0.04703599 0.00280094 0.14306898
v -0.04701596 0.00129396 0.14332302
v -0.05051797 0.00297296 0.14669700
v -0.04806596 0.00050000 0.14439602
v -0.05050396 0.00140595 0.14692302
v -0.05254995 0.00050000 0.14934500
v -0.05371195 0.00152498 0.15076502
v -0.05371797 0.00315797 0.15056498
v -0.05662196 0.00335598 0.15464897
v -0.05659794 0.00493997 0.15437002
v -0.05917799 0.00523800 0.15867300
v -0.05911898 0.00684500 0.15836503
v -0.06136298 0.00725800 0.16285397
v -0.06114697 0.01057595 0.16210999
v -0.06303298 0.01122498 0.16675498
v -0.06269496 0.01466095 0.16576602
v -0.06421798 0.01554995 0.17051603
v -0.06366795 0.01974397 0.16896303
v -0.06482899 0.02091395 0.17377497
v -0.06413298 0.02517896 0.17176999
v -0.06494200 0.02662098 0.17660798
v -0.06419199 0.03056299 0.17433597
v -0.06466400 0.03224098 0.17917903
v -0.06382596 0.03617894 0.17645998
v -0.06400299 0.03797495 0.18137403
v -0.06282299 0.04297298 0.17714699
v -0.03775799 0.00050000 0.13593902
v -0.04311496 0.00050000 0.13991101
v -0.05651998 0.00050000 0.15470000
v -0.05662494 0.00165194 0.15482701
v -0.05921399 0.00356400 0.15892602
v -0.06143498 0.00554800 0.16314198
v -0.06327497 0.00768298 0.16747798
v -0.06458097 0.01187998 0.17150201
v -0.06540495 0.01643598 0.17534001
v -0.06565797 0.02206796 0.17863901
v -0.06542599 0.02803397 0.18148400
v -0.06508398 0.03242295 0.18487503
v -0.05922800 0.00178599 0.15908600
v -0.05994796 0.00050000 0.16041799
v -0.06148296 0.00377995 0.16337402
v -0.06150799 0.00192595 0.16351999
v -0.06341999 0.00400394 0.16796799
v -0.06345498 0.00206995 0.16810198
v -0.06501400 0.00423497 0.17268301
v -0.06505995 0.00221896 0.17281099
v -0.06626099 0.00446898 0.17749502
v -0.06631600 0.00237197 0.17762001
v -0.06715399 0.00470597 0.18237998
v -0.06721597 0.00252700 0.18250401
v -0.06769198 0.00494397 0.18731297
v -0.06775796 0.00268400 0.18743999
v -0.06779396 0.00714195 0.19211002
v -0.06797897 0.00050000 0.19246902
v -0.06765097 0.00050000 0.18580200
v -0.06667196 0.00050000 0.17920901
v -0.06505298 0.00050000 0.17274399
v -0.06280398 0.00050000 0.16645600
v -0.06739997 0.01372599 0.19122602
v -0.06748199 0.00941598 0.18686302
v -0.06759995 0.00718695 0.18711998
v -0.06717097 0.01383197 0.18614502
v -0.06680595 0.02018898 0.18975802
v -0.06676095 0.01817500 0.18513699
v -0.06615400 0.02319997 0.18354000
v -0.06625300 0.01731300 0.18022002
v -0.06602799 0.02645397 0.18765600
v -0.06159800 0.04727494 0.17222698
v -0.06200098 0.04299598 0.16979898
v -0.06293100 0.03978395 0.17332800
v -0.06336498 0.03422898 0.17166401
v -0.06340098 0.02884995 0.16953500
v -0.06299901 0.02371495 0.16698398
v -0.06217497 0.01856595 0.16421999
v -0.06083595 0.01377499 0.16110898
v -0.05892997 0.00993699 0.15758897
v -0.05655097 0.00644499 0.15403499
v -0.05370396 0.00465596 0.15025403
v -0.06106197 0.04575598 0.16590299
v -0.06038600 0.05076295 0.16669501
v -0.06014299 0.04802399 0.16169001
v -0.05924797 0.05336600 0.16068198
v -0.05927097 0.04977899 0.15722300
v -0.05823296 0.05507695 0.15433498
v -0.05610197 0.05125600 0.13143797
v -0.05618298 0.05552798 0.13456602
v -0.05584698 0.05443698 0.12800898
v -0.05574697 0.04986697 0.12442203
v -0.05567395 0.05288195 0.12154002
v -0.05559200 0.04794394 0.11750300
v -0.05565196 0.05093699 0.11517502
v -0.05562096 0.04557996 0.11069901
v -0.05576997 0.04866796 0.10891898
v -0.05581694 0.04285097 0.10401298
v -0.05637794 0.04336994 0.09672399
v -0.05616497 0.03982394 0.09744097
v -0.05664896 0.03655397 0.09097601
v -0.05589896 0.03488999 0.09542002
v -0.05638897 0.03154200 0.08916201
v -0.05538797 0.02990698 0.09348197
v -0.05588197 0.02647495 0.08743103
v -0.05462199 0.02489197 0.09161700
v -0.05741596 0.03733295 0.08490600
v -0.05797195 0.02946799 0.07830198
v -0.05771297 0.02431398 0.07684202
v -0.05878394 0.02573895 0.07205798
v -0.06656897 -0.00793695 0.01901598
v -0.06569397 -0.01286798 0.01871099
v -0.06447196 -0.01773899 0.01841201
v -0.06602799 -0.00638497 0.02341999
v -0.06517601 -0.01135498 0.02300300
v -0.06398200 -0.01627796 0.02259500
v -0.06244999 -0.02112698 0.02219798
v -0.06541198 -0.00457495 0.02772100
v -0.06458497 -0.00959599 0.02719898
v -0.06342297 -0.01458197 0.02669002
v -0.06192696 -0.01950597 0.02619602
v -0.06010097 -0.02434200 0.02571900
v -0.06440800 -0.00151497 0.03403200
v -0.06362396 -0.00662500 0.03336801
v -0.06251597 -0.01171797 0.03272398
v -0.06108200 -0.01676595 0.03210099
v -0.05932295 -0.02173995 0.03150101
v -0.05724096 -0.02661299 0.03092600
v -0.06336700 0.00182998 0.04022600
v -0.06263196 -0.00337100 0.03944100
v -0.06158196 -0.00857097 0.03868402
v -0.06021499 -0.01374095 0.03795399
v -0.05852997 -0.01885294 0.03725298
v -0.05652397 -0.02387499 0.03658302
v -0.05420094 -0.02877295 0.03594400
v -0.06232595 0.00537199 0.04635800
v -0.06164300 0.00009400 0.04547401
v -0.06065499 -0.00519794 0.04462500
v -0.05935800 -0.01047396 0.04381098
v -0.05774694 -0.01570397 0.04303099
v -0.05582100 -0.02085494 0.04228599
v -0.05357694 -0.02589297 0.04157598
v -0.05101698 -0.03078299 0.04090102
v -0.05554199 0.03800100 0.10176600
v -0.05502396 0.03310799 0.09960301
v -0.05425298 0.02818697 0.09751202
v -0.05321794 0.02325499 0.09548600
v -0.05533397 0.04082399 0.10820998
v -0.05480498 0.03603196 0.10580499
v -0.05402398 0.03121596 0.10347302
v -0.05298095 0.02639096 0.10120697
v -0.05166196 0.02157294 0.09899898
v -0.05528998 0.04329997 0.11475600
v -0.05474698 0.03862398 0.11209299
v -0.05395197 0.03392797 0.10950501
v -0.05289399 0.02922695 0.10698499
v -0.05156296 0.02453297 0.10452600
v -0.04994696 0.01986497 0.10212500
v -0.05542796 0.04535800 0.12140198
v -0.05486595 0.04082095 0.11846699
v -0.05405199 0.03626799 0.11560900
v -0.05297595 0.03171199 0.11282201
v -0.05162495 0.02716398 0.11009999
v -0.04999095 0.02264195 0.10744198
v -0.04806399 0.01816099 0.10484703
v -0.05576395 0.04691499 0.12813200
v -0.05518096 0.04254996 0.12491400
v -0.05434298 0.03816998 0.12177600
v -0.05324196 0.03378695 0.11871298
v -0.05186599 0.02941197 0.11572100
v -0.05020499 0.02506095 0.11279799
v -0.04825299 0.02074897 0.10994501
v -0.04600095 0.01649099 0.10716499
v -0.05631399 0.04787099 0.13492002
v -0.05570596 0.04371798 0.13141401
v -0.05484199 0.03954994 0.12799098
v -0.05370998 0.03537696 0.12464799
v -0.05230098 0.03121000 0.12138100
v -0.05060696 0.02706295 0.11819000
v -0.04861897 0.02294898 0.11507697
v -0.04633295 0.01888400 0.11204602
v -0.04374998 0.01488399 0.10910203
v -0.05972599 0.04497998 0.15725101
v -0.06063395 0.04298096 0.16134597
v -0.06156098 0.04049396 0.16514398
v -0.06247997 0.03755897 0.16859402
v -0.06665295 0.01318800 0.18121798
v -0.06578898 0.01253598 0.17632998
v -0.06695395 0.00898397 0.18192901
v -0.06607496 0.00854897 0.17703898
v -0.06484699 0.00811398 0.17221399
v -0.06706696 0.00685596 0.18218602
v -0.06618100 0.00652397 0.17729701
v -0.06494295 0.00619298 0.17247797
v -0.06335896 0.00586694 0.16775198
v -0.06067496 0.00372899 0.05149598
v -0.05886197 0.00212097 0.05651899
v -0.05688196 0.00062000 0.06141598
v -0.05471897 -0.00073000 0.06611599
v -0.05235898 -0.00192297 0.07053401
v -0.04924595 0.00103098 0.07968701
v -0.04657196 0.00002500 0.08310802
v -0.04370599 -0.00089300 0.08612700
v -0.04064995 -0.00170898 0.08875199
v -0.03741300 -0.00240296 0.09100302
v -0.05645298 0.04421299 0.13792701
v -0.05648595 0.04028797 0.14041097
v -0.05599695 0.03636795 0.14052798
v -0.05521994 0.03246295 0.14028902
v -0.05410796 0.02860897 0.13968398
v -0.05261695 0.02485400 0.13871898
v -0.05071395 0.02126395 0.13743003
v -0.04838097 0.01790899 0.13588603
v -0.04561197 0.01485198 0.13418598
v -0.04241895 0.01213300 0.13245000
v -0.03885495 0.00965696 0.13098003
v -0.03491300 0.00749898 0.12973203
v -0.03063195 0.00579000 0.12854399
v -0.02610397 0.00412798 0.12781198
v -0.01978796 0.00313300 0.12618400
v -0.05991899 0.04016000 0.15686001
v -0.06082797 0.03794699 0.16055103
v -0.06172800 0.03529095 0.16391499
v -0.06259298 0.03223896 0.16691501
v -0.05974698 -0.00162494 0.05057199
v -0.05851697 -0.00697500 0.04969002
v -0.05697995 -0.01228898 0.04884697
v -0.05513000 -0.01753497 0.04804201
v -0.05296397 -0.02267795 0.04727401
v -0.05047994 -0.02767997 0.04654099
v -0.04768395 -0.03250497 0.04584397
v -0.05555695 0.04030197 0.13422401
v -0.05438995 0.03638094 0.13060398
v -0.05294197 0.03246200 0.12706502
v -0.05120599 0.02855598 0.12360902
v -0.04917496 0.02467799 0.12023802
v -0.04684400 0.02083998 0.11695601
v -0.04421597 0.01705795 0.11377199
v -0.04129499 0.01334697 0.11069299
v -0.05979698 0.03536397 0.15602501
v -0.06067097 0.03298699 0.15929599
v -0.06150996 0.03021800 0.16222300
v -0.06229197 0.02710896 0.16478701
v -0.06153798 0.02223700 0.16226299
v -0.06086099 0.02534896 0.16010399
v -0.05975097 0.02075195 0.15762199
v -0.05910897 0.02357798 0.15549798
v -0.05763900 0.01926696 0.15307797
v -0.05703598 0.02180296 0.15098400
v -0.05520600 0.01779198 0.14864702
v -0.06011098 0.02817195 0.15759601
v -0.05839598 0.02611196 0.15304603
v -0.05930495 0.03065699 0.15474500
v -0.05527895 0.03666496 0.13652803
v -0.05378597 0.03303694 0.13272901
v -0.05199998 0.02941495 0.12901701
v -0.04991596 0.02581095 0.12539501
v -0.04753094 0.02223998 0.12187101
v -0.04484796 0.01871395 0.11845298
v -0.04187095 0.01524895 0.11515100
v -0.03861194 0.01185798 0.11197402
v -0.05769199 -0.00326097 0.05557199
v -0.05621999 -0.00861698 0.05466898
v -0.05443894 -0.01391500 0.05380602
v -0.05234295 -0.01911795 0.05298002
v -0.04992896 -0.02419096 0.05218901
v -0.04720097 -0.02909398 0.05143000
v -0.04416197 -0.03378999 0.05070199
v -0.05546396 -0.00473595 0.06044002
v -0.05303895 -0.00600797 0.06508501
v -0.05040496 -0.00708300 0.06941397
v -0.04702597 -0.00391400 0.07827200
v -0.04405897 -0.00474000 0.08153500
v -0.04089796 -0.00545394 0.08439298
v -0.03755396 -0.00604296 0.08686103
v -0.03404498 -0.00649196 0.08897097
v -0.05447000 0.03296399 0.13656200
v -0.05335599 0.02929997 0.13625701
v -0.05189496 0.02570599 0.13561203
v -0.05004799 0.02223396 0.13464101
v -0.04779195 0.01894795 0.13339002
v -0.04511499 0.01591497 0.13193799
v -0.04201996 0.01319199 0.13039203
v -0.03852796 0.01081597 0.12887998
v -0.03469395 0.00870800 0.12771501
v -0.03052198 0.00689995 0.12685700
v -0.02605199 0.00545698 0.12611200
v -0.01977699 0.00395697 0.12531401
v -0.06035095 0.01738595 0.15956201
v -0.05864799 0.01289695 0.15656502
v -0.05638796 0.00931495 0.15321399
v -0.05366897 0.00606298 0.14988799
v -0.05051195 0.00438899 0.14634998
v -0.05373895 -0.01004099 0.05950500
v -0.05170297 -0.01526099 0.05860801
v -0.04934895 -0.02036195 0.05774398
v -0.04667997 -0.02530395 0.05690999
v -0.04369795 -0.03005099 0.05610301
v -0.04041194 -0.03456097 0.05531998
v -0.05264598 0.02956098 0.13268401
v -0.05052196 0.02617198 0.12890001
v -0.04809397 0.02280795 0.12521698
v -0.04536700 0.01948398 0.12164499
v -0.04234695 0.01621299 0.11819602
v -0.03904396 0.01300799 0.11487998
v -0.03547894 0.00988197 0.11170800
v -0.05820000 0.01621097 0.15500797
v -0.05572599 0.01504898 0.15057702
v -0.05293595 0.01390498 0.14628799
v -0.05104994 -0.01120996 0.06409098
v -0.04813694 -0.01214295 0.06832798
v -0.04449695 -0.00874698 0.07689102
v -0.04123997 -0.00937199 0.08000101
v -0.03779596 -0.00986499 0.08270402
v -0.03418499 -0.01021397 0.08502598
v -0.03042799 -0.01040595 0.08700998
v -0.05118799 0.02614396 0.13232203
v -0.04937398 0.02282094 0.13164802
v -0.04717600 0.01963996 0.13068803
v -0.04457396 0.01666599 0.12949701
v -0.04156696 0.01396197 0.12816198
v -0.03816699 0.01158100 0.12679799
v -0.03440099 0.00955397 0.12553902
v -0.03032594 0.00781697 0.12470998
v -0.02595198 0.00635898 0.12427200
v -0.01972895 0.00510097 0.12337299
v -0.05613595 0.01203495 0.15215601
v -0.05353200 0.00871295 0.14900698
v -0.05048698 0.00570094 0.14594503
v -0.04703700 0.00414097 0.14268102
v -0.05330795 0.01119399 0.14790399
v -0.05017495 0.01037895 0.14382799
v -0.04871499 0.02300995 0.12849100
v -0.04594099 0.01990896 0.12477697
v -0.04287296 0.01685398 0.12119003
v -0.03952199 0.01385796 0.11774500
v -0.03590995 0.01093298 0.11445202
v -0.03205698 0.00809097 0.11132403
v -0.04874396 -0.01630300 0.06313099
v -0.04612296 -0.02125096 0.06219901
v -0.04319000 -0.02601498 0.06129201
v -0.03995198 -0.03055900 0.06040598
v -0.03642696 -0.03484594 0.05953701
v -0.05018198 -0.04429495 0.01682301
v -0.04649597 -0.04718995 0.02014299
v -0.04256898 -0.04989498 0.02331002
v -0.03834396 -0.05191797 0.02809401
v -0.03400695 -0.05363994 0.03284801
v -0.02957499 -0.05490499 0.03762002
v -0.02499997 -0.05555796 0.04233803
v -0.01882594 -0.05622798 0.04663302
v -0.01250195 -0.05595695 0.05039300
v -0.04555499 -0.01706898 0.06727101
v -0.04166096 -0.01343494 0.07554300
v -0.03812396 -0.01384299 0.07850398
v -0.03441697 -0.01409900 0.08106001
v -0.03056395 -0.01419699 0.08324899
v -0.02659195 -0.01412796 0.08512099
v -0.04655098 0.01996397 0.12780501
v -0.04400700 0.01708197 0.12687500
v -0.04107296 0.01442694 0.12576701
v -0.03775697 0.01205897 0.12457497
v -0.03407698 0.01002597 0.12342198
v -0.03006500 0.00835198 0.12244298
v -0.02577698 0.00698894 0.12197597
v -0.01964497 0.00573897 0.12130298
v -0.05037295 0.00813597 0.14499201
v -0.04701900 0.00536299 0.14223100
v -0.04329597 0.00391298 0.13926901
v -0.04673296 -0.04803597 0.01660402
v -0.04280996 -0.05077499 0.01986797
v -0.03866499 -0.05330699 0.02299799
v -0.03425598 -0.05518198 0.02773900
v -0.02975195 -0.05670797 0.03246398
v -0.02513498 -0.05774295 0.03719701
v -0.01894599 -0.05880296 0.04169698
v -0.01261794 -0.05884498 0.04584302
v -0.04266095 -0.02182596 0.06624003
v -0.03946399 -0.02637898 0.06522901
v -0.03597998 -0.03069299 0.06423600
v -0.03222894 -0.03473097 0.06325598
v -0.04343295 0.01714700 0.12409599
v -0.04003196 0.01438295 0.12053497
v -0.03636896 0.01168298 0.11713602
v -0.03246694 0.00905800 0.11391099
v -0.02835500 0.00651997 0.11087097
v -0.04692494 0.00758999 0.14119102
v -0.04301798 -0.05151599 0.01639898
v -0.03887498 -0.05407297 0.01961501
v -0.03453099 -0.05640196 0.02271600
v -0.02995699 -0.05809396 0.02742101
v -0.02527296 -0.05940699 0.03211702
v -0.01903897 -0.06081497 0.03669198
v -0.01269799 -0.06122899 0.04109301
v -0.03852397 -0.01794999 0.07422401
v -0.03472900 -0.01812297 0.07704098
v -0.03078299 -0.01813095 0.07946099
v -0.02672100 -0.01797097 0.08152898
v -0.02255696 -0.01765400 0.08329298
v -0.04055595 0.01457196 0.12321801
v -0.03731000 0.01224195 0.12221701
v -0.03370797 0.01021498 0.12119497
v -0.02977597 0.00853497 0.12027700
v -0.02554595 0.00721598 0.11960001
v -0.01950097 0.00599599 0.11878098
v -0.04328399 0.00505096 0.13876797
v -0.03930997 0.00370795 0.13613398
v -0.03684198 0.01211899 0.11973198
v -0.03288894 0.00973499 0.11643000
v -0.02872598 0.00742996 0.11332400
v -0.02437996 0.00520897 0.11041601
v -0.03510499 -0.02225798 0.07293202
v -0.03142499 -0.02632999 0.07166500
v -0.02751195 -0.03013795 0.07041700
v -0.03107500 -0.02218395 0.07561202
v -0.02692395 -0.02193599 0.07790400
v -0.02267396 -0.02153199 0.07985403
v -0.01699995 -0.02196896 0.08097298
v -0.03330796 0.01011997 0.11886199
v -0.02944999 0.00843894 0.11803301
v -0.02529299 0.00711197 0.11737098
v -0.01931399 0.00581998 0.11623497
v -0.02719199 -0.02599996 0.07421400
v -0.02309399 -0.02956700 0.07283302
v -0.02674597 -0.00356299 0.09592803
v -0.02267897 -0.00684500 0.09363200
v -0.02909594 0.00806999 0.11571403
v -0.02469998 0.00609899 0.11277802
v -0.01864397 0.00361794 0.10922302
v -0.02285599 -0.02550995 0.07637902
v -0.01709794 -0.02585995 0.07771201
v -0.01130098 -0.02585595 0.07874699
v -0.02289599 -0.00362795 0.09714098
v -0.01748198 -0.00443095 0.09747697
v -0.01175397 -0.00576597 0.09678103
v -0.00584197 -0.00879794 0.09402700
v -0.02500796 0.00673497 0.11509599
v -0.01911199 0.00534296 0.11389901
v -0.01888597 0.00460094 0.11156298
v -0.01724594 -0.00756097 0.09410103
v -0.01724696 -0.02982199 0.07440998
v -0.01317298 -0.06649500 0.01547898
v -0.01137399 -0.02972298 0.07563199
v -0.01161795 -0.00790298 0.09452303
v 0.00666797 -0.06765896 0.01000000
v 0.00665098 -0.06762599 0.01225300
v 0.00000000 -0.06799095 0.01000000
v 0.00661296 -0.06753295 0.01540001
v 0.00000000 -0.06770598 0.01904102
v 0.00656796 -0.06737500 0.01854099
v 0.00652295 -0.06713700 0.02168198
v 0.01301294 -0.06600898 0.02180703
v 0.01290398 -0.06537699 0.02657802
v 0.01940798 -0.06414496 0.02199300
v 0.01925694 -0.06338900 0.02682300
v 0.02563196 -0.06156694 0.02223898
v 0.02543699 -0.06064999 0.02713700
v 0.03019100 -0.05915498 0.02246298
v 0.02995699 -0.05809396 0.02742101
v 0.03425598 -0.05518198 0.02773900
v 0.03400695 -0.05363994 0.03284801
v 0.03804600 -0.05020999 0.03327103
v 0.03777295 -0.04810500 0.03856702
v 0.04150795 -0.04418498 0.03909601
v 0.04117995 -0.04146099 0.04455103
v 0.04457998 -0.03711098 0.04518099
v 0.04416197 -0.03378999 0.05070199
v 0.04720097 -0.02909398 0.05143000
v 0.04667997 -0.02530395 0.05690999
v 0.04934895 -0.02036195 0.05774398
v 0.04874396 -0.01630300 0.06313099
v 0.05104994 -0.01120996 0.06409098
v 0.05040496 -0.00708300 0.06941397
v 0.05235898 -0.00192297 0.07053401
v 0.05115598 0.00605899 0.08113898
v 0.05276495 0.01114296 0.08263399
v 0.05227899 0.01483798 0.08806898
v 0.05358999 0.01986199 0.08981498
v 0.05321794 0.02325499 0.09548600
v 0.05425298 0.02818697 0.09751202
v 0.05402398 0.03121596 0.10347302
v 0.05480498 0.03603196 0.10580499
v 0.05474698 0.03862398 0.11209299
v 0.05528998 0.04329997 0.11475600
v 0.05542796 0.04535800 0.12140198
v 0.05574697 0.04986697 0.12442203
v 0.05610197 0.05125600 0.13143797
v 0.05584698 0.05443698 0.12800898
v 0.05618298 0.05552798 0.13456602
v 0.01323395 -0.06662195 0.01230599
v 0.01325899 -0.06667298 0.01000000
v 0.01972198 -0.06504297 0.01000000
v 0.01969695 -0.06496095 0.01238097
v 0.02600497 -0.06278300 0.01000000
v 0.02598094 -0.06265598 0.01247699
v 0.03059196 -0.06048899 0.01256402
v 0.02589195 -0.06239497 0.01574798
v 0.03049194 -0.06015795 0.01588501
v 0.02576798 -0.06203198 0.01899601
v 0.03034996 -0.05971199 0.01917900
v 0.03203696 -0.05991399 0.01000000
v 0.03498494 -0.05800598 0.01265998
v 0.03487396 -0.05759698 0.01603998
v 0.03905797 -0.05470997 0.01621099
v 0.03887498 -0.05407297 0.01961501
v 0.04280996 -0.05077499 0.01986797
v 0.04256898 -0.04989498 0.02331002
v 0.04622095 -0.04619395 0.02364899
v 0.04578900 -0.04444599 0.02890898
v 0.04910296 -0.04029995 0.02936698
v 0.04861497 -0.03806495 0.03476699
v 0.05156195 -0.03351497 0.03533800
v 0.05101698 -0.03078299 0.04090102
v 0.05357694 -0.02589297 0.04157598
v 0.05296397 -0.02267795 0.04727401
v 0.05513000 -0.01753497 0.04804201
v 0.05443894 -0.01391500 0.05380602
v 0.05621999 -0.00861698 0.05466898
v 0.05546396 -0.00473595 0.06044002
v 0.05688196 0.00062000 0.06141598
v 0.05609697 0.00459099 0.06719102
v 0.05718195 0.00992495 0.06831397
v 0.05641394 0.01384097 0.07414700
v 0.05719596 0.01909798 0.07546098
v 0.05588197 0.02647495 0.08743103
v 0.05638897 0.03154200 0.08916201
v 0.05589896 0.03488999 0.09542002
v 0.05616497 0.03982394 0.09744097
v 0.05581694 0.04285097 0.10401298
v 0.05576997 0.04866796 0.10891898
v 0.05562096 0.04557996 0.11069901
v 0.05565196 0.05093699 0.11517502
v 0.05559200 0.04794394 0.11750300
v 0.05567395 0.05288195 0.12154002
v 0.03774994 -0.05647295 0.01000000
v 0.03918194 -0.05520194 0.01276697
v 0.04301798 -0.05151599 0.01639898
v 0.04649597 -0.04718995 0.02014299
v 0.04959899 -0.04222995 0.02401502
v 0.05212396 -0.03592395 0.02985699
v 0.05420094 -0.02877295 0.03594400
v 0.05582100 -0.02085494 0.04228599
v 0.05697995 -0.01228898 0.04884697
v 0.05769199 -0.00326097 0.05557199
v 0.05800396 0.00599396 0.06243898
v 0.05798399 0.01524496 0.06949498
v 0.05771297 0.02431398 0.07684202
v 0.05664896 0.03655397 0.09097601
v 0.05637794 0.04336994 0.09672399
v 0.04309999 -0.05249196 0.01000000
v 0.04315996 -0.05209398 0.01288398
v 0.04673296 -0.04803597 0.01660402
v 0.04991197 -0.04334294 0.02044000
v 0.05268800 -0.03803396 0.02440698
v 0.05483996 -0.03135097 0.03037699
v 0.05652397 -0.02387499 0.03658302
v 0.05774694 -0.01570397 0.04303099
v 0.05851697 -0.00697500 0.04969002
v 0.05886197 0.00212097 0.05651899
v 0.05883699 0.01135796 0.06351502
v 0.05851495 0.02052396 0.07074000
v 0.05797195 0.02946799 0.07830198
v 0.05741596 0.03733295 0.08490600
v 0.04689699 -0.04870200 0.01301099
v 0.04804497 -0.04799896 0.01000000
v 0.05037200 -0.04504698 0.01314600
v 0.05252498 -0.04304397 0.01000000
v 0.05356699 -0.04115098 0.01329102
v 0.05649495 -0.03768295 0.01000000
v 0.05646699 -0.03703695 0.01344402
v 0.05905598 -0.03272795 0.01360501
v 0.05877095 -0.03174400 0.01756598
v 0.06100499 -0.02720296 0.01783802
v 0.06058394 -0.02587699 0.02181502
v 0.06244999 -0.02112698 0.02219798
v 0.06192696 -0.01950597 0.02619602
v 0.06342297 -0.01458197 0.02669002
v 0.06251597 -0.01171797 0.03272398
v 0.06362396 -0.00662500 0.03336801
v 0.06263196 -0.00337100 0.03944100
v 0.06336700 0.00182998 0.04022600
v 0.06232595 0.00537199 0.04635800
v 0.06270998 0.01060700 0.04727800
v 0.06165295 0.01433098 0.05347700
v 0.06236100 0.01725399 0.05074502
v 0.06063699 0.01812499 0.05966200
v 0.05880796 0.03081798 0.07338001
v 0.05967599 0.02194297 0.06584997
v 0.05878394 0.02573895 0.07205798
v 0.05939197 0.01668298 0.06464900
v 0.05992299 -0.03196096 0.01000000
v 0.06132298 -0.02824997 0.01377203
v 0.06290799 -0.02252596 0.01812102
v 0.06398200 -0.01627796 0.02259500
v 0.06458497 -0.00959599 0.02719898
v 0.06440800 -0.00151497 0.03403200
v 0.06378996 0.00700396 0.04103698
v 0.06277996 -0.02591997 0.01000000
v 0.06325799 -0.02362596 0.01394601
v 0.06447196 -0.01773899 0.01841201
v 0.06517601 -0.01135498 0.02300300
v 0.06541198 -0.00457495 0.02772100
v 0.06486797 0.00358695 0.03471501
v 0.06434398 0.01071494 0.03932001
v 0.06502997 -0.01963198 0.01000000
v 0.06485098 -0.01888197 0.01412500
v 0.06569397 -0.01286798 0.01871099
v 0.06602799 -0.00638497 0.02341999
v 0.06590396 0.00045600 0.02825500
v 0.06532400 0.00767594 0.03348000
v 0.06609696 -0.01404398 0.01430900
v 0.06665098 -0.01316595 0.01000000
v 0.06699097 -0.00913596 0.01449598
v 0.06763195 -0.00657296 0.01000000
v 0.06752800 -0.00418299 0.01468600
v 0.06784999 0.00040000 0.01268198
v 0.06746000 0.00146395 0.01775898
v 0.06796300 0.00009700 0.01000000
v 0.06709295 -0.00297195 0.01932700
v 0.06690895 0.00301099 0.02269699
v 0.06653797 -0.00139296 0.02384598
v 0.06625300 0.00490397 0.02749999
v 0.05669099 0.05606395 0.14117898
v 0.05667197 0.05199897 0.13851698
v 0.05576395 0.04691499 0.12813200
v 0.05631399 0.04787099 0.13492002
v 0.05518096 0.04254996 0.12491400
v 0.05570596 0.04371798 0.13141401
v 0.05434298 0.03816998 0.12177600
v 0.05484199 0.03954994 0.12799098
v 0.05324196 0.03378695 0.11871298
v 0.05370998 0.03537696 0.12464799
v 0.05186599 0.02941197 0.11572100
v 0.05230098 0.03121000 0.12138100
v 0.05020499 0.02506095 0.11279799
v 0.05060696 0.02706295 0.11819000
v 0.04825299 0.02074897 0.10994501
v 0.04861897 0.02294898 0.11507697
v 0.04600095 0.01649099 0.10716499
v 0.04633295 0.01888400 0.11204602
v 0.04345196 0.01230597 0.10446198
v 0.04374998 0.01488399 0.10910203
v 0.04060900 0.00821197 0.10184301
v 0.04087400 0.01096600 0.10625203
v 0.03748095 0.00422597 0.09931101
v 0.03771400 0.00714594 0.10350300
v 0.03408700 0.00036800 0.09687401
v 0.03429096 0.00343996 0.10086198
v 0.03044897 -0.00334400 0.09453697
v 0.03062397 -0.00013400 0.09833600
v 0.02659696 -0.00689495 0.09230299
v 0.02674597 -0.00356299 0.09592803
v 0.02267795 -0.00684500 0.09363200
v 0.02289497 -0.00362897 0.09714003
v 0.01724594 -0.00756097 0.09410103
v 0.01748096 -0.00443095 0.09747697
v 0.01161795 -0.00790298 0.09452303
v 0.01175397 -0.00576597 0.09678103
v 0.00577199 -0.01107394 0.09182300
v 0.00584197 -0.00879794 0.09402700
v 0.00000000 -0.01518398 0.08823200
v 0.00000000 -0.00855696 0.09438701
v 0.00592196 -0.00661600 0.09627201
v 0.00601000 -0.00454295 0.09856202
v 0.01207298 -0.00190097 0.10137100
v 0.01224696 -0.00020700 0.10370202
v 0.01814299 0.00098500 0.10452600
v 0.01839298 0.00240797 0.10687698
v 0.02405798 0.00407195 0.10801502
v 0.02437895 0.00520897 0.11041500
v 0.02835500 0.00651997 0.11087097
v 0.02872598 0.00742996 0.11332400
v 0.03288894 0.00973499 0.11643000
v 0.03330796 0.01011997 0.11886199
v 0.03731000 0.01224195 0.12221701
v 0.03775697 0.01205897 0.12457497
v 0.04156696 0.01396197 0.12816198
v 0.04201996 0.01319199 0.13039203
v 0.04561197 0.01485198 0.13418598
v 0.04604995 0.01349598 0.13623102
v 0.04940098 0.01489800 0.14020403
v 0.04983896 0.01278799 0.14216401
v 0.05293595 0.01390498 0.14628799
v 0.05330795 0.01119399 0.14790399
v 0.05613595 0.01203495 0.15215601
v 0.05638796 0.00931495 0.15321399
v 0.05892997 0.00993699 0.15758897
v 0.05911898 0.00684500 0.15836503
v 0.06136298 0.00725800 0.16285397
v 0.06143498 0.00554800 0.16314198
v 0.06335896 0.00586694 0.16775198
v 0.06341999 0.00400394 0.16796799
v 0.06501400 0.00423497 0.17268301
v 0.06505995 0.00221896 0.17281099
v 0.06631600 0.00237197 0.17762001
v 0.06505298 0.00050000 0.17274500
v 0.06667196 0.00050000 0.17921002
v 0.06721597 0.00252700 0.18250401
v 0.06765097 0.00050000 0.18580200
v 0.06775796 0.00268400 0.18743999
v 0.06797897 0.00050000 0.19246902
v 0.06779396 0.00714195 0.19211002
v 0.06769198 0.00494397 0.18731297
v 0.06759995 0.00718695 0.18711998
v 0.06706696 0.00685596 0.18218602
v 0.06695395 0.00898397 0.18192901
v 0.06607496 0.00854897 0.17703898
v 0.06578898 0.01253598 0.17632998
v 0.06458097 0.01187998 0.17150201
v 0.06421798 0.01554995 0.17051603
v 0.06269496 0.01466095 0.16576602
v 0.06217497 0.01856595 0.16421999
v 0.06035095 0.01738595 0.15956201
v 0.05975097 0.02075195 0.15762199
v 0.05763900 0.01926696 0.15307797
v 0.05703598 0.02180296 0.15098400
v 0.05464398 0.02003496 0.14657803
v 0.05401396 0.02198499 0.14422698
v 0.05134999 0.01993596 0.13998802
v 0.05071395 0.02126395 0.13743003
v 0.04779195 0.01894795 0.13339002
v 0.04717600 0.01963996 0.13068803
v 0.04400700 0.01708197 0.12687500
v 0.04343295 0.01714700 0.12409599
v 0.04003196 0.01438295 0.12053497
v 0.03952199 0.01385796 0.11774500
v 0.03590995 0.01093298 0.11445202
v 0.03547894 0.00988197 0.11170800
v 0.03167396 0.00684899 0.10868998
v 0.03132998 0.00535399 0.10603400
v 0.02735894 0.00226694 0.10328801
v 0.02700096 -0.00048400 0.09959097
v 0.02320200 -0.00070300 0.10068698
v 0.05737596 0.05594694 0.14779599
v 0.05746299 0.05196696 0.14559503
v 0.05708599 0.04810398 0.14171500
v 0.05645298 0.04421299 0.13792701
v 0.05555695 0.04030197 0.13422401
v 0.05438995 0.03638094 0.13060398
v 0.05294197 0.03246200 0.12706502
v 0.05120599 0.02855598 0.12360902
v 0.04917496 0.02467799 0.12023802
v 0.04684400 0.02083998 0.11695601
v 0.04421597 0.01705795 0.11377199
v 0.04129499 0.01334697 0.11069299
v 0.03809195 0.00972295 0.10772802
v 0.03462594 0.00619996 0.10488398
v 0.03091895 0.00279295 0.10217000
v 0.05823296 0.05507695 0.15433498
v 0.05846995 0.05102199 0.15256901
v 0.05807399 0.04747599 0.14842899
v 0.05741494 0.04389494 0.14437701
v 0.05648595 0.04028797 0.14041097
v 0.05527895 0.03666496 0.13652803
v 0.05378597 0.03303694 0.13272901
v 0.05199998 0.02941495 0.12901701
v 0.04991596 0.02581095 0.12539501
v 0.04753094 0.02223998 0.12187101
v 0.04484796 0.01871395 0.11845298
v 0.04187095 0.01524895 0.11515100
v 0.03861194 0.01185798 0.11197402
v 0.03509199 0.00855500 0.10893197
v 0.05924797 0.05336600 0.16068198
v 0.05927097 0.04977899 0.15722300
v 0.05886495 0.04647594 0.15292402
v 0.05818694 0.04313397 0.14870901
v 0.05723398 0.03976094 0.14457698
v 0.05599695 0.03636795 0.14052798
v 0.05447000 0.03296399 0.13656200
v 0.05264598 0.02956098 0.13268401
v 0.05052196 0.02617198 0.12890001
v 0.04809397 0.02280795 0.12521698
v 0.04536700 0.01948398 0.12164499
v 0.04234695 0.01621299 0.11819602
v 0.03904396 0.01300799 0.11487998
v 0.06038600 0.05076295 0.16669501
v 0.06014299 0.04802399 0.16169001
v 0.05972599 0.04497998 0.15725101
v 0.05902999 0.04189199 0.15289201
v 0.05805099 0.03877097 0.14861001
v 0.05678397 0.03562396 0.14440800
v 0.05521994 0.03246295 0.14028902
v 0.05335599 0.02929997 0.13625701
v 0.05118799 0.02614396 0.13232203
v 0.04871499 0.02300995 0.12849100
v 0.04594099 0.01990896 0.12477697
v 0.04287296 0.01685398 0.12119003
v 0.06106197 0.04575598 0.16590299
v 0.06159800 0.04727494 0.17222698
v 0.06200098 0.04299598 0.16979898
v 0.06282299 0.04297298 0.17714699
v 0.06293100 0.03978395 0.17332800
v 0.06400299 0.03797495 0.18137403
v 0.06382596 0.03617894 0.17645998
v 0.06466400 0.03224098 0.17917903
v 0.06336498 0.03422898 0.17166401
v 0.06419199 0.03056299 0.17433597
v 0.06259298 0.03223896 0.16691501
v 0.06340098 0.02884995 0.16953500
v 0.06150996 0.03021800 0.16222300
v 0.06229197 0.02710896 0.16478701
v 0.06011098 0.02817195 0.15759601
v 0.06086099 0.02534896 0.16010399
v 0.05839598 0.02611196 0.15304603
v 0.05910897 0.02357798 0.15549798
v 0.05636298 0.02404695 0.14858402
v 0.06508398 0.03242295 0.18487503
v 0.06542599 0.02803397 0.18148400
v 0.06494200 0.02662098 0.17660798
v 0.06413298 0.02517896 0.17176999
v 0.06299901 0.02371495 0.16698398
v 0.06153798 0.02223700 0.16226299
v 0.06602799 0.02645397 0.18765600
v 0.06615400 0.02319997 0.18354000
v 0.06565797 0.02206796 0.17863901
v 0.06482899 0.02091395 0.17377497
v 0.06366795 0.01974397 0.16896303
v 0.06680595 0.02018898 0.18975802
v 0.06676095 0.01817500 0.18513699
v 0.06625300 0.01731300 0.18022002
v 0.06540495 0.01643598 0.17534001
v 0.06739997 0.01372599 0.19122602
v 0.06717097 0.01383197 0.18614502
v 0.06665295 0.01318800 0.18121798
v 0.06748199 0.00941598 0.18686302
v 0.06345498 0.00206995 0.16810198
v 0.06280499 0.00050000 0.16645701
v 0.06150799 0.00192595 0.16351999
v 0.05994796 0.00050000 0.16041799
v 0.05922800 0.00178599 0.15908600
v 0.05652099 0.00050000 0.15470000
v 0.05662494 0.00165194 0.15482701
v 0.05371195 0.00152498 0.15076502
v 0.05371797 0.00315797 0.15056498
v 0.05051797 0.00297296 0.14669700
v 0.05051195 0.00438899 0.14634998
v 0.04703700 0.00414097 0.14268102
v 0.04701900 0.00536299 0.14223100
v 0.04328399 0.00505096 0.13876797
v 0.04320496 0.00707799 0.13762601
v 0.03923398 0.00660396 0.13431700
v 0.03909897 0.00815195 0.13288499
v 0.03491300 0.00749898 0.12973203
v 0.03469395 0.00870800 0.12771501
v 0.03032594 0.00781697 0.12470998
v 0.03006500 0.00835198 0.12244298
v 0.02577698 0.00698894 0.12197597
v 0.02554595 0.00721598 0.11960001
v 0.01950097 0.00599599 0.11878098
v 0.01931399 0.00581998 0.11623497
v 0.01302999 0.00513798 0.11609699
v 0.01289498 0.00456798 0.11334802
v 0.00645000 0.00348598 0.11096598
v 0.00637096 0.00228900 0.10832502
v 0.00000000 0.00240397 0.10868700
v 0.00000000 0.00014000 0.10477401
v 0.05255097 0.00050000 0.14934601
v 0.05050396 0.00140595 0.14692302
v 0.04806596 0.00050000 0.14439698
v 0.04701596 0.00129396 0.14332302
v 0.04311597 0.00050000 0.13991202
v 0.04326796 0.00118995 0.13998701
v 0.03927898 0.00109500 0.13693298
v 0.03930199 0.00250000 0.13661601
v 0.03509294 0.00237399 0.13383003
v 0.03510099 0.00352800 0.13329501
v 0.03069299 0.00337499 0.13077100
v 0.03068596 0.00430495 0.13008203
v 0.02610397 0.00412798 0.12781198
v 0.03063195 0.00579000 0.12854399
v 0.02605199 0.00545698 0.12611200
v 0.03052198 0.00689995 0.12685700
v 0.02595198 0.00635898 0.12427200
v 0.03775894 0.00050000 0.13593902
v 0.03507196 0.00100899 0.13418002
v 0.03068697 0.00226599 0.13136102
v 0.02611196 0.00325096 0.12857498
v 0.01978796 0.00313300 0.12618400
v 0.01977699 0.00395697 0.12531401
v 0.01325297 0.00307494 0.12441702
v 0.01324194 0.00386494 0.12342901
v 0.00664896 0.00386000 0.12219198
v 0.00662398 0.00472599 0.11967601
v 0.00000000 0.00459898 0.11958499
v 0.00000000 0.00479299 0.11733498
v 0.03203999 0.00050000 0.13250901
v 0.03066897 0.00093300 0.13174500
v 0.02610999 0.00217599 0.12922402
v 0.01978999 0.00208795 0.12691398
v 0.01325798 0.00203794 0.12523301
v 0.00665796 0.00308198 0.12330802
v 0.00000000 0.00388199 0.12172200
v 0.02600497 0.00050000 0.12965001
v 0.02609795 0.00086700 0.12964101
v 0.01978600 0.00079500 0.12737299
v 0.01325899 0.00074300 0.12573399
v 0.00666398 0.00203097 0.12421502
v 0.00000000 0.00251597 0.12350602
v 0.01972097 0.00050000 0.12739803
v 0.01325798 0.00050000 0.12577601
v 0.00666696 0.00071300 0.12475498
v 0.00666696 0.00050000 0.12479301
v 0.00000000 0.00157499 0.12412800
v 0.00000000 0.00050000 0.12446298
v 0.00658494 0.00488895 0.11704500
v 0.00000000 0.00458598 0.11508502
v 0.00652498 0.00443798 0.11395498
v 0.00000000 0.00407594 0.11288299
v 0.00628495 0.00084900 0.10577501
v 0.00000000 -0.00251496 0.10111298
v 0.00619400 -0.00079000 0.10330500
v 0.00610095 -0.00259399 0.10090299
v 0.01242095 0.00130898 0.10605903
v 0.00568795 -0.01451998 0.08868201
v 0.00000000 -0.02212899 0.08243503
v 0.00562996 -0.01809495 0.08560599
v 0.00559795 -0.02176195 0.08257897
v 0.01134598 -0.01469397 0.08809800
v 0.01128399 -0.01831895 0.08495797
v 0.01698696 -0.01447796 0.08748199
v 0.01696097 -0.01816797 0.08422197
v 0.02251398 -0.01389700 0.08672197
v 0.02255696 -0.01765400 0.08329298
v 0.02654796 -0.01042795 0.08870597
v 0.02659195 -0.01412796 0.08512099
v 0.03038597 -0.00677997 0.09076698
v 0.03042799 -0.01040595 0.08700998
v 0.03400897 -0.00295496 0.09291501
v 0.03404498 -0.00649196 0.08897097
v 0.03738397 0.00102997 0.09514899
v 0.03741300 -0.00240296 0.09100302
v 0.04049199 0.00515395 0.09746303
v 0.04050999 0.00183594 0.09310301
v 0.04331296 0.00939697 0.09985401
v 0.04331797 0.00620496 0.09526803
v 0.04583799 0.01373898 0.10231598
v 0.04582899 0.01068097 0.09749599
v 0.04806399 0.01816099 0.10484703
v 0.04803794 0.01524096 0.09978200
v 0.04999095 0.02264195 0.10744198
v 0.04994696 0.01986497 0.10212500
v 0.05162495 0.02716398 0.11009999
v 0.05156296 0.02453297 0.10452600
v 0.05297595 0.03171199 0.11282201
v 0.05289399 0.02922695 0.10698499
v 0.05405199 0.03626799 0.11560900
v 0.05395197 0.03392797 0.10950501
v 0.05486595 0.04082095 0.11846699
v 0.00559199 -0.02549600 0.07958300
v 0.00000000 -0.03633195 0.07122703
v 0.00560897 -0.02927398 0.07659598
v 0.00564897 -0.03307700 0.07359500
v 0.01130098 -0.02585595 0.07874598
v 0.01137298 -0.02972298 0.07563199
v 0.01709699 -0.02585995 0.07771100
v 0.01724696 -0.02982199 0.07440998
v 0.02285498 -0.02551096 0.07637902
v 0.02309298 -0.02956700 0.07283302
v 0.02692395 -0.02193599 0.07790400
v 0.02719199 -0.02599996 0.07421400
v 0.03078299 -0.01813095 0.07946099
v 0.03107500 -0.02218395 0.07561202
v 0.03441697 -0.01409900 0.08106001
v 0.03472900 -0.01812297 0.07704098
v 0.03779596 -0.00986499 0.08270402
v 0.03812396 -0.01384299 0.07850398
v 0.04089796 -0.00545394 0.08439298
v 0.04123997 -0.00937199 0.08000101
v 0.04370599 -0.00089300 0.08612700
v 0.04405897 -0.00474000 0.08153500
v 0.04621100 0.00379199 0.08790602
v 0.04657196 0.00002500 0.08310802
v 0.04841095 0.00857299 0.08972998
v 0.04877895 0.00489396 0.08471902
v 0.05030697 0.01342594 0.09160002
v 0.05067795 0.00983995 0.08637102
v 0.05190598 0.01832699 0.09351702
v 0.00570899 -0.03688395 0.07055201
v 0.00000000 -0.04331195 0.06547297
v 0.00578594 -0.04067295 0.06743498
v 0.00587696 -0.04441595 0.06420799
v 0.01162499 -0.03754800 0.06924201
v 0.01179295 -0.04145896 0.06589402
v 0.01767098 -0.03786498 0.06754197
v 0.01818895 -0.04582697 0.05999900
v 0.02401900 -0.04188096 0.06130399
v 0.02433395 -0.04582995 0.05697800
v 0.02860295 -0.04250299 0.05783202
v 0.02892696 -0.04629999 0.05307700
v 0.03263497 -0.03883796 0.05868103
v 0.03300297 -0.04272300 0.05381103
v 0.03642696 -0.03484594 0.05953701
v 0.03684097 -0.03879797 0.05455799
v 0.03995198 -0.03055900 0.06040598
v 0.04041194 -0.03456097 0.05531998
v 0.04319000 -0.02601498 0.06129201
v 0.04369795 -0.03005099 0.05610301
v 0.04612296 -0.02125096 0.06219901
v 0.00000000 -0.04996699 0.05934901
v 0.00607997 -0.05160099 0.05725600
v 0.01216697 -0.04908299 0.05865802
v 0.01843994 -0.04961597 0.05584003
v 0.02461194 -0.04951995 0.05234398
v 0.02919197 -0.04970300 0.04805000
v 0.03331398 -0.04623097 0.04867901
v 0.03719997 -0.04239696 0.04932900
v 0.04082196 -0.03823697 0.05000301
v 0.00000000 -0.05600798 0.05262197
v 0.00617599 -0.05492496 0.05344601
v 0.01234698 -0.05266296 0.05466999
v 0.01865696 -0.05312895 0.05137600
v 0.02483296 -0.05280297 0.04743101
v 0.02939999 -0.05258595 0.04285099
v 0.03356599 -0.04923498 0.04338802
v 0.03750199 -0.04551500 0.04395403
v 0.00000000 -0.05867195 0.04896702
v 0.00625795 -0.05795896 0.04937400
v 0.01250100 -0.05595695 0.05039300
v 0.01882499 -0.05622798 0.04663302
v 0.02499896 -0.05555897 0.04233701
v 0.02957499 -0.05490499 0.03762002
v 0.03378498 -0.05168896 0.03807600
v 0.00000000 -0.06102198 0.04510398
v 0.00631899 -0.06060600 0.04504801
v 0.01261699 -0.05884498 0.04584302
v 0.01894497 -0.05880296 0.04169698
v 0.02513396 -0.05774396 0.03719701
v 0.02975195 -0.05670797 0.03246398
v 0.00000000 -0.06301200 0.04104401
v 0.00635898 -0.06279098 0.04051597
v 0.01269698 -0.06122899 0.04109301
v 0.01903796 -0.06081598 0.03669198
v 0.02527195 -0.05940794 0.03211702
v 0.00000000 -0.06461697 0.03681703
v 0.00638795 -0.06448799 0.03585298
v 0.01275700 -0.06307798 0.03624602
v 0.01913499 -0.06231194 0.03171898
v 0.00000000 -0.06584495 0.03246500
v 0.00641894 -0.06572896 0.03113301
v 0.01281994 -0.06443095 0.03139199
v 0.00000000 -0.06673300 0.02803101
v 0.00646394 -0.06658399 0.02640398
v 0.01317197 -0.06649500 0.01547898
v 0.01309394 -0.06629496 0.01864298
v 0.01961898 -0.06477695 0.01559599
v 0.01148295 -0.03362697 0.07247497
v 0.01744097 -0.03383195 0.07103403
v 0.02337700 -0.03367698 0.06917502
v 0.02751195 -0.03013795 0.07041700
v 0.02823996 -0.03846299 0.06228299
v 0.03142499 -0.02632999 0.07166500
v 0.03222894 -0.03473097 0.06325598
v 0.03510499 -0.02225798 0.07293202
v 0.03597998 -0.03069299 0.06423600
v 0.03852397 -0.01794999 0.07422401
v 0.03946399 -0.02637898 0.06522901
v 0.04166096 -0.01343494 0.07554300
v 0.04266095 -0.02182596 0.06624003
v 0.04449695 -0.00874698 0.07689102
v 0.04555499 -0.01706898 0.06727101
v 0.04702597 -0.00391400 0.07827200
v 0.04813694 -0.01214295 0.06832798
v 0.04924595 0.00103098 0.07968701
v 0.01126998 -0.02204799 0.08184703
v 0.01699995 -0.02196896 0.08097298
v 0.02267295 -0.02153199 0.07985403
v 0.02672100 -0.01797097 0.08152898
v 0.03056395 -0.01419699 0.08324899
v 0.03418499 -0.01021397 0.08502598
v 0.03755396 -0.00604296 0.08686103
v 0.04064995 -0.00170898 0.08875199
v 0.04345399 0.00276500 0.09069700
v 0.04595798 0.00735396 0.09269603
v 0.04815900 0.01203399 0.09474601
v 0.05005794 0.01677995 0.09684600
v 0.05166196 0.02157294 0.09899898
v 0.05298095 0.02639096 0.10120697
v 0.01145797 -0.01120597 0.09128399
v 0.01708096 -0.01092898 0.09077097
v 0.02255195 -0.01028299 0.09016301
v 0.01190698 -0.00375998 0.09906401
v 0.01767998 -0.00245297 0.09981902
v 0.01259100 0.00262696 0.10844798
v 0.01864397 0.00361699 0.10922302
v 0.01275098 0.00372398 0.11087502
v 0.01888597 0.00460094 0.11156298
v 0.02469998 0.00609797 0.11277701
v 0.01313698 0.00524294 0.11888398
v 0.01320099 0.00485295 0.12121703
v 0.01951700 -0.06450796 0.01879598
v 0.01790195 -0.00064100 0.10217102
v 0.02374798 0.00269598 0.10558499
v 0.02799499 0.00534499 0.10836799
v 0.03246694 0.00905800 0.11391099
v 0.03684198 0.01211899 0.11973198
v 0.04107296 0.01442694 0.12576701
v 0.04511499 0.01591497 0.13193799
v 0.04892200 0.01655095 0.13816000
v 0.05245697 0.01633298 0.14435001
v 0.05572599 0.01504898 0.15057702
v 0.05864799 0.01289695 0.15656502
v 0.06114697 0.01057595 0.16210999
v 0.06327497 0.00768298 0.16747798
v 0.06494295 0.00619298 0.17247797
v 0.06626099 0.00446898 0.17749502
v 0.01911199 0.00534296 0.11389901
v 0.02529299 0.00711197 0.11737098
v 0.02977597 0.00853497 0.12027700
v 0.03440099 0.00955397 0.12553902
v 0.03885495 0.00965696 0.13098003
v 0.04305195 0.00885296 0.13629802
v 0.04692494 0.00758999 0.14119102
v 0.05048698 0.00570094 0.14594503
v 0.05370396 0.00465596 0.15025403
v 0.05662196 0.00335598 0.15464897
v 0.01964497 0.00573897 0.12130298
v 0.01972895 0.00510097 0.12337299
v 0.02345895 0.00109798 0.10313798
v 0.02500796 0.00673497 0.11509599
v 0.02909594 0.00806999 0.11571403
v 0.02765899 0.00391894 0.10583498
v 0.03205698 0.00809097 0.11132403
v 0.03636896 0.01168298 0.11713602
v 0.04055595 0.01457196 0.12321801
v 0.04457396 0.01666599 0.12949701
v 0.04838097 0.01790899 0.13588603
v 0.05193597 0.01828098 0.14229800
v 0.05520600 0.01779198 0.14864702
v 0.05820000 0.01621097 0.15500797
v 0.06083595 0.01377499 0.16110898
v 0.06303298 0.01122498 0.16675498
v 0.06484699 0.00811398 0.17221399
v 0.06618100 0.00652397 0.17729701
v 0.06715399 0.00470597 0.18237998
v 0.02944999 0.00843894 0.11803301
v 0.03407698 0.01002597 0.12342198
v 0.03852796 0.01081597 0.12887998
v 0.04277998 0.01065695 0.13449003
v 0.04675096 0.00959694 0.13995297
v 0.05037295 0.00813597 0.14499201
v 0.05366897 0.00606298 0.14988799
v 0.05659794 0.00493997 0.15437002
v 0.05921399 0.00356400 0.15892602
v 0.03471297 -0.05705899 0.01938499
v 0.03453099 -0.05640196 0.02271600
v 0.03370797 0.01021498 0.12119497
v 0.03503495 0.00617296 0.13128401
v 0.03509396 0.00452000 0.13267399
v 0.03866499 -0.05330699 0.02299799
v 0.03834396 -0.05191797 0.02809401
v 0.03816699 0.01158100 0.12679799
v 0.04241895 0.01213300 0.13245000
v 0.04644894 0.01170295 0.13822402
v 0.05017495 0.01037895 0.14382799
v 0.05353200 0.00871295 0.14900698
v 0.05655097 0.00644499 0.15403499
v 0.05917799 0.00523800 0.15867300
v 0.06148296 0.00377995 0.16337402
v 0.03930199 0.00476897 0.13557602
v 0.03930997 0.00370795 0.13613398
v 0.04219597 -0.04832899 0.02848400
v 0.04183995 -0.04644697 0.03373201
v 0.04329597 0.00391298 0.13926901
v 0.04328995 0.00264299 0.13970198
v 0.04536998 -0.04238796 0.03423102
v 0.04497295 -0.03996598 0.03966100
v 0.04703599 0.00280094 0.14306898
v 0.05018198 -0.04429495 0.01682301
v 0.05304199 -0.03926098 0.02075602
v 0.05547499 -0.03363394 0.02482302
v 0.05724096 -0.02661299 0.03092600
v 0.05852997 -0.01885294 0.03725298
v 0.05935800 -0.01047396 0.04381098
v 0.05974698 -0.00162494 0.05057199
v 0.05973798 0.00749898 0.05751301
v 0.05334800 -0.04031497 0.01705803
v 0.05621600 -0.03612297 0.01730497
v 0.04814594 -0.03548598 0.04026301
v 0.04768395 -0.03250497 0.04584397
v 0.05047994 -0.02767997 0.04654099
v 0.04992896 -0.02419096 0.05218901
v 0.05170297 -0.01526099 0.05860801
v 0.05303895 -0.00600797 0.06508501
v 0.05400598 0.00330395 0.07169200
v 0.05408096 0.01625597 0.08417602
v 0.05462199 0.02489197 0.09161700
v 0.05502396 0.03310799 0.09960301
v 0.05533397 0.04082399 0.10820998
v 0.04655098 0.01996397 0.12780501
v 0.04937398 0.02282094 0.13164802
v 0.05189496 0.02570599 0.13561203
v 0.05410796 0.02860897 0.13968398
v 0.05601400 0.03151595 0.14385302
v 0.05761498 0.03441798 0.14810897
v 0.05891495 0.03730195 0.15244700
v 0.05991899 0.04016000 0.15686001
v 0.06063395 0.04298096 0.16134597
v 0.05004799 0.02223396 0.13464101
v 0.05333095 0.02360296 0.14160098
v 0.05587196 -0.03497099 0.02109201
v 0.05794894 -0.02906095 0.02525999
v 0.05932295 -0.02173995 0.03150101
v 0.06021499 -0.01374095 0.03795399
v 0.06065499 -0.00519794 0.04462500
v 0.06067496 0.00372899 0.05149598
v 0.06032699 0.01284199 0.05855901
v 0.05234295 -0.01911795 0.05298002
v 0.05261695 0.02485400 0.13871898
v 0.05487596 0.02748697 0.14290799
v 0.05682498 0.03012394 0.14719601
v 0.05846399 0.03275299 0.15157200
v 0.05979698 0.03536397 0.15602501
v 0.06082797 0.03794699 0.16055103
v 0.06156098 0.04049396 0.16514398
v 0.05838799 -0.03049999 0.02144499
v 0.05373895 -0.01004099 0.05950500
v 0.05471897 -0.00073000 0.06611599
v 0.05535399 0.00856799 0.07289399
v 0.05511599 0.02137297 0.08577199
v 0.05538797 0.02990698 0.09348197
v 0.05554199 0.03800100 0.10176600
v 0.05563598 0.02595496 0.14588602
v 0.06010097 -0.02434200 0.02571900
v 0.06108200 -0.01676595 0.03210099
v 0.06158196 -0.00857097 0.03868402
v 0.06164300 0.00009400 0.04547401
v 0.06130897 0.00905699 0.05246301
v 0.05762696 0.02831000 0.15027203
v 0.05930495 0.03065699 0.15474500
v 0.06067097 0.03298699 0.15929599
v 0.06172800 0.03529095 0.16391499
v 0.06247997 0.03755897 0.16859402
v 0.06656897 -0.00793695 0.01901598
v -0.04704397 0.05061894 0.02749999
v -0.04186296 0.05571895 0.02749999
v -0.04722797 0.04997599 0.02333797
v -0.04195499 0.05467998 0.01877601
v -0.04726594 0.04987496 0.02255101
v -0.04745799 0.04945898 0.01853998
v -0.05245697 0.04376399 0.01857002
v -0.05252498 0.04366797 0.01759203
v -0.05694597 0.03747600 0.01761998
v -0.05710500 0.03724998 0.01553400
v -0.06084799 0.03056097 0.01555999
v -0.06098496 0.03033399 0.01345999
v -0.06395298 0.02321898 0.01348199
v -0.06399798 0.02312797 0.01262201
v -0.06614100 0.01570999 0.01264198
v -0.06409496 0.02293795 0.01000000
v -0.06623798 0.01548498 0.01000000
v -0.04199796 0.05422598 0.01000000
v -0.04766696 0.04913496 0.01339199
v -0.04759097 0.04923999 0.01547898
v -0.04750299 0.04938000 0.01756199
v -0.05266100 0.04349499 0.01550801
v -0.04769396 0.04910194 0.01254101
v -0.04775696 0.04902994 0.01000000
v -0.05290895 0.04323095 0.01000000
v -0.05738598 0.03689700 0.01000000
v -0.05728399 0.03701698 0.01258297
v -0.05281698 0.04332196 0.01256300
v -0.06103098 0.03025996 0.01260199
v -0.06113195 0.03010499 0.01000000
v -0.06753200 0.00783896 0.01000000
v -0.06742900 0.00810099 0.01266201
v -0.06609600 0.01581698 0.01350500
v -0.06738197 0.00822300 0.01352800
v -0.06596195 0.01614195 0.01561297
v -0.06723999 0.00859296 0.01563998
v -0.06579595 0.01654499 0.01770402
v -0.06706696 0.00904995 0.01773198
v -0.06571000 0.01675999 0.01867999
v -0.06697601 0.00929195 0.01870902
v -0.06530195 0.01778596 0.02265502
v -0.06654798 0.01044499 0.02267702
v -0.06521397 0.01801300 0.02343000
v -0.06645500 0.01069897 0.02344997
v -0.06471198 0.01932996 0.02749999
v -0.06592398 0.01216495 0.02749999
v -0.06625300 0.00490397 0.02749999
v -0.06690895 0.00301099 0.02269699
v -0.06796300 0.00009700 0.01000000
v -0.06784999 0.00040000 0.01268198
v -0.06746000 0.00146395 0.01775898
v -0.06262296 0.02629095 0.02749999
v -0.06308895 0.02512300 0.02341099
v -0.06317299 0.02492398 0.02263297
v -0.06356900 0.02402895 0.01865102
v -0.06365495 0.02384400 0.01767500
v -0.06381797 0.02349698 0.01558597
v -0.05971199 0.03294998 0.02749999
v -0.06013399 0.03192996 0.02339198
v -0.06021398 0.03175896 0.02261199
v -0.06059795 0.03100198 0.01862402
v -0.06068295 0.03084796 0.01764698
v -0.05607098 0.03924095 0.02749999
v -0.05643695 0.03836196 0.02337499
v -0.05650895 0.03821897 0.02259298
v -0.05686599 0.03759896 0.01859702
v -0.05181294 0.04513198 0.02749999
v -0.05210095 0.04438197 0.02335800
v -0.05215895 0.04426300 0.02257301
v -0.05723899 0.03707396 0.01343800
v -0.05277699 0.04336398 0.01341601
v 0.06592398 0.01216495 0.02749999
v 0.06625300 0.00490397 0.02749999
v 0.06645500 0.01069897 0.02344997
v 0.06690895 0.00301099 0.02269699
v 0.06654798 0.01044499 0.02267702
v 0.06697601 0.00929195 0.01870902
v 0.06571000 0.01675999 0.01867999
v 0.06579595 0.01654499 0.01770402
v 0.06365495 0.02384400 0.01767500
v 0.06381797 0.02349698 0.01558597
v 0.06084799 0.03056097 0.01555999
v 0.06098496 0.03033399 0.01345999
v 0.05723899 0.03707396 0.01343800
v 0.05728399 0.03701698 0.01258297
v 0.05281698 0.04332196 0.01256300
v 0.05290895 0.04323095 0.01000000
v 0.04775696 0.04902994 0.01000000
v 0.06746000 0.00146395 0.01775898
v 0.06706696 0.00904995 0.01773198
v 0.06596195 0.01614195 0.01561297
v 0.06395298 0.02321898 0.01348199
v 0.06103098 0.03025996 0.01260199
v 0.05738496 0.03689700 0.01000000
v 0.06723999 0.00859296 0.01563998
v 0.06784999 0.00040000 0.01268198
v 0.06738197 0.00822300 0.01352800
v 0.06742900 0.00810099 0.01266201
v 0.06614100 0.01570999 0.01264198
v 0.06623798 0.01548600 0.01000000
v 0.06409400 0.02293896 0.01000000
v 0.06796300 0.00009700 0.01000000
v 0.06753200 0.00783998 0.01000000
v 0.06399798 0.02312797 0.01262201
v 0.06113100 0.03010594 0.01000000
v 0.04769396 0.04910194 0.01254101
v 0.04199796 0.05422598 0.01000000
v 0.04198294 0.05437999 0.01439102
v 0.04195499 0.05467998 0.01877500
v 0.04759097 0.04923999 0.01547898
v 0.04766696 0.04913496 0.01339199
v 0.05277699 0.04336398 0.01341601
v 0.04191499 0.05512696 0.02314599
v 0.04726594 0.04987496 0.02255101
v 0.04745799 0.04945898 0.01853998
v 0.04750299 0.04938000 0.01756199
v 0.05245697 0.04376399 0.01857002
v 0.05252498 0.04366797 0.01759203
v 0.05686599 0.03759896 0.01859702
v 0.05694597 0.03747600 0.01761998
v 0.06059795 0.03100198 0.01862402
v 0.06068295 0.03084796 0.01764698
v 0.06356900 0.02402895 0.01865102
v 0.04722797 0.04997599 0.02333797
v 0.04186296 0.05571895 0.02749999
v 0.04704397 0.05061995 0.02749999
v 0.05181294 0.04513198 0.02749999
v 0.05210095 0.04438197 0.02335800
v 0.05215895 0.04426300 0.02257301
v 0.05607098 0.03924095 0.02749999
v 0.05643695 0.03836196 0.02337499
v 0.05650895 0.03821897 0.02259298
v 0.05971199 0.03294998 0.02749999
v 0.06013399 0.03192996 0.02339198
v 0.06021398 0.03175896 0.02261199
v 0.06262296 0.02629095 0.02749999
v 0.06308895 0.02512300 0.02341099
v 0.06317299 0.02492398 0.02263297
v 0.06471198 0.01932996 0.02749999
v 0.06521397 0.01801300 0.02343000
v 0.06530195 0.01778596 0.02265502
v 0.06609600 0.01581698 0.01350500
v 0.05710500 0.03724998 0.01553400
v 0.05266100 0.04349499 0.01550801
v -0.06779396 0.00714195 0.19211002
v -0.06797897 0.00050000 0.19246902
v -0.06774896 0.00580597 0.19613101
v -0.06754797 0.00050000 0.20025302
v -0.06742697 0.00603795 0.20002098
v -0.06689298 0.00626796 0.20386697
v -0.06660199 0.01279497 0.20325197
v -0.06586396 0.01318997 0.20711298
v -0.06542497 0.01994895 0.20608403
v -0.06424897 0.02064496 0.21085800
v -0.06370300 0.02750498 0.20941199
v -0.06225198 0.02841395 0.21418901
v -0.06157499 0.03595799 0.21209700
v -0.05988198 0.03710299 0.21686198
v -0.05944395 0.04185098 0.21526302
v -0.05750697 0.04314094 0.21996899
v -0.05708497 0.04793494 0.21813299
v -0.05492198 0.04937297 0.22275998
v -0.05452996 0.05419498 0.22065701
v -0.05337798 0.05499297 0.22293998
v -0.05299597 0.05972695 0.22050698
v -0.05181199 0.06061094 0.22277100
v -0.05144697 0.06521600 0.21997400
v -0.05023598 0.06618797 0.22221102
v -0.04989194 0.07061499 0.21901698
v -0.04865795 0.07167500 0.22121502
v -0.04833996 0.07586395 0.21760000
v -0.04578000 0.07815200 0.22184499
v -0.04552799 0.08212900 0.21778800
v -0.04112499 0.08760398 0.22225697
v -0.04101794 0.09047597 0.21857299
v -0.06625497 0.00050000 0.20794000
v -0.06614297 0.00649798 0.20770903
v -0.06465995 0.01367497 0.21183802
v -0.06275498 0.02133500 0.21556599
v -0.06049597 0.02930897 0.21886398
v -0.05789595 0.03822898 0.22150703
v -0.05528897 0.04440897 0.22453399
v -0.05373895 0.05008196 0.22501297
v -0.05216199 0.05578398 0.22517897
v -0.05056697 0.06148695 0.22498901
v -0.04896700 0.06715101 0.22439797
v -0.04602599 0.07377099 0.22545703
v -0.04132896 0.08094400 0.22879602
v -0.04122895 0.08441698 0.22567202
v -0.06492000 0.00677997 0.21240498
v -0.06411695 0.00050000 0.21543600
v -0.06336998 0.00705999 0.21702798
v -0.06115800 0.00050000 0.22264798
v -0.06150394 0.00733399 0.22153701
v -0.05932897 0.00760299 0.22591002
v -0.05914294 0.01508897 0.22545399
v -0.05669796 0.01554095 0.22971399
v -0.05644196 0.02333098 0.22896899
v -0.05513298 0.02365195 0.23106702
v -0.05481696 0.03147298 0.22995903
v -0.05346995 0.03189295 0.23205300
v -0.05307996 0.04041796 0.23034300
v -0.05170899 0.04095196 0.23244001
v -0.05145698 0.04626595 0.23106302
v -0.05005198 0.04687196 0.23314197
v -0.04980897 0.05217200 0.23149599
v -0.04688596 0.05353397 0.23556103
v -0.04669296 0.05888199 0.23363800
v -0.04165697 0.06492799 0.23830302
v -0.04158699 0.06917798 0.23636199
v -0.05741697 0.00050000 0.22948702
v -0.05685496 0.00786597 0.23012598
v -0.05536699 0.01576298 0.23177899
v -0.05375599 0.02396899 0.23311998
v -0.05205696 0.03230696 0.23409797
v -0.05027395 0.04148000 0.23448600
v -0.04706096 0.04806995 0.23714103
v -0.04177397 0.05611896 0.24141599
v -0.05550897 0.00799495 0.23216797
v -0.05293798 0.00050000 0.23586602
v -0.05409300 0.00812197 0.23416199
v -0.05260896 0.00824797 0.23610599
v -0.05249696 0.01620000 0.23576601
v -0.05096095 0.01641398 0.23768301
v -0.05079996 0.02459198 0.23707499
v -0.04758495 0.02520197 0.24081601
v -0.04743295 0.03352600 0.23991997
v -0.04192399 0.03782194 0.24515797
v -0.04186195 0.04704397 0.24364401
v -0.05105799 0.00837296 0.23799802
v -0.04777795 0.00050000 0.24170901
v -0.04775899 0.00861698 0.24161799
v -0.04199999 0.00050000 0.24694098
v -0.04198700 0.01919198 0.24664600
v -0.04769498 0.01683598 0.24135299
v -0.04196399 0.02852398 0.24611302
v -0.04721897 0.04252195 0.23841800
v -0.04648399 0.06407296 0.23133500
v -0.04150795 0.07328701 0.23413803
v -0.04626095 0.06905597 0.22861703
v -0.04142194 0.07722198 0.23161901
v -0.04532396 0.08497899 0.21424200
v -0.04090899 0.09301197 0.21464999
v -0.04512000 0.08750998 0.21045698
v -0.04080098 0.09520095 0.21052398
v -0.04491800 0.08970695 0.20646401
v -0.04069495 0.09704297 0.20623101
v -0.04472094 0.09156799 0.20229800
v -0.04059296 0.09854495 0.20180698
v -0.04452896 0.09309697 0.19799598
v -0.04049599 0.09972399 0.19728602
v -0.04434597 0.09430700 0.19358797
v -0.04040497 0.10059800 0.19269700
v -0.04417198 0.09521400 0.18910600
v -0.04032099 0.10118900 0.18806101
v -0.04400998 0.09584099 0.18457200
v -0.04017597 0.10161200 0.17872800
v -0.04372596 0.09633600 0.17542799
v -0.04006296 0.10116400 0.16939498
v -0.04350095 0.09595996 0.16626902
v -0.04337799 0.09522199 0.15962101
v -0.04549896 0.09251397 0.16296102
v -0.04534900 0.09174895 0.15645398
v -0.04644697 0.09076195 0.16124101
v -0.04628598 0.08998197 0.15480800
v -0.04735594 0.08898997 0.15948202
v -0.04718697 0.08819198 0.15312399
v -0.04822599 0.08719700 0.15768601
v -0.04804998 0.08638095 0.15140398
v -0.04905396 0.08538299 0.15585603
v -0.04887294 0.08454799 0.14965202
v -0.05057495 0.08169496 0.15210600
v -0.05038899 0.08081597 0.14606400
v -0.05190896 0.07792800 0.14825799
v -0.05172300 0.07699996 0.14238198
v -0.05304497 0.07408797 0.14433099
v -0.05286598 0.07310497 0.13862701
v -0.05397897 0.07018297 0.14034398
v -0.05381196 0.06913995 0.13481601
v -0.05470895 0.06623095 0.13632102
v -0.05455994 0.06512397 0.13097300
v -0.05514997 0.06302297 0.13306297
v -0.05501794 0.06186199 0.12786199
v -0.05545997 0.05980795 0.12980099
v -0.05534899 0.05859094 0.12474902
v -0.05564498 0.05657094 0.12651803
v -0.05555796 0.05529499 0.12161697
v -0.05584698 0.05443698 0.12800898
v -0.05567395 0.05288195 0.12154002
v -0.05555295 0.05381298 0.11677302
v -0.05565196 0.05093699 0.11517502
v -0.05576997 0.04866796 0.10891898
v -0.05576896 0.05033195 0.10726203
v -0.05637794 0.04336994 0.09672399
v -0.05626100 0.04629898 0.09797902
v -0.05699700 0.04185199 0.08890499
v -0.05665796 0.04531198 0.09096099
v -0.05759197 0.04055994 0.08176197
v -0.05710798 0.04398697 0.08352198
v -0.05822896 0.03901499 0.07416798
v -0.05758798 0.04240095 0.07564397
v -0.05887597 0.03731697 0.06609000
v -0.05783694 0.04145795 0.06757601
v -0.05923998 0.03641098 0.05768801
v -0.05790400 0.04045999 0.05881597
v -0.05920797 0.03606897 0.04938199
v -0.05754399 0.04002499 0.05017097
v -0.05846196 0.03702396 0.04274501
v -0.05647099 0.04088598 0.04327001
v -0.05726796 0.03828495 0.03546001
v -0.05494695 0.04205995 0.03571798
v -0.05607098 0.03924095 0.02749999
v -0.05369895 0.04388999 0.03584601
v -0.05181294 0.04513198 0.02749999
v -0.05239695 0.04568195 0.03597100
v -0.05104500 0.04743498 0.03609402
v -0.05178499 0.04817199 0.04429503
v -0.05048495 0.04989999 0.04454298
v -0.05113095 0.05107098 0.05248798
v -0.04988497 0.05278599 0.05285902
v -0.05024999 0.05539900 0.06325598
v -0.04907399 0.05710995 0.06378700
v -0.04933995 0.06049698 0.07491697
v -0.04823696 0.06221795 0.07561298
v -0.04854595 0.06572896 0.08655299
v -0.04750698 0.06747096 0.08740802
v -0.04789996 0.07088798 0.09825100
v -0.04691398 0.07265198 0.09925999
v -0.04741799 0.07578498 0.11008198
v -0.04647397 0.07757097 0.11124201
v -0.04711097 0.08024495 0.12209900
v -0.04619598 0.08204698 0.12340899
v -0.04699200 0.08408200 0.13433798
v -0.04609298 0.08588999 0.13579698
v -0.04707098 0.08708298 0.14680798
v -0.04617398 0.08888399 0.14841802
v -0.03998398 0.09999299 0.16012300
v -0.04328894 0.09414899 0.15301599
v -0.04524296 0.09066098 0.14998998
v -0.03993797 0.09822398 0.15094502
v -0.04321599 0.09116196 0.13997002
v -0.04516196 0.08767199 0.13722397
v -0.03992694 0.09596097 0.14187701
v -0.03994899 0.09329199 0.13291903
v -0.04327797 0.08728599 0.12715800
v -0.04000300 0.09029299 0.12406601
v -0.04346895 0.08274996 0.11456700
v -0.04008799 0.08703100 0.11530597
v -0.04378098 0.07775700 0.10215802
v -0.04034495 0.07997697 0.09799500
v -0.04420399 0.07249796 0.08986898
v -0.04069995 0.07265299 0.08079697
v -0.04472798 0.06717896 0.07761998
v -0.04532694 0.06203198 0.06531598
v -0.04709899 0.06390595 0.07629700
v -0.04785996 0.05878496 0.06430699
v -0.04111796 0.06565898 0.06346603
v -0.04590296 0.05771100 0.05392899
v -0.04859596 0.05446296 0.05322398
v -0.04133296 0.06251198 0.05466701
v -0.04632598 0.05486094 0.04525597
v -0.04913997 0.05158996 0.04478599
v -0.04153597 0.05973798 0.04574300
v -0.04671496 0.05246496 0.03644802
v -0.04964494 0.04914897 0.03621502
v -0.04171699 0.05744194 0.03668500
v -0.04704397 0.05061894 0.02749999
v -0.04186296 0.05571895 0.02749999
v -0.05971199 0.03294998 0.02749999
v -0.05933499 0.03436297 0.03519799
v -0.06018596 0.03302794 0.04221697
v -0.06060099 0.03199595 0.04859401
v -0.06031596 0.03226900 0.05656500
v -0.05953395 0.03394299 0.06490500
v -0.05872696 0.03560096 0.07270099
v -0.05794799 0.03710395 0.08000500
v -0.05741596 0.03733295 0.08490600
v -0.06112295 0.03030198 0.03493400
v -0.06262296 0.02629095 0.02749999
v -0.06260895 0.02611899 0.03467001
v -0.06471198 0.01932996 0.02749999
v -0.06377798 0.02183496 0.03440602
v -0.06447595 0.01834797 0.03419699
v -0.06344699 0.02126896 0.04074497
v -0.06393295 0.01780396 0.04033001
v -0.06287598 0.02100497 0.04656698
v -0.06317895 0.01755297 0.04595299
v -0.06180799 0.02205997 0.05390502
v -0.06236100 0.01725399 0.05074502
v -0.06038397 0.02710795 0.06255902
v -0.05880796 0.03081798 0.07338001
v -0.05908596 0.03215700 0.07124002
v -0.06592398 0.01216495 0.02749999
v -0.06496298 0.01482599 0.03398903
v -0.06421995 0.01431596 0.03991897
v -0.06434398 0.01071494 0.03932001
v -0.06523895 0.01128000 0.03378202
v -0.06625300 0.00490397 0.02749999
v -0.06532400 0.00767594 0.03348000
v -0.05590295 0.05792999 0.13332201
v -0.05618298 0.05552798 0.13456602
v -0.05632895 0.05875998 0.14019997
v -0.05669099 0.05606395 0.14117898
v -0.05660694 0.05894398 0.14365299
v -0.05737596 0.05594694 0.14779599
v -0.05692899 0.05895698 0.14710601
v -0.05729299 0.05878496 0.15054901
v -0.05682694 0.06181597 0.15095998
v -0.05719798 0.06155395 0.15448298
v -0.05657994 0.06465995 0.15478302
v -0.05695497 0.06430900 0.15838601
v -0.05618494 0.06750500 0.15860303
v -0.05655896 0.06706696 0.16228498
v -0.05548495 0.07101798 0.16331102
v -0.05585497 0.07047295 0.16709001
v -0.05455100 0.07450300 0.16797198
v -0.05491095 0.07385295 0.17184801
v -0.05338597 0.07794195 0.17255898
v -0.05372995 0.07718998 0.17652799
v -0.05199295 0.08133000 0.17705001
v -0.05231595 0.08047896 0.18111201
v -0.05037897 0.08466100 0.18142398
v -0.05067598 0.08371597 0.18557598
v -0.04949295 0.08630496 0.18355901
v -0.04977500 0.08531296 0.18775500
v -0.04855597 0.08793395 0.18565501
v -0.04882097 0.08689695 0.18989499
v -0.04757100 0.08954799 0.18770899
v -0.04781800 0.08846700 0.19199200
v -0.04653894 0.09114795 0.18971802
v -0.04676598 0.09002298 0.19404198
v -0.05823296 0.05507695 0.15433498
v -0.05769997 0.05841398 0.15397002
v -0.05760896 0.06108498 0.15797700
v -0.05736595 0.06374198 0.16195197
v -0.05696696 0.06640398 0.16592403
v -0.05625396 0.06969100 0.17081697
v -0.05529600 0.07295495 0.17566301
v -0.05409598 0.07617998 0.18043001
v -0.05265796 0.07935899 0.18509902
v -0.05098897 0.08248800 0.18964501
v -0.05007100 0.08403295 0.19186403
v -0.04909896 0.08556598 0.19404401
v -0.04807597 0.08708500 0.19618000
v -0.04700398 0.08859097 0.19826902
v -0.05814695 0.05783098 0.15735401
v -0.05924797 0.05336600 0.16068198
v -0.05863195 0.05702698 0.16068400
v -0.05915194 0.05599099 0.16394301
v -0.05853796 0.05947500 0.16481103
v -0.05905199 0.05831694 0.16811402
v -0.05828595 0.06191295 0.16890497
v -0.05878996 0.06063300 0.17225100
v -0.05787098 0.06435495 0.17299600
v -0.05836296 0.06295496 0.17638703
v -0.05712997 0.06737297 0.17803599
v -0.05760198 0.06582295 0.18148000
v -0.05613398 0.07037097 0.18302597
v -0.05658096 0.06867396 0.18652297
v -0.05488598 0.07333499 0.18793400
v -0.05530399 0.07149195 0.19148399
v -0.05338996 0.07625997 0.19274099
v -0.05377495 0.07427299 0.19634099
v -0.05165296 0.07914000 0.19742198
v -0.05199998 0.07701396 0.20107002
v -0.05069696 0.08056300 0.19970699
v -0.05102396 0.07836800 0.20338000
v -0.04968595 0.08197498 0.20195199
v -0.04998999 0.07971096 0.20564701
v -0.04861998 0.08337497 0.20415200
v -0.04890096 0.08104300 0.20787002
v -0.04750299 0.08476400 0.20630403
v -0.04775899 0.08236497 0.21004499
v -0.06038600 0.05076295 0.16669501
v -0.05970299 0.05471998 0.16710903
v -0.05959296 0.05691796 0.17131300
v -0.05931895 0.05910694 0.17548199
v -0.05887597 0.06130099 0.17965002
v -0.05809199 0.06401199 0.18478300
v -0.05704295 0.06670695 0.18986501
v -0.05573397 0.06937295 0.19486298
v -0.05416899 0.07200300 0.19975598
v -0.05235296 0.07459396 0.20452101
v -0.05135500 0.07587498 0.20684703
v -0.05029797 0.07714498 0.20913102
v -0.04918497 0.07840496 0.21137001
v -0.04801797 0.07965600 0.21356101
v -0.06042599 0.05279898 0.17090602
v -0.06159800 0.04727494 0.17222698
v -0.06117600 0.05051696 0.17449100
v -0.06282299 0.04297298 0.17714699
v -0.06193798 0.04789400 0.17783000
v -0.06269800 0.04495698 0.18089803
v -0.06177300 0.04959398 0.18205400
v -0.06251096 0.04649394 0.18509902
v -0.06143295 0.05128496 0.18624200
v -0.06214499 0.04802399 0.18926401
v -0.06091296 0.05298197 0.19043000
v -0.06159496 0.04955899 0.19343002
v -0.06001800 0.05507695 0.19558300
v -0.06065899 0.05145299 0.19855203
v -0.05884295 0.05715894 0.20068301
v -0.05943900 0.05333596 0.20362098
v -0.05739295 0.05921798 0.20569499
v -0.05793797 0.05519598 0.20860000
v -0.05567198 0.06124895 0.21059699
v -0.05616199 0.05702996 0.21346803
v -0.05368596 0.06324899 0.21536501
v -0.05411595 0.05883496 0.21819998
v -0.05259698 0.06423598 0.21769102
v -0.06400299 0.03797495 0.18137403
v -0.06344199 0.04173898 0.18367799
v -0.06323200 0.04311996 0.18784697
v -0.06284099 0.04449498 0.19198002
v -0.06226098 0.04587298 0.19611300
v -0.06128394 0.04757398 0.20119299
v -0.06001800 0.04926395 0.20621897
v -0.05846595 0.05093300 0.21115299
v -0.05663496 0.05257695 0.21597399
v -0.06415498 0.03827798 0.18616201
v -0.06508398 0.03242295 0.18487503
v -0.06482797 0.03460997 0.18834902
v -0.06544899 0.03077095 0.19024302
v -0.06457698 0.03570097 0.19243897
v -0.06518095 0.03172600 0.19429202
v -0.06413698 0.03678399 0.19649102
v -0.06471997 0.03267395 0.19830300
v -0.06350296 0.03787100 0.20054401
v -0.06405997 0.03362494 0.20231302
v -0.06244796 0.03920996 0.20552100
v -0.06296998 0.03479599 0.20723499
v -0.06109297 0.04053997 0.21043999
v -0.06602799 0.02645397 0.18765600
v -0.06631797 0.02434897 0.19269098
v -0.06602597 0.02509897 0.19667800
v -0.06553697 0.02584296 0.20062597
v -0.06484299 0.02658796 0.20457299
v -0.06680595 0.02018898 0.18975802
v -0.06696099 0.01824498 0.19434602
v -0.06665396 0.01881599 0.19828601
v -0.06614398 0.01938199 0.20218600
v -0.06739997 0.01372599 0.19122602
v -0.06744295 0.01200300 0.19548000
v -0.06712597 0.01240098 0.19938703
v -0.06392496 0.03950995 0.19029303
v -0.06350797 0.04073596 0.19438697
v -0.06290000 0.04196494 0.19848098
v -0.06188297 0.04348099 0.20351203
v -0.06057196 0.04498594 0.20848598
v -0.05897098 0.04647195 0.21336700
v -0.06103199 0.05238294 0.17872502
v -0.06071597 0.05423998 0.18292297
v -0.06022399 0.05610299 0.18712099
v -0.05936896 0.05840295 0.19228800
v -0.05823898 0.06069099 0.19740303
v -0.05683898 0.06295299 0.20243098
v -0.05517196 0.06518399 0.20735098
v -0.05324596 0.06738299 0.21213801
v -0.05218797 0.06846898 0.21447499
v -0.05106896 0.06954598 0.21676899
v -0.06030094 0.05483198 0.17513402
v -0.06000798 0.05685597 0.17932703
v -0.05954200 0.05888599 0.18351902
v -0.05872398 0.06139296 0.18868001
v -0.05763697 0.06388700 0.19378997
v -0.05628395 0.06635200 0.19881399
v -0.05466896 0.06878495 0.20373203
v -0.05279898 0.07118195 0.20851900
v -0.05177199 0.07236695 0.21085598
v -0.05068498 0.07354199 0.21314998
v -0.04953998 0.07470798 0.21539898
v -0.05805599 0.06039500 0.16142602
v -0.05780994 0.06294697 0.16546501
v -0.05740499 0.06550300 0.16950102
v -0.05667895 0.06865996 0.17447402
v -0.05570399 0.07179695 0.17939700
v -0.05448198 0.07489699 0.18424101
v -0.05301696 0.07795399 0.18898399
v -0.05131494 0.08096498 0.19360299
v -0.05037897 0.08245199 0.19585903
v -0.04938799 0.08392697 0.19807298
v -0.04834395 0.08538895 0.20024402
v -0.04724997 0.08683997 0.20236702
v -0.05649596 0.06188398 0.14742102
v -0.05624300 0.06480801 0.15115900
v -0.05584496 0.06773298 0.15489401
v -0.05514699 0.07134199 0.15949799
v -0.05421996 0.07491999 0.16405697
v -0.05306696 0.07844996 0.16854300
v -0.05169099 0.08192497 0.17293598
v -0.05010098 0.08533996 0.17721398
v -0.04922795 0.08702397 0.17930199
v -0.04830700 0.08869296 0.18135102
v -0.04733794 0.09034597 0.18335999
v -0.04632496 0.09198296 0.18532301
v -0.05620598 0.06177300 0.14387698
v -0.05594497 0.06476897 0.14752598
v -0.05554199 0.06776499 0.15117098
v -0.05484199 0.07146000 0.15566601
v -0.05391800 0.07512199 0.16011597
v -0.05277395 0.07873100 0.16449602
v -0.05141299 0.08228296 0.16878600
v -0.04984295 0.08577001 0.17296399
v -0.04898297 0.08748996 0.17500301
v -0.04807496 0.08919197 0.17700399
v -0.04712098 0.09087800 0.17896397
v -0.04612499 0.09254795 0.18088098
v -0.05575096 0.06106895 0.13680698
v -0.05546694 0.06418699 0.14026703
v -0.05504798 0.06730198 0.14372303
v -0.05433696 0.07114195 0.14798798
v -0.05341297 0.07494097 0.15221102
v -0.05227798 0.07868295 0.15636899
v -0.05093699 0.08235800 0.16044302
v -0.04939699 0.08596301 0.16441001
v -0.04855597 0.08773696 0.16634603
v -0.04767096 0.08949297 0.16824599
v -0.04674297 0.09123098 0.17010702
v -0.04577398 0.09294998 0.17192598
v -0.05531996 0.05715596 0.11975200
v -0.05496799 0.06047397 0.12271501
v -0.05449098 0.06377899 0.12567498
v -0.05372399 0.06784695 0.12933798
v -0.05276197 0.07185900 0.13296999
v -0.05160796 0.07579600 0.13655199
v -0.05026799 0.07964897 0.14006598
v -0.04875099 0.08341300 0.14349200
v -0.04793000 0.08525997 0.14516599
v -0.05549299 0.05374300 0.10993202
v -0.05509996 0.05712598 0.11259098
v -0.05458599 0.06049096 0.11525102
v -0.05377495 0.06462997 0.11854698
v -0.05277299 0.06870400 0.12182100
v -0.05158597 0.07269400 0.12505402
v -0.05021899 0.07659095 0.12823100
v -0.04868298 0.08038800 0.13133301
v -0.04785597 0.08224797 0.13284899
v -0.05594897 0.04974699 0.10034098
v -0.05551898 0.05316495 0.10269703
v -0.05496799 0.05656099 0.10505600
v -0.05410897 0.06073600 0.10798700
v -0.05306094 0.06483799 0.11090203
v -0.05182695 0.06884795 0.11378701
v -0.05041694 0.07275700 0.11662699
v -0.04883998 0.07655698 0.11940397
v -0.04799300 0.07841497 0.12076302
v -0.06003499 0.03053998 0.06372900
v -0.06148099 0.02549099 0.05478503
v -0.06098395 0.02889597 0.05567200
v -0.05619698 0.04874294 0.09301700
v -0.05649197 0.04738599 0.08528902
v -0.05658996 0.04655796 0.07748999
v -0.05656099 0.04550999 0.06906702
v -0.05631899 0.04439395 0.05994399
v -0.05562895 0.04384899 0.05095501
v -0.05423694 0.04460400 0.04378797
v -0.05561095 0.05214798 0.09507902
v -0.05470395 0.05633199 0.09764601
v -0.05360299 0.06043696 0.10020502
v -0.05231297 0.06444400 0.10274197
v -0.05084300 0.06834197 0.10524501
v -0.04920595 0.07212299 0.10769798
v -0.04832994 0.07396900 0.10889901
v -0.06238698 0.02443200 0.04718597
v -0.06276100 0.02469897 0.04116298
v -0.06170898 0.02782595 0.04780902
v -0.06313300 0.01415497 0.21649398
v -0.06095099 0.02201396 0.22016902
v -0.05844098 0.03018695 0.22341497
v -0.05562597 0.03933495 0.22600903
v -0.05407696 0.04503399 0.22675599
v -0.05249196 0.05078500 0.22722198
v -0.05088299 0.05656898 0.22737099
v -0.04926300 0.06235599 0.22715701
v -0.05553799 0.05156099 0.08749498
v -0.05537295 0.05062794 0.07933803
v -0.05505698 0.04944998 0.07055600
v -0.05450195 0.04820096 0.06106497
v -0.05348396 0.04753297 0.05172999
v -0.05303698 0.04640698 0.04404302
v -0.05437898 0.05565196 0.08969797
v -0.05302399 0.05963999 0.09188898
v -0.05148196 0.06351298 0.09405400
v -0.04976898 0.06726396 0.09617998
v -0.04885196 0.06909096 0.09722401
v -0.06162500 0.02891296 0.04168899
v -0.06129097 0.01462596 0.22104002
v -0.05884295 0.02267897 0.22464402
v -0.05609500 0.03104895 0.22781898
v -0.05438697 0.03987896 0.22819902
v -0.05279898 0.04565298 0.22893299
v -0.05118095 0.05148196 0.22938402
v -0.04954499 0.05734598 0.22951199
v -0.05394595 0.05458998 0.08117999
v -0.05333995 0.05326598 0.07203402
v -0.05247098 0.05187100 0.06217201
v -0.05233198 0.04932099 0.05211098
v -0.05232095 0.05843198 0.08300503
v -0.05051499 0.06214696 0.08480002
v -0.04954999 0.06395500 0.08568300
v -0.05142694 0.05694997 0.07349200
v -0.05138295 0.05365300 0.06271799
v -0.05040395 0.05873996 0.07420899
v -0.05231100 0.02428197 0.23512299
v -0.05396598 0.01598298 0.23379703
v -0.05057895 0.03271800 0.23609199
v -0.04525095 0.08381998 0.12469001
v -0.04549896 0.07932698 0.11237802
v -0.04589599 0.07438397 0.10024901
v -0.04643499 0.06917899 0.08824702
v 0.04198700 0.01919299 0.24664701
v 0.04199999 0.00050000 0.24694098
v 0.04775899 0.00861698 0.24161799
v 0.04777795 0.00050000 0.24170901
v 0.05105799 0.00837296 0.23799802
v 0.05293798 0.00050000 0.23586602
v 0.05260896 0.00824797 0.23610599
v 0.05409300 0.00812197 0.23416199
v 0.05396598 0.01598298 0.23379798
v 0.05536699 0.01576298 0.23177899
v 0.05513298 0.02365195 0.23106702
v 0.05644094 0.02333098 0.22896899
v 0.05609500 0.03104895 0.22781898
v 0.05844098 0.03018695 0.22341497
v 0.05789595 0.03822898 0.22150703
v 0.05988198 0.03710299 0.21686198
v 0.05944395 0.04185098 0.21526302
v 0.06109297 0.04053997 0.21043999
v 0.06057196 0.04498594 0.20848598
v 0.06188297 0.04348099 0.20351203
v 0.06128394 0.04757398 0.20119299
v 0.06290000 0.04196494 0.19848098
v 0.06226098 0.04587298 0.19611300
v 0.06350797 0.04073596 0.19438697
v 0.06284099 0.04449498 0.19198002
v 0.06392496 0.03950995 0.19029303
v 0.06323200 0.04311996 0.18784697
v 0.06415498 0.03827798 0.18616201
v 0.06344199 0.04173898 0.18367799
v 0.06400299 0.03797495 0.18137403
v 0.06282299 0.04297298 0.17714699
v 0.05550897 0.00799495 0.23216797
v 0.05741697 0.00050000 0.22948600
v 0.05685496 0.00786597 0.23012598
v 0.05932897 0.00760299 0.22591098
v 0.05914294 0.01508897 0.22545399
v 0.06129097 0.01462596 0.22104002
v 0.06095099 0.02201396 0.22016902
v 0.06275498 0.02133500 0.21556599
v 0.06225198 0.02841395 0.21418901
v 0.06370300 0.02750498 0.20941199
v 0.06296998 0.03479599 0.20723499
v 0.06484299 0.02658796 0.20457299
v 0.06405997 0.03362494 0.20231302
v 0.06553697 0.02584296 0.20062597
v 0.06471997 0.03267395 0.19830300
v 0.06602597 0.02509897 0.19667800
v 0.06518095 0.03172600 0.19429202
v 0.06631797 0.02434897 0.19269098
v 0.06544899 0.03077095 0.19024302
v 0.06602799 0.02645397 0.18765600
v 0.06508398 0.03242295 0.18487503
v 0.06115800 0.00050000 0.22264798
v 0.06150394 0.00733399 0.22153701
v 0.06313300 0.01415497 0.21649398
v 0.06424897 0.02064496 0.21085800
v 0.06542497 0.01994895 0.20608403
v 0.06614398 0.01938199 0.20218600
v 0.06665396 0.01881599 0.19828601
v 0.06696099 0.01824498 0.19434602
v 0.06680595 0.02018898 0.18975802
v 0.06336998 0.00705999 0.21702798
v 0.06411695 0.00050000 0.21543600
v 0.06492000 0.00677997 0.21240498
v 0.06625497 0.00050000 0.20794000
v 0.06614297 0.00649798 0.20770802
v 0.06689298 0.00626796 0.20386697
v 0.06586396 0.01318997 0.20711298
v 0.06660199 0.01279497 0.20325197
v 0.06754797 0.00050000 0.20025302
v 0.06742697 0.00603795 0.20002098
v 0.06712597 0.01240098 0.19938703
v 0.06774896 0.00580597 0.19613101
v 0.06797897 0.00050000 0.19246902
v 0.06779396 0.00714195 0.19211002
v 0.06744295 0.01200300 0.19548000
v 0.06739997 0.01372599 0.19122602
v 0.06482797 0.03460997 0.18834902
v 0.06159800 0.04727494 0.17222698
v 0.06193798 0.04789400 0.17783000
v 0.06269800 0.04495698 0.18089803
v 0.06251096 0.04649394 0.18509902
v 0.06214499 0.04802399 0.18926401
v 0.06159496 0.04955899 0.19342901
v 0.06065899 0.05145299 0.19855203
v 0.06001800 0.04926395 0.20621897
v 0.05897098 0.04647195 0.21336801
v 0.05750697 0.04314094 0.21996899
v 0.05562597 0.03933495 0.22600903
v 0.05481696 0.03147298 0.22995903
v 0.05375599 0.02396899 0.23311998
v 0.05249696 0.01620000 0.23576601
v 0.06117600 0.05051696 0.17449100
v 0.06038600 0.05076295 0.16669501
v 0.06042599 0.05279898 0.17090602
v 0.05970299 0.05471998 0.16710903
v 0.05959296 0.05691796 0.17131199
v 0.05905199 0.05831694 0.16811402
v 0.05878996 0.06063300 0.17225100
v 0.05828595 0.06191295 0.16890497
v 0.05787098 0.06435495 0.17299600
v 0.05740499 0.06550300 0.16950102
v 0.05667895 0.06865996 0.17447402
v 0.05625396 0.06969100 0.17081799
v 0.05570399 0.07179695 0.17939700
v 0.05529600 0.07295495 0.17566301
v 0.05448198 0.07489699 0.18424101
v 0.05409598 0.07617998 0.18043001
v 0.05301696 0.07795399 0.18898399
v 0.05265796 0.07935899 0.18509902
v 0.05131494 0.08096498 0.19360299
v 0.05098897 0.08248800 0.18964501
v 0.05037897 0.08245199 0.19585903
v 0.05007100 0.08403295 0.19186403
v 0.04938799 0.08392697 0.19807298
v 0.04909896 0.08556598 0.19404401
v 0.04834395 0.08538895 0.20024402
v 0.04807597 0.08708500 0.19618000
v 0.04724997 0.08683997 0.20236702
v 0.04700398 0.08859097 0.19826902
v 0.04472094 0.09156799 0.20229800
v 0.04452896 0.09309697 0.19799598
v 0.04069495 0.09704196 0.20623101
v 0.04059296 0.09854495 0.20180698
v 0.04434597 0.09430700 0.19358797
v 0.04049599 0.09972399 0.19728602
v 0.04417198 0.09521400 0.18910600
v 0.04040497 0.10059800 0.19269599
v 0.04400998 0.09584099 0.18457200
v 0.04032099 0.10118900 0.18806101
v 0.04372596 0.09633600 0.17542799
v 0.04017597 0.10161300 0.17872901
v 0.04350095 0.09595996 0.16626902
v 0.04006296 0.10116600 0.16939802
v 0.04337799 0.09522199 0.15962101
v 0.03998398 0.09999299 0.16012300
v 0.04328894 0.09414899 0.15301599
v 0.03993797 0.09822499 0.15094502
v 0.04321599 0.09116196 0.13997002
v 0.03992694 0.09596097 0.14187600
v 0.03994899 0.09329199 0.13291903
v 0.04327797 0.08728599 0.12715800
v 0.04000300 0.09029299 0.12406601
v 0.04346895 0.08274996 0.11456700
v 0.04008799 0.08703100 0.11530597
v 0.04378098 0.07775700 0.10215802
v 0.04034495 0.07997697 0.09799500
v 0.04420399 0.07249796 0.08986898
v 0.04070097 0.07265299 0.08079697
v 0.04472798 0.06717896 0.07761998
v 0.04532694 0.06203198 0.06531598
v 0.04709899 0.06390595 0.07629700
v 0.04785996 0.05878597 0.06430699
v 0.04907399 0.05710995 0.06378700
v 0.04988497 0.05278599 0.05285902
v 0.05113095 0.05107200 0.05248798
v 0.05178499 0.04817199 0.04429503
v 0.05303698 0.04640698 0.04404302
v 0.05369895 0.04388999 0.03584500
v 0.05494695 0.04205995 0.03571798
v 0.05607098 0.03924095 0.02749999
v 0.05726796 0.03828495 0.03545900
v 0.05971199 0.03294998 0.02749999
v 0.05933499 0.03436297 0.03519697
v 0.06112295 0.03030198 0.03493299
v 0.05846196 0.03702497 0.04274501
v 0.06018596 0.03302794 0.04221697
v 0.05754399 0.04002499 0.05017097
v 0.05920797 0.03606897 0.04938199
v 0.05631899 0.04439395 0.05994399
v 0.05790400 0.04045999 0.05881597
v 0.05505698 0.04944998 0.07055600
v 0.05656099 0.04550999 0.06906702
v 0.05394595 0.05458998 0.08117999
v 0.05537295 0.05062794 0.07933803
v 0.05302399 0.05963999 0.09188898
v 0.05437898 0.05565196 0.08969797
v 0.05231297 0.06444400 0.10274197
v 0.05360299 0.06043696 0.10020502
v 0.05182695 0.06884896 0.11378701
v 0.05306094 0.06483799 0.11090203
v 0.05158597 0.07269400 0.12505402
v 0.05277299 0.06870400 0.12182100
v 0.05160796 0.07579600 0.13655199
v 0.05276197 0.07185900 0.13296999
v 0.05172300 0.07699996 0.14238198
v 0.05286598 0.07310497 0.13862701
v 0.05190896 0.07792800 0.14825799
v 0.05304497 0.07408797 0.14433099
v 0.05227798 0.07868295 0.15636899
v 0.05341297 0.07494097 0.15221102
v 0.05277395 0.07873100 0.16449697
v 0.05391800 0.07512199 0.16011597
v 0.05306696 0.07844996 0.16854300
v 0.05421996 0.07491999 0.16405697
v 0.05338597 0.07794195 0.17255898
v 0.05455100 0.07450300 0.16797198
v 0.05372995 0.07718998 0.17652900
v 0.05491095 0.07385295 0.17184801
v 0.05924797 0.05336600 0.16068198
v 0.05915194 0.05599099 0.16394301
v 0.05853796 0.05947500 0.16481103
v 0.05780994 0.06294697 0.16546501
v 0.05696696 0.06640398 0.16592403
v 0.05585497 0.07047295 0.16709001
v 0.05863195 0.05702698 0.16068400
v 0.05823296 0.05507695 0.15433498
v 0.05814695 0.05783098 0.15735401
v 0.05769997 0.05841398 0.15397002
v 0.05760896 0.06108498 0.15797700
v 0.05719798 0.06155395 0.15448298
v 0.05695497 0.06430900 0.15838601
v 0.05657994 0.06465995 0.15478302
v 0.05618494 0.06750500 0.15860303
v 0.05584496 0.06773298 0.15489401
v 0.05514699 0.07134199 0.15949799
v 0.05484199 0.07146000 0.15566601
v 0.05737596 0.05594694 0.14779599
v 0.05669099 0.05606395 0.14117898
v 0.05729299 0.05878496 0.15054901
v 0.05692899 0.05895698 0.14710601
v 0.05682694 0.06181597 0.15095998
v 0.05649596 0.06188398 0.14742102
v 0.05624300 0.06480801 0.15115900
v 0.05594497 0.06476897 0.14752598
v 0.05554199 0.06776398 0.15117098
v 0.05504798 0.06730198 0.14372303
v 0.05433696 0.07114195 0.14798798
v 0.05397897 0.07018297 0.14034398
v 0.05618298 0.05552798 0.13456602
v 0.05660694 0.05894398 0.14365299
v 0.05620598 0.06177300 0.14387698
v 0.05546694 0.06418699 0.14026703
v 0.05470895 0.06623095 0.13632102
v 0.05381196 0.06913995 0.13481601
v 0.05584698 0.05443698 0.12800898
v 0.05590295 0.05792999 0.13332201
v 0.05632895 0.05875998 0.14019997
v 0.05564498 0.05657094 0.12651803
v 0.05567395 0.05288195 0.12154002
v 0.05555796 0.05529499 0.12161697
v 0.05565196 0.05093699 0.11517502
v 0.05555295 0.05381298 0.11677302
v 0.05576997 0.04866796 0.10891898
v 0.05576896 0.05033195 0.10726203
v 0.05637794 0.04336994 0.09672399
v 0.05626100 0.04629898 0.09797902
v 0.05699700 0.04185199 0.08890499
v 0.05665796 0.04531198 0.09096099
v 0.05759197 0.04055994 0.08176197
v 0.05710798 0.04398697 0.08352198
v 0.05822896 0.03901499 0.07416798
v 0.05758798 0.04240095 0.07564397
v 0.05887597 0.03731697 0.06609000
v 0.05658996 0.04655796 0.07748999
v 0.05783694 0.04145795 0.06757601
v 0.05741596 0.03733295 0.08490600
v 0.05794799 0.03710395 0.08000500
v 0.05872696 0.03560096 0.07270099
v 0.05953395 0.03394299 0.06490500
v 0.06031596 0.03226900 0.05656500
v 0.05923998 0.03641098 0.05768801
v 0.05880796 0.03081798 0.07338001
v 0.05908596 0.03215700 0.07124002
v 0.06003499 0.03053998 0.06372900
v 0.06148099 0.02549195 0.05478503
v 0.06098395 0.02889597 0.05567200
v 0.06287598 0.02100497 0.04656698
v 0.06238698 0.02443200 0.04718597
v 0.06393295 0.01780498 0.04033001
v 0.06344699 0.02126896 0.04074497
v 0.06496298 0.01482599 0.03398801
v 0.06447696 0.01834797 0.03419597
v 0.06592398 0.01216495 0.02749999
v 0.06471198 0.01932996 0.02749999
v 0.06038397 0.02710795 0.06255902
v 0.06236100 0.01725399 0.05074502
v 0.06180799 0.02205997 0.05390502
v 0.06317895 0.01755297 0.04595299
v 0.06434398 0.01071494 0.03932001
v 0.06421995 0.01431596 0.03991897
v 0.06532400 0.00767594 0.03348000
v 0.06523895 0.01128000 0.03378101
v 0.06625300 0.00490397 0.02749999
v 0.06262296 0.02629095 0.02749999
v 0.06260895 0.02611899 0.03466900
v 0.06377798 0.02183395 0.03440602
v 0.05181294 0.04513198 0.02749999
v 0.05239695 0.04568195 0.03596999
v 0.05048495 0.04989999 0.04454298
v 0.04859596 0.05446296 0.05322398
v 0.04590296 0.05771100 0.05392899
v 0.04111796 0.06565797 0.06346603
v 0.04704397 0.05061995 0.02749999
v 0.04964494 0.04914897 0.03621401
v 0.05104500 0.04743498 0.03609301
v 0.04186296 0.05571895 0.02749999
v 0.04171699 0.05744397 0.03668298
v 0.04671496 0.05246496 0.03644700
v 0.04913997 0.05159097 0.04478599
v 0.04153597 0.05973798 0.04574300
v 0.04632598 0.05486094 0.04525597
v 0.04133296 0.06251096 0.05466600
v 0.04080098 0.09520095 0.21052398
v 0.04491800 0.08970695 0.20646299
v 0.04750198 0.08476400 0.20630403
v 0.04861998 0.08337497 0.20415200
v 0.04968595 0.08197498 0.20195199
v 0.05069696 0.08056300 0.19970699
v 0.05165296 0.07914000 0.19742198
v 0.05338996 0.07625997 0.19274099
v 0.05488598 0.07333600 0.18793501
v 0.05613398 0.07037097 0.18302597
v 0.05712997 0.06737297 0.17803599
v 0.05836296 0.06295496 0.17638703
v 0.05931895 0.05910694 0.17548199
v 0.06030094 0.05483198 0.17513402
v 0.04090899 0.09301096 0.21464999
v 0.04512000 0.08750998 0.21045698
v 0.04775899 0.08236497 0.21004499
v 0.04890096 0.08104300 0.20787002
v 0.04998999 0.07971096 0.20564701
v 0.05102294 0.07836800 0.20338000
v 0.05199998 0.07701396 0.20107002
v 0.05377495 0.07427299 0.19634099
v 0.05530399 0.07149195 0.19148399
v 0.05658096 0.06867396 0.18652297
v 0.05760198 0.06582295 0.18148000
v 0.05887597 0.06130099 0.17965002
v 0.06000798 0.05685597 0.17932703
v 0.06103199 0.05238294 0.17872502
v 0.04101794 0.09047597 0.21857299
v 0.04532396 0.08497899 0.21424200
v 0.04801696 0.07965600 0.21356101
v 0.04918497 0.07840496 0.21137001
v 0.05029797 0.07714498 0.20913102
v 0.05135500 0.07587498 0.20684703
v 0.05235296 0.07459396 0.20452101
v 0.05416899 0.07200300 0.19975598
v 0.05573397 0.06937295 0.19486298
v 0.05704295 0.06670796 0.18986501
v 0.05809199 0.06401199 0.18478300
v 0.05954200 0.05888599 0.18351902
v 0.06071597 0.05423998 0.18292297
v 0.06177300 0.04959398 0.18205400
v 0.04112499 0.08760297 0.22225602
v 0.04552799 0.08212900 0.21778800
v 0.04833996 0.07586395 0.21760000
v 0.04953998 0.07470798 0.21539999
v 0.05068498 0.07354199 0.21314998
v 0.05177199 0.07236695 0.21085598
v 0.05279898 0.07118195 0.20851900
v 0.05466896 0.06878495 0.20373203
v 0.05628395 0.06635200 0.19881399
v 0.05763697 0.06388700 0.19378997
v 0.05872398 0.06139296 0.18868001
v 0.06022399 0.05610299 0.18712099
v 0.06143295 0.05128496 0.18624200
v 0.04122895 0.08441597 0.22567101
v 0.04578000 0.07815200 0.22184499
v 0.04865700 0.07167500 0.22121502
v 0.04989194 0.07061499 0.21901698
v 0.05106896 0.06954598 0.21676899
v 0.05218797 0.06846898 0.21447499
v 0.05324596 0.06738299 0.21213902
v 0.05517196 0.06518399 0.20735098
v 0.05683898 0.06295299 0.20243098
v 0.05823898 0.06069099 0.19740303
v 0.05936896 0.05840295 0.19228800
v 0.06091296 0.05298197 0.19043000
v 0.04132896 0.08094400 0.22879602
v 0.04602599 0.07377099 0.22545703
v 0.04896599 0.06715101 0.22439898
v 0.05023497 0.06618797 0.22221102
v 0.05144596 0.06521600 0.21997400
v 0.05259698 0.06423699 0.21769102
v 0.05368596 0.06324899 0.21536501
v 0.05567198 0.06124895 0.21059699
v 0.05739295 0.05921798 0.20569499
v 0.05884295 0.05715894 0.20068301
v 0.06001800 0.05507695 0.19558300
v 0.04142194 0.07722097 0.23161901
v 0.04150795 0.07328701 0.23413898
v 0.04626095 0.06905597 0.22861703
v 0.04158699 0.06917798 0.23636199
v 0.04648399 0.06407296 0.23133500
v 0.04165697 0.06492799 0.23830397
v 0.04669296 0.05888199 0.23363800
v 0.04177397 0.05611896 0.24141599
v 0.04688596 0.05353397 0.23556103
v 0.04706096 0.04806995 0.23714103
v 0.05005198 0.04687297 0.23314197
v 0.05027395 0.04148000 0.23448600
v 0.05145698 0.04626595 0.23106302
v 0.05170899 0.04095196 0.23244001
v 0.05279898 0.04565298 0.22893299
v 0.05307996 0.04041796 0.23034300
v 0.05407696 0.04503399 0.22675599
v 0.05438596 0.03987896 0.22819902
v 0.05528795 0.04440897 0.22453399
v 0.04186195 0.04704397 0.24364401
v 0.04721897 0.04252195 0.23841800
v 0.05057895 0.03271800 0.23609199
v 0.05205696 0.03230696 0.23409797
v 0.05346995 0.03189295 0.23205300
v 0.04192399 0.03782194 0.24515797
v 0.04743295 0.03352600 0.23991997
v 0.05079996 0.02459198 0.23707499
v 0.05231100 0.02428197 0.23512299
v 0.04196399 0.02852594 0.24611397
v 0.04758495 0.02520197 0.24081601
v 0.05096095 0.01641398 0.23768301
v 0.04769498 0.01683598 0.24135299
v 0.04980897 0.05217200 0.23149599
v 0.05118095 0.05148196 0.22938497
v 0.05249196 0.05078500 0.22722198
v 0.05373895 0.05008196 0.22501297
v 0.05492198 0.04937297 0.22275998
v 0.05708497 0.04793494 0.21813299
v 0.04954499 0.05734598 0.22951300
v 0.05088299 0.05656898 0.22737099
v 0.05216199 0.05578398 0.22517897
v 0.05337798 0.05499297 0.22293998
v 0.05452996 0.05419498 0.22065701
v 0.05663394 0.05257695 0.21597399
v 0.05846595 0.05093300 0.21115299
v 0.04926300 0.06235599 0.22715701
v 0.05056697 0.06148695 0.22498901
v 0.05181199 0.06061094 0.22277202
v 0.05299597 0.05972695 0.22050799
v 0.05411595 0.05883496 0.21819998
v 0.05616199 0.05702996 0.21346803
v 0.05793797 0.05519598 0.20860000
v 0.05943900 0.05333596 0.20362098
v 0.04676598 0.09002298 0.19404198
v 0.04781800 0.08846700 0.19199200
v 0.04882097 0.08689695 0.18989499
v 0.04977500 0.08531296 0.18775500
v 0.05067598 0.08371597 0.18557598
v 0.05231595 0.08047896 0.18111302
v 0.04653894 0.09114795 0.18971802
v 0.04757100 0.08954799 0.18770899
v 0.04855597 0.08793395 0.18565603
v 0.04949295 0.08630496 0.18355901
v 0.05037897 0.08466100 0.18142398
v 0.05199295 0.08133000 0.17705102
v 0.04632496 0.09198296 0.18532301
v 0.04733794 0.09034597 0.18335999
v 0.04830700 0.08869296 0.18135197
v 0.04922795 0.08702397 0.17930199
v 0.05010098 0.08533996 0.17721398
v 0.05169099 0.08192497 0.17293598
v 0.04612499 0.09254795 0.18088098
v 0.04712098 0.09087800 0.17896499
v 0.04807496 0.08919197 0.17700399
v 0.04898297 0.08748996 0.17500301
v 0.04984295 0.08577001 0.17296399
v 0.05141299 0.08228296 0.16878702
v 0.04577398 0.09294998 0.17192598
v 0.04674297 0.09123098 0.17010702
v 0.04767096 0.08949297 0.16824599
v 0.04855597 0.08773696 0.16634603
v 0.04939699 0.08596301 0.16441001
v 0.05093699 0.08235800 0.16044302
v 0.04549896 0.09251397 0.16296102
v 0.04644697 0.09076195 0.16124101
v 0.04735594 0.08898997 0.15948202
v 0.04822599 0.08719700 0.15768601
v 0.04905396 0.08538299 0.15585603
v 0.05057495 0.08169496 0.15210701
v 0.04534900 0.09174996 0.15645398
v 0.04628598 0.08998197 0.15480800
v 0.04718697 0.08819299 0.15312399
v 0.04804998 0.08638095 0.15140398
v 0.04887294 0.08454799 0.14965202
v 0.05038899 0.08081597 0.14606400
v 0.04524296 0.09066098 0.14998998
v 0.04617398 0.08888399 0.14841802
v 0.04706996 0.08708298 0.14680798
v 0.04793000 0.08525997 0.14516599
v 0.04875099 0.08341300 0.14349200
v 0.05026799 0.07964897 0.14006598
v 0.04516196 0.08767199 0.13722397
v 0.04609298 0.08588999 0.13579698
v 0.04699099 0.08408200 0.13433798
v 0.04785597 0.08224797 0.13284899
v 0.04868298 0.08038800 0.13133301
v 0.05021899 0.07659095 0.12823100
v 0.04525095 0.08381998 0.12469001
v 0.04619598 0.08204698 0.12340899
v 0.04711097 0.08024495 0.12209900
v 0.04799300 0.07841497 0.12076302
v 0.04883998 0.07655698 0.11940499
v 0.05041599 0.07275700 0.11662699
v 0.04549896 0.07932698 0.11237802
v 0.04647296 0.07757097 0.11124201
v 0.04741799 0.07578498 0.11008198
v 0.04832994 0.07396996 0.10889901
v 0.04920595 0.07212400 0.10769798
v 0.05084300 0.06834197 0.10524501
v 0.04589599 0.07438397 0.10024901
v 0.04691398 0.07265198 0.09925999
v 0.04789996 0.07088798 0.09825100
v 0.04885196 0.06909197 0.09722401
v 0.04976898 0.06726396 0.09617998
v 0.05148196 0.06351298 0.09405400
v 0.04643499 0.06917899 0.08824702
v 0.04750698 0.06747096 0.08740802
v 0.04854595 0.06572997 0.08655299
v 0.04954898 0.06395500 0.08568300
v 0.05051499 0.06214696 0.08480002
v 0.05232095 0.05843198 0.08300503
v 0.04823696 0.06221795 0.07561298
v 0.05024898 0.05539900 0.06325598
v 0.05233198 0.04932099 0.05211200
v 0.05423694 0.04460400 0.04378797
v 0.04933995 0.06049698 0.07491697
v 0.05040395 0.05874097 0.07420899
v 0.05142694 0.05694997 0.07349200
v 0.05333995 0.05326598 0.07203402
v 0.05138295 0.05365300 0.06271799
v 0.05348396 0.04753297 0.05172999
v 0.05647099 0.04088598 0.04327001
v 0.05247098 0.05187100 0.06217201
v 0.05562895 0.04384899 0.05095501
v 0.05450195 0.04820096 0.06106497
v 0.05669796 0.01554095 0.22971399
v 0.05884295 0.02267897 0.22464402
v 0.06049597 0.02930897 0.21886398
v 0.06157499 0.03595799 0.21209700
v 0.06244796 0.03920996 0.20552100
v 0.06350296 0.03787100 0.20054401
v 0.06413698 0.03678399 0.19649102
v 0.06457698 0.03570097 0.19243897
v 0.06162500 0.02891296 0.04168899
v 0.06276100 0.02469897 0.04116298
v 0.06060099 0.03199595 0.04859401
v 0.06170898 0.02782595 0.04780902
v 0.05553799 0.05156099 0.08749498
v 0.05649197 0.04738599 0.08528902
v 0.05619698 0.04874294 0.09301700
v 0.05594897 0.04974699 0.10034098
v 0.05470395 0.05633199 0.09764601
v 0.05561095 0.05214798 0.09507902
v 0.05551898 0.05316495 0.10269703
v 0.05549299 0.05374300 0.10993202
v 0.05410897 0.06073600 0.10798700
v 0.05496799 0.05656099 0.10505600
v 0.05509996 0.05712598 0.11259098
v 0.05531996 0.05715596 0.11975200
v 0.05377495 0.06462997 0.11854698
v 0.05458599 0.06049096 0.11525102
v 0.05496799 0.06047397 0.12271501
v 0.05501794 0.06186199 0.12786199
v 0.05534899 0.05859094 0.12474902
v 0.05545997 0.05980795 0.12980099
v 0.05372399 0.06784695 0.12933798
v 0.05449098 0.06377899 0.12567498
v 0.05455994 0.06512397 0.13097198
v 0.05514997 0.06302297 0.13306297
v 0.05575096 0.06106895 0.13680698
v 0.05548495 0.07101798 0.16331102
v 0.05655896 0.06706696 0.16228498
v 0.05736595 0.06374198 0.16195197
v 0.05805599 0.06039500 0.16142602
v 0.06465995 0.01367497 0.21183802
v 0.04777795 0.00050000 0.24170901
v 0.04199999 0.00050000 0.24694098
v 0.01469498 0.00050000 0.21272500
v 0.03732699 0.00050000 0.25003900
v 0.03242599 0.00050000 0.25276299
v 0.01016795 0.00050000 0.21533902
v 0.02732795 0.00050000 0.25509699
v 0.02206397 0.00050000 0.25702698
v 0.00519794 0.00050000 0.21695401
v 0.01666498 0.00050000 0.25853802
v 0.01116394 0.00050000 0.25962402
v 0.00559497 0.00050000 0.26027901
v 0.00000000 0.00050000 0.21749999
v -0.00000700 0.00050000 0.26049800
v -0.00560897 0.00050000 0.26027800
v -0.00519794 0.00050000 0.21695401
v -0.01117599 0.00050000 0.25962199
v -0.01667499 0.00050000 0.25853600
v -0.02207195 0.00050000 0.25702400
v -0.01016795 0.00050000 0.21533902
v -0.02733498 0.00050000 0.25509502
v -0.03242999 0.00050000 0.25276102
v -0.01469498 0.00050000 0.21272500
v -0.03732895 0.00050000 0.25003798
v -0.04199999 0.00050000 0.24694098
v -0.04777795 0.00050000 0.24170901
v -0.01857900 0.00050000 0.20922799
v -0.05293798 0.00050000 0.23586602
v -0.05741697 0.00050000 0.22948702
v -0.02165096 0.00050000 0.20500000
v -0.06115800 0.00050000 0.22264798
v -0.02377599 0.00050000 0.20022501
v -0.06411695 0.00050000 0.21543600
v -0.06625497 0.00050000 0.20794000
v -0.02486300 0.00050000 0.19511302
v -0.06754797 0.00050000 0.20025302
v -0.06797897 0.00050000 0.19246902
v -0.02486300 0.00050000 0.18988700
v -0.06765097 0.00050000 0.18580200
v -0.06667196 0.00050000 0.17920901
v -0.02377599 0.00050000 0.18477501
v -0.06505298 0.00050000 0.17274399
v -0.06280398 0.00050000 0.16645600
v -0.02165096 0.00050000 0.18000002
v -0.05994796 0.00050000 0.16041799
v -0.05651998 0.00050000 0.15470000
v -0.01857900 0.00050000 0.17577203
v -0.05254995 0.00050000 0.14934500
v -0.04806596 0.00050000 0.14439602
v -0.04311496 0.00050000 0.13991101
v -0.01469498 0.00050000 0.17227502
v -0.03775799 0.00050000 0.13593902
v -0.03203898 0.00050000 0.13250799
v -0.01016795 0.00050000 0.16966100
v -0.02600395 0.00050000 0.12965001
v -0.01972097 0.00050000 0.12739803
v -0.00519794 0.00050000 0.16804601
v -0.01325798 0.00050000 0.12577499
v -0.00666696 0.00050000 0.12479301
v 0.00000000 0.00050000 0.16749997
v 0.00000000 0.00050000 0.12446298
v 0.00666696 0.00050000 0.12479301
v 0.00519794 0.00050000 0.16804601
v 0.01325798 0.00050000 0.12577601
v 0.01972097 0.00050000 0.12739803
v 0.01016795 0.00050000 0.16966100
v 0.02600497 0.00050000 0.12965001
v 0.03203999 0.00050000 0.13250901
v 0.01469498 0.00050000 0.17227502
v 0.03775894 0.00050000 0.13593902
v 0.04311597 0.00050000 0.13991202
v 0.01857900 0.00050000 0.17577203
v 0.04806596 0.00050000 0.14439698
v 0.05255097 0.00050000 0.14934601
v 0.05652099 0.00050000 0.15470000
v 0.02165096 0.00050000 0.18000002
v 0.05994796 0.00050000 0.16041799
v 0.06280499 0.00050000 0.16645701
v 0.02377599 0.00050000 0.18477501
v 0.06505298 0.00050000 0.17274500
v 0.06667196 0.00050000 0.17921002
v 0.02486300 0.00050000 0.18988700
v 0.06765097 0.00050000 0.18580200
v 0.06797897 0.00050000 0.19246902
v 0.02486300 0.00050000 0.19511302
v 0.06754797 0.00050000 0.20025302
v 0.06625497 0.00050000 0.20794000
v 0.02377599 0.00050000 0.20022501
v 0.06411695 0.00050000 0.21543600
v 0.06115800 0.00050000 0.22264798
v 0.02165096 0.00050000 0.20500000
v 0.05741697 0.00050000 0.22948600
v 0.01857900 0.00050000 0.20922799
v 0.05293798 0.00050000 0.23586602
v -0.00519794 0.01049995 0.21695401
v -0.00519794 0.01049995 0.16804601
v 0.00000000 0.01049995 0.21749999
v 0.00000000 0.01049995 0.16749997
v 0.00519794 0.01049995 0.21695401
v 0.00519794 0.01049995 0.16804601
v 0.01016795 0.01049995 0.21533902
v 0.01016795 0.01049995 0.16966100
v 0.01469498 0.01049995 0.21272500
v 0.01469498 0.01049995 0.17227502
v 0.01857900 0.01049995 0.20922799
v 0.01857900 0.01049995 0.17577203
v 0.02165096 0.01049995 0.20500000
v 0.02165096 0.01049995 0.18000002
v 0.02377599 0.01049995 0.20022501
v 0.02377599 0.01049995 0.18477501
v 0.02486300 0.01049995 0.19511302
v 0.02486300 0.01049995 0.18988700
v -0.01016795 0.01049995 0.16966100
v -0.01016795 0.01049995 0.21533902
v -0.01469498 0.01049995 0.17227502
v -0.01469498 0.01049995 0.21272500
v -0.01857900 0.01049995 0.17577203
v -0.01857900 0.01049995 0.20922799
v -0.02165096 0.01049995 0.18000002
v -0.02165096 0.01049995 0.20500000
v -0.02377599 0.01049995 0.18477501
v -0.02377599 0.01049995 0.20022501
v -0.02486300 0.01049995 0.18988700
v -0.02486300 0.01049995 0.19511302
v 0.00519794 0.01049995 0.21695401
v 0.00519794 0.00050000 0.21695401
v 0.00000000 0.01049995 0.21749999
v 0.00000000 0.00050000 0.21749999
v -0.00519794 0.01049995 0.21695401
v -0.00519794 0.00050000 0.21695401
v -0.01016795 0.01049995 0.21533902
v -0.01016795 0.00050000 0.21533902
v -0.01469498 0.01049995 0.21272500
v -0.01469498 0.00050000 0.21272500
v -0.01857900 0.01049995 0.20922799
v -0.01857900 0.00050000 0.20922799
v -0.02165096 0.01049995 0.20500000
v -0.02165096 0.00050000 0.20500000
v -0.02377599 0.01049995 0.20022501
v -0.02377599 0.00050000 0.20022501
v -0.02486300 0.01049995 0.19511302
v -0.02486300 0.00050000 0.19511302
v -0.02486300 0.01049995 0.18988700
v -0.02486300 0.00050000 0.18988700
v -0.02377599 0.01049995 0.18477501
v -0.02377599 0.00050000 0.18477501
v -0.02165096 0.01049995 0.18000002
v -0.02165096 0.00050000 0.18000002
v -0.01857900 0.01049995 0.17577203
v -0.01857900 0.00050000 0.17577203
v -0.01469498 0.01049995 0.17227502
v -0.01469498 0.00050000 0.17227502
v -0.01016795 0.01049995 0.16966100
v -0.01016795 0.00050000 0.16966100
v -0.00519794 0.01049995 0.16804601
v -0.00519794 0.00050000 0.16804601
v 0.00000000 0.01049995 0.16749997
v 0.00000000 0.00050000 0.16749997
v 0.00000000 0.01049995 0.16749997
v 0.00000000 0.00050000 0.16749997
v 0.00519794 0.01049995 0.16804601
v 0.00519794 0.00050000 0.16804601
v 0.01016795 0.01049995 0.16966100
v 0.01016795 0.00050000 0.16966100
v 0.01469498 0.01049995 0.17227502
v 0.01469498 0.00050000 0.17227502
v 0.01857900 0.01049995 0.17577203
v 0.01857900 0.00050000 0.17577203
v 0.02165096 0.01049995 0.18000002
v 0.02165096 0.00050000 0.18000002
v 0.02377599 0.01049995 0.18477501
v 0.02377599 0.00050000 0.18477501
v 0.02486300 0.01049995 0.18988700
v 0.02486300 0.00050000 0.18988700
v 0.02486300 0.01049995 0.19511302
v 0.02486300 0.00050000 0.19511302
v 0.02377599 0.01049995 0.20022501
v 0.02377599 0.00050000 0.20022501
v 0.02165096 0.01049995 0.20500000
v 0.02165096 0.00050000 0.20500000
v 0.01857900 0.01049995 0.20922799
v 0.01857900 0.00050000 0.20922799
v 0.01469498 0.01049995 0.21272500
v 0.01469498 0.00050000 0.21272500
v 0.01016795 0.01049995 0.21533902
v 0.01016795 0.00050000 0.21533902
v -0.02445399 0.00519794 0.01000000
v -0.02445399 0.00519794 0.00000001
v -0.02499997 0.00000000 0.01000000
v -0.02499997 0.00000000 0.00000001
v -0.02445399 -0.00519794 0.01000000
v -0.02445399 -0.00519794 0.00000001
v -0.02283895 -0.01016795 0.01000000
v -0.02283895 -0.01016795 0.00000001
v -0.02022498 -0.01469498 0.01000000
v -0.02022498 -0.01469498 0.00000001
v -0.01672798 -0.01857900 0.01000000
v -0.01672798 -0.01857900 0.00000001
v -0.01249998 -0.02165096 0.01000000
v -0.01249998 -0.02165096 0.00000001
v -0.00772500 -0.02377599 0.01000000
v -0.00772500 -0.02377599 0.00000001
v -0.00261295 -0.02486300 0.01000000
v -0.00261295 -0.02486300 0.00000001
v 0.00261295 -0.02486300 0.01000000
v 0.00261295 -0.02486300 0.00000001
v 0.00772500 -0.02377599 0.01000000
v 0.00772500 -0.02377599 0.00000001
v 0.01249998 -0.02165096 0.01000000
v 0.01249998 -0.02165096 0.00000001
v 0.01672798 -0.01857900 0.01000000
v 0.01672798 -0.01857900 0.00000001
v 0.02022498 -0.01469498 0.01000000
v 0.02022498 -0.01469498 0.00000001
v 0.02283895 -0.01016795 0.01000000
v 0.02283895 -0.01016795 0.00000001
v 0.02445399 -0.00519794 0.01000000
v 0.02445399 -0.00519794 0.00000001
v 0.02499997 0.00000000 0.01000000
v 0.02499997 0.00000000 0.00000001
v 0.02499997 0.00000000 0.01000000
v 0.02499997 0.00000000 0.00000001
v 0.02445399 0.00519794 0.01000000
v 0.02445399 0.00519794 0.00000001
v 0.02283895 0.01016795 0.01000000
v 0.02283895 0.01016795 0.00000001
v 0.02022498 0.01469498 0.01000000
v 0.02022498 0.01469498 0.00000001
v 0.01672798 0.01857900 0.01000000
v 0.01672798 0.01857900 0.00000001
v 0.01249998 0.02165096 0.01000000
v 0.01249998 0.02165096 0.00000001
v 0.00772500 0.02377599 0.01000000
v 0.00772500 0.02377599 0.00000001
v 0.00261295 0.02486300 0.01000000
v 0.00261295 0.02486300 0.00000001
v -0.00261295 0.02486300 0.01000000
v -0.00261295 0.02486300 0.00000001
v -0.00772500 0.02377599 0.01000000
v -0.00772500 0.02377599 0.00000001
v -0.01249998 0.02165096 0.01000000
v -0.01249998 0.02165096 0.00000001
v -0.01672798 0.01857900 0.01000000
v -0.01672798 0.01857900 0.00000001
v -0.02022498 0.01469498 0.01000000
v -0.02022498 0.01469498 0.00000001
v -0.02283895 0.01016795 0.01000000
v -0.02283895 0.01016795 0.00000001
v -0.02445399 0.00519794 0.00000001
v 0.02445399 0.00519794 0.00000001
v -0.02499997 0.00000000 0.00000001
v 0.02499997 0.00000000 0.00000001
v -0.02445399 -0.00519794 0.00000001
v 0.02445399 -0.00519794 0.00000001
v -0.02283895 -0.01016795 0.00000001
v 0.02283895 -0.01016795 0.00000001
v -0.02022498 -0.01469498 0.00000001
v 0.02022498 -0.01469498 0.00000001
v -0.01672798 -0.01857900 0.00000001
v 0.01672798 -0.01857900 0.00000001
v -0.01249998 -0.02165096 0.00000001
v 0.01249998 -0.02165096 0.00000001
v -0.00772500 -0.02377599 0.00000001
v 0.00772500 -0.02377599 0.00000001
v -0.00261295 -0.02486300 0.00000001
v 0.00261295 -0.02486300 0.00000001
v 0.02283895 0.01016795 0.00000001
v -0.02283895 0.01016795 0.00000001
v 0.02022498 0.01469498 0.00000001
v -0.02022498 0.01469498 0.00000001
v 0.01672798 0.01857900 0.00000001
v -0.01672798 0.01857900 0.00000001
v 0.01249998 0.02165096 0.00000001
v -0.01249998 0.02165096 0.00000001
v 0.00772500 0.02377599 0.00000001
v -0.00772500 0.02377599 0.00000001
v 0.00261295 0.02486300 0.00000001
v -0.00261295 0.02486300 0.00000001
vt -4.77571106 -12.40299034
vt -4.19977617 -12.92263985
vt -1.67282701 -9.35786343
vt -3.73456693 -13.23795033
vt -1.25000000 -9.66506386
vt -3.24580693 -13.51531029
vt -2.73664308 -13.75314999
vt -0.77254200 -9.87764072
vt -2.21022701 -13.94983006
vt -1.66979694 -14.10391998
vt -1.11883605 -14.21465015
vt -0.26132101 -9.98630619
vt -0.56085700 -14.28147984
vt 0.00062400 -14.30385017
vt 0.26132101 -9.98630619
vt 0.56206000 -14.28139019
vt 1.11992204 -14.21448040
vt 0.77254200 -9.87764072
vt 1.67072594 -14.10369015
vt 2.21098495 -13.94958019
vt 2.73721910 -13.75290966
vt 1.25000000 -9.66506386
vt 3.24618506 -13.51511955
vt 3.73474693 -13.23783970
vt 1.67282701 -9.35786343
vt 4.19977617 -12.92263985
vt 4.77568579 -12.40301037
vt 5.29086399 -11.82312012
vt 2.02254200 -8.96946430
vt 5.73855019 -11.18974018
vt 2.28386402 -8.51684189
vt 6.11311388 -10.51056957
vt 6.40942621 -9.79389000
vt 2.44536901 -8.01978016
vt 6.62377119 -9.04859638
vt 6.75319719 -8.28396797
vt 2.50000000 -7.50000000
vt 6.79634285 -7.50965214
vt 6.76324320 -6.84270716
vt 2.44536901 -6.98022079
vt 6.66513014 -6.18343592
vt 6.50303888 -5.53684902
vt 2.28386402 -6.48315811
vt 6.27800608 -4.90795803
vt 5.99226284 -4.30388594
vt 2.02254200 -6.03053713
vt 5.64945889 -3.73165011
vt 5.25254583 -3.19559693
vt 1.67282701 -5.64213800
vt 4.80447483 -2.70007110
vt 4.31004810 -2.25081396
vt 3.77499509 -1.85265803
vt 1.25000000 -5.33493614
vt 3.20368791 -1.50862706
vt 2.60050106 -1.22174394
vt 0.77254200 -5.12235880
vt 1.97222602 -0.99566501
vt 1.32593703 -0.83271801
vt 0.26132101 -5.01369476
vt 0.66680503 -0.73408401
vt 0.00000000 -0.70094299
vt -0.26132101 -5.01369476
vt -0.66685200 -0.73408997
vt -1.32603395 -0.83274102
vt -0.77254200 -5.12235880
vt -1.97236097 -0.99570900
vt -2.60065389 -1.22180796
vt -1.25000000 -5.33493614
vt -3.20381904 -1.50869703
vt -3.77511501 -1.85273695
vt -1.67282701 -5.64213800
vt -4.31016684 -2.25091100
vt -4.80460310 -2.70020008
vt -5.25266409 -3.19573903
vt -2.02254200 -6.03053713
vt -5.64955902 -3.73179412
vt -5.99234200 -4.30403185
vt -2.28386402 -6.48315811
vt -6.27806902 -4.90811205
vt -6.50307989 -5.53697777
vt -2.44536901 -6.98022079
vt -6.66515017 -6.18352604
vt -6.76324797 -6.84275103
vt -2.50000000 -7.50000000
vt -6.79634285 -7.50965214
vt -6.75320101 -8.28393459
vt -2.44536901 -8.01978016
vt -6.62378407 -9.04853630
vt -6.40945482 -9.79380989
vt -2.28386402 -8.51684189
vt -6.11315489 -10.51049042
vt -5.73859596 -11.18966961
vt -2.02254200 -8.96946430
vt -5.29090500 -11.82306004
vt -0.73068100 0.00000000
vt -0.26497400 0.00000000
vt -0.81099302 0.31916699
vt -0.26137799 0.53587598
vt -0.81099302 0.63833499
vt -0.81099302 0.95750201
vt -1.37196803 0.95750201
vt -1.37196803 1.27666998
vt -2.49392009 1.27666998
vt -2.49392009 1.65326595
vt -3.38460493 1.65326595
vt -3.38460493 2.02986193
vt -4.27529097 2.02986193
vt -4.27529097 2.40645909
vt -5.34411383 2.40645909
vt -5.34411383 2.78305507
vt -6.41293716 2.78305507
vt -6.41293716 3.15965104
vt -8.55058193 3.15965104
vt -8.55058193 3.53624701
vt -9.61940479 3.53624701
vt -9.61940479 3.91284394
vt -10.68822956 3.91284394
vt -9.61940479 4.28918886
vt -10.68822956 4.28922796
vt -10.68822956 4.75308418
vt -11.75704956 4.75308418
vt -11.75704956 5.21672916
vt -12.82586956 5.21672916
vt -12.82586956 5.63700104
vt -13.89470005 5.63700104
vt -13.89470005 6.05727386
vt -14.96352005 6.05727386
vt -14.96352005 6.47754622
vt -16.03233910 6.47754622
vt -16.03233910 6.89781904
vt -17.10116005 6.89781904
vt -17.10116005 7.31809187
vt -18.16999054 7.31809187
vt -18.16999054 7.73836422
vt -18.97159958 7.73836422
vt -18.97159958 8.15863800
vt -19.77322006 8.15863800
vt -19.96116066 8.57886314
vt -20.57484055 8.15863800
vt -20.45652008 8.57887459
vt -20.95186043 8.57888126
vt -0.25830701 1.07183099
vt -0.81099302 1.27666998
vt -1.37196803 1.65326595
vt -2.49392009 2.02986193
vt -3.38460493 2.40645909
vt -4.27529097 2.78305507
vt -5.34411383 3.15965104
vt -6.41293716 3.53624701
vt -8.55058193 3.91284394
vt -8.55058193 4.28915024
vt -9.61940479 4.75308418
vt -10.68822956 5.21672916
vt -11.75704956 5.63700104
vt -12.82586956 6.05727386
vt -13.89470005 6.47754622
vt -14.96352005 6.89781904
vt -16.03233910 7.31809187
vt -17.10116005 7.73836422
vt -18.16999054 8.15863800
vt -18.97031975 8.57890892
vt -0.25573999 1.60786605
vt -0.81099302 1.65326595
vt -1.37196803 2.02986193
vt -2.49392009 2.40645909
vt -3.38460493 2.78305507
vt -4.27529097 3.15965104
vt -5.34411383 3.53624701
vt -6.41293716 3.91284394
vt -6.41293716 4.28907108
vt -8.55058193 4.75308418
vt -9.61940479 5.21672916
vt -10.68822956 5.63700104
vt -11.75704956 6.05727386
vt -12.82586956 6.47754622
vt -13.89470005 6.89781904
vt -14.96352005 7.31809187
vt -16.03233910 7.73836422
vt -17.10116005 8.15863800
vt -17.97937012 8.57890892
vt -0.81099302 2.02986193
vt -0.25366199 2.14399004
vt -0.81099302 2.40645909
vt -0.25206101 2.68016195
vt -0.81099302 2.78305507
vt -0.25092500 3.21634698
vt -0.81099302 3.15965104
vt -0.81099302 3.53624701
vt -1.37196803 3.53624701
vt -1.37196803 3.91284394
vt -2.49392009 3.91284394
vt -1.37196803 4.28888512
vt -2.49392009 4.28892708
vt -2.49392009 4.75308418
vt -3.38460493 4.75308418
vt -3.38460493 5.21672916
vt -4.27529097 5.21672916
vt -4.27529097 5.63700104
vt -5.34411383 5.63700104
vt -5.34411383 6.05727386
vt -6.41293716 6.05727386
vt -6.41293716 6.47754622
vt -8.55058193 6.47754622
vt -8.55058193 6.89781904
vt -9.61940479 6.89781904
vt -9.61940479 7.31809187
vt -10.68822956 7.31809187
vt -10.68822956 7.73836422
vt -11.75704956 7.73836422
vt -11.75704956 8.15863800
vt -12.82586956 8.15863800
vt -13.02602959 8.57888317
vt -13.89470005 8.15863800
vt -14.01671982 8.57888889
vt -15.00749969 8.57886791
vt -0.25024399 3.75256705
vt -0.81099302 3.91284394
vt -0.81099302 4.28886509
vt -0.81099302 4.75308418
vt -1.37196803 4.75308418
vt -1.37196803 5.21672916
vt -2.49392009 5.21672916
vt -2.49392009 5.63700104
vt -3.38460493 5.63700104
vt -3.38460493 6.05727386
vt -4.27529097 6.05727386
vt -4.27529097 6.47754622
vt -5.34411383 6.47754622
vt -5.34411383 6.89781904
vt -6.41293716 6.89781904
vt -6.41293716 7.31809187
vt -8.55058193 7.31809187
vt -8.55058193 7.73836422
vt -9.61940479 7.73836422
vt -9.61940479 8.15863800
vt -10.68822956 8.15863800
vt -10.05375957 8.57886505
vt -12.03524017 8.57888603
vt -0.25001699 4.28884411
vt -0.25024301 4.82516193
vt -0.81099302 5.21672916
vt -0.25092301 5.36148310
vt -0.81099302 5.63700104
vt -0.25205901 5.89780712
vt -0.81099302 6.05727386
vt -0.25365999 6.43412924
vt -0.81099302 6.47754622
vt -0.25573799 6.97041798
vt -0.81099302 6.89781904
vt -0.81099302 7.31809187
vt -1.37196803 7.31809187
vt -1.37196803 7.73836422
vt -2.49392009 7.73836422
vt -2.49392009 8.15863800
vt -3.38460493 8.15863800
vt -3.11882305 8.57890892
vt -4.10940218 8.57890892
vt -0.25830501 7.50664520
vt -0.81099302 7.73836422
vt -1.37196803 8.15863800
vt -2.12792706 8.57890892
vt -0.26137599 8.04280186
vt -0.81099302 8.15863800
vt -1.19644296 8.57890892
vt -0.26497400 8.57890892
vt -4.27529097 8.15863800
vt -5.10015202 8.57879353
vt -5.34411383 8.15863800
vt -6.09084702 8.57880878
vt -6.41293716 8.15863800
vt -8.07229614 8.57883167
vt -8.55058193 8.15863800
vt -15.99822998 8.57890797
vt -16.03233910 8.15863800
vt -14.96352005 8.15863800
vt -13.89470005 7.73836422
vt -12.82586956 7.73836422
vt -12.82586956 7.31809187
vt -11.75704956 7.31809187
vt -11.75704956 6.89781904
vt -10.68822956 6.89781904
vt -10.68822956 6.47754622
vt -9.61940479 6.47754622
vt -9.61940479 6.05727386
vt -8.55058193 6.05727386
vt -8.55058193 5.63700104
vt -6.41293716 5.63700104
vt -6.41293716 5.21672916
vt -5.34411383 5.21672916
vt -5.34411383 4.75308418
vt -4.27529097 4.75308418
vt -5.34411383 4.28903198
vt -4.27529097 4.28899193
vt -5.34411383 3.91284394
vt -4.27529097 3.91284394
vt -4.27529097 3.53624701
vt -3.38460493 3.53624701
vt -3.38460493 3.15965104
vt -2.49392009 3.15965104
vt -2.49392009 2.78305507
vt -1.37196803 2.78305507
vt -1.37196803 2.40645909
vt -16.98896027 8.57887268
vt -21.37645912 8.15863800
vt -21.44725990 8.57887554
vt -21.94256973 8.57884312
vt -21.93313026 8.15863800
vt -22.43796921 8.57887268
vt -22.48981094 8.15863800
vt -22.93330002 8.57884502
vt -23.04648972 8.15863800
vt -23.42867088 8.57887459
vt -23.60317039 8.15863800
vt -23.92406082 8.57884884
vt -24.15984917 8.15863800
vt -24.41941071 8.57886600
vt -24.71652985 8.15863800
vt -24.91481972 8.57884598
vt -25.27321053 8.15863800
vt -25.41012955 8.57885170
vt -25.82987976 8.15863800
vt -25.90550041 8.57888222
vt -26.38656044 8.15863800
vt -26.40088081 8.57886887
vt -26.89621925 8.57889271
vt -27.88694954 8.57888222
vt -27.49991989 8.15863800
vt -26.94323921 8.15863800
vt -26.38656044 7.73836422
vt -25.82987976 7.73836422
vt -25.82987976 7.31809187
vt -25.27321053 7.31809187
vt -25.27321053 6.89781904
vt -24.71652985 6.89781904
vt -24.71652985 6.47754622
vt -24.15984917 6.47754622
vt -24.15984917 6.05727386
vt -23.60317039 6.05727386
vt -23.60317039 5.63700104
vt -23.04648972 5.63700104
vt -23.04648972 5.21672916
vt -22.48981094 5.21672916
vt -22.48981094 4.75308418
vt -21.93313026 4.75308418
vt -21.93313026 4.28964186
vt -21.37645912 4.28962183
vt -21.93313026 3.91284394
vt -21.37645912 3.91284394
vt -21.37645912 3.53624701
vt -20.57484055 3.53624701
vt -20.57484055 3.15965104
vt -19.77322006 3.15965104
vt -19.77322006 2.78305507
vt -18.97159958 2.78305507
vt -18.97159958 2.40645909
vt -18.16999054 2.40645909
vt -18.16999054 2.02986193
vt -17.10116005 2.02986193
vt -17.10116005 1.65326595
vt -16.03233910 1.65326595
vt -16.03233910 1.27666998
vt -14.96352005 1.27666998
vt -14.96352005 0.95750201
vt -13.89470005 0.95750201
vt -13.89470005 0.63833499
vt -12.82586956 0.63833499
vt -12.82586956 0.31916699
vt -11.75704956 0.31916699
vt -12.03524971 0.00000000
vt -10.68822956 0.31916699
vt -10.05379009 0.00000000
vt -9.61940479 0.31916699
vt -8.55058193 0.31916699
vt -9.61940479 0.63833499
vt -8.55058193 0.63833499
vt -9.61940479 0.95750201
vt -8.55058193 0.95750201
vt -9.61940479 1.27666998
vt -8.55058193 1.27666998
vt -9.61940479 1.65326595
vt -8.55058193 1.65326595
vt -9.61940479 2.02986193
vt -8.55058193 2.02986193
vt -9.61940479 2.40645909
vt -8.55058193 2.40645909
vt -9.61940479 2.78305507
vt -8.55058193 2.78305507
vt -9.61940479 3.15965104
vt -28.05660057 8.15863800
vt -28.87767029 8.57887173
vt -29.16996002 8.15863800
vt -29.86840057 8.57887077
vt -30.28330994 8.15863800
vt -30.85932922 8.57890892
vt -31.70841026 8.15863800
vt -31.84996986 8.57890892
vt -32.78039932 8.15863800
vt -33.83137894 8.57886887
vt -33.83642960 8.04286861
vt -32.78039932 7.73836422
vt -33.84074020 7.50683784
vt -32.78039932 7.31809187
vt -33.84434891 6.97077084
vt -32.78039932 6.89781904
vt -33.84727097 6.43465805
vt -32.78039932 6.47754622
vt -32.78039932 6.05727386
vt -31.70841026 6.05727386
vt -31.70841026 5.63700104
vt -30.28330994 5.63700104
vt -30.28330994 5.21672916
vt -29.16996002 5.21672916
vt -29.16996002 4.75308418
vt -28.05660057 4.75308418
vt -29.16996002 4.28990793
vt -28.05660057 4.28986692
vt -29.16996002 3.91284394
vt -28.05660057 3.91284394
vt -28.05660057 3.53624701
vt -27.49991989 3.53624701
vt -27.49991989 3.15965104
vt -26.94323921 3.15965104
vt -26.94323921 2.78305507
vt -26.38656044 2.78305507
vt -26.38656044 2.40645909
vt -25.82987976 2.40645909
vt -25.82987976 2.02986193
vt -25.27321053 2.02986193
vt -25.27321053 1.65326595
vt -24.71652985 1.65326595
vt -24.71652985 1.27666998
vt -24.15984917 1.27666998
vt -24.15984917 0.95750201
vt -23.60317039 0.95750201
vt -23.60317039 0.63833499
vt -23.04648972 0.63833499
vt -23.04648972 0.31916699
vt -22.48981094 0.31916699
vt -22.93331909 0.00000000
vt -22.43795013 0.00000000
vt -33.84952164 5.89852905
vt -32.78039932 5.63700104
vt -31.70841026 5.21672916
vt -30.28330994 4.75308418
vt -30.28330994 4.28994894
vt -30.28330994 3.91284394
vt -29.16996002 3.53624701
vt -28.05660057 3.15965104
vt -27.49991989 2.78305507
vt -26.94323921 2.40645909
vt -26.38656044 2.02986193
vt -25.82987976 1.65326595
vt -25.27321053 1.27666998
vt -24.71652985 0.95750201
vt -24.15984917 0.63833499
vt -23.60317039 0.31916699
vt -23.42868042 0.00000000
vt -33.85110855 5.36240911
vt -32.78039932 5.21672916
vt -31.70841026 4.75308418
vt -31.70841026 4.29000187
vt -31.70841026 3.91284394
vt -30.28330994 3.53624701
vt -29.16996002 3.15965104
vt -28.05660057 2.78305507
vt -27.49991989 2.40645909
vt -26.94323921 2.02986193
vt -26.38656044 1.65326595
vt -25.82987976 1.27666998
vt -25.27321053 0.95750201
vt -24.71652985 0.63833499
vt -24.15984917 0.31916699
vt -23.92404938 0.00000000
vt -33.85206985 4.82626915
vt -32.78039932 4.75308418
vt -32.78039932 4.29004097
vt -32.78039932 3.91284394
vt -31.70841026 3.53624701
vt -30.28330994 3.15965104
vt -29.16996002 2.78305507
vt -28.05660057 2.40645909
vt -27.49991989 2.02986193
vt -26.94323921 1.65326595
vt -26.38656044 1.27666998
vt -25.82987976 0.95750201
vt -25.27321053 0.63833499
vt -24.71652985 0.31916699
vt -24.41942024 0.00000000
vt -33.85239029 4.29008102
vt -33.85206985 3.75384903
vt -32.78039932 3.53624701
vt -33.85110855 3.21760011
vt -32.78039932 3.15965104
vt -32.78039932 2.78305507
vt -31.70841026 2.78305507
vt -31.70841026 2.40645909
vt -30.28330994 2.40645909
vt -30.28330994 2.02986193
vt -29.16996002 2.02986193
vt -29.16996002 1.65326595
vt -28.05660057 1.65326595
vt -28.05660057 1.27666998
vt -27.49991989 1.27666998
vt -27.49991989 0.95750201
vt -26.94323921 0.95750201
vt -26.94323921 0.63833499
vt -26.38656044 0.63833499
vt -26.38656044 0.31916699
vt -25.82987976 0.31916699
vt -25.90551949 0.00000000
vt -25.41015053 0.00000000
vt -33.84952164 2.68133092
vt -32.78039932 2.40645909
vt -31.70841026 2.02986193
vt -30.28330994 1.65326595
vt -29.16996002 1.27666998
vt -28.05660057 0.95750201
vt -27.49991989 0.63833499
vt -26.94323921 0.31916699
vt -26.89624977 0.00000000
vt -26.40089035 0.00000000
vt -33.84727097 2.14504409
vt -32.78039932 2.02986193
vt -31.70841026 1.65326595
vt -30.28330994 1.27666998
vt -29.16996002 0.95750201
vt -28.05660057 0.63833499
vt -27.49991989 0.31916699
vt -33.84434891 1.60875404
vt -32.78039932 1.65326595
vt -31.70841026 1.27666998
vt -30.28330994 0.95750201
vt -29.16996002 0.63833499
vt -28.05660057 0.31916699
vt -27.88698006 0.00000000
vt -32.78039932 1.27666998
vt -33.84075165 1.07248104
vt -32.78039932 0.95750201
vt -33.83642960 0.53623003
vt -32.78039932 0.63833499
vt -32.78039932 0.31916699
vt -31.70841026 0.31916699
vt -31.84992027 0.00000000
vt -30.85918045 0.00000000
vt -33.83137894 0.00000000
vt -30.28330994 0.31916699
vt -29.86845016 0.00000000
vt -29.16996002 0.31916699
vt -28.87771988 0.00000000
vt -25.27321053 0.31916699
vt -24.91478920 0.00000000
vt -21.93313026 0.31916699
vt -21.94259071 0.00000000
vt -21.44721985 0.00000000
vt -21.37645912 0.31916699
vt -20.95185089 0.00000000
vt -20.57484055 0.31916699
vt -20.45648956 0.00000000
vt -19.96112061 0.00000000
vt -19.77322006 0.31916699
vt -18.97039032 0.00000000
vt -18.97159958 0.31916699
vt -18.16999054 0.31916699
vt -18.97159958 0.63833499
vt -18.16999054 0.63833499
vt -18.97159958 0.95750201
vt -18.16999054 0.95750201
vt -18.97159958 1.27666998
vt -18.16999054 1.27666998
vt -18.97159958 1.65326595
vt -18.16999054 1.65326595
vt -18.97159958 2.02986193
vt -17.97965050 0.00000000
vt -17.10116005 0.31916699
vt -17.10116005 0.63833499
vt -17.10116005 0.95750201
vt -17.10116005 1.27666998
vt -16.98892021 0.00000000
vt -16.03233910 0.31916699
vt -16.03233910 0.63833499
vt -16.03233910 0.95750201
vt -15.99818993 0.00000000
vt -15.00745010 0.00000000
vt -14.96352005 0.31916699
vt -14.01671982 0.00000000
vt -13.89470005 0.31916699
vt -13.02598953 0.00000000
vt -8.07231998 0.00000000
vt -6.41293716 0.31916699
vt -6.41293716 0.63833499
vt -6.41293716 0.95750201
vt -6.41293716 1.27666998
vt -6.41293716 1.65326595
vt -6.41293716 2.02986193
vt -6.41293716 2.40645909
vt -6.09085417 0.00000000
vt -5.34411383 0.31916699
vt -5.34411383 0.63833499
vt -5.34411383 0.95750201
vt -5.34411383 1.27666998
vt -5.34411383 1.65326595
vt -5.34411383 2.02986193
vt -5.10012007 0.00000000
vt -4.27529097 0.31916699
vt -4.27529097 0.63833499
vt -4.27529097 0.95750201
vt -4.27529097 1.27666998
vt -4.27529097 1.65326595
vt -4.10938692 0.00000000
vt -3.38460493 0.31916699
vt -3.38460493 0.63833499
vt -3.38460493 0.95750201
vt -3.38460493 1.27666998
vt -3.11865401 0.00000000
vt -2.49392009 0.31916699
vt -2.49392009 0.63833499
vt -2.49392009 0.95750201
vt -2.12792110 0.00000000
vt -1.37196803 0.31916699
vt -1.37196803 0.63833499
vt -1.66212702 0.00000000
vt -1.19638896 0.00000000
vt -10.68822956 0.63833499
vt -10.68822956 0.95750201
vt -10.68822956 1.27666998
vt -10.68822956 1.65326595
vt -10.68822956 2.02986193
vt -10.68822956 2.40645909
vt -10.68822956 2.78305507
vt -10.68822956 3.15965104
vt -10.68822956 3.53624701
vt -11.75704956 0.63833499
vt -11.75704956 0.95750201
vt -11.75704956 1.27666998
vt -11.75704956 1.65326595
vt -11.75704956 2.02986193
vt -11.75704956 2.40645909
vt -11.75704956 2.78305507
vt -11.75704956 3.15965104
vt -11.75704956 3.53624701
vt -11.75704956 3.91284394
vt -14.96352005 0.63833499
vt -19.77322006 0.63833499
vt -19.77322006 0.95750201
vt -19.77322006 1.27666998
vt -19.77322006 1.65326595
vt -19.77322006 2.02986193
vt -19.77322006 2.40645909
vt -20.57484055 0.63833499
vt -20.57484055 0.95750201
vt -20.57484055 1.27666998
vt -20.57484055 1.65326595
vt -20.57484055 2.02986193
vt -20.57484055 2.40645909
vt -20.57484055 2.78305507
vt -21.37645912 0.63833499
vt -21.37645912 0.95750201
vt -21.37645912 1.27666998
vt -21.37645912 1.65326595
vt -21.37645912 2.02986193
vt -21.37645912 2.40645909
vt -21.37645912 2.78305507
vt -21.37645912 3.15965104
vt -21.93313026 0.63833499
vt -21.93313026 0.95750201
vt -21.93313026 1.27666998
vt -21.93313026 1.65326595
vt -21.93313026 2.02986193
vt -21.93313026 2.40645909
vt -21.93313026 2.78305507
vt -21.93313026 3.15965104
vt -21.93313026 3.53624701
vt -22.48981094 0.63833499
vt -22.48981094 0.95750201
vt -22.48981094 1.27666998
vt -22.48981094 1.65326595
vt -22.48981094 2.02986193
vt -22.48981094 2.40645909
vt -22.48981094 2.78305507
vt -22.48981094 3.15965104
vt -22.48981094 3.53624701
vt -22.48981094 3.91284394
vt -25.82987976 0.63833499
vt -30.28330994 0.63833499
vt -31.70841026 0.63833499
vt -12.82586956 0.95750201
vt -13.89470005 1.27666998
vt -14.96352005 1.65326595
vt -16.03233910 2.02986193
vt -17.10116005 2.40645909
vt -18.16999054 2.78305507
vt -18.97159958 3.15965104
vt -19.77322006 3.53624701
vt -20.57484055 3.91284394
vt -20.57484055 4.28959179
vt -21.37645912 4.75308418
vt -21.93313026 5.21672916
vt -22.48981094 5.63700104
vt -23.04648972 6.05727386
vt -23.60317039 6.47754622
vt -24.15984917 6.89781904
vt -24.71652985 7.31809187
vt -25.27321053 7.73836422
vt -23.04648972 0.95750201
vt -23.60317039 1.27666998
vt -24.15984917 1.65326595
vt -24.71652985 2.02986193
vt -25.27321053 2.40645909
vt -25.82987976 2.78305507
vt -26.38656044 3.15965104
vt -26.94323921 3.53624701
vt -27.49991989 3.91284394
vt -27.49991989 4.28984690
vt -27.49991989 4.75308418
vt -28.05660057 5.21672916
vt -29.16996002 5.63700104
vt -30.28330994 6.05727386
vt -31.70841026 6.47754622
vt -26.38656044 0.95750201
vt -31.70841026 0.95750201
vt -12.82586956 1.27666998
vt -12.82586956 1.65326595
vt -12.82586956 2.02986193
vt -12.82586956 2.40645909
vt -12.82586956 2.78305507
vt -12.82586956 3.15965104
vt -12.82586956 3.53624701
vt -12.82586956 3.91284394
vt -11.75704956 4.28926802
vt -13.89470005 1.65326595
vt -14.96352005 2.02986193
vt -16.03233910 2.40645909
vt -17.10116005 2.78305507
vt -18.16999054 3.15965104
vt -18.97159958 3.53624701
vt -19.77322006 3.91284394
vt -19.77322006 4.28956318
vt -20.57484055 4.75308418
vt -21.37645912 5.21672916
vt -21.93313026 5.63700104
vt -22.48981094 6.05727386
vt -23.04648972 6.47754622
vt -23.60317039 6.89781904
vt -24.15984917 7.31809187
vt -24.71652985 7.73836422
vt -23.04648972 1.27666998
vt -23.04648972 1.65326595
vt -23.04648972 2.02986193
vt -23.04648972 2.40645909
vt -23.04648972 2.78305507
vt -23.04648972 3.15965104
vt -23.04648972 3.53624701
vt -23.04648972 3.91284394
vt -22.48981094 4.28966284
vt -23.60317039 1.65326595
vt -24.15984917 2.02986193
vt -24.71652985 2.40645909
vt -25.27321053 2.78305507
vt -25.82987976 3.15965104
vt -26.38656044 3.53624701
vt -26.94323921 3.91284394
vt -26.94323921 4.28982592
vt -26.94323921 4.75308418
vt -27.49991989 5.21672916
vt -28.05660057 5.63700104
vt -29.16996002 6.05727386
vt -30.28330994 6.47754622
vt -31.70841026 6.89781904
vt -26.94323921 1.27666998
vt -27.49991989 1.65326595
vt -28.05660057 2.02986193
vt -29.16996002 2.40645909
vt -30.28330994 2.78305507
vt -31.70841026 3.15965104
vt -13.89470005 2.02986193
vt -13.89470005 2.40645909
vt -13.89470005 2.78305507
vt -13.89470005 3.15965104
vt -13.89470005 3.53624701
vt -13.89470005 3.91284394
vt -12.82586956 4.28930712
vt -12.82586956 4.75308418
vt -23.60317039 2.02986193
vt -23.60317039 2.40645909
vt -23.60317039 2.78305507
vt -23.60317039 3.15965104
vt -23.60317039 3.53624701
vt -23.60317039 3.91284394
vt -23.04648972 4.28968287
vt -23.04648972 4.75308418
vt -14.96352005 2.40645909
vt -16.03233910 2.78305507
vt -17.10116005 3.15965104
vt -18.16999054 3.53624701
vt -18.97159958 3.91284394
vt -18.97159958 4.28953314
vt -19.77322006 4.75308418
vt -20.57484055 5.21672916
vt -21.37645912 5.63700104
vt -21.93313026 6.05727386
vt -22.48981094 6.47754622
vt -23.04648972 6.89781904
vt -23.60317039 7.31809187
vt -24.15984917 7.73836422
vt -14.96352005 2.78305507
vt -14.96352005 3.15965104
vt -14.96352005 3.53624701
vt -14.96352005 3.91284394
vt -13.89470005 4.28934622
vt -13.89470005 4.75308418
vt -13.89470005 5.21672916
vt -24.15984917 2.40645909
vt -24.71652985 2.78305507
vt -25.27321053 3.15965104
vt -25.82987976 3.53624701
vt -26.38656044 3.91284394
vt -26.38656044 4.28980589
vt -24.15984917 2.78305507
vt -24.15984917 3.15965104
vt -24.15984917 3.53624701
vt -24.15984917 3.91284394
vt -23.60317039 4.28970289
vt -23.60317039 4.75308418
vt -23.60317039 5.21672916
vt -1.37196803 3.15965104
vt -2.49392009 3.53624701
vt -3.38460493 3.91284394
vt -3.38460493 4.28895903
vt -16.03233910 3.15965104
vt -17.10116005 3.53624701
vt -18.16999054 3.91284394
vt -18.16999054 4.28950405
vt -18.97159958 4.75308418
vt -19.77322006 5.21672916
vt -20.57484055 5.63700104
vt -21.37645912 6.05727386
vt -21.93313026 6.47754622
vt -22.48981094 6.89781904
vt -23.04648972 7.31809187
vt -23.60317039 7.73836422
vt -24.71652985 3.15965104
vt -25.27321053 3.53624701
vt -25.82987976 3.91284394
vt -25.82987976 4.28978491
vt -26.38656044 4.75308418
vt -26.94323921 5.21672916
vt -27.49991989 5.63700104
vt -28.05660057 6.05727386
vt -29.16996002 6.47754622
vt -30.28330994 6.89781904
vt -31.70841026 7.31809187
vt -6.41293716 4.75308418
vt -8.55058193 5.21672916
vt -9.61940479 5.63700104
vt -10.68822956 6.05727386
vt -11.75704956 6.47754622
vt -12.82586956 6.89781904
vt -13.89470005 7.31809187
vt -14.96352005 7.73836422
vt -16.03233910 3.53624701
vt -16.03233910 3.91284394
vt -14.96352005 4.28938580
vt -14.96352005 4.75308418
vt -14.96352005 5.21672916
vt -14.96352005 5.63700104
vt -17.10116005 3.91284394
vt -17.10116005 4.28946400
vt -18.16999054 4.75308418
vt -18.97159958 5.21672916
vt -19.77322006 5.63700104
vt -20.57484055 6.05727386
vt -21.37645912 6.47754622
vt -21.93313026 6.89781904
vt -22.48981094 7.31809187
vt -23.04648972 7.73836422
vt -24.71652985 3.53624701
vt -24.71652985 3.91284394
vt -24.15984917 4.28972387
vt -24.15984917 4.75308418
vt -24.15984917 5.21672916
vt -24.15984917 5.63700104
vt -25.27321053 3.91284394
vt -25.27321053 4.28976488
vt -25.82987976 4.75308418
vt -26.38656044 5.21672916
vt -26.94323921 5.63700104
vt -27.49991989 6.05727386
vt -28.05660057 6.47754622
vt -29.16996002 6.89781904
vt -30.28330994 7.31809187
vt -31.70841026 7.73836422
vt -16.03233910 4.28942490
vt -16.03233910 4.75308418
vt -16.03233910 5.21672916
vt -16.03233910 5.63700104
vt -16.03233910 6.05727386
vt -24.71652985 4.28974390
vt -24.71652985 4.75308418
vt -24.71652985 5.21672916
vt -24.71652985 5.63700104
vt -24.71652985 6.05727386
vt -25.27321053 4.75308418
vt -25.27321053 5.21672916
vt -25.27321053 5.63700104
vt -25.27321053 6.05727386
vt -25.27321053 6.47754622
vt -17.10116005 4.75308418
vt -17.10116005 5.21672916
vt -17.10116005 5.63700104
vt -17.10116005 6.05727386
vt -17.10116005 6.47754622
vt -18.16999054 5.21672916
vt -18.97159958 5.63700104
vt -19.77322006 6.05727386
vt -20.57484055 6.47754622
vt -21.37645912 6.89781904
vt -21.93313026 7.31809187
vt -22.48981094 7.73836422
vt -25.82987976 5.21672916
vt -26.38656044 5.63700104
vt -26.94323921 6.05727386
vt -27.49991989 6.47754622
vt -28.05660057 6.89781904
vt -29.16996002 7.31809187
vt -30.28330994 7.73836422
vt -1.37196803 5.63700104
vt -2.49392009 6.05727386
vt -3.38460493 6.47754622
vt -4.27529097 6.89781904
vt -5.34411383 7.31809187
vt -6.41293716 7.73836422
vt -18.16999054 5.63700104
vt -18.16999054 6.05727386
vt -18.16999054 6.47754622
vt -18.16999054 6.89781904
vt -25.82987976 5.63700104
vt -25.82987976 6.05727386
vt -25.82987976 6.47754622
vt -25.82987976 6.89781904
vt -1.37196803 6.05727386
vt -2.49392009 6.47754622
vt -3.38460493 6.89781904
vt -4.27529097 7.31809187
vt -5.34411383 7.73836422
vt -18.97159958 6.05727386
vt -19.77322006 6.47754622
vt -20.57484055 6.89781904
vt -21.37645912 7.31809187
vt -21.93313026 7.73836422
vt -26.38656044 6.05727386
vt -26.94323921 6.47754622
vt -27.49991989 6.89781904
vt -28.05660057 7.31809187
vt -29.16996002 7.73836422
vt -1.37196803 6.47754622
vt -2.49392009 6.89781904
vt -3.38460493 7.31809187
vt -4.27529097 7.73836422
vt -18.97159958 6.47754622
vt -18.97159958 6.89781904
vt -18.97159958 7.31809187
vt -26.38656044 6.47754622
vt -26.38656044 6.89781904
vt -26.38656044 7.31809187
vt -1.37196803 6.89781904
vt -2.49392009 7.31809187
vt -3.38460493 7.73836422
vt -19.77322006 6.89781904
vt -20.57484055 7.31809187
vt -21.37645912 7.73836422
vt -26.94323921 6.89781904
vt -27.49991989 7.31809187
vt -28.05660057 7.73836422
vt -26.94323921 7.31809187
vt -26.94323921 7.73836422
vt -19.77322006 7.31809187
vt -19.77322006 7.73836422
vt -20.57484055 7.73836422
vt -27.49991989 7.73836422
vt 0.19325601 12.01626968
vt 0.20030899 11.26158047
vt 0.40190899 12.01626015
vt 0.57444799 11.45318985
vt 0.80382001 12.01626015
vt 0.95564097 11.45318985
vt 1.20573199 12.01626968
vt 1.33683395 11.45318985
vt 1.60764802 12.01628017
vt 1.71802604 11.45318985
vt 2.12162304 12.01628017
vt 2.29070210 11.45318985
vt 2.63567495 12.01613998
vt 2.86337709 11.45318985
vt 3.66360807 12.01624966
vt 3.43605304 11.45318985
vt 4.00872803 11.45318985
vt 4.00872803 10.88992023
vt 4.58140278 10.88992023
vt 4.58140278 10.32664013
vt 5.15407896 10.32664013
vt 5.15407896 9.76336479
vt 5.72675419 9.76336479
vt 5.72675419 9.20009136
vt 6.29942989 9.20009136
vt 6.29942989 8.63681602
vt 7.44477987 8.63681602
vt 7.44477987 8.07353973
vt 8.01745701 8.07353973
vt 8.01745701 7.51026487
vt 8.59013081 7.51026487
vt 8.59013081 6.94699001
vt 9.16280842 6.94699001
vt 9.16280842 6.38371515
vt 9.73548317 6.38371515
vt 9.73548317 5.82043982
vt 10.30815983 5.82043982
vt 10.30815983 5.25716496
vt 10.88082981 5.25716496
vt 10.88082981 4.69389009
vt 11.45351028 4.69389009
vt 11.45351028 4.13061523
vt 12.02618027 4.13061523
vt 12.02618027 3.56733990
vt 12.59885979 3.56733990
vt 12.59885979 3.00232792
vt 12.99256992 3.00245595
vt 12.99256992 2.25200510
vt 13.38628960 2.25208902
vt 13.38628960 1.49942005
vt 13.77999973 1.49937105
vt 13.38628960 0.75113398
vt 13.77999973 0.75111300
vt 13.50090981 0.00000000
vt 14.60066032 0.00000000
vt 0.57444799 10.88992023
vt 0.20775691 10.50841045
vt 0.57444799 10.32664013
vt 0.21557000 9.75546932
vt 0.57444799 9.76336479
vt 0.57444799 9.20009136
vt 0.95564097 9.20009136
vt 0.95564097 8.63681602
vt 1.33683395 8.63681602
vt 1.33683395 8.07353973
vt 1.71802604 8.07353973
vt 1.71802604 7.51026487
vt 2.29070210 7.51026487
vt 2.29070210 6.94699001
vt 2.86337709 6.94699001
vt 2.86337709 6.38371515
vt 3.43605304 6.38371515
vt 3.43605304 5.82043982
vt 4.00872803 5.82043982
vt 4.00872803 5.25716496
vt 4.58140278 5.25716496
vt 4.58140278 4.69389009
vt 5.15407896 4.69389009
vt 5.15407896 4.13061523
vt 5.72675419 4.13061523
vt 5.72675419 3.56733990
vt 6.29942989 3.56733990
vt 6.29942989 3.00027204
vt 7.44477987 3.00064611
vt 7.44477987 2.25082803
vt 8.01745701 2.25095010
vt 8.01745701 1.50008297
vt 8.59013081 1.50001204
vt 8.01745701 0.75141603
vt 8.59013081 0.75138497
vt 9.10191441 0.00000000
vt 9.16280842 0.75135499
vt 11.30140972 0.00000000
vt 9.73548317 0.75132501
vt 10.30815983 0.75129497
vt 10.30815983 1.49979997
vt 10.88082981 1.49972904
vt 10.30815983 2.25143600
vt 10.88082981 2.25155711
vt 10.30815983 3.00158000
vt 10.88082981 3.00176692
vt 10.30815983 3.56733990
vt 10.88082981 3.56733990
vt 10.30815983 4.13061523
vt 10.88082981 4.13061523
vt 10.30815983 4.69389009
vt 0.22371601 9.00146389
vt 0.57444799 8.63681602
vt 0.95564097 8.07353973
vt 1.33683395 7.51026487
vt 1.71802604 6.94699001
vt 2.29070210 6.38371515
vt 2.86337709 5.82043982
vt 3.43605304 5.25716496
vt 4.00872803 4.69389009
vt 4.58140278 4.13061523
vt 5.15407896 3.56733990
vt 5.72675419 3.00008512
vt 6.29942989 2.25058508
vt 7.44477987 1.50015402
vt 7.44477987 0.75144601
vt 8.00216293 0.00000000
vt 0.23210900 8.24771214
vt 0.57444799 8.07353973
vt 0.95564097 7.51026487
vt 1.33683395 6.94699001
vt 1.71802604 6.38371515
vt 2.29070210 5.82043982
vt 2.86337709 5.25716496
vt 3.43605304 4.69389009
vt 4.00872803 4.13061523
vt 4.58140278 3.56733990
vt 5.15407896 2.99989796
vt 5.72675419 2.25046396
vt 6.29942989 1.50029504
vt 6.29942989 0.75150597
vt 6.90241289 0.00000000
vt 0.24063700 7.49604177
vt 0.57444799 7.51026487
vt 0.95564097 6.94699001
vt 1.33683395 6.38371515
vt 1.71802604 5.82043982
vt 2.29070210 5.25716496
vt 2.86337709 4.69389009
vt 3.43605304 4.13061523
vt 4.00872803 3.56733990
vt 4.58140278 2.99971104
vt 5.15407896 2.25034308
vt 5.72675419 1.50036597
vt 5.72675419 0.75153601
vt 5.80266380 0.00000000
vt 0.57444799 6.94699001
vt 0.24918900 6.74526882
vt 0.57444799 6.38371515
vt 0.25767100 5.99411917
vt 0.57444799 5.82043982
vt 0.26593399 5.24375010
vt 0.57444799 5.25716496
vt 0.57444799 4.69389009
vt 0.95564097 4.69389009
vt 0.95564097 4.13061523
vt 1.33683395 4.13061523
vt 1.33683395 3.56733990
vt 1.71802604 3.56733990
vt 1.71802604 2.99877596
vt 2.29070210 2.99896312
vt 2.29070210 2.24973512
vt 2.86337709 2.24985695
vt 2.86337709 1.50072002
vt 3.43605304 1.50064898
vt 2.86337709 0.75168598
vt 3.43605304 0.75165600
vt 3.05328894 0.00000000
vt 3.60316396 0.00000000
vt 0.27382299 4.49527502
vt 0.57444799 4.13061523
vt 0.95564097 3.56733990
vt 1.33683395 2.99865198
vt 1.71802604 2.24961400
vt 2.29070210 1.50079095
vt 2.29070210 0.75171602
vt 2.50341511 0.00000000
vt 0.28118700 3.74730110
vt 0.57444799 3.56733990
vt 0.95564097 2.99852705
vt 1.33683395 2.24953294
vt 1.71802604 1.50086105
vt 1.71802604 0.75174600
vt 0.28788599 2.99830890
vt 0.57444799 2.99840307
vt 0.95564097 2.24945211
vt 1.33683395 1.50090897
vt 1.33683395 0.75176603
vt 1.40366495 0.00000000
vt 0.57444799 2.24937105
vt 0.29372200 2.24931192
vt 0.57444799 1.50100303
vt 0.29847801 1.50103700
vt 0.30194500 0.75182098
vt 0.57444799 0.75180602
vt 0.30391499 0.00000000
vt 0.95564097 0.75178599
vt 4.00872803 0.75162601
vt 4.15303898 0.00000000
vt 4.58140278 0.75159597
vt 4.70291424 0.00000000
vt 5.15407896 0.75156599
vt 5.25278902 0.00000000
vt 12.40116024 0.00000000
vt 11.45351028 0.75123501
vt 10.88082981 0.75126499
vt 12.59885979 0.75117499
vt 12.02618027 0.75120503
vt 12.02618027 1.49958801
vt 11.45351028 1.49965799
vt 11.45351028 2.25167894
vt 15.15054035 0.00000000
vt 14.96115017 0.75105101
vt 14.56742954 0.75107199
vt 14.17372036 0.75109202
vt 14.56742954 1.49927402
vt 14.17372036 1.49932206
vt 14.17372036 2.25225592
vt 13.77999973 2.25217199
vt 13.77999973 3.00271392
vt 13.38628960 3.00258493
vt 13.38628960 3.56733990
vt 12.99256992 3.56733990
vt 12.99256992 4.13061523
vt 12.59885979 4.13061523
vt 12.59885979 4.69389009
vt 12.02618027 4.69389009
vt 12.02618027 5.25716496
vt 11.45351028 5.25716496
vt 11.45351028 5.82043982
vt 10.88082981 5.82043982
vt 10.88082981 6.38371515
vt 10.30815983 6.38371515
vt 10.30815983 6.94699001
vt 9.73548317 6.94699001
vt 9.73548317 7.51026487
vt 9.16280842 7.51026487
vt 9.16280842 8.07353973
vt 8.59013081 8.07353973
vt 8.59013081 8.63681602
vt 8.01745701 8.63681602
vt 8.01745701 9.20009136
vt 7.44477987 9.20009136
vt 7.44477987 9.76336479
vt 6.29942989 9.76336479
vt 6.29942989 10.32664013
vt 5.72675419 10.32664013
vt 5.72675419 10.88992023
vt 5.15407896 10.88992023
vt 5.15407896 11.45318985
vt 4.58140278 11.45318985
vt 5.71964693 12.01611996
vt 15.35486031 0.75103003
vt 15.70040989 0.00000000
vt 15.74857044 0.75101000
vt 16.25028992 0.00000000
vt 16.17807961 0.75098699
vt 16.52522087 0.00000000
vt 16.60758972 0.75096399
vt 16.80015945 0.00000000
vt 16.96953011 0.75094497
vt 17.07509995 0.00000000
vt 17.33147049 0.75092602
vt 17.35004044 0.00000000
vt 17.51243019 0.75091702
vt 17.62496948 0.00000000
vt 17.69339943 0.75090700
vt 17.76243973 0.00000000
vt 17.87437057 0.75089800
vt 17.89990997 0.00000000
vt 17.90131950 0.75089598
vt 17.90538979 1.49886096
vt 17.87437057 1.49886501
vt 17.69339943 1.49888694
vt 17.51243019 1.49890995
vt 17.33147049 1.49893200
vt 16.96953011 1.49897695
vt 16.60758972 1.49902201
vt 16.17807961 1.49907506
vt 15.74857044 1.49912798
vt 15.35486031 1.49917603
vt 14.96115017 1.49922502
vt 17.91179085 2.24570394
vt 17.87437057 2.25304103
vt 17.69339943 2.25300193
vt 17.69339943 3.00399089
vt 17.51243019 3.00393200
vt 17.51243019 3.56733990
vt 17.33147049 3.56733990
vt 17.33147049 4.13061523
vt 16.96953011 4.13061523
vt 16.96953011 4.69389009
vt 16.60758972 4.69389009
vt 16.60758972 5.25716496
vt 16.17807961 5.25716496
vt 16.17807961 5.82043982
vt 15.74857044 5.82043982
vt 15.74857044 6.38371515
vt 15.35486031 6.38371515
vt 15.35486031 6.94699001
vt 14.96115017 6.94699001
vt 14.96115017 7.51026487
vt 14.56742954 7.51026487
vt 14.56742954 8.07353973
vt 14.17372036 8.07353973
vt 14.17372036 8.63681602
vt 13.77999973 8.63681602
vt 13.77999973 9.20009136
vt 13.38628960 9.20009136
vt 13.38628960 9.76336479
vt 12.99256992 9.76336479
vt 12.99256992 10.32664013
vt 12.59885979 10.32664013
vt 12.59885979 10.88992023
vt 12.02618027 10.88992023
vt 12.02618027 11.45318985
vt 11.45351028 11.45318985
vt 11.88747025 12.01624966
vt 11.37347984 12.01626015
vt 17.92020035 2.99324894
vt 17.87437057 3.00405002
vt 17.69339943 3.56733990
vt 17.51243019 4.13061523
vt 17.33147049 4.69389009
vt 16.96953011 5.25716496
vt 16.60758972 5.82043982
vt 16.17807961 6.38371515
vt 15.74857044 6.94699001
vt 15.35486031 7.51026487
vt 14.96115017 8.07353973
vt 14.56742954 8.63681602
vt 14.17372036 9.20009136
vt 13.77999973 9.76336479
vt 13.38628960 10.32664013
vt 12.99256992 10.88992023
vt 12.59885979 11.45318985
vt 17.87437057 3.56733990
vt 17.93017006 3.74121094
vt 17.69339943 4.13061523
vt 17.87437057 4.13061523
vt 17.69339943 4.69389009
vt 17.87437057 4.69389009
vt 17.69339943 5.25716496
vt 17.87437057 5.25716496
vt 17.69339943 5.82043982
vt 17.87437057 5.82043982
vt 17.69339943 6.38371515
vt 17.96489906 5.98795605
vt 17.87437057 6.38371515
vt 17.97693062 6.73961496
vt 17.87437057 6.94699001
vt 17.69339943 6.94699001
vt 17.69339943 7.51026487
vt 17.51243019 7.51026487
vt 17.51243019 8.07353973
vt 17.33147049 8.07353973
vt 17.33147049 8.63681602
vt 16.96953011 8.63681602
vt 16.96953011 9.20009136
vt 16.60758972 9.20009136
vt 16.60758972 9.76336479
vt 16.17807961 9.76336479
vt 16.17807961 10.32664013
vt 15.74857044 10.32664013
vt 15.74857044 10.88992023
vt 15.35486031 10.88992023
vt 15.35486031 11.45318985
vt 14.96115017 11.45318985
vt 14.97140980 12.01634979
vt 14.45744038 12.01626015
vt 17.94125938 4.48873186
vt 17.95294952 5.23723412
vt 17.98893929 7.49095821
vt 17.87437057 7.51026487
vt 17.69339943 8.07353973
vt 17.51243019 8.63681602
vt 17.33147049 9.20009136
vt 16.96953011 9.76336479
vt 16.60758972 10.32664013
vt 16.17807961 10.88992023
vt 15.74857044 11.45318985
vt 15.48536968 12.01646042
vt 17.87437057 8.07353973
vt 18.00086021 8.24333000
vt 17.69339943 8.63681602
vt 17.87437057 8.63681602
vt 17.69339943 9.20009136
vt 17.87437057 9.20009136
vt 17.69339943 9.76336479
vt 17.87437057 9.76336479
vt 17.69339943 10.32664013
vt 17.87437057 10.32664013
vt 17.69339943 10.88992023
vt 17.87437057 10.88992023
vt 17.69339943 11.45318985
vt 17.87437057 11.45318985
vt 17.54136086 12.01624012
vt 18.05533981 12.01581955
vt 18.04545021 11.26072979
vt 18.03500938 10.50679016
vt 18.02404022 9.75292397
vt 18.01262093 8.99796104
vt 17.02737045 12.01626968
vt 17.33147049 11.45318985
vt 17.51243019 11.45318985
vt 16.96953011 11.45318985
vt 16.51337051 12.01622963
vt 16.60758972 11.45318985
vt 16.17807961 11.45318985
vt 16.60758972 10.88992023
vt 15.99936962 12.01632977
vt 13.94344044 12.01626968
vt 14.17372036 11.45318985
vt 14.56742954 11.45318985
vt 14.96115017 10.88992023
vt 15.35486031 10.32664013
vt 15.74857044 9.76336479
vt 16.17807961 9.20009136
vt 16.60758972 8.63681602
vt 16.96953011 8.07353973
vt 17.33147049 7.51026487
vt 17.51243019 6.94699001
vt 13.77999973 11.45318985
vt 13.42943954 12.01626968
vt 13.38628960 11.45318985
vt 12.91543961 12.01628017
vt 12.99256992 11.45318985
vt 12.40145969 12.01626015
vt 10.88082981 11.45318985
vt 10.85949039 12.01626968
vt 10.34547997 12.01630020
vt 10.30815983 11.45318985
vt 9.83144474 12.01638031
vt 9.73548317 11.45318985
vt 9.31748390 12.01632023
vt 9.16280842 11.45318985
vt 8.80352116 12.01628971
vt 8.59013081 11.45318985
vt 7.77553177 12.01624966
vt 8.01745701 11.45318985
vt 7.44477987 11.45318985
vt 8.01745701 10.88992023
vt 7.44477987 10.88992023
vt 8.01745701 10.32664013
vt 7.44477987 10.32664013
vt 8.01745701 9.76336479
vt 6.74756718 12.01624012
vt 6.29942989 11.45318985
vt 6.29942989 10.88992023
vt 5.72675419 11.45318985
vt 0.95564097 10.88992023
vt 0.95564097 10.32664013
vt 0.95564097 9.76336479
vt 1.33683395 10.88992023
vt 1.33683395 10.32664013
vt 1.33683395 9.76336479
vt 1.33683395 9.20009136
vt 1.71802604 10.88992023
vt 1.71802604 10.32664013
vt 1.71802604 9.76336479
vt 1.71802604 9.20009136
vt 1.71802604 8.63681602
vt 2.29070210 10.88992023
vt 2.29070210 10.32664013
vt 2.29070210 9.76336479
vt 2.29070210 9.20009136
vt 2.29070210 8.63681602
vt 2.29070210 8.07353973
vt 2.86337709 10.88992023
vt 2.86337709 10.32664013
vt 2.86337709 9.76336479
vt 2.86337709 9.20009136
vt 2.86337709 8.63681602
vt 2.86337709 8.07353973
vt 2.86337709 7.51026487
vt 3.43605304 10.88992023
vt 3.43605304 10.32664013
vt 3.43605304 9.76336479
vt 3.43605304 9.20009136
vt 3.43605304 8.63681602
vt 3.43605304 8.07353973
vt 3.43605304 7.51026487
vt 3.43605304 6.94699001
vt 8.59013081 10.88992023
vt 8.59013081 10.32664013
vt 8.59013081 9.76336479
vt 8.59013081 9.20009136
vt 9.16280842 10.88992023
vt 9.16280842 10.32664013
vt 9.16280842 9.76336479
vt 9.16280842 9.20009136
vt 9.16280842 8.63681602
vt 9.73548317 10.88992023
vt 9.73548317 10.32664013
vt 9.73548317 9.76336479
vt 9.73548317 9.20009136
vt 9.73548317 8.63681602
vt 9.73548317 8.07353973
vt 10.30815983 10.88992023
vt 10.30815983 10.32664013
vt 10.30815983 9.76336479
vt 10.30815983 9.20009136
vt 10.30815983 8.63681602
vt 10.30815983 8.07353973
vt 10.30815983 7.51026487
vt 10.88082981 10.88992023
vt 10.88082981 10.32664013
vt 10.88082981 9.76336479
vt 10.88082981 9.20009136
vt 10.88082981 8.63681602
vt 10.88082981 8.07353973
vt 10.88082981 7.51026487
vt 10.88082981 6.94699001
vt 11.45351028 10.88992023
vt 11.45351028 10.32664013
vt 11.45351028 9.76336479
vt 11.45351028 9.20009136
vt 11.45351028 8.63681602
vt 11.45351028 8.07353973
vt 11.45351028 7.51026487
vt 11.45351028 6.94699001
vt 11.45351028 6.38371515
vt 13.38628960 10.88992023
vt 13.77999973 10.88992023
vt 14.17372036 10.88992023
vt 14.56742954 10.88992023
vt 16.96953011 10.88992023
vt 16.96953011 10.32664013
vt 17.33147049 10.88992023
vt 17.33147049 10.32664013
vt 17.33147049 9.76336479
vt 17.51243019 10.88992023
vt 17.51243019 10.32664013
vt 17.51243019 9.76336479
vt 17.51243019 9.20009136
vt 4.00872803 10.32664013
vt 4.58140278 9.76336479
vt 5.15407896 9.20009136
vt 5.72675419 8.63681602
vt 6.29942989 8.07353973
vt 7.44477987 7.51026487
vt 8.01745701 6.94699001
vt 8.59013081 6.38371515
vt 9.16280842 5.82043982
vt 9.73548317 5.25716496
vt 12.02618027 10.32664013
vt 12.59885979 9.76336479
vt 12.99256992 9.20009136
vt 13.38628960 8.63681602
vt 13.77999973 8.07353973
vt 14.17372036 7.51026487
vt 14.56742954 6.94699001
vt 14.96115017 6.38371515
vt 15.35486031 5.82043982
vt 15.74857044 5.25716496
vt 16.17807961 4.69389009
vt 16.60758972 4.13061523
vt 16.96953011 3.56733990
vt 17.33147049 3.00387311
vt 17.51243019 2.25296402
vt 13.77999973 10.32664013
vt 14.17372036 10.32664013
vt 14.56742954 10.32664013
vt 14.96115017 10.32664013
vt 4.00872803 9.76336479
vt 4.00872803 9.20009136
vt 4.00872803 8.63681602
vt 4.00872803 8.07353973
vt 4.00872803 7.51026487
vt 4.00872803 6.94699001
vt 4.00872803 6.38371515
vt 12.02618027 9.76336479
vt 12.02618027 9.20009136
vt 12.02618027 8.63681602
vt 12.02618027 8.07353973
vt 12.02618027 7.51026487
vt 12.02618027 6.94699001
vt 12.02618027 6.38371515
vt 12.02618027 5.82043982
vt 14.17372036 9.76336479
vt 14.56742954 9.76336479
vt 14.96115017 9.76336479
vt 15.35486031 9.76336479
vt 15.74857044 9.20009136
vt 15.35486031 9.20009136
vt 15.74857044 8.63681602
vt 15.35486031 8.63681602
vt 15.74857044 8.07353973
vt 15.35486031 8.07353973
vt 15.74857044 7.51026487
vt 14.96115017 9.20009136
vt 14.96115017 8.63681602
vt 14.56742954 9.20009136
vt 12.59885979 9.20009136
vt 12.59885979 8.63681602
vt 12.59885979 8.07353973
vt 12.59885979 7.51026487
vt 12.59885979 6.94699001
vt 12.59885979 6.38371515
vt 12.59885979 5.82043982
vt 12.59885979 5.25716496
vt 4.58140278 9.20009136
vt 4.58140278 8.63681602
vt 4.58140278 8.07353973
vt 4.58140278 7.51026487
vt 4.58140278 6.94699001
vt 4.58140278 6.38371515
vt 4.58140278 5.82043982
vt 5.15407896 8.63681602
vt 5.72675419 8.07353973
vt 6.29942989 7.51026487
vt 7.44477987 6.94699001
vt 8.01745701 6.38371515
vt 8.59013081 5.82043982
vt 9.16280842 5.25716496
vt 9.73548317 4.69389009
vt 12.99256992 8.63681602
vt 13.38628960 8.07353973
vt 13.77999973 7.51026487
vt 14.17372036 6.94699001
vt 14.56742954 6.38371515
vt 14.96115017 5.82043982
vt 15.35486031 5.25716496
vt 15.74857044 4.69389009
vt 16.17807961 4.13061523
vt 16.60758972 3.56733990
vt 16.96953011 3.00375509
vt 17.33147049 2.25292611
vt 16.17807961 8.63681602
vt 16.60758972 8.07353973
vt 16.96953011 7.51026487
vt 17.33147049 6.94699001
vt 17.51243019 6.38371515
vt 5.15407896 8.07353973
vt 5.15407896 7.51026487
vt 5.15407896 6.94699001
vt 5.15407896 6.38371515
vt 5.15407896 5.82043982
vt 5.15407896 5.25716496
vt 12.99256992 8.07353973
vt 12.99256992 7.51026487
vt 12.99256992 6.94699001
vt 12.99256992 6.38371515
vt 12.99256992 5.82043982
vt 12.99256992 5.25716496
vt 12.99256992 4.69389009
vt 16.17807961 8.07353973
vt 16.17807961 7.51026487
vt 16.17807961 6.94699001
vt 5.72675419 7.51026487
vt 6.29942989 6.94699001
vt 7.44477987 6.38371515
vt 8.01745701 5.82043982
vt 8.59013081 5.25716496
vt 9.16280842 4.69389009
vt 9.73548317 4.13061523
vt 13.38628960 7.51026487
vt 13.77999973 6.94699001
vt 14.17372036 6.38371515
vt 14.56742954 5.82043982
vt 14.96115017 5.25716496
vt 15.35486031 4.69389009
vt 15.74857044 4.13061523
vt 16.17807961 3.56733990
vt 16.60758972 3.00363588
vt 16.96953011 2.25284910
vt 16.60758972 7.51026487
vt 16.96953011 6.94699001
vt 17.33147049 6.38371515
vt 17.51243019 5.82043982
vt 16.60758972 6.94699001
vt 16.60758972 6.38371515
vt 13.38628960 6.94699001
vt 13.38628960 6.38371515
vt 13.38628960 5.82043982
vt 13.38628960 5.25716496
vt 13.38628960 4.69389009
vt 13.38628960 4.13061523
vt 5.72675419 6.94699001
vt 5.72675419 6.38371515
vt 5.72675419 5.82043982
vt 5.72675419 5.25716496
vt 5.72675419 4.69389009
vt 0.95564097 6.38371515
vt 1.33683395 5.82043982
vt 1.71802604 5.25716496
vt 2.29070210 4.69389009
vt 2.86337709 4.13061523
vt 3.43605304 3.56733990
vt 4.00872803 2.99952412
vt 4.58140278 2.25022101
vt 5.15407896 1.50043702
vt 6.29942989 6.38371515
vt 7.44477987 5.82043982
vt 8.01745701 5.25716496
vt 8.59013081 4.69389009
vt 9.16280842 4.13061523
vt 9.73548317 3.56733990
vt 13.77999973 6.38371515
vt 14.17372036 5.82043982
vt 14.56742954 5.25716496
vt 14.96115017 4.69389009
vt 15.35486031 4.13061523
vt 15.74857044 3.56733990
vt 16.17807961 3.00349593
vt 16.60758972 2.25277209
vt 16.96953011 6.38371515
vt 17.33147049 5.82043982
vt 17.51243019 5.25716496
vt 0.95564097 5.82043982
vt 1.33683395 5.25716496
vt 1.71802604 4.69389009
vt 2.29070210 4.13061523
vt 2.86337709 3.56733990
vt 3.43605304 2.99933696
vt 4.00872803 2.25009990
vt 4.58140278 1.50050795
vt 6.29942989 5.82043982
vt 6.29942989 5.25716496
vt 6.29942989 4.69389009
vt 6.29942989 4.13061523
vt 13.77999973 5.82043982
vt 13.77999973 5.25716496
vt 13.77999973 4.69389009
vt 13.77999973 4.13061523
vt 13.77999973 3.56733990
vt 16.96953011 5.82043982
vt 0.95564097 5.25716496
vt 1.33683395 4.69389009
vt 1.71802604 4.13061523
vt 2.29070210 3.56733990
vt 2.86337709 2.99915004
vt 3.43605304 2.24997807
vt 4.00872803 1.50057805
vt 7.44477987 5.25716496
vt 8.01745701 4.69389009
vt 8.59013081 4.13061523
vt 9.16280842 3.56733990
vt 9.73548317 3.00139308
vt 14.17372036 5.25716496
vt 14.56742954 4.69389009
vt 14.96115017 4.13061523
vt 15.35486031 3.56733990
vt 15.74857044 3.00335598
vt 16.17807961 2.25268102
vt 17.33147049 5.25716496
vt 17.51243019 4.69389009
vt 14.17372036 4.69389009
vt 14.17372036 4.13061523
vt 14.17372036 3.56733990
vt 14.17372036 3.00284195
vt 7.44477987 4.69389009
vt 7.44477987 4.13061523
vt 7.44477987 3.56733990
vt 8.01745701 4.13061523
vt 8.59013081 3.56733990
vt 9.16280842 3.00120592
vt 9.73548317 2.25131392
vt 14.56742954 4.13061523
vt 14.96115017 3.56733990
vt 15.35486031 3.00322795
vt 15.74857044 2.25258994
vt 8.01745701 3.56733990
vt 8.01745701 3.00083208
vt 11.45351028 3.56733990
vt 11.45351028 3.00195408
vt 14.56742954 3.56733990
vt 14.56742954 3.00297093
vt 14.56742954 2.25233889
vt 8.59013081 3.00101900
vt 9.16280842 2.25119305
vt 9.73548317 1.49987102
vt 12.02618027 3.00214100
vt 12.59885979 2.25192189
vt 12.99256992 1.49946797
vt 12.99256992 0.75115401
vt 14.96115017 3.00309896
vt 15.35486031 2.25250602
vt 14.96115017 2.25242305
vt 12.02618027 2.25180006
vt 8.59013081 2.25107098
vt 0.95564097 1.50095606
vt 9.16280842 1.49994099
vt 12.59885979 1.49951696
vt -0.30194500 0.75176698
vt -0.57444799 0.75175399
vt -0.30391499 0.00000000
vt -0.95564097 0.75173599
vt -1.40366495 0.00000000
vt -1.33683395 0.75171798
vt -1.71802604 0.75169897
vt -1.71802604 1.50076401
vt -2.29070210 1.50069797
vt -1.71802604 2.24946690
vt -2.29070210 2.24959302
vt -1.71802604 2.99860501
vt -2.29070210 2.99879789
vt -1.71802604 3.56733990
vt -2.29070210 3.56733990
vt -2.29070210 4.13061523
vt -2.86337709 4.13061523
vt -2.86337709 4.69389009
vt -3.43605304 4.69389009
vt -3.43605304 5.25716496
vt -4.00872803 5.25716496
vt -4.00872803 5.82043982
vt -4.58140278 5.82043982
vt -4.58140278 6.38371515
vt -5.15407896 6.38371515
vt -5.15407896 6.94699001
vt -5.72675419 6.94699001
vt -5.72675419 7.51026487
vt -6.29942989 7.51026487
vt -6.29942989 8.07353973
vt -7.44477987 8.07353973
vt -7.44477987 8.63681602
vt -8.01745701 8.63681602
vt -8.01745701 9.20009136
vt -8.59013081 9.20009136
vt -8.59013081 9.76336479
vt -9.16280842 9.76336479
vt -9.16280842 10.32664013
vt -9.73548317 10.32664013
vt -9.73548317 10.88992023
vt -10.30815983 10.88992023
vt -10.30815983 11.45318985
vt -10.88082981 11.45318985
vt -10.34547997 12.01630020
vt -10.85949039 12.01626968
vt -0.57444799 1.50089395
vt -0.29847801 1.50092494
vt -0.29372299 2.24915099
vt -0.57444799 2.24921393
vt -0.28788701 2.99812293
vt -0.57444799 2.99821997
vt -0.57444799 3.56733990
vt -0.95564097 2.99834895
vt -0.95564097 3.56733990
vt -1.33683395 2.99847698
vt -1.33683395 3.56733990
vt -0.28118899 3.74713397
vt -0.57444799 4.13061523
vt -0.95564097 4.13061523
vt -0.95564097 4.69389009
vt -1.33683395 4.69389009
vt -1.33683395 5.25716496
vt -1.71802604 5.25716496
vt -1.71802604 5.82043982
vt -2.29070210 5.82043982
vt -2.29070210 6.38371515
vt -2.86337709 6.38371515
vt -2.86337709 6.94699001
vt -3.43605304 6.94699001
vt -3.43605304 7.51026487
vt -4.00872803 7.51026487
vt -4.00872803 8.07353973
vt -4.58140278 8.07353973
vt -4.58140278 8.63681602
vt -5.15407896 8.63681602
vt -5.15407896 9.20009136
vt -5.72675419 9.20009136
vt -5.72675419 9.76336479
vt -6.29942989 9.76336479
vt -6.29942989 10.32664013
vt -7.44477987 10.32664013
vt -7.44477987 10.88992023
vt -8.01745701 10.88992023
vt -8.01745701 11.45318985
vt -8.59013081 11.45318985
vt -8.80352116 12.01628971
vt -9.16280842 11.45318985
vt -9.31748390 12.01632023
vt -9.73548317 11.45318985
vt -9.83144474 12.01638031
vt -0.27382499 4.49511290
vt -0.57444799 4.69389009
vt -0.95564097 5.25716496
vt -1.33683395 5.82043982
vt -1.71802604 6.38371515
vt -2.29070210 6.94699001
vt -2.86337709 7.51026487
vt -3.43605304 8.07353973
vt -4.00872803 8.63681602
vt -4.58140278 9.20009136
vt -5.15407896 9.76336479
vt -5.72675419 10.32664013
vt -6.29942989 10.88992023
vt -7.44477987 11.45318985
vt -7.77553177 12.01624966
vt -0.26593599 5.24357796
vt -0.57444799 5.25716496
vt -0.95564097 5.82043982
vt -1.33683395 6.38371515
vt -1.71802604 6.94699001
vt -2.29070210 7.51026487
vt -2.86337709 8.07353973
vt -3.43605304 8.63681602
vt -4.00872803 9.20009136
vt -4.58140278 9.76336479
vt -5.15407896 10.32664013
vt -5.72675419 10.88992023
vt -6.29942989 11.45318985
vt -6.74756718 12.01624012
vt -0.57444799 5.82043982
vt -0.25767300 5.99391508
vt -0.57444799 6.38371515
vt -0.24919100 6.74506187
vt -0.57444799 6.94699001
vt -0.24063900 7.49584484
vt -0.57444799 7.51026487
vt -0.57444799 8.07353973
vt -0.95564097 8.07353973
vt -0.95564097 8.63681602
vt -1.33683395 8.63681602
vt -1.33683395 9.20009136
vt -1.71802604 9.20009136
vt -1.71802604 9.76336479
vt -2.29070210 9.76336479
vt -2.29070210 10.32664013
vt -2.86337709 10.32664013
vt -2.86337709 10.88992023
vt -3.43605304 10.88992023
vt -3.43605304 11.45318985
vt -4.00872803 11.45318985
vt -3.66360807 12.01624966
vt -4.58140278 11.45318985
vt -5.71964693 12.01611996
vt -5.15407896 11.45318985
vt -5.72675419 11.45318985
vt -5.15407896 10.88992023
vt -0.23211101 8.24752617
vt -0.57444799 8.63681602
vt -0.95564097 9.20009136
vt -1.33683395 9.76336479
vt -1.71802604 10.32664013
vt -2.29070210 10.88992023
vt -2.86337709 11.45318985
vt -0.22371800 9.00127602
vt -0.57444799 9.20009136
vt -0.95564097 9.76336479
vt -1.33683395 10.32664013
vt -1.71802604 10.88992023
vt -2.29070210 11.45318985
vt -2.63567495 12.01613998
vt -0.21557190 9.75531578
vt -0.57444799 9.76336479
vt -0.95564097 10.32664013
vt -1.33683395 10.88992023
vt -1.71802604 11.45318985
vt -2.12162304 12.01628017
vt -0.57444799 10.32664013
vt -0.20775799 10.50829983
vt -0.57444799 10.88992023
vt -0.20031001 11.26152992
vt -0.57444799 11.45318985
vt -0.40190899 12.01626015
vt -0.80382001 12.01626015
vt -0.19325601 12.01626968
vt -0.95564097 11.45318985
vt -1.20573199 12.01626968
vt -1.33683395 11.45318985
vt -1.60764802 12.01628017
vt -11.37347984 12.01626015
vt -11.45351028 11.45318985
vt -10.88082981 10.88992023
vt -11.45351028 10.88992023
vt -10.88082981 10.32664013
vt -11.45351028 10.32664013
vt -10.88082981 9.76336479
vt -11.45351028 9.76336479
vt -10.88082981 9.20009136
vt -11.45351028 9.20009136
vt -10.88082981 8.63681602
vt -11.45351028 8.63681602
vt -10.88082981 8.07353973
vt -11.45351028 8.07353973
vt -10.88082981 7.51026487
vt -11.45351028 7.51026487
vt -10.88082981 6.94699001
vt -11.45351028 6.94699001
vt -10.88082981 6.38371515
vt -11.45351028 6.38371515
vt -10.88082981 5.82043982
vt -11.45351028 5.82043982
vt -10.88082981 5.25716496
vt -11.45351028 5.25716496
vt -10.88082981 4.69389009
vt -11.45351028 4.69389009
vt -10.88082981 4.13061523
vt -11.45351028 4.13061523
vt -10.88082981 3.56733990
vt -11.45351028 3.56733990
vt -11.45351028 3.00188589
vt -12.02618027 3.00207901
vt -12.02618027 2.25174689
vt -12.59885979 2.25187302
vt -12.59885979 1.49952304
vt -12.99256992 1.49947798
vt -12.59885979 0.75117803
vt -12.99256992 0.75115901
vt -12.40116024 0.00000000
vt -13.50090981 0.00000000
vt -13.38628960 0.75114000
vt -13.77999973 0.75112098
vt -13.77999973 1.49938798
vt -14.17372036 1.49934304
vt -13.77999973 2.25213504
vt -14.17372036 2.25222206
vt -13.77999973 3.00267005
vt -14.17372036 3.00280309
vt -13.77999973 3.56733990
vt -14.17372036 3.56733990
vt -14.17372036 4.13061523
vt -14.56742954 4.13061523
vt -14.56742954 4.69389009
vt -14.96115017 4.69389009
vt -14.96115017 5.25716496
vt -15.35486031 5.25716496
vt -15.35486031 5.82043982
vt -15.74857044 5.82043982
vt -15.74857044 6.38371515
vt -16.17807961 6.38371515
vt -16.17807961 6.94699001
vt -16.60758972 6.94699001
vt -16.60758972 7.51026487
vt -16.96953011 7.51026487
vt -16.96953011 8.07353973
vt -17.33147049 8.07353973
vt -17.33147049 8.63681602
vt -17.51243019 8.63681602
vt -17.51243019 9.20009136
vt -17.69339943 9.20009136
vt -17.69339943 9.76336479
vt -17.87437057 9.76336479
vt -17.87437057 10.32664013
vt -18.02404022 9.75300503
vt -18.03500938 10.50685024
vt -17.87437057 10.88992023
vt -18.04545021 11.26074982
vt -17.87437057 11.45318985
vt -18.05533981 12.01581955
vt -17.54136086 12.01624012
vt -17.69339943 11.45318985
vt -17.51243019 11.45318985
vt -17.51243019 10.88992023
vt -17.33147049 10.88992023
vt -17.33147049 10.32664013
vt -16.96953011 10.32664013
vt -16.96953011 9.76336479
vt -16.60758972 9.76336479
vt -16.60758972 9.20009136
vt -16.17807961 9.20009136
vt -16.17807961 8.63681602
vt -15.74857044 8.63681602
vt -15.74857044 8.07353973
vt -15.35486031 8.07353973
vt -15.35486031 7.51026487
vt -14.96115017 7.51026487
vt -14.96115017 6.94699001
vt -14.56742954 6.94699001
vt -14.56742954 6.38371515
vt -14.17372036 6.38371515
vt -14.17372036 5.82043982
vt -13.77999973 5.82043982
vt -13.77999973 5.25716496
vt -13.38628960 5.25716496
vt -13.38628960 4.69389009
vt -12.99256992 4.69389009
vt -12.99256992 4.13061523
vt -12.59885979 4.13061523
vt -12.59885979 3.56733990
vt -12.02618027 3.56733990
vt -12.59885979 3.00227189
vt -11.88747025 12.01624966
vt -12.02618027 11.45318985
vt -12.02618027 10.88992023
vt -12.02618027 10.32664013
vt -12.02618027 9.76336479
vt -12.02618027 9.20009136
vt -12.02618027 8.63681602
vt -12.02618027 8.07353973
vt -12.02618027 7.51026487
vt -12.02618027 6.94699001
vt -12.02618027 6.38371515
vt -12.02618027 5.82043982
vt -12.02618027 5.25716496
vt -12.02618027 4.69389009
vt -12.02618027 4.13061523
vt -12.40145969 12.01626015
vt -12.59885979 11.45318985
vt -12.59885979 10.88992023
vt -12.59885979 10.32664013
vt -12.59885979 9.76336479
vt -12.59885979 9.20009136
vt -12.59885979 8.63681602
vt -12.59885979 8.07353973
vt -12.59885979 7.51026487
vt -12.59885979 6.94699001
vt -12.59885979 6.38371515
vt -12.59885979 5.82043982
vt -12.59885979 5.25716496
vt -12.59885979 4.69389009
vt -12.91543961 12.01628017
vt -12.99256992 11.45318985
vt -12.99256992 10.88992023
vt -12.99256992 10.32664013
vt -12.99256992 9.76336479
vt -12.99256992 9.20009136
vt -12.99256992 8.63681602
vt -12.99256992 8.07353973
vt -12.99256992 7.51026487
vt -12.99256992 6.94699001
vt -12.99256992 6.38371515
vt -12.99256992 5.82043982
vt -12.99256992 5.25716496
vt -13.42943954 12.01626968
vt -13.38628960 11.45318985
vt -13.38628960 10.88992023
vt -13.38628960 10.32664013
vt -13.38628960 9.76336479
vt -13.38628960 9.20009136
vt -13.38628960 8.63681602
vt -13.38628960 8.07353973
vt -13.38628960 7.51026487
vt -13.38628960 6.94699001
vt -13.38628960 6.38371515
vt -13.38628960 5.82043982
vt -13.77999973 11.45318985
vt -13.94344044 12.01626968
vt -14.17372036 11.45318985
vt -14.45744038 12.01626015
vt -14.56742954 11.45318985
vt -14.97140980 12.01634979
vt -14.96115017 11.45318985
vt -15.35486031 11.45318985
vt -14.96115017 10.88992023
vt -15.35486031 10.88992023
vt -14.96115017 10.32664013
vt -15.35486031 10.32664013
vt -14.96115017 9.76336479
vt -15.35486031 9.76336479
vt -14.96115017 9.20009136
vt -15.35486031 9.20009136
vt -14.96115017 8.63681602
vt -15.35486031 8.63681602
vt -14.96115017 8.07353973
vt -15.48536968 12.01646042
vt -15.74857044 11.45318985
vt -15.74857044 10.88992023
vt -15.74857044 10.32664013
vt -15.74857044 9.76336479
vt -15.74857044 9.20009136
vt -15.99936962 12.01632977
vt -16.17807961 11.45318985
vt -16.17807961 10.88992023
vt -16.17807961 10.32664013
vt -16.17807961 9.76336479
vt -16.51337051 12.01622963
vt -16.60758972 11.45318985
vt -16.60758972 10.88992023
vt -16.60758972 10.32664013
vt -17.02737045 12.01626968
vt -16.96953011 11.45318985
vt -16.96953011 10.88992023
vt -17.33147049 11.45318985
vt -17.87437057 9.20009136
vt -18.01262093 8.99806404
vt -17.87437057 8.63681602
vt -18.00086975 8.24343300
vt -17.87437057 8.07353973
vt -17.98893929 7.49106598
vt -17.87437057 7.51026487
vt -17.87437057 6.94699001
vt -17.69339943 6.94699001
vt -17.69339943 6.38371515
vt -17.51243019 6.38371515
vt -17.51243019 5.82043982
vt -17.33147049 5.82043982
vt -17.33147049 5.25716496
vt -16.96953011 5.25716496
vt -16.96953011 4.69389009
vt -16.60758972 4.69389009
vt -16.60758972 4.13061523
vt -16.17807961 4.13061523
vt -16.17807961 3.56733990
vt -15.74857044 3.56733990
vt -16.17807961 3.00347805
vt -15.74857044 3.00333309
vt -16.17807961 2.25266504
vt -15.74857044 2.25256991
vt -16.17807961 1.49911499
vt -15.74857044 1.49916399
vt -15.74857044 0.75102699
vt -15.35486031 0.75104600
vt -15.70040989 0.00000000
vt -15.15054035 0.00000000
vt -17.97693062 6.73972607
vt -17.87437057 6.38371515
vt -17.96489906 5.98806715
vt -17.87437057 5.82043982
vt -17.95294952 5.23732710
vt -17.87437057 5.25716496
vt -17.87437057 4.69389009
vt -17.69339943 4.69389009
vt -17.69339943 4.13061523
vt -17.51243019 4.13061523
vt -17.51243019 3.56733990
vt -17.33147049 3.56733990
vt -17.33147049 3.00386691
vt -16.96953011 3.56733990
vt -16.96953011 3.00374508
vt -16.60758972 3.56733990
vt -16.60758972 3.00362301
vt -17.94125938 4.48881292
vt -17.87437057 4.13061523
vt -17.69339943 3.56733990
vt -17.51243019 3.00392795
vt -17.51243019 2.25295997
vt -17.33147049 2.25291991
vt -17.51243019 1.49896300
vt -17.33147049 1.49898303
vt -17.33147049 0.75095099
vt -16.96953011 0.75096798
vt -17.07509995 0.00000000
vt -16.80015945 0.00000000
vt -17.93017006 3.74129105
vt -17.87437057 3.56733990
vt -17.69339943 3.00398898
vt -17.69339943 2.25300002
vt -17.69339943 1.49894202
vt -17.51243019 0.75094199
vt -17.35004044 0.00000000
vt -17.92020035 2.99333906
vt -17.87437057 3.00405002
vt -17.87437057 2.25304008
vt -17.87437057 1.49892104
vt -17.69339943 0.75093299
vt -17.62496948 0.00000000
vt -17.91179085 2.24578404
vt -17.90538979 1.49891806
vt -17.87437057 0.75092500
vt -17.90131950 0.75092399
vt -17.76243973 0.00000000
vt -17.89990997 0.00000000
vt -16.60758972 0.75098598
vt -16.52522087 0.00000000
vt -16.17807961 0.75100601
vt -16.25028992 0.00000000
vt -14.96115017 0.75106400
vt -14.60066032 0.00000000
vt -14.56742954 0.75108302
vt -14.17372036 0.75110197
vt -14.56742954 1.49929798
vt -12.02618027 0.75120503
vt -11.30140972 0.00000000
vt -11.45351028 0.75123298
vt -10.88082981 0.75125998
vt -11.45351028 1.49965298
vt -10.88082981 1.49971902
vt -10.88082981 2.25149298
vt -10.30815983 2.25136709
vt -10.30815983 3.00149989
vt -9.73548317 3.00130701
vt -10.30815983 3.56733990
vt -9.73548317 3.56733990
vt -10.30815983 4.13061523
vt -9.73548317 4.13061523
vt -10.30815983 4.69389009
vt -9.73548317 4.69389009
vt -10.30815983 5.25716496
vt -9.73548317 5.25716496
vt -10.30815983 5.82043982
vt -9.73548317 5.82043982
vt -10.30815983 6.38371515
vt -9.73548317 6.38371515
vt -10.30815983 6.94699001
vt -9.73548317 6.94699001
vt -10.30815983 7.51026487
vt -9.73548317 7.51026487
vt -10.30815983 8.07353973
vt -9.73548317 8.07353973
vt -10.30815983 8.63681602
vt -9.73548317 8.63681602
vt -10.30815983 9.20009136
vt -9.73548317 9.20009136
vt -10.30815983 9.76336479
vt -9.73548317 9.76336479
vt -10.30815983 10.32664013
vt -10.30815983 0.75128800
vt -9.10191441 0.00000000
vt -9.73548317 0.75131500
vt -9.16280842 0.75134200
vt -9.73548317 1.49984896
vt -9.16280842 1.49991500
vt -9.16280842 2.25111294
vt -8.59013081 2.25098705
vt -8.59013081 3.00092101
vt -8.01745701 3.00072789
vt -8.59013081 3.56733990
vt -8.01745701 3.56733990
vt -8.59013081 4.13061523
vt -8.01745701 4.13061523
vt -8.59013081 4.69389009
vt -8.01745701 4.69389009
vt -8.59013081 5.25716496
vt -8.01745701 5.25716496
vt -8.59013081 5.82043982
vt -8.01745701 5.82043982
vt -8.59013081 6.38371515
vt -8.01745701 6.38371515
vt -8.59013081 6.94699001
vt -8.01745701 6.94699001
vt -8.59013081 7.51026487
vt -8.01745701 7.51026487
vt -8.59013081 8.07353973
vt -8.01745701 8.07353973
vt -8.59013081 8.63681602
vt -8.59013081 0.75137001
vt -8.00216293 0.00000000
vt -8.01745701 0.75139701
vt -7.44477987 0.75142503
vt -8.01745701 1.50004494
vt -7.44477987 1.50011098
vt -7.44477987 2.25073290
vt -6.29942989 2.25047994
vt -6.29942989 3.00014901
vt -5.72675419 2.99995589
vt -5.72675419 3.56733990
vt -5.15407896 3.56733990
vt -5.72675419 4.13061523
vt -5.15407896 4.13061523
vt -5.72675419 4.69389009
vt -5.15407896 4.69389009
vt -5.72675419 5.25716496
vt -5.15407896 5.25716496
vt -5.72675419 5.82043982
vt -5.15407896 5.82043982
vt -5.72675419 6.38371515
vt -6.90241289 0.00000000
vt -6.29942989 0.75147998
vt -6.29942989 1.50024104
vt -5.72675419 2.25035310
vt -5.15407896 2.99976301
vt -4.58140278 3.56733990
vt -4.58140278 4.13061523
vt -4.58140278 4.69389009
vt -4.58140278 5.25716496
vt -5.80266380 0.00000000
vt -5.72675419 0.75150698
vt -5.72675419 1.50030601
vt -5.15407896 2.25022697
vt -4.58140278 2.99956989
vt -4.00872803 3.56733990
vt -4.00872803 4.13061523
vt -4.00872803 4.69389009
vt -5.25278902 0.00000000
vt -5.15407896 0.75153500
vt -5.15407896 1.50037205
vt -4.58140278 2.25009990
vt -4.00872803 2.99937701
vt -3.43605304 3.56733990
vt -3.43605304 4.13061523
vt -4.70291424 0.00000000
vt -4.58140278 0.75156200
vt -4.58140278 1.50043702
vt -4.00872803 2.24997306
vt -3.43605304 2.99918389
vt -2.86337709 3.56733990
vt -4.15303898 0.00000000
vt -4.00872803 0.75159001
vt -4.00872803 1.50050199
vt -3.43605304 2.24984694
vt -2.86337709 2.99899101
vt -3.60316396 0.00000000
vt -3.43605304 0.75161701
vt -3.43605304 1.50056803
vt -2.86337709 2.24972010
vt -3.05328894 0.00000000
vt -2.86337709 0.75164402
vt -2.86337709 1.50063300
vt -2.50341511 0.00000000
vt -2.29070210 0.75167203
vt -0.95564097 1.50085104
vt -1.33683395 1.50080705
vt -0.95564097 2.24929810
vt -8.59013081 1.49997997
vt -8.01745701 2.25085998
vt -7.44477987 3.00053501
vt -7.44477987 3.56733990
vt -6.29942989 3.56733990
vt -7.44477987 4.13061523
vt -6.29942989 4.13061523
vt -7.44477987 4.69389009
vt -6.29942989 4.69389009
vt -7.44477987 5.25716496
vt -6.29942989 5.25716496
vt -7.44477987 5.82043982
vt -6.29942989 5.82043982
vt -7.44477987 6.38371515
vt -6.29942989 6.38371515
vt -7.44477987 6.94699001
vt -6.29942989 6.94699001
vt -7.44477987 7.51026487
vt -10.30815983 1.49978399
vt -9.73548317 2.25124002
vt -9.16280842 3.00111389
vt -9.16280842 3.56733990
vt -9.16280842 4.13061523
vt -9.16280842 4.69389009
vt -9.16280842 5.25716496
vt -9.16280842 5.82043982
vt -9.16280842 6.38371515
vt -9.16280842 6.94699001
vt -9.16280842 7.51026487
vt -9.16280842 8.07353973
vt -9.16280842 8.63681602
vt -9.16280842 9.20009136
vt -12.02618027 1.49958801
vt -11.45351028 2.25162005
vt -10.88082981 3.00169301
vt -13.38628960 1.49943304
vt -12.99256992 2.25196099
vt -14.96115017 1.49925303
vt -14.56742954 2.25230908
vt -15.35486031 1.49920905
vt -14.96115017 2.25239611
vt -14.56742954 3.00293493
vt -16.60758972 1.49906600
vt -16.96953011 1.49902403
vt -1.33683395 2.24938202
vt -13.38628960 2.25204802
vt -13.38628960 3.00253701
vt -13.38628960 3.56733990
vt -13.77999973 4.13061523
vt -14.17372036 4.69389009
vt -14.56742954 5.25716496
vt -14.96115017 5.82043982
vt -15.35486031 6.38371515
vt -15.74857044 6.94699001
vt -16.17807961 7.51026487
vt -16.60758972 8.07353973
vt -16.96953011 8.63681602
vt -17.33147049 9.20009136
vt -17.51243019 9.76336479
vt -17.69339943 10.32664013
vt -15.35486031 2.25248289
vt -15.35486031 3.00320101
vt -15.35486031 3.56733990
vt -15.74857044 4.13061523
vt -16.17807961 4.69389009
vt -16.60758972 5.25716496
vt -16.96953011 5.82043982
vt -17.33147049 6.38371515
vt -17.51243019 6.94699001
vt -17.69339943 7.51026487
vt -16.60758972 2.25275993
vt -16.96953011 2.25284004
vt -12.99256992 3.00240493
vt -14.96115017 3.00306797
vt -14.56742954 3.56733990
vt -12.99256992 3.56733990
vt -13.38628960 4.13061523
vt -13.77999973 4.69389009
vt -14.17372036 5.25716496
vt -14.56742954 5.82043982
vt -14.96115017 6.38371515
vt -15.35486031 6.94699001
vt -15.74857044 7.51026487
vt -16.17807961 8.07353973
vt -16.60758972 8.63681602
vt -16.96953011 9.20009136
vt -17.33147049 9.76336479
vt -17.51243019 10.32664013
vt -17.69339943 10.88992023
vt -14.96115017 3.56733990
vt -15.35486031 4.13061523
vt -15.74857044 4.69389009
vt -16.17807961 5.25716496
vt -16.60758972 5.82043982
vt -16.96953011 6.38371515
vt -17.33147049 6.94699001
vt -17.51243019 7.51026487
vt -17.69339943 8.07353973
vt -1.33683395 4.13061523
vt -1.71802604 4.13061523
vt -14.96115017 4.13061523
vt -16.96953011 4.13061523
vt -17.33147049 4.13061523
vt -1.71802604 4.69389009
vt -2.29070210 4.69389009
vt -15.35486031 4.69389009
vt -15.74857044 5.25716496
vt -16.17807961 5.82043982
vt -16.60758972 6.38371515
vt -16.96953011 6.94699001
vt -17.33147049 7.51026487
vt -17.51243019 8.07353973
vt -17.69339943 8.63681602
vt -17.33147049 4.69389009
vt -17.51243019 4.69389009
vt -2.29070210 5.25716496
vt -2.86337709 5.25716496
vt -17.51243019 5.25716496
vt -17.69339943 5.25716496
vt -2.86337709 5.82043982
vt -3.43605304 5.82043982
vt -17.69339943 5.82043982
vt -0.95564097 6.38371515
vt -1.33683395 6.94699001
vt -1.71802604 7.51026487
vt -2.29070210 8.07353973
vt -2.86337709 8.63681602
vt -3.43605304 9.20009136
vt -4.00872803 9.76336479
vt -4.58140278 10.32664013
vt -0.95564097 6.94699001
vt -0.95564097 7.51026487
vt -3.43605304 6.38371515
vt -4.00872803 6.38371515
vt -4.00872803 6.94699001
vt -4.58140278 6.94699001
vt -5.15407896 7.51026487
vt -5.72675419 8.07353973
vt -6.29942989 8.63681602
vt -7.44477987 9.20009136
vt -8.01745701 9.76336479
vt -8.59013081 10.32664013
vt -9.16280842 10.88992023
vt -13.77999973 6.38371515
vt -13.77999973 6.94699001
vt -13.77999973 7.51026487
vt -13.77999973 8.07353973
vt -13.77999973 8.63681602
vt -13.77999973 9.20009136
vt -13.77999973 9.76336479
vt -13.77999973 10.32664013
vt -13.77999973 10.88992023
vt -14.17372036 6.94699001
vt -14.56742954 7.51026487
vt -1.33683395 7.51026487
vt -1.71802604 8.07353973
vt -2.29070210 8.63681602
vt -2.86337709 9.20009136
vt -3.43605304 9.76336479
vt -4.00872803 10.32664013
vt -4.58140278 10.88992023
vt -4.58140278 7.51026487
vt -14.17372036 7.51026487
vt -14.17372036 8.07353973
vt -14.17372036 8.63681602
vt -14.17372036 9.20009136
vt -14.17372036 9.76336479
vt -14.17372036 10.32664013
vt -14.17372036 10.88992023
vt -1.33683395 8.07353973
vt -5.15407896 8.07353973
vt -5.72675419 8.63681602
vt -6.29942989 9.20009136
vt -7.44477987 9.76336479
vt -8.01745701 10.32664013
vt -8.59013081 10.88992023
vt -14.56742954 8.07353973
vt -1.71802604 8.63681602
vt -2.29070210 9.20009136
vt -2.86337709 9.76336479
vt -3.43605304 10.32664013
vt -4.00872803 10.88992023
vt -14.56742954 8.63681602
vt -14.56742954 9.20009136
vt -14.56742954 9.76336479
vt -14.56742954 10.32664013
vt -14.56742954 10.88992023
vt -0.95564097 10.88992023
vt -5.30376387 2.03033710
vt -6.06144905 2.03033710
vt -5.30376816 1.60324204
vt -6.06144905 1.14163196
vt -5.30376816 1.52275300
vt -5.30376816 1.11436701
vt -4.54608679 1.11436701
vt -4.54608679 1.01516902
vt -3.78840494 1.01516902
vt -3.78840494 0.80428803
vt -3.03072405 0.80428803
vt -3.03072405 0.59340698
vt -2.27304292 0.59340698
vt -2.27304292 0.50758398
vt -1.51536202 0.50758398
vt -2.27340508 0.24724600
vt -1.51585698 0.24619000
vt -6.06144905 0.25282800
vt -5.30376816 0.59340698
vt -5.30376816 0.80428803
vt -5.30376816 1.01516902
vt -4.54608679 0.80428803
vt -5.30376816 0.50758398
vt -5.30315304 0.25160101
vt -4.54548693 0.25041899
vt -3.78813100 0.24932700
vt -3.78840494 0.50758398
vt -4.54608679 0.50758398
vt -3.03072405 0.50758398
vt -3.03078294 0.24828491
vt -0.75807101 0.24513300
vt -0.75768101 0.50758398
vt -1.51536202 0.59340698
vt -0.75768101 0.59340698
vt -1.51536202 0.80428803
vt -0.75768101 0.80428803
vt -1.51536202 1.01516902
vt -0.75768101 1.01516902
vt -1.51536202 1.11436701
vt -0.75768101 1.11436701
vt -1.51536202 1.52275300
vt -0.75768101 1.52275300
vt -1.51536202 1.60324204
vt -0.75768101 1.60324204
vt -1.51535296 2.03033710
vt -0.75767201 2.03033710
vt 0.00000000 2.03033710
vt 0.00000000 1.52275300
vt 0.00000000 0.24409500
vt 0.00000000 0.50758398
vt 0.00000000 1.01516902
vt -2.27303410 2.03033710
vt -2.27304292 1.60324204
vt -2.27304292 1.52275300
vt -2.27304292 1.11436701
vt -2.27304292 1.01516902
vt -2.27304292 0.80428803
vt -3.03071594 2.03033710
vt -3.03072405 1.60324204
vt -3.03072405 1.52275300
vt -3.03072405 1.11436701
vt -3.03072405 1.01516902
vt -3.78839803 2.03033710
vt -3.78840494 1.60324204
vt -3.78840494 1.52275300
vt -3.78840494 1.11436701
vt -4.54608107 2.03033710
vt -4.54608679 1.60324204
vt -4.54608679 1.52275300
vt -3.78840494 0.59340698
vt -4.54608679 0.59340698
vt 0.75768101 2.03033710
vt 0.00000000 2.03033710
vt 0.75768101 1.60324204
vt 0.00000000 1.52275300
vt 0.75768101 1.52275300
vt 0.75768101 1.11436701
vt 1.51536202 1.11436701
vt 1.51536202 1.01516902
vt 2.27304292 1.01516902
vt 2.27304292 0.80428803
vt 3.03072405 0.80428803
vt 3.03072405 0.59340698
vt 3.78840494 0.59340698
vt 3.78840494 0.50758398
vt 4.54608679 0.50758398
vt 4.54555178 0.25041899
vt 5.30318689 0.25160101
vt 0.00000000 1.01516902
vt 0.75768101 1.01516902
vt 1.51536202 0.80428803
vt 2.27304292 0.59340698
vt 3.03072405 0.50758398
vt 3.78821492 0.24932700
vt 0.75768101 0.80428803
vt 0.00000000 0.50758398
vt 0.75768101 0.59340698
vt 0.75768101 0.50758398
vt 1.51536202 0.50758398
vt 1.51591599 0.24619000
vt 2.27348804 0.24724600
vt 0.00000000 0.24409500
vt 0.75810301 0.24513300
vt 2.27304292 0.50758398
vt 3.03087592 0.24828491
vt 5.30376816 0.50758398
vt 6.06144905 0.25282899
vt 6.06144905 0.69720602
vt 6.06144905 1.14158297
vt 5.30376816 0.80428803
vt 5.30376816 0.59340698
vt 4.54608679 0.59340698
vt 6.06144905 1.58596003
vt 5.30376816 1.52275300
vt 5.30376816 1.11436701
vt 5.30376816 1.01516902
vt 4.54608679 1.11436701
vt 4.54608679 1.01516902
vt 3.78840494 1.11436701
vt 3.78840494 1.01516902
vt 3.03072405 1.11436701
vt 3.03072405 1.01516902
vt 2.27304292 1.11436701
vt 5.30376816 1.60324204
vt 6.06144905 2.03033710
vt 5.30376816 2.03033710
vt 4.54608679 2.03033710
vt 4.54608679 1.60324204
vt 4.54608679 1.52275300
vt 3.78840494 2.03033710
vt 3.78840494 1.60324204
vt 3.78840494 1.52275300
vt 3.03072405 2.03033710
vt 3.03072405 1.60324204
vt 3.03072405 1.52275300
vt 2.27304292 2.03033710
vt 2.27304292 1.60324204
vt 2.27304292 1.52275300
vt 1.51536202 2.03033710
vt 1.51536202 1.60324204
vt 1.51536202 1.52275300
vt 1.51536202 0.59340698
vt 3.78840494 0.80428803
vt 4.54608679 0.80428803
vt 25.02675056 0.00000000
vt 25.83407021 0.00000100
vt 25.21772957 0.44386399
vt 25.85581017 0.88899601
vt 25.21772957 0.88896501
vt 25.21772957 1.33159196
vt 24.48061943 1.33159196
vt 24.48061943 1.77757299
vt 23.72842026 1.77750802
vt 23.72842026 2.33028603
vt 22.97621918 2.33028603
vt 22.97621918 2.88511610
vt 22.15563965 2.88511610
vt 22.15563965 3.43994594
vt 21.64278030 3.43994594
vt 21.64278030 3.99477601
vt 21.12991905 3.99477601
vt 21.12991905 4.54960585
vt 20.61705971 4.54960585
vt 20.61705971 4.82702112
vt 20.10420036 4.82702112
vt 20.10420036 5.10443592
vt 19.59132957 5.10443592
vt 19.59132957 5.38185120
vt 19.07847023 5.38185120
vt 19.07847023 5.65926600
vt 18.56561089 5.65926600
vt 18.56561089 6.21468115
vt 18.05274963 6.21466494
vt 17.84395981 7.10182381
vt 17.43841934 7.10182381
vt 25.87528038 1.77769303
vt 25.21772957 1.77763605
vt 24.48061943 2.33028603
vt 23.72842026 2.88511610
vt 22.97621918 3.43994594
vt 22.15563965 3.99477601
vt 21.64278030 4.54960585
vt 21.12991905 4.82702112
vt 20.61705971 5.10443592
vt 20.10420036 5.38185120
vt 19.59132957 5.65926600
vt 19.07847023 6.21469784
vt 18.65505028 7.10182381
vt 18.24950027 7.10182381
vt 25.21772957 2.33028603
vt 25.89265060 2.66597795
vt 25.21772957 2.88511610
vt 25.90810013 3.55376196
vt 25.21772957 3.43994594
vt 25.21772957 3.99477601
vt 24.48061943 3.99477601
vt 24.48061943 4.54960585
vt 23.72842026 4.54960585
vt 23.72842026 4.82702112
vt 22.97621918 4.82702112
vt 22.97621918 5.10443592
vt 22.15563965 5.10443592
vt 22.15563965 5.38185120
vt 21.64278030 5.38185120
vt 21.64278030 5.65926600
vt 21.12991905 5.65926600
vt 21.12991905 6.21476221
vt 20.61705971 6.21474600
vt 20.27722931 7.10182381
vt 19.87167931 7.10182381
vt 25.92184067 4.44109488
vt 25.21772957 4.54960585
vt 24.48061943 4.82702112
vt 23.72842026 5.10443592
vt 22.97621918 5.38185120
vt 22.15563965 5.65926600
vt 21.64278030 6.21477795
vt 21.08831978 7.10182381
vt 25.21772957 4.82702112
vt 25.93407059 5.32807684
vt 25.21772957 5.10443592
vt 25.21772957 5.38185120
vt 24.48061943 5.38185120
vt 24.48061943 5.65926600
vt 23.72842026 5.65926600
vt 23.72842026 6.21484423
vt 22.97621918 6.21482086
vt 22.71050072 7.10182381
vt 21.89941025 7.10182381
vt 25.21772957 5.65926600
vt 25.94500923 6.21491385
vt 25.21772957 6.21489096
vt 25.95484924 7.10182381
vt 24.33267021 7.10182381
vt 24.48061943 6.21486807
vt 23.52158928 7.10182381
vt 22.15563965 6.21479511
vt 20.10420036 6.21472979
vt 19.46614075 7.10182381
vt 19.59132957 6.21471405
vt 19.06060028 7.10182381
vt 17.64245987 6.21465206
vt 17.03286934 7.10182381
vt 17.23217010 6.21463919
vt 16.62733078 7.10182381
vt 16.82188034 6.21462584
vt 16.22178078 7.10182381
vt 16.41159058 6.21461296
vt 15.81624031 7.10182381
vt 16.00130081 6.21460009
vt 15.41069031 7.10182381
vt 15.59101009 6.21458721
vt 15.00514984 7.10182381
vt 15.18072033 6.21457481
vt 14.59959984 7.10182381
vt 14.77042961 6.21456194
vt 13.78851032 7.10182381
vt 13.94985008 6.21453619
vt 12.97743034 7.10182381
vt 13.12926960 6.21450996
vt 12.53092957 6.21449089
vt 13.12926960 5.65926600
vt 12.53092957 5.65926600
vt 13.12926960 5.38185120
vt 12.53092957 5.38185120
vt 13.12926960 5.10443592
vt 12.53092957 5.10443592
vt 13.12926960 4.82702112
vt 12.53092957 4.82702112
vt 13.12926960 4.54960585
vt 12.53092957 4.54960585
vt 13.12926960 3.99477601
vt 12.53092957 3.99477601
vt 13.12926960 3.43994594
vt 12.53092957 3.43994594
vt 13.12926960 2.88511610
vt 12.53092957 2.88511610
vt 13.12926960 2.33028603
vt 12.53092957 2.33028603
vt 13.12926960 1.77658999
vt 12.53092957 1.77653897
vt 13.12926960 1.33159196
vt 12.53092957 1.33159196
vt 13.12926960 0.88837099
vt 12.53092957 0.88834202
vt 13.12926960 0.44386399
vt 12.53092957 0.44386399
vt 13.72434998 0.00000000
vt 12.91703033 0.00000000
vt 11.93258953 0.44386399
vt 12.10972023 0.00000000
vt 11.30239964 0.00000000
vt 10.73591042 0.44386399
vt 9.68777370 0.00000000
vt 9.53923607 0.44386399
vt 8.34255600 0.44386399
vt 8.34255600 0.88813603
vt 7.14587784 0.88807702
vt 7.14587784 1.33159196
vt 5.94920015 1.33159196
vt 5.94920015 1.77596903
vt 4.75252199 1.77586603
vt 4.75252199 2.33028603
vt 3.55584407 2.33028603
vt 3.55584407 2.88511610
vt 2.46173811 2.88511610
vt 2.46173811 3.43994594
vt 1.64115906 3.43994594
vt 1.64115906 3.99477601
vt 0.82057899 3.99477601
vt 0.82057899 4.54960585
vt 0.00000000 4.43863916
vt 0.82057899 4.82702112
vt 0.00000000 5.32636690
vt 0.82057899 5.10443592
vt 0.82057899 5.38185120
vt 1.64115906 5.10443592
vt 1.64115906 5.38185120
vt 2.46173811 5.10443592
vt 2.46173811 5.38185120
vt 3.55584407 5.10443592
vt 3.55584407 5.38185120
vt 4.75252199 5.10443592
vt 4.75252199 5.38185120
vt 5.94920015 5.10443592
vt 5.94920015 5.38185120
vt 7.14587784 5.10443592
vt 7.14587784 5.38185120
vt 8.34255600 5.10443592
vt 8.34255600 5.38185120
vt 9.53923607 5.10443592
vt 9.53923607 5.38185120
vt 10.73591042 5.10443592
vt 10.73591042 5.38185120
vt 11.93258953 5.10443592
vt 11.93258953 5.38185120
vt 12.16633987 7.10182381
vt 11.93258953 6.21447182
vt 11.93258953 5.65926600
vt 11.35525036 7.10182381
vt 10.73591042 6.21443415
vt 10.73591042 5.65926600
vt 10.54415989 7.10182381
vt 9.73307037 7.10182381
vt 9.53923607 6.21439695
vt 8.92197990 7.10182381
vt 8.34255600 6.21435881
vt 8.11089230 7.10182381
vt 7.14587784 6.21432114
vt 6.48871279 7.10182381
vt 5.94920015 6.21428299
vt 4.86653519 7.10182381
vt 4.75252199 6.21424484
vt 3.55584407 6.21420813
vt 4.75252199 5.65926600
vt 3.55584407 5.65926600
vt 3.24435592 7.10182381
vt 2.46173811 6.21417284
vt 2.46173811 5.65926600
vt 2.43326712 7.10182381
vt 1.64115906 6.21414709
vt 1.64115906 5.65926600
vt 1.62217796 7.10182381
vt 0.82057899 6.21412086
vt 0.82057899 5.65926600
vt 0.81108898 7.10182381
vt 0.00000000 6.21409512
vt 0.00000000 7.10182381
vt 0.00000000 3.55091095
vt 0.82057899 3.43994594
vt 1.64115906 2.88511610
vt 2.46173811 2.33028603
vt 3.55584407 1.77576196
vt 4.75252199 1.33159196
vt 5.94920015 0.88801903
vt 7.14587784 0.44386399
vt 8.07314491 0.00000000
vt 0.82057899 2.88511610
vt 0.00000000 2.66318297
vt 0.82057899 2.33028603
vt 0.00000000 1.77545404
vt 0.82057899 1.77552497
vt 0.82057899 1.33159196
vt 1.64115906 1.33159196
vt 1.64115906 0.88780701
vt 2.46173811 0.88784701
vt 2.46173811 0.44386399
vt 3.55584407 0.44386399
vt 3.22925806 0.00000000
vt 4.75252199 0.44386399
vt 6.45851612 0.00000000
vt 5.94920015 0.44386399
vt 0.00000000 0.88772601
vt 0.82057899 0.88776702
vt 1.64115906 0.44386399
vt 1.61462903 0.00000000
vt 0.82057899 0.44386399
vt 0.00000000 0.00000000
vt 0.80731499 0.00000000
vt 13.94985008 0.44386399
vt 14.53166008 0.00000000
vt 14.77042961 0.44386399
vt 15.33897972 0.00000000
vt 15.18072033 0.44386399
vt 16.14628983 0.00000000
vt 15.59101009 0.44386399
vt 16.00130081 0.44386399
vt 15.59101009 0.88849199
vt 16.00130081 0.88851202
vt 15.59101009 1.33159196
vt 16.00130081 1.33159196
vt 15.59101009 1.77680302
vt 16.00130081 1.77683902
vt 15.59101009 2.33028603
vt 16.00130081 2.33028603
vt 15.59101009 2.88511610
vt 16.00130081 2.88511610
vt 15.59101009 3.43994594
vt 16.00130081 3.43994594
vt 15.59101009 3.99477601
vt 16.00130081 3.99477601
vt 15.59101009 4.54960585
vt 16.00130081 4.54960585
vt 15.59101009 4.82702112
vt 16.00130081 4.82702112
vt 15.59101009 5.10443592
vt 16.00130081 5.10443592
vt 15.59101009 5.38185120
vt 16.00130081 5.38185120
vt 15.59101009 5.65926600
vt 16.00130081 5.65926600
vt 16.95360947 0.00000000
vt 16.41159058 0.44386399
vt 16.41159058 0.88853198
vt 16.41159058 1.33159196
vt 16.41159058 1.77687395
vt 16.41159058 2.33028603
vt 16.41159058 2.88511610
vt 16.41159058 3.43994594
vt 16.41159058 3.99477601
vt 16.41159058 4.54960585
vt 16.41159058 4.82702112
vt 16.41159058 5.10443592
vt 16.41159058 5.38185120
vt 16.41159058 5.65926600
vt 16.82188034 0.44386399
vt 17.76091957 0.00000000
vt 17.23217010 0.44386399
vt 17.64245987 0.44386399
vt 17.23217010 0.88857198
vt 17.64245987 0.88859302
vt 17.23217010 1.33159196
vt 17.64245987 1.33159196
vt 17.23217010 1.77694499
vt 17.64245987 1.77698100
vt 17.23217010 2.33028603
vt 17.64245987 2.33028603
vt 17.23217010 2.88511610
vt 17.64245987 2.88511610
vt 17.23217010 3.43994594
vt 17.64245987 3.43994594
vt 17.23217010 3.99477601
vt 17.64245987 3.99477601
vt 17.23217010 4.54960585
vt 17.64245987 4.54960585
vt 17.23217010 4.82702112
vt 17.64245987 4.82702112
vt 17.23217010 5.10443592
vt 17.64245987 5.10443592
vt 17.23217010 5.38185120
vt 17.64245987 5.38185120
vt 17.23217010 5.65926600
vt 17.64245987 5.65926600
vt 18.56822968 0.00000000
vt 18.05274963 0.44386399
vt 18.05274963 0.88861299
vt 18.05274963 1.33159196
vt 18.05274963 1.77701604
vt 18.05274963 2.33028603
vt 18.05274963 2.88511610
vt 18.05274963 3.43994594
vt 18.05274963 3.99477601
vt 18.05274963 4.54960585
vt 18.05274963 4.82702112
vt 18.05274963 5.10443592
vt 18.05274963 5.38185120
vt 18.05274963 5.65926600
vt 18.56561089 0.44386399
vt 19.37554932 0.00000000
vt 19.07847023 0.44386399
vt 20.18285942 0.00000000
vt 19.59132957 0.44386399
vt 20.10420036 0.44386399
vt 19.59132957 0.88868803
vt 20.10420036 0.88871300
vt 19.59132957 1.33159196
vt 20.10420036 1.33159196
vt 19.59132957 1.77715003
vt 20.10420036 1.77719402
vt 19.59132957 2.33028603
vt 20.10420036 2.33028603
vt 19.59132957 2.88511610
vt 20.10420036 2.88511610
vt 19.59132957 3.43994594
vt 20.10420036 3.43994594
vt 19.59132957 3.99477601
vt 20.10420036 3.99477601
vt 19.59132957 4.54960585
vt 20.10420036 4.54960585
vt 19.59132957 4.82702112
vt 20.99017906 0.00000000
vt 20.61705971 0.44386399
vt 20.61705971 0.88873899
vt 20.61705971 1.33159196
vt 20.61705971 1.77723801
vt 20.61705971 2.33028603
vt 20.61705971 2.88511610
vt 20.61705971 3.43994594
vt 20.61705971 3.99477601
vt 21.12991905 0.44386399
vt 21.79748917 0.00000000
vt 21.64278030 0.44386399
vt 22.15563965 0.44386399
vt 21.64278030 0.88878900
vt 22.15563965 0.88881397
vt 21.64278030 1.33159196
vt 22.15563965 1.33159196
vt 21.64278030 1.77732694
vt 22.15563965 1.77737105
vt 21.64278030 2.33028603
vt 22.15563965 2.33028603
vt 21.64278030 2.88511610
vt 22.60481071 0.00000000
vt 22.97621918 0.44386399
vt 22.97621918 0.88885403
vt 22.97621918 1.33159196
vt 22.97621918 1.77744198
vt 23.41212082 0.00000000
vt 23.72842026 0.44386399
vt 23.72842026 0.88889098
vt 23.72842026 1.33159196
vt 24.21944046 0.00000000
vt 24.48061943 0.44386399
vt 24.48061943 0.88892800
vt 21.12991905 0.88876402
vt 21.12991905 1.33159196
vt 21.12991905 1.77728295
vt 21.12991905 2.33028603
vt 21.12991905 2.88511610
vt 21.12991905 3.43994594
vt 19.07847023 0.88866299
vt 19.07847023 1.33159196
vt 19.07847023 1.77710497
vt 19.07847023 2.33028603
vt 19.07847023 2.88511610
vt 19.07847023 3.43994594
vt 19.07847023 3.99477601
vt 19.07847023 4.54960585
vt 19.07847023 4.82702112
vt 19.07847023 5.10443592
vt 18.56561089 0.88863802
vt 18.56561089 1.33159196
vt 18.56561089 1.77706099
vt 18.56561089 2.33028603
vt 18.56561089 2.88511610
vt 18.56561089 3.43994594
vt 18.56561089 3.99477601
vt 18.56561089 4.54960585
vt 18.56561089 4.82702112
vt 18.56561089 5.10443592
vt 18.56561089 5.38185120
vt 16.82188034 0.88855201
vt 16.82188034 1.33159196
vt 16.82188034 1.77690995
vt 16.82188034 2.33028603
vt 16.82188034 2.88511610
vt 16.82188034 3.43994594
vt 16.82188034 3.99477601
vt 16.82188034 4.54960585
vt 16.82188034 4.82702112
vt 16.82188034 5.10443592
vt 16.82188034 5.38185120
vt 16.82188034 5.65926600
vt 15.18072033 0.88847202
vt 15.18072033 1.33159196
vt 15.18072033 1.77676797
vt 15.18072033 2.33028603
vt 15.18072033 2.88511610
vt 15.18072033 3.43994594
vt 15.18072033 3.99477601
vt 15.18072033 4.54960585
vt 15.18072033 4.82702112
vt 15.18072033 5.10443592
vt 15.18072033 5.38185120
vt 15.18072033 5.65926600
vt 14.77042961 0.88845199
vt 14.77042961 1.33159196
vt 14.77042961 1.77673197
vt 14.77042961 2.33028603
vt 14.77042961 2.88511610
vt 14.77042961 3.43994594
vt 14.77042961 3.99477601
vt 14.77042961 4.54960585
vt 14.77042961 4.82702112
vt 14.77042961 5.10443592
vt 14.77042961 5.38185120
vt 14.77042961 5.65926600
vt 13.94985008 0.88841099
vt 13.94985008 1.33159196
vt 13.94985008 1.77666104
vt 13.94985008 2.33028603
vt 13.94985008 2.88511610
vt 13.94985008 3.43994594
vt 13.94985008 3.99477601
vt 13.94985008 4.54960585
vt 13.94985008 4.82702112
vt 13.94985008 5.10443592
vt 13.94985008 5.38185120
vt 13.94985008 5.65926600
vt 11.93258953 0.88831198
vt 11.93258953 1.33159196
vt 11.93258953 1.77648699
vt 11.93258953 2.33028603
vt 11.93258953 2.88511610
vt 11.93258953 3.43994594
vt 11.93258953 3.99477601
vt 11.93258953 4.54960585
vt 11.93258953 4.82702112
vt 10.73591042 0.88825399
vt 10.73591042 1.33159196
vt 10.73591042 1.77638304
vt 10.73591042 2.33028603
vt 10.73591042 2.88511610
vt 10.73591042 3.43994594
vt 10.73591042 3.99477601
vt 10.73591042 4.54960585
vt 10.73591042 4.82702112
vt 9.53923607 0.88819498
vt 9.53923607 1.33159196
vt 9.53923607 1.77628005
vt 9.53923607 2.33028603
vt 9.53923607 2.88511610
vt 9.53923607 3.43994594
vt 9.53923607 3.99477601
vt 9.53923607 4.54960585
vt 9.53923607 4.82702112
vt 4.75252199 0.88796002
vt 3.55584407 0.88790101
vt 3.55584407 1.33159196
vt 8.34255600 1.33159196
vt 7.14587784 1.77607298
vt 5.94920015 2.33028603
vt 4.75252199 2.88511610
vt 3.55584407 3.43994594
vt 2.46173811 3.99477601
vt 1.64115906 4.54960585
vt 8.34255600 1.77617598
vt 8.34255600 2.33028603
vt 8.34255600 2.88511610
vt 8.34255600 3.43994594
vt 8.34255600 3.99477601
vt 8.34255600 4.54960585
vt 8.34255600 4.82702112
vt 2.46173811 1.33159196
vt 1.64115906 1.77559602
vt 2.46173811 1.77566695
vt 24.48061943 2.88511610
vt 23.72842026 3.43994594
vt 22.97621918 3.99477601
vt 22.15563965 4.54960585
vt 21.64278030 4.82702112
vt 21.12991905 5.10443592
vt 20.61705971 5.38185120
vt 20.10420036 5.65926600
vt 7.14587784 2.33028603
vt 5.94920015 2.88511610
vt 4.75252199 3.43994594
vt 3.55584407 3.99477601
vt 2.46173811 4.54960585
vt 1.64115906 4.82702112
vt 7.14587784 2.88511610
vt 7.14587784 3.43994594
vt 7.14587784 3.99477601
vt 7.14587784 4.54960585
vt 7.14587784 4.82702112
vt 1.64115906 2.33028603
vt 24.48061943 3.43994594
vt 23.72842026 3.99477601
vt 22.97621918 4.54960585
vt 22.15563965 4.82702112
vt 21.64278030 5.10443592
vt 21.12991905 5.38185120
vt 20.61705971 5.65926600
vt 5.94920015 3.43994594
vt 4.75252199 3.99477601
vt 3.55584407 4.54960585
vt 2.46173811 4.82702112
vt 5.94920015 3.99477601
vt 5.94920015 4.54960585
vt 5.94920015 4.82702112
vt 4.75252199 4.54960585
vt 3.55584407 4.82702112
vt 4.75252199 4.82702112
vt 23.72842026 5.38185120
vt 24.48061943 5.10443592
vt 22.97621918 5.65926600
vt 9.53923607 5.65926600
vt 8.34255600 5.65926600
vt 7.14587784 5.65926600
vt 5.94920015 5.65926600
vt -24.33267975 7.10186195
vt -25.95490074 7.10180378
vt -25.21777916 6.21487808
vt -25.94506073 6.21490002
vt -25.21777916 5.65928411
vt -25.93412018 5.32805490
vt -25.21777916 5.38186693
vt -25.21777916 5.10445118
vt -24.48065948 5.10445118
vt -24.48065948 4.82703495
vt -23.72846031 4.82703495
vt -23.72846031 4.54961777
vt -22.97627068 4.54961777
vt -22.97627068 3.99478507
vt -22.15567970 3.99478507
vt -22.15567970 3.43995309
vt -21.64282036 3.43995309
vt -21.64282036 2.88511992
vt -21.12995911 2.88511992
vt -21.12995911 2.33028698
vt -20.61709023 2.33028698
vt -21.12995911 1.77726495
vt -20.61709023 1.77722096
vt -21.12995911 1.33159101
vt -20.61709023 1.33159101
vt -21.12995911 0.88875502
vt -20.61709023 0.88872999
vt -21.12995911 0.44386399
vt -20.61709023 0.44386399
vt -20.99021912 0.00000000
vt -20.18289948 0.00000000
vt -25.21777916 4.82703495
vt -25.92188072 4.44107008
vt -25.21777916 4.54961777
vt -25.21777916 3.99478507
vt -24.48065948 3.99478507
vt -24.48065948 3.43995309
vt -23.72846031 3.43995309
vt -23.72846031 2.88511992
vt -22.97627068 2.88511992
vt -22.97627068 2.33028698
vt -22.15567970 2.33028698
vt -22.97627068 1.77742195
vt -22.15567970 1.77735198
vt -22.97627068 1.33159101
vt -22.15567970 1.33159101
vt -22.97627068 0.88884401
vt -22.15567970 0.88880497
vt -22.97627068 0.44386399
vt -22.15567970 0.44386399
vt -22.60485077 0.00000000
vt -21.79752922 0.00000000
vt -25.90814018 3.55373096
vt -25.21777916 3.43995309
vt -24.48065948 2.88511992
vt -23.72846031 2.33028698
vt -23.72846031 1.77748597
vt -23.72846031 1.33159101
vt -23.72846031 0.88888001
vt -23.72846031 0.44386399
vt -23.41217041 0.00000000
vt -25.21777916 2.88511992
vt -25.89269066 2.66594911
vt -25.21777916 2.33028698
vt -25.87532043 1.77766895
vt -25.21777916 1.77761304
vt -25.21777916 1.33159101
vt -24.48065948 1.77754998
vt -24.48065948 1.33159101
vt -25.85585976 0.88898301
vt -25.21777916 0.88895202
vt -24.48065948 0.88891703
vt -25.21777916 0.44386399
vt -25.83411026 0.00000100
vt -25.02680016 0.00000000
vt -24.48065948 0.44386399
vt -24.21948051 0.00000000
vt -21.64282036 0.44386399
vt -19.37557983 0.00000000
vt -19.59136963 0.44386399
vt -20.10423088 0.44386399
vt -20.10423088 0.88870603
vt -20.10423088 1.33159101
vt -20.10423088 1.77717805
vt -20.10423088 2.33028698
vt -20.61709023 2.88511992
vt -21.12995911 3.43995309
vt -21.64282036 3.99478507
vt -22.15567970 4.54961777
vt -22.97627068 4.82703495
vt -23.72846031 5.10445118
vt -24.48065948 5.38186693
vt -19.07851028 0.44386399
vt -18.56826973 0.00000000
vt -18.56563950 0.44386399
vt -18.05278015 0.44386399
vt -18.05278015 0.88860703
vt -17.64249039 0.88858700
vt -17.64249039 1.33159101
vt -17.23220062 1.33159101
vt -17.23220062 1.77693295
vt -16.82191086 1.77689803
vt -16.82191086 2.33028698
vt -16.41161919 2.33028698
vt -16.82191086 2.88511992
vt -16.41161919 2.88511992
vt -16.82191086 3.43995309
vt -16.41161919 3.43995309
vt -16.82191086 3.99478507
vt -16.41161919 3.99478507
vt -16.82191086 4.54961777
vt -16.41161919 4.54961777
vt -16.82191086 4.82703495
vt -16.41161919 4.82703495
vt -16.82191086 5.10445118
vt -16.41161919 5.10445118
vt -16.82191086 5.38186693
vt -16.41161919 5.38186693
vt -16.82191086 5.65928411
vt -16.41161919 5.65928411
vt -16.41161919 6.21460390
vt -16.00132942 6.21459103
vt -16.22183037 7.10179090
vt -15.81624031 7.10181713
vt -15.59103966 6.21457911
vt -15.41073036 7.10180902
vt -15.18074989 6.21456623
vt -15.00516033 7.10180092
vt -14.77046013 6.21455288
vt -14.59961987 7.10178089
vt -13.94987011 6.21452808
vt -13.78857994 7.10188818
vt -13.12928963 6.21450186
vt -12.97766972 7.10189486
vt -12.53094959 6.21448421
vt -12.16633034 7.10180283
vt -11.93260956 6.21446514
vt -11.35521984 7.10188484
vt -10.73593044 6.21442795
vt -10.54415035 7.10179710
vt -9.73309612 7.10182810
vt -9.53925323 6.21439123
vt -8.92197800 7.10179520
vt -8.34257317 6.21435308
vt -8.11093235 7.10180998
vt -7.14589119 6.21431589
vt -6.48874807 7.10179996
vt -5.94921112 6.21427917
vt -4.86656523 7.10177088
vt -4.75253105 6.21424198
vt -3.55585003 6.21420479
vt -4.75253105 5.65928411
vt -3.55585003 5.65928411
vt -3.55585003 5.38186693
vt -2.46174312 5.38186693
vt -2.46174312 5.10445118
vt -1.64116204 5.10445118
vt -1.64116204 4.82703495
vt -0.82048601 4.82703495
vt -0.82048601 4.54961777
vt 0.00000300 4.43864489
vt -0.82048601 3.99478507
vt 0.00000300 3.55091906
vt -0.82048601 3.43995309
vt -0.82048601 2.88511992
vt -1.64116204 3.43995309
vt -1.64116204 2.88511992
vt -2.46174312 3.43995309
vt -2.46174312 2.88511992
vt -3.55585003 3.43995309
vt -3.55585003 2.88511992
vt -4.75253105 3.43995309
vt -4.75253105 2.88511992
vt -5.94921112 3.43995309
vt -5.94921112 2.88511992
vt -7.14589119 3.43995309
vt -7.14589119 2.88511992
vt -8.34257317 3.43995309
vt -8.34257317 2.88511992
vt -9.53925323 3.43995309
vt -9.53925323 2.88511992
vt -10.73593044 3.43995309
vt -10.73593044 2.88511992
vt -11.93260956 3.43995309
vt -11.93260956 2.88511992
vt -12.53094959 3.43995309
vt -12.53094959 2.88511992
vt -13.12928963 3.43995309
vt -13.12928963 2.88511992
vt -13.94987011 3.43995309
vt -13.94987011 2.88511992
vt -14.77046013 3.43995309
vt -14.77046013 2.88511992
vt -15.18074989 3.43995309
vt -15.18074989 2.88511992
vt -15.59103966 3.43995309
vt -15.59103966 2.88511992
vt -16.00132942 3.43995309
vt -16.00132942 2.88511992
vt -17.76095009 0.00000000
vt -17.64249039 0.44386399
vt -17.23220062 0.88856697
vt -16.82191086 1.33159101
vt -16.41161919 1.77686298
vt -16.00132942 2.33028698
vt -17.23220062 0.44386399
vt -16.95363998 0.00000000
vt -16.82191086 0.44386399
vt -16.41161919 0.44386399
vt -16.41161919 0.88852799
vt -16.00132942 0.88850802
vt -16.00132942 1.33159101
vt -15.59103966 1.33159101
vt -15.59103966 1.77679300
vt -15.18074989 1.77675796
vt -15.18074989 2.33028698
vt -14.77046013 2.33028698
vt -16.14632034 0.00000000
vt -15.33899975 0.00000000
vt -16.00132942 0.44386399
vt -15.59103966 0.44386399
vt -15.59103966 0.88848799
vt -15.18074989 0.88846898
vt -15.18074989 1.33159101
vt -14.77046013 1.33159101
vt -14.77046013 1.77672303
vt -13.94987011 1.77665305
vt -13.94987011 2.33028698
vt -13.12928963 2.33028698
vt -14.53168964 0.00000000
vt -15.18074989 0.44386399
vt -14.77046013 0.88844901
vt -13.94987011 1.33159101
vt -13.12928963 1.77658296
vt -12.53094959 2.33028698
vt -13.72437000 0.00000000
vt -13.94987011 0.44386399
vt -14.77046013 0.44386399
vt -13.12928963 0.44386399
vt -12.91705990 0.00000000
vt -12.53094959 0.44386399
vt -12.10974026 0.00000000
vt -11.93260956 0.44386399
vt -11.30241966 0.00000000
vt -10.73593044 0.44386399
vt -9.68779182 0.00000000
vt -9.53925323 0.44386399
vt -8.34257317 0.44386399
vt -8.34257317 0.88813901
vt -7.14589119 0.88808203
vt -7.14589119 1.33159101
vt -5.94921112 1.33159101
vt -5.94921112 1.77597201
vt -4.75253105 1.77586997
vt -5.94921112 2.33028698
vt -4.75253105 2.33028698
vt -8.07316113 0.00000000
vt -7.14589119 0.44386399
vt -5.94921112 0.88802397
vt -4.75253105 1.33159101
vt -3.55585003 1.77576804
vt -3.55585003 2.33028698
vt -6.45852804 0.00000000
vt -5.94921112 0.44386399
vt -4.75253105 0.88796598
vt -3.55585003 0.88790900
vt -3.55585003 1.33159101
vt -2.46174312 0.88785601
vt -2.46174312 1.33159101
vt -1.64116204 0.88781601
vt -1.64116204 1.33159101
vt -0.82048601 0.88777697
vt -0.82048601 1.33159101
vt 0.00000400 0.88773698
vt 0.00000400 1.77546501
vt -4.75253105 0.44386399
vt -3.22926402 0.00000000
vt -3.55585003 0.44386399
vt -2.46174312 0.44386399
vt -1.61463201 0.00000000
vt -1.64116204 0.44386399
vt -0.80731601 0.00000000
vt -0.82048601 0.44386399
vt 0.00000000 0.00000000
vt 0.00000400 2.66319203
vt -0.82048601 2.33028698
vt -0.82048601 1.77553499
vt 0.00000200 5.32636976
vt -0.82048601 5.10445118
vt -1.64116204 5.38186693
vt -2.46174312 5.65928411
vt -2.46174312 6.21417093
vt -3.24436808 7.10173702
vt 0.00000100 6.21409416
vt -0.82048601 5.65928411
vt -0.82048601 5.38186693
vt 0.00000100 7.10183382
vt -0.81094903 7.10189486
vt -0.82048601 6.21411991
vt -1.64116204 5.65928411
vt -1.62216794 7.10186911
vt -1.64116204 6.21414518
vt -2.43325090 7.10169506
vt -16.62734032 7.10186195
vt -16.82191086 6.21461678
vt -17.23220062 5.65928411
vt -17.23220062 5.38186693
vt -17.23220062 5.10445118
vt -17.23220062 4.82703495
vt -17.23220062 4.54961777
vt -17.23220062 3.99478507
vt -17.23220062 3.43995309
vt -17.23220062 2.88511992
vt -17.23220062 2.33028698
vt -17.64249039 1.77696800
vt -18.05278015 1.33159101
vt -18.56563950 0.88863200
vt -17.03292084 7.10179377
vt -17.23220062 6.21463013
vt -17.64249039 5.65928411
vt -17.64249039 5.38186693
vt -17.64249039 5.10445118
vt -17.64249039 4.82703495
vt -17.64249039 4.54961777
vt -17.64249039 3.99478507
vt -17.64249039 3.43995309
vt -17.64249039 2.88511992
vt -17.64249039 2.33028698
vt -18.05278015 1.77700305
vt -18.56563950 1.33159101
vt -19.07851028 0.88865602
vt -17.43847084 7.10180998
vt -17.64249039 6.21464205
vt -18.05278015 5.65928411
vt -18.05278015 5.38186693
vt -18.05278015 5.10445118
vt -18.05278015 4.82703495
vt -18.05278015 4.54961777
vt -18.05278015 3.99478507
vt -18.05278015 3.43995309
vt -18.05278015 2.88511992
vt -18.05278015 2.33028698
vt -18.56563950 1.77704597
vt -19.07851028 1.33159101
vt -19.59136963 0.88868099
vt -17.84399033 7.10175180
vt -18.05278015 6.21465492
vt -18.56563950 5.65928411
vt -18.56563950 5.38186693
vt -18.56563950 5.10445118
vt -18.56563950 4.82703495
vt -18.56563950 4.54961777
vt -18.56563950 3.99478507
vt -18.56563950 3.43995309
vt -18.56563950 2.88511992
vt -18.56563950 2.33028698
vt -19.07851028 1.77708995
vt -19.59136963 1.33159101
vt -18.24954987 7.10178423
vt -18.56563950 6.21467113
vt -19.07851028 5.65928411
vt -19.07851028 5.38186693
vt -19.07851028 5.10445118
vt -19.07851028 4.82703495
vt -19.07851028 4.54961777
vt -19.07851028 3.99478507
vt -19.07851028 3.43995309
vt -19.07851028 2.88511992
vt -19.07851028 2.33028698
vt -19.59136963 1.77713394
vt -18.65505981 7.10177708
vt -19.07851028 6.21468687
vt -19.59136963 5.65928411
vt -19.59136963 5.38186693
vt -19.59136963 5.10445118
vt -19.59136963 4.82703495
vt -19.59136963 4.54961777
vt -19.59136963 3.99478507
vt -19.59136963 3.43995309
vt -19.59136963 2.88511992
vt -19.59136963 2.33028698
vt -19.06064987 7.10180902
vt -19.46619034 7.10185289
vt -19.59136963 6.21470308
vt -19.87171936 7.10181093
vt -20.10423088 6.21471882
vt -20.27729034 7.10183096
vt -20.61709023 6.21473503
vt -21.08838081 7.10181713
vt -21.12995911 6.21475077
vt -21.64282036 6.21476698
vt -21.64282036 5.65928411
vt -22.15567970 5.65928411
vt -21.64282036 5.38186693
vt -22.15567970 5.38186693
vt -21.64282036 5.10445118
vt -22.15567970 5.10445118
vt -21.64282036 4.82703495
vt -22.15567970 4.82703495
vt -21.64282036 4.54961777
vt -21.89948082 7.10179996
vt -22.15567970 6.21478224
vt -22.97627068 5.65928411
vt -22.97627068 5.38186693
vt -22.97627068 5.10445118
vt -22.71056938 7.10179615
vt -22.97627068 6.21480799
vt -23.72846031 5.65928411
vt -23.72846031 5.38186693
vt -23.52150917 7.10189486
vt -23.72846031 6.21483088
vt -24.48065948 5.65928411
vt -24.48065948 6.21485519
vt -21.12995911 5.65928411
vt -21.12995911 5.38186693
vt -21.12995911 5.10445118
vt -21.12995911 4.82703495
vt -21.12995911 4.54961777
vt -21.12995911 3.99478507
vt -20.61709023 5.65928411
vt -20.61709023 5.38186693
vt -20.61709023 5.10445118
vt -20.61709023 4.82703495
vt -20.61709023 4.54961777
vt -20.61709023 3.99478507
vt -20.61709023 3.43995309
vt -20.10423088 5.65928411
vt -20.10423088 5.38186693
vt -20.10423088 5.10445118
vt -20.10423088 4.82703495
vt -20.10423088 4.54961777
vt -20.10423088 3.99478507
vt -20.10423088 3.43995309
vt -20.10423088 2.88511992
vt -16.00132942 5.65928411
vt -16.00132942 5.38186693
vt -16.00132942 5.10445118
vt -16.00132942 4.82703495
vt -16.00132942 4.54961777
vt -16.00132942 3.99478507
vt -15.59103966 5.65928411
vt -15.59103966 5.38186693
vt -15.59103966 5.10445118
vt -15.59103966 4.82703495
vt -15.59103966 4.54961777
vt -15.59103966 3.99478507
vt -15.18074989 5.65928411
vt -15.18074989 5.38186693
vt -15.18074989 5.10445118
vt -15.18074989 4.82703495
vt -15.18074989 4.54961777
vt -15.18074989 3.99478507
vt -14.77046013 5.65928411
vt -14.77046013 5.38186693
vt -14.77046013 5.10445118
vt -14.77046013 4.82703495
vt -14.77046013 4.54961777
vt -14.77046013 3.99478507
vt -13.94987011 5.65928411
vt -13.94987011 5.38186693
vt -13.94987011 5.10445118
vt -13.94987011 4.82703495
vt -13.94987011 4.54961777
vt -13.94987011 3.99478507
vt -13.12928963 5.65928411
vt -13.12928963 5.38186693
vt -13.12928963 5.10445118
vt -13.12928963 4.82703495
vt -13.12928963 4.54961777
vt -13.12928963 3.99478507
vt -12.53094959 5.65928411
vt -12.53094959 5.38186693
vt -12.53094959 5.10445118
vt -12.53094959 4.82703495
vt -12.53094959 4.54961777
vt -12.53094959 3.99478507
vt -11.93260956 5.65928411
vt -11.93260956 5.38186693
vt -11.93260956 5.10445118
vt -11.93260956 4.82703495
vt -11.93260956 4.54961777
vt -11.93260956 3.99478507
vt -10.73593044 5.65928411
vt -10.73593044 5.38186693
vt -10.73593044 5.10445118
vt -10.73593044 4.82703495
vt -10.73593044 4.54961777
vt -10.73593044 3.99478507
vt -9.53925323 5.65928411
vt -9.53925323 5.38186693
vt -9.53925323 5.10445118
vt -9.53925323 4.82703495
vt -9.53925323 4.54961777
vt -9.53925323 3.99478507
vt -8.34257317 5.65928411
vt -8.34257317 5.38186693
vt -8.34257317 5.10445118
vt -8.34257317 4.82703495
vt -8.34257317 4.54961777
vt -8.34257317 3.99478507
vt -7.14589119 5.65928411
vt -7.14589119 5.38186693
vt -7.14589119 5.10445118
vt -7.14589119 4.82703495
vt -7.14589119 4.54961777
vt -7.14589119 3.99478507
vt -5.94921112 5.65928411
vt -5.94921112 5.38186693
vt -5.94921112 5.10445118
vt -5.94921112 4.82703495
vt -5.94921112 4.54961777
vt -5.94921112 3.99478507
vt -4.75253105 5.38186693
vt -3.55585003 5.10445118
vt -2.46174312 4.82703495
vt -1.64116204 4.54961777
vt -4.75253105 5.10445118
vt -4.75253105 4.82703495
vt -4.75253105 4.54961777
vt -4.75253105 3.99478507
vt -3.55585003 4.82703495
vt -2.46174312 4.54961777
vt -1.64116204 3.99478507
vt -3.55585003 4.54961777
vt -2.46174312 3.99478507
vt -3.55585003 3.99478507
vt -24.48065948 4.54961777
vt -23.72846031 3.99478507
vt -22.97627068 3.43995309
vt -22.15567970 2.88511992
vt -21.64282036 2.33028698
vt -21.64282036 1.77730894
vt -21.64282036 1.33159101
vt -21.64282036 0.88878000
vt -1.64116204 2.33028698
vt -1.64116204 1.77560496
vt -2.46174312 2.33028698
vt -2.46174312 1.77567506
vt -7.14589119 2.33028698
vt -7.14589119 1.77607405
vt -8.34257317 1.33159101
vt -9.53925323 0.88819700
vt -8.34257317 2.33028698
vt -8.34257317 1.77617598
vt -9.53925323 1.33159101
vt -10.73593044 0.88825500
vt -9.53925323 2.33028698
vt -9.53925323 1.77627695
vt -10.73593044 1.33159101
vt -11.93260956 0.88831198
vt -10.73593044 2.33028698
vt -10.73593044 1.77637899
vt -11.93260956 1.33159101
vt -12.53094959 1.33159101
vt -12.53094959 0.88834101
vt -13.12928963 0.88836998
vt -11.93260956 2.33028698
vt -11.93260956 1.77648103
vt -12.53094959 1.77653205
vt -13.12928963 1.33159101
vt -13.94987011 0.88840902
vt -15.59103966 2.33028698
vt -16.00132942 1.77682805
vt -16.41161919 1.33159101
vt -16.82191086 0.88854802
vt -24.48065948 2.33028698
vt 11.49586964 -4.77779102
vt 12.01908970 -4.19999218
vt 8.59754181 -1.46946299
vt 12.32888985 -3.73267508
vt 12.60128021 -3.24259806
vt 8.85886383 -1.01684201
vt 12.83471966 -2.73281789
vt 13.02768993 -2.20639491
vt 9.02036858 -0.51977903
vt 13.17881966 -1.66646099
vt 13.28740025 -1.11637294
vt 13.35291004 -0.55952501
vt 9.07499981 0.00000000
vt 13.37483025 0.00069100
vt 13.35282040 0.56085598
vt 9.02036858 0.51977903
vt 13.28722000 1.11757600
vt 13.17858028 1.66748798
vt 13.02742958 2.20723295
vt 8.85886383 1.01684201
vt 12.83446980 2.73345590
vt 12.60107040 3.24301600
vt 8.59754181 1.46946299
vt 12.32876968 3.73287296
vt 12.01910973 4.19999409
vt 11.49588013 4.77778482
vt 8.24782658 1.85786200
vt 10.91164970 5.29382086
vt 10.27365017 5.74166918
vt 7.82499981 2.16506410
vt 9.58981991 6.11583805
vt 7.34754181 2.37764096
vt 8.86863041 6.41165590
vt 8.11902428 6.62552595
vt 6.83632088 2.48630500
vt 7.35028982 6.75478983
vt 6.57191515 6.79793787
vt 6.31367922 2.48630500
vt 5.90515900 6.76508713
vt 5.24593878 6.66716290
vt 5.80245781 2.37764096
vt 4.59938717 6.50528383
vt 3.97060108 6.28043079
vt 5.32499981 2.16506410
vt 3.36675096 5.99479580
vt 2.79495311 5.65203094
vt 4.90217304 1.85786200
vt 2.25948906 5.25500011
vt 1.76463199 4.80656385
vt 1.31614304 4.31152821
vt 4.55245781 1.46946299
vt 0.91888797 3.77579188
vt 0.57584202 3.20390296
vt 4.29113579 1.01684201
vt 0.28998101 2.60041189
vt 0.06482100 1.97207904
vt 4.12963104 0.51977903
vt -0.09745597 1.32577598
vt -0.19568001 0.66668802
vt 4.07499981 0.00000000
vt -0.22868000 0.00000000
vt -0.19567700 -0.66671199
vt 4.12963104 -0.51977903
vt -0.09744399 -1.32582498
vt 0.06484299 -1.97214699
vt 4.29113579 -1.01684201
vt 0.29001200 -2.60048604
vt 0.57587600 -3.20396590
vt 4.55245781 -1.46946299
vt 0.91892898 -3.77585196
vt 1.31619596 -4.31159210
vt 4.90217304 -1.85786200
vt 1.76470196 -4.80663395
vt 2.25956511 -5.25506306
vt 2.79503202 -5.65208483
vt 5.32499981 -2.16506410
vt 3.36683202 -5.99484015
vt 3.97068501 -6.28046608
vt 5.80245781 -2.37764096
vt 4.59945583 -6.50530386
vt 5.24598694 -6.66717291
vt 6.31367922 -2.48630500
vt 5.90518522 -6.76508999
vt 6.57191515 -6.79793787
vt 6.83632088 -2.48630500
vt 7.35027885 -6.75479078
vt 8.11900425 -6.62553120
vt 7.34754181 -2.37764096
vt 8.86860561 -6.41166306
vt 9.58979702 -6.11584806
vt 7.82499981 -2.16506410
vt 10.27363968 -5.74167919
vt 8.24782658 -1.85786200
vt 10.91164017 -5.29382992
vt -2.44536901 -0.51977903
vt 2.44536901 -0.51977903
vt -2.50000000 0.00000000
vt 2.50000000 0.00000000
vt -2.44536901 0.51977903
vt 2.44536901 0.51977903
vt -2.28386402 1.01684201
vt 2.28386402 1.01684201
vt -2.02254200 1.46946299
vt 2.02254200 1.46946299
vt -1.67282701 1.85786200
vt 1.67282701 1.85786200
vt -1.25000000 2.16506410
vt 1.25000000 2.16506410
vt -0.77254200 2.37764096
vt 0.77254200 2.37764096
vt -0.26132101 2.48630500
vt 0.26132101 2.48630500
vt 2.28386402 -1.01684201
vt -2.28386402 -1.01684201
vt 2.02254200 -1.46946299
vt -2.02254200 -1.46946299
vt 1.67282701 -1.85786200
vt -1.67282701 -1.85786200
vt 1.25000000 -2.16506410
vt -1.25000000 -2.16506410
vt 0.77254200 -2.37764096
vt -0.77254200 -2.37764096
vt 0.26132101 -2.48630500
vt -0.26132101 -2.48630500
vt 1.00000000 0.52359903
vt 0.00000000 0.52359903
vt 1.00000000 0.00000000
vt 0.00000000 0.00000000
vt 1.00000000 -0.52359903
vt 0.00000000 -0.52359903
vt 1.00000000 -1.04719806
vt 0.00000000 -1.04719806
vt 1.00000000 -1.57079601
vt 0.00000000 -1.57079601
vt 1.00000000 -2.09439492
vt 0.00000000 -2.09439492
vt 1.00000000 -2.61799407
vt 0.00000000 -2.61799407
vt 1.00000000 -3.14159298
vt 0.00000000 -3.14159298
vt 1.00000000 -3.66519094
vt 0.00000000 -3.66519094
vt 1.00000000 -4.18878984
vt 0.00000000 -4.18878984
vt 1.00000000 -4.71238899
vt 0.00000000 -4.71238899
vt 1.00000000 -5.23598814
vt 0.00000000 -5.23598814
vt 1.00000000 -5.75958681
vt 0.00000000 -5.75958681
vt 1.00000000 -6.28318501
vt 0.00000000 -6.28318501
vt 1.00000000 -6.80678415
vt 0.00000000 -6.80678415
vt 1.00000000 -7.33038282
vt 0.00000000 -7.33038282
vt 1.00000000 -7.85398197
vt 0.00000000 -7.85398197
vt 1.00000000 7.85398197
vt 0.00000000 7.85398197
vt 1.00000000 7.33038282
vt 0.00000000 7.33038282
vt 1.00000000 6.80678415
vt 0.00000000 6.80678415
vt 1.00000000 6.28318501
vt 0.00000000 6.28318501
vt 1.00000000 5.75958681
vt 0.00000000 5.75958681
vt 1.00000000 5.23598814
vt 0.00000000 5.23598814
vt 1.00000000 4.71238899
vt 0.00000000 4.71238899
vt 1.00000000 4.18878984
vt 0.00000000 4.18878984
vt 1.00000000 3.66519094
vt 0.00000000 3.66519094
vt 1.00000000 3.14159298
vt 0.00000000 3.14159298
vt 1.00000000 2.61799407
vt 0.00000000 2.61799407
vt 1.00000000 2.09439492
vt 0.00000000 2.09439492
vt 1.00000000 1.57079601
vt 0.00000000 1.57079601
vt 1.00000000 1.04719806
vt 0.00000000 1.04719806
vt 0.00000000 0.52359903
vt -1.00000000 0.52359903
vt 0.00000000 0.00000000
vt -1.00000000 0.00000000
vt 0.00000000 -0.52359903
vt -1.00000000 -0.52359903
vt 0.00000000 -1.04719806
vt -1.00000000 -1.04719806
vt 0.00000000 -1.57079601
vt -1.00000000 -1.57079601
vt 0.00000000 -2.09439492
vt -1.00000000 -2.09439492
vt 0.00000000 -2.61799407
vt -1.00000000 -2.61799407
vt 0.00000000 -3.14159298
vt -1.00000000 -3.14159298
vt 0.00000000 -3.66519094
vt -1.00000000 -3.66519094
vt 0.00000000 -4.18878984
vt -1.00000000 -4.18878984
vt 0.00000000 -4.71238899
vt -1.00000000 -4.71238899
vt 0.00000000 -5.23598814
vt -1.00000000 -5.23598814
vt 0.00000000 -5.75958681
vt -1.00000000 -5.75958681
vt 0.00000000 -6.28318501
vt -1.00000000 -6.28318501
vt 0.00000000 -6.80678415
vt -1.00000000 -6.80678415
vt 0.00000000 -7.33038282
vt -1.00000000 -7.33038282
vt 0.00000000 -7.85398197
vt -1.00000000 -7.85398197
vt 0.00000000 7.85398197
vt -1.00000000 7.85398197
vt 0.00000000 7.33038282
vt -1.00000000 7.33038282
vt 0.00000000 6.80678415
vt -1.00000000 6.80678415
vt 0.00000000 6.28318501
vt -1.00000000 6.28318501
vt 0.00000000 5.75958681
vt -1.00000000 5.75958681
vt 0.00000000 5.23598814
vt -1.00000000 5.23598814
vt 0.00000000 4.71238899
vt -1.00000000 4.71238899
vt 0.00000000 4.18878984
vt -1.00000000 4.18878984
vt 0.00000000 3.66519094
vt -1.00000000 3.66519094
vt 0.00000000 3.14159298
vt -1.00000000 3.14159298
vt 0.00000000 2.61799407
vt -1.00000000 2.61799407
vt 0.00000000 2.09439492
vt -1.00000000 2.09439492
vt 0.00000000 1.57079601
vt -1.00000000 1.57079601
vt 0.00000000 1.04719806
vt -1.00000000 1.04719806
vt 2.44536901 0.51977903
vt -2.44536901 0.51977903
vt 2.50000000 0.00000000
vt -2.50000000 0.00000000
vt 2.44536901 -0.51977903
vt -2.44536901 -0.51977903
vt 2.28386402 -1.01684201
vt -2.28386402 -1.01684201
vt 2.02254200 -1.46946299
vt -2.02254200 -1.46946299
vt 1.67282701 -1.85786200
vt -1.67282701 -1.85786200
vt 1.25000000 -2.16506410
vt -1.25000000 -2.16506410
vt 0.77254200 -2.37764096
vt -0.77254200 -2.37764096
vt 0.26132101 -2.48630500
vt -0.26132101 -2.48630500
vt -2.28386402 1.01684201
vt 2.28386402 1.01684201
vt -2.02254200 1.46946299
vt 2.02254200 1.46946299
vt -1.67282701 1.85786200
vt 1.67282701 1.85786200
vt -1.25000000 2.16506410
vt 1.25000000 2.16506410
vt -0.77254200 2.37764096
vt 0.77254200 2.37764096
vt -0.26132101 2.48630500
vt 0.26132101 2.48630500
f 1/1 2/2 3/3
f 3/3 2/2 4/4
f 3/3 4/4 5/5
f 5/5 4/4 6/6
f 5/5 6/6 7/7
f 5/5 7/7 8/8
f 8/8 7/7 9/9
f 8/8 9/9 10/10
f 10/10 11/11 8/8
f 8/8 11/11 12/12
f 12/12 11/11 13/13
f 12/12 13/13 14/14
f 12/12 14/14 15/15
f 15/15 14/14 16/16
f 15/15 16/16 17/17
f 15/15 17/17 18/18
f 18/18 17/17 19/19
f 18/18 19/19 20/20
f 20/20 21/21 18/18
f 18/18 21/21 22/22
f 22/22 21/21 23/23
f 22/22 23/23 24/24
f 22/22 24/24 25/25
f 25/25 24/24 26/26
f 25/25 26/26 27/27
f 27/27 28/28 25/25
f 25/25 28/28 29/29
f 29/29 28/28 30/30
f 29/29 30/30 31/31
f 31/31 30/30 32/32
f 31/31 32/32 33/33
f 31/31 33/33 34/34
f 34/34 33/33 35/35
f 34/34 35/35 36/36
f 34/34 36/36 37/37
f 37/37 36/36 38/38
f 37/37 38/38 39/39
f 37/37 39/39 40/40
f 40/40 39/39 41/41
f 40/40 41/41 42/42
f 40/40 42/42 43/43
f 43/43 42/42 44/44
f 43/43 44/44 45/45
f 43/43 45/45 46/46
f 46/46 45/45 47/47
f 46/46 47/47 48/48
f 46/46 48/48 49/49
f 49/49 48/48 50/50
f 49/49 50/50 51/51
f 51/51 52/52 49/49
f 49/49 52/52 53/53
f 53/53 52/52 54/54
f 53/53 54/54 55/55
f 53/53 55/55 56/56
f 56/56 55/55 57/57
f 56/56 57/57 58/58
f 56/56 58/58 59/59
f 59/59 58/58 60/60
f 59/59 60/60 61/61
f 59/59 61/61 62/62
f 62/62 61/61 63/63
f 62/62 63/63 64/64
f 62/62 64/64 65/65
f 65/65 64/64 66/66
f 65/65 66/66 67/67
f 65/65 67/67 68/68
f 68/68 67/67 69/69
f 68/68 69/69 70/70
f 68/68 70/70 71/71
f 71/71 70/70 72/72
f 71/71 72/72 73/73
f 73/73 74/74 71/71
f 71/71 74/74 75/75
f 75/75 74/74 76/76
f 75/75 76/76 77/77
f 75/75 77/77 78/78
f 78/78 77/77 79/79
f 78/78 79/79 80/80
f 78/78 80/80 81/81
f 81/81 80/80 82/82
f 81/81 82/82 83/83
f 81/81 83/83 84/84
f 84/84 83/83 85/85
f 84/84 85/85 86/86
f 84/84 86/86 87/87
f 87/87 86/86 88/88
f 87/87 88/88 89/89
f 87/87 89/89 90/90
f 90/90 89/89 91/91
f 90/90 91/91 92/92
f 90/90 92/92 93/93
f 93/93 92/92 94/94
f 93/93 94/94 3/3
f 3/3 94/94 1/1
f 95/95 96/96 97/97
f 97/97 96/96 98/98
f 97/97 98/98 99/99
f 99/99 98/98 100/100
f 99/99 100/100 101/101
f 101/101 100/100 102/102
f 101/101 102/102 103/103
f 103/103 102/102 104/104
f 103/103 104/104 105/105
f 105/105 104/104 106/106
f 105/105 106/106 107/107
f 107/107 106/106 108/108
f 107/107 108/108 109/109
f 109/109 108/108 110/110
f 109/109 110/110 111/111
f 111/111 110/110 112/112
f 111/111 112/112 113/113
f 113/113 112/112 114/114
f 113/113 114/114 115/115
f 115/115 114/114 116/116
f 115/115 116/116 117/117
f 117/117 116/116 118/118
f 117/117 118/118 119/119
f 119/119 118/118 120/120
f 119/119 120/120 121/121
f 121/121 120/120 122/122
f 121/121 122/122 123/123
f 123/123 122/122 124/124
f 123/123 124/124 125/125
f 125/125 124/124 126/126
f 125/125 126/126 127/127
f 127/127 126/126 128/128
f 127/127 128/128 129/129
f 129/129 128/128 130/130
f 129/129 130/130 131/131
f 131/131 130/130 132/132
f 131/131 132/132 133/133
f 133/133 132/132 134/134
f 133/133 134/134 135/135
f 135/135 134/134 136/136
f 135/135 136/136 137/137
f 137/137 136/136 138/138
f 137/137 138/138 139/139
f 139/139 138/138 140/140
f 139/139 140/140 141/141
f 98/98 142/142 100/100
f 100/100 142/142 143/143
f 100/100 143/143 102/102
f 102/102 143/143 144/144
f 102/102 144/144 104/104
f 104/104 144/144 145/145
f 104/104 145/145 106/106
f 106/106 145/145 146/146
f 106/106 146/146 108/108
f 108/108 146/146 147/147
f 108/108 147/147 110/110
f 110/110 147/147 148/148
f 110/110 148/148 112/112
f 112/112 148/148 149/149
f 112/112 149/149 114/114
f 114/114 149/149 150/150
f 114/114 150/150 116/116
f 116/116 150/150 151/151
f 116/116 151/151 118/118
f 118/118 151/151 152/152
f 118/118 152/152 120/120
f 120/120 152/152 153/153
f 120/120 153/153 122/122
f 122/122 153/153 154/154
f 122/122 154/154 124/124
f 124/124 154/154 155/155
f 124/124 155/155 126/126
f 126/126 155/155 156/156
f 126/126 156/156 128/128
f 128/128 156/156 157/157
f 128/128 157/157 130/130
f 130/130 157/157 158/158
f 130/130 158/158 132/132
f 132/132 158/158 159/159
f 132/132 159/159 134/134
f 134/134 159/159 160/160
f 134/134 160/160 136/136
f 136/136 160/160 161/161
f 136/136 161/161 138/138
f 142/142 162/162 143/143
f 143/143 162/162 163/163
f 143/143 163/163 144/144
f 144/144 163/163 164/164
f 144/144 164/164 145/145
f 145/145 164/164 165/165
f 145/145 165/165 146/146
f 146/146 165/165 166/166
f 146/146 166/166 147/147
f 147/147 166/166 167/167
f 147/147 167/167 148/148
f 148/148 167/167 168/168
f 148/148 168/168 149/149
f 149/149 168/168 169/169
f 149/149 169/169 150/150
f 150/150 169/169 170/170
f 150/150 170/170 151/151
f 151/151 170/170 171/171
f 151/151 171/171 152/152
f 152/152 171/171 172/172
f 152/152 172/172 153/153
f 153/153 172/172 173/173
f 153/153 173/173 154/154
f 154/154 173/173 174/174
f 154/154 174/174 155/155
f 155/155 174/174 175/175
f 155/155 175/175 156/156
f 156/156 175/175 176/176
f 156/156 176/176 157/157
f 157/157 176/176 177/177
f 157/157 177/177 158/158
f 158/158 177/177 178/178
f 158/158 178/178 159/159
f 159/159 178/178 179/179
f 159/159 179/179 160/160
f 160/160 179/179 180/180
f 160/160 180/180 161/161
f 163/163 162/162 181/181
f 181/181 162/162 182/182
f 181/181 182/182 183/183
f 183/183 182/182 184/184
f 183/183 184/184 185/185
f 185/185 184/184 186/186
f 185/185 186/186 187/187
f 187/187 186/186 188/188
f 187/187 188/188 189/189
f 189/189 188/188 190/190
f 189/189 190/190 191/191
f 191/191 190/190 192/192
f 191/191 192/192 193/193
f 193/193 192/192 194/194
f 193/193 194/194 195/195
f 195/195 194/194 196/196
f 195/195 196/196 197/197
f 197/197 196/196 198/198
f 197/197 198/198 199/199
f 199/199 198/198 200/200
f 199/199 200/200 201/201
f 201/201 200/200 202/202
f 201/201 202/202 203/203
f 203/203 202/202 204/204
f 203/203 204/204 205/205
f 205/205 204/204 206/206
f 205/205 206/206 207/207
f 207/207 206/206 208/208
f 207/207 208/208 209/209
f 209/209 208/208 210/210
f 209/209 210/210 211/211
f 211/211 210/210 212/212
f 211/211 212/212 213/213
f 213/213 212/212 214/214
f 213/213 214/214 215/215
f 186/186 216/216 188/188
f 188/188 216/216 217/217
f 188/188 217/217 190/190
f 190/190 217/217 218/218
f 190/190 218/218 192/192
f 192/192 218/218 219/219
f 192/192 219/219 220/220
f 220/220 219/219 221/221
f 220/220 221/221 222/222
f 222/222 221/221 223/223
f 222/222 223/223 224/224
f 224/224 223/223 225/225
f 224/224 225/225 226/226
f 226/226 225/225 227/227
f 226/226 227/227 228/228
f 228/228 227/227 229/229
f 228/228 229/229 230/230
f 230/230 229/229 231/231
f 230/230 231/231 232/232
f 232/232 231/231 233/233
f 232/232 233/233 234/234
f 234/234 233/233 235/235
f 234/234 235/235 236/236
f 236/236 235/235 237/237
f 236/236 237/237 238/238
f 216/216 239/239 217/217
f 217/217 239/239 218/218
f 218/218 239/239 219/219
f 219/219 239/239 240/240
f 219/219 240/240 241/241
f 241/241 240/240 242/242
f 241/241 242/242 243/243
f 243/243 242/242 244/244
f 243/243 244/244 245/245
f 245/245 244/244 246/246
f 245/245 246/246 247/247
f 247/247 246/246 248/248
f 247/247 248/248 249/249
f 249/249 248/248 250/250
f 249/249 250/250 251/251
f 251/251 250/250 252/252
f 251/251 252/252 253/253
f 253/253 252/252 254/254
f 253/253 254/254 255/255
f 255/255 254/254 256/256
f 255/255 256/256 257/257
f 248/248 258/258 250/250
f 250/250 258/258 259/259
f 250/250 259/259 252/252
f 252/252 259/259 260/260
f 252/252 260/260 254/254
f 254/254 260/260 261/261
f 254/254 261/261 256/256
f 258/258 262/262 259/259
f 259/259 262/262 263/263
f 259/259 263/263 260/260
f 260/260 263/263 264/264
f 260/260 264/264 261/261
f 262/262 265/265 263/263
f 263/263 265/265 264/264
f 255/255 257/257 266/266
f 266/266 257/257 267/267
f 266/266 267/267 268/268
f 268/268 267/267 269/269
f 268/268 269/269 270/270
f 270/270 269/269 271/271
f 270/270 271/271 272/272
f 272/272 271/271 237/237
f 272/272 237/237 235/235
f 236/236 238/238 210/210
f 210/210 238/238 212/212
f 273/273 274/274 215/215
f 215/215 274/274 275/275
f 215/215 275/275 213/213
f 213/213 275/275 276/276
f 213/213 276/276 277/277
f 277/277 276/276 278/278
f 277/277 278/278 279/279
f 279/279 278/278 280/280
f 279/279 280/280 281/281
f 281/281 280/280 282/282
f 281/281 282/282 283/283
f 283/283 282/282 284/284
f 283/283 284/284 285/285
f 285/285 284/284 286/286
f 285/285 286/286 287/287
f 287/287 286/286 288/288
f 287/287 288/288 289/289
f 289/289 288/288 290/290
f 289/289 290/290 291/291
f 291/291 290/290 292/292
f 291/291 292/292 293/293
f 293/293 292/292 294/294
f 293/293 294/294 295/295
f 295/295 294/294 296/296
f 295/295 296/296 297/297
f 297/297 296/296 298/298
f 297/297 298/298 299/299
f 299/299 298/298 300/300
f 299/299 300/300 301/301
f 301/301 300/300 302/302
f 301/301 302/302 183/183
f 183/183 302/302 181/181
f 273/273 303/303 274/274
f 274/274 303/303 179/179
f 274/274 179/179 178/178
f 303/303 180/180 179/179
f 139/139 141/141 304/304
f 304/304 141/141 305/305
f 304/304 305/305 306/306
f 304/304 306/306 307/307
f 307/307 306/306 308/308
f 307/307 308/308 309/309
f 309/309 308/308 310/310
f 309/309 310/310 311/311
f 311/311 310/310 312/312
f 311/311 312/312 313/313
f 313/313 312/312 314/314
f 313/313 314/314 315/315
f 315/315 314/314 316/316
f 315/315 316/316 317/317
f 317/317 316/316 318/318
f 317/317 318/318 319/319
f 319/319 318/318 320/320
f 319/319 320/320 321/321
f 321/321 320/320 322/322
f 321/321 322/322 323/323
f 323/323 322/322 324/324
f 323/323 324/324 325/325
f 326/326 327/327 325/325
f 325/325 327/327 328/328
f 325/325 328/328 323/323
f 323/323 328/328 329/329
f 323/323 329/329 330/330
f 330/330 329/329 331/331
f 330/330 331/331 332/332
f 332/332 331/331 333/333
f 332/332 333/333 334/334
f 334/334 333/333 335/335
f 334/334 335/335 336/336
f 336/336 335/335 337/337
f 336/336 337/337 338/338
f 338/338 337/337 339/339
f 338/338 339/339 340/340
f 340/340 339/339 341/341
f 340/340 341/341 342/342
f 342/342 341/341 343/343
f 342/342 343/343 344/344
f 344/344 343/343 345/345
f 344/344 345/345 346/346
f 346/346 345/345 347/347
f 346/346 347/347 348/348
f 348/348 347/347 349/349
f 348/348 349/349 350/350
f 350/350 349/349 351/351
f 350/350 351/351 352/352
f 352/352 351/351 353/353
f 352/352 353/353 354/354
f 354/354 353/353 355/355
f 354/354 355/355 356/356
f 356/356 355/355 357/357
f 356/356 357/357 358/358
f 358/358 357/357 359/359
f 358/358 359/359 360/360
f 360/360 359/359 361/361
f 360/360 361/361 362/362
f 362/362 361/361 363/363
f 362/362 363/363 364/364
f 364/364 363/363 365/365
f 364/364 365/365 366/366
f 366/366 365/365 367/367
f 366/366 367/367 368/368
f 368/368 367/367 369/369
f 368/368 369/369 370/370
f 370/370 369/369 371/371
f 370/370 371/371 372/372
f 372/372 371/371 373/373
f 372/372 373/373 374/374
f 374/374 373/373 375/375
f 374/374 375/375 376/376
f 376/376 375/375 377/377
f 376/376 377/377 378/378
f 378/378 377/377 379/379
f 378/378 379/379 380/380
f 380/380 379/379 381/381
f 380/380 381/381 382/382
f 382/382 381/381 383/383
f 382/382 383/383 384/384
f 384/384 383/383 385/385
f 384/384 385/385 386/386
f 386/386 385/385 387/387
f 386/386 387/387 388/388
f 388/388 387/387 113/113
f 388/388 113/113 115/115
f 327/327 326/326 389/389
f 389/389 326/326 390/390
f 389/389 390/390 391/391
f 391/391 390/390 392/392
f 391/391 392/392 393/393
f 393/393 392/392 394/394
f 393/393 394/394 395/395
f 395/395 394/394 396/396
f 395/395 396/396 397/397
f 397/397 396/396 398/398
f 397/397 398/398 399/399
f 397/397 399/399 400/400
f 400/400 399/399 401/401
f 400/400 401/401 402/402
f 402/402 401/401 403/403
f 402/402 403/403 404/404
f 404/404 403/403 405/405
f 404/404 405/405 406/406
f 406/406 405/405 407/407
f 406/406 407/407 408/408
f 408/408 407/407 409/409
f 408/408 409/409 410/410
f 410/410 409/409 411/411
f 410/410 411/411 412/412
f 412/412 411/411 413/413
f 412/412 413/413 414/414
f 414/414 413/413 415/415
f 414/414 415/415 416/416
f 416/416 415/415 417/417
f 416/416 417/417 418/418
f 418/418 417/417 419/419
f 418/418 419/419 420/420
f 420/420 419/419 421/421
f 420/420 421/421 422/422
f 422/422 421/421 423/423
f 422/422 423/423 424/424
f 424/424 423/423 425/425
f 424/424 425/425 426/426
f 426/426 425/425 427/427
f 426/426 427/427 428/428
f 428/428 427/427 429/429
f 428/428 429/429 430/430
f 430/430 429/429 431/431
f 430/430 431/431 432/432
f 432/432 431/431 433/433
f 432/432 433/433 434/434
f 434/434 433/433 435/435
f 434/434 435/435 436/436
f 436/436 435/435 437/437
f 436/436 437/437 438/438
f 438/438 437/437 439/439
f 438/438 439/439 440/440
f 405/405 441/441 407/407
f 407/407 441/441 442/442
f 407/407 442/442 409/409
f 409/409 442/442 443/443
f 409/409 443/443 411/411
f 411/411 443/443 444/444
f 411/411 444/444 413/413
f 413/413 444/444 445/445
f 413/413 445/445 415/415
f 415/415 445/445 446/446
f 415/415 446/446 417/417
f 417/417 446/446 447/447
f 417/417 447/447 419/419
f 419/419 447/447 448/448
f 419/419 448/448 421/421
f 421/421 448/448 449/449
f 421/421 449/449 423/423
f 423/423 449/449 450/450
f 423/423 450/450 425/425
f 425/425 450/450 451/451
f 425/425 451/451 427/427
f 427/427 451/451 452/452
f 427/427 452/452 429/429
f 429/429 452/452 453/453
f 429/429 453/453 431/431
f 431/431 453/453 454/454
f 431/431 454/454 433/433
f 433/433 454/454 455/455
f 433/433 455/455 435/435
f 435/435 455/455 456/456
f 435/435 456/456 437/437
f 437/437 456/456 457/457
f 437/437 457/457 439/439
f 441/441 458/458 442/442
f 442/442 458/458 459/459
f 442/442 459/459 443/443
f 443/443 459/459 460/460
f 443/443 460/460 444/444
f 444/444 460/460 461/461
f 444/444 461/461 445/445
f 445/445 461/461 462/462
f 445/445 462/462 446/446
f 446/446 462/462 463/463
f 446/446 463/463 447/447
f 447/447 463/463 464/464
f 447/447 464/464 448/448
f 448/448 464/464 465/465
f 448/448 465/465 449/449
f 449/449 465/465 466/466
f 449/449 466/466 450/450
f 450/450 466/466 467/467
f 450/450 467/467 451/451
f 451/451 467/467 468/468
f 451/451 468/468 452/452
f 452/452 468/468 469/469
f 452/452 469/469 453/453
f 453/453 469/469 470/470
f 453/453 470/470 454/454
f 454/454 470/470 471/471
f 454/454 471/471 455/455
f 455/455 471/471 472/472
f 455/455 472/472 456/456
f 456/456 472/472 473/473
f 456/456 473/473 457/457
f 458/458 474/474 459/459
f 459/459 474/474 475/475
f 459/459 475/475 460/460
f 460/460 475/475 476/476
f 460/460 476/476 461/461
f 461/461 476/476 477/477
f 461/461 477/477 462/462
f 462/462 477/477 478/478
f 462/462 478/478 463/463
f 463/463 478/478 479/479
f 463/463 479/479 464/464
f 464/464 479/479 480/480
f 464/464 480/480 465/465
f 465/465 480/480 481/481
f 465/465 481/481 466/466
f 466/466 481/481 482/482
f 466/466 482/482 467/467
f 467/467 482/482 483/483
f 467/467 483/483 468/468
f 468/468 483/483 484/484
f 468/468 484/484 469/469
f 469/469 484/484 485/485
f 469/469 485/485 470/470
f 470/470 485/485 486/486
f 470/470 486/486 471/471
f 471/471 486/486 487/487
f 471/471 487/487 472/472
f 472/472 487/487 488/488
f 472/472 488/488 473/473
f 474/474 489/489 475/475
f 475/475 489/489 476/476
f 476/476 489/489 477/477
f 477/477 489/489 490/490
f 477/477 490/490 491/491
f 491/491 490/490 492/492
f 491/491 492/492 493/493
f 493/493 492/492 494/494
f 493/493 494/494 495/495
f 495/495 494/494 496/496
f 495/495 496/496 497/497
f 497/497 496/496 498/498
f 497/497 498/498 499/499
f 499/499 498/498 500/500
f 499/499 500/500 501/501
f 501/501 500/500 502/502
f 501/501 502/502 503/503
f 503/503 502/502 504/504
f 503/503 504/504 505/505
f 505/505 504/504 506/506
f 505/505 506/506 507/507
f 507/507 506/506 508/508
f 507/507 508/508 509/509
f 509/509 508/508 510/510
f 509/509 510/510 511/511
f 492/492 512/512 494/494
f 494/494 512/512 513/513
f 494/494 513/513 496/496
f 496/496 513/513 514/514
f 496/496 514/514 498/498
f 498/498 514/514 515/515
f 498/498 515/515 500/500
f 500/500 515/515 516/516
f 500/500 516/516 502/502
f 502/502 516/516 517/517
f 502/502 517/517 504/504
f 504/504 517/517 518/518
f 504/504 518/518 506/506
f 506/506 518/518 519/519
f 506/506 519/519 508/508
f 508/508 519/519 520/520
f 508/508 520/520 521/521
f 512/512 522/522 513/513
f 513/513 522/522 523/523
f 513/513 523/523 514/514
f 514/514 523/523 524/524
f 514/514 524/524 515/515
f 515/515 524/524 525/525
f 515/515 525/525 516/516
f 516/516 525/525 526/526
f 516/516 526/526 517/517
f 517/517 526/526 527/527
f 517/517 527/527 518/518
f 518/518 527/527 528/528
f 518/518 528/528 519/519
f 519/519 528/528 520/520
f 522/522 529/529 523/523
f 523/523 529/529 530/530
f 523/523 530/530 524/524
f 524/524 530/530 531/531
f 524/524 531/531 525/525
f 525/525 531/531 532/532
f 525/525 532/532 526/526
f 526/526 532/532 533/533
f 526/526 533/533 527/527
f 527/527 533/533 534/534
f 527/527 534/534 528/528
f 528/528 534/534 535/535
f 528/528 535/535 520/520
f 530/530 529/529 536/536
f 536/536 529/529 537/537
f 536/536 537/537 538/538
f 538/538 537/537 539/539
f 538/538 539/539 540/540
f 540/540 539/539 541/541
f 540/540 541/541 542/542
f 542/542 541/541 543/543
f 542/542 543/543 544/544
f 539/539 545/545 541/541
f 541/541 545/545 543/543
f 542/542 544/544 546/546
f 546/546 544/544 547/547
f 546/546 547/547 548/548
f 548/548 547/547 549/549
f 548/548 549/549 534/534
f 534/534 549/549 535/535
f 521/521 510/510 508/508
f 509/509 511/511 550/550
f 550/550 511/511 551/551
f 550/550 551/551 487/487
f 487/487 551/551 488/488
f 438/438 440/440 552/552
f 552/552 440/440 553/553
f 552/552 553/553 554/554
f 552/552 554/554 555/555
f 555/555 554/554 556/556
f 555/555 556/556 557/557
f 557/557 556/556 558/558
f 557/557 558/558 559/559
f 557/557 559/559 560/560
f 560/560 559/559 561/561
f 560/560 561/561 562/562
f 562/562 561/561 563/563
f 562/562 563/563 564/564
f 564/564 563/563 565/565
f 564/564 565/565 566/566
f 566/566 565/565 567/567
f 566/566 567/567 568/568
f 568/568 567/567 569/569
f 568/568 569/569 570/570
f 570/570 569/569 571/571
f 570/570 571/571 572/572
f 572/572 571/571 357/357
f 572/572 357/357 355/355
f 561/561 573/573 563/563
f 563/563 573/573 574/574
f 563/563 574/574 565/565
f 565/565 574/574 575/575
f 565/565 575/575 567/567
f 567/567 575/575 576/576
f 567/567 576/576 569/569
f 569/569 576/576 577/577
f 569/569 577/577 571/571
f 571/571 577/577 359/359
f 571/571 359/359 357/357
f 573/573 578/578 574/574
f 574/574 578/578 579/579
f 574/574 579/579 575/575
f 575/575 579/579 580/580
f 575/575 580/580 576/576
f 576/576 580/580 581/581
f 576/576 581/581 577/577
f 577/577 581/581 361/361
f 577/577 361/361 359/359
f 578/578 582/582 579/579
f 579/579 582/582 583/583
f 579/579 583/583 584/584
f 584/584 583/583 585/585
f 584/584 585/585 586/586
f 586/586 585/585 587/587
f 586/586 587/587 367/367
f 367/367 587/587 369/369
f 371/371 588/588 373/373
f 373/373 588/588 589/589
f 373/373 589/589 375/375
f 375/375 589/589 590/590
f 375/375 590/590 377/377
f 377/377 590/590 591/591
f 377/377 591/591 379/379
f 379/379 591/591 592/592
f 379/379 592/592 381/381
f 381/381 592/592 593/593
f 381/381 593/593 383/383
f 383/383 593/593 594/594
f 383/383 594/594 385/385
f 385/385 594/594 595/595
f 385/385 595/595 387/387
f 387/387 595/595 111/111
f 387/387 111/111 113/113
f 588/588 596/596 589/589
f 589/589 596/596 597/597
f 589/589 597/597 590/590
f 590/590 597/597 598/598
f 590/590 598/598 591/591
f 591/591 598/598 599/599
f 591/591 599/599 592/592
f 592/592 599/599 600/600
f 592/592 600/600 593/593
f 593/593 600/600 601/601
f 593/593 601/601 594/594
f 594/594 601/601 602/602
f 594/594 602/602 595/595
f 595/595 602/602 109/109
f 595/595 109/109 111/111
f 596/596 603/603 597/597
f 597/597 603/603 604/604
f 597/597 604/604 598/598
f 598/598 604/604 605/605
f 598/598 605/605 599/599
f 599/599 605/605 606/606
f 599/599 606/606 600/600
f 600/600 606/606 607/607
f 600/600 607/607 601/601
f 601/601 607/607 608/608
f 601/601 608/608 602/602
f 602/602 608/608 107/107
f 602/602 107/107 109/109
f 603/603 609/609 604/604
f 604/604 609/609 610/610
f 604/604 610/610 605/605
f 605/605 610/610 611/611
f 605/605 611/611 606/606
f 606/606 611/611 612/612
f 606/606 612/612 607/607
f 607/607 612/612 613/613
f 607/607 613/613 608/608
f 608/608 613/613 105/105
f 608/608 105/105 107/107
f 609/609 614/614 610/610
f 610/610 614/614 615/615
f 610/610 615/615 611/611
f 611/611 615/615 616/616
f 611/611 616/616 612/612
f 612/612 616/616 617/617
f 612/612 617/617 613/613
f 613/613 617/617 103/103
f 613/613 103/103 105/105
f 614/614 618/618 615/615
f 615/615 618/618 619/619
f 615/615 619/619 616/616
f 616/616 619/619 620/620
f 616/616 620/620 617/617
f 617/617 620/620 101/101
f 617/617 101/101 103/103
f 618/618 621/621 619/619
f 619/619 621/621 622/622
f 619/619 622/622 97/97
f 97/97 622/622 95/95
f 620/620 619/619 97/97
f 370/370 372/372 623/623
f 623/623 372/372 374/374
f 623/623 374/374 624/624
f 624/624 374/374 376/376
f 624/624 376/376 625/625
f 625/625 376/376 378/378
f 625/625 378/378 626/626
f 626/626 378/378 380/380
f 626/626 380/380 627/627
f 627/627 380/380 382/382
f 627/627 382/382 628/628
f 628/628 382/382 384/384
f 628/628 384/384 629/629
f 629/629 384/384 386/386
f 629/629 386/386 630/630
f 630/630 386/386 388/388
f 630/630 388/388 631/631
f 631/631 388/388 115/115
f 631/631 115/115 117/117
f 368/368 370/370 632/632
f 632/632 370/370 623/623
f 632/632 623/623 633/633
f 633/633 623/623 624/624
f 633/633 624/624 634/634
f 634/634 624/624 625/625
f 634/634 625/625 635/635
f 635/635 625/625 626/626
f 635/635 626/626 636/636
f 636/636 626/626 627/627
f 636/636 627/627 637/637
f 637/637 627/627 628/628
f 637/637 628/628 638/638
f 638/638 628/628 629/629
f 638/638 629/629 639/639
f 639/639 629/629 630/630
f 639/639 630/630 640/640
f 640/640 630/630 631/631
f 640/640 631/631 641/641
f 641/641 631/631 117/117
f 641/641 117/117 119/119
f 367/367 365/365 586/586
f 586/586 365/365 642/642
f 586/586 642/642 584/584
f 584/584 642/642 580/580
f 584/584 580/580 579/579
f 560/560 562/562 643/643
f 643/643 562/562 564/564
f 643/643 564/564 644/644
f 644/644 564/564 566/566
f 644/644 566/566 645/645
f 645/645 566/566 568/568
f 645/645 568/568 646/646
f 646/646 568/568 570/570
f 646/646 570/570 647/647
f 647/647 570/570 572/572
f 647/647 572/572 648/648
f 648/648 572/572 355/355
f 648/648 355/355 353/353
f 557/557 560/560 649/649
f 649/649 560/560 643/643
f 649/649 643/643 650/650
f 650/650 643/643 644/644
f 650/650 644/644 651/651
f 651/651 644/644 645/645
f 651/651 645/645 652/652
f 652/652 645/645 646/646
f 652/652 646/646 653/653
f 653/653 646/646 647/647
f 653/653 647/647 654/654
f 654/654 647/647 648/648
f 654/654 648/648 655/655
f 655/655 648/648 353/353
f 655/655 353/353 351/351
f 555/555 557/557 656/656
f 656/656 557/557 649/649
f 656/656 649/649 657/657
f 657/657 649/649 650/650
f 657/657 650/650 658/658
f 658/658 650/650 651/651
f 658/658 651/651 659/659
f 659/659 651/651 652/652
f 659/659 652/652 660/660
f 660/660 652/652 653/653
f 660/660 653/653 661/661
f 661/661 653/653 654/654
f 661/661 654/654 662/662
f 662/662 654/654 655/655
f 662/662 655/655 663/663
f 663/663 655/655 351/351
f 663/663 351/351 349/349
f 552/552 555/555 664/664
f 664/664 555/555 656/656
f 664/664 656/656 665/665
f 665/665 656/656 657/657
f 665/665 657/657 666/666
f 666/666 657/657 658/658
f 666/666 658/658 667/667
f 667/667 658/658 659/659
f 667/667 659/659 668/668
f 668/668 659/659 660/660
f 668/668 660/660 669/669
f 669/669 660/660 661/661
f 669/669 661/661 670/670
f 670/670 661/661 662/662
f 670/670 662/662 671/671
f 671/671 662/662 663/663
f 671/671 663/663 672/672
f 672/672 663/663 349/349
f 672/672 349/349 347/347
f 438/438 552/552 673/673
f 673/673 552/552 664/664
f 673/673 664/664 674/674
f 674/674 664/664 665/665
f 674/674 665/665 675/675
f 675/675 665/665 666/666
f 675/675 666/666 676/676
f 676/676 666/666 667/667
f 676/676 667/667 677/677
f 677/677 667/667 668/668
f 677/677 668/668 678/678
f 678/678 668/668 669/669
f 678/678 669/669 679/679
f 679/679 669/669 670/670
f 679/679 670/670 680/680
f 680/680 670/670 671/671
f 680/680 671/671 681/681
f 681/681 671/671 672/672
f 681/681 672/672 682/682
f 682/682 672/672 347/347
f 682/682 347/347 345/345
f 487/487 486/486 550/550
f 550/550 486/486 683/683
f 550/550 683/683 509/509
f 509/509 683/683 507/507
f 534/534 533/533 548/548
f 548/548 533/533 684/684
f 548/548 684/684 546/546
f 546/546 684/684 685/685
f 546/546 685/685 542/542
f 542/542 685/685 540/540
f 101/101 620/620 99/99
f 99/99 620/620 97/97
f 368/368 632/632 366/366
f 366/366 632/632 686/686
f 366/366 686/686 364/364
f 364/364 686/686 687/687
f 364/364 687/687 362/362
f 362/362 687/687 688/688
f 362/362 688/688 360/360
f 360/360 688/688 689/689
f 360/360 689/689 358/358
f 358/358 689/689 690/690
f 358/358 690/690 356/356
f 356/356 690/690 691/691
f 356/356 691/691 354/354
f 354/354 691/691 692/692
f 354/354 692/692 352/352
f 352/352 692/692 693/693
f 352/352 693/693 350/350
f 350/350 693/693 694/694
f 350/350 694/694 348/348
f 348/348 694/694 695/695
f 348/348 695/695 346/346
f 346/346 695/695 696/696
f 346/346 696/696 344/344
f 344/344 696/696 697/697
f 344/344 697/697 342/342
f 342/342 697/697 698/698
f 342/342 698/698 340/340
f 340/340 698/698 699/699
f 340/340 699/699 338/338
f 338/338 699/699 700/700
f 338/338 700/700 336/336
f 336/336 700/700 701/701
f 336/336 701/701 334/334
f 334/334 701/701 702/702
f 334/334 702/702 332/332
f 332/332 702/702 703/703
f 332/332 703/703 330/330
f 330/330 703/703 321/321
f 330/330 321/321 323/323
f 686/686 632/632 633/633
f 581/581 580/580 642/642
f 581/581 642/642 363/363
f 363/363 642/642 365/365
f 438/438 673/673 436/436
f 436/436 673/673 704/704
f 436/436 704/704 434/434
f 434/434 704/704 705/705
f 434/434 705/705 432/432
f 432/432 705/705 706/706
f 432/432 706/706 430/430
f 430/430 706/706 707/707
f 430/430 707/707 428/428
f 428/428 707/707 708/708
f 428/428 708/708 426/426
f 426/426 708/708 709/709
f 426/426 709/709 424/424
f 424/424 709/709 710/710
f 424/424 710/710 422/422
f 422/422 710/710 711/711
f 422/422 711/711 420/420
f 420/420 711/711 712/712
f 420/420 712/712 418/418
f 418/418 712/712 713/713
f 418/418 713/713 416/416
f 416/416 713/713 714/714
f 416/416 714/714 414/414
f 414/414 714/714 715/715
f 414/414 715/715 412/412
f 412/412 715/715 716/716
f 412/412 716/716 410/410
f 410/410 716/716 717/717
f 410/410 717/717 408/408
f 408/408 717/717 718/718
f 408/408 718/718 406/406
f 406/406 718/718 404/404
f 704/704 673/673 674/674
f 486/486 485/485 683/683
f 683/683 485/485 719/719
f 683/683 719/719 507/507
f 507/507 719/719 505/505
f 533/533 532/532 684/684
f 684/684 532/532 720/720
f 684/684 720/720 685/685
f 685/685 720/720 538/538
f 685/685 538/538 540/540
f 686/686 633/633 721/721
f 721/721 633/633 634/634
f 721/721 634/634 722/722
f 722/722 634/634 635/635
f 722/722 635/635 723/723
f 723/723 635/635 636/636
f 723/723 636/636 724/724
f 724/724 636/636 637/637
f 724/724 637/637 725/725
f 725/725 637/637 638/638
f 725/725 638/638 726/726
f 726/726 638/638 639/639
f 726/726 639/639 727/727
f 727/727 639/639 640/640
f 727/727 640/640 728/728
f 728/728 640/640 641/641
f 728/728 641/641 729/729
f 729/729 641/641 119/119
f 729/729 119/119 121/121
f 686/686 721/721 687/687
f 687/687 721/721 730/730
f 687/687 730/730 688/688
f 688/688 730/730 731/731
f 688/688 731/731 689/689
f 689/689 731/731 732/732
f 689/689 732/732 690/690
f 690/690 732/732 733/733
f 690/690 733/733 691/691
f 691/691 733/733 734/734
f 691/691 734/734 692/692
f 692/692 734/734 735/735
f 692/692 735/735 693/693
f 693/693 735/735 736/736
f 693/693 736/736 694/694
f 694/694 736/736 737/737
f 694/694 737/737 695/695
f 695/695 737/737 738/738
f 695/695 738/738 696/696
f 696/696 738/738 739/739
f 696/696 739/739 697/697
f 697/697 739/739 740/740
f 697/697 740/740 698/698
f 698/698 740/740 741/741
f 698/698 741/741 699/699
f 699/699 741/741 742/742
f 699/699 742/742 700/700
f 700/700 742/742 743/743
f 700/700 743/743 701/701
f 701/701 743/743 744/744
f 701/701 744/744 702/702
f 702/702 744/744 745/745
f 702/702 745/745 703/703
f 703/703 745/745 319/319
f 703/703 319/319 321/321
f 730/730 721/721 722/722
f 581/581 363/363 361/361
f 704/704 674/674 746/746
f 746/746 674/674 675/675
f 746/746 675/675 747/747
f 747/747 675/675 676/676
f 747/747 676/676 748/748
f 748/748 676/676 677/677
f 748/748 677/677 749/749
f 749/749 677/677 678/678
f 749/749 678/678 750/750
f 750/750 678/678 679/679
f 750/750 679/679 751/751
f 751/751 679/679 680/680
f 751/751 680/680 752/752
f 752/752 680/680 681/681
f 752/752 681/681 753/753
f 753/753 681/681 682/682
f 753/753 682/682 754/754
f 754/754 682/682 345/345
f 754/754 345/345 343/343
f 704/704 746/746 705/705
f 705/705 746/746 755/755
f 705/705 755/755 706/706
f 706/706 755/755 756/756
f 706/706 756/756 707/707
f 707/707 756/756 757/757
f 707/707 757/757 708/708
f 708/708 757/757 758/758
f 708/708 758/758 709/709
f 709/709 758/758 759/759
f 709/709 759/759 710/710
f 710/710 759/759 760/760
f 710/710 760/760 711/711
f 711/711 760/760 761/761
f 711/711 761/761 712/712
f 712/712 761/761 762/762
f 712/712 762/762 713/713
f 713/713 762/762 763/763
f 713/713 763/763 714/714
f 714/714 763/763 764/764
f 714/714 764/764 715/715
f 715/715 764/764 765/765
f 715/715 765/765 716/716
f 716/716 765/765 766/766
f 716/716 766/766 717/717
f 717/717 766/766 767/767
f 717/717 767/767 718/718
f 718/718 767/767 768/768
f 718/718 768/768 404/404
f 404/404 768/768 402/402
f 755/755 746/746 747/747
f 719/719 485/485 484/484
f 505/505 719/719 769/769
f 769/769 719/719 484/484
f 769/769 484/484 483/483
f 505/505 769/769 503/503
f 503/503 769/769 770/770
f 503/503 770/770 501/501
f 501/501 770/770 771/771
f 501/501 771/771 499/499
f 499/499 771/771 772/772
f 499/499 772/772 497/497
f 497/497 772/772 773/773
f 497/497 773/773 495/495
f 495/495 773/773 774/774
f 495/495 774/774 493/493
f 493/493 774/774 491/491
f 770/770 769/769 483/483
f 720/720 532/532 531/531
f 538/538 720/720 536/536
f 536/536 720/720 531/531
f 536/536 531/531 530/530
f 730/730 722/722 775/775
f 775/775 722/722 723/723
f 775/775 723/723 776/776
f 776/776 723/723 724/724
f 776/776 724/724 777/777
f 777/777 724/724 725/725
f 777/777 725/725 778/778
f 778/778 725/725 726/726
f 778/778 726/726 779/779
f 779/779 726/726 727/727
f 779/779 727/727 780/780
f 780/780 727/727 728/728
f 780/780 728/728 781/781
f 781/781 728/728 729/729
f 781/781 729/729 782/782
f 782/782 729/729 121/121
f 782/782 121/121 123/123
f 755/755 747/747 783/783
f 783/783 747/747 748/748
f 783/783 748/748 784/784
f 784/784 748/748 749/749
f 784/784 749/749 785/785
f 785/785 749/749 750/750
f 785/785 750/750 786/786
f 786/786 750/750 751/751
f 786/786 751/751 787/787
f 787/787 751/751 752/752
f 787/787 752/752 788/788
f 788/788 752/752 753/753
f 788/788 753/753 789/789
f 789/789 753/753 754/754
f 789/789 754/754 790/790
f 790/790 754/754 343/343
f 790/790 343/343 341/341
f 771/771 770/770 482/482
f 482/482 770/770 483/483
f 181/181 302/302 164/164
f 164/164 302/302 165/165
f 166/166 165/165 300/300
f 300/300 165/165 302/302
f 776/776 791/791 775/775
f 775/775 791/791 731/731
f 775/775 731/731 730/730
f 731/731 791/791 732/732
f 732/732 791/791 792/792
f 732/732 792/792 733/733
f 733/733 792/792 793/793
f 733/733 793/793 734/734
f 734/734 793/793 794/794
f 734/734 794/794 735/735
f 735/735 794/794 795/795
f 735/735 795/795 736/736
f 736/736 795/795 796/796
f 736/736 796/796 737/737
f 737/737 796/796 797/797
f 737/737 797/797 738/738
f 738/738 797/797 798/798
f 738/738 798/798 739/739
f 739/739 798/798 799/799
f 739/739 799/799 740/740
f 740/740 799/799 800/800
f 740/740 800/800 741/741
f 741/741 800/800 801/801
f 741/741 801/801 742/742
f 742/742 801/801 802/802
f 742/742 802/802 743/743
f 743/743 802/802 803/803
f 743/743 803/803 744/744
f 744/744 803/803 804/804
f 744/744 804/804 745/745
f 745/745 804/804 317/317
f 745/745 317/317 319/319
f 791/791 776/776 805/805
f 805/805 776/776 777/777
f 805/805 777/777 806/806
f 806/806 777/777 778/778
f 806/806 778/778 807/807
f 807/807 778/778 779/779
f 807/807 779/779 808/808
f 808/808 779/779 780/780
f 808/808 780/780 809/809
f 809/809 780/780 781/781
f 809/809 781/781 810/810
f 810/810 781/781 782/782
f 810/810 782/782 811/811
f 811/811 782/782 123/123
f 811/811 123/123 125/125
f 784/784 812/812 783/783
f 783/783 812/812 756/756
f 783/783 756/756 755/755
f 756/756 812/812 757/757
f 757/757 812/812 813/813
f 757/757 813/813 758/758
f 758/758 813/813 814/814
f 758/758 814/814 759/759
f 759/759 814/814 815/815
f 759/759 815/815 760/760
f 760/760 815/815 816/816
f 760/760 816/816 761/761
f 761/761 816/816 817/817
f 761/761 817/817 762/762
f 762/762 817/817 763/763
f 812/812 784/784 818/818
f 818/818 784/784 785/785
f 818/818 785/785 819/819
f 819/819 785/785 786/786
f 819/819 786/786 820/820
f 820/820 786/786 787/787
f 820/820 787/787 821/821
f 821/821 787/787 788/788
f 821/821 788/788 822/822
f 822/822 788/788 789/789
f 822/822 789/789 823/823
f 823/823 789/789 790/790
f 823/823 790/790 824/824
f 824/824 790/790 341/341
f 824/824 341/341 339/339
f 771/771 482/482 481/481
f 771/771 481/481 772/772
f 772/772 481/481 480/480
f 772/772 480/480 773/773
f 773/773 480/480 479/479
f 773/773 479/479 774/774
f 774/774 479/479 478/478
f 774/774 478/478 491/491
f 491/491 478/478 477/477
f 163/163 181/181 164/164
f 183/183 185/185 301/301
f 301/301 185/185 825/825
f 301/301 825/825 299/299
f 299/299 825/825 826/826
f 299/299 826/826 297/297
f 297/297 826/826 827/827
f 297/297 827/827 295/295
f 295/295 827/827 828/828
f 295/295 828/828 293/293
f 293/293 828/828 195/195
f 293/293 195/195 291/291
f 291/291 195/195 197/197
f 291/291 197/197 289/289
f 289/289 197/197 199/199
f 289/289 199/199 287/287
f 287/287 199/199 201/201
f 287/287 201/201 285/285
f 285/285 201/201 203/203
f 285/285 203/203 283/283
f 283/283 203/203 205/205
f 283/283 205/205 281/281
f 281/281 205/205 207/207
f 281/281 207/207 279/279
f 279/279 207/207 209/209
f 279/279 209/209 277/277
f 277/277 209/209 211/211
f 277/277 211/211 213/213
f 167/167 166/166 298/298
f 298/298 166/166 300/300
f 791/791 805/805 792/792
f 792/792 805/805 829/829
f 792/792 829/829 793/793
f 793/793 829/829 830/830
f 793/793 830/830 794/794
f 794/794 830/830 831/831
f 794/794 831/831 795/795
f 795/795 831/831 832/832
f 795/795 832/832 796/796
f 796/796 832/832 833/833
f 796/796 833/833 797/797
f 797/797 833/833 834/834
f 797/797 834/834 798/798
f 798/798 834/834 835/835
f 798/798 835/835 799/799
f 799/799 835/835 836/836
f 799/799 836/836 800/800
f 800/800 836/836 837/837
f 800/800 837/837 801/801
f 801/801 837/837 838/838
f 801/801 838/838 802/802
f 802/802 838/838 839/839
f 802/802 839/839 803/803
f 803/803 839/839 840/840
f 803/803 840/840 804/804
f 804/804 840/840 315/315
f 804/804 315/315 317/317
f 829/829 805/805 806/806
f 812/812 818/818 813/813
f 813/813 818/818 841/841
f 813/813 841/841 814/814
f 814/814 841/841 842/842
f 814/814 842/842 815/815
f 815/815 842/842 843/843
f 815/815 843/843 816/816
f 816/816 843/843 844/844
f 816/816 844/844 817/817
f 817/817 844/844 845/845
f 817/817 845/845 763/763
f 763/763 845/845 846/846
f 763/763 846/846 764/764
f 764/764 846/846 847/847
f 764/764 847/847 765/765
f 765/765 847/847 848/848
f 765/765 848/848 766/766
f 766/766 848/848 849/849
f 766/766 849/849 767/767
f 767/767 849/849 850/850
f 767/767 850/850 768/768
f 768/768 850/850 851/851
f 768/768 851/851 402/402
f 402/402 851/851 400/400
f 841/841 818/818 819/819
f 187/187 189/189 825/825
f 825/825 189/189 826/826
f 827/827 826/826 191/191
f 191/191 826/826 189/189
f 167/167 298/298 296/296
f 167/167 296/296 168/168
f 168/168 296/296 294/294
f 168/168 294/294 169/169
f 169/169 294/294 292/292
f 169/169 292/292 170/170
f 170/170 292/292 290/290
f 170/170 290/290 852/852
f 852/852 290/290 288/288
f 852/852 288/288 853/853
f 853/853 288/288 286/286
f 853/853 286/286 854/854
f 854/854 286/286 284/284
f 854/854 284/284 855/855
f 855/855 284/284 282/282
f 855/855 282/282 856/856
f 856/856 282/282 280/280
f 856/856 280/280 857/857
f 857/857 280/280 278/278
f 857/857 278/278 858/858
f 858/858 278/278 276/276
f 858/858 276/276 859/859
f 859/859 276/276 275/275
f 859/859 275/275 274/274
f 829/829 806/806 860/860
f 860/860 806/806 807/807
f 860/860 807/807 861/861
f 861/861 807/807 808/808
f 861/861 808/808 862/862
f 862/862 808/808 809/809
f 862/862 809/809 863/863
f 863/863 809/809 810/810
f 863/863 810/810 864/864
f 864/864 810/810 811/811
f 864/864 811/811 865/865
f 865/865 811/811 125/125
f 865/865 125/125 127/127
f 829/829 860/860 830/830
f 830/830 860/860 866/866
f 830/830 866/866 831/831
f 831/831 866/866 867/867
f 831/831 867/867 832/832
f 832/832 867/867 868/868
f 832/832 868/868 833/833
f 833/833 868/868 869/869
f 833/833 869/869 834/834
f 834/834 869/869 870/870
f 834/834 870/870 835/835
f 835/835 870/870 871/871
f 835/835 871/871 836/836
f 836/836 871/871 872/872
f 836/836 872/872 837/837
f 837/837 872/872 873/873
f 837/837 873/873 838/838
f 838/838 873/873 874/874
f 838/838 874/874 839/839
f 839/839 874/874 875/875
f 839/839 875/875 840/840
f 840/840 875/875 313/313
f 840/840 313/313 315/315
f 866/866 860/860 861/861
f 841/841 819/819 876/876
f 876/876 819/819 820/820
f 876/876 820/820 877/877
f 877/877 820/820 821/821
f 877/877 821/821 878/878
f 878/878 821/821 822/822
f 878/878 822/822 879/879
f 879/879 822/822 823/823
f 879/879 823/823 880/880
f 880/880 823/823 824/824
f 880/880 824/824 881/881
f 881/881 824/824 339/339
f 881/881 339/339 337/337
f 841/841 876/876 842/842
f 842/842 876/876 882/882
f 842/842 882/882 843/843
f 843/843 882/882 883/883
f 843/843 883/883 844/844
f 844/844 883/883 884/884
f 844/844 884/884 845/845
f 845/845 884/884 885/885
f 845/845 885/885 846/846
f 846/846 885/885 886/886
f 846/846 886/886 847/847
f 847/847 886/886 887/887
f 847/847 887/887 848/848
f 848/848 887/887 888/888
f 848/848 888/888 849/849
f 849/849 888/888 889/889
f 849/849 889/889 850/850
f 850/850 889/889 890/890
f 850/850 890/890 851/851
f 851/851 890/890 891/891
f 851/851 891/891 400/400
f 400/400 891/891 397/397
f 882/882 876/876 877/877
f 185/185 187/187 825/825
f 828/828 827/827 193/193
f 193/193 827/827 191/191
f 866/866 861/861 892/892
f 892/892 861/861 862/862
f 892/892 862/862 893/893
f 893/893 862/862 863/863
f 893/893 863/863 894/894
f 894/894 863/863 864/864
f 894/894 864/864 895/895
f 895/895 864/864 865/865
f 895/895 865/865 896/896
f 896/896 865/865 127/127
f 896/896 127/127 129/129
f 882/882 877/877 897/897
f 897/897 877/877 878/878
f 897/897 878/878 898/898
f 898/898 878/878 879/879
f 898/898 879/879 899/899
f 899/899 879/879 880/880
f 899/899 880/880 900/900
f 900/900 880/880 881/881
f 900/900 881/881 901/901
f 901/901 881/881 337/337
f 901/901 337/337 335/335
f 883/883 897/897 902/902
f 902/902 897/897 898/898
f 902/902 898/898 903/903
f 903/903 898/898 899/899
f 903/903 899/899 904/904
f 904/904 899/899 900/900
f 904/904 900/900 905/905
f 905/905 900/900 901/901
f 905/905 901/901 906/906
f 906/906 901/901 335/335
f 906/906 335/335 333/333
f 897/897 883/883 882/882
f 867/867 892/892 907/907
f 907/907 892/892 893/893
f 907/907 893/893 908/908
f 908/908 893/893 894/894
f 908/908 894/894 909/909
f 909/909 894/894 895/895
f 909/909 895/895 910/910
f 910/910 895/895 896/896
f 910/910 896/896 911/911
f 911/911 896/896 129/129
f 911/911 129/129 131/131
f 892/892 867/867 866/866
f 193/193 195/195 828/828
f 194/194 192/192 220/220
f 196/196 194/194 222/222
f 222/222 194/194 220/220
f 171/171 170/170 852/852
f 172/172 171/171 853/853
f 853/853 171/171 852/852
f 867/867 907/907 868/868
f 868/868 907/907 912/912
f 868/868 912/912 869/869
f 869/869 912/912 913/913
f 869/869 913/913 870/870
f 870/870 913/913 914/914
f 870/870 914/914 871/871
f 871/871 914/914 915/915
f 871/871 915/915 872/872
f 872/872 915/915 916/916
f 872/872 916/916 873/873
f 873/873 916/916 917/917
f 873/873 917/917 874/874
f 874/874 917/917 918/918
f 874/874 918/918 875/875
f 875/875 918/918 311/311
f 875/875 311/311 313/313
f 912/912 907/907 908/908
f 883/883 902/902 884/884
f 884/884 902/902 919/919
f 884/884 919/919 885/885
f 885/885 919/919 920/920
f 885/885 920/920 886/886
f 886/886 920/920 921/921
f 886/886 921/921 887/887
f 887/887 921/921 922/922
f 887/887 922/922 888/888
f 888/888 922/922 923/923
f 888/888 923/923 889/889
f 889/889 923/923 924/924
f 889/889 924/924 890/890
f 890/890 924/924 925/925
f 890/890 925/925 891/891
f 891/891 925/925 395/395
f 891/891 395/395 397/397
f 919/919 902/902 903/903
f 219/219 241/241 221/221
f 221/221 241/241 926/926
f 221/221 926/926 223/223
f 223/223 926/926 927/927
f 223/223 927/927 225/225
f 225/225 927/927 928/928
f 225/225 928/928 227/227
f 227/227 928/928 929/929
f 227/227 929/929 229/229
f 229/229 929/929 930/930
f 229/229 930/930 231/231
f 231/231 930/930 931/931
f 231/231 931/931 233/233
f 233/233 931/931 272/272
f 233/233 272/272 235/235
f 198/198 196/196 224/224
f 224/224 196/196 222/222
f 173/173 172/172 854/854
f 854/854 172/172 853/853
f 912/912 908/908 932/932
f 932/932 908/908 909/909
f 932/932 909/909 933/933
f 933/933 909/909 910/910
f 933/933 910/910 934/934
f 934/934 910/910 911/911
f 934/934 911/911 935/935
f 935/935 911/911 131/131
f 935/935 131/131 133/133
f 919/919 903/903 936/936
f 936/936 903/903 904/904
f 936/936 904/904 937/937
f 937/937 904/904 905/905
f 937/937 905/905 938/938
f 938/938 905/905 906/906
f 938/938 906/906 939/939
f 939/939 906/906 333/333
f 939/939 333/333 331/331
f 241/241 243/243 926/926
f 926/926 243/243 940/940
f 926/926 940/940 927/927
f 927/927 940/940 941/941
f 927/927 941/941 928/928
f 928/928 941/941 942/942
f 928/928 942/942 929/929
f 929/929 942/942 943/943
f 929/929 943/943 930/930
f 930/930 943/943 944/944
f 930/930 944/944 931/931
f 931/931 944/944 270/270
f 931/931 270/270 272/272
f 200/200 198/198 226/226
f 226/226 198/198 224/224
f 174/174 173/173 855/855
f 855/855 173/173 854/854
f 912/912 932/932 913/913
f 913/913 932/932 945/945
f 913/913 945/945 914/914
f 914/914 945/945 946/946
f 914/914 946/946 915/915
f 915/915 946/946 947/947
f 915/915 947/947 916/916
f 916/916 947/947 948/948
f 916/916 948/948 917/917
f 917/917 948/948 949/949
f 917/917 949/949 918/918
f 918/918 949/949 309/309
f 918/918 309/309 311/311
f 945/945 932/932 933/933
f 919/919 936/936 920/920
f 920/920 936/936 950/950
f 920/920 950/950 921/921
f 921/921 950/950 951/951
f 921/921 951/951 922/922
f 922/922 951/951 952/952
f 922/922 952/952 923/923
f 923/923 952/952 953/953
f 923/923 953/953 924/924
f 924/924 953/953 954/954
f 924/924 954/954 925/925
f 925/925 954/954 393/393
f 925/925 393/393 395/395
f 950/950 936/936 937/937
f 243/243 245/245 940/940
f 940/940 245/245 955/955
f 940/940 955/955 941/941
f 941/941 955/955 956/956
f 941/941 956/956 942/942
f 942/942 956/956 957/957
f 942/942 957/957 943/943
f 943/943 957/957 958/958
f 943/943 958/958 944/944
f 944/944 958/958 268/268
f 944/944 268/268 270/270
f 202/202 200/200 228/228
f 228/228 200/200 226/226
f 175/175 174/174 856/856
f 856/856 174/174 855/855
f 945/945 933/933 959/959
f 959/959 933/933 934/934
f 959/959 934/934 960/960
f 960/960 934/934 935/935
f 960/960 935/935 961/961
f 961/961 935/935 133/133
f 961/961 133/133 135/135
f 950/950 937/937 962/962
f 962/962 937/937 938/938
f 962/962 938/938 963/963
f 963/963 938/938 939/939
f 963/963 939/939 964/964
f 964/964 939/939 331/331
f 964/964 331/331 329/329
f 245/245 247/247 955/955
f 955/955 247/247 965/965
f 955/955 965/965 956/956
f 956/956 965/965 966/966
f 956/956 966/966 957/957
f 957/957 966/966 967/967
f 957/957 967/967 958/958
f 958/958 967/967 266/266
f 958/958 266/266 268/268
f 204/204 202/202 230/230
f 230/230 202/202 228/228
f 176/176 175/175 857/857
f 857/857 175/175 856/856
f 945/945 959/959 946/946
f 946/946 959/959 968/968
f 946/946 968/968 947/947
f 947/947 968/968 969/969
f 947/947 969/969 948/948
f 948/948 969/969 970/970
f 948/948 970/970 949/949
f 949/949 970/970 307/307
f 949/949 307/307 309/309
f 968/968 959/959 960/960
f 950/950 962/962 951/951
f 951/951 962/962 971/971
f 951/951 971/971 952/952
f 952/952 971/971 972/972
f 952/952 972/972 953/953
f 953/953 972/972 973/973
f 953/953 973/973 954/954
f 954/954 973/973 391/391
f 954/954 391/391 393/393
f 971/971 962/962 963/963
f 971/971 963/963 974/974
f 974/974 963/963 964/964
f 974/974 964/964 975/975
f 975/975 964/964 329/329
f 975/975 329/329 328/328
f 968/968 960/960 976/976
f 976/976 960/960 961/961
f 976/976 961/961 977/977
f 977/977 961/961 135/135
f 977/977 135/135 137/137
f 177/177 176/176 858/858
f 858/858 176/176 857/857
f 206/206 204/204 232/232
f 232/232 204/204 230/230
f 966/966 965/965 251/251
f 251/251 965/965 249/249
f 249/249 965/965 247/247
f 967/967 966/966 253/253
f 253/253 966/966 251/251
f 208/208 206/206 234/234
f 234/234 206/206 232/232
f 178/178 177/177 859/859
f 859/859 177/177 858/858
f 968/968 976/976 969/969
f 969/969 976/976 978/978
f 969/969 978/978 970/970
f 970/970 978/978 304/304
f 970/970 304/304 307/307
f 978/978 976/976 977/977
f 971/971 974/974 972/972
f 972/972 974/974 979/979
f 972/972 979/979 973/973
f 973/973 979/979 389/389
f 973/973 389/389 391/391
f 979/979 974/974 975/975
f 266/266 967/967 255/255
f 255/255 967/967 253/253
f 210/210 208/208 236/236
f 236/236 208/208 234/234
f 274/274 178/178 859/859
f 137/137 139/139 977/977
f 977/977 139/139 978/978
f 139/139 304/304 978/978
f 328/328 327/327 975/975
f 975/975 327/327 979/979
f 327/327 389/389 979/979
f 980/980 981/981 982/982
f 982/982 981/981 983/983
f 982/982 983/983 984/984
f 984/984 983/983 985/985
f 984/984 985/985 986/986
f 986/986 985/985 987/987
f 986/986 987/987 988/988
f 988/988 987/987 989/989
f 988/988 989/989 990/990
f 990/990 989/989 991/991
f 990/990 991/991 992/992
f 992/992 991/991 993/993
f 992/992 993/993 994/994
f 994/994 993/993 995/995
f 994/994 995/995 996/996
f 996/996 995/995 997/997
f 996/996 997/997 998/998
f 998/998 997/997 999/999
f 998/998 999/999 1000/1000
f 1000/1000 999/999 1001/1001
f 1000/1000 1001/1001 1002/1002
f 1002/1002 1001/1001 1003/1003
f 1002/1002 1003/1003 1004/1004
f 1004/1004 1003/1003 1005/1005
f 1004/1004 1005/1005 1006/1006
f 1006/1006 1005/1005 1007/1007
f 1006/1006 1007/1007 1008/1008
f 1008/1008 1007/1007 1009/1009
f 1008/1008 1009/1009 1010/1010
f 1010/1010 1009/1009 1011/1011
f 1010/1010 1011/1011 1012/1012
f 1012/1012 1011/1011 1013/1013
f 1012/1012 1013/1013 1014/1014
f 1014/1014 1013/1013 1015/1015
f 1014/1014 1015/1015 1016/1016
f 1016/1016 1015/1015 1017/1017
f 1016/1016 1017/1017 1018/1018
f 1018/1018 1017/1017 1019/1019
f 1018/1018 1019/1019 1020/1020
f 1020/1020 1019/1019 1021/1021
f 1020/1020 1021/1021 1022/1022
f 1022/1022 1021/1021 1023/1023
f 1022/1022 1023/1023 1024/1024
f 1024/1024 1023/1023 1025/1025
f 1024/1024 1025/1025 1026/1026
f 1026/1026 1025/1025 1027/1027
f 1026/1026 1027/1027 1028/1028
f 1028/1028 1027/1027 1029/1029
f 1028/1028 1029/1029 1030/1030
f 1030/1030 1029/1029 1031/1031
f 1030/1030 1031/1031 1032/1032
f 1032/1032 1031/1031 1033/1033
f 1032/1032 1033/1033 1034/1034
f 983/983 981/981 1035/1035
f 1035/1035 981/981 1036/1036
f 1035/1035 1036/1036 1037/1037
f 1037/1037 1036/1036 1038/1038
f 1037/1037 1038/1038 1039/1039
f 1039/1039 1038/1038 1040/1040
f 1039/1039 1040/1040 1041/1041
f 1041/1041 1040/1040 1042/1042
f 1041/1041 1042/1042 1043/1043
f 1043/1043 1042/1042 1044/1044
f 1043/1043 1044/1044 1045/1045
f 1045/1045 1044/1044 1046/1046
f 1045/1045 1046/1046 1047/1047
f 1047/1047 1046/1046 1048/1048
f 1047/1047 1048/1048 1049/1049
f 1049/1049 1048/1048 1050/1050
f 1049/1049 1050/1050 1051/1051
f 1051/1051 1050/1050 1052/1052
f 1051/1051 1052/1052 1053/1053
f 1053/1053 1052/1052 1054/1054
f 1053/1053 1054/1054 1055/1055
f 1055/1055 1054/1054 1056/1056
f 1055/1055 1056/1056 1057/1057
f 1057/1057 1056/1056 1058/1058
f 1057/1057 1058/1058 1059/1059
f 1059/1059 1058/1058 1060/1060
f 1059/1059 1060/1060 1061/1061
f 1061/1061 1060/1060 1062/1062
f 1061/1061 1062/1062 1063/1063
f 1063/1063 1062/1062 1064/1064
f 1063/1063 1064/1064 1065/1065
f 1065/1065 1064/1064 1066/1066
f 1065/1065 1066/1066 1067/1067
f 1067/1067 1066/1066 1068/1068
f 1067/1067 1068/1068 1069/1069
f 1069/1069 1068/1068 1070/1070
f 1069/1069 1070/1070 1071/1071
f 1071/1071 1070/1070 1072/1072
f 1071/1071 1072/1072 1073/1073
f 1073/1073 1072/1072 1074/1074
f 1073/1073 1074/1074 1075/1075
f 1075/1075 1074/1074 1076/1076
f 1075/1075 1076/1076 1077/1077
f 1077/1077 1076/1076 1078/1078
f 1077/1077 1078/1078 1079/1079
f 1079/1079 1078/1078 1080/1080
f 1079/1079 1080/1080 1081/1081
f 1081/1081 1080/1080 1082/1082
f 1081/1081 1082/1082 1083/1083
f 1083/1083 1082/1082 1084/1084
f 1083/1083 1084/1084 1085/1085
f 1085/1085 1084/1084 1019/1019
f 1085/1085 1019/1019 1017/1017
f 1038/1038 1086/1086 1040/1040
f 1040/1040 1086/1086 1087/1087
f 1040/1040 1087/1087 1042/1042
f 1042/1042 1087/1087 1088/1088
f 1042/1042 1088/1088 1044/1044
f 1044/1044 1088/1088 1089/1089
f 1044/1044 1089/1089 1046/1046
f 1046/1046 1089/1089 1090/1090
f 1046/1046 1090/1090 1048/1048
f 1048/1048 1090/1090 1091/1091
f 1048/1048 1091/1091 1050/1050
f 1050/1050 1091/1091 1092/1092
f 1050/1050 1092/1092 1052/1052
f 1052/1052 1092/1092 1093/1093
f 1052/1052 1093/1093 1054/1054
f 1054/1054 1093/1093 1094/1094
f 1054/1054 1094/1094 1056/1056
f 1056/1056 1094/1094 1095/1095
f 1056/1056 1095/1095 1058/1058
f 1058/1058 1095/1095 1096/1096
f 1058/1058 1096/1096 1060/1060
f 1060/1060 1096/1096 1097/1097
f 1060/1060 1097/1097 1062/1062
f 1062/1062 1097/1097 1098/1098
f 1062/1062 1098/1098 1064/1064
f 1064/1064 1098/1098 1099/1099
f 1064/1064 1099/1099 1066/1066
f 1066/1066 1099/1099 1100/1100
f 1066/1066 1100/1100 1068/1068
f 1068/1068 1100/1100 1101/1101
f 1068/1068 1101/1101 1070/1070
f 1086/1086 1102/1102 1087/1087
f 1087/1087 1102/1102 1103/1103
f 1087/1087 1103/1103 1088/1088
f 1088/1088 1103/1103 1104/1104
f 1088/1088 1104/1104 1089/1089
f 1089/1089 1104/1104 1105/1105
f 1089/1089 1105/1105 1090/1090
f 1090/1090 1105/1105 1106/1106
f 1090/1090 1106/1106 1091/1091
f 1091/1091 1106/1106 1107/1107
f 1091/1091 1107/1107 1092/1092
f 1092/1092 1107/1107 1108/1108
f 1092/1092 1108/1108 1093/1093
f 1093/1093 1108/1108 1109/1109
f 1093/1093 1109/1109 1094/1094
f 1094/1094 1109/1109 1110/1110
f 1094/1094 1110/1110 1095/1095
f 1095/1095 1110/1110 1111/1111
f 1095/1095 1111/1111 1096/1096
f 1096/1096 1111/1111 1112/1112
f 1096/1096 1112/1112 1097/1097
f 1097/1097 1112/1112 1113/1113
f 1097/1097 1113/1113 1098/1098
f 1098/1098 1113/1113 1114/1114
f 1098/1098 1114/1114 1099/1099
f 1099/1099 1114/1114 1115/1115
f 1099/1099 1115/1115 1100/1100
f 1100/1100 1115/1115 1116/1116
f 1100/1100 1116/1116 1101/1101
f 1102/1102 1117/1117 1103/1103
f 1103/1103 1117/1117 1118/1118
f 1103/1103 1118/1118 1104/1104
f 1104/1104 1118/1118 1119/1119
f 1104/1104 1119/1119 1105/1105
f 1105/1105 1119/1119 1120/1120
f 1105/1105 1120/1120 1106/1106
f 1106/1106 1120/1120 1121/1121
f 1106/1106 1121/1121 1107/1107
f 1107/1107 1121/1121 1122/1122
f 1107/1107 1122/1122 1108/1108
f 1108/1108 1122/1122 1123/1123
f 1108/1108 1123/1123 1109/1109
f 1109/1109 1123/1123 1124/1124
f 1109/1109 1124/1124 1110/1110
f 1110/1110 1124/1124 1125/1125
f 1110/1110 1125/1125 1111/1111
f 1111/1111 1125/1125 1126/1126
f 1111/1111 1126/1126 1112/1112
f 1112/1112 1126/1126 1127/1127
f 1112/1112 1127/1127 1113/1113
f 1113/1113 1127/1127 1128/1128
f 1113/1113 1128/1128 1114/1114
f 1114/1114 1128/1128 1129/1129
f 1114/1114 1129/1129 1115/1115
f 1115/1115 1129/1129 1130/1130
f 1115/1115 1130/1130 1116/1116
f 1118/1118 1117/1117 1131/1131
f 1131/1131 1117/1117 1132/1132
f 1131/1131 1132/1132 1133/1133
f 1133/1133 1132/1132 1134/1134
f 1133/1133 1134/1134 1135/1135
f 1135/1135 1134/1134 1136/1136
f 1135/1135 1136/1136 1137/1137
f 1137/1137 1136/1136 1138/1138
f 1137/1137 1138/1138 1139/1139
f 1139/1139 1138/1138 1140/1140
f 1139/1139 1140/1140 1141/1141
f 1141/1141 1140/1140 1142/1142
f 1141/1141 1142/1142 1143/1143
f 1143/1143 1142/1142 1144/1144
f 1143/1143 1144/1144 1145/1145
f 1145/1145 1144/1144 1146/1146
f 1145/1145 1146/1146 1147/1147
f 1147/1147 1146/1146 1148/1148
f 1147/1147 1148/1148 1149/1149
f 1149/1149 1148/1148 1150/1150
f 1149/1149 1150/1150 1151/1151
f 1151/1151 1150/1150 1152/1152
f 1151/1151 1152/1152 1153/1153
f 1136/1136 1154/1154 1138/1138
f 1138/1138 1154/1154 1155/1155
f 1138/1138 1155/1155 1140/1140
f 1140/1140 1155/1155 1156/1156
f 1140/1140 1156/1156 1142/1142
f 1142/1142 1156/1156 1157/1157
f 1142/1142 1157/1157 1144/1144
f 1144/1144 1157/1157 1158/1158
f 1144/1144 1158/1158 1146/1146
f 1146/1146 1158/1158 1159/1159
f 1146/1146 1159/1159 1148/1148
f 1148/1148 1159/1159 1160/1160
f 1148/1148 1160/1160 1150/1150
f 1150/1150 1160/1160 1161/1161
f 1150/1150 1161/1161 1152/1152
f 1154/1154 1162/1162 1155/1155
f 1155/1155 1162/1162 1163/1163
f 1155/1155 1163/1163 1156/1156
f 1156/1156 1163/1163 1164/1164
f 1156/1156 1164/1164 1157/1157
f 1157/1157 1164/1164 1165/1165
f 1157/1157 1165/1165 1158/1158
f 1158/1158 1165/1165 1166/1166
f 1158/1158 1166/1166 1159/1159
f 1159/1159 1166/1166 1167/1167
f 1159/1159 1167/1167 1160/1160
f 1160/1160 1167/1167 1161/1161
f 1162/1162 1168/1168 1163/1163
f 1163/1163 1168/1168 1169/1169
f 1163/1163 1169/1169 1164/1164
f 1164/1164 1169/1169 1170/1170
f 1164/1164 1170/1170 1165/1165
f 1165/1165 1170/1170 1171/1171
f 1165/1165 1171/1171 1166/1166
f 1166/1166 1171/1171 1172/1172
f 1166/1166 1172/1172 1167/1167
f 1167/1167 1172/1172 1173/1173
f 1167/1167 1173/1173 1161/1161
f 1169/1169 1168/1168 1174/1174
f 1174/1174 1168/1168 1175/1175
f 1174/1174 1175/1175 1176/1176
f 1176/1176 1175/1175 1177/1177
f 1176/1176 1177/1177 1178/1178
f 1176/1176 1178/1178 1179/1179
f 1179/1179 1178/1178 1180/1180
f 1179/1179 1180/1180 1181/1181
f 1181/1181 1180/1180 1173/1173
f 1181/1181 1173/1173 1172/1172
f 1151/1151 1153/1153 1182/1182
f 1182/1182 1153/1153 1183/1183
f 1182/1182 1183/1183 1184/1184
f 1184/1184 1183/1183 1185/1185
f 1184/1184 1185/1185 1186/1186
f 1186/1186 1185/1185 1187/1187
f 1186/1186 1187/1187 1129/1129
f 1129/1129 1187/1187 1130/1130
f 1188/1188 1189/1189 1072/1072
f 1072/1072 1189/1189 1190/1190
f 1072/1072 1190/1190 1074/1074
f 1074/1074 1190/1190 1076/1076
f 1033/1033 1191/1191 1188/1188
f 1188/1188 1191/1191 1192/1192
f 1188/1188 1192/1192 1189/1189
f 1189/1189 1192/1192 1193/1193
f 1189/1189 1193/1193 1194/1194
f 1194/1194 1193/1193 1195/1195
f 1194/1194 1195/1195 1078/1078
f 1078/1078 1195/1195 1080/1080
f 1196/1196 1197/1197 1034/1034
f 1034/1034 1197/1197 1198/1198
f 1034/1034 1198/1198 1199/1199
f 1199/1199 1198/1198 1200/1200
f 1199/1199 1200/1200 1201/1201
f 1201/1201 1200/1200 1202/1202
f 1201/1201 1202/1202 1203/1203
f 1203/1203 1202/1202 1204/1204
f 1203/1203 1204/1204 1205/1205
f 1205/1205 1204/1204 1206/1206
f 1205/1205 1206/1206 1207/1207
f 1207/1207 1206/1206 1208/1208
f 1207/1207 1208/1208 1209/1209
f 1209/1209 1208/1208 1210/1210
f 1209/1209 1210/1210 1211/1211
f 1211/1211 1210/1210 1212/1212
f 1211/1211 1212/1212 1213/1213
f 1213/1213 1212/1212 1214/1214
f 1213/1213 1214/1214 1215/1215
f 1215/1215 1214/1214 1216/1216
f 1215/1215 1216/1216 1217/1217
f 1217/1217 1216/1216 1218/1218
f 1217/1217 1218/1218 1219/1219
f 1219/1219 1218/1218 1220/1220
f 1219/1219 1220/1220 1221/1221
f 1221/1221 1220/1220 1222/1222
f 1221/1221 1222/1222 1223/1223
f 1223/1223 1222/1222 1224/1224
f 1223/1223 1224/1224 1225/1225
f 1225/1225 1224/1224 1226/1226
f 1225/1225 1226/1226 1227/1227
f 1227/1227 1226/1226 1228/1228
f 1227/1227 1228/1228 1229/1229
f 1229/1229 1228/1228 1230/1230
f 1229/1229 1230/1230 1231/1231
f 1231/1231 1230/1230 1232/1232
f 1231/1231 1232/1232 1233/1233
f 1233/1233 1232/1232 1234/1234
f 1233/1233 1234/1234 1235/1235
f 1235/1235 1234/1234 1236/1236
f 1235/1235 1236/1236 994/994
f 1197/1197 1196/1196 1237/1237
f 1237/1237 1196/1196 1238/1238
f 1237/1237 1238/1238 1239/1239
f 1239/1239 1238/1238 1240/1240
f 1239/1239 1240/1240 1241/1241
f 1241/1241 1240/1240 1242/1242
f 1241/1241 1242/1242 1243/1243
f 1243/1243 1242/1242 1244/1244
f 1243/1243 1244/1244 1245/1245
f 1245/1245 1244/1244 1246/1246
f 1245/1245 1246/1246 1247/1247
f 1247/1247 1246/1246 1248/1248
f 1247/1247 1248/1248 1249/1249
f 1249/1249 1248/1248 1250/1250
f 1249/1249 1250/1250 1251/1251
f 1251/1251 1250/1250 1252/1252
f 1251/1251 1252/1252 1253/1253
f 1253/1253 1252/1252 1254/1254
f 1253/1253 1254/1254 1255/1255
f 1255/1255 1256/1256 1253/1253
f 1253/1253 1256/1256 1257/1257
f 1253/1253 1257/1257 1251/1251
f 1251/1251 1257/1257 1258/1258
f 1251/1251 1258/1258 1249/1249
f 1249/1249 1258/1258 1259/1259
f 1249/1249 1259/1259 1247/1247
f 1247/1247 1259/1259 1260/1260
f 1247/1247 1260/1260 1245/1245
f 1245/1245 1260/1260 1261/1261
f 1245/1245 1261/1261 1243/1243
f 1243/1243 1261/1261 1262/1262
f 1243/1243 1262/1262 1241/1241
f 1241/1241 1262/1262 1263/1263
f 1241/1241 1263/1263 1239/1239
f 1239/1239 1263/1263 1264/1264
f 1239/1239 1264/1264 1237/1237
f 1237/1237 1264/1264 1265/1265
f 1237/1237 1265/1265 1197/1197
f 1197/1197 1265/1265 1266/1266
f 1197/1197 1266/1266 1198/1198
f 1198/1198 1266/1266 1200/1200
f 1256/1256 1267/1267 1257/1257
f 1257/1257 1267/1267 1268/1268
f 1257/1257 1268/1268 1269/1269
f 1269/1269 1268/1268 1270/1270
f 1269/1269 1270/1270 1271/1271
f 1271/1271 1270/1270 1272/1272
f 1271/1271 1272/1272 1273/1273
f 1273/1273 1272/1272 1274/1274
f 1273/1273 1274/1274 1275/1275
f 1275/1275 1274/1274 1276/1276
f 1275/1275 1276/1276 1277/1277
f 1277/1277 1276/1276 1278/1278
f 1277/1277 1278/1278 1279/1279
f 1279/1279 1278/1278 1280/1280
f 1279/1279 1280/1280 1281/1281
f 1281/1281 1280/1280 1282/1282
f 1281/1281 1282/1282 1283/1283
f 1283/1283 1282/1282 1284/1284
f 1283/1283 1284/1284 1285/1285
f 1285/1285 1284/1284 1286/1286
f 1285/1285 1286/1286 1287/1287
f 1287/1287 1286/1286 1288/1288
f 1287/1287 1288/1288 1289/1289
f 1289/1289 1288/1288 1290/1290
f 1289/1289 1290/1290 1291/1291
f 1291/1291 1290/1290 1292/1292
f 1291/1291 1292/1292 1293/1293
f 1293/1293 1292/1292 1294/1294
f 1293/1293 1294/1294 1295/1295
f 1295/1295 1294/1294 1296/1296
f 1295/1295 1296/1296 1297/1297
f 1297/1297 1296/1296 1298/1298
f 1297/1297 1298/1298 1299/1299
f 1299/1299 1298/1298 1300/1300
f 1299/1299 1300/1300 1301/1301
f 1301/1301 1300/1300 1302/1302
f 1301/1301 1302/1302 1303/1303
f 1267/1267 1304/1304 1268/1268
f 1268/1268 1304/1304 1305/1305
f 1268/1268 1305/1305 1270/1270
f 1270/1270 1305/1305 1306/1306
f 1270/1270 1306/1306 1272/1272
f 1272/1272 1306/1306 1307/1307
f 1272/1272 1307/1307 1274/1274
f 1274/1274 1307/1307 1308/1308
f 1274/1274 1308/1308 1276/1276
f 1276/1276 1308/1308 1309/1309
f 1276/1276 1309/1309 1278/1278
f 1278/1278 1309/1309 1310/1310
f 1278/1278 1310/1310 1280/1280
f 1280/1280 1310/1310 1311/1311
f 1280/1280 1311/1311 1282/1282
f 1282/1282 1311/1311 1312/1312
f 1282/1282 1312/1312 1284/1284
f 1284/1284 1312/1312 1313/1313
f 1284/1284 1313/1313 1286/1286
f 1286/1286 1313/1313 1314/1314
f 1286/1286 1314/1314 1288/1288
f 1288/1288 1314/1314 1315/1315
f 1288/1288 1315/1315 1290/1290
f 1290/1290 1315/1315 1316/1316
f 1290/1290 1316/1316 1292/1292
f 1292/1292 1316/1316 1317/1317
f 1292/1292 1317/1317 1294/1294
f 1294/1294 1317/1317 1318/1318
f 1294/1294 1318/1318 1296/1296
f 1296/1296 1318/1318 1319/1319
f 1296/1296 1319/1319 1298/1298
f 1298/1298 1319/1319 1320/1320
f 1298/1298 1320/1320 1300/1300
f 1300/1300 1320/1320 1302/1302
f 1305/1305 1304/1304 1321/1321
f 1321/1321 1304/1304 1322/1322
f 1321/1321 1322/1322 1323/1323
f 1323/1323 1322/1322 1324/1324
f 1323/1323 1324/1324 1325/1325
f 1325/1325 1324/1324 1326/1326
f 1325/1325 1326/1326 1327/1327
f 1327/1327 1326/1326 1328/1328
f 1327/1327 1328/1328 1329/1329
f 1329/1329 1328/1328 1330/1330
f 1329/1329 1330/1330 1331/1331
f 1331/1331 1330/1330 1332/1332
f 1331/1331 1332/1332 1333/1333
f 1333/1333 1332/1332 1334/1334
f 1333/1333 1334/1334 1331/1331
f 1331/1331 1334/1334 1335/1335
f 1331/1331 1335/1335 1336/1336
f 1336/1336 1335/1335 1337/1337
f 1336/1336 1337/1337 1338/1338
f 1338/1338 1337/1337 1339/1339
f 1338/1338 1339/1339 1340/1340
f 1340/1340 1339/1339 1341/1341
f 1340/1340 1341/1341 1342/1342
f 1342/1342 1341/1341 1343/1343
f 1342/1342 1343/1343 1344/1344
f 1344/1344 1343/1343 1345/1345
f 1344/1344 1345/1345 1346/1346
f 1346/1346 1345/1345 1347/1347
f 1346/1346 1347/1347 1348/1348
f 1348/1348 1347/1347 1349/1349
f 1348/1348 1349/1349 1350/1350
f 1350/1350 1349/1349 1351/1351
f 1350/1350 1351/1351 1352/1352
f 1352/1352 1351/1351 1353/1353
f 1352/1352 1353/1353 1354/1354
f 1322/1322 1355/1355 1324/1324
f 1324/1324 1355/1355 1326/1326
f 1355/1355 1356/1356 1326/1326
f 1326/1326 1356/1356 1328/1328
f 1328/1328 1356/1356 1330/1330
f 1330/1330 1356/1356 1332/1332
f 1334/1334 1357/1357 1335/1335
f 1335/1335 1357/1357 1358/1358
f 1335/1335 1358/1358 1337/1337
f 1337/1337 1358/1358 1359/1359
f 1337/1337 1359/1359 1339/1339
f 1339/1339 1359/1359 1360/1360
f 1339/1339 1360/1360 1341/1341
f 1341/1341 1360/1360 1361/1361
f 1341/1341 1361/1361 1343/1343
f 1343/1343 1361/1361 1362/1362
f 1343/1343 1362/1362 1345/1345
f 1345/1345 1362/1362 1363/1363
f 1345/1345 1363/1363 1347/1347
f 1347/1347 1363/1363 1364/1364
f 1347/1347 1364/1364 1349/1349
f 1349/1349 1364/1364 1365/1365
f 1349/1349 1365/1365 1351/1351
f 1351/1351 1365/1365 1366/1366
f 1351/1351 1366/1366 1353/1353
f 1358/1358 1357/1357 1367/1367
f 1367/1367 1357/1357 1368/1368
f 1367/1367 1368/1368 1369/1369
f 1369/1369 1368/1368 1370/1370
f 1369/1369 1370/1370 1371/1371
f 1371/1371 1370/1370 1372/1372
f 1371/1371 1372/1372 1373/1373
f 1373/1373 1372/1372 1374/1374
f 1373/1373 1374/1374 1375/1375
f 1375/1375 1374/1374 1376/1376
f 1375/1375 1376/1376 1377/1377
f 1377/1377 1376/1376 1378/1378
f 1377/1377 1378/1378 1379/1379
f 1379/1379 1378/1378 1380/1380
f 1379/1379 1380/1380 1381/1381
f 1381/1381 1380/1380 1382/1382
f 1382/1382 1380/1380 1383/1383
f 1383/1383 1380/1380 1378/1378
f 1383/1383 1378/1378 1384/1384
f 1384/1384 1378/1378 1376/1376
f 1384/1384 1376/1376 1385/1385
f 1385/1385 1376/1376 1374/1374
f 1385/1385 1374/1374 1372/1372
f 1368/1368 1386/1386 1370/1370
f 1370/1370 1386/1386 1372/1372
f 1386/1386 1385/1385 1372/1372
f 1387/1387 1388/1388 1381/1381
f 1381/1381 1388/1388 1389/1389
f 1381/1381 1389/1389 1379/1379
f 1379/1379 1389/1389 1377/1377
f 1388/1388 1387/1387 1390/1390
f 1390/1390 1387/1387 1391/1391
f 1390/1390 1391/1391 1392/1392
f 1392/1392 1391/1391 1393/1393
f 1392/1392 1393/1393 1394/1394
f 1394/1394 1393/1393 1364/1364
f 1394/1394 1364/1364 1363/1363
f 1391/1391 1395/1395 1393/1393
f 1393/1393 1395/1395 1365/1365
f 1393/1393 1365/1365 1364/1364
f 1395/1395 1366/1366 1365/1365
f 1396/1396 1397/1397 1354/1354
f 1354/1354 1397/1397 1398/1398
f 1354/1354 1398/1398 1352/1352
f 1352/1352 1398/1398 1399/1399
f 1352/1352 1399/1399 1350/1350
f 1350/1350 1399/1399 1400/1400
f 1350/1350 1400/1400 1348/1348
f 1348/1348 1400/1400 1401/1401
f 1348/1348 1401/1401 1346/1346
f 1346/1346 1401/1401 1402/1402
f 1346/1346 1402/1402 1344/1344
f 1344/1344 1402/1402 1403/1403
f 1344/1344 1403/1403 1342/1342
f 1342/1342 1403/1403 1404/1404
f 1342/1342 1404/1404 1340/1340
f 1340/1340 1404/1404 1405/1405
f 1340/1340 1405/1405 1338/1338
f 1338/1338 1405/1405 1406/1406
f 1338/1338 1406/1406 1336/1336
f 1336/1336 1406/1406 1331/1331
f 1397/1397 1396/1396 1407/1407
f 1407/1407 1396/1396 1408/1408
f 1407/1407 1408/1408 1409/1409
f 1409/1409 1408/1408 1410/1410
f 1409/1409 1410/1410 1411/1411
f 1411/1411 1410/1410 1412/1412
f 1411/1411 1412/1412 1320/1320
f 1320/1320 1412/1412 1302/1302
f 1301/1301 1303/1303 1413/1413
f 1413/1413 1303/1303 1414/1414
f 1413/1413 1414/1414 1415/1415
f 1413/1413 1415/1415 1416/1416
f 1416/1416 1415/1415 1417/1417
f 1416/1416 1417/1417 1418/1418
f 1418/1418 1417/1417 1419/1419
f 1418/1418 1419/1419 1420/1420
f 1420/1420 1419/1419 1421/1421
f 1420/1420 1421/1421 1422/1422
f 1422/1422 1421/1421 1423/1423
f 1422/1422 1423/1423 1424/1424
f 1424/1424 1423/1423 1425/1425
f 1424/1424 1425/1425 1426/1426
f 1426/1426 1425/1425 1427/1427
f 1426/1426 1427/1427 1428/1428
f 1428/1428 1427/1427 1429/1429
f 1428/1428 1429/1429 1430/1430
f 1430/1430 1429/1429 1228/1228
f 1430/1430 1228/1228 1226/1226
f 1423/1423 1431/1431 1425/1425
f 1425/1425 1431/1431 1432/1432
f 1425/1425 1432/1432 1427/1427
f 1427/1427 1432/1432 1433/1433
f 1427/1427 1433/1433 1429/1429
f 1429/1429 1433/1433 1230/1230
f 1429/1429 1230/1230 1228/1228
f 1431/1431 1236/1236 1432/1432
f 1432/1432 1236/1236 1434/1434
f 1432/1432 1434/1434 1433/1433
f 1433/1433 1434/1434 1232/1232
f 1433/1433 1232/1232 1230/1230
f 985/985 983/983 1435/1435
f 1435/1435 983/983 1035/1035
f 1435/1435 1035/1035 1436/1436
f 1436/1436 1035/1035 1037/1037
f 1436/1436 1037/1037 1437/1437
f 1437/1437 1037/1037 1039/1039
f 1437/1437 1039/1039 1041/1041
f 987/987 985/985 1438/1438
f 1438/1438 985/985 1435/1435
f 1438/1438 1435/1435 1439/1439
f 1439/1439 1435/1435 1436/1436
f 1439/1439 1436/1436 1440/1440
f 1440/1440 1436/1436 1437/1437
f 1440/1440 1437/1437 1441/1441
f 1441/1441 1437/1437 1041/1041
f 1441/1441 1041/1041 1043/1043
f 989/989 987/987 1442/1442
f 1442/1442 987/987 1438/1438
f 1442/1442 1438/1438 1443/1443
f 1443/1443 1438/1438 1439/1439
f 1443/1443 1439/1439 1444/1444
f 1444/1444 1439/1439 1440/1440
f 1444/1444 1440/1440 1445/1445
f 1445/1445 1440/1440 1441/1441
f 1445/1445 1441/1441 1446/1446
f 1446/1446 1441/1441 1043/1043
f 1446/1446 1043/1043 1045/1045
f 991/991 989/989 1447/1447
f 1447/1447 989/989 1442/1442
f 1447/1447 1442/1442 1448/1448
f 1448/1448 1442/1442 1443/1443
f 1448/1448 1443/1443 1449/1449
f 1449/1449 1443/1443 1444/1444
f 1449/1449 1444/1444 1450/1450
f 1450/1450 1444/1444 1445/1445
f 1450/1450 1445/1445 1451/1451
f 1451/1451 1445/1445 1446/1446
f 1451/1451 1446/1446 1452/1452
f 1452/1452 1446/1446 1045/1045
f 1452/1452 1045/1045 1047/1047
f 993/993 991/991 1453/1453
f 1453/1453 991/991 1447/1447
f 1453/1453 1447/1447 1454/1454
f 1454/1454 1447/1447 1448/1448
f 1454/1454 1448/1448 1455/1455
f 1455/1455 1448/1448 1449/1449
f 1455/1455 1449/1449 1456/1456
f 1456/1456 1449/1449 1450/1450
f 1456/1456 1450/1450 1457/1457
f 1457/1457 1450/1450 1451/1451
f 1457/1457 1451/1451 1458/1458
f 1458/1458 1451/1451 1452/1452
f 1458/1458 1452/1452 1459/1459
f 1459/1459 1452/1452 1047/1047
f 1459/1459 1047/1047 1049/1049
f 1235/1235 994/994 996/996
f 995/995 993/993 1460/1460
f 1460/1460 993/993 1453/1453
f 1460/1460 1453/1453 1461/1461
f 1461/1461 1453/1453 1454/1454
f 1461/1461 1454/1454 1462/1462
f 1462/1462 1454/1454 1455/1455
f 1462/1462 1455/1455 1463/1463
f 1463/1463 1455/1455 1456/1456
f 1463/1463 1456/1456 1464/1464
f 1464/1464 1456/1456 1457/1457
f 1464/1464 1457/1457 1465/1465
f 1465/1465 1457/1457 1458/1458
f 1465/1465 1458/1458 1466/1466
f 1466/1466 1458/1458 1459/1459
f 1466/1466 1459/1459 1467/1467
f 1467/1467 1459/1459 1049/1049
f 1467/1467 1049/1049 1051/1051
f 1434/1434 1236/1236 1234/1234
f 1233/1233 1235/1235 998/998
f 998/998 1235/1235 996/996
f 1232/1232 1434/1434 1234/1234
f 1422/1422 1424/1424 1468/1468
f 1468/1468 1424/1424 1426/1426
f 1468/1468 1426/1426 1469/1469
f 1469/1469 1426/1426 1428/1428
f 1469/1469 1428/1428 1470/1470
f 1470/1470 1428/1428 1430/1430
f 1470/1470 1430/1430 1471/1471
f 1471/1471 1430/1430 1226/1226
f 1471/1471 1226/1226 1224/1224
f 1420/1420 1422/1422 1472/1472
f 1472/1472 1422/1422 1468/1468
f 1472/1472 1468/1468 1473/1473
f 1473/1473 1468/1468 1469/1469
f 1473/1473 1469/1469 1474/1474
f 1474/1474 1469/1469 1470/1470
f 1474/1474 1470/1470 1475/1475
f 1475/1475 1470/1470 1471/1471
f 1475/1475 1471/1471 1476/1476
f 1476/1476 1471/1471 1224/1224
f 1476/1476 1224/1224 1222/1222
f 1418/1418 1420/1420 1477/1477
f 1477/1477 1420/1420 1472/1472
f 1477/1477 1472/1472 1478/1478
f 1478/1478 1472/1472 1473/1473
f 1478/1478 1473/1473 1479/1479
f 1479/1479 1473/1473 1474/1474
f 1479/1479 1474/1474 1480/1480
f 1480/1480 1474/1474 1475/1475
f 1480/1480 1475/1475 1481/1481
f 1481/1481 1475/1475 1476/1476
f 1481/1481 1476/1476 1482/1482
f 1482/1482 1476/1476 1222/1222
f 1482/1482 1222/1222 1220/1220
f 1416/1416 1418/1418 1483/1483
f 1483/1483 1418/1418 1477/1477
f 1483/1483 1477/1477 1484/1484
f 1484/1484 1477/1477 1478/1478
f 1484/1484 1478/1478 1485/1485
f 1485/1485 1478/1478 1479/1479
f 1485/1485 1479/1479 1486/1486
f 1486/1486 1479/1479 1480/1480
f 1486/1486 1480/1480 1487/1487
f 1487/1487 1480/1480 1481/1481
f 1487/1487 1481/1481 1488/1488
f 1488/1488 1481/1481 1482/1482
f 1488/1488 1482/1482 1489/1489
f 1489/1489 1482/1482 1220/1220
f 1489/1489 1220/1220 1218/1218
f 1413/1413 1416/1416 1490/1490
f 1490/1490 1416/1416 1483/1483
f 1490/1490 1483/1483 1491/1491
f 1491/1491 1483/1483 1484/1484
f 1491/1491 1484/1484 1492/1492
f 1492/1492 1484/1484 1485/1485
f 1492/1492 1485/1485 1493/1493
f 1493/1493 1485/1485 1486/1486
f 1493/1493 1486/1486 1494/1494
f 1494/1494 1486/1486 1487/1487
f 1494/1494 1487/1487 1495/1495
f 1495/1495 1487/1487 1488/1488
f 1495/1495 1488/1488 1496/1496
f 1496/1496 1488/1488 1489/1489
f 1496/1496 1489/1489 1497/1497
f 1497/1497 1489/1489 1218/1218
f 1497/1497 1218/1218 1216/1216
f 1301/1301 1413/1413 1498/1498
f 1498/1498 1413/1413 1490/1490
f 1498/1498 1490/1490 1499/1499
f 1499/1499 1490/1490 1491/1491
f 1499/1499 1491/1491 1500/1500
f 1500/1500 1491/1491 1492/1492
f 1500/1500 1492/1492 1501/1501
f 1501/1501 1492/1492 1493/1493
f 1501/1501 1493/1493 1502/1502
f 1502/1502 1493/1493 1494/1494
f 1502/1502 1494/1494 1503/1503
f 1503/1503 1494/1494 1495/1495
f 1503/1503 1495/1495 1504/1504
f 1504/1504 1495/1495 1496/1496
f 1504/1504 1496/1496 1505/1505
f 1505/1505 1496/1496 1497/1497
f 1505/1505 1497/1497 1506/1506
f 1506/1506 1497/1497 1216/1216
f 1506/1506 1216/1216 1214/1214
f 1320/1320 1319/1319 1411/1411
f 1411/1411 1319/1319 1507/1507
f 1411/1411 1507/1507 1409/1409
f 1409/1409 1507/1507 1508/1508
f 1409/1409 1508/1508 1407/1407
f 1407/1407 1508/1508 1509/1509
f 1407/1407 1509/1509 1397/1397
f 1397/1397 1509/1509 1510/1510
f 1397/1397 1510/1510 1398/1398
f 1398/1398 1510/1510 1399/1399
f 1390/1390 1392/1392 1511/1511
f 1511/1511 1392/1392 1394/1394
f 1511/1511 1394/1394 1512/1512
f 1512/1512 1394/1394 1363/1363
f 1512/1512 1363/1363 1362/1362
f 1388/1388 1390/1390 1513/1513
f 1513/1513 1390/1390 1511/1511
f 1513/1513 1511/1511 1514/1514
f 1514/1514 1511/1511 1512/1512
f 1514/1514 1512/1512 1515/1515
f 1515/1515 1512/1512 1362/1362
f 1515/1515 1362/1362 1361/1361
f 1389/1389 1388/1388 1516/1516
f 1516/1516 1388/1388 1513/1513
f 1516/1516 1513/1513 1517/1517
f 1517/1517 1513/1513 1514/1514
f 1517/1517 1514/1514 1518/1518
f 1518/1518 1514/1514 1515/1515
f 1518/1518 1515/1515 1519/1519
f 1519/1519 1515/1515 1361/1361
f 1519/1519 1361/1361 1360/1360
f 995/995 1460/1460 997/997
f 997/997 1460/1460 1520/1520
f 997/997 1520/1520 999/999
f 999/999 1520/1520 1521/1521
f 999/999 1521/1521 1001/1001
f 1001/1001 1521/1521 1522/1522
f 1001/1001 1522/1522 1003/1003
f 1003/1003 1522/1522 1523/1523
f 1003/1003 1523/1523 1005/1005
f 1005/1005 1523/1523 1524/1524
f 1005/1005 1524/1524 1007/1007
f 1007/1007 1524/1524 1525/1525
f 1007/1007 1525/1525 1009/1009
f 1009/1009 1525/1525 1526/1526
f 1009/1009 1526/1526 1011/1011
f 1011/1011 1526/1526 1527/1527
f 1011/1011 1527/1527 1013/1013
f 1013/1013 1527/1527 1528/1528
f 1013/1013 1528/1528 1015/1015
f 1015/1015 1528/1528 1529/1529
f 1015/1015 1529/1529 1017/1017
f 1017/1017 1529/1529 1085/1085
f 1520/1520 1460/1460 1461/1461
f 1231/1231 1233/1233 1000/1000
f 1000/1000 1233/1233 998/998
f 1301/1301 1498/1498 1299/1299
f 1299/1299 1498/1498 1530/1530
f 1299/1299 1530/1530 1297/1297
f 1297/1297 1530/1530 1531/1531
f 1297/1297 1531/1531 1295/1295
f 1295/1295 1531/1531 1532/1532
f 1295/1295 1532/1532 1293/1293
f 1293/1293 1532/1532 1533/1533
f 1293/1293 1533/1533 1291/1291
f 1291/1291 1533/1533 1534/1534
f 1291/1291 1534/1534 1289/1289
f 1289/1289 1534/1534 1535/1535
f 1289/1289 1535/1535 1287/1287
f 1287/1287 1535/1535 1536/1536
f 1287/1287 1536/1536 1285/1285
f 1285/1285 1536/1536 1537/1537
f 1285/1285 1537/1537 1283/1283
f 1283/1283 1537/1537 1538/1538
f 1283/1283 1538/1538 1281/1281
f 1281/1281 1538/1538 1539/1539
f 1281/1281 1539/1539 1279/1279
f 1279/1279 1539/1539 1540/1540
f 1279/1279 1540/1540 1277/1277
f 1277/1277 1540/1540 1541/1541
f 1277/1277 1541/1541 1275/1275
f 1275/1275 1541/1541 1542/1542
f 1275/1275 1542/1542 1273/1273
f 1273/1273 1542/1542 1543/1543
f 1273/1273 1543/1543 1271/1271
f 1271/1271 1543/1543 1544/1544
f 1271/1271 1544/1544 1269/1269
f 1269/1269 1544/1544 1258/1258
f 1269/1269 1258/1258 1257/1257
f 1530/1530 1498/1498 1499/1499
f 1319/1319 1318/1318 1507/1507
f 1507/1507 1318/1318 1545/1545
f 1507/1507 1545/1545 1508/1508
f 1508/1508 1545/1545 1546/1546
f 1508/1508 1546/1546 1509/1509
f 1509/1509 1546/1546 1547/1547
f 1509/1509 1547/1547 1510/1510
f 1510/1510 1547/1547 1548/1548
f 1510/1510 1548/1548 1399/1399
f 1399/1399 1548/1548 1400/1400
f 1375/1375 1377/1377 1516/1516
f 1516/1516 1377/1377 1389/1389
f 1375/1375 1516/1516 1517/1517
f 1520/1520 1461/1461 1549/1549
f 1549/1549 1461/1461 1462/1462
f 1549/1549 1462/1462 1550/1550
f 1550/1550 1462/1462 1463/1463
f 1550/1550 1463/1463 1551/1551
f 1551/1551 1463/1463 1464/1464
f 1551/1551 1464/1464 1552/1552
f 1552/1552 1464/1464 1465/1465
f 1552/1552 1465/1465 1553/1553
f 1553/1553 1465/1465 1466/1466
f 1553/1553 1466/1466 1554/1554
f 1554/1554 1466/1466 1467/1467
f 1554/1554 1467/1467 1555/1555
f 1555/1555 1467/1467 1051/1051
f 1555/1555 1051/1051 1053/1053
f 1229/1229 1231/1231 1002/1002
f 1002/1002 1231/1231 1000/1000
f 1530/1530 1499/1499 1556/1556
f 1556/1556 1499/1499 1500/1500
f 1556/1556 1500/1500 1557/1557
f 1557/1557 1500/1500 1501/1501
f 1557/1557 1501/1501 1558/1558
f 1558/1558 1501/1501 1502/1502
f 1558/1558 1502/1502 1559/1559
f 1559/1559 1502/1502 1503/1503
f 1559/1559 1503/1503 1560/1560
f 1560/1560 1503/1503 1504/1504
f 1560/1560 1504/1504 1561/1561
f 1561/1561 1504/1504 1505/1505
f 1561/1561 1505/1505 1562/1562
f 1562/1562 1505/1505 1506/1506
f 1562/1562 1506/1506 1563/1563
f 1563/1563 1506/1506 1214/1214
f 1563/1563 1214/1214 1212/1212
f 1318/1318 1317/1317 1545/1545
f 1545/1545 1317/1317 1564/1564
f 1545/1545 1564/1564 1546/1546
f 1546/1546 1564/1564 1565/1565
f 1546/1546 1565/1565 1547/1547
f 1547/1547 1565/1565 1566/1566
f 1547/1547 1566/1566 1548/1548
f 1548/1548 1566/1566 1567/1567
f 1548/1548 1567/1567 1400/1400
f 1400/1400 1567/1567 1401/1401
f 1373/1373 1375/1375 1517/1517
f 1373/1373 1517/1517 1518/1518
f 1373/1373 1518/1518 1371/1371
f 1371/1371 1518/1518 1519/1519
f 1371/1371 1519/1519 1369/1369
f 1369/1369 1519/1519 1360/1360
f 1369/1369 1360/1360 1359/1359
f 1401/1401 1567/1567 1568/1568
f 1568/1568 1567/1567 1569/1569
f 1568/1568 1569/1569 1570/1570
f 1570/1570 1569/1569 1571/1571
f 1570/1570 1571/1571 1572/1572
f 1572/1572 1571/1571 1573/1573
f 1572/1572 1573/1573 1574/1574
f 1574/1574 1573/1573 1313/1313
f 1574/1574 1313/1313 1312/1312
f 1567/1567 1566/1566 1569/1569
f 1569/1569 1566/1566 1575/1575
f 1569/1569 1575/1575 1571/1571
f 1571/1571 1575/1575 1576/1576
f 1571/1571 1576/1576 1573/1573
f 1573/1573 1576/1576 1314/1314
f 1573/1573 1314/1314 1313/1313
f 1566/1566 1565/1565 1575/1575
f 1575/1575 1565/1565 1577/1577
f 1575/1575 1577/1577 1576/1576
f 1576/1576 1577/1577 1315/1315
f 1576/1576 1315/1315 1314/1314
f 1565/1565 1564/1564 1577/1577
f 1577/1577 1564/1564 1316/1316
f 1577/1577 1316/1316 1315/1315
f 1564/1564 1317/1317 1316/1316
f 1531/1531 1556/1556 1578/1578
f 1578/1578 1556/1556 1557/1557
f 1578/1578 1557/1557 1579/1579
f 1579/1579 1557/1557 1558/1558
f 1579/1579 1558/1558 1580/1580
f 1580/1580 1558/1558 1559/1559
f 1580/1580 1559/1559 1581/1581
f 1581/1581 1559/1559 1560/1560
f 1581/1581 1560/1560 1582/1582
f 1582/1582 1560/1560 1561/1561
f 1582/1582 1561/1561 1583/1583
f 1583/1583 1561/1561 1562/1562
f 1583/1583 1562/1562 1584/1584
f 1584/1584 1562/1562 1563/1563
f 1584/1584 1563/1563 1585/1585
f 1585/1585 1563/1563 1212/1212
f 1585/1585 1212/1212 1210/1210
f 1556/1556 1531/1531 1530/1530
f 1227/1227 1229/1229 1004/1004
f 1004/1004 1229/1229 1002/1002
f 1521/1521 1549/1549 1586/1586
f 1586/1586 1549/1549 1550/1550
f 1586/1586 1550/1550 1587/1587
f 1587/1587 1550/1550 1551/1551
f 1587/1587 1551/1551 1588/1588
f 1588/1588 1551/1551 1552/1552
f 1588/1588 1552/1552 1589/1589
f 1589/1589 1552/1552 1553/1553
f 1589/1589 1553/1553 1590/1590
f 1590/1590 1553/1553 1554/1554
f 1590/1590 1554/1554 1591/1591
f 1591/1591 1554/1554 1555/1555
f 1591/1591 1555/1555 1592/1592
f 1592/1592 1555/1555 1053/1053
f 1592/1592 1053/1053 1055/1055
f 1549/1549 1521/1521 1520/1520
f 1521/1521 1586/1586 1522/1522
f 1522/1522 1586/1586 1593/1593
f 1522/1522 1593/1593 1523/1523
f 1523/1523 1593/1593 1594/1594
f 1523/1523 1594/1594 1524/1524
f 1524/1524 1594/1594 1595/1595
f 1524/1524 1595/1595 1525/1525
f 1525/1525 1595/1595 1596/1596
f 1525/1525 1596/1596 1526/1526
f 1526/1526 1596/1596 1597/1597
f 1526/1526 1597/1597 1527/1527
f 1527/1527 1597/1597 1598/1598
f 1527/1527 1598/1598 1528/1528
f 1528/1528 1598/1598 1599/1599
f 1528/1528 1599/1599 1529/1529
f 1529/1529 1599/1599 1600/1600
f 1529/1529 1600/1600 1085/1085
f 1085/1085 1600/1600 1083/1083
f 1593/1593 1586/1586 1587/1587
f 1225/1225 1227/1227 1006/1006
f 1006/1006 1227/1227 1004/1004
f 1531/1531 1578/1578 1532/1532
f 1532/1532 1578/1578 1601/1601
f 1532/1532 1601/1601 1533/1533
f 1533/1533 1601/1601 1602/1602
f 1533/1533 1602/1602 1534/1534
f 1534/1534 1602/1602 1603/1603
f 1534/1534 1603/1603 1535/1535
f 1535/1535 1603/1603 1604/1604
f 1535/1535 1604/1604 1536/1536
f 1536/1536 1604/1604 1605/1605
f 1536/1536 1605/1605 1537/1537
f 1537/1537 1605/1605 1606/1606
f 1537/1537 1606/1606 1538/1538
f 1538/1538 1606/1606 1607/1607
f 1538/1538 1607/1607 1539/1539
f 1539/1539 1607/1607 1608/1608
f 1539/1539 1608/1608 1540/1540
f 1540/1540 1608/1608 1609/1609
f 1540/1540 1609/1609 1541/1541
f 1541/1541 1609/1609 1610/1610
f 1541/1541 1610/1610 1542/1542
f 1542/1542 1610/1610 1611/1611
f 1542/1542 1611/1611 1543/1543
f 1543/1543 1611/1611 1612/1612
f 1543/1543 1612/1612 1544/1544
f 1544/1544 1612/1612 1259/1259
f 1544/1544 1259/1259 1258/1258
f 1601/1601 1578/1578 1579/1579
f 1401/1401 1568/1568 1402/1402
f 1402/1402 1568/1568 1613/1613
f 1402/1402 1613/1613 1403/1403
f 1403/1403 1613/1613 1614/1614
f 1403/1403 1614/1614 1404/1404
f 1404/1404 1614/1614 1615/1615
f 1404/1404 1615/1615 1405/1405
f 1405/1405 1615/1615 1616/1616
f 1405/1405 1616/1616 1406/1406
f 1406/1406 1616/1616 1617/1617
f 1406/1406 1617/1617 1331/1331
f 1331/1331 1617/1617 1329/1329
f 1613/1613 1568/1568 1570/1570
f 1593/1593 1587/1587 1618/1618
f 1618/1618 1587/1587 1588/1588
f 1618/1618 1588/1588 1619/1619
f 1619/1619 1588/1588 1589/1589
f 1619/1619 1589/1589 1620/1620
f 1620/1620 1589/1589 1590/1590
f 1620/1620 1590/1590 1621/1621
f 1621/1621 1590/1590 1591/1591
f 1621/1621 1591/1591 1622/1622
f 1622/1622 1591/1591 1592/1592
f 1622/1622 1592/1592 1623/1623
f 1623/1623 1592/1592 1055/1055
f 1623/1623 1055/1055 1057/1057
f 1223/1223 1225/1225 1008/1008
f 1008/1008 1225/1225 1006/1006
f 1601/1601 1579/1579 1624/1624
f 1624/1624 1579/1579 1580/1580
f 1624/1624 1580/1580 1625/1625
f 1625/1625 1580/1580 1581/1581
f 1625/1625 1581/1581 1626/1626
f 1626/1626 1581/1581 1582/1582
f 1626/1626 1582/1582 1627/1627
f 1627/1627 1582/1582 1583/1583
f 1627/1627 1583/1583 1628/1628
f 1628/1628 1583/1583 1584/1584
f 1628/1628 1584/1584 1629/1629
f 1629/1629 1584/1584 1585/1585
f 1629/1629 1585/1585 1630/1630
f 1630/1630 1585/1585 1210/1210
f 1630/1630 1210/1210 1208/1208
f 1613/1613 1570/1570 1631/1631
f 1631/1631 1570/1570 1572/1572
f 1631/1631 1572/1572 1632/1632
f 1632/1632 1572/1572 1574/1574
f 1632/1632 1574/1574 1633/1633
f 1633/1633 1574/1574 1312/1312
f 1633/1633 1312/1312 1311/1311
f 1367/1367 1369/1369 1359/1359
f 1593/1593 1618/1618 1594/1594
f 1594/1594 1618/1618 1634/1634
f 1594/1594 1634/1634 1595/1595
f 1595/1595 1634/1634 1635/1635
f 1595/1595 1635/1635 1596/1596
f 1596/1596 1635/1635 1636/1636
f 1596/1596 1636/1636 1597/1597
f 1597/1597 1636/1636 1637/1637
f 1597/1597 1637/1637 1598/1598
f 1598/1598 1637/1637 1638/1638
f 1598/1598 1638/1638 1599/1599
f 1599/1599 1638/1638 1639/1639
f 1599/1599 1639/1639 1600/1600
f 1600/1600 1639/1639 1640/1640
f 1600/1600 1640/1640 1083/1083
f 1083/1083 1640/1640 1081/1081
f 1634/1634 1618/1618 1619/1619
f 1221/1221 1223/1223 1010/1010
f 1010/1010 1223/1223 1008/1008
f 1601/1601 1624/1624 1602/1602
f 1602/1602 1624/1624 1641/1641
f 1602/1602 1641/1641 1603/1603
f 1603/1603 1641/1641 1642/1642
f 1603/1603 1642/1642 1604/1604
f 1604/1604 1642/1642 1643/1643
f 1604/1604 1643/1643 1605/1605
f 1605/1605 1643/1643 1644/1644
f 1605/1605 1644/1644 1606/1606
f 1606/1606 1644/1644 1645/1645
f 1606/1606 1645/1645 1607/1607
f 1607/1607 1645/1645 1646/1646
f 1607/1607 1646/1646 1608/1608
f 1608/1608 1646/1646 1647/1647
f 1608/1608 1647/1647 1609/1609
f 1609/1609 1647/1647 1648/1648
f 1609/1609 1648/1648 1610/1610
f 1610/1610 1648/1648 1649/1649
f 1610/1610 1649/1649 1611/1611
f 1611/1611 1649/1649 1650/1650
f 1611/1611 1650/1650 1612/1612
f 1612/1612 1650/1650 1260/1260
f 1612/1612 1260/1260 1259/1259
f 1641/1641 1624/1624 1625/1625
f 1613/1613 1631/1631 1614/1614
f 1614/1614 1631/1631 1651/1651
f 1614/1614 1651/1651 1615/1615
f 1615/1615 1651/1651 1652/1652
f 1615/1615 1652/1652 1616/1616
f 1616/1616 1652/1652 1653/1653
f 1616/1616 1653/1653 1617/1617
f 1617/1617 1653/1653 1654/1654
f 1617/1617 1654/1654 1329/1329
f 1329/1329 1654/1654 1327/1327
f 1651/1651 1631/1631 1632/1632
f 1358/1358 1367/1367 1359/1359
f 1651/1651 1632/1632 1655/1655
f 1655/1655 1632/1632 1633/1633
f 1655/1655 1633/1633 1656/1656
f 1656/1656 1633/1633 1311/1311
f 1656/1656 1311/1311 1310/1310
f 1641/1641 1625/1625 1657/1657
f 1657/1657 1625/1625 1626/1626
f 1657/1657 1626/1626 1658/1658
f 1658/1658 1626/1626 1627/1627
f 1658/1658 1627/1627 1659/1659
f 1659/1659 1627/1627 1628/1628
f 1659/1659 1628/1628 1660/1660
f 1660/1660 1628/1628 1629/1629
f 1660/1660 1629/1629 1661/1661
f 1661/1661 1629/1629 1630/1630
f 1661/1661 1630/1630 1662/1662
f 1662/1662 1630/1630 1208/1208
f 1662/1662 1208/1208 1206/1206
f 1219/1219 1221/1221 1012/1012
f 1012/1012 1221/1221 1010/1010
f 1634/1634 1619/1619 1663/1663
f 1663/1663 1619/1619 1620/1620
f 1663/1663 1620/1620 1664/1664
f 1664/1664 1620/1620 1621/1621
f 1664/1664 1621/1621 1665/1665
f 1665/1665 1621/1621 1622/1622
f 1665/1665 1622/1622 1666/1666
f 1666/1666 1622/1622 1623/1623
f 1666/1666 1623/1623 1667/1667
f 1667/1667 1623/1623 1057/1057
f 1667/1667 1057/1057 1059/1059
f 1118/1118 1131/1131 1119/1119
f 1119/1119 1131/1131 1668/1668
f 1119/1119 1668/1668 1120/1120
f 1120/1120 1668/1668 1669/1669
f 1120/1120 1669/1669 1121/1121
f 1121/1121 1669/1669 1670/1670
f 1121/1121 1670/1670 1122/1122
f 1122/1122 1670/1670 1671/1671
f 1122/1122 1671/1671 1123/1123
f 1123/1123 1671/1671 1672/1672
f 1123/1123 1672/1672 1124/1124
f 1124/1124 1672/1672 1673/1673
f 1124/1124 1673/1673 1125/1125
f 1125/1125 1673/1673 1674/1674
f 1125/1125 1674/1674 1126/1126
f 1126/1126 1674/1674 1675/1675
f 1126/1126 1675/1675 1127/1127
f 1127/1127 1675/1675 1676/1676
f 1127/1127 1676/1676 1128/1128
f 1128/1128 1676/1676 1186/1186
f 1128/1128 1186/1186 1129/1129
f 1634/1634 1663/1663 1635/1635
f 1635/1635 1663/1663 1677/1677
f 1635/1635 1677/1677 1636/1636
f 1636/1636 1677/1677 1678/1678
f 1636/1636 1678/1678 1637/1637
f 1637/1637 1678/1678 1679/1679
f 1637/1637 1679/1679 1638/1638
f 1638/1638 1679/1679 1680/1680
f 1638/1638 1680/1680 1639/1639
f 1639/1639 1680/1680 1681/1681
f 1639/1639 1681/1681 1640/1640
f 1640/1640 1681/1681 1682/1682
f 1640/1640 1682/1682 1081/1081
f 1081/1081 1682/1682 1079/1079
f 1677/1677 1663/1663 1664/1664
f 1217/1217 1219/1219 1014/1014
f 1014/1014 1219/1219 1012/1012
f 1641/1641 1657/1657 1642/1642
f 1642/1642 1657/1657 1683/1683
f 1642/1642 1683/1683 1643/1643
f 1643/1643 1683/1683 1684/1684
f 1643/1643 1684/1684 1644/1644
f 1644/1644 1684/1684 1685/1685
f 1644/1644 1685/1685 1645/1645
f 1645/1645 1685/1685 1686/1686
f 1645/1645 1686/1686 1646/1646
f 1646/1646 1686/1686 1687/1687
f 1646/1646 1687/1687 1647/1647
f 1647/1647 1687/1687 1688/1688
f 1647/1647 1688/1688 1648/1648
f 1648/1648 1688/1688 1689/1689
f 1648/1648 1689/1689 1649/1649
f 1649/1649 1689/1689 1690/1690
f 1649/1649 1690/1690 1650/1650
f 1650/1650 1690/1690 1261/1261
f 1650/1650 1261/1261 1260/1260
f 1683/1683 1657/1657 1658/1658
f 1651/1651 1655/1655 1652/1652
f 1652/1652 1655/1655 1691/1691
f 1652/1652 1691/1691 1653/1653
f 1653/1653 1691/1691 1692/1692
f 1653/1653 1692/1692 1654/1654
f 1654/1654 1692/1692 1693/1693
f 1654/1654 1693/1693 1327/1327
f 1327/1327 1693/1693 1325/1325
f 1691/1691 1655/1655 1656/1656
f 1131/1131 1133/1133 1668/1668
f 1668/1668 1133/1133 1694/1694
f 1668/1668 1694/1694 1669/1669
f 1669/1669 1694/1694 1695/1695
f 1669/1669 1695/1695 1670/1670
f 1670/1670 1695/1695 1696/1696
f 1670/1670 1696/1696 1671/1671
f 1671/1671 1696/1696 1697/1697
f 1671/1671 1697/1697 1672/1672
f 1672/1672 1697/1697 1698/1698
f 1672/1672 1698/1698 1673/1673
f 1673/1673 1698/1698 1699/1699
f 1673/1673 1699/1699 1674/1674
f 1674/1674 1699/1699 1700/1700
f 1674/1674 1700/1700 1675/1675
f 1675/1675 1700/1700 1701/1701
f 1675/1675 1701/1701 1676/1676
f 1676/1676 1701/1701 1184/1184
f 1676/1676 1184/1184 1186/1186
f 1677/1677 1664/1664 1702/1702
f 1702/1702 1664/1664 1665/1665
f 1702/1702 1665/1665 1703/1703
f 1703/1703 1665/1665 1666/1666
f 1703/1703 1666/1666 1704/1704
f 1704/1704 1666/1666 1667/1667
f 1704/1704 1667/1667 1705/1705
f 1705/1705 1667/1667 1059/1059
f 1705/1705 1059/1059 1061/1061
f 1215/1215 1217/1217 1016/1016
f 1016/1016 1217/1217 1014/1014
f 1683/1683 1658/1658 1706/1706
f 1706/1706 1658/1658 1659/1659
f 1706/1706 1659/1659 1707/1707
f 1707/1707 1659/1659 1660/1660
f 1707/1707 1660/1660 1708/1708
f 1708/1708 1660/1660 1661/1661
f 1708/1708 1661/1661 1709/1709
f 1709/1709 1661/1661 1662/1662
f 1709/1709 1662/1662 1710/1710
f 1710/1710 1662/1662 1206/1206
f 1710/1710 1206/1206 1204/1204
f 1691/1691 1656/1656 1711/1711
f 1711/1711 1656/1656 1310/1310
f 1711/1711 1310/1310 1309/1309
f 1133/1133 1135/1135 1694/1694
f 1694/1694 1135/1135 1712/1712
f 1694/1694 1712/1712 1695/1695
f 1695/1695 1712/1712 1713/1713
f 1695/1695 1713/1713 1696/1696
f 1696/1696 1713/1713 1714/1714
f 1696/1696 1714/1714 1697/1697
f 1697/1697 1714/1714 1715/1715
f 1697/1697 1715/1715 1698/1698
f 1698/1698 1715/1715 1716/1716
f 1698/1698 1716/1716 1699/1699
f 1699/1699 1716/1716 1717/1717
f 1699/1699 1717/1717 1700/1700
f 1700/1700 1717/1717 1718/1718
f 1700/1700 1718/1718 1701/1701
f 1701/1701 1718/1718 1182/1182
f 1701/1701 1182/1182 1184/1184
f 1677/1677 1702/1702 1678/1678
f 1678/1678 1702/1702 1719/1719
f 1678/1678 1719/1719 1679/1679
f 1679/1679 1719/1719 1720/1720
f 1679/1679 1720/1720 1680/1680
f 1680/1680 1720/1720 1721/1721
f 1680/1680 1721/1721 1681/1681
f 1681/1681 1721/1721 1722/1722
f 1681/1681 1722/1722 1682/1682
f 1682/1682 1722/1722 1723/1723
f 1682/1682 1723/1723 1079/1079
f 1079/1079 1723/1723 1077/1077
f 1719/1719 1702/1702 1703/1703
f 1213/1213 1215/1215 1018/1018
f 1018/1018 1215/1215 1016/1016
f 1683/1683 1706/1706 1684/1684
f 1684/1684 1706/1706 1724/1724
f 1684/1684 1724/1724 1685/1685
f 1685/1685 1724/1724 1725/1725
f 1685/1685 1725/1725 1686/1686
f 1686/1686 1725/1725 1726/1726
f 1686/1686 1726/1726 1687/1687
f 1687/1687 1726/1726 1727/1727
f 1687/1687 1727/1727 1688/1688
f 1688/1688 1727/1727 1728/1728
f 1688/1688 1728/1728 1689/1689
f 1689/1689 1728/1728 1729/1729
f 1689/1689 1729/1729 1690/1690
f 1690/1690 1729/1729 1262/1262
f 1690/1690 1262/1262 1261/1261
f 1724/1724 1706/1706 1707/1707
f 1691/1691 1711/1711 1692/1692
f 1692/1692 1711/1711 1730/1730
f 1692/1692 1730/1730 1693/1693
f 1693/1693 1730/1730 1731/1731
f 1693/1693 1731/1731 1325/1325
f 1325/1325 1731/1731 1323/1323
f 1730/1730 1711/1711 1309/1309
f 1731/1731 1730/1730 1308/1308
f 1308/1308 1730/1730 1309/1309
f 1724/1724 1707/1707 1732/1732
f 1732/1732 1707/1707 1708/1708
f 1732/1732 1708/1708 1733/1733
f 1733/1733 1708/1708 1709/1709
f 1733/1733 1709/1709 1734/1734
f 1734/1734 1709/1709 1710/1710
f 1734/1734 1710/1710 1735/1735
f 1735/1735 1710/1710 1204/1204
f 1735/1735 1204/1204 1202/1202
f 1211/1211 1213/1213 1020/1020
f 1020/1020 1213/1213 1018/1018
f 1719/1719 1703/1703 1736/1736
f 1736/1736 1703/1703 1704/1704
f 1736/1736 1704/1704 1737/1737
f 1737/1737 1704/1704 1705/1705
f 1737/1737 1705/1705 1738/1738
f 1738/1738 1705/1705 1061/1061
f 1738/1738 1061/1061 1063/1063
f 1713/1713 1712/1712 1139/1139
f 1139/1139 1712/1712 1137/1137
f 1137/1137 1712/1712 1135/1135
f 1714/1714 1713/1713 1141/1141
f 1141/1141 1713/1713 1139/1139
f 1719/1719 1736/1736 1720/1720
f 1720/1720 1736/1736 1739/1739
f 1720/1720 1739/1739 1721/1721
f 1721/1721 1739/1739 1740/1740
f 1721/1721 1740/1740 1722/1722
f 1722/1722 1740/1740 1741/1741
f 1722/1722 1741/1741 1723/1723
f 1723/1723 1741/1741 1742/1742
f 1723/1723 1742/1742 1077/1077
f 1077/1077 1742/1742 1075/1075
f 1739/1739 1736/1736 1737/1737
f 1021/1021 1019/1019 1084/1084
f 1209/1209 1211/1211 1022/1022
f 1022/1022 1211/1211 1020/1020
f 1724/1724 1732/1732 1725/1725
f 1725/1725 1732/1732 1743/1743
f 1725/1725 1743/1743 1726/1726
f 1726/1726 1743/1743 1744/1744
f 1726/1726 1744/1744 1727/1727
f 1727/1727 1744/1744 1745/1745
f 1727/1727 1745/1745 1728/1728
f 1728/1728 1745/1745 1746/1746
f 1728/1728 1746/1746 1729/1729
f 1729/1729 1746/1746 1263/1263
f 1729/1729 1263/1263 1262/1262
f 1743/1743 1732/1732 1733/1733
f 1323/1323 1731/1731 1307/1307
f 1307/1307 1731/1731 1308/1308
f 1715/1715 1714/1714 1143/1143
f 1143/1143 1714/1714 1141/1141
f 1739/1739 1737/1737 1747/1747
f 1747/1747 1737/1737 1738/1738
f 1747/1747 1738/1738 1748/1748
f 1748/1748 1738/1738 1063/1063
f 1748/1748 1063/1063 1065/1065
f 1021/1021 1084/1084 1749/1749
f 1749/1749 1084/1084 1082/1082
f 1749/1749 1082/1082 1750/1750
f 1750/1750 1082/1082 1080/1080
f 1750/1750 1080/1080 1195/1195
f 1207/1207 1209/1209 1024/1024
f 1024/1024 1209/1209 1022/1022
f 1743/1743 1733/1733 1751/1751
f 1751/1751 1733/1733 1734/1734
f 1751/1751 1734/1734 1752/1752
f 1752/1752 1734/1734 1735/1735
f 1752/1752 1735/1735 1753/1753
f 1753/1753 1735/1735 1202/1202
f 1753/1753 1202/1202 1200/1200
f 1321/1321 1323/1323 1306/1306
f 1306/1306 1323/1323 1307/1307
f 1716/1716 1715/1715 1145/1145
f 1145/1145 1715/1715 1143/1143
f 1739/1739 1747/1747 1740/1740
f 1740/1740 1747/1747 1754/1754
f 1740/1740 1754/1754 1741/1741
f 1741/1741 1754/1754 1755/1755
f 1741/1741 1755/1755 1742/1742
f 1742/1742 1755/1755 1756/1756
f 1742/1742 1756/1756 1075/1075
f 1075/1075 1756/1756 1073/1073
f 1754/1754 1747/1747 1748/1748
f 1021/1021 1749/1749 1023/1023
f 1023/1023 1749/1749 1757/1757
f 1023/1023 1757/1757 1025/1025
f 1025/1025 1757/1757 1758/1758
f 1025/1025 1758/1758 1027/1027
f 1027/1027 1758/1758 1759/1759
f 1027/1027 1759/1759 1029/1029
f 1029/1029 1759/1759 1760/1760
f 1029/1029 1760/1760 1031/1031
f 1031/1031 1760/1760 1033/1033
f 1757/1757 1749/1749 1750/1750
f 1205/1205 1207/1207 1026/1026
f 1026/1026 1207/1207 1024/1024
f 1743/1743 1751/1751 1744/1744
f 1744/1744 1751/1751 1761/1761
f 1744/1744 1761/1761 1745/1745
f 1745/1745 1761/1761 1762/1762
f 1745/1745 1762/1762 1746/1746
f 1746/1746 1762/1762 1264/1264
f 1746/1746 1264/1264 1263/1263
f 1761/1761 1751/1751 1752/1752
f 1305/1305 1321/1321 1306/1306
f 1761/1761 1752/1752 1763/1763
f 1763/1763 1752/1752 1753/1753
f 1763/1763 1753/1753 1266/1266
f 1266/1266 1753/1753 1200/1200
f 1203/1203 1205/1205 1028/1028
f 1028/1028 1205/1205 1026/1026
f 1757/1757 1750/1750 1764/1764
f 1764/1764 1750/1750 1195/1195
f 1764/1764 1195/1195 1193/1193
f 1754/1754 1748/1748 1765/1765
f 1765/1765 1748/1748 1065/1065
f 1765/1765 1065/1065 1067/1067
f 1717/1717 1716/1716 1147/1147
f 1147/1147 1716/1716 1145/1145
f 1170/1170 1169/1169 1174/1174
f 1170/1170 1174/1174 1766/1766
f 1766/1766 1174/1174 1176/1176
f 1766/1766 1176/1176 1179/1179
f 1718/1718 1717/1717 1149/1149
f 1149/1149 1717/1717 1147/1147
f 1754/1754 1765/1765 1755/1755
f 1755/1755 1765/1765 1767/1767
f 1755/1755 1767/1767 1756/1756
f 1756/1756 1767/1767 1071/1071
f 1756/1756 1071/1071 1073/1073
f 1767/1767 1765/1765 1067/1067
f 1194/1194 1078/1078 1076/1076
f 1757/1757 1764/1764 1758/1758
f 1758/1758 1764/1764 1768/1768
f 1758/1758 1768/1768 1759/1759
f 1759/1759 1768/1768 1191/1191
f 1759/1759 1191/1191 1760/1760
f 1760/1760 1191/1191 1033/1033
f 1768/1768 1764/1764 1193/1193
f 1201/1201 1203/1203 1030/1030
f 1030/1030 1203/1203 1028/1028
f 1761/1761 1763/1763 1762/1762
f 1762/1762 1763/1763 1265/1265
f 1762/1762 1265/1265 1264/1264
f 1265/1265 1763/1763 1266/1266
f 1170/1170 1766/1766 1171/1171
f 1171/1171 1766/1766 1181/1181
f 1171/1171 1181/1181 1172/1172
f 1181/1181 1766/1766 1179/1179
f 1182/1182 1718/1718 1151/1151
f 1151/1151 1718/1718 1149/1149
f 1071/1071 1767/1767 1069/1069
f 1069/1069 1767/1767 1067/1067
f 1189/1189 1194/1194 1190/1190
f 1190/1190 1194/1194 1076/1076
f 1191/1191 1768/1768 1192/1192
f 1192/1192 1768/1768 1193/1193
f 1199/1199 1201/1201 1032/1032
f 1032/1032 1201/1201 1030/1030
f 1034/1034 1199/1199 1032/1032
f 1769/1769 1770/1770 1771/1771
f 1771/1771 1770/1770 1772/1772
f 1771/1771 1772/1772 1773/1773
f 1773/1773 1772/1772 1774/1774
f 1773/1773 1774/1774 1775/1775
f 1775/1775 1774/1774 1776/1776
f 1775/1775 1776/1776 1777/1777
f 1777/1777 1776/1776 1778/1778
f 1777/1777 1778/1778 1779/1779
f 1779/1779 1778/1778 1780/1780
f 1779/1779 1780/1780 1781/1781
f 1781/1781 1780/1780 1782/1782
f 1781/1781 1782/1782 1783/1783
f 1783/1783 1782/1782 1784/1784
f 1783/1783 1784/1784 1785/1785
f 1785/1785 1784/1784 1786/1786
f 1785/1785 1786/1786 1787/1787
f 1787/1787 1786/1786 1788/1788
f 1787/1787 1788/1788 1789/1789
f 1789/1789 1788/1788 1790/1790
f 1789/1789 1790/1790 1791/1791
f 1791/1791 1790/1790 1792/1792
f 1791/1791 1792/1792 1793/1793
f 1793/1793 1792/1792 1794/1794
f 1793/1793 1794/1794 1795/1795
f 1795/1795 1794/1794 1796/1796
f 1795/1795 1796/1796 1797/1797
f 1797/1797 1796/1796 1798/1798
f 1797/1797 1798/1798 1799/1799
f 1799/1799 1798/1798 1800/1800
f 1799/1799 1800/1800 1801/1801
f 1801/1801 1800/1800 1802/1802
f 1801/1801 1802/1802 1803/1803
f 1803/1803 1802/1802 1804/1804
f 1803/1803 1804/1804 1805/1805
f 1805/1805 1804/1804 1806/1806
f 1805/1805 1806/1806 1807/1807
f 1807/1807 1806/1806 1808/1808
f 1807/1807 1808/1808 1809/1809
f 1809/1809 1808/1808 1810/1810
f 1809/1809 1810/1810 1811/1811
f 1811/1811 1810/1810 1812/1812
f 1811/1811 1812/1812 1813/1813
f 1770/1770 1769/1769 1814/1814
f 1814/1814 1769/1769 1815/1815
f 1814/1814 1815/1815 1816/1816
f 1814/1814 1816/1816 1817/1817
f 1817/1817 1816/1816 1818/1818
f 1817/1817 1818/1818 1819/1819
f 1819/1819 1818/1818 1820/1820
f 1819/1819 1820/1820 1821/1821
f 1821/1821 1820/1820 1822/1822
f 1821/1821 1822/1822 1823/1823
f 1823/1823 1822/1822 1824/1824
f 1823/1823 1824/1824 1780/1780
f 1780/1780 1824/1824 1782/1782
f 1818/1818 1825/1825 1820/1820
f 1820/1820 1825/1825 1826/1826
f 1820/1820 1826/1826 1827/1827
f 1827/1827 1826/1826 1828/1828
f 1827/1827 1828/1828 1829/1829
f 1829/1829 1828/1828 1830/1830
f 1829/1829 1830/1830 1831/1831
f 1831/1831 1830/1830 1832/1832
f 1831/1831 1832/1832 1833/1833
f 1833/1833 1832/1832 1834/1834
f 1833/1833 1834/1834 1835/1835
f 1835/1835 1834/1834 1836/1836
f 1835/1835 1836/1836 1837/1837
f 1837/1837 1836/1836 1838/1838
f 1837/1837 1838/1838 1839/1839
f 1839/1839 1838/1838 1840/1840
f 1839/1839 1840/1840 1841/1841
f 1841/1841 1840/1840 1842/1842
f 1841/1841 1842/1842 1843/1843
f 1843/1843 1842/1842 1844/1844
f 1843/1843 1844/1844 1845/1845
f 1845/1845 1844/1844 1846/1846
f 1845/1845 1846/1846 1847/1847
f 1847/1847 1846/1846 1848/1848
f 1847/1847 1848/1848 1849/1849
f 1849/1849 1848/1848 1850/1850
f 1849/1849 1850/1850 1851/1851
f 1851/1851 1850/1850 1852/1852
f 1851/1851 1852/1852 1853/1853
f 1853/1853 1852/1852 1854/1854
f 1853/1853 1854/1854 1855/1855
f 1855/1855 1854/1854 1856/1856
f 1855/1855 1856/1856 1857/1857
f 1857/1857 1856/1856 1858/1858
f 1857/1857 1858/1858 1812/1812
f 1825/1825 1859/1859 1826/1826
f 1826/1826 1859/1859 1860/1860
f 1826/1826 1860/1860 1828/1828
f 1828/1828 1860/1860 1861/1861
f 1828/1828 1861/1861 1830/1830
f 1830/1830 1861/1861 1862/1862
f 1830/1830 1862/1862 1832/1832
f 1832/1832 1862/1862 1863/1863
f 1832/1832 1863/1863 1834/1834
f 1834/1834 1863/1863 1864/1864
f 1834/1834 1864/1864 1836/1836
f 1836/1836 1864/1864 1865/1865
f 1836/1836 1865/1865 1838/1838
f 1838/1838 1865/1865 1866/1866
f 1838/1838 1866/1866 1840/1840
f 1840/1840 1866/1866 1867/1867
f 1840/1840 1867/1867 1842/1842
f 1842/1842 1867/1867 1868/1868
f 1842/1842 1868/1868 1844/1844
f 1844/1844 1868/1868 1869/1869
f 1844/1844 1869/1869 1846/1846
f 1846/1846 1869/1869 1870/1870
f 1846/1846 1870/1870 1848/1848
f 1848/1848 1870/1870 1871/1871
f 1848/1848 1871/1871 1850/1850
f 1850/1850 1871/1871 1872/1872
f 1850/1850 1872/1872 1852/1852
f 1852/1852 1872/1872 1873/1873
f 1852/1852 1873/1873 1854/1854
f 1859/1859 1874/1874 1860/1860
f 1860/1860 1874/1874 1875/1875
f 1860/1860 1875/1875 1861/1861
f 1861/1861 1875/1875 1876/1876
f 1861/1861 1876/1876 1862/1862
f 1862/1862 1876/1876 1877/1877
f 1862/1862 1877/1877 1863/1863
f 1863/1863 1877/1877 1878/1878
f 1863/1863 1878/1878 1864/1864
f 1864/1864 1878/1878 1879/1879
f 1864/1864 1879/1879 1865/1865
f 1865/1865 1879/1879 1880/1880
f 1865/1865 1880/1880 1866/1866
f 1866/1866 1880/1880 1881/1881
f 1866/1866 1881/1881 1867/1867
f 1867/1867 1881/1881 1882/1882
f 1867/1867 1882/1882 1868/1868
f 1868/1868 1882/1882 1883/1883
f 1868/1868 1883/1883 1869/1869
f 1869/1869 1883/1883 1884/1884
f 1869/1869 1884/1884 1870/1870
f 1870/1870 1884/1884 1885/1885
f 1870/1870 1885/1885 1871/1871
f 1871/1871 1885/1885 1886/1886
f 1871/1871 1886/1886 1872/1872
f 1872/1872 1886/1886 1887/1887
f 1872/1872 1887/1887 1873/1873
f 1875/1875 1874/1874 1888/1888
f 1888/1888 1874/1874 1889/1889
f 1888/1888 1889/1889 1890/1890
f 1890/1890 1889/1889 1891/1891
f 1890/1890 1891/1891 1892/1892
f 1892/1892 1891/1891 1893/1893
f 1892/1892 1893/1893 1894/1894
f 1894/1894 1893/1893 1895/1895
f 1894/1894 1895/1895 1896/1896
f 1896/1896 1895/1895 1897/1897
f 1896/1896 1897/1897 1898/1898
f 1898/1898 1897/1897 1899/1899
f 1898/1898 1899/1899 1900/1900
f 1900/1900 1899/1899 1901/1901
f 1900/1900 1901/1901 1902/1902
f 1902/1902 1901/1901 1903/1903
f 1902/1902 1903/1903 1904/1904
f 1904/1904 1903/1903 1905/1905
f 1904/1904 1905/1905 1906/1906
f 1906/1906 1905/1905 1907/1907
f 1906/1906 1907/1907 1908/1908
f 1908/1908 1907/1907 1909/1909
f 1908/1908 1909/1909 1910/1910
f 1910/1910 1909/1909 1911/1911
f 1910/1910 1911/1911 1912/1912
f 1912/1912 1911/1911 1913/1913
f 1912/1912 1913/1913 1914/1914
f 1914/1914 1913/1913 1885/1885
f 1914/1914 1885/1885 1884/1884
f 1893/1893 1915/1915 1895/1895
f 1895/1895 1915/1915 1916/1916
f 1895/1895 1916/1916 1897/1897
f 1897/1897 1916/1916 1917/1917
f 1897/1897 1917/1917 1899/1899
f 1899/1899 1917/1917 1918/1918
f 1899/1899 1918/1918 1901/1901
f 1901/1901 1918/1918 1919/1919
f 1901/1901 1919/1919 1903/1903
f 1903/1903 1919/1919 1920/1920
f 1903/1903 1920/1920 1905/1905
f 1905/1905 1920/1920 1921/1921
f 1905/1905 1921/1921 1907/1907
f 1907/1907 1921/1921 1909/1909
f 1915/1915 1922/1922 1916/1916
f 1916/1916 1922/1922 1923/1923
f 1916/1916 1923/1923 1917/1917
f 1917/1917 1923/1923 1924/1924
f 1917/1917 1924/1924 1918/1918
f 1918/1918 1924/1924 1925/1925
f 1918/1918 1925/1925 1919/1919
f 1919/1919 1925/1925 1926/1926
f 1919/1919 1926/1926 1920/1920
f 1920/1920 1926/1926 1927/1927
f 1920/1920 1927/1927 1921/1921
f 1921/1921 1927/1927 1928/1928
f 1921/1921 1928/1928 1909/1909
f 1922/1922 1929/1929 1923/1923
f 1923/1923 1929/1929 1930/1930
f 1923/1923 1930/1930 1924/1924
f 1924/1924 1930/1930 1931/1931
f 1924/1924 1931/1931 1925/1925
f 1925/1925 1931/1931 1932/1932
f 1925/1925 1932/1932 1926/1926
f 1926/1926 1932/1932 1933/1933
f 1926/1926 1933/1933 1927/1927
f 1927/1927 1933/1933 1934/1934
f 1927/1927 1934/1934 1928/1928
f 1930/1930 1929/1929 1935/1935
f 1935/1935 1929/1929 1936/1936
f 1935/1935 1936/1936 1937/1937
f 1937/1937 1936/1936 1938/1938
f 1937/1937 1938/1938 1939/1939
f 1939/1939 1938/1938 1940/1940
f 1939/1939 1940/1940 1941/1941
f 1938/1938 1942/1942 1940/1940
f 1939/1939 1941/1941 1943/1943
f 1943/1943 1941/1941 1944/1944
f 1943/1943 1944/1944 1945/1945
f 1945/1945 1944/1944 1946/1946
f 1945/1945 1946/1946 1933/1933
f 1933/1933 1946/1946 1934/1934
f 1913/1913 1911/1911 1886/1886
f 1886/1886 1911/1911 1887/1887
f 1813/1813 1947/1947 1811/1811
f 1811/1811 1947/1947 1948/1948
f 1811/1811 1948/1948 1949/1949
f 1949/1949 1948/1948 1950/1950
f 1949/1949 1950/1950 1951/1951
f 1951/1951 1950/1950 1952/1952
f 1951/1951 1952/1952 1953/1953
f 1953/1953 1952/1952 1954/1954
f 1953/1953 1954/1954 1955/1955
f 1955/1955 1954/1954 1956/1956
f 1955/1955 1956/1956 1957/1957
f 1957/1957 1956/1956 1958/1958
f 1957/1957 1958/1958 1959/1959
f 1959/1959 1958/1958 1960/1960
f 1959/1959 1960/1960 1961/1961
f 1961/1961 1960/1960 1962/1962
f 1961/1961 1962/1962 1963/1963
f 1963/1963 1962/1962 1964/1964
f 1963/1963 1964/1964 1965/1965
f 1965/1965 1964/1964 1966/1966
f 1965/1965 1966/1966 1967/1967
f 1967/1967 1966/1966 1968/1968
f 1967/1967 1968/1968 1969/1969
f 1969/1969 1968/1968 1970/1970
f 1969/1969 1970/1970 1971/1971
f 1971/1971 1970/1970 1972/1972
f 1971/1971 1972/1972 1973/1973
f 1973/1973 1972/1972 1974/1974
f 1973/1973 1974/1974 1975/1975
f 1975/1975 1974/1974 1976/1976
f 1975/1975 1976/1976 1977/1977
f 1977/1977 1976/1976 1978/1978
f 1977/1977 1978/1978 1979/1979
f 1979/1979 1978/1978 1980/1980
f 1979/1979 1980/1980 1981/1981
f 1981/1981 1980/1980 1982/1982
f 1981/1981 1982/1982 1983/1983
f 1983/1983 1982/1982 1984/1984
f 1983/1983 1984/1984 1985/1985
f 1985/1985 1984/1984 1986/1986
f 1986/1986 1984/1984 1987/1987
f 1986/1986 1987/1987 1988/1988
f 1988/1988 1987/1987 1989/1989
f 1988/1988 1989/1989 1990/1990
f 1990/1990 1989/1989 1991/1991
f 1990/1990 1991/1991 1992/1992
f 1992/1992 1991/1991 1993/1993
f 1992/1992 1993/1993 1994/1994
f 1994/1994 1993/1993 1995/1995
f 1994/1994 1995/1995 1996/1996
f 1996/1996 1995/1995 1997/1997
f 1996/1996 1997/1997 1998/1998
f 1998/1998 1997/1997 1999/1999
f 1998/1998 1999/1999 2000/2000
f 2000/2000 1999/1999 2001/2001
f 2000/2000 2001/2001 2002/2002
f 2002/2002 2001/2001 2003/2003
f 2002/2002 2003/2003 2004/2004
f 2004/2004 2003/2003 2005/2005
f 2004/2004 2005/2005 2006/2006
f 2006/2006 2005/2005 2007/2007
f 2006/2006 2007/2007 2008/2008
f 2008/2008 2007/2007 2009/2009
f 2008/2008 2009/2009 2010/2010
f 2010/2010 2009/2009 2011/2011
f 2010/2010 2011/2011 2012/2012
f 2012/2012 2011/2011 2013/2013
f 2012/2012 2013/2013 2014/2014
f 2014/2014 2013/2013 2015/2015
f 2014/2014 2015/2015 2016/2016
f 2016/2016 2015/2015 2017/2017
f 2016/2016 2017/2017 2018/2018
f 2018/2018 2017/2017 2019/2019
f 2018/2018 2019/2019 2020/2020
f 2020/2020 2019/2019 2021/2021
f 2021/2021 2019/2019 2022/2022
f 2021/2021 2022/2022 2023/2023
f 2023/2023 2022/2022 2024/2024
f 2023/2023 2024/2024 2025/2025
f 2025/2025 2024/2024 2026/2026
f 2026/2026 2024/2024 2027/2027
f 2026/2026 2027/2027 2028/2028
f 2028/2028 2027/2027 2029/2029
f 2028/2028 2029/2029 2030/2030
f 2030/2030 2029/2029 2031/2031
f 2030/2030 2031/2031 2032/2032
f 2032/2032 2031/2031 2033/2033
f 2032/2032 2033/2033 2034/2034
f 2034/2034 2033/2033 2035/2035
f 2034/2034 2035/2035 2036/2036
f 2036/2036 2035/2035 2037/2037
f 2036/2036 2037/2037 2038/2038
f 2038/2038 2037/2037 2039/2039
f 2038/2038 2039/2039 2040/2040
f 2040/2040 2039/2039 2041/2041
f 2040/2040 2041/2041 2042/2042
f 2042/2042 2041/2041 2043/2043
f 2042/2042 2043/2043 2044/2044
f 2044/2044 2043/2043 2045/2045
f 2044/2044 2045/2045 2046/2046
f 2046/2046 2045/2045 2047/2047
f 2046/2046 2047/2047 2048/2048
f 2048/2048 2047/2047 2049/2049
f 2048/2048 2049/2049 2050/2050
f 2050/2050 2049/2049 2051/2051
f 2050/2050 2051/2051 2052/2052
f 2052/2052 2051/2051 2053/2053
f 2052/2052 2053/2053 2054/2054
f 2054/2054 2053/2053 2055/2055
f 2054/2054 2055/2055 2056/2056
f 2056/2056 2055/2055 2057/2057
f 2056/2056 2057/2057 1978/1978
f 1978/1978 2057/2057 1980/1980
f 1947/1947 2058/2058 1948/1948
f 1948/1948 2058/2058 2059/2059
f 1948/1948 2059/2059 1950/1950
f 1950/1950 2059/2059 2060/2060
f 1950/1950 2060/2060 1952/1952
f 1952/1952 2060/2060 2061/2061
f 1952/1952 2061/2061 1954/1954
f 1954/1954 2061/2061 2062/2062
f 1954/1954 2062/2062 1956/1956
f 1956/1956 2062/2062 2063/2063
f 1956/1956 2063/2063 1958/1958
f 1958/1958 2063/2063 2064/2064
f 1958/1958 2064/2064 1960/1960
f 1960/1960 2064/2064 2065/2065
f 1960/1960 2065/2065 1962/1962
f 1962/1962 2065/2065 2066/2066
f 1962/1962 2066/2066 1964/1964
f 1964/1964 2066/2066 2067/2067
f 1964/1964 2067/2067 1966/1966
f 1966/1966 2067/2067 2068/2068
f 1966/1966 2068/2068 1968/1968
f 1968/1968 2068/2068 2069/2069
f 1968/1968 2069/2069 1970/1970
f 1970/1970 2069/2069 2070/2070
f 1970/1970 2070/2070 1972/1972
f 1972/1972 2070/2070 2071/2071
f 1972/1972 2071/2071 1974/1974
f 1974/1974 2071/2071 2072/2072
f 1974/1974 2072/2072 1976/1976
f 1976/1976 2072/2072 2056/2056
f 1976/1976 2056/2056 1978/1978
f 2058/2058 2073/2073 2059/2059
f 2059/2059 2073/2073 2074/2074
f 2059/2059 2074/2074 2060/2060
f 2060/2060 2074/2074 2075/2075
f 2060/2060 2075/2075 2061/2061
f 2061/2061 2075/2075 2076/2076
f 2061/2061 2076/2076 2062/2062
f 2062/2062 2076/2076 2077/2077
f 2062/2062 2077/2077 2063/2063
f 2063/2063 2077/2077 2078/2078
f 2063/2063 2078/2078 2064/2064
f 2064/2064 2078/2078 2079/2079
f 2064/2064 2079/2079 2065/2065
f 2065/2065 2079/2079 2080/2080
f 2065/2065 2080/2080 2066/2066
f 2066/2066 2080/2080 2081/2081
f 2066/2066 2081/2081 2067/2067
f 2067/2067 2081/2081 2082/2082
f 2067/2067 2082/2082 2068/2068
f 2068/2068 2082/2082 2083/2083
f 2068/2068 2083/2083 2069/2069
f 2069/2069 2083/2083 2084/2084
f 2069/2069 2084/2084 2070/2070
f 2070/2070 2084/2084 2085/2085
f 2070/2070 2085/2085 2071/2071
f 2071/2071 2085/2085 2086/2086
f 2071/2071 2086/2086 2072/2072
f 2072/2072 2086/2086 2054/2054
f 2072/2072 2054/2054 2056/2056
f 2073/2073 2087/2087 2074/2074
f 2074/2074 2087/2087 2088/2088
f 2074/2074 2088/2088 2075/2075
f 2075/2075 2088/2088 2089/2089
f 2075/2075 2089/2089 2076/2076
f 2076/2076 2089/2089 2090/2090
f 2076/2076 2090/2090 2077/2077
f 2077/2077 2090/2090 2091/2091
f 2077/2077 2091/2091 2078/2078
f 2078/2078 2091/2091 2092/2092
f 2078/2078 2092/2092 2079/2079
f 2079/2079 2092/2092 2093/2093
f 2079/2079 2093/2093 2080/2080
f 2080/2080 2093/2093 2094/2094
f 2080/2080 2094/2094 2081/2081
f 2081/2081 2094/2094 2095/2095
f 2081/2081 2095/2095 2082/2082
f 2082/2082 2095/2095 2096/2096
f 2082/2082 2096/2096 2083/2083
f 2083/2083 2096/2096 2097/2097
f 2083/2083 2097/2097 2084/2084
f 2084/2084 2097/2097 2098/2098
f 2084/2084 2098/2098 2085/2085
f 2085/2085 2098/2098 2099/2099
f 2085/2085 2099/2099 2086/2086
f 2086/2086 2099/2099 2052/2052
f 2086/2086 2052/2052 2054/2054
f 2087/2087 2100/2100 2088/2088
f 2088/2088 2100/2100 2101/2101
f 2088/2088 2101/2101 2089/2089
f 2089/2089 2101/2101 2102/2102
f 2089/2089 2102/2102 2090/2090
f 2090/2090 2102/2102 2103/2103
f 2090/2090 2103/2103 2091/2091
f 2091/2091 2103/2103 2104/2104
f 2091/2091 2104/2104 2092/2092
f 2092/2092 2104/2104 2105/2105
f 2092/2092 2105/2105 2093/2093
f 2093/2093 2105/2105 2106/2106
f 2093/2093 2106/2106 2094/2094
f 2094/2094 2106/2106 2107/2107
f 2094/2094 2107/2107 2095/2095
f 2095/2095 2107/2107 2108/2108
f 2095/2095 2108/2108 2096/2096
f 2096/2096 2108/2108 2109/2109
f 2096/2096 2109/2109 2097/2097
f 2097/2097 2109/2109 2110/2110
f 2097/2097 2110/2110 2098/2098
f 2098/2098 2110/2110 2111/2111
f 2098/2098 2111/2111 2099/2099
f 2099/2099 2111/2111 2050/2050
f 2099/2099 2050/2050 2052/2052
f 2101/2101 2100/2100 2112/2112
f 2112/2112 2100/2100 2113/2113
f 2112/2112 2113/2113 2114/2114
f 2114/2114 2113/2113 2115/2115
f 2114/2114 2115/2115 2116/2116
f 2116/2116 2115/2115 2117/2117
f 2116/2116 2117/2117 2118/2118
f 2118/2118 2117/2117 2119/2119
f 2118/2118 2119/2119 2120/2120
f 2120/2120 2119/2119 2121/2121
f 2120/2120 2121/2121 2122/2122
f 2122/2122 2121/2121 2123/2123
f 2122/2122 2123/2123 2124/2124
f 2124/2124 2123/2123 2125/2125
f 2124/2124 2125/2125 2126/2126
f 2126/2126 2125/2125 2127/2127
f 2126/2126 2127/2127 2128/2128
f 2128/2128 2127/2127 2129/2129
f 2128/2128 2129/2129 2130/2130
f 2130/2130 2129/2129 2040/2040
f 2130/2130 2040/2040 2042/2042
f 2117/2117 2131/2131 2119/2119
f 2119/2119 2131/2131 2132/2132
f 2119/2119 2132/2132 2121/2121
f 2121/2121 2132/2132 2133/2133
f 2121/2121 2133/2133 2123/2123
f 2123/2123 2133/2133 2134/2134
f 2123/2123 2134/2134 2125/2125
f 2125/2125 2134/2134 2135/2135
f 2125/2125 2135/2135 2127/2127
f 2127/2127 2135/2135 2136/2136
f 2127/2127 2136/2136 2129/2129
f 2129/2129 2136/2136 2038/2038
f 2129/2129 2038/2038 2040/2040
f 2131/2131 2137/2137 2132/2132
f 2132/2132 2137/2137 2138/2138
f 2132/2132 2138/2138 2133/2133
f 2133/2133 2138/2138 2139/2139
f 2133/2133 2139/2139 2134/2134
f 2134/2134 2139/2139 2140/2140
f 2134/2134 2140/2140 2135/2135
f 2135/2135 2140/2140 2141/2141
f 2135/2135 2141/2141 2136/2136
f 2136/2136 2141/2141 2036/2036
f 2136/2136 2036/2036 2038/2038
f 2137/2137 2142/2142 2138/2138
f 2138/2138 2142/2142 2143/2143
f 2138/2138 2143/2143 2139/2139
f 2139/2139 2143/2143 2144/2144
f 2139/2139 2144/2144 2140/2140
f 2140/2140 2144/2144 2145/2145
f 2140/2140 2145/2145 2141/2141
f 2141/2141 2145/2145 2034/2034
f 2141/2141 2034/2034 2036/2036
f 2142/2142 2146/2146 2143/2143
f 2143/2143 2146/2146 2147/2147
f 2143/2143 2147/2147 2144/2144
f 2144/2144 2147/2147 2148/2148
f 2144/2144 2148/2148 2145/2145
f 2145/2145 2148/2148 2032/2032
f 2145/2145 2032/2032 2034/2034
f 2147/2147 2146/2146 2149/2149
f 2149/2149 2146/2146 2026/2026
f 2149/2149 2026/2026 2028/2028
f 2018/2018 2020/2020 2150/2150
f 2150/2150 2020/2020 2151/2151
f 2150/2150 2151/2151 2152/2152
f 2152/2152 2151/2151 2153/2153
f 2152/2152 2153/2153 2154/2154
f 2154/2154 2153/2153 2155/2155
f 2154/2154 2155/2155 2156/2156
f 2156/2156 2155/2155 2157/2157
f 2156/2156 2157/2157 2158/2158
f 2158/2158 2157/2157 2159/2159
f 2158/2158 2159/2159 2160/2160
f 2160/2160 2159/2159 2161/2161
f 2160/2160 2161/2161 2162/2162
f 2162/2162 2161/2161 2163/2163
f 2162/2162 2163/2163 2164/2164
f 2164/2164 2163/2163 2165/2165
f 2164/2164 2165/2165 2166/2166
f 2166/2166 2165/2165 2167/2167
f 2166/2166 2167/2167 2168/2168
f 2168/2168 2167/2167 2169/2169
f 2168/2168 2169/2169 2170/2170
f 2170/2170 2169/2169 2171/2171
f 2170/2170 2171/2171 2172/2172
f 2172/2172 2171/2171 2173/2173
f 2172/2172 2173/2173 2174/2174
f 2174/2174 2173/2173 2175/2175
f 2174/2174 2175/2175 2176/2176
f 2176/2176 2175/2175 2177/2177
f 2176/2176 2177/2177 2178/2178
f 2178/2178 2177/2177 2179/2179
f 2178/2178 2179/2179 2180/2180
f 2155/2155 2181/2181 2157/2157
f 2157/2157 2181/2181 2159/2159
f 2159/2159 2181/2181 2182/2182
f 2182/2182 2181/2181 2183/2183
f 2182/2182 2183/2183 2184/2184
f 2184/2184 2183/2183 2185/2185
f 2184/2184 2185/2185 2186/2186
f 2186/2186 2185/2185 2187/2187
f 2186/2186 2187/2187 2188/2188
f 2188/2188 2187/2187 2189/2189
f 2188/2188 2189/2189 2190/2190
f 2190/2190 2189/2189 2191/2191
f 2190/2190 2191/2191 2192/2192
f 2192/2192 2191/2191 2193/2193
f 2192/2192 2193/2193 2194/2194
f 2194/2194 2193/2193 2195/2195
f 2194/2194 2195/2195 2196/2196
f 2196/2196 2195/2195 2197/2197
f 2196/2196 2197/2197 2169/2169
f 2169/2169 2197/2197 2171/2171
f 2185/2185 2198/2198 2187/2187
f 2187/2187 2198/2198 2199/2199
f 2187/2187 2199/2199 2189/2189
f 2189/2189 2199/2199 2200/2200
f 2189/2189 2200/2200 2191/2191
f 2191/2191 2200/2200 2201/2201
f 2191/2191 2201/2201 2193/2193
f 2193/2193 2201/2201 2202/2202
f 2193/2193 2202/2202 2203/2203
f 2203/2203 2202/2202 2204/2204
f 2203/2203 2204/2204 2205/2205
f 2205/2205 2204/2204 2206/2206
f 2205/2205 2206/2206 2207/2207
f 2207/2207 2206/2206 2208/2208
f 2207/2207 2208/2208 2209/2209
f 2198/2198 2210/2210 2199/2199
f 2199/2199 2210/2210 2211/2211
f 2199/2199 2211/2211 2200/2200
f 2200/2200 2211/2211 2212/2212
f 2200/2200 2212/2212 2201/2201
f 2201/2201 2212/2212 2213/2213
f 2201/2201 2213/2213 2202/2202
f 2202/2202 2213/2213 2214/2214
f 2202/2202 2214/2214 2204/2204
f 2204/2204 2214/2214 2215/2215
f 2204/2204 2215/2215 2206/2206
f 2206/2206 2215/2215 2216/2216
f 2206/2206 2216/2216 2208/2208
f 2210/2210 2217/2217 2211/2211
f 2211/2211 2217/2217 2218/2218
f 2211/2211 2218/2218 2212/2212
f 2212/2212 2218/2218 2219/2219
f 2212/2212 2219/2219 2213/2213
f 2213/2213 2219/2219 2220/2220
f 2213/2213 2220/2220 2214/2214
f 2214/2214 2220/2220 2221/2221
f 2214/2214 2221/2221 2215/2215
f 2215/2215 2221/2221 2222/2222
f 2215/2215 2222/2222 2216/2216
f 2218/2218 2217/2217 2219/2219
f 2219/2219 2217/2217 2223/2223
f 2219/2219 2223/2223 2220/2220
f 2220/2220 2223/2223 2224/2224
f 2220/2220 2224/2224 2225/2225
f 2225/2225 2224/2224 2226/2226
f 2225/2225 2226/2226 2227/2227
f 2227/2227 2226/2226 2228/2228
f 2227/2227 2222/2222 2225/2225
f 2225/2225 2222/2222 2221/2221
f 2225/2225 2221/2221 2220/2220
f 2207/2207 2209/2209 2229/2229
f 2229/2229 2209/2209 2230/2230
f 2229/2229 2230/2230 2231/2231
f 2231/2231 2230/2230 2232/2232
f 2231/2231 2232/2232 2179/2179
f 2178/2178 2180/2180 2233/2233
f 2233/2233 2180/2180 2234/2234
f 2233/2233 2234/2234 2235/2235
f 2235/2235 2234/2234 2236/2236
f 2235/2235 2236/2236 2237/2237
f 2237/2237 2236/2236 1990/1990
f 2237/2237 1990/1990 1992/1992
f 2234/2234 1986/1986 2236/2236
f 2236/2236 1986/1986 1988/1988
f 2236/2236 1988/1988 1990/1990
f 1983/1983 1985/1985 2238/2238
f 2238/2238 1985/1985 2239/2239
f 2238/2238 2239/2239 2240/2240
f 2240/2240 2239/2239 2241/2241
f 2240/2240 2241/2241 2242/2242
f 2242/2242 2241/2241 2243/2243
f 2242/2242 2243/2243 2244/2244
f 2244/2244 2243/2243 2245/2245
f 2244/2244 2245/2245 2246/2246
f 2246/2246 2245/2245 2247/2247
f 2246/2246 2247/2247 2248/2248
f 2248/2248 2247/2247 2249/2249
f 2248/2248 2249/2249 2250/2250
f 2250/2250 2249/2249 2251/2251
f 2250/2250 2251/2251 2252/2252
f 2252/2252 2251/2251 2253/2253
f 2252/2252 2253/2253 2254/2254
f 2254/2254 2253/2253 2255/2255
f 2254/2254 2255/2255 2256/2256
f 2256/2256 2255/2255 2257/2257
f 2256/2256 2257/2257 2258/2258
f 2258/2258 2257/2257 2259/2259
f 2258/2258 2259/2259 2260/2260
f 2260/2260 2259/2259 2261/2261
f 2260/2260 2261/2261 2262/2262
f 2262/2262 2261/2261 2263/2263
f 2262/2262 2263/2263 2264/2264
f 2264/2264 2263/2263 2265/2265
f 2264/2264 2265/2265 2266/2266
f 2266/2266 2265/2265 2267/2267
f 2266/2266 2267/2267 2268/2268
f 2268/2268 2267/2267 2269/2269
f 2268/2268 2269/2269 2270/2270
f 2270/2270 2269/2269 2271/2271
f 2270/2270 2271/2271 2272/2272
f 2272/2272 2271/2271 1807/1807
f 2272/2272 1807/1807 1809/1809
f 2241/2241 2239/2239 2273/2273
f 2273/2273 2239/2239 2274/2274
f 2273/2273 2274/2274 2275/2275
f 2275/2275 2274/2274 2276/2276
f 2275/2275 2276/2276 2277/2277
f 2277/2277 2276/2276 2278/2278
f 2277/2277 2278/2278 2279/2279
f 2279/2279 2278/2278 2280/2280
f 2279/2279 2280/2280 2281/2281
f 2281/2281 2280/2280 2282/2282
f 2281/2281 2282/2282 2283/2283
f 2283/2283 2282/2282 2284/2284
f 2283/2283 2284/2284 2285/2285
f 2285/2285 2284/2284 2286/2286
f 2285/2285 2286/2286 2287/2287
f 2287/2287 2286/2286 2288/2288
f 2287/2287 2288/2288 2289/2289
f 2289/2289 2288/2288 2290/2290
f 2289/2289 2290/2290 2291/2291
f 2291/2291 2290/2290 2292/2292
f 2291/2291 2292/2292 2293/2293
f 2293/2293 2292/2292 2294/2294
f 2293/2293 2294/2294 2295/2295
f 2295/2295 2294/2294 2296/2296
f 2295/2295 2296/2296 2297/2297
f 2297/2297 2296/2296 2298/2298
f 2297/2297 2298/2298 2299/2299
f 2299/2299 2298/2298 2300/2300
f 2299/2299 2300/2300 2301/2301
f 2301/2301 2300/2300 1801/1801
f 2301/2301 1801/1801 1803/1803
f 2276/2276 2274/2274 2302/2302
f 2302/2302 2274/2274 2303/2303
f 2302/2302 2303/2303 2304/2304
f 2304/2304 2303/2303 2305/2305
f 2304/2304 2305/2305 2306/2306
f 2306/2306 2305/2305 2307/2307
f 2306/2306 2307/2307 2308/2308
f 2308/2308 2307/2307 2309/2309
f 2308/2308 2309/2309 2310/2310
f 2310/2310 2309/2309 2311/2311
f 2310/2310 2311/2311 2312/2312
f 2312/2312 2311/2311 2313/2313
f 2312/2312 2313/2313 2314/2314
f 2314/2314 2313/2313 2315/2315
f 2314/2314 2315/2315 2316/2316
f 2316/2316 2315/2315 2317/2317
f 2316/2316 2317/2317 2318/2318
f 2318/2318 2317/2317 2319/2319
f 2318/2318 2319/2319 2320/2320
f 2320/2320 2319/2319 2321/2321
f 2320/2320 2321/2321 2322/2322
f 2322/2322 2321/2321 1793/1793
f 2322/2322 1793/1793 1795/1795
f 2303/2303 2323/2323 2305/2305
f 2305/2305 2323/2323 2324/2324
f 2305/2305 2324/2324 2307/2307
f 2307/2307 2324/2324 2325/2325
f 2307/2307 2325/2325 2309/2309
f 2309/2309 2325/2325 2326/2326
f 2309/2309 2326/2326 2311/2311
f 2311/2311 2326/2326 2327/2327
f 2311/2311 2327/2327 2313/2313
f 2313/2313 2327/2327 2328/2328
f 2313/2313 2328/2328 2315/2315
f 2315/2315 2328/2328 2329/2329
f 2315/2315 2329/2329 2317/2317
f 2317/2317 2329/2329 2330/2330
f 2317/2317 2330/2330 2319/2319
f 2319/2319 2330/2330 2331/2331
f 2319/2319 2331/2331 2321/2321
f 2321/2321 2331/2331 1791/1791
f 2321/2321 1791/1791 1793/1793
f 2323/2323 2332/2332 2324/2324
f 2324/2324 2332/2332 2333/2333
f 2324/2324 2333/2333 2325/2325
f 2325/2325 2333/2333 2334/2334
f 2325/2325 2334/2334 2326/2326
f 2326/2326 2334/2334 2335/2335
f 2326/2326 2335/2335 2327/2327
f 2327/2327 2335/2335 2336/2336
f 2327/2327 2336/2336 2328/2328
f 2328/2328 2336/2336 2337/2337
f 2328/2328 2337/2337 2329/2329
f 2329/2329 2337/2337 2338/2338
f 2329/2329 2338/2338 2330/2330
f 2330/2330 2338/2338 2339/2339
f 2330/2330 2339/2339 2331/2331
f 2331/2331 2339/2339 1789/1789
f 2331/2331 1789/1789 1791/1791
f 2332/2332 2340/2340 2333/2333
f 2333/2333 2340/2340 2341/2341
f 2333/2333 2341/2341 2334/2334
f 2334/2334 2341/2341 2342/2342
f 2334/2334 2342/2342 2335/2335
f 2335/2335 2342/2342 2343/2343
f 2335/2335 2343/2343 2336/2336
f 2336/2336 2343/2343 2344/2344
f 2336/2336 2344/2344 2337/2337
f 2337/2337 2344/2344 2345/2345
f 2337/2337 2345/2345 2338/2338
f 2338/2338 2345/2345 2346/2346
f 2338/2338 2346/2346 2339/2339
f 2339/2339 2346/2346 1787/1787
f 2339/2339 1787/1787 1789/1789
f 2340/2340 2347/2347 2341/2341
f 2341/2341 2347/2347 2348/2348
f 2341/2341 2348/2348 2342/2342
f 2342/2342 2348/2348 2349/2349
f 2342/2342 2349/2349 2343/2343
f 2343/2343 2349/2349 2350/2350
f 2343/2343 2350/2350 2344/2344
f 2344/2344 2350/2350 2351/2351
f 2344/2344 2351/2351 2345/2345
f 2345/2345 2351/2351 2352/2352
f 2345/2345 2352/2352 2346/2346
f 2346/2346 2352/2352 1785/1785
f 2346/2346 1785/1785 1787/1787
f 2347/2347 2353/2353 2348/2348
f 2348/2348 2353/2353 2354/2354
f 2348/2348 2354/2354 2349/2349
f 2349/2349 2354/2354 2355/2355
f 2349/2349 2355/2355 2350/2350
f 2350/2350 2355/2355 2356/2356
f 2350/2350 2356/2356 2351/2351
f 2351/2351 2356/2356 2357/2357
f 2351/2351 2357/2357 2352/2352
f 2352/2352 2357/2357 1783/1783
f 2352/2352 1783/1783 1785/1785
f 2353/2353 2358/2358 2354/2354
f 2354/2354 2358/2358 2359/2359
f 2354/2354 2359/2359 2355/2355
f 2355/2355 2359/2359 2360/2360
f 2355/2355 2360/2360 2356/2356
f 2356/2356 2360/2360 2361/2361
f 2356/2356 2361/2361 2357/2357
f 2357/2357 2361/2361 1781/1781
f 2357/2357 1781/1781 1783/1783
f 2358/2358 2362/2362 2359/2359
f 2359/2359 2362/2362 2363/2363
f 2359/2359 2363/2363 2360/2360
f 2360/2360 2363/2363 2364/2364
f 2360/2360 2364/2364 2361/2361
f 2361/2361 2364/2364 1779/1779
f 2361/2361 1779/1779 1781/1781
f 2362/2362 2365/2365 2363/2363
f 2363/2363 2365/2365 2366/2366
f 2363/2363 2366/2366 2364/2364
f 2364/2364 2366/2366 1777/1777
f 2364/2364 1777/1777 1779/1779
f 2366/2366 2365/2365 1775/1775
f 1775/1775 2365/2365 1773/1773
f 1772/1772 1770/1770 2367/2367
f 2367/2367 1770/1770 1814/1814
f 2367/2367 1814/1814 1817/1817
f 1774/1774 1772/1772 2368/2368
f 2368/2368 1772/1772 2367/2367
f 2368/2368 2367/2367 2369/2369
f 2369/2369 2367/2367 1817/1817
f 2369/2369 1817/1817 1819/1819
f 1777/1777 2366/2366 1775/1775
f 2278/2278 2276/2276 2302/2302
f 2302/2302 2304/2304 2370/2370
f 2370/2370 2304/2304 2306/2306
f 2370/2370 2306/2306 2371/2371
f 2371/2371 2306/2306 2308/2308
f 2371/2371 2308/2308 2372/2372
f 2372/2372 2308/2308 2310/2310
f 2372/2372 2310/2310 2373/2373
f 2373/2373 2310/2310 2374/2374
f 2373/2373 2374/2374 2375/2375
f 2375/2375 2374/2374 2376/2376
f 2375/2375 2376/2376 2377/2377
f 2377/2377 2376/2376 2378/2378
f 2377/2377 2378/2378 2379/2379
f 2379/2379 2378/2378 2380/2380
f 2379/2379 2380/2380 2381/2381
f 2381/2381 2380/2380 2382/2382
f 2381/2381 2382/2382 2383/2383
f 2383/2383 2382/2382 2384/2384
f 2383/2383 2384/2384 2385/2385
f 2385/2385 2384/2384 2386/2386
f 2385/2385 2386/2386 2387/2387
f 2387/2387 2386/2386 1797/1797
f 2387/2387 1797/1797 1799/1799
f 2243/2243 2241/2241 2273/2273
f 2273/2273 2275/2275 2388/2388
f 2388/2388 2275/2275 2277/2277
f 2388/2388 2277/2277 2389/2389
f 2389/2389 2277/2277 2279/2279
f 2389/2389 2279/2279 2390/2390
f 2390/2390 2279/2279 2281/2281
f 2390/2390 2281/2281 2391/2391
f 2391/2391 2281/2281 2283/2283
f 2391/2391 2283/2283 2392/2392
f 2392/2392 2283/2283 2285/2285
f 2392/2392 2285/2285 2393/2393
f 2393/2393 2285/2285 2287/2287
f 2393/2393 2287/2287 2394/2394
f 2394/2394 2287/2287 2289/2289
f 2394/2394 2289/2289 2395/2395
f 2395/2395 2289/2289 2291/2291
f 2395/2395 2291/2291 2396/2396
f 2396/2396 2291/2291 2293/2293
f 2396/2396 2293/2293 2397/2397
f 2397/2397 2293/2293 2295/2295
f 2397/2397 2295/2295 2398/2398
f 2398/2398 2295/2295 2297/2297
f 2398/2398 2297/2297 2399/2399
f 2399/2399 2297/2297 2299/2299
f 2399/2399 2299/2299 2400/2400
f 2400/2400 2299/2299 2301/2301
f 2400/2400 2301/2301 2401/2401
f 2401/2401 2301/2301 1803/1803
f 2401/2401 1803/1803 1805/1805
f 1981/1981 1983/1983 2238/2238
f 2238/2238 2240/2240 2402/2402
f 2402/2402 2240/2240 2242/2242
f 2402/2402 2242/2242 2403/2403
f 2403/2403 2242/2242 2244/2244
f 2403/2403 2244/2244 2404/2404
f 2404/2404 2244/2244 2246/2246
f 2404/2404 2246/2246 2248/2248
f 1987/1987 1984/1984 2405/2405
f 2405/2405 1984/1984 1982/1982
f 2405/2405 1982/1982 2406/2406
f 2406/2406 1982/1982 1980/1980
f 2406/2406 1980/1980 2057/2057
f 2233/2233 2235/2235 2407/2407
f 2407/2407 2235/2235 2237/2237
f 2407/2407 2237/2237 2408/2408
f 2408/2408 2237/2237 1992/1992
f 2408/2408 1992/1992 1994/1994
f 2231/2231 2179/2179 2177/2177
f 2178/2178 2233/2233 2409/2409
f 2409/2409 2233/2233 2407/2407
f 2409/2409 2407/2407 2410/2410
f 2410/2410 2407/2407 2408/2408
f 2410/2410 2408/2408 2411/2411
f 2411/2411 2408/2408 1994/1994
f 2411/2411 1994/1994 1996/1996
f 2177/2177 2175/2175 2231/2231
f 2231/2231 2175/2175 2412/2412
f 2231/2231 2412/2412 2229/2229
f 2229/2229 2412/2412 2413/2413
f 2229/2229 2413/2413 2207/2207
f 2207/2207 2413/2413 2205/2205
f 1774/1774 2368/2368 1776/1776
f 1776/1776 2368/2368 2414/2414
f 1776/1776 2414/2414 1778/1778
f 1778/1778 2414/2414 1823/1823
f 1778/1778 1823/1823 1780/1780
f 2414/2414 2368/2368 2369/2369
f 2280/2280 2278/2278 2370/2370
f 2370/2370 2278/2278 2302/2302
f 2280/2280 2370/2370 2371/2371
f 2245/2245 2243/2243 2388/2388
f 2388/2388 2243/2243 2273/2273
f 2245/2245 2388/2388 2389/2389
f 1979/1979 1981/1981 2402/2402
f 2402/2402 1981/1981 2238/2238
f 1979/1979 2402/2402 2403/2403
f 1987/1987 2405/2405 1989/1989
f 1989/1989 2405/2405 2415/2415
f 1989/1989 2415/2415 1991/1991
f 1991/1991 2415/2415 2416/2416
f 1991/1991 2416/2416 1993/1993
f 1993/1993 2416/2416 2417/2417
f 1993/1993 2417/2417 1995/1995
f 1995/1995 2417/2417 2418/2418
f 1995/1995 2418/2418 1997/1997
f 1997/1997 2418/2418 2419/2419
f 1997/1997 2419/2419 1999/1999
f 1999/1999 2419/2419 2420/2420
f 1999/1999 2420/2420 2001/2001
f 2001/2001 2420/2420 2421/2421
f 2001/2001 2421/2421 2003/2003
f 2003/2003 2421/2421 2422/2422
f 2003/2003 2422/2422 2005/2005
f 2005/2005 2422/2422 2423/2423
f 2005/2005 2423/2423 2007/2007
f 2007/2007 2423/2423 2424/2424
f 2007/2007 2424/2424 2009/2009
f 2009/2009 2424/2424 2425/2425
f 2009/2009 2425/2425 2011/2011
f 2011/2011 2425/2425 2426/2426
f 2011/2011 2426/2426 2013/2013
f 2013/2013 2426/2426 2427/2427
f 2013/2013 2427/2427 2015/2015
f 2015/2015 2427/2427 2428/2428
f 2015/2015 2428/2428 2017/2017
f 2017/2017 2428/2428 2429/2429
f 2017/2017 2429/2429 2019/2019
f 2019/2019 2429/2429 2022/2022
f 2415/2415 2405/2405 2406/2406
f 2178/2178 2409/2409 2176/2176
f 2176/2176 2409/2409 2430/2430
f 2176/2176 2430/2430 2174/2174
f 2174/2174 2430/2430 2431/2431
f 2174/2174 2431/2431 2172/2172
f 2172/2172 2431/2431 2432/2432
f 2172/2172 2432/2432 2170/2170
f 2170/2170 2432/2432 2433/2433
f 2170/2170 2433/2433 2168/2168
f 2168/2168 2433/2433 2434/2434
f 2168/2168 2434/2434 2166/2166
f 2166/2166 2434/2434 2435/2435
f 2166/2166 2435/2435 2164/2164
f 2164/2164 2435/2435 2436/2436
f 2164/2164 2436/2436 2162/2162
f 2162/2162 2436/2436 2437/2437
f 2162/2162 2437/2437 2160/2160
f 2160/2160 2437/2437 2438/2438
f 2160/2160 2438/2438 2158/2158
f 2158/2158 2438/2438 2439/2439
f 2158/2158 2439/2439 2156/2156
f 2156/2156 2439/2439 2154/2154
f 2430/2430 2409/2409 2410/2410
f 2175/2175 2173/2173 2412/2412
f 2412/2412 2173/2173 2440/2440
f 2412/2412 2440/2440 2413/2413
f 2413/2413 2440/2440 2441/2441
f 2413/2413 2441/2441 2205/2205
f 2205/2205 2441/2441 2203/2203
f 1819/1819 1821/1821 2369/2369
f 2369/2369 1821/1821 2414/2414
f 1821/1821 1823/1823 2414/2414
f 2282/2282 2280/2280 2371/2371
f 2282/2282 2371/2371 2372/2372
f 2247/2247 2245/2245 2389/2389
f 2247/2247 2389/2389 2390/2390
f 1977/1977 1979/1979 2403/2403
f 1977/1977 2403/2403 2404/2404
f 2415/2415 2406/2406 2442/2442
f 2442/2442 2406/2406 2057/2057
f 2442/2442 2057/2057 2055/2055
f 2430/2430 2410/2410 2443/2443
f 2443/2443 2410/2410 2411/2411
f 2443/2443 2411/2411 2444/2444
f 2444/2444 2411/2411 1996/1996
f 2444/2444 1996/1996 1998/1998
f 2173/2173 2171/2171 2440/2440
f 2440/2440 2171/2171 2197/2197
f 2440/2440 2197/2197 2441/2441
f 2441/2441 2197/2197 2195/2195
f 2441/2441 2195/2195 2203/2203
f 2203/2203 2195/2195 2193/2193
f 2374/2374 2310/2310 2312/2312
f 2284/2284 2282/2282 2372/2372
f 2284/2284 2372/2372 2373/2373
f 2249/2249 2247/2247 2390/2390
f 2249/2249 2390/2390 2391/2391
f 1975/1975 1977/1977 2404/2404
f 1975/1975 2404/2404 2248/2248
f 2415/2415 2442/2442 2416/2416
f 2416/2416 2442/2442 2445/2445
f 2416/2416 2445/2445 2417/2417
f 2417/2417 2445/2445 2446/2446
f 2417/2417 2446/2446 2418/2418
f 2418/2418 2446/2446 2447/2447
f 2418/2418 2447/2447 2419/2419
f 2419/2419 2447/2447 2448/2448
f 2419/2419 2448/2448 2420/2420
f 2420/2420 2448/2448 2449/2449
f 2420/2420 2449/2449 2421/2421
f 2421/2421 2449/2449 2450/2450
f 2421/2421 2450/2450 2422/2422
f 2422/2422 2450/2450 2451/2451
f 2422/2422 2451/2451 2423/2423
f 2423/2423 2451/2451 2452/2452
f 2423/2423 2452/2452 2424/2424
f 2424/2424 2452/2452 2453/2453
f 2424/2424 2453/2453 2425/2425
f 2425/2425 2453/2453 2454/2454
f 2425/2425 2454/2454 2426/2426
f 2426/2426 2454/2454 2455/2455
f 2426/2426 2455/2455 2427/2427
f 2427/2427 2455/2455 2456/2456
f 2427/2427 2456/2456 2428/2428
f 2428/2428 2456/2456 2457/2457
f 2428/2428 2457/2457 2429/2429
f 2429/2429 2457/2457 2458/2458
f 2429/2429 2458/2458 2022/2022
f 2022/2022 2458/2458 2024/2024
f 2445/2445 2442/2442 2055/2055
f 2430/2430 2443/2443 2431/2431
f 2431/2431 2443/2443 2459/2459
f 2431/2431 2459/2459 2432/2432
f 2432/2432 2459/2459 2460/2460
f 2432/2432 2460/2460 2433/2433
f 2433/2433 2460/2460 2461/2461
f 2433/2433 2461/2461 2434/2434
f 2434/2434 2461/2461 2462/2462
f 2434/2434 2462/2462 2435/2435
f 2435/2435 2462/2462 2463/2463
f 2435/2435 2463/2463 2436/2436
f 2436/2436 2463/2463 2464/2464
f 2436/2436 2464/2464 2437/2437
f 2437/2437 2464/2464 2465/2465
f 2437/2437 2465/2465 2438/2438
f 2438/2438 2465/2465 2466/2466
f 2438/2438 2466/2466 2439/2439
f 2439/2439 2466/2466 2467/2467
f 2439/2439 2467/2467 2154/2154
f 2154/2154 2467/2467 2152/2152
f 2459/2459 2443/2443 2444/2444
f 1820/1820 1827/1827 1822/1822
f 1822/1822 1827/1827 2468/2468
f 1822/1822 2468/2468 1824/1824
f 1824/1824 2468/2468 2469/2469
f 1824/1824 2469/2469 1782/1782
f 1782/1782 2469/2469 1784/1784
f 2376/2376 2374/2374 2312/2312
f 2376/2376 2312/2312 2314/2314
f 2286/2286 2284/2284 2373/2373
f 2286/2286 2373/2373 2375/2375
f 2251/2251 2249/2249 2391/2391
f 2251/2251 2391/2391 2392/2392
f 1973/1973 1975/1975 2248/2248
f 1973/1973 2248/2248 2250/2250
f 2446/2446 2445/2445 2053/2053
f 2053/2053 2445/2445 2055/2055
f 2459/2459 2444/2444 2470/2470
f 2470/2470 2444/2444 1998/1998
f 2470/2470 1998/1998 2000/2000
f 2169/2169 2167/2167 2196/2196
f 2196/2196 2167/2167 2471/2471
f 2196/2196 2471/2471 2194/2194
f 2194/2194 2471/2471 2472/2472
f 2194/2194 2472/2472 2192/2192
f 2192/2192 2472/2472 2190/2190
f 1827/1827 1829/1829 2468/2468
f 2468/2468 1829/1829 2473/2473
f 2468/2468 2473/2473 2469/2469
f 2469/2469 2473/2473 2474/2474
f 2469/2469 2474/2474 1784/1784
f 1784/1784 2474/2474 1786/1786
f 2378/2378 2376/2376 2314/2314
f 2378/2378 2314/2314 2316/2316
f 2288/2288 2286/2286 2375/2375
f 2288/2288 2375/2375 2377/2377
f 2253/2253 2251/2251 2392/2392
f 2253/2253 2392/2392 2393/2393
f 1971/1971 1973/1973 2250/2250
f 1971/1971 2250/2250 2252/2252
f 2447/2447 2446/2446 2051/2051
f 2051/2051 2446/2446 2053/2053
f 2459/2459 2470/2470 2460/2460
f 2460/2460 2470/2470 2475/2475
f 2460/2460 2475/2475 2461/2461
f 2461/2461 2475/2475 2476/2476
f 2461/2461 2476/2476 2462/2462
f 2462/2462 2476/2476 2477/2477
f 2462/2462 2477/2477 2463/2463
f 2463/2463 2477/2477 2478/2478
f 2463/2463 2478/2478 2464/2464
f 2464/2464 2478/2478 2479/2479
f 2464/2464 2479/2479 2465/2465
f 2465/2465 2479/2479 2480/2480
f 2465/2465 2480/2480 2466/2466
f 2466/2466 2480/2480 2481/2481
f 2466/2466 2481/2481 2467/2467
f 2467/2467 2481/2481 2482/2482
f 2467/2467 2482/2482 2152/2152
f 2152/2152 2482/2482 2150/2150
f 2475/2475 2470/2470 2000/2000
f 2167/2167 2165/2165 2471/2471
f 2471/2471 2165/2165 2483/2483
f 2471/2471 2483/2483 2472/2472
f 2472/2472 2483/2483 2484/2484
f 2472/2472 2484/2484 2190/2190
f 2190/2190 2484/2484 2188/2188
f 1829/1829 1831/1831 2473/2473
f 2473/2473 1831/1831 2485/2485
f 2473/2473 2485/2485 2474/2474
f 2474/2474 2485/2485 2486/2486
f 2474/2474 2486/2486 1786/1786
f 1786/1786 2486/2486 1788/1788
f 2380/2380 2378/2378 2316/2316
f 2380/2380 2316/2316 2318/2318
f 2290/2290 2288/2288 2377/2377
f 2290/2290 2377/2377 2379/2379
f 2255/2255 2253/2253 2393/2393
f 2255/2255 2393/2393 2394/2394
f 1969/1969 1971/1971 2252/2252
f 1969/1969 2252/2252 2254/2254
f 2448/2448 2447/2447 2049/2049
f 2049/2049 2447/2447 2051/2051
f 2476/2476 2475/2475 2002/2002
f 2002/2002 2475/2475 2000/2000
f 2165/2165 2163/2163 2483/2483
f 2483/2483 2163/2163 2487/2487
f 2483/2483 2487/2487 2484/2484
f 2484/2484 2487/2487 2488/2488
f 2484/2484 2488/2488 2188/2188
f 2188/2188 2488/2488 2186/2186
f 1831/1831 1833/1833 2485/2485
f 2485/2485 1833/1833 2489/2489
f 2485/2485 2489/2489 2486/2486
f 2486/2486 2489/2489 2490/2490
f 2486/2486 2490/2490 1788/1788
f 1788/1788 2490/2490 1790/1790
f 2382/2382 2380/2380 2318/2318
f 2382/2382 2318/2318 2320/2320
f 2292/2292 2290/2290 2379/2379
f 2292/2292 2379/2379 2381/2381
f 2257/2257 2255/2255 2394/2394
f 2257/2257 2394/2394 2395/2395
f 1967/1967 1969/1969 2254/2254
f 1967/1967 2254/2254 2256/2256
f 2048/2048 2050/2050 2111/2111
f 2449/2449 2448/2448 2047/2047
f 2047/2047 2448/2448 2049/2049
f 2477/2477 2476/2476 2004/2004
f 2004/2004 2476/2476 2002/2002
f 2163/2163 2161/2161 2487/2487
f 2487/2487 2161/2161 2491/2491
f 2487/2487 2491/2491 2488/2488
f 2488/2488 2491/2491 2184/2184
f 2488/2488 2184/2184 2186/2186
f 1890/1890 2492/2492 1888/1888
f 1888/1888 2492/2492 1876/1876
f 1888/1888 1876/1876 1875/1875
f 1876/1876 2492/2492 1877/1877
f 1877/1877 2492/2492 2493/2493
f 1877/1877 2493/2493 1878/1878
f 1878/1878 2493/2493 2494/2494
f 1878/1878 2494/2494 1879/1879
f 1879/1879 2494/2494 2495/2495
f 1879/1879 2495/2495 1880/1880
f 1880/1880 2495/2495 2496/2496
f 1880/1880 2496/2496 1881/1881
f 1881/1881 2496/2496 2497/2497
f 1881/1881 2497/2497 1882/1882
f 1882/1882 2497/2497 2498/2498
f 1882/1882 2498/2498 1883/1883
f 1883/1883 2498/2498 2499/2499
f 1883/1883 2499/2499 1884/1884
f 1884/1884 2499/2499 1914/1914
f 2492/2492 1890/1890 2500/2500
f 2500/2500 1890/1890 1892/1892
f 2500/2500 1892/1892 2501/2501
f 2501/2501 1892/1892 1894/1894
f 2501/2501 1894/1894 1896/1896
f 2489/2489 1833/1833 1835/1835
f 2490/2490 2489/2489 2502/2502
f 2502/2502 2489/2489 1835/1835
f 2502/2502 1835/1835 1837/1837
f 1790/1790 2490/2490 2503/2503
f 2503/2503 2490/2490 2502/2502
f 2503/2503 2502/2502 2504/2504
f 2504/2504 2502/2502 1837/1837
f 2504/2504 1837/1837 1839/1839
f 1790/1790 2503/2503 1792/1792
f 1792/1792 2503/2503 2505/2505
f 1792/1792 2505/2505 1794/1794
f 1794/1794 2505/2505 2506/2506
f 1794/1794 2506/2506 1796/1796
f 1796/1796 2506/2506 2507/2507
f 1796/1796 2507/2507 1798/1798
f 1798/1798 2507/2507 2508/2508
f 1798/1798 2508/2508 1800/1800
f 1800/1800 2508/2508 2509/2509
f 1800/1800 2509/2509 1802/1802
f 1802/1802 2509/2509 2510/2510
f 1802/1802 2510/2510 1804/1804
f 1804/1804 2510/2510 2511/2511
f 1804/1804 2511/2511 1806/1806
f 1806/1806 2511/2511 2512/2512
f 1806/1806 2512/2512 1808/1808
f 1808/1808 2512/2512 1857/1857
f 1808/1808 1857/1857 1810/1810
f 1810/1810 1857/1857 1812/1812
f 2505/2505 2503/2503 2504/2504
f 2382/2382 2320/2320 2384/2384
f 2384/2384 2320/2320 2322/2322
f 2384/2384 2322/2322 2386/2386
f 2386/2386 2322/2322 1795/1795
f 2386/2386 1795/1795 1797/1797
f 2292/2292 2381/2381 2294/2294
f 2294/2294 2381/2381 2383/2383
f 2294/2294 2383/2383 2296/2296
f 2296/2296 2383/2383 2385/2385
f 2296/2296 2385/2385 2298/2298
f 2298/2298 2385/2385 2387/2387
f 2298/2298 2387/2387 2300/2300
f 2300/2300 2387/2387 1799/1799
f 2300/2300 1799/1799 1801/1801
f 2257/2257 2395/2395 2259/2259
f 2259/2259 2395/2395 2396/2396
f 2259/2259 2396/2396 2261/2261
f 2261/2261 2396/2396 2397/2397
f 2261/2261 2397/2397 2263/2263
f 2263/2263 2397/2397 2398/2398
f 2263/2263 2398/2398 2265/2265
f 2265/2265 2398/2398 2399/2399
f 2265/2265 2399/2399 2267/2267
f 2267/2267 2399/2399 2400/2400
f 2267/2267 2400/2400 2269/2269
f 2269/2269 2400/2400 2401/2401
f 2269/2269 2401/2401 2271/2271
f 2271/2271 2401/2401 1805/1805
f 2271/2271 1805/1805 1807/1807
f 1967/1967 2256/2256 1965/1965
f 1965/1965 2256/2256 2258/2258
f 1965/1965 2258/2258 1963/1963
f 1963/1963 2258/2258 2260/2260
f 1963/1963 2260/2260 1961/1961
f 1961/1961 2260/2260 2262/2262
f 1961/1961 2262/2262 1959/1959
f 1959/1959 2262/2262 2264/2264
f 1959/1959 2264/2264 1957/1957
f 1957/1957 2264/2264 2266/2266
f 1957/1957 2266/2266 1955/1955
f 1955/1955 2266/2266 2268/2268
f 1955/1955 2268/2268 1953/1953
f 1953/1953 2268/2268 2270/2270
f 1953/1953 2270/2270 1951/1951
f 1951/1951 2270/2270 2272/2272
f 1951/1951 2272/2272 1949/1949
f 1949/1949 2272/2272 1809/1809
f 1949/1949 1809/1809 1811/1811
f 2048/2048 2111/2111 2513/2513
f 2513/2513 2111/2111 2110/2110
f 2513/2513 2110/2110 2514/2514
f 2514/2514 2110/2110 2109/2109
f 2514/2514 2109/2109 2515/2515
f 2515/2515 2109/2109 2108/2108
f 2515/2515 2108/2108 2516/2516
f 2516/2516 2108/2108 2107/2107
f 2516/2516 2107/2107 2517/2517
f 2517/2517 2107/2107 2106/2106
f 2517/2517 2106/2106 2518/2518
f 2518/2518 2106/2106 2105/2105
f 2518/2518 2105/2105 2519/2519
f 2519/2519 2105/2105 2104/2104
f 2519/2519 2104/2104 2520/2520
f 2520/2520 2104/2104 2103/2103
f 2520/2520 2103/2103 2521/2521
f 2521/2521 2103/2103 2102/2102
f 2521/2521 2102/2102 2112/2112
f 2112/2112 2102/2102 2101/2101
f 2048/2048 2513/2513 2046/2046
f 2046/2046 2513/2513 2522/2522
f 2046/2046 2522/2522 2044/2044
f 2044/2044 2522/2522 2523/2523
f 2044/2044 2523/2523 2042/2042
f 2042/2042 2523/2523 2130/2130
f 2522/2522 2513/2513 2514/2514
f 2449/2449 2047/2047 2045/2045
f 2449/2449 2045/2045 2450/2450
f 2450/2450 2045/2045 2043/2043
f 2450/2450 2043/2043 2451/2451
f 2451/2451 2043/2043 2041/2041
f 2451/2451 2041/2041 2452/2452
f 2452/2452 2041/2041 2039/2039
f 2452/2452 2039/2039 2453/2453
f 2453/2453 2039/2039 2037/2037
f 2453/2453 2037/2037 2454/2454
f 2454/2454 2037/2037 2035/2035
f 2454/2454 2035/2035 2455/2455
f 2455/2455 2035/2035 2033/2033
f 2455/2455 2033/2033 2456/2456
f 2456/2456 2033/2033 2031/2031
f 2456/2456 2031/2031 2457/2457
f 2457/2457 2031/2031 2029/2029
f 2457/2457 2029/2029 2458/2458
f 2458/2458 2029/2029 2027/2027
f 2458/2458 2027/2027 2024/2024
f 2477/2477 2004/2004 2006/2006
f 2477/2477 2006/2006 2478/2478
f 2478/2478 2006/2006 2008/2008
f 2478/2478 2008/2008 2479/2479
f 2479/2479 2008/2008 2010/2010
f 2479/2479 2010/2010 2480/2480
f 2480/2480 2010/2010 2012/2012
f 2480/2480 2012/2012 2481/2481
f 2481/2481 2012/2012 2014/2014
f 2481/2481 2014/2014 2482/2482
f 2482/2482 2014/2014 2016/2016
f 2482/2482 2016/2016 2150/2150
f 2150/2150 2016/2016 2018/2018
f 2491/2491 2161/2161 2159/2159
f 2184/2184 2491/2491 2182/2182
f 2182/2182 2491/2491 2159/2159
f 2492/2492 2500/2500 2493/2493
f 2493/2493 2500/2500 2524/2524
f 2493/2493 2524/2524 2494/2494
f 2494/2494 2524/2524 2525/2525
f 2494/2494 2525/2525 2495/2495
f 2495/2495 2525/2525 2526/2526
f 2495/2495 2526/2526 2496/2496
f 2496/2496 2526/2526 2527/2527
f 2496/2496 2527/2527 2497/2497
f 2497/2497 2527/2527 2528/2528
f 2497/2497 2528/2528 2498/2498
f 2498/2498 2528/2528 2529/2529
f 2498/2498 2529/2529 2499/2499
f 2499/2499 2529/2529 2530/2530
f 2499/2499 2530/2530 1914/1914
f 1914/1914 2530/2530 1912/1912
f 2524/2524 2500/2500 2501/2501
f 2505/2505 2504/2504 2531/2531
f 2531/2531 2504/2504 1839/1839
f 2531/2531 1839/1839 1841/1841
f 2522/2522 2514/2514 2532/2532
f 2532/2532 2514/2514 2515/2515
f 2532/2532 2515/2515 2533/2533
f 2533/2533 2515/2515 2516/2516
f 2533/2533 2516/2516 2534/2534
f 2534/2534 2516/2516 2517/2517
f 2534/2534 2517/2517 2535/2535
f 2535/2535 2517/2517 2518/2518
f 2535/2535 2518/2518 2536/2536
f 2536/2536 2518/2518 2519/2519
f 2536/2536 2519/2519 2537/2537
f 2537/2537 2519/2519 2520/2520
f 2537/2537 2520/2520 2538/2538
f 2538/2538 2520/2520 2521/2521
f 2538/2538 2521/2521 2114/2114
f 2114/2114 2521/2521 2112/2112
f 2524/2524 2501/2501 2539/2539
f 2539/2539 2501/2501 1896/1896
f 2539/2539 1896/1896 1898/1898
f 2505/2505 2531/2531 2506/2506
f 2506/2506 2531/2531 2540/2540
f 2506/2506 2540/2540 2507/2507
f 2507/2507 2540/2540 2541/2541
f 2507/2507 2541/2541 2508/2508
f 2508/2508 2541/2541 2542/2542
f 2508/2508 2542/2542 2509/2509
f 2509/2509 2542/2542 2543/2543
f 2509/2509 2543/2543 2510/2510
f 2510/2510 2543/2543 2544/2544
f 2510/2510 2544/2544 2511/2511
f 2511/2511 2544/2544 2545/2545
f 2511/2511 2545/2545 2512/2512
f 2512/2512 2545/2545 1855/1855
f 2512/2512 1855/1855 1857/1857
f 2540/2540 2531/2531 1841/1841
f 2522/2522 2532/2532 2523/2523
f 2523/2523 2532/2532 2546/2546
f 2523/2523 2546/2546 2130/2130
f 2130/2130 2546/2546 2128/2128
f 2546/2546 2532/2532 2533/2533
f 1898/1898 2547/2547 2539/2539
f 2539/2539 2547/2547 2525/2525
f 2539/2539 2525/2525 2524/2524
f 2525/2525 2547/2547 2526/2526
f 2526/2526 2547/2547 2548/2548
f 2526/2526 2548/2548 2527/2527
f 2527/2527 2548/2548 2549/2549
f 2527/2527 2549/2549 2528/2528
f 2528/2528 2549/2549 2550/2550
f 2528/2528 2550/2550 2529/2529
f 2529/2529 2550/2550 2551/2551
f 2529/2529 2551/2551 2530/2530
f 2530/2530 2551/2551 1910/1910
f 2530/2530 1910/1910 1912/1912
f 2548/2548 2547/2547 1900/1900
f 1900/1900 2547/2547 1898/1898
f 2540/2540 1841/1841 1843/1843
f 2540/2540 1843/1843 2541/2541
f 2541/2541 1843/1843 1845/1845
f 2541/2541 1845/1845 2542/2542
f 2542/2542 1845/1845 1847/1847
f 2542/2542 1847/1847 2543/2543
f 2543/2543 1847/1847 1849/1849
f 2543/2543 1849/1849 2544/2544
f 2544/2544 1849/1849 1851/1851
f 2544/2544 1851/1851 2545/2545
f 2545/2545 1851/1851 1853/1853
f 2545/2545 1853/1853 1855/1855
f 2546/2546 2533/2533 2552/2552
f 2552/2552 2533/2533 2534/2534
f 2552/2552 2534/2534 2553/2553
f 2553/2553 2534/2534 2535/2535
f 2553/2553 2535/2535 2554/2554
f 2554/2554 2535/2535 2536/2536
f 2554/2554 2536/2536 2555/2555
f 2555/2555 2536/2536 2537/2537
f 2555/2555 2537/2537 2556/2556
f 2556/2556 2537/2537 2538/2538
f 2556/2556 2538/2538 2116/2116
f 2116/2116 2538/2538 2114/2114
f 2126/2126 2128/2128 2552/2552
f 2552/2552 2128/2128 2546/2546
f 2126/2126 2552/2552 2553/2553
f 2549/2549 2548/2548 1902/1902
f 1902/1902 2548/2548 1900/1900
f 2124/2124 2126/2126 2553/2553
f 2124/2124 2553/2553 2554/2554
f 2550/2550 2549/2549 1904/1904
f 1904/1904 2549/2549 1902/1902
f 2122/2122 2124/2124 2554/2554
f 2122/2122 2554/2554 2555/2555
f 1937/1937 2557/2557 1935/1935
f 1935/1935 2557/2557 1931/1931
f 1935/1935 1931/1931 1930/1930
f 1931/1931 2557/2557 1932/1932
f 1932/1932 2557/2557 1945/1945
f 1932/1932 1945/1945 1933/1933
f 1939/1939 1943/1943 1937/1937
f 1937/1937 1943/1943 2557/2557
f 1943/1943 1945/1945 2557/2557
f 2550/2550 1904/1904 1906/1906
f 2550/2550 1906/1906 2551/2551
f 2551/2551 1906/1906 1908/1908
f 2551/2551 1908/1908 1910/1910
f 1886/1886 1885/1885 1913/1913
f 2122/2122 2555/2555 2120/2120
f 2120/2120 2555/2555 2556/2556
f 2120/2120 2556/2556 2118/2118
f 2118/2118 2556/2556 2116/2116
f 2032/2032 2148/2148 2030/2030
f 2030/2030 2148/2148 2149/2149
f 2030/2030 2149/2149 2028/2028
f 2149/2149 2148/2148 2147/2147
f 2558/2558 2559/2559 2560/2560
f 2560/2560 2559/2559 2561/2561
f 2560/2560 2561/2561 2562/2562
f 2562/2562 2561/2561 2563/2563
f 2562/2562 2563/2563 2564/2564
f 2564/2564 2563/2563 2565/2565
f 2564/2564 2565/2565 2566/2566
f 2566/2566 2565/2565 2567/2567
f 2566/2566 2567/2567 2568/2568
f 2568/2568 2567/2567 2569/2569
f 2568/2568 2569/2569 2570/2570
f 2570/2570 2569/2569 2571/2571
f 2570/2570 2571/2571 2572/2572
f 2572/2572 2571/2571 2573/2573
f 2572/2572 2573/2573 2574/2574
f 2575/2575 2576/2576 2561/2561
f 2561/2561 2576/2576 2577/2577
f 2561/2561 2577/2577 2578/2578
f 2578/2578 2577/2577 2579/2579
f 2578/2578 2579/2579 2565/2565
f 2565/2565 2579/2579 2567/2567
f 2576/2576 2575/2575 2580/2580
f 2580/2580 2575/2575 2581/2581
f 2580/2580 2581/2581 2582/2582
f 2583/2583 2584/2584 2582/2582
f 2582/2582 2584/2584 2585/2585
f 2582/2582 2585/2585 2580/2580
f 2580/2580 2585/2585 2576/2576
f 2584/2584 2583/2583 2586/2586
f 2586/2586 2583/2583 2587/2587
f 2586/2586 2587/2587 2571/2571
f 2571/2571 2587/2587 2573/2573
f 2574/2574 2588/2588 2572/2572
f 2572/2572 2588/2588 2589/2589
f 2572/2572 2589/2589 2590/2590
f 2590/2590 2589/2589 2591/2591
f 2590/2590 2591/2591 2592/2592
f 2592/2592 2591/2591 2593/2593
f 2592/2592 2593/2593 2594/2594
f 2594/2594 2593/2593 2595/2595
f 2594/2594 2595/2595 2596/2596
f 2596/2596 2595/2595 2597/2597
f 2596/2596 2597/2597 2598/2598
f 2598/2598 2597/2597 2599/2599
f 2598/2598 2599/2599 2600/2600
f 2600/2600 2599/2599 2601/2601
f 2600/2600 2601/2601 2602/2602
f 2602/2602 2601/2601 2603/2603
f 2603/2603 2601/2601 2604/2604
f 2604/2604 2601/2601 2605/2605
f 2605/2605 2601/2601 2599/2599
f 2605/2605 2599/2599 2597/2597
f 2588/2588 2606/2606 2589/2589
f 2589/2589 2606/2606 2607/2607
f 2589/2589 2607/2607 2591/2591
f 2591/2591 2607/2607 2593/2593
f 2607/2607 2608/2608 2593/2593
f 2593/2593 2608/2608 2595/2595
f 2595/2595 2608/2608 2597/2597
f 2597/2597 2608/2608 2605/2605
f 2602/2602 2609/2609 2600/2600
f 2600/2600 2609/2609 2610/2610
f 2600/2600 2610/2610 2598/2598
f 2598/2598 2610/2610 2611/2611
f 2598/2598 2611/2611 2596/2596
f 2596/2596 2611/2611 2612/2612
f 2596/2596 2612/2612 2594/2594
f 2594/2594 2612/2612 2613/2613
f 2594/2594 2613/2613 2592/2592
f 2592/2592 2613/2613 2614/2614
f 2592/2592 2614/2614 2590/2590
f 2590/2590 2614/2614 2570/2570
f 2590/2590 2570/2570 2572/2572
f 2609/2609 2615/2615 2610/2610
f 2610/2610 2615/2615 2616/2616
f 2610/2610 2616/2616 2611/2611
f 2611/2611 2616/2616 2617/2617
f 2611/2611 2617/2617 2612/2612
f 2612/2612 2617/2617 2618/2618
f 2612/2612 2618/2618 2613/2613
f 2613/2613 2618/2618 2619/2619
f 2613/2613 2619/2619 2614/2614
f 2614/2614 2619/2619 2568/2568
f 2614/2614 2568/2568 2570/2570
f 2615/2615 2620/2620 2616/2616
f 2616/2616 2620/2620 2621/2621
f 2616/2616 2621/2621 2617/2617
f 2617/2617 2621/2621 2622/2622
f 2617/2617 2622/2622 2618/2618
f 2618/2618 2622/2622 2623/2623
f 2618/2618 2623/2623 2619/2619
f 2619/2619 2623/2623 2566/2566
f 2619/2619 2566/2566 2568/2568
f 2620/2620 2624/2624 2621/2621
f 2621/2621 2624/2624 2625/2625
f 2621/2621 2625/2625 2622/2622
f 2622/2622 2625/2625 2626/2626
f 2622/2622 2626/2626 2623/2623
f 2623/2623 2626/2626 2564/2564
f 2623/2623 2564/2564 2566/2566
f 2624/2624 2558/2558 2625/2625
f 2625/2625 2558/2558 2560/2560
f 2625/2625 2560/2560 2626/2626
f 2626/2626 2560/2560 2562/2562
f 2626/2626 2562/2562 2564/2564
f 2563/2563 2561/2561 2578/2578
f 2578/2578 2565/2565 2563/2563
f 2571/2571 2569/2569 2586/2586
f 2586/2586 2569/2569 2627/2627
f 2586/2586 2627/2627 2584/2584
f 2584/2584 2627/2627 2628/2628
f 2584/2584 2628/2628 2585/2585
f 2585/2585 2628/2628 2576/2576
f 2569/2569 2567/2567 2627/2627
f 2627/2627 2567/2567 2579/2579
f 2627/2627 2579/2579 2628/2628
f 2628/2628 2579/2579 2577/2577
f 2628/2628 2577/2577 2576/2576
f 2629/2629 2630/2630 2631/2631
f 2631/2631 2630/2630 2632/2632
f 2631/2631 2632/2632 2633/2633
f 2633/2633 2632/2632 2634/2634
f 2633/2633 2634/2634 2635/2635
f 2635/2635 2634/2634 2636/2636
f 2635/2635 2636/2636 2637/2637
f 2637/2637 2636/2636 2638/2638
f 2637/2637 2638/2638 2639/2639
f 2639/2639 2638/2638 2640/2640
f 2639/2639 2640/2640 2641/2641
f 2641/2641 2640/2640 2642/2642
f 2641/2641 2642/2642 2643/2643
f 2643/2643 2642/2642 2644/2644
f 2643/2643 2644/2644 2645/2645
f 2632/2632 2646/2646 2634/2634
f 2634/2634 2646/2646 2647/2647
f 2634/2634 2647/2647 2636/2636
f 2636/2636 2647/2647 2648/2648
f 2636/2636 2648/2648 2638/2638
f 2638/2638 2648/2648 2649/2649
f 2638/2638 2649/2649 2640/2640
f 2640/2640 2649/2649 2650/2650
f 2640/2640 2650/2650 2642/2642
f 2642/2642 2650/2650 2651/2651
f 2642/2642 2651/2651 2644/2644
f 2647/2647 2646/2646 2652/2652
f 2652/2652 2646/2646 2653/2653
f 2652/2652 2653/2653 2654/2654
f 2654/2654 2653/2653 2655/2655
f 2654/2654 2655/2655 2656/2656
f 2656/2656 2655/2655 2657/2657
f 2656/2656 2657/2657 2658/2658
f 2659/2659 2660/2660 2653/2653
f 2653/2653 2660/2660 2655/2655
f 2660/2660 2657/2657 2655/2655
f 2656/2656 2658/2658 2661/2661
f 2661/2661 2658/2658 2662/2662
f 2661/2661 2662/2662 2650/2650
f 2650/2650 2662/2662 2651/2651
f 2643/2643 2645/2645 2663/2663
f 2663/2663 2645/2645 2664/2664
f 2663/2663 2664/2664 2665/2665
f 2666/2666 2667/2667 2665/2665
f 2665/2665 2667/2667 2668/2668
f 2665/2665 2668/2668 2663/2663
f 2663/2663 2668/2668 2669/2669
f 2663/2663 2669/2669 2643/2643
f 2643/2643 2669/2669 2641/2641
f 2670/2670 2671/2671 2666/2666
f 2666/2666 2671/2671 2672/2672
f 2666/2666 2672/2672 2673/2673
f 2673/2673 2672/2672 2674/2674
f 2673/2673 2674/2674 2675/2675
f 2675/2675 2674/2674 2676/2676
f 2675/2675 2676/2676 2677/2677
f 2677/2677 2676/2676 2678/2678
f 2677/2677 2678/2678 2679/2679
f 2679/2679 2678/2678 2680/2680
f 2679/2679 2680/2680 2637/2637
f 2637/2637 2680/2680 2635/2635
f 2671/2671 2670/2670 2681/2681
f 2681/2681 2670/2670 2682/2682
f 2681/2681 2682/2682 2683/2683
f 2683/2683 2684/2684 2681/2681
f 2681/2681 2684/2684 2685/2685
f 2681/2681 2685/2685 2671/2671
f 2671/2671 2685/2685 2686/2686
f 2671/2671 2686/2686 2672/2672
f 2672/2672 2686/2686 2674/2674
f 2684/2684 2687/2687 2685/2685
f 2685/2685 2687/2687 2688/2688
f 2685/2685 2688/2688 2686/2686
f 2686/2686 2688/2688 2689/2689
f 2686/2686 2689/2689 2674/2674
f 2674/2674 2689/2689 2676/2676
f 2687/2687 2690/2690 2688/2688
f 2688/2688 2690/2690 2691/2691
f 2688/2688 2691/2691 2689/2689
f 2689/2689 2691/2691 2692/2692
f 2689/2689 2692/2692 2676/2676
f 2676/2676 2692/2692 2678/2678
f 2690/2690 2693/2693 2691/2691
f 2691/2691 2693/2693 2694/2694
f 2691/2691 2694/2694 2692/2692
f 2692/2692 2694/2694 2695/2695
f 2692/2692 2695/2695 2678/2678
f 2678/2678 2695/2695 2680/2680
f 2693/2693 2696/2696 2694/2694
f 2694/2694 2696/2696 2697/2697
f 2694/2694 2697/2697 2695/2695
f 2695/2695 2697/2697 2698/2698
f 2695/2695 2698/2698 2680/2680
f 2680/2680 2698/2698 2635/2635
f 2696/2696 2629/2629 2697/2697
f 2697/2697 2629/2629 2631/2631
f 2697/2697 2631/2631 2698/2698
f 2698/2698 2631/2631 2633/2633
f 2698/2698 2633/2633 2635/2635
f 2667/2667 2666/2666 2673/2673
f 2647/2647 2652/2652 2648/2648
f 2648/2648 2652/2652 2699/2699
f 2648/2648 2699/2699 2649/2649
f 2649/2649 2699/2699 2661/2661
f 2649/2649 2661/2661 2650/2650
f 2679/2679 2637/2637 2639/2639
f 2677/2677 2679/2679 2700/2700
f 2700/2700 2679/2679 2639/2639
f 2700/2700 2639/2639 2641/2641
f 2675/2675 2677/2677 2701/2701
f 2701/2701 2677/2677 2700/2700
f 2701/2701 2700/2700 2669/2669
f 2669/2669 2700/2700 2641/2641
f 2673/2673 2675/2675 2667/2667
f 2667/2667 2675/2675 2701/2701
f 2667/2667 2701/2701 2668/2668
f 2668/2668 2701/2701 2669/2669
f 2654/2654 2656/2656 2699/2699
f 2699/2699 2656/2656 2661/2661
f 2654/2654 2699/2699 2652/2652
f 2702/2702 2703/2703 2704/2704
f 2704/2704 2703/2703 2705/2705
f 2704/2704 2705/2705 2706/2706
f 2706/2706 2705/2705 2707/2707
f 2706/2706 2707/2707 2708/2708
f 2708/2708 2707/2707 2709/2709
f 2708/2708 2709/2709 2710/2710
f 2710/2710 2709/2709 2711/2711
f 2710/2710 2711/2711 2712/2712
f 2712/2712 2711/2711 2713/2713
f 2712/2712 2713/2713 2714/2714
f 2714/2714 2713/2713 2715/2715
f 2714/2714 2715/2715 2716/2716
f 2716/2716 2715/2715 2717/2717
f 2716/2716 2717/2717 2718/2718
f 2718/2718 2717/2717 2719/2719
f 2718/2718 2719/2719 2720/2720
f 2720/2720 2719/2719 2721/2721
f 2720/2720 2721/2721 2722/2722
f 2722/2722 2721/2721 2723/2723
f 2722/2722 2723/2723 2724/2724
f 2724/2724 2723/2723 2725/2725
f 2724/2724 2725/2725 2726/2726
f 2726/2726 2725/2725 2727/2727
f 2726/2726 2727/2727 2728/2728
f 2728/2728 2727/2727 2729/2729
f 2728/2728 2729/2729 2730/2730
f 2730/2730 2729/2729 2731/2731
f 2730/2730 2731/2731 2732/2732
f 2705/2705 2733/2733 2707/2707
f 2707/2707 2733/2733 2734/2734
f 2707/2707 2734/2734 2709/2709
f 2709/2709 2734/2734 2735/2735
f 2709/2709 2735/2735 2711/2711
f 2711/2711 2735/2735 2736/2736
f 2711/2711 2736/2736 2713/2713
f 2713/2713 2736/2736 2737/2737
f 2713/2713 2737/2737 2715/2715
f 2715/2715 2737/2737 2738/2738
f 2715/2715 2738/2738 2717/2717
f 2717/2717 2738/2738 2739/2739
f 2717/2717 2739/2739 2719/2719
f 2719/2719 2739/2739 2740/2740
f 2719/2719 2740/2740 2721/2721
f 2721/2721 2740/2740 2741/2741
f 2721/2721 2741/2741 2723/2723
f 2723/2723 2741/2741 2742/2742
f 2723/2723 2742/2742 2725/2725
f 2725/2725 2742/2742 2743/2743
f 2725/2725 2743/2743 2727/2727
f 2727/2727 2743/2743 2744/2744
f 2727/2727 2744/2744 2729/2729
f 2729/2729 2744/2744 2745/2745
f 2729/2729 2745/2745 2746/2746
f 2734/2734 2733/2733 2747/2747
f 2747/2747 2733/2733 2748/2748
f 2747/2747 2748/2748 2749/2749
f 2749/2749 2748/2748 2750/2750
f 2749/2749 2750/2750 2751/2751
f 2751/2751 2750/2750 2752/2752
f 2751/2751 2752/2752 2753/2753
f 2753/2753 2752/2752 2754/2754
f 2753/2753 2754/2754 2755/2755
f 2755/2755 2754/2754 2756/2756
f 2755/2755 2756/2756 2757/2757
f 2757/2757 2756/2756 2758/2758
f 2757/2757 2758/2758 2759/2759
f 2759/2759 2758/2758 2760/2760
f 2759/2759 2760/2760 2761/2761
f 2761/2761 2760/2760 2762/2762
f 2761/2761 2762/2762 2763/2763
f 2763/2763 2762/2762 2764/2764
f 2763/2763 2764/2764 2765/2765
f 2765/2765 2764/2764 2766/2766
f 2765/2765 2766/2766 2767/2767
f 2750/2750 2768/2768 2752/2752
f 2752/2752 2768/2768 2769/2769
f 2752/2752 2769/2769 2754/2754
f 2754/2754 2769/2769 2770/2770
f 2754/2754 2770/2770 2756/2756
f 2756/2756 2770/2770 2771/2771
f 2756/2756 2771/2771 2758/2758
f 2758/2758 2771/2771 2772/2772
f 2758/2758 2772/2772 2760/2760
f 2760/2760 2772/2772 2773/2773
f 2760/2760 2773/2773 2762/2762
f 2762/2762 2773/2773 2774/2774
f 2762/2762 2774/2774 2764/2764
f 2764/2764 2774/2774 2775/2775
f 2764/2764 2775/2775 2766/2766
f 2769/2769 2768/2768 2776/2776
f 2776/2776 2768/2768 2777/2777
f 2776/2776 2777/2777 2778/2778
f 2778/2778 2777/2777 2779/2779
f 2778/2778 2779/2779 2780/2780
f 2780/2780 2779/2779 2781/2781
f 2780/2780 2781/2781 2782/2782
f 2782/2782 2781/2781 2783/2783
f 2782/2782 2783/2783 2784/2784
f 2784/2784 2783/2783 2785/2785
f 2784/2784 2785/2785 2786/2786
f 2779/2779 2777/2777 2787/2787
f 2787/2787 2777/2777 2788/2788
f 2787/2787 2788/2788 2789/2789
f 2789/2789 2788/2788 2790/2790
f 2789/2789 2790/2790 2791/2791
f 2789/2789 2791/2791 2792/2792
f 2792/2792 2791/2791 2793/2793
f 2792/2792 2793/2793 2783/2783
f 2783/2783 2793/2793 2785/2785
f 2784/2784 2786/2786 2794/2794
f 2794/2794 2786/2786 2775/2775
f 2794/2794 2775/2775 2774/2774
f 2765/2765 2767/2767 2795/2795
f 2795/2795 2767/2767 2796/2796
f 2795/2795 2796/2796 2797/2797
f 2797/2797 2796/2796 2798/2798
f 2797/2797 2798/2798 2744/2744
f 2744/2744 2798/2798 2745/2745
f 2746/2746 2731/2731 2729/2729
f 2730/2730 2732/2732 2799/2799
f 2799/2799 2732/2732 2800/2800
f 2799/2799 2800/2800 2801/2801
f 2801/2801 2800/2800 2802/2802
f 2801/2801 2802/2802 2803/2803
f 2803/2803 2802/2802 2804/2804
f 2803/2803 2804/2804 2805/2805
f 2805/2805 2804/2804 2806/2806
f 2805/2805 2806/2806 2807/2807
f 2807/2807 2806/2806 2808/2808
f 2807/2807 2808/2808 2809/2809
f 2809/2809 2808/2808 2810/2810
f 2809/2809 2810/2810 2811/2811
f 2811/2811 2810/2810 2812/2812
f 2811/2811 2812/2812 2813/2813
f 2813/2813 2812/2812 2814/2814
f 2813/2813 2814/2814 2815/2815
f 2815/2815 2814/2814 2816/2816
f 2815/2815 2816/2816 2817/2817
f 2817/2817 2816/2816 2818/2818
f 2817/2817 2818/2818 2819/2819
f 2819/2819 2818/2818 2820/2820
f 2819/2819 2820/2820 2821/2821
f 2821/2821 2820/2820 2822/2822
f 2821/2821 2822/2822 2823/2823
f 2823/2823 2822/2822 2824/2824
f 2823/2823 2824/2824 2825/2825
f 2825/2825 2824/2824 2826/2826
f 2825/2825 2826/2826 2827/2827
f 2827/2827 2826/2826 2828/2828
f 2827/2827 2828/2828 2829/2829
f 2829/2829 2828/2828 2830/2830
f 2829/2829 2830/2830 2831/2831
f 2831/2831 2830/2830 2832/2832
f 2831/2831 2832/2832 2833/2833
f 2833/2833 2832/2832 2834/2834
f 2833/2833 2834/2834 2835/2835
f 2835/2835 2834/2834 2836/2836
f 2835/2835 2836/2836 2837/2837
f 2837/2837 2836/2836 2838/2838
f 2837/2837 2838/2838 2839/2839
f 2839/2839 2838/2838 2840/2840
f 2839/2839 2840/2840 2841/2841
f 2841/2841 2840/2840 2842/2842
f 2841/2841 2842/2842 2843/2843
f 2843/2843 2842/2842 2844/2844
f 2843/2843 2844/2844 2845/2845
f 2845/2845 2844/2844 2846/2846
f 2846/2846 2844/2844 2847/2847
f 2846/2846 2847/2847 2848/2848
f 2848/2848 2847/2847 2849/2849
f 2849/2849 2847/2847 2850/2850
f 2849/2849 2850/2850 2851/2851
f 2851/2851 2850/2850 2852/2852
f 2851/2851 2852/2852 2853/2853
f 2853/2853 2852/2852 2854/2854
f 2853/2853 2854/2854 2855/2855
f 2855/2855 2854/2854 2856/2856
f 2855/2855 2856/2856 2857/2857
f 2857/2857 2856/2856 2858/2858
f 2857/2857 2858/2858 2859/2859
f 2859/2859 2858/2858 2860/2860
f 2859/2859 2860/2860 2861/2861
f 2861/2861 2860/2860 2862/2862
f 2861/2861 2862/2862 2863/2863
f 2863/2863 2862/2862 2864/2864
f 2863/2863 2864/2864 2865/2865
f 2865/2865 2864/2864 2866/2866
f 2865/2865 2866/2866 2867/2867
f 2867/2867 2866/2866 2868/2868
f 2867/2867 2868/2868 2869/2869
f 2869/2869 2868/2868 2870/2870
f 2869/2869 2870/2870 2871/2871
f 2871/2871 2870/2870 2872/2872
f 2871/2871 2872/2872 2873/2873
f 2873/2873 2872/2872 2874/2874
f 2873/2873 2874/2874 2875/2875
f 2875/2875 2874/2874 2876/2876
f 2875/2875 2876/2876 2877/2877
f 2877/2877 2876/2876 2878/2878
f 2877/2877 2878/2878 2879/2879
f 2879/2879 2878/2878 2880/2880
f 2879/2879 2880/2880 2881/2881
f 2881/2881 2880/2880 2882/2882
f 2881/2881 2882/2882 2883/2883
f 2883/2883 2882/2882 2884/2884
f 2883/2883 2884/2884 2885/2885
f 2885/2885 2884/2884 2886/2886
f 2885/2885 2886/2886 2887/2887
f 2887/2887 2886/2886 2888/2888
f 2887/2887 2888/2888 2889/2889
f 2889/2889 2888/2888 2890/2890
f 2889/2889 2890/2890 2891/2891
f 2891/2891 2890/2890 2892/2892
f 2891/2891 2892/2892 2893/2893
f 2893/2893 2892/2892 2824/2824
f 2893/2893 2824/2824 2822/2822
f 2816/2816 2894/2894 2818/2818
f 2818/2818 2894/2894 2895/2895
f 2818/2818 2895/2895 2820/2820
f 2820/2820 2895/2895 2896/2896
f 2820/2820 2896/2896 2822/2822
f 2822/2822 2896/2896 2893/2893
f 2894/2894 2897/2897 2895/2895
f 2895/2895 2897/2897 2898/2898
f 2895/2895 2898/2898 2896/2896
f 2896/2896 2898/2898 2899/2899
f 2896/2896 2899/2899 2893/2893
f 2893/2893 2899/2899 2891/2891
f 2897/2897 2900/2900 2898/2898
f 2898/2898 2900/2900 2901/2901
f 2898/2898 2901/2901 2902/2902
f 2902/2902 2901/2901 2903/2903
f 2902/2902 2903/2903 2904/2904
f 2904/2904 2903/2903 2905/2905
f 2904/2904 2905/2905 2906/2906
f 2906/2906 2905/2905 2907/2907
f 2906/2906 2907/2907 2908/2908
f 2908/2908 2907/2907 2909/2909
f 2908/2908 2909/2909 2910/2910
f 2910/2910 2909/2909 2911/2911
f 2910/2910 2911/2911 2912/2912
f 2912/2912 2911/2911 2913/2913
f 2912/2912 2913/2913 2881/2881
f 2881/2881 2913/2913 2879/2879
f 2909/2909 2914/2914 2911/2911
f 2911/2911 2914/2914 2915/2915
f 2911/2911 2915/2915 2913/2913
f 2913/2913 2915/2915 2916/2916
f 2913/2913 2916/2916 2879/2879
f 2879/2879 2916/2916 2877/2877
f 2914/2914 2917/2917 2915/2915
f 2915/2915 2917/2917 2918/2918
f 2915/2915 2918/2918 2916/2916
f 2916/2916 2918/2918 2919/2919
f 2916/2916 2919/2919 2877/2877
f 2877/2877 2919/2919 2875/2875
f 2917/2917 2920/2920 2918/2918
f 2918/2918 2920/2920 2921/2921
f 2918/2918 2921/2921 2919/2919
f 2919/2919 2921/2921 2922/2922
f 2919/2919 2922/2922 2875/2875
f 2875/2875 2922/2922 2873/2873
f 2920/2920 2923/2923 2921/2921
f 2921/2921 2923/2923 2924/2924
f 2921/2921 2924/2924 2922/2922
f 2922/2922 2924/2924 2871/2871
f 2922/2922 2871/2871 2873/2873
f 2923/2923 2925/2925 2924/2924
f 2869/2869 2926/2926 2867/2867
f 2867/2867 2926/2926 2927/2927
f 2867/2867 2927/2927 2865/2865
f 2865/2865 2927/2927 2928/2928
f 2865/2865 2928/2928 2863/2863
f 2863/2863 2928/2928 2929/2929
f 2863/2863 2929/2929 2861/2861
f 2861/2861 2929/2929 2930/2930
f 2861/2861 2930/2930 2859/2859
f 2859/2859 2930/2930 2931/2931
f 2859/2859 2931/2931 2857/2857
f 2857/2857 2931/2931 2932/2932
f 2857/2857 2932/2932 2855/2855
f 2855/2855 2932/2932 2933/2933
f 2855/2855 2933/2933 2853/2853
f 2853/2853 2933/2933 2934/2934
f 2853/2853 2934/2934 2851/2851
f 2927/2927 2926/2926 2935/2935
f 2935/2935 2926/2926 2936/2936
f 2935/2935 2936/2936 2937/2937
f 2937/2937 2936/2936 2938/2938
f 2937/2937 2938/2938 2939/2939
f 2939/2939 2938/2938 2940/2940
f 2939/2939 2940/2940 2941/2941
f 2941/2941 2940/2940 2942/2942
f 2941/2941 2942/2942 2943/2943
f 2943/2943 2942/2942 2944/2944
f 2943/2943 2944/2944 2945/2945
f 2945/2945 2944/2944 2946/2946
f 2945/2945 2946/2946 2947/2947
f 2947/2947 2946/2946 2948/2948
f 2947/2947 2948/2948 2949/2949
f 2949/2949 2948/2948 2933/2933
f 2949/2949 2933/2933 2932/2932
f 2938/2938 2950/2950 2940/2940
f 2940/2940 2950/2950 2951/2951
f 2940/2940 2951/2951 2942/2942
f 2942/2942 2951/2951 2952/2952
f 2942/2942 2952/2952 2944/2944
f 2944/2944 2952/2952 2953/2953
f 2944/2944 2953/2953 2946/2946
f 2951/2951 2950/2950 2954/2954
f 2954/2954 2950/2950 2955/2955
f 2954/2954 2955/2955 2956/2956
f 2956/2956 2953/2953 2954/2954
f 2954/2954 2953/2953 2952/2952
f 2954/2954 2952/2952 2951/2951
f 2948/2948 2934/2934 2933/2933
f 2843/2843 2845/2845 2957/2957
f 2957/2957 2845/2845 2958/2958
f 2957/2957 2958/2958 2959/2959
f 2959/2959 2958/2958 2960/2960
f 2959/2959 2960/2960 2961/2961
f 2961/2961 2960/2960 2962/2962
f 2961/2961 2962/2962 2963/2963
f 2963/2963 2962/2962 2964/2964
f 2963/2963 2964/2964 2965/2965
f 2965/2965 2964/2964 2966/2966
f 2965/2965 2966/2966 2967/2967
f 2967/2967 2966/2966 2968/2968
f 2967/2967 2968/2968 2969/2969
f 2969/2969 2968/2968 2970/2970
f 2969/2969 2970/2970 2971/2971
f 2971/2971 2970/2970 2972/2972
f 2971/2971 2972/2972 2973/2973
f 2973/2973 2972/2972 2974/2974
f 2973/2973 2974/2974 2975/2975
f 2975/2975 2974/2974 2976/2976
f 2975/2975 2976/2976 2977/2977
f 2977/2977 2976/2976 2978/2978
f 2977/2977 2978/2978 2979/2979
f 2979/2979 2978/2978 2980/2980
f 2979/2979 2980/2980 2981/2981
f 2981/2981 2980/2980 2982/2982
f 2981/2981 2982/2982 2983/2983
f 2983/2983 2982/2982 2984/2984
f 2983/2983 2984/2984 2985/2985
f 2985/2985 2984/2984 2986/2986
f 2985/2985 2986/2986 2987/2987
f 2987/2987 2986/2986 2988/2988
f 2987/2987 2988/2988 2809/2809
f 2809/2809 2988/2988 2807/2807
f 2962/2962 2989/2989 2964/2964
f 2964/2964 2989/2989 2990/2990
f 2964/2964 2990/2990 2966/2966
f 2966/2966 2990/2990 2991/2991
f 2966/2966 2991/2991 2968/2968
f 2968/2968 2991/2991 2992/2992
f 2968/2968 2992/2992 2970/2970
f 2970/2970 2992/2992 2993/2993
f 2970/2970 2993/2993 2972/2972
f 2972/2972 2993/2993 2994/2994
f 2972/2972 2994/2994 2974/2974
f 2974/2974 2994/2994 2995/2995
f 2974/2974 2995/2995 2976/2976
f 2976/2976 2995/2995 2996/2996
f 2976/2976 2996/2996 2978/2978
f 2978/2978 2996/2996 2997/2997
f 2978/2978 2997/2997 2980/2980
f 2980/2980 2997/2997 2998/2998
f 2980/2980 2998/2998 2982/2982
f 2982/2982 2998/2998 2999/2999
f 2982/2982 2999/2999 2984/2984
f 2984/2984 2999/2999 3000/3000
f 2984/2984 3000/3000 2986/2986
f 2986/2986 3000/3000 3001/3001
f 2986/2986 3001/3001 2988/2988
f 2988/2988 3001/3001 3002/3002
f 2988/2988 3002/3002 2807/2807
f 2807/2807 3002/3002 2805/2805
f 2990/2990 2989/2989 3003/3003
f 3003/3003 2989/2989 3004/3004
f 3003/3003 3004/3004 3005/3005
f 3005/3005 3004/3004 3006/3006
f 3005/3005 3006/3006 3007/3007
f 3007/3007 3006/3006 3008/3008
f 3007/3007 3008/3008 3009/3009
f 3009/3009 3008/3008 3010/3010
f 3009/3009 3010/3010 3011/3011
f 3011/3011 3010/3010 3012/3012
f 3011/3011 3012/3012 3013/3013
f 3013/3013 3012/3012 3014/3014
f 3013/3013 3014/3014 3015/3015
f 3015/3015 3014/3014 3016/3016
f 3015/3015 3016/3016 3017/3017
f 3017/3017 3016/3016 3018/3018
f 3017/3017 3018/3018 3019/3019
f 3019/3019 3018/3018 3020/3020
f 3019/3019 3020/3020 3021/3021
f 3021/3021 3020/3020 3022/3022
f 3021/3021 3022/3022 3023/3023
f 3023/3023 3022/3022 3024/3024
f 3023/3023 3024/3024 3025/3025
f 3025/3025 3024/3024 3026/3026
f 3025/3025 3026/3026 3027/3027
f 3027/3027 3026/3026 3028/3028
f 3027/3027 3028/3028 3029/3029
f 3029/3029 3028/3028 3030/3030
f 3029/3029 3030/3030 2801/2801
f 2801/2801 3030/3030 2799/2799
f 3004/3004 3031/3031 3006/3006
f 3006/3006 3031/3031 3032/3032
f 3006/3006 3032/3032 3008/3008
f 3008/3008 3032/3032 3033/3033
f 3008/3008 3033/3033 3010/3010
f 3010/3010 3033/3033 3034/3034
f 3010/3010 3034/3034 3012/3012
f 3012/3012 3034/3034 3035/3035
f 3012/3012 3035/3035 3014/3014
f 3014/3014 3035/3035 3036/3036
f 3014/3014 3036/3036 3016/3016
f 3016/3016 3036/3036 3037/3037
f 3016/3016 3037/3037 3018/3018
f 3018/3018 3037/3037 3038/3038
f 3018/3018 3038/3038 3020/3020
f 3020/3020 3038/3038 3039/3039
f 3020/3020 3039/3039 3022/3022
f 3022/3022 3039/3039 3040/3040
f 3022/3022 3040/3040 3024/3024
f 3024/3024 3040/3040 3041/3041
f 3024/3024 3041/3041 3026/3026
f 3026/3026 3041/3041 3042/3042
f 3026/3026 3042/3042 3028/3028
f 3028/3028 3042/3042 3043/3043
f 3028/3028 3043/3043 3030/3030
f 3030/3030 3043/3043 3044/3044
f 3030/3030 3044/3044 2799/2799
f 2799/2799 3044/3044 2730/2730
f 3032/3032 3031/3031 3045/3045
f 3045/3045 3031/3031 3046/3046
f 3045/3045 3046/3046 3047/3047
f 3047/3047 3046/3046 3048/3048
f 3047/3047 3048/3048 3049/3049
f 3049/3049 3048/3048 3050/3050
f 3049/3049 3050/3050 3051/3051
f 3051/3051 3050/3050 3052/3052
f 3051/3051 3052/3052 3053/3053
f 3053/3053 3052/3052 3054/3054
f 3053/3053 3054/3054 3055/3055
f 3055/3055 3054/3054 3056/3056
f 3055/3055 3056/3056 3057/3057
f 3057/3057 3056/3056 3058/3058
f 3057/3057 3058/3058 3059/3059
f 3059/3059 3058/3058 3060/3060
f 3059/3059 3060/3060 3061/3061
f 3061/3061 3060/3060 3062/3062
f 3061/3061 3062/3062 3063/3063
f 3063/3063 3062/3062 3064/3064
f 3063/3063 3064/3064 3065/3065
f 3065/3065 3064/3064 3066/3066
f 3065/3065 3066/3066 3067/3067
f 3067/3067 3066/3066 2722/2722
f 3067/3067 2722/2722 2724/2724
f 3048/3048 3068/3068 3050/3050
f 3050/3050 3068/3068 3069/3069
f 3050/3050 3069/3069 3052/3052
f 3052/3052 3069/3069 3070/3070
f 3052/3052 3070/3070 3054/3054
f 3054/3054 3070/3070 3071/3071
f 3054/3054 3071/3071 3056/3056
f 3056/3056 3071/3071 3072/3072
f 3056/3056 3072/3072 3058/3058
f 3058/3058 3072/3072 3073/3073
f 3058/3058 3073/3073 3060/3060
f 3060/3060 3073/3073 3074/3074
f 3060/3060 3074/3074 3062/3062
f 3062/3062 3074/3074 3075/3075
f 3062/3062 3075/3075 3064/3064
f 3064/3064 3075/3075 3076/3076
f 3064/3064 3076/3076 3066/3066
f 3066/3066 3076/3076 2720/2720
f 3066/3066 2720/2720 2722/2722
f 3069/3069 3068/3068 3077/3077
f 3077/3077 3068/3068 3078/3078
f 3077/3077 3078/3078 3079/3079
f 3079/3079 3078/3078 3080/3080
f 3079/3079 3080/3080 3081/3081
f 3081/3081 3080/3080 3082/3082
f 3081/3081 3082/3082 3083/3083
f 3083/3083 3082/3082 3084/3084
f 3083/3083 3084/3084 3085/3085
f 3085/3085 3084/3084 3086/3086
f 3085/3085 3086/3086 3087/3087
f 3087/3087 3086/3086 3088/3088
f 3087/3087 3088/3088 3089/3089
f 3089/3089 3088/3088 2714/2714
f 3089/3089 2714/2714 2716/2716
f 3078/3078 3090/3090 3080/3080
f 3080/3080 3090/3090 3091/3091
f 3080/3080 3091/3091 3082/3082
f 3082/3082 3091/3091 3092/3092
f 3082/3082 3092/3092 3084/3084
f 3084/3084 3092/3092 3093/3093
f 3084/3084 3093/3093 3086/3086
f 3086/3086 3093/3093 3094/3094
f 3086/3086 3094/3094 3088/3088
f 3088/3088 3094/3094 2712/2712
f 3088/3088 2712/2712 2714/2714
f 3090/3090 3095/3095 3091/3091
f 3091/3091 3095/3095 3096/3096
f 3091/3091 3096/3096 3092/3092
f 3092/3092 3096/3096 3097/3097
f 3092/3092 3097/3097 3093/3093
f 3093/3093 3097/3097 3098/3098
f 3093/3093 3098/3098 3094/3094
f 3094/3094 3098/3098 2710/2710
f 3094/3094 2710/2710 2712/2712
f 3095/3095 3099/3099 3096/3096
f 3096/3096 3099/3099 3100/3100
f 3096/3096 3100/3100 3097/3097
f 3097/3097 3100/3100 3101/3101
f 3097/3097 3101/3101 3098/3098
f 3098/3098 3101/3101 2708/2708
f 3098/3098 2708/2708 2710/2710
f 3099/3099 2702/2702 3100/3100
f 3100/3100 2702/2702 2704/2704
f 3100/3100 2704/2704 3101/3101
f 3101/3101 2704/2704 2706/2706
f 3101/3101 2706/2706 2708/2708
f 3070/3070 3069/3069 3077/3077
f 3077/3077 3079/3079 3102/3102
f 3102/3102 3079/3079 3081/3081
f 3102/3102 3081/3081 3103/3103
f 3103/3103 3081/3081 3083/3083
f 3103/3103 3083/3083 3104/3104
f 3104/3104 3083/3083 3085/3085
f 3104/3104 3085/3085 3105/3105
f 3105/3105 3085/3085 3087/3087
f 3105/3105 3087/3087 3106/3106
f 3106/3106 3087/3087 3089/3089
f 3106/3106 3089/3089 3107/3107
f 3107/3107 3089/3089 2716/2716
f 3107/3107 2716/2716 2718/2718
f 3047/3047 3049/3049 3108/3108
f 3108/3108 3049/3049 3051/3051
f 3108/3108 3051/3051 3109/3109
f 3109/3109 3051/3051 3053/3053
f 3109/3109 3053/3053 3110/3110
f 3110/3110 3053/3053 3055/3055
f 3110/3110 3055/3055 3111/3111
f 3111/3111 3055/3055 3057/3057
f 3111/3111 3057/3057 3112/3112
f 3112/3112 3057/3057 3059/3059
f 3112/3112 3059/3059 3113/3113
f 3113/3113 3059/3059 3061/3061
f 3113/3113 3061/3061 3114/3114
f 3114/3114 3061/3061 3063/3063
f 3114/3114 3063/3063 3115/3115
f 3115/3115 3063/3063 3065/3065
f 3115/3115 3065/3065 3116/3116
f 3116/3116 3065/3065 3067/3067
f 3116/3116 3067/3067 3117/3117
f 3117/3117 3067/3067 2724/2724
f 3117/3117 2724/2724 2726/2726
f 3033/3033 3032/3032 3045/3045
f 3045/3045 3047/3047 3118/3118
f 3118/3118 3047/3047 3108/3108
f 3118/3118 3108/3108 3119/3119
f 3119/3119 3108/3108 3109/3109
f 3119/3119 3109/3109 3120/3120
f 3120/3120 3109/3109 3110/3110
f 3120/3120 3110/3110 3121/3121
f 3121/3121 3110/3110 3111/3111
f 3121/3121 3111/3111 3122/3122
f 3122/3122 3111/3111 3112/3112
f 3122/3122 3112/3112 3123/3123
f 3123/3123 3112/3112 3113/3113
f 3123/3123 3113/3113 3124/3124
f 3124/3124 3113/3113 3114/3114
f 3124/3124 3114/3114 3125/3125
f 3125/3125 3114/3114 3115/3115
f 3125/3125 3115/3115 3126/3126
f 3126/3126 3115/3115 3116/3116
f 3126/3126 3116/3116 3127/3127
f 3127/3127 3116/3116 3117/3117
f 3127/3127 3117/3117 3128/3128
f 3128/3128 3117/3117 2726/2726
f 3128/3128 2726/2726 2728/2728
f 2991/2991 2990/2990 3003/3003
f 3003/3003 3005/3005 3129/3129
f 3129/3129 3005/3005 3007/3007
f 3129/3129 3007/3007 3130/3130
f 3130/3130 3007/3007 3009/3009
f 3130/3130 3009/3009 3131/3131
f 3131/3131 3009/3009 3011/3011
f 3131/3131 3011/3011 3132/3132
f 3132/3132 3011/3011 3013/3013
f 3132/3132 3013/3013 3133/3133
f 3133/3133 3013/3013 3015/3015
f 3133/3133 3015/3015 3134/3134
f 3134/3134 3015/3015 3017/3017
f 3134/3134 3017/3017 3135/3135
f 3135/3135 3017/3017 3019/3019
f 3135/3135 3019/3019 3136/3136
f 3136/3136 3019/3019 3021/3021
f 3136/3136 3021/3021 3137/3137
f 3137/3137 3021/3021 3023/3023
f 3137/3137 3023/3023 3138/3138
f 3138/3138 3023/3023 3025/3025
f 3138/3138 3025/3025 3139/3139
f 3139/3139 3025/3025 3027/3027
f 3139/3139 3027/3027 3140/3140
f 3140/3140 3027/3027 3029/3029
f 3140/3140 3029/3029 2803/2803
f 2803/2803 3029/3029 2801/2801
f 2961/2961 2963/2963 3141/3141
f 3141/3141 2963/2963 2965/2965
f 3141/3141 2965/2965 3142/3142
f 3142/3142 2965/2965 2967/2967
f 3142/3142 2967/2967 3143/3143
f 3143/3143 2967/2967 2969/2969
f 3143/3143 2969/2969 3144/3144
f 3144/3144 2969/2969 2971/2971
f 3144/3144 2971/2971 3145/3145
f 3145/3145 2971/2971 2973/2973
f 3145/3145 2973/2973 3146/3146
f 3146/3146 2973/2973 2975/2975
f 3146/3146 2975/2975 3147/3147
f 3147/3147 2975/2975 2977/2977
f 3147/3147 2977/2977 3148/3148
f 3148/3148 2977/2977 2979/2979
f 3148/3148 2979/2979 3149/3149
f 3149/3149 2979/2979 2981/2981
f 3149/3149 2981/2981 3150/3150
f 3150/3150 2981/2981 2983/2983
f 3150/3150 2983/2983 3151/3151
f 3151/3151 2983/2983 2985/2985
f 3151/3151 2985/2985 3152/3152
f 3152/3152 2985/2985 2987/2987
f 3152/3152 2987/2987 2811/2811
f 2811/2811 2987/2987 2809/2809
f 2959/2959 2961/2961 3153/3153
f 3153/3153 2961/2961 3141/3141
f 3153/3153 3141/3141 3154/3154
f 3154/3154 3141/3141 3142/3142
f 3154/3154 3142/3142 3155/3155
f 3155/3155 3142/3142 3143/3143
f 3155/3155 3143/3143 3156/3156
f 3156/3156 3143/3143 3144/3144
f 3156/3156 3144/3144 3157/3157
f 3157/3157 3144/3144 3145/3145
f 3157/3157 3145/3145 3158/3158
f 3158/3158 3145/3145 3146/3146
f 3158/3158 3146/3146 3159/3159
f 3159/3159 3146/3146 3147/3147
f 3159/3159 3147/3147 3160/3160
f 3160/3160 3147/3147 3148/3148
f 3160/3160 3148/3148 3161/3161
f 3161/3161 3148/3148 3149/3149
f 3161/3161 3149/3149 3162/3162
f 3162/3162 3149/3149 3150/3150
f 3162/3162 3150/3150 3163/3163
f 3163/3163 3150/3150 3151/3151
f 3163/3163 3151/3151 3164/3164
f 3164/3164 3151/3151 3152/3152
f 3164/3164 3152/3152 2813/2813
f 2813/2813 3152/3152 2811/2811
f 2841/2841 2843/2843 2957/2957
f 2957/2957 2959/2959 3165/3165
f 3165/3165 2959/2959 3153/3153
f 3165/3165 3153/3153 3166/3166
f 3166/3166 3153/3153 3154/3154
f 3166/3166 3154/3154 3167/3167
f 3167/3167 3154/3154 3155/3155
f 3167/3167 3155/3155 3168/3168
f 3168/3168 3155/3155 3156/3156
f 3168/3168 3156/3156 3169/3169
f 3169/3169 3156/3156 3157/3157
f 3169/3169 3157/3157 3170/3170
f 3170/3170 3157/3157 3158/3158
f 3170/3170 3158/3158 3171/3171
f 3171/3171 3158/3158 3159/3159
f 3171/3171 3159/3159 3172/3172
f 3172/3172 3159/3159 3160/3160
f 3172/3172 3160/3160 3173/3173
f 3173/3173 3160/3160 3161/3161
f 3173/3173 3161/3161 3174/3174
f 3174/3174 3161/3161 3162/3162
f 3174/3174 3162/3162 3175/3175
f 3175/3175 3162/3162 3163/3163
f 3175/3175 3163/3163 3176/3176
f 3176/3176 3163/3163 3164/3164
f 3176/3176 3164/3164 2815/2815
f 2815/2815 3164/3164 2813/2813
f 2847/2847 2844/2844 3177/3177
f 3177/3177 2844/2844 2842/2842
f 3177/3177 2842/2842 3178/3178
f 3178/3178 2842/2842 2840/2840
f 3178/3178 2840/2840 3179/3179
f 3179/3179 2840/2840 2838/2838
f 3179/3179 2838/2838 3180/3180
f 3180/3180 2838/2838 2836/2836
f 3180/3180 2836/2836 3181/3181
f 3181/3181 2836/2836 2834/2834
f 3181/3181 2834/2834 3182/3182
f 3182/3182 2834/2834 2832/2832
f 3182/3182 2832/2832 3183/3183
f 3183/3183 2832/2832 2830/2830
f 3183/3183 2830/2830 3184/3184
f 3184/3184 2830/2830 2828/2828
f 3184/3184 2828/2828 3185/3185
f 3185/3185 2828/2828 2826/2826
f 3185/3185 2826/2826 2892/2892
f 2892/2892 2826/2826 2824/2824
f 2850/2850 2847/2847 3186/3186
f 3186/3186 2847/2847 3177/3177
f 3186/3186 3177/3177 3187/3187
f 3187/3187 3177/3177 3178/3178
f 3187/3187 3178/3178 3188/3188
f 3188/3188 3178/3178 3179/3179
f 3188/3188 3179/3179 3189/3189
f 3189/3189 3179/3179 3180/3180
f 3189/3189 3180/3180 3190/3190
f 3190/3190 3180/3180 3181/3181
f 3190/3190 3181/3181 3191/3191
f 3191/3191 3181/3181 3182/3182
f 3191/3191 3182/3182 3192/3192
f 3192/3192 3182/3182 3183/3183
f 3192/3192 3183/3183 3193/3193
f 3193/3193 3183/3183 3184/3184
f 3193/3193 3184/3184 3194/3194
f 3194/3194 3184/3184 3185/3185
f 3194/3194 3185/3185 2890/2890
f 2890/2890 3185/3185 2892/2892
f 2852/2852 2850/2850 3195/3195
f 3195/3195 2850/2850 3186/3186
f 3195/3195 3186/3186 3196/3196
f 3196/3196 3186/3186 3187/3187
f 3196/3196 3187/3187 3197/3197
f 3197/3197 3187/3187 3188/3188
f 3197/3197 3188/3188 3198/3198
f 3198/3198 3188/3188 3189/3189
f 3198/3198 3189/3189 3199/3199
f 3199/3199 3189/3189 3190/3190
f 3199/3199 3190/3190 3200/3200
f 3200/3200 3190/3190 3191/3191
f 3200/3200 3191/3191 3201/3201
f 3201/3201 3191/3191 3192/3192
f 3201/3201 3192/3192 3202/3202
f 3202/3202 3192/3192 3193/3193
f 3202/3202 3193/3193 3203/3203
f 3203/3203 3193/3193 3194/3194
f 3203/3203 3194/3194 2888/2888
f 2888/2888 3194/3194 2890/2890
f 2947/2947 2949/2949 3204/3204
f 3204/3204 2949/2949 2932/2932
f 3204/3204 2932/2932 2931/2931
f 2945/2945 2947/2947 3205/3205
f 3205/3205 2947/2947 3204/3204
f 3205/3205 3204/3204 3206/3206
f 3206/3206 3204/3204 2931/2931
f 3206/3206 2931/2931 2930/2930
f 3103/3103 3071/3071 3102/3102
f 3102/3102 3071/3071 3070/3070
f 3102/3102 3070/3070 3077/3077
f 3071/3071 3103/3103 3072/3072
f 3072/3072 3103/3103 3104/3104
f 3072/3072 3104/3104 3073/3073
f 3073/3073 3104/3104 3105/3105
f 3073/3073 3105/3105 3074/3074
f 3074/3074 3105/3105 3106/3106
f 3074/3074 3106/3106 3075/3075
f 3075/3075 3106/3106 3107/3107
f 3075/3075 3107/3107 3076/3076
f 3076/3076 3107/3107 2718/2718
f 3076/3076 2718/2718 2720/2720
f 3119/3119 3034/3034 3118/3118
f 3118/3118 3034/3034 3033/3033
f 3118/3118 3033/3033 3045/3045
f 3034/3034 3119/3119 3035/3035
f 3035/3035 3119/3119 3120/3120
f 3035/3035 3120/3120 3036/3036
f 3036/3036 3120/3120 3121/3121
f 3036/3036 3121/3121 3037/3037
f 3037/3037 3121/3121 3122/3122
f 3037/3037 3122/3122 3038/3038
f 3038/3038 3122/3122 3123/3123
f 3038/3038 3123/3123 3039/3039
f 3039/3039 3123/3123 3124/3124
f 3039/3039 3124/3124 3040/3040
f 3040/3040 3124/3124 3125/3125
f 3040/3040 3125/3125 3041/3041
f 3041/3041 3125/3125 3126/3126
f 3041/3041 3126/3126 3042/3042
f 3042/3042 3126/3126 3127/3127
f 3042/3042 3127/3127 3043/3043
f 3043/3043 3127/3127 3128/3128
f 3043/3043 3128/3128 3044/3044
f 3044/3044 3128/3128 2728/2728
f 3044/3044 2728/2728 2730/2730
f 3130/3130 2992/2992 3129/3129
f 3129/3129 2992/2992 2991/2991
f 3129/3129 2991/2991 3003/3003
f 2992/2992 3130/3130 2993/2993
f 2993/2993 3130/3130 3131/3131
f 2993/2993 3131/3131 2994/2994
f 2994/2994 3131/3131 3132/3132
f 2994/2994 3132/3132 2995/2995
f 2995/2995 3132/3132 3133/3133
f 2995/2995 3133/3133 2996/2996
f 2996/2996 3133/3133 3134/3134
f 2996/2996 3134/3134 2997/2997
f 2997/2997 3134/3134 3135/3135
f 2997/2997 3135/3135 2998/2998
f 2998/2998 3135/3135 3136/3136
f 2998/2998 3136/3136 2999/2999
f 2999/2999 3136/3136 3137/3137
f 2999/2999 3137/3137 3000/3000
f 3000/3000 3137/3137 3138/3138
f 3000/3000 3138/3138 3001/3001
f 3001/3001 3138/3138 3139/3139
f 3001/3001 3139/3139 3002/3002
f 3002/3002 3139/3139 3140/3140
f 3002/3002 3140/3140 2805/2805
f 2805/2805 3140/3140 2803/2803
f 3166/3166 2839/2839 3165/3165
f 3165/3165 2839/2839 2841/2841
f 3165/3165 2841/2841 2957/2957
f 2839/2839 3166/3166 2837/2837
f 2837/2837 3166/3166 3167/3167
f 2837/2837 3167/3167 2835/2835
f 2835/2835 3167/3167 3168/3168
f 2835/2835 3168/3168 2833/2833
f 2833/2833 3168/3168 3169/3169
f 2833/2833 3169/3169 2831/2831
f 2831/2831 3169/3169 3170/3170
f 2831/2831 3170/3170 2829/2829
f 2829/2829 3170/3170 3171/3171
f 2829/2829 3171/3171 2827/2827
f 2827/2827 3171/3171 3172/3172
f 2827/2827 3172/3172 2825/2825
f 2825/2825 3172/3172 3173/3173
f 2825/2825 3173/3173 2823/2823
f 2823/2823 3173/3173 3174/3174
f 2823/2823 3174/3174 2821/2821
f 2821/2821 3174/3174 3175/3175
f 2821/2821 3175/3175 2819/2819
f 2819/2819 3175/3175 3176/3176
f 2819/2819 3176/3176 2817/2817
f 2817/2817 3176/3176 2815/2815
f 3196/3196 3207/3207 3195/3195
f 3195/3195 3207/3207 2854/2854
f 3195/3195 2854/2854 2852/2852
f 2854/2854 3207/3207 2856/2856
f 2856/2856 3207/3207 3208/3208
f 2856/2856 3208/3208 2858/2858
f 2858/2858 3208/3208 3209/3209
f 2858/2858 3209/3209 2860/2860
f 2860/2860 3209/3209 3210/3210
f 2860/2860 3210/3210 2862/2862
f 2862/2862 3210/3210 3211/3211
f 2862/2862 3211/3211 2864/2864
f 2864/2864 3211/3211 3212/3212
f 2864/2864 3212/3212 2866/2866
f 2866/2866 3212/3212 3213/3213
f 2866/2866 3213/3213 2868/2868
f 2868/2868 3213/3213 2870/2870
f 3207/3207 3196/3196 3214/3214
f 3214/3214 3196/3196 3197/3197
f 3214/3214 3197/3197 3215/3215
f 3215/3215 3197/3197 3198/3198
f 3215/3215 3198/3198 3216/3216
f 3216/3216 3198/3198 3199/3199
f 3216/3216 3199/3199 3217/3217
f 3217/3217 3199/3199 3200/3200
f 3217/3217 3200/3200 3218/3218
f 3218/3218 3200/3200 3201/3201
f 3218/3218 3201/3201 3219/3219
f 3219/3219 3201/3201 3202/3202
f 3219/3219 3202/3202 3220/3220
f 3220/3220 3202/3202 3203/3203
f 3220/3220 3203/3203 2886/2886
f 2886/2886 3203/3203 2888/2888
f 3206/3206 3221/3221 3205/3205
f 3205/3205 3221/3221 2943/2943
f 3205/3205 2943/2943 2945/2945
f 2943/2943 3221/3221 2941/2941
f 2941/2941 3221/3221 3222/3222
f 2941/2941 3222/3222 2939/2939
f 2939/2939 3222/3222 2937/2937
f 3221/3221 3206/3206 3223/3223
f 3223/3223 3206/3206 2930/2930
f 3223/3223 2930/2930 2929/2929
f 2734/2734 2747/2747 2735/2735
f 2735/2735 2747/2747 3224/3224
f 2735/2735 3224/3224 2736/2736
f 2736/2736 3224/3224 3225/3225
f 2736/2736 3225/3225 2737/2737
f 2737/2737 3225/3225 3226/3226
f 2737/2737 3226/3226 2738/2738
f 2738/2738 3226/3226 3227/3227
f 2738/2738 3227/3227 2739/2739
f 2739/2739 3227/3227 3228/3228
f 2739/2739 3228/3228 2740/2740
f 2740/2740 3228/3228 3229/3229
f 2740/2740 3229/3229 2741/2741
f 2741/2741 3229/3229 3230/3230
f 2741/2741 3230/3230 2742/2742
f 2742/2742 3230/3230 3231/3231
f 2742/2742 3231/3231 2743/2743
f 2743/2743 3231/3231 2797/2797
f 2743/2743 2797/2797 2744/2744
f 3215/3215 3232/3232 3214/3214
f 3214/3214 3232/3232 3208/3208
f 3214/3214 3208/3208 3207/3207
f 3208/3208 3232/3232 3209/3209
f 3209/3209 3232/3232 3233/3233
f 3209/3209 3233/3233 3210/3210
f 3210/3210 3233/3233 3234/3234
f 3210/3210 3234/3234 3211/3211
f 3211/3211 3234/3234 3235/3235
f 3211/3211 3235/3235 3212/3212
f 3212/3212 3235/3235 3236/3236
f 3212/3212 3236/3236 3213/3213
f 3213/3213 3236/3236 3237/3237
f 3213/3213 3237/3237 2870/2870
f 2870/2870 3237/3237 2872/2872
f 3232/3232 3215/3215 3238/3238
f 3238/3238 3215/3215 3216/3216
f 3238/3238 3216/3216 3239/3239
f 3239/3239 3216/3216 3217/3217
f 3239/3239 3217/3217 3240/3240
f 3240/3240 3217/3217 3218/3218
f 3240/3240 3218/3218 3241/3241
f 3241/3241 3218/3218 3219/3219
f 3241/3241 3219/3219 3242/3242
f 3242/3242 3219/3219 3220/3220
f 3242/3242 3220/3220 2884/2884
f 2884/2884 3220/3220 2886/2886
f 2929/2929 3243/3243 3223/3223
f 3223/3223 3243/3243 3222/3222
f 3223/3223 3222/3222 3221/3221
f 2935/2935 2937/2937 3243/3243
f 3243/3243 2937/2937 3222/3222
f 2935/2935 3243/3243 2928/2928
f 2928/2928 3243/3243 2929/2929
f 2747/2747 2749/2749 3224/3224
f 3224/3224 2749/2749 3244/3244
f 3224/3224 3244/3244 3225/3225
f 3225/3225 3244/3244 3245/3245
f 3225/3225 3245/3245 3226/3226
f 3226/3226 3245/3245 3246/3246
f 3226/3226 3246/3246 3227/3227
f 3227/3227 3246/3246 3247/3247
f 3227/3227 3247/3247 3228/3228
f 3228/3228 3247/3247 3248/3248
f 3228/3228 3248/3248 3229/3229
f 3229/3229 3248/3248 3249/3249
f 3229/3229 3249/3249 3230/3230
f 3230/3230 3249/3249 3250/3250
f 3230/3230 3250/3250 3231/3231
f 3231/3231 3250/3250 2795/2795
f 3231/3231 2795/2795 2797/2797
f 3232/3232 3238/3238 3233/3233
f 3233/3233 3238/3238 3251/3251
f 3233/3233 3251/3251 3234/3234
f 3234/3234 3251/3251 3252/3252
f 3234/3234 3252/3252 3235/3235
f 3235/3235 3252/3252 3253/3253
f 3235/3235 3253/3253 3236/3236
f 3236/3236 3253/3253 3254/3254
f 3236/3236 3254/3254 3237/3237
f 3237/3237 3254/3254 2874/2874
f 3237/3237 2874/2874 2872/2872
f 3251/3251 3238/3238 3239/3239
f 2927/2927 2935/2935 2928/2928
f 2751/2751 2753/2753 3244/3244
f 3244/3244 2753/2753 3245/3245
f 3246/3246 3245/3245 2755/2755
f 2755/2755 3245/3245 2753/2753
f 3251/3251 3239/3239 3255/3255
f 3255/3255 3239/3239 3240/3240
f 3255/3255 3240/3240 3256/3256
f 3256/3256 3240/3240 3241/3241
f 3256/3256 3241/3241 3257/3257
f 3257/3257 3241/3241 3242/3242
f 3257/3257 3242/3242 2882/2882
f 2882/2882 3242/3242 2884/2884
f 3251/3251 3255/3255 3252/3252
f 3252/3252 3255/3255 3258/3258
f 3252/3252 3258/3258 3253/3253
f 3253/3253 3258/3258 3259/3259
f 3253/3253 3259/3259 3254/3254
f 3254/3254 3259/3259 2876/2876
f 3254/3254 2876/2876 2874/2874
f 3258/3258 3255/3255 3256/3256
f 2749/2749 2751/2751 3244/3244
f 3247/3247 3246/3246 2757/2757
f 2757/2757 3246/3246 2755/2755
f 3258/3258 3256/3256 3260/3260
f 3260/3260 3256/3256 3257/3257
f 3260/3260 3257/3257 2880/2880
f 2880/2880 3257/3257 2882/2882
f 2780/2780 3261/3261 3262/3262
f 3262/3262 3261/3261 2771/2771
f 3262/3262 2771/2771 2770/2770
f 2771/2771 3261/3261 2772/2772
f 2772/2772 3261/3261 3263/3263
f 2772/2772 3263/3263 2773/2773
f 2773/2773 3263/3263 2794/2794
f 2773/2773 2794/2794 2774/2774
f 3263/3263 3261/3261 2782/2782
f 2782/2782 3261/3261 2780/2780
f 2759/2759 2761/2761 3248/3248
f 3248/3248 2761/2761 3249/3249
f 3250/3250 3249/3249 2763/2763
f 2763/2763 3249/3249 2761/2761
f 2889/2889 2891/2891 3264/3264
f 3264/3264 2891/2891 2899/2899
f 3264/3264 2899/2899 2902/2902
f 2902/2902 2899/2899 2898/2898
f 2887/2887 2889/2889 3265/3265
f 3265/3265 2889/2889 3264/3264
f 3265/3265 3264/3264 2904/2904
f 2904/2904 3264/3264 2902/2902
f 2885/2885 2887/2887 3266/3266
f 3266/3266 2887/2887 3265/3265
f 3266/3266 3265/3265 2906/2906
f 2906/2906 3265/3265 2904/2904
f 2912/2912 2881/2881 2883/2883
f 2883/2883 2885/2885 3267/3267
f 3267/3267 2885/2885 3266/3266
f 3267/3267 3266/3266 2908/2908
f 2908/2908 3266/3266 2906/2906
f 3260/3260 2880/2880 2878/2878
f 3260/3260 2878/2878 3259/3259
f 3259/3259 2878/2878 2876/2876
f 2757/2757 2759/2759 3247/3247
f 3247/3247 2759/2759 3248/3248
f 2776/2776 2778/2778 3262/3262
f 3262/3262 2778/2778 2780/2780
f 2776/2776 3262/3262 2770/2770
f 3267/3267 2908/2908 2910/2910
f 3267/3267 2910/2910 2912/2912
f 2763/2763 2765/2765 3250/3250
f 3250/3250 2765/2765 2795/2795
f 2782/2782 2784/2784 3263/3263
f 3263/3263 2784/2784 2794/2794
f 2787/2787 2789/2789 2792/2792
f 2787/2787 2792/2792 2781/2781
f 2781/2781 2792/2792 2783/2783
f 2883/2883 3267/3267 2912/2912
f 2779/2779 2787/2787 2781/2781
f 3258/3258 3260/3260 3259/3259
f 2769/2769 2776/2776 2770/2770
f 3268/3268 3269/3269 3270/3270
f 3270/3270 3269/3269 3271/3271
f 3270/3270 3271/3271 3272/3272
f 3272/3272 3271/3271 3273/3273
f 3272/3272 3273/3273 3274/3274
f 3274/3274 3273/3273 3275/3275
f 3274/3274 3275/3275 3276/3276
f 3276/3276 3275/3275 3277/3277
f 3276/3276 3277/3277 3278/3278
f 3278/3278 3277/3277 3279/3279
f 3278/3278 3279/3279 3280/3280
f 3280/3280 3279/3279 3281/3281
f 3280/3280 3281/3281 3282/3282
f 3282/3282 3281/3281 3283/3283
f 3282/3282 3283/3283 3284/3284
f 3284/3284 3283/3283 3285/3285
f 3284/3284 3285/3285 3286/3286
f 3286/3286 3285/3285 3287/3287
f 3286/3286 3287/3287 3288/3288
f 3288/3288 3287/3287 3289/3289
f 3288/3288 3289/3289 3290/3290
f 3290/3290 3289/3289 3291/3291
f 3290/3290 3291/3291 3292/3292
f 3292/3292 3291/3291 3293/3293
f 3292/3292 3293/3293 3294/3294
f 3294/3294 3293/3293 3295/3295
f 3294/3294 3295/3295 3296/3296
f 3296/3296 3295/3295 3297/3297
f 3296/3296 3297/3297 3298/3298
f 3275/3275 3273/3273 3299/3299
f 3299/3299 3273/3273 3300/3300
f 3299/3299 3300/3300 3301/3301
f 3301/3301 3300/3300 3302/3302
f 3301/3301 3302/3302 3303/3303
f 3303/3303 3302/3302 3304/3304
f 3303/3303 3304/3304 3305/3305
f 3305/3305 3304/3304 3306/3306
f 3305/3305 3306/3306 3307/3307
f 3307/3307 3306/3306 3308/3308
f 3307/3307 3308/3308 3309/3309
f 3309/3309 3308/3308 3310/3310
f 3309/3309 3310/3310 3311/3311
f 3311/3311 3310/3310 3312/3312
f 3311/3311 3312/3312 3313/3313
f 3313/3313 3312/3312 3314/3314
f 3313/3313 3314/3314 3315/3315
f 3315/3315 3314/3314 3316/3316
f 3315/3315 3316/3316 3317/3317
f 3317/3317 3316/3316 3318/3318
f 3317/3317 3318/3318 3319/3319
f 3300/3300 3320/3320 3302/3302
f 3302/3302 3320/3320 3321/3321
f 3302/3302 3321/3321 3304/3304
f 3304/3304 3321/3321 3322/3322
f 3304/3304 3322/3322 3306/3306
f 3306/3306 3322/3322 3323/3323
f 3306/3306 3323/3323 3308/3308
f 3308/3308 3323/3323 3324/3324
f 3308/3308 3324/3324 3310/3310
f 3310/3310 3324/3324 3325/3325
f 3310/3310 3325/3325 3312/3312
f 3312/3312 3325/3325 3326/3326
f 3312/3312 3326/3326 3314/3314
f 3314/3314 3326/3326 3327/3327
f 3314/3314 3327/3327 3316/3316
f 3316/3316 3327/3327 3328/3328
f 3316/3316 3328/3328 3318/3318
f 3321/3321 3320/3320 3329/3329
f 3329/3329 3320/3320 3330/3330
f 3329/3329 3330/3330 3331/3331
f 3331/3331 3330/3330 3332/3332
f 3331/3331 3332/3332 3333/3333
f 3333/3333 3332/3332 3334/3334
f 3333/3333 3334/3334 3335/3335
f 3335/3335 3334/3334 3336/3336
f 3335/3335 3336/3336 3324/3324
f 3324/3324 3336/3336 3325/3325
f 3332/3332 3337/3337 3334/3334
f 3334/3334 3337/3337 3338/3338
f 3334/3334 3338/3338 3336/3336
f 3336/3336 3338/3338 3339/3339
f 3336/3336 3339/3339 3325/3325
f 3325/3325 3339/3339 3326/3326
f 3338/3338 3337/3337 3340/3340
f 3340/3340 3337/3337 3341/3341
f 3340/3340 3341/3341 3342/3342
f 3340/3340 3342/3342 3343/3343
f 3343/3343 3342/3342 3344/3344
f 3343/3343 3344/3344 3327/3327
f 3327/3327 3344/3344 3328/3328
f 3317/3317 3319/3319 3345/3345
f 3345/3345 3319/3319 3297/3297
f 3345/3345 3297/3297 3295/3295
f 3346/3346 3347/3347 3298/3298
f 3298/3298 3347/3347 3348/3348
f 3298/3298 3348/3348 3296/3296
f 3296/3296 3348/3348 3349/3349
f 3296/3296 3349/3349 3294/3294
f 3294/3294 3349/3349 3350/3350
f 3294/3294 3350/3350 3292/3292
f 3292/3292 3350/3350 3351/3351
f 3292/3292 3351/3351 3290/3290
f 3290/3290 3351/3351 3352/3352
f 3290/3290 3352/3352 3288/3288
f 3288/3288 3352/3352 3353/3353
f 3288/3288 3353/3353 3286/3286
f 3286/3286 3353/3353 3354/3354
f 3286/3286 3354/3354 3284/3284
f 3284/3284 3354/3354 3355/3355
f 3284/3284 3355/3355 3282/3282
f 3282/3282 3355/3355 3356/3356
f 3282/3282 3356/3356 3280/3280
f 3280/3280 3356/3356 3357/3357
f 3280/3280 3357/3357 3278/3278
f 3278/3278 3357/3357 3358/3358
f 3278/3278 3358/3358 3276/3276
f 3276/3276 3358/3358 3359/3359
f 3276/3276 3359/3359 3274/3274
f 3274/3274 3359/3359 3272/3272
f 3347/3347 3346/3346 3360/3360
f 3360/3360 3346/3346 3361/3361
f 3360/3360 3361/3361 3362/3362
f 3362/3362 3361/3361 3363/3363
f 3362/3362 3363/3363 3364/3364
f 3364/3364 3363/3363 3365/3365
f 3364/3364 3365/3365 3366/3366
f 3366/3366 3365/3365 3367/3367
f 3366/3366 3367/3367 3368/3368
f 3368/3368 3367/3367 3369/3369
f 3368/3368 3369/3369 3370/3370
f 3370/3370 3369/3369 3371/3371
f 3370/3370 3371/3371 3372/3372
f 3372/3372 3371/3371 3373/3373
f 3372/3372 3373/3373 3374/3374
f 3374/3374 3373/3373 3375/3375
f 3374/3374 3375/3375 3376/3376
f 3376/3376 3375/3375 3377/3377
f 3376/3376 3377/3377 3378/3378
f 3378/3378 3377/3377 3379/3379
f 3378/3378 3379/3379 3380/3380
f 3380/3380 3379/3379 3381/3381
f 3380/3380 3381/3381 3382/3382
f 3382/3382 3381/3381 3383/3383
f 3382/3382 3383/3383 3384/3384
f 3384/3384 3383/3383 3385/3385
f 3384/3384 3385/3385 3386/3386
f 3386/3386 3385/3385 3387/3387
f 3386/3386 3387/3387 3388/3388
f 3388/3388 3387/3387 3389/3389
f 3388/3388 3389/3389 3390/3390
f 3390/3390 3389/3389 3391/3391
f 3391/3391 3389/3389 3392/3392
f 3391/3391 3392/3392 3393/3393
f 3393/3393 3392/3392 3394/3394
f 3393/3393 3394/3394 3395/3395
f 3395/3395 3394/3394 3396/3396
f 3395/3395 3396/3396 3397/3397
f 3397/3397 3396/3396 3398/3398
f 3397/3397 3398/3398 3399/3399
f 3399/3399 3398/3398 3400/3400
f 3399/3399 3400/3400 3401/3401
f 3401/3401 3400/3400 3402/3402
f 3401/3401 3402/3402 3403/3403
f 3403/3403 3402/3402 3404/3404
f 3403/3403 3404/3404 3405/3405
f 3405/3405 3404/3404 3406/3406
f 3405/3405 3406/3406 3407/3407
f 3407/3407 3406/3406 3408/3408
f 3408/3408 3406/3406 3409/3409
f 3408/3408 3409/3409 3410/3410
f 3410/3410 3409/3409 3411/3411
f 3410/3410 3411/3411 3412/3412
f 3412/3412 3411/3411 3413/3413
f 3412/3412 3413/3413 3414/3414
f 3414/3414 3413/3413 3415/3415
f 3414/3414 3415/3415 3416/3416
f 3416/3416 3415/3415 3417/3417
f 3416/3416 3417/3417 3418/3418
f 3418/3418 3417/3417 3419/3419
f 3418/3418 3419/3419 3420/3420
f 3420/3420 3419/3419 3421/3421
f 3420/3420 3421/3421 3422/3422
f 3422/3422 3421/3421 3423/3423
f 3422/3422 3423/3423 3424/3424
f 3424/3424 3423/3423 3425/3425
f 3424/3424 3425/3425 3426/3426
f 3426/3426 3425/3425 3427/3427
f 3426/3426 3427/3427 3428/3428
f 3428/3428 3427/3427 3429/3429
f 3428/3428 3429/3429 3430/3430
f 3430/3430 3429/3429 3431/3431
f 3430/3430 3431/3431 3432/3432
f 3432/3432 3431/3431 3433/3433
f 3432/3432 3433/3433 3434/3434
f 3434/3434 3433/3433 3435/3435
f 3434/3434 3435/3435 3436/3436
f 3436/3436 3435/3435 3437/3437
f 3436/3436 3437/3437 3438/3438
f 3438/3438 3437/3437 3439/3439
f 3438/3438 3439/3439 3440/3440
f 3440/3440 3439/3439 3441/3441
f 3440/3440 3441/3441 3442/3442
f 3442/3442 3441/3441 3443/3443
f 3442/3442 3443/3443 3444/3444
f 3444/3444 3443/3443 3445/3445
f 3444/3444 3445/3445 3446/3446
f 3446/3446 3445/3445 3447/3447
f 3446/3446 3447/3447 3448/3448
f 3448/3448 3447/3447 3449/3449
f 3448/3448 3449/3449 3450/3450
f 3450/3450 3449/3449 3451/3451
f 3450/3450 3451/3451 3452/3452
f 3452/3452 3451/3451 3453/3453
f 3452/3452 3453/3453 3454/3454
f 3454/3454 3453/3453 3455/3455
f 3454/3454 3455/3455 3456/3456
f 3456/3456 3455/3455 3457/3457
f 3456/3456 3457/3457 3458/3458
f 3458/3458 3457/3457 3459/3459
f 3458/3458 3459/3459 3460/3460
f 3460/3460 3459/3459 3461/3461
f 3460/3460 3461/3461 3462/3462
f 3462/3462 3461/3461 3463/3463
f 3462/3462 3463/3463 3464/3464
f 3464/3464 3463/3463 3465/3465
f 3464/3464 3465/3465 3466/3466
f 3466/3466 3465/3465 3375/3375
f 3466/3466 3375/3375 3373/3373
f 3361/3361 3467/3467 3363/3363
f 3363/3363 3467/3467 3468/3468
f 3363/3363 3468/3468 3365/3365
f 3365/3365 3468/3468 3469/3469
f 3365/3365 3469/3469 3367/3367
f 3367/3367 3469/3469 3470/3470
f 3367/3367 3470/3470 3369/3369
f 3369/3369 3470/3470 3471/3471
f 3369/3369 3471/3471 3371/3371
f 3371/3371 3471/3471 3472/3472
f 3371/3371 3472/3472 3373/3373
f 3373/3373 3472/3472 3466/3466
f 3468/3468 3467/3467 3473/3473
f 3473/3473 3467/3467 3474/3474
f 3473/3473 3474/3474 3475/3475
f 3475/3475 3474/3474 3476/3476
f 3475/3475 3476/3476 3477/3477
f 3477/3477 3476/3476 3478/3478
f 3477/3477 3478/3478 3479/3479
f 3479/3479 3478/3478 3480/3480
f 3479/3479 3480/3480 3481/3481
f 3481/3481 3480/3480 3482/3482
f 3481/3481 3482/3482 3483/3483
f 3483/3483 3482/3482 3484/3484
f 3483/3483 3484/3484 3462/3462
f 3462/3462 3484/3484 3460/3460
f 3474/3474 3485/3485 3476/3476
f 3476/3476 3485/3485 3486/3486
f 3476/3476 3486/3486 3487/3487
f 3487/3487 3486/3486 3488/3488
f 3487/3487 3488/3488 3489/3489
f 3489/3489 3488/3488 3490/3490
f 3489/3489 3490/3490 3491/3491
f 3491/3491 3490/3490 3492/3492
f 3491/3491 3492/3492 3493/3493
f 3493/3493 3492/3492 3494/3494
f 3493/3493 3494/3494 3495/3495
f 3495/3495 3494/3494 3496/3496
f 3495/3495 3496/3496 3458/3458
f 3458/3458 3496/3496 3456/3456
f 3486/3486 3497/3497 3488/3488
f 3488/3488 3497/3497 3498/3498
f 3488/3488 3498/3498 3490/3490
f 3490/3490 3498/3498 3499/3499
f 3490/3490 3499/3499 3492/3492
f 3492/3492 3499/3499 3500/3500
f 3492/3492 3500/3500 3494/3494
f 3494/3494 3500/3500 3501/3501
f 3494/3494 3501/3501 3496/3496
f 3496/3496 3501/3501 3502/3502
f 3496/3496 3502/3502 3456/3456
f 3456/3456 3502/3502 3454/3454
f 3503/3503 3504/3504 3497/3497
f 3497/3497 3504/3504 3505/3505
f 3497/3497 3505/3505 3498/3498
f 3498/3498 3505/3505 3499/3499
f 3504/3504 3503/3503 3506/3506
f 3506/3506 3503/3503 3507/3507
f 3506/3506 3507/3507 3508/3508
f 3508/3508 3507/3507 3509/3509
f 3508/3508 3509/3509 3510/3510
f 3510/3510 3509/3509 3511/3511
f 3510/3510 3511/3511 3512/3512
f 3512/3512 3511/3511 3513/3513
f 3512/3512 3513/3513 3514/3514
f 3514/3514 3513/3513 3515/3515
f 3514/3514 3515/3515 3516/3516
f 3516/3516 3515/3515 3517/3517
f 3516/3516 3517/3517 3518/3518
f 3518/3518 3517/3517 3519/3519
f 3518/3518 3519/3519 3520/3520
f 3520/3520 3519/3519 3521/3521
f 3520/3520 3521/3521 3522/3522
f 3522/3522 3521/3521 3523/3523
f 3522/3522 3523/3523 3442/3442
f 3442/3442 3523/3523 3440/3440
f 3513/3513 3524/3524 3515/3515
f 3515/3515 3524/3524 3525/3525
f 3515/3515 3525/3525 3517/3517
f 3517/3517 3525/3525 3526/3526
f 3517/3517 3526/3526 3519/3519
f 3519/3519 3526/3526 3527/3527
f 3519/3519 3527/3527 3521/3521
f 3521/3521 3527/3527 3528/3528
f 3521/3521 3528/3528 3523/3523
f 3523/3523 3528/3528 3529/3529
f 3523/3523 3529/3529 3440/3440
f 3440/3440 3529/3529 3438/3438
f 3524/3524 3530/3530 3525/3525
f 3525/3525 3530/3530 3531/3531
f 3525/3525 3531/3531 3526/3526
f 3526/3526 3531/3531 3532/3532
f 3526/3526 3532/3532 3527/3527
f 3527/3527 3532/3532 3533/3533
f 3527/3527 3533/3533 3534/3534
f 3534/3534 3533/3533 3535/3535
f 3534/3534 3535/3535 3536/3536
f 3536/3536 3535/3535 3537/3537
f 3536/3536 3537/3537 3538/3538
f 3538/3538 3537/3537 3539/3539
f 3538/3538 3539/3539 3540/3540
f 3540/3540 3539/3539 3541/3541
f 3540/3540 3541/3541 3542/3542
f 3531/3531 3530/3530 3543/3543
f 3543/3543 3530/3530 3544/3544
f 3543/3543 3544/3544 3545/3545
f 3545/3545 3544/3544 3546/3546
f 3545/3545 3546/3546 3535/3535
f 3535/3535 3546/3546 3537/3537
f 3544/3544 3547/3547 3546/3546
f 3546/3546 3547/3547 3548/3548
f 3546/3546 3548/3548 3537/3537
f 3537/3537 3548/3548 3539/3539
f 3547/3547 3549/3549 3548/3548
f 3548/3548 3549/3549 3550/3550
f 3548/3548 3550/3550 3539/3539
f 3539/3539 3550/3550 3541/3541
f 3549/3549 3551/3551 3550/3550
f 3550/3550 3551/3551 3541/3541
f 3552/3552 3553/3553 3542/3542
f 3542/3542 3553/3553 3554/3554
f 3542/3542 3554/3554 3540/3540
f 3540/3540 3554/3554 3538/3538
f 3553/3553 3552/3552 3432/3432
f 3432/3432 3552/3552 3430/3430
f 3428/3428 3555/3555 3426/3426
f 3426/3426 3555/3555 3556/3556
f 3426/3426 3556/3556 3424/3424
f 3424/3424 3556/3556 3557/3557
f 3424/3424 3557/3557 3422/3422
f 3422/3422 3557/3557 3558/3558
f 3422/3422 3558/3558 3420/3420
f 3420/3420 3558/3558 3559/3559
f 3420/3420 3559/3559 3418/3418
f 3418/3418 3559/3559 3560/3560
f 3418/3418 3560/3560 3416/3416
f 3561/3561 3562/3562 3555/3555
f 3555/3555 3562/3562 3563/3563
f 3555/3555 3563/3563 3556/3556
f 3556/3556 3563/3563 3557/3557
f 3564/3564 3565/3565 3561/3561
f 3561/3561 3565/3565 3566/3566
f 3561/3561 3566/3566 3562/3562
f 3562/3562 3566/3566 3567/3567
f 3562/3562 3567/3567 3563/3563
f 3563/3563 3567/3567 3557/3557
f 3565/3565 3568/3568 3566/3566
f 3566/3566 3568/3568 3569/3569
f 3566/3566 3569/3569 3567/3567
f 3567/3567 3569/3569 3558/3558
f 3567/3567 3558/3558 3557/3557
f 3568/3568 3570/3570 3569/3569
f 3569/3569 3570/3570 3559/3559
f 3569/3569 3559/3559 3558/3558
f 3570/3570 3560/3560 3559/3559
f 3390/3390 3571/3571 3388/3388
f 3388/3388 3571/3571 3572/3572
f 3388/3388 3572/3572 3386/3386
f 3386/3386 3572/3572 3573/3573
f 3386/3386 3573/3573 3384/3384
f 3384/3384 3573/3573 3574/3574
f 3384/3384 3574/3574 3382/3382
f 3382/3382 3574/3574 3575/3575
f 3382/3382 3575/3575 3380/3380
f 3380/3380 3575/3575 3576/3576
f 3380/3380 3576/3576 3378/3378
f 3378/3378 3576/3576 3577/3577
f 3378/3378 3577/3577 3376/3376
f 3376/3376 3577/3577 3578/3578
f 3376/3376 3578/3578 3374/3374
f 3374/3374 3578/3578 3579/3579
f 3374/3374 3579/3579 3372/3372
f 3372/3372 3579/3579 3580/3580
f 3372/3372 3580/3580 3370/3370
f 3370/3370 3580/3580 3581/3581
f 3370/3370 3581/3581 3368/3368
f 3368/3368 3581/3581 3582/3582
f 3368/3368 3582/3582 3366/3366
f 3366/3366 3582/3582 3583/3583
f 3366/3366 3583/3583 3364/3364
f 3364/3364 3583/3583 3584/3584
f 3364/3364 3584/3584 3362/3362
f 3362/3362 3584/3584 3360/3360
f 3571/3571 3585/3585 3572/3572
f 3572/3572 3585/3585 3586/3586
f 3572/3572 3586/3586 3573/3573
f 3573/3573 3586/3586 3587/3587
f 3573/3573 3587/3587 3574/3574
f 3574/3574 3587/3587 3588/3588
f 3574/3574 3588/3588 3575/3575
f 3575/3575 3588/3588 3589/3589
f 3575/3575 3589/3589 3576/3576
f 3576/3576 3589/3589 3590/3590
f 3576/3576 3590/3590 3577/3577
f 3577/3577 3590/3590 3591/3591
f 3577/3577 3591/3591 3578/3578
f 3578/3578 3591/3591 3592/3592
f 3578/3578 3592/3592 3579/3579
f 3579/3579 3592/3592 3593/3593
f 3579/3579 3593/3593 3580/3580
f 3580/3580 3593/3593 3594/3594
f 3580/3580 3594/3594 3581/3581
f 3581/3581 3594/3594 3595/3595
f 3581/3581 3595/3595 3582/3582
f 3582/3582 3595/3595 3596/3596
f 3582/3582 3596/3596 3583/3583
f 3583/3583 3596/3596 3597/3597
f 3583/3583 3597/3597 3584/3584
f 3584/3584 3597/3597 3598/3598
f 3584/3584 3598/3598 3360/3360
f 3360/3360 3598/3598 3347/3347
f 3585/3585 3599/3599 3586/3586
f 3586/3586 3599/3599 3600/3600
f 3586/3586 3600/3600 3587/3587
f 3587/3587 3600/3600 3601/3601
f 3587/3587 3601/3601 3588/3588
f 3588/3588 3601/3601 3602/3602
f 3588/3588 3602/3602 3589/3589
f 3589/3589 3602/3602 3603/3603
f 3589/3589 3603/3603 3590/3590
f 3590/3590 3603/3603 3604/3604
f 3590/3590 3604/3604 3591/3591
f 3591/3591 3604/3604 3605/3605
f 3591/3591 3605/3605 3592/3592
f 3592/3592 3605/3605 3606/3606
f 3592/3592 3606/3606 3593/3593
f 3593/3593 3606/3606 3607/3607
f 3593/3593 3607/3607 3594/3594
f 3594/3594 3607/3607 3608/3608
f 3594/3594 3608/3608 3595/3595
f 3595/3595 3608/3608 3609/3609
f 3595/3595 3609/3609 3596/3596
f 3596/3596 3609/3609 3610/3610
f 3596/3596 3610/3610 3597/3597
f 3597/3597 3610/3610 3611/3611
f 3597/3597 3611/3611 3598/3598
f 3598/3598 3611/3611 3612/3612
f 3598/3598 3612/3612 3347/3347
f 3347/3347 3612/3612 3348/3348
f 3599/3599 3613/3613 3600/3600
f 3600/3600 3613/3613 3614/3614
f 3600/3600 3614/3614 3601/3601
f 3601/3601 3614/3614 3615/3615
f 3601/3601 3615/3615 3602/3602
f 3602/3602 3615/3615 3616/3616
f 3602/3602 3616/3616 3603/3603
f 3603/3603 3616/3616 3617/3617
f 3603/3603 3617/3617 3604/3604
f 3604/3604 3617/3617 3618/3618
f 3604/3604 3618/3618 3605/3605
f 3605/3605 3618/3618 3619/3619
f 3605/3605 3619/3619 3606/3606
f 3606/3606 3619/3619 3620/3620
f 3606/3606 3620/3620 3607/3607
f 3607/3607 3620/3620 3621/3621
f 3607/3607 3621/3621 3608/3608
f 3608/3608 3621/3621 3622/3622
f 3608/3608 3622/3622 3609/3609
f 3609/3609 3622/3622 3623/3623
f 3609/3609 3623/3623 3610/3610
f 3610/3610 3623/3623 3624/3624
f 3610/3610 3624/3624 3611/3611
f 3611/3611 3624/3624 3625/3625
f 3611/3611 3625/3625 3612/3612
f 3612/3612 3625/3625 3349/3349
f 3612/3612 3349/3349 3348/3348
f 3613/3613 3626/3626 3614/3614
f 3614/3614 3626/3626 3627/3627
f 3614/3614 3627/3627 3615/3615
f 3615/3615 3627/3627 3628/3628
f 3615/3615 3628/3628 3616/3616
f 3616/3616 3628/3628 3629/3629
f 3616/3616 3629/3629 3617/3617
f 3617/3617 3629/3629 3630/3630
f 3617/3617 3630/3630 3618/3618
f 3618/3618 3630/3630 3631/3631
f 3618/3618 3631/3631 3619/3619
f 3619/3619 3631/3631 3632/3632
f 3619/3619 3632/3632 3620/3620
f 3620/3620 3632/3632 3633/3633
f 3620/3620 3633/3633 3621/3621
f 3621/3621 3633/3633 3634/3634
f 3621/3621 3634/3634 3622/3622
f 3622/3622 3634/3634 3635/3635
f 3622/3622 3635/3635 3623/3623
f 3623/3623 3635/3635 3636/3636
f 3623/3623 3636/3636 3624/3624
f 3624/3624 3636/3636 3637/3637
f 3624/3624 3637/3637 3625/3625
f 3625/3625 3637/3637 3350/3350
f 3625/3625 3350/3350 3349/3349
f 3626/3626 3638/3638 3627/3627
f 3627/3627 3638/3638 3639/3639
f 3627/3627 3639/3639 3628/3628
f 3628/3628 3639/3639 3640/3640
f 3628/3628 3640/3640 3629/3629
f 3629/3629 3640/3640 3641/3641
f 3629/3629 3641/3641 3630/3630
f 3630/3630 3641/3641 3642/3642
f 3630/3630 3642/3642 3631/3631
f 3631/3631 3642/3642 3643/3643
f 3631/3631 3643/3643 3632/3632
f 3632/3632 3643/3643 3644/3644
f 3632/3632 3644/3644 3633/3633
f 3633/3633 3644/3644 3645/3645
f 3633/3633 3645/3645 3634/3634
f 3634/3634 3645/3645 3646/3646
f 3634/3634 3646/3646 3635/3635
f 3635/3635 3646/3646 3647/3647
f 3635/3635 3647/3647 3636/3636
f 3636/3636 3647/3647 3648/3648
f 3636/3636 3648/3648 3637/3637
f 3637/3637 3648/3648 3351/3351
f 3637/3637 3351/3351 3350/3350
f 3638/3638 3649/3649 3639/3639
f 3639/3639 3649/3649 3650/3650
f 3639/3639 3650/3650 3651/3651
f 3651/3651 3650/3650 3652/3652
f 3651/3651 3652/3652 3653/3653
f 3653/3653 3652/3652 3654/3654
f 3653/3653 3654/3654 3655/3655
f 3655/3655 3654/3654 3656/3656
f 3655/3655 3656/3656 3657/3657
f 3657/3657 3656/3656 3658/3658
f 3657/3657 3658/3658 3659/3659
f 3659/3659 3658/3658 3660/3660
f 3659/3659 3660/3660 3661/3661
f 3661/3661 3660/3660 3662/3662
f 3661/3661 3662/3662 3663/3663
f 3663/3663 3662/3662 3664/3664
f 3663/3663 3664/3664 3665/3665
f 3665/3665 3664/3664 3666/3666
f 3665/3665 3666/3666 3667/3667
f 3667/3667 3666/3666 3356/3356
f 3667/3667 3356/3356 3355/3355
f 3656/3656 3668/3668 3658/3658
f 3658/3658 3668/3668 3669/3669
f 3658/3658 3669/3669 3660/3660
f 3660/3660 3669/3669 3670/3670
f 3660/3660 3670/3670 3662/3662
f 3662/3662 3670/3670 3671/3671
f 3662/3662 3671/3671 3664/3664
f 3664/3664 3671/3671 3672/3672
f 3664/3664 3672/3672 3666/3666
f 3666/3666 3672/3672 3357/3357
f 3666/3666 3357/3357 3356/3356
f 3668/3668 3673/3673 3669/3669
f 3669/3669 3673/3673 3674/3674
f 3669/3669 3674/3674 3670/3670
f 3670/3670 3674/3674 3675/3675
f 3670/3670 3675/3675 3671/3671
f 3671/3671 3675/3675 3676/3676
f 3671/3671 3676/3676 3672/3672
f 3672/3672 3676/3676 3358/3358
f 3672/3672 3358/3358 3357/3357
f 3673/3673 3677/3677 3674/3674
f 3674/3674 3677/3677 3678/3678
f 3674/3674 3678/3678 3675/3675
f 3675/3675 3678/3678 3679/3679
f 3675/3675 3679/3679 3676/3676
f 3676/3676 3679/3679 3359/3359
f 3676/3676 3359/3359 3358/3358
f 3677/3677 3268/3268 3678/3678
f 3678/3678 3268/3268 3680/3680
f 3678/3678 3680/3680 3679/3679
f 3679/3679 3680/3680 3272/3272
f 3679/3679 3272/3272 3359/3359
f 3680/3680 3268/3268 3270/3270
f 3272/3272 3680/3680 3270/3270
f 3655/3655 3657/3657 3681/3681
f 3681/3681 3657/3657 3659/3659
f 3681/3681 3659/3659 3682/3682
f 3682/3682 3659/3659 3661/3661
f 3682/3682 3661/3661 3683/3683
f 3683/3683 3661/3661 3663/3663
f 3683/3683 3663/3663 3684/3684
f 3684/3684 3663/3663 3665/3665
f 3684/3684 3665/3665 3685/3685
f 3685/3685 3665/3665 3667/3667
f 3685/3685 3667/3667 3686/3686
f 3686/3686 3667/3667 3355/3355
f 3686/3686 3355/3355 3354/3354
f 3653/3653 3655/3655 3687/3687
f 3687/3687 3655/3655 3681/3681
f 3687/3687 3681/3681 3688/3688
f 3688/3688 3681/3681 3682/3682
f 3688/3688 3682/3682 3689/3689
f 3689/3689 3682/3682 3683/3683
f 3689/3689 3683/3683 3690/3690
f 3690/3690 3683/3683 3684/3684
f 3690/3690 3684/3684 3691/3691
f 3691/3691 3684/3684 3685/3685
f 3691/3691 3685/3685 3692/3692
f 3692/3692 3685/3685 3686/3686
f 3692/3692 3686/3686 3693/3693
f 3693/3693 3686/3686 3354/3354
f 3693/3693 3354/3354 3353/3353
f 3640/3640 3639/3639 3651/3651
f 3651/3651 3653/3653 3694/3694
f 3694/3694 3653/3653 3687/3687
f 3694/3694 3687/3687 3695/3695
f 3695/3695 3687/3687 3688/3688
f 3695/3695 3688/3688 3696/3696
f 3696/3696 3688/3688 3689/3689
f 3696/3696 3689/3689 3697/3697
f 3697/3697 3689/3689 3690/3690
f 3697/3697 3690/3690 3698/3698
f 3698/3698 3690/3690 3691/3691
f 3698/3698 3691/3691 3699/3699
f 3699/3699 3691/3691 3692/3692
f 3699/3699 3692/3692 3700/3700
f 3700/3700 3692/3692 3693/3693
f 3700/3700 3693/3693 3701/3701
f 3701/3701 3693/3693 3353/3353
f 3701/3701 3353/3353 3352/3352
f 3392/3392 3389/3389 3702/3702
f 3702/3702 3389/3389 3387/3387
f 3702/3702 3387/3387 3703/3703
f 3703/3703 3387/3387 3385/3385
f 3703/3703 3385/3385 3704/3704
f 3704/3704 3385/3385 3383/3383
f 3704/3704 3383/3383 3705/3705
f 3705/3705 3383/3383 3381/3381
f 3705/3705 3381/3381 3706/3706
f 3706/3706 3381/3381 3379/3379
f 3706/3706 3379/3379 3707/3707
f 3707/3707 3379/3379 3377/3377
f 3707/3707 3377/3377 3465/3465
f 3465/3465 3377/3377 3375/3375
f 3394/3394 3392/3392 3708/3708
f 3708/3708 3392/3392 3702/3702
f 3708/3708 3702/3702 3709/3709
f 3709/3709 3702/3702 3703/3703
f 3709/3709 3703/3703 3710/3710
f 3710/3710 3703/3703 3704/3704
f 3710/3710 3704/3704 3711/3711
f 3711/3711 3704/3704 3705/3705
f 3711/3711 3705/3705 3712/3712
f 3712/3712 3705/3705 3706/3706
f 3712/3712 3706/3706 3713/3713
f 3713/3713 3706/3706 3707/3707
f 3713/3713 3707/3707 3463/3463
f 3463/3463 3707/3707 3465/3465
f 3396/3396 3394/3394 3714/3714
f 3714/3714 3394/3394 3708/3708
f 3714/3714 3708/3708 3715/3715
f 3715/3715 3708/3708 3709/3709
f 3715/3715 3709/3709 3716/3716
f 3716/3716 3709/3709 3710/3710
f 3716/3716 3710/3710 3717/3717
f 3717/3717 3710/3710 3711/3711
f 3717/3717 3711/3711 3718/3718
f 3718/3718 3711/3711 3712/3712
f 3718/3718 3712/3712 3719/3719
f 3719/3719 3712/3712 3713/3713
f 3719/3719 3713/3713 3461/3461
f 3461/3461 3713/3713 3463/3463
f 3398/3398 3396/3396 3720/3720
f 3720/3720 3396/3396 3714/3714
f 3720/3720 3714/3714 3721/3721
f 3721/3721 3714/3714 3715/3715
f 3721/3721 3715/3715 3722/3722
f 3722/3722 3715/3715 3716/3716
f 3722/3722 3716/3716 3723/3723
f 3723/3723 3716/3716 3717/3717
f 3723/3723 3717/3717 3724/3724
f 3724/3724 3717/3717 3718/3718
f 3724/3724 3718/3718 3725/3725
f 3725/3725 3718/3718 3719/3719
f 3725/3725 3719/3719 3459/3459
f 3459/3459 3719/3719 3461/3461
f 3400/3400 3398/3398 3726/3726
f 3726/3726 3398/3398 3720/3720
f 3726/3726 3720/3720 3727/3727
f 3727/3727 3720/3720 3721/3721
f 3727/3727 3721/3721 3728/3728
f 3728/3728 3721/3721 3722/3722
f 3728/3728 3722/3722 3729/3729
f 3729/3729 3722/3722 3723/3723
f 3729/3729 3723/3723 3730/3730
f 3730/3730 3723/3723 3724/3724
f 3730/3730 3724/3724 3731/3731
f 3731/3731 3724/3724 3725/3725
f 3731/3731 3725/3725 3457/3457
f 3457/3457 3725/3725 3459/3459
f 3402/3402 3400/3400 3732/3732
f 3732/3732 3400/3400 3726/3726
f 3732/3732 3726/3726 3733/3733
f 3733/3733 3726/3726 3727/3727
f 3733/3733 3727/3727 3734/3734
f 3734/3734 3727/3727 3728/3728
f 3734/3734 3728/3728 3735/3735
f 3735/3735 3728/3728 3729/3729
f 3735/3735 3729/3729 3736/3736
f 3736/3736 3729/3729 3730/3730
f 3736/3736 3730/3730 3737/3737
f 3737/3737 3730/3730 3731/3731
f 3737/3737 3731/3731 3455/3455
f 3455/3455 3731/3731 3457/3457
f 3404/3404 3402/3402 3738/3738
f 3738/3738 3402/3402 3732/3732
f 3738/3738 3732/3732 3739/3739
f 3739/3739 3732/3732 3733/3733
f 3739/3739 3733/3733 3740/3740
f 3740/3740 3733/3733 3734/3734
f 3740/3740 3734/3734 3741/3741
f 3741/3741 3734/3734 3735/3735
f 3741/3741 3735/3735 3742/3742
f 3742/3742 3735/3735 3736/3736
f 3742/3742 3736/3736 3743/3743
f 3743/3743 3736/3736 3737/3737
f 3743/3743 3737/3737 3453/3453
f 3453/3453 3737/3737 3455/3455
f 3406/3406 3404/3404 3744/3744
f 3744/3744 3404/3404 3738/3738
f 3744/3744 3738/3738 3745/3745
f 3745/3745 3738/3738 3739/3739
f 3745/3745 3739/3739 3746/3746
f 3746/3746 3739/3739 3740/3740
f 3746/3746 3740/3740 3747/3747
f 3747/3747 3740/3740 3741/3741
f 3747/3747 3741/3741 3748/3748
f 3748/3748 3741/3741 3742/3742
f 3748/3748 3742/3742 3749/3749
f 3749/3749 3742/3742 3743/3743
f 3749/3749 3743/3743 3451/3451
f 3451/3451 3743/3743 3453/3453
f 3409/3409 3406/3406 3750/3750
f 3750/3750 3406/3406 3744/3744
f 3750/3750 3744/3744 3751/3751
f 3751/3751 3744/3744 3745/3745
f 3751/3751 3745/3745 3752/3752
f 3752/3752 3745/3745 3746/3746
f 3752/3752 3746/3746 3753/3753
f 3753/3753 3746/3746 3747/3747
f 3753/3753 3747/3747 3754/3754
f 3754/3754 3747/3747 3748/3748
f 3754/3754 3748/3748 3755/3755
f 3755/3755 3748/3748 3749/3749
f 3755/3755 3749/3749 3449/3449
f 3449/3449 3749/3749 3451/3451
f 3411/3411 3409/3409 3756/3756
f 3756/3756 3409/3409 3750/3750
f 3756/3756 3750/3750 3757/3757
f 3757/3757 3750/3750 3751/3751
f 3757/3757 3751/3751 3758/3758
f 3758/3758 3751/3751 3752/3752
f 3758/3758 3752/3752 3759/3759
f 3759/3759 3752/3752 3753/3753
f 3759/3759 3753/3753 3760/3760
f 3760/3760 3753/3753 3754/3754
f 3760/3760 3754/3754 3761/3761
f 3761/3761 3754/3754 3755/3755
f 3761/3761 3755/3755 3447/3447
f 3447/3447 3755/3755 3449/3449
f 3413/3413 3411/3411 3762/3762
f 3762/3762 3411/3411 3756/3756
f 3762/3762 3756/3756 3763/3763
f 3763/3763 3756/3756 3757/3757
f 3763/3763 3757/3757 3764/3764
f 3764/3764 3757/3757 3758/3758
f 3764/3764 3758/3758 3765/3765
f 3765/3765 3758/3758 3759/3759
f 3765/3765 3759/3759 3766/3766
f 3766/3766 3759/3759 3760/3760
f 3766/3766 3760/3760 3767/3767
f 3767/3767 3760/3760 3761/3761
f 3767/3767 3761/3761 3445/3445
f 3445/3445 3761/3761 3447/3447
f 3415/3415 3413/3413 3768/3768
f 3768/3768 3413/3413 3762/3762
f 3768/3768 3762/3762 3769/3769
f 3769/3769 3762/3762 3763/3763
f 3769/3769 3763/3763 3770/3770
f 3770/3770 3763/3763 3764/3764
f 3770/3770 3764/3764 3771/3771
f 3771/3771 3764/3764 3765/3765
f 3771/3771 3765/3765 3772/3772
f 3772/3772 3765/3765 3766/3766
f 3772/3772 3766/3766 3773/3773
f 3773/3773 3766/3766 3767/3767
f 3773/3773 3767/3767 3443/3443
f 3443/3443 3767/3767 3445/3445
f 3417/3417 3415/3415 3774/3774
f 3774/3774 3415/3415 3768/3768
f 3774/3774 3768/3768 3775/3775
f 3775/3775 3768/3768 3769/3769
f 3775/3775 3769/3769 3776/3776
f 3776/3776 3769/3769 3770/3770
f 3776/3776 3770/3770 3777/3777
f 3777/3777 3770/3770 3771/3771
f 3777/3777 3771/3771 3778/3778
f 3778/3778 3771/3771 3772/3772
f 3778/3778 3772/3772 3779/3779
f 3779/3779 3772/3772 3773/3773
f 3779/3779 3773/3773 3441/3441
f 3441/3441 3773/3773 3443/3443
f 3641/3641 3640/3640 3694/3694
f 3694/3694 3640/3640 3651/3651
f 3641/3641 3694/3694 3695/3695
f 3417/3417 3774/3774 3419/3419
f 3419/3419 3774/3774 3780/3780
f 3419/3419 3780/3780 3421/3421
f 3421/3421 3780/3780 3781/3781
f 3421/3421 3781/3781 3423/3423
f 3423/3423 3781/3781 3782/3782
f 3423/3423 3782/3782 3425/3425
f 3425/3425 3782/3782 3783/3783
f 3425/3425 3783/3783 3427/3427
f 3427/3427 3783/3783 3429/3429
f 3780/3780 3774/3774 3775/3775
f 3780/3780 3775/3775 3784/3784
f 3784/3784 3775/3775 3776/3776
f 3784/3784 3776/3776 3785/3785
f 3785/3785 3776/3776 3777/3777
f 3785/3785 3777/3777 3786/3786
f 3786/3786 3777/3777 3778/3778
f 3786/3786 3778/3778 3787/3787
f 3787/3787 3778/3778 3779/3779
f 3787/3787 3779/3779 3439/3439
f 3439/3439 3779/3779 3441/3441
f 3641/3641 3695/3695 3642/3642
f 3642/3642 3695/3695 3696/3696
f 3642/3642 3696/3696 3643/3643
f 3643/3643 3696/3696 3697/3697
f 3643/3643 3697/3697 3644/3644
f 3644/3644 3697/3697 3698/3698
f 3644/3644 3698/3698 3645/3645
f 3645/3645 3698/3698 3699/3699
f 3645/3645 3699/3699 3646/3646
f 3646/3646 3699/3699 3700/3700
f 3646/3646 3700/3700 3647/3647
f 3647/3647 3700/3700 3701/3701
f 3647/3647 3701/3701 3648/3648
f 3648/3648 3701/3701 3352/3352
f 3648/3648 3352/3352 3351/3351
f 3780/3780 3784/3784 3781/3781
f 3781/3781 3784/3784 3788/3788
f 3781/3781 3788/3788 3782/3782
f 3782/3782 3788/3788 3789/3789
f 3782/3782 3789/3789 3783/3783
f 3783/3783 3789/3789 3790/3790
f 3783/3783 3790/3790 3429/3429
f 3429/3429 3790/3790 3431/3431
f 3788/3788 3784/3784 3785/3785
f 3789/3789 3791/3791 3792/3792
f 3792/3792 3791/3791 3793/3793
f 3792/3792 3793/3793 3435/3435
f 3435/3435 3793/3793 3437/3437
f 3791/3791 3786/3786 3793/3793
f 3793/3793 3786/3786 3787/3787
f 3793/3793 3787/3787 3437/3437
f 3437/3437 3787/3787 3439/3439
f 3789/3789 3788/3788 3791/3791
f 3791/3791 3788/3788 3785/3785
f 3791/3791 3785/3785 3786/3786
f 3279/3279 3794/3794 3795/3795
f 3795/3795 3794/3794 3303/3303
f 3795/3795 3303/3303 3305/3305
f 3299/3299 3301/3301 3794/3794
f 3794/3794 3301/3301 3303/3303
f 3299/3299 3794/3794 3277/3277
f 3277/3277 3794/3794 3279/3279
f 3279/3279 3795/3795 3281/3281
f 3281/3281 3795/3795 3796/3796
f 3281/3281 3796/3796 3283/3283
f 3283/3283 3796/3796 3797/3797
f 3283/3283 3797/3797 3285/3285
f 3285/3285 3797/3797 3798/3798
f 3285/3285 3798/3798 3287/3287
f 3287/3287 3798/3798 3799/3799
f 3287/3287 3799/3799 3289/3289
f 3289/3289 3799/3799 3800/3800
f 3289/3289 3800/3800 3291/3291
f 3291/3291 3800/3800 3801/3801
f 3291/3291 3801/3801 3293/3293
f 3293/3293 3801/3801 3345/3345
f 3293/3293 3345/3345 3295/3295
f 3796/3796 3795/3795 3305/3305
f 3789/3789 3792/3792 3790/3790
f 3790/3790 3792/3792 3433/3433
f 3790/3790 3433/3433 3431/3431
f 3433/3433 3792/3792 3435/3435
f 3797/3797 3796/3796 3307/3307
f 3307/3307 3796/3796 3305/3305
f 3432/3432 3434/3434 3553/3553
f 3553/3553 3434/3434 3802/3802
f 3553/3553 3802/3802 3554/3554
f 3554/3554 3802/3802 3803/3803
f 3554/3554 3803/3803 3538/3538
f 3538/3538 3803/3803 3536/3536
f 3434/3434 3436/3436 3802/3802
f 3802/3802 3436/3436 3804/3804
f 3802/3802 3804/3804 3803/3803
f 3803/3803 3804/3804 3805/3805
f 3803/3803 3805/3805 3536/3536
f 3536/3536 3805/3805 3534/3534
f 3436/3436 3438/3438 3804/3804
f 3804/3804 3438/3438 3529/3529
f 3804/3804 3529/3529 3805/3805
f 3805/3805 3529/3529 3528/3528
f 3805/3805 3528/3528 3534/3534
f 3534/3534 3528/3528 3527/3527
f 3442/3442 3444/3444 3522/3522
f 3522/3522 3444/3444 3806/3806
f 3522/3522 3806/3806 3520/3520
f 3520/3520 3806/3806 3807/3807
f 3520/3520 3807/3807 3518/3518
f 3518/3518 3807/3807 3808/3808
f 3518/3518 3808/3808 3516/3516
f 3516/3516 3808/3808 3809/3809
f 3516/3516 3809/3809 3514/3514
f 3514/3514 3809/3809 3512/3512
f 3444/3444 3446/3446 3806/3806
f 3806/3806 3446/3446 3810/3810
f 3806/3806 3810/3810 3807/3807
f 3807/3807 3810/3810 3811/3811
f 3807/3807 3811/3811 3808/3808
f 3808/3808 3811/3811 3812/3812
f 3808/3808 3812/3812 3809/3809
f 3809/3809 3812/3812 3813/3813
f 3809/3809 3813/3813 3512/3512
f 3512/3512 3813/3813 3510/3510
f 3446/3446 3448/3448 3810/3810
f 3810/3810 3448/3448 3814/3814
f 3810/3810 3814/3814 3811/3811
f 3811/3811 3814/3814 3815/3815
f 3811/3811 3815/3815 3812/3812
f 3812/3812 3815/3815 3816/3816
f 3812/3812 3816/3816 3813/3813
f 3813/3813 3816/3816 3817/3817
f 3813/3813 3817/3817 3510/3510
f 3510/3510 3817/3817 3508/3508
f 3448/3448 3450/3450 3814/3814
f 3814/3814 3450/3450 3818/3818
f 3814/3814 3818/3818 3815/3815
f 3815/3815 3818/3818 3819/3819
f 3815/3815 3819/3819 3816/3816
f 3816/3816 3819/3819 3820/3820
f 3816/3816 3820/3820 3817/3817
f 3817/3817 3820/3820 3821/3821
f 3817/3817 3821/3821 3822/3822
f 3822/3822 3821/3821 3823/3823
f 3822/3822 3823/3823 3506/3506
f 3506/3506 3823/3823 3504/3504
f 3450/3450 3452/3452 3818/3818
f 3818/3818 3452/3452 3824/3824
f 3818/3818 3824/3824 3825/3825
f 3825/3825 3824/3824 3826/3826
f 3825/3825 3826/3826 3821/3821
f 3821/3821 3826/3826 3827/3827
f 3821/3821 3827/3827 3823/3823
f 3823/3823 3827/3827 3828/3828
f 3823/3823 3828/3828 3504/3504
f 3504/3504 3828/3828 3505/3505
f 3452/3452 3454/3454 3824/3824
f 3824/3824 3454/3454 3502/3502
f 3824/3824 3502/3502 3826/3826
f 3826/3826 3502/3502 3501/3501
f 3826/3826 3501/3501 3827/3827
f 3827/3827 3501/3501 3500/3500
f 3827/3827 3500/3500 3828/3828
f 3828/3828 3500/3500 3499/3499
f 3828/3828 3499/3499 3505/3505
f 3458/3458 3460/3460 3495/3495
f 3495/3495 3460/3460 3484/3484
f 3495/3495 3484/3484 3493/3493
f 3493/3493 3484/3484 3482/3482
f 3493/3493 3482/3482 3491/3491
f 3491/3491 3482/3482 3480/3480
f 3491/3491 3480/3480 3489/3489
f 3489/3489 3480/3480 3478/3478
f 3489/3489 3478/3478 3487/3487
f 3487/3487 3478/3478 3476/3476
f 3462/3462 3464/3464 3483/3483
f 3483/3483 3464/3464 3829/3829
f 3483/3483 3829/3829 3481/3481
f 3481/3481 3829/3829 3830/3830
f 3481/3481 3830/3830 3479/3479
f 3479/3479 3830/3830 3831/3831
f 3479/3479 3831/3831 3477/3477
f 3477/3477 3831/3831 3832/3832
f 3477/3477 3832/3832 3475/3475
f 3475/3475 3832/3832 3473/3473
f 3464/3464 3466/3466 3829/3829
f 3829/3829 3466/3466 3472/3472
f 3829/3829 3472/3472 3830/3830
f 3830/3830 3472/3472 3471/3471
f 3830/3830 3471/3471 3831/3831
f 3831/3831 3471/3471 3470/3470
f 3831/3831 3470/3470 3832/3832
f 3832/3832 3470/3470 3469/3469
f 3832/3832 3469/3469 3473/3473
f 3473/3473 3469/3469 3468/3468
f 3798/3798 3797/3797 3309/3309
f 3309/3309 3797/3797 3307/3307
f 3322/3322 3329/3329 3833/3833
f 3833/3833 3329/3329 3331/3331
f 3833/3833 3331/3331 3333/3333
f 3322/3322 3321/3321 3329/3329
f 3322/3322 3833/3833 3323/3323
f 3323/3323 3833/3833 3335/3335
f 3323/3323 3335/3335 3324/3324
f 3335/3335 3833/3833 3333/3333
f 3799/3799 3798/3798 3311/3311
f 3311/3311 3798/3798 3309/3309
f 3819/3819 3818/3818 3825/3825
f 3821/3821 3820/3820 3825/3825
f 3825/3825 3820/3820 3819/3819
f 3800/3800 3799/3799 3313/3313
f 3313/3313 3799/3799 3311/3311
f 3801/3801 3800/3800 3315/3315
f 3315/3315 3800/3800 3313/3313
f 3543/3543 3545/3545 3533/3533
f 3533/3533 3545/3545 3535/3535
f 3531/3531 3543/3543 3532/3532
f 3532/3532 3543/3543 3533/3533
f 3506/3506 3508/3508 3822/3822
f 3822/3822 3508/3508 3817/3817
f 3317/3317 3345/3345 3801/3801
f 3801/3801 3315/3315 3317/3317
f 3343/3343 3327/3327 3326/3326
f 3340/3340 3343/3343 3339/3339
f 3339/3339 3343/3343 3326/3326
f 3339/3339 3338/3338 3340/3340
f 3275/3275 3299/3299 3277/3277
f 3834/3834 3835/3835 3836/3836
f 3836/3836 3835/3835 3837/3837
f 3836/3836 3837/3837 3838/3838
f 3836/3836 3838/3838 3839/3839
f 3839/3839 3838/3838 3840/3840
f 3839/3839 3840/3840 3841/3841
f 3839/3839 3841/3841 3842/3842
f 3842/3842 3841/3841 3843/3843
f 3842/3842 3843/3843 3844/3844
f 3844/3844 3845/3845 3842/3842
f 3842/3842 3845/3845 3846/3846
f 3846/3846 3845/3845 3847/3847
f 3846/3846 3847/3847 3848/3848
f 3846/3846 3848/3848 3849/3849
f 3849/3849 3848/3848 3850/3850
f 3849/3849 3850/3850 3851/3851
f 3851/3851 3852/3852 3849/3849
f 3849/3849 3852/3852 3853/3853
f 3853/3853 3852/3852 3854/3854
f 3853/3853 3854/3854 3855/3855
f 3853/3853 3855/3855 3856/3856
f 3856/3856 3855/3855 3857/3857
f 3856/3856 3857/3857 3858/3858
f 3858/3858 3859/3859 3856/3856
f 3856/3856 3859/3859 3860/3860
f 3860/3860 3859/3859 3861/3861
f 3860/3860 3861/3861 3862/3862
f 3860/3860 3862/3862 3863/3863
f 3863/3863 3862/3862 3864/3864
f 3863/3863 3864/3864 3865/3865
f 3865/3865 3864/3864 3866/3866
f 3865/3865 3866/3866 3867/3867
f 3865/3865 3867/3867 3868/3868
f 3868/3868 3867/3867 3869/3869
f 3868/3868 3869/3869 3870/3870
f 3868/3868 3870/3870 3871/3871
f 3871/3871 3870/3870 3872/3872
f 3871/3871 3872/3872 3873/3873
f 3871/3871 3873/3873 3874/3874
f 3874/3874 3873/3873 3875/3875
f 3874/3874 3875/3875 3876/3876
f 3874/3874 3876/3876 3877/3877
f 3877/3877 3876/3876 3878/3878
f 3877/3877 3878/3878 3879/3879
f 3877/3877 3879/3879 3880/3880
f 3880/3880 3879/3879 3881/3881
f 3880/3880 3881/3881 3882/3882
f 3882/3882 3883/3883 3880/3880
f 3880/3880 3883/3883 3884/3884
f 3884/3884 3883/3883 3885/3885
f 3884/3884 3885/3885 3886/3886
f 3884/3884 3886/3886 3887/3887
f 3887/3887 3886/3886 3888/3888
f 3887/3887 3888/3888 3889/3889
f 3887/3887 3889/3889 3890/3890
f 3890/3890 3889/3889 3891/3891
f 3890/3890 3891/3891 3892/3892
f 3890/3890 3892/3892 3893/3893
f 3893/3893 3892/3892 3894/3894
f 3893/3893 3894/3894 3895/3895
f 3893/3893 3895/3895 3896/3896
f 3896/3896 3895/3895 3897/3897
f 3896/3896 3897/3897 3898/3898
f 3896/3896 3898/3898 3899/3899
f 3899/3899 3898/3898 3900/3900
f 3899/3899 3900/3900 3901/3901
f 3899/3899 3901/3901 3902/3902
f 3902/3902 3901/3901 3903/3903
f 3902/3902 3903/3903 3904/3904
f 3902/3902 3904/3904 3905/3905
f 3905/3905 3904/3904 3906/3906
f 3905/3905 3906/3906 3907/3907
f 3907/3907 3908/3908 3905/3905
f 3905/3905 3908/3908 3909/3909
f 3909/3909 3908/3908 3910/3910
f 3909/3909 3910/3910 3911/3911
f 3909/3909 3911/3911 3912/3912
f 3912/3912 3911/3911 3913/3913
f 3912/3912 3913/3913 3914/3914
f 3912/3912 3914/3914 3915/3915
f 3915/3915 3914/3914 3916/3916
f 3915/3915 3916/3916 3917/3917
f 3915/3915 3917/3917 3918/3918
f 3918/3918 3917/3917 3919/3919
f 3918/3918 3919/3919 3920/3920
f 3918/3918 3920/3920 3921/3921
f 3921/3921 3920/3920 3922/3922
f 3921/3921 3922/3922 3923/3923
f 3921/3921 3923/3923 3924/3924
f 3924/3924 3923/3923 3925/3925
f 3924/3924 3925/3925 3926/3926
f 3926/3926 3925/3925 3927/3927
f 3926/3926 3927/3927 3834/3834
f 3926/3926 3834/3834 3836/3836
f 3928/3928 3929/3929 3930/3930
f 3930/3930 3929/3929 3931/3931
f 3930/3930 3931/3931 3932/3932
f 3932/3932 3931/3931 3933/3933
f 3932/3932 3933/3933 3934/3934
f 3934/3934 3933/3933 3935/3935
f 3934/3934 3935/3935 3936/3936
f 3936/3936 3935/3935 3937/3937
f 3936/3936 3937/3937 3938/3938
f 3938/3938 3937/3937 3939/3939
f 3938/3938 3939/3939 3940/3940
f 3940/3940 3939/3939 3941/3941
f 3940/3940 3941/3941 3942/3942
f 3942/3942 3941/3941 3943/3943
f 3942/3942 3943/3943 3944/3944
f 3944/3944 3943/3943 3945/3945
f 3929/3929 3928/3928 3946/3946
f 3946/3946 3928/3928 3947/3947
f 3946/3946 3947/3947 3948/3948
f 3948/3948 3947/3947 3949/3949
f 3948/3948 3949/3949 3950/3950
f 3950/3950 3949/3949 3951/3951
f 3950/3950 3951/3951 3952/3952
f 3952/3952 3951/3951 3953/3953
f 3952/3952 3953/3953 3954/3954
f 3954/3954 3953/3953 3955/3955
f 3954/3954 3955/3955 3956/3956
f 3956/3956 3955/3955 3957/3957
f 3958/3958 3959/3959 3960/3960
f 3960/3960 3959/3959 3961/3961
f 3960/3960 3961/3961 3962/3962
f 3962/3962 3961/3961 3963/3963
f 3962/3962 3963/3963 3964/3964
f 3964/3964 3963/3963 3965/3965
f 3964/3964 3965/3965 3966/3966
f 3966/3966 3965/3965 3967/3967
f 3966/3966 3967/3967 3968/3968
f 3968/3968 3967/3967 3969/3969
f 3968/3968 3969/3969 3970/3970
f 3970/3970 3969/3969 3971/3971
f 3970/3970 3971/3971 3972/3972
f 3972/3972 3971/3971 3973/3973
f 3972/3972 3973/3973 3974/3974
f 3974/3974 3973/3973 3975/3975
f 3974/3974 3975/3975 3976/3976
f 3976/3976 3975/3975 3977/3977
f 3976/3976 3977/3977 3978/3978
f 3978/3978 3977/3977 3979/3979
f 3978/3978 3979/3979 3980/3980
f 3980/3980 3979/3979 3981/3981
f 3980/3980 3981/3981 3982/3982
f 3982/3982 3981/3981 3983/3983
f 3982/3982 3983/3983 3984/3984
f 3984/3984 3983/3983 3985/3985
f 3984/3984 3985/3985 3986/3986
f 3986/3986 3985/3985 3987/3987
f 3986/3986 3987/3987 3988/3988
f 3988/3988 3987/3987 3989/3989
f 3988/3988 3989/3989 3990/3990
f 3990/3990 3989/3989 3991/3991
f 3992/3992 3993/3993 3994/3994
f 3994/3994 3993/3993 3995/3995
f 3994/3994 3995/3995 3996/3996
f 3996/3996 3995/3995 3997/3997
f 3996/3996 3997/3997 3998/3998
f 3998/3998 3997/3997 3999/3999
f 3998/3998 3999/3999 4000/4000
f 4000/4000 3999/3999 4001/4001
f 4000/4000 4001/4001 4002/4002
f 4002/4002 4001/4001 4003/4003
f 4002/4002 4003/4003 4004/4004
f 4004/4004 4003/4003 4005/4005
f 4004/4004 4005/4005 4006/4006
f 4006/4006 4005/4005 4007/4007
f 4006/4006 4007/4007 4008/4008
f 4008/4008 4007/4007 4009/4009
f 4008/4008 4009/4009 4010/4010
f 4010/4010 4009/4009 4011/4011
f 4010/4010 4011/4011 4012/4012
f 4012/4012 4011/4011 4013/4013
f 4012/4012 4013/4013 4014/4014
f 4014/4014 4013/4013 4015/4015
f 4014/4014 4015/4015 4016/4016
f 4016/4016 4015/4015 4017/4017
f 4016/4016 4017/4017 4018/4018
f 4018/4018 4017/4017 4019/4019
f 4018/4018 4019/4019 3958/3958
f 3958/3958 4019/4019 3959/3959
f 4020/4020 4021/4021 4022/4022
f 4022/4022 4021/4021 4023/4023
f 4022/4022 4023/4023 4024/4024
f 4024/4024 4023/4023 4025/4025
f 4024/4024 4025/4025 4026/4026
f 4026/4026 4025/4025 4027/4027
f 4026/4026 4027/4027 4028/4028
f 4028/4028 4027/4027 4029/4029
f 4028/4028 4029/4029 4030/4030
f 4030/4030 4029/4029 4031/4031
f 4030/4030 4031/4031 4032/4032
f 4032/4032 4031/4031 4033/4033
f 4032/4032 4033/4033 4034/4034
f 4034/4034 4033/4033 4035/4035
f 4034/4034 4035/4035 4036/4036
f 4036/4036 4035/4035 4037/4037
f 4036/4036 4037/4037 4038/4038
f 4038/4038 4037/4037 4039/4039
f 4038/4038 4039/4039 4040/4040
f 4040/4040 4039/4039 4041/4041
f 4040/4040 4041/4041 4042/4042
f 4042/4042 4041/4041 4043/4043
f 4042/4042 4043/4043 4044/4044
f 4044/4044 4043/4043 4045/4045
f 4044/4044 4045/4045 4046/4046
f 4046/4046 4045/4045 4047/4047
f 4046/4046 4047/4047 4048/4048
f 4048/4048 4047/4047 4049/4049
f 4048/4048 4049/4049 4050/4050
f 4050/4050 4049/4049 4051/4051
f 4050/4050 4051/4051 4052/4052
f 4052/4052 4051/4051 4053/4053
f 4054/4054 4055/4055 4056/4056
f 4056/4056 4055/4055 4057/4057
f 4056/4056 4057/4057 4058/4058
f 4058/4058 4057/4057 4059/4059
f 4058/4058 4059/4059 4060/4060
f 4060/4060 4059/4059 4061/4061
f 4060/4060 4061/4061 4062/4062
f 4062/4062 4061/4061 4063/4063
f 4062/4062 4063/4063 4064/4064
f 4064/4064 4063/4063 4065/4065
f 4064/4064 4065/4065 4066/4066
f 4066/4066 4065/4065 4067/4067
f 4066/4066 4067/4067 4068/4068
f 4068/4068 4067/4067 4069/4069
f 4068/4068 4069/4069 4070/4070
f 4070/4070 4069/4069 4071/4071
f 4070/4070 4071/4071 4072/4072
f 4072/4072 4071/4071 4073/4073
f 4072/4072 4073/4073 4074/4074
f 4074/4074 4073/4073 4075/4075
f 4074/4074 4075/4075 4076/4076
f 4076/4076 4075/4075 4077/4077
f 4076/4076 4077/4077 4078/4078
f 4078/4078 4077/4077 4079/4079
f 4078/4078 4079/4079 4080/4080
f 4080/4080 4079/4079 4081/4081
f 4080/4080 4081/4081 4020/4020
f 4020/4020 4081/4081 4021/4021
f 4082/4082 4083/4083 4084/4084
f 4084/4084 4083/4083 4085/4085
f 4084/4084 4085/4085 4086/4086
f 4086/4086 4085/4085 4087/4087
f 4086/4086 4087/4087 4088/4088
f 4088/4088 4087/4087 4089/4089
f 4088/4088 4089/4089 4090/4090
f 4090/4090 4089/4089 4091/4091
f 4090/4090 4091/4091 4092/4092
f 4092/4092 4091/4091 4093/4093
f 4092/4092 4093/4093 4094/4094
f 4094/4094 4093/4093 4095/4095
f 4094/4094 4095/4095 4096/4096
f 4096/4096 4095/4095 4097/4097
f 4096/4096 4097/4097 4098/4098
f 4098/4098 4097/4097 4099/4099
f 4083/4083 4082/4082 4100/4100
f 4100/4100 4082/4082 4101/4101
f 4100/4100 4101/4101 4102/4102
f 4102/4102 4101/4101 4103/4103
f 4102/4102 4103/4103 4104/4104
f 4104/4104 4103/4103 4105/4105
f 4104/4104 4105/4105 4106/4106
f 4106/4106 4105/4105 4107/4107
f 4106/4106 4107/4107 4108/4108
f 4108/4108 4107/4107 4109/4109
f 4108/4108 4109/4109 4110/4110
f 4110/4110 4109/4109 4111/4111

