mtllib material.mtl

o link_5-mesh
usemtl material_0
v 6.599599 -0.817197 0.999998
v 2.4872 -0.252897 0.999998
v 6.65 0 0.999998
v 2.4872 0.252897 0.999998
v 6.599599 0.817197 0.999998
v 6.449097 1.621997 0.999998
v 2.3853 0.748396 0.999998
v 6.200897 2.402299 0.999998
v 2.185899 1.2133 0.999998
v 5.858695 3.1461 0.999998
v 5.4277 3.842198 0.999998
v 1.896899 1.628398 0.999998
v 4.914397 4.480099 0.999998
v 4.326599 5.049997 0.999998
v 1.530295 1.976895 0.999998
v 3.673195 5.5435 0.999998
v 1.100999 2.244496 0.999998
v 2.964198 5.952799 0.999998
v 2.210199 6.272 0.999998
v 0.6266 2.420198 0.999998
v 1.422697 6.496 0.999998
v 0.6136 6.621599 0.999998
v 0.126594 2.496796 0.999998
v -0.204796 6.6468 0.999998
v -0.378597 2.471196 0.999998
v -1.020097 6.571298 0.999998
v -1.819896 6.396096 0.999998
v -0.868297 2.344399 0.999998
v -2.592098 6.123995 0.999998
v -1.322394 2.121597 0.999998
v -3.324997 5.759096 0.999998
v -4.0075 5.306798 0.999998
v -1.722395 1.811999 0.999998
v -4.629296 4.774099 0.999998
v -5.180895 4.168999 0.999998
v -2.051895 1.428198 0.999998
v -5.653899 3.500795 0.999998
v -2.297395 0.985896 0.999998
v -6.0413 2.7794 0.999998
v -6.3371 2.015995 0.999998
v -2.448797 0.503194 0.999998
v -6.536799 1.221895 0.999998
v -6.6374 0.409395 0.999998
v -2.499997 0 0.999998
v -6.6374 -0.409395 0.999998
v -2.448797 -0.503194 0.999998
v -6.536799 -1.221895 0.999998
v -6.3371 -2.015995 0.999998
v -2.297395 -0.985896 0.999998
v -6.0413 -2.7794 0.999998
v -5.653899 -3.500795 0.999998
v -2.051895 -1.428198 0.999998
v -5.180895 -4.168999 0.999998
v -1.722395 -1.811999 0.999998
v -4.629296 -4.774099 0.999998
v -4.0075 -5.306798 0.999998
v -1.322394 -2.121597 0.999998
v -3.324997 -5.759096 0.999998
v -2.592098 -6.123995 0.999998
v -0.868297 -2.344399 0.999998
v -1.819896 -6.396096 0.999998
v -0.378597 -2.471196 0.999998
v -1.020097 -6.571298 0.999998
v -0.204796 -6.6468 0.999998
v 0.126594 -2.496796 0.999998
v 0.6136 -6.621599 0.999998
v 0.6266 -2.420198 0.999998
v 1.422697 -6.496 0.999998
v 2.210199 -6.272 0.999998
v 1.100999 -2.244496 0.999998
v 2.964198 -5.952799 0.999998
v 3.673195 -5.5435 0.999998
v 1.530295 -1.976895 0.999998
v 4.326599 -5.049997 0.999998
v 1.896899 -1.628398 0.999998
v 4.914397 -4.480099 0.999998
v 5.4277 -3.842198 0.999998
v 2.185899 -1.2133 0.999998
v 5.858695 -3.1461 0.999998
v 6.200897 -2.402299 0.999998
v 2.3853 -0.748396 0.999998
v 6.449097 -1.621997 0.999998
v 4.160594 -5.339598 1.000999
v 4.326599 -5.049997 1.000999
v 4.7867 -4.828798 1.000999
v 4.914397 -4.480099 1.000999
v 4.795497 -4.820597 1.000999
v 4.804199 -4.8123 1.000999
v 4.812794 -4.803895 1.000999
v 5.356496 -4.188996 1.000999
v 5.4277 -3.842198 1.000999
v 5.822199 -3.513097 1.000999
v 5.858695 -3.1461 1.000999
v 6.203097 -2.785998 1.000999
v 6.200897 -2.402299 1.000999
v 6.493598 -2.018296 1.000999
v 6.449097 -1.621997 1.000999
v 6.6895 -1.221096 1.000999
v 6.599599 -0.817197 1.000999
v 6.787896 -0.4062 1.000999
v 6.65 0 1.000999
v 6.7873 0.414598 1.000999
v 6.599599 0.817197 1.000999
v 6.687897 1.229399 1.000999
v 6.449097 1.621997 1.000999
v 6.4911 2.0262 1.000999
v 6.200897 2.402299 1.000999
v 6.199699 2.793598 1.000999
v 5.858695 3.1461 1.000999
v 5.817896 3.520196 1.000999
v 5.4277 3.842198 1.000999
v 5.3514 4.195594 1.000999
v 4.914397 4.480099 1.000999
v 4.806798 4.809796 1.000999
v 4.326599 5.049997 1.000999
v 4.192298 5.353897 1.000999
v 3.673195 5.5435 1.000999
v 3.516697 5.820095 1.000999
v 2.964198 5.952799 1.000999
v 2.789795 6.201398 1.000999
v 2.210199 6.272 1.000999
v 2.022296 6.492298 1.000999
v 1.422697 6.496 1.000999
v 1.225298 6.688696 1.000999
v 0.6136 6.621599 1.000999
v 0.410396 6.787598 1.000999
v -0.204796 6.6468 1.000999
v -0.410396 6.787598 1.000999
v -1.020097 6.571298 1.000999
v -1.225298 6.688696 1.000999
v -1.819896 6.396096 1.000999
v -2.022296 6.492298 1.000999
v -2.592098 6.123995 1.000999
v -2.789795 6.201398 1.000999
v -3.324997 5.759096 1.000999
v -3.516697 5.820095 1.000999
v -4.0075 5.306798 1.000999
v -4.192298 5.353897 1.000999
v -4.629296 4.774099 1.000999
v -4.806798 4.809796 1.000999
v -5.180895 4.168999 1.000999
v -5.3514 4.195594 1.000999
v -5.653899 3.500795 1.000999
v -5.817896 3.520196 1.000999
v -6.0413 2.7794 1.000999
v -6.199699 2.793598 1.000999
v -6.3371 2.015995 1.000999
v -6.4911 2.0262 1.000999
v -6.536799 1.221895 1.000999
v -6.687897 1.229399 1.000999
v -6.6374 0.409395 1.000999
v -6.7873 0.414598 1.000999
v -6.787896 -0.4062 1.000999
v -6.6374 -0.409395 1.000999
v -6.6895 -1.221096 1.000999
v -6.536799 -1.221895 1.000999
v -6.493598 -2.018296 1.000999
v -6.3371 -2.015995 1.000999
v -6.203097 -2.785998 1.000999
v -6.0413 -2.7794 1.000999
v -5.822199 -3.513097 1.000999
v -5.653899 -3.500795 1.000999
v -5.356496 -4.188996 1.000999
v -5.180895 -4.168999 1.000999
v -4.812794 -4.803895 1.000999
v -4.629296 -4.774099 1.000999
v -4.804199 -4.8123 1.000999
v -4.795497 -4.820597 1.000999
v -4.7867 -4.828798 1.000999
v -4.160594 -5.339598 1.000999
v -4.0075 -5.306798 1.000999
v -3.480499 -5.775696 1.000999
v -3.324997 -5.759096 1.000999
v -2.755099 -6.131696 1.000999
v -2.592098 -6.123995 1.000999
v -1.9939 -6.402796 1.000999
v -1.819896 -6.396096 1.000999
v -1.206797 -6.585496 1.000999
v -1.020097 -6.571298 1.000999
v -0.403994 -6.677401 1.000999
v -0.204796 -6.6468 1.000999
v 0.403994 -6.677401 1.000999
v 0.6136 -6.621599 1.000999
v 1.206797 -6.585496 1.000999
v 1.422697 -6.496 1.000999
v 1.9939 -6.402796 1.000999
v 2.210199 -6.272 1.000999
v 2.755099 -6.131696 1.000999
v 2.964198 -5.952799 1.000999
v 3.480499 -5.775696 1.000999
v 3.673195 -5.5435 1.000999
v 4.7867 -4.828798 1.55
v 4.7867 -4.828798 1.000999
v 4.795497 -4.820597 1.55
v 4.795497 -4.820597 1.000999
v 4.804199 -4.8123 1.55
v 4.804199 -4.8123 1.000999
v 4.812794 -4.803895 1.000999
v 4.812794 -4.803895 1.55
v -4.812794 -4.803895 1.55
v -4.812794 -4.803895 1.000999
v -4.804199 -4.8123 1.55
v -4.804199 -4.8123 1.000999
v -4.795497 -4.820597 1.000999
v -4.795497 -4.820597 1.55
v -4.7867 -4.828798 1.000999
v -4.7867 -4.828798 1.55
v 4.812794 -4.803895 1.000999
v 5.356496 -4.188996 1.000999
v 4.812794 -4.803895 1.55
v 5.356496 -4.188996 1.55
v 5.822199 -3.513097 1.000999
v 5.822199 -3.513097 1.55
v 6.203097 -2.785998 1.000999
v 6.203097 -2.785998 1.55
v 6.493598 -2.018296 1.000999
v 6.493598 -2.018296 1.55
v 6.6895 -1.221096 1.000999
v 6.6895 -1.221096 1.55
v 6.787896 -0.4062 1.000999
v 6.787896 -0.4062 1.55
v 6.7873 0.414598 1.000999
v 6.7873 0.414598 1.55
v 6.687897 1.229399 1.000999
v 6.687897 1.229399 1.55
v 6.4911 2.0262 1.000999
v 6.4911 2.0262 1.55
v 6.199699 2.793598 1.000999
v 6.199699 2.793598 1.55
v 5.817896 3.520196 1.000999
v 5.817896 3.520196 1.55
v 5.3514 4.195594 1.000999
v 5.3514 4.195594 1.55
v 4.806798 4.809796 1.000999
v 4.806798 4.809796 1.55
v 4.192298 5.353897 1.000999
v 4.192298 5.353897 1.55
v 3.516697 5.820095 1.000999
v 3.516697 5.820095 1.55
v 2.789795 6.201398 1.000999
v 2.789795 6.201398 1.55
v 2.022296 6.492298 1.000999
v 2.022296 6.492298 1.55
v 1.225298 6.688696 1.000999
v 1.225298 6.688696 1.55
v 0.410396 6.787598 1.000999
v 0.410396 6.787598 1.55
v -0.410396 6.787598 1.55
v -0.410396 6.787598 1.000999
v -1.225298 6.688696 1.55
v -1.225298 6.688696 1.000999
v -2.022296 6.492298 1.55
v -2.022296 6.492298 1.000999
v -2.789795 6.201398 1.55
v -2.789795 6.201398 1.000999
v -3.516697 5.820095 1.55
v -3.516697 5.820095 1.000999
v -4.192298 5.353897 1.55
v -4.192298 5.353897 1.000999
v -4.806798 4.809796 1.55
v -4.806798 4.809796 1.000999
v -5.3514 4.195594 1.55
v -5.3514 4.195594 1.000999
v -5.817896 3.520196 1.55
v -5.817896 3.520196 1.000999
v -6.199699 2.793598 1.55
v -6.199699 2.793598 1.000999
v -6.4911 2.0262 1.55
v -6.4911 2.0262 1.000999
v -6.687897 1.229399 1.55
v -6.687897 1.229399 1.000999
v -6.7873 0.414598 1.55
v -6.7873 0.414598 1.000999
v -6.787896 -0.4062 1.55
v -6.787896 -0.4062 1.000999
v -6.6895 -1.221096 1.55
v -6.6895 -1.221096 1.000999
v -6.493598 -2.018296 1.55
v -6.493598 -2.018296 1.000999
v -6.203097 -2.785998 1.55
v -6.203097 -2.785998 1.000999
v -5.822199 -3.513097 1.55
v -5.822199 -3.513097 1.000999
v -5.356496 -4.188996 1.55
v -5.356496 -4.188996 1.000999
v -4.812794 -4.803895 1.55
v -4.812794 -4.803895 1.000999
v -4.7867 -4.828798 1.000999
v -4.160594 -5.339598 1.000999
v -4.7867 -4.828798 1.55
v -4.160594 -5.339598 1.55
v -3.480499 -5.775696 1.000999
v -3.480398 -5.775696 1.55
v -2.755099 -6.131696 1.000999
v -2.755099 -6.131696 1.55
v -1.9939 -6.402796 1.000999
v -1.9939 -6.402796 1.55
v -1.206797 -6.585496 1.000999
v -1.206797 -6.585496 1.55
v -0.403994 -6.677401 1.000999
v -0.403994 -6.677401 1.55
v 0.403994 -6.677401 1.55
v 0.403994 -6.677401 1.000999
v 1.206797 -6.585496 1.55
v 1.206797 -6.585496 1.000999
v 1.9939 -6.402796 1.55
v 1.9939 -6.402796 1.000999
v 2.755099 -6.131696 1.55
v 2.755099 -6.131696 1.000999
v 3.480398 -5.775696 1.55
v 3.480499 -5.775696 1.000999
v 4.160594 -5.339598 1.55
v 4.160594 -5.339598 1.000999
v 4.7867 -4.828798 1.55
v 4.7867 -4.828798 1.000999
v -3.809595 -8.115196 12.826597
v -3.702998 -8.163899 12.669395
v -3.855496 -8.273798 13.574301
v -3.757596 -8.402198 13.774895
v -3.897297 -8.343696 13.993596
v -3.8046 -8.4926 14.325999
v -3.982597 -8.425796 14.644896
v -3.862398 -8.5635 14.874505
v -4.0829 -8.478498 15.280103
v -3.929096 -8.6151 15.419399
v -4.191994 -8.5056 15.898799
v -4.002398 -8.647996 15.960704
v -4.0802 -8.662998 16.498398
v -3.708595 -8.900499 16.584395
v -3.784298 -8.895295 17.157601
v -3.391599 -9.106796 17.271995
v -3.464096 -9.077 17.882203
v -3.050196 -9.260195 18.019306
v -3.117996 -9.200298 18.664598
v -2.682197 -9.352898 18.816601
v -2.743697 -9.256696 19.492303
v -2.284997 -9.3777 19.649505
v -2.652597 -9.167796 20.227896
v -2.3247 -9.241795 20.352601
v -2.020394 -9.300398 20.451998
v -1.812195 -9.476 19.778704
v -1.480495 -9.381896 20.591604
v -1.328098 -9.551298 19.878506
v -1.314997 -9.4015 20.625304
v -0.917596 -9.596198 19.938301
v -0.973797 -9.434199 20.681905
v -0.662297 -9.455299 20.718395
v -0.502896 -9.624499 19.976198
v -0.0001 -9.473395 20.749997
v -0.0859 -9.6363 19.992005
v 0.331497 -9.631496 19.985496
v -0.0837 -9.758597 19.229805
v 0.323099 -9.7534 19.224404
v -0.0816 -9.842699 18.468296
v 0.314897 -9.837299 18.464099
v -0.0796 -9.891897 17.712497
v 0.307196 -9.8863 17.709302
v -0.0777 -9.909498 16.9667
v 0.299996 -9.9038 16.964494
v -0.076 -9.8989 16.2351
v 0.293398 -9.893298 16.233801
v -0.0745 -9.863698 15.521394
v 0.287497 -9.858095 15.520905
v -0.0732 -9.807395 14.829206
v 0.282496 -9.801799 14.829504
v -0.0721 -9.7332 14.161204
v 0.278395 -9.727597 14.161896
v -0.0714 -9.6439 13.516199
v 0.275397 -9.638196 13.517498
v -0.0707 -9.427797 12.2882
v 0.2729 -9.421998 12.289905
v -0.0713 -9.171098 11.128198
v 0.275195 -9.165096 11.130296
v -0.0725 -8.955895 10.292696
v 0.279695 -8.949595 10.294794
v -0.0742 -8.723598 9.478401
v 0.286198 -8.717095 9.480499
v -0.0783 -8.217799 7.883703
v 0.301999 -8.2107 7.885598
v -0.081 -7.864999 6.832098
v 0.312698 -7.857596 6.833803
v -0.0834 -7.519298 5.784201
v 0.321996 -7.5118 5.785703
v -0.0852 -7.201695 4.734801
v 0.328696 -7.194095 4.735999
v -0.0861 -6.937295 3.679197
v 0.332099 -6.929695 3.680097
v -0.0861 -6.834095 3.1484
v 0.332296 -6.826698 3.149002
v -0.0859 -6.755596 2.615898
v 0.331497 -6.7483 2.616297
v -0.0854 -6.705796 2.082597
v 0.329494 -6.698697 2.0828
v 0.403994 -6.677401 1.55
v 0.743097 -6.667196 2.0837
v 1.206797 -6.585496 1.55
v 1.153898 -6.611496 2.085297
v 1.560199 -6.531995 2.087699
v 1.567995 -6.578695 2.626001
v 1.9692 -6.474095 2.632098
v 1.972097 -6.548297 3.172403
v 2.364695 -6.418997 3.183602
v 2.360498 -6.517398 3.725599
v 2.741098 -6.364196 3.743302
v 2.708798 -6.621599 4.827302
v 3.071296 -6.444799 4.8568
v 3.007495 -6.764996 5.937599
v 3.348499 -6.567597 5.979501
v 3.257095 -6.930798 7.057797
v 3.574699 -6.716299 7.111298
v 3.464394 -7.106298 8.188604
v 3.758597 -6.878697 8.251904
v 3.591495 -7.479 9.871994
v 3.861898 -7.248699 9.943997
v 3.797298 -7.541799 10.759996
v 3.897398 -7.394999 10.589301
v 3.8338 -7.669198 11.328601
v -3.802698 -7.912099 12.075602
v -3.7063 -7.855695 11.566698
v -3.370296 -8.404797 12.598502
v -3.378295 -8.105695 11.485099
v -3.021198 -8.622395 12.533902
v -3.032398 -8.3319 11.4107
v -2.657496 -8.815497 12.476002
v -2.670395 -8.532899 11.344098
v -2.281296 -8.983498 12.4251
v -2.2946 -8.707797 11.285602
v -1.894396 -9.125399 12.381803
v -1.906895 -8.855599 11.235796
v -1.498597 -9.240597 12.346398
v -1.509594 -8.975696 11.195098
v -1.096099 -9.328597 12.319099
v -1.104599 -9.067499 11.163699
v -0.756299 -9.380996 12.302803
v -0.762397 -9.122198 11.144995
v -0.414199 -9.4141 12.292503
v -0.417596 -9.156697 11.133205
v -3.8338 -7.669198 11.328601
v -3.745096 -7.587099 10.745298
v -3.417599 -7.846695 10.660898
v -3.070795 -8.081597 10.5839
v -2.7067 -8.290696 10.514997
v -2.327597 -8.4728 10.454701
v -1.935595 -8.6268 10.403406
v -1.533097 -8.752 10.361396
v -1.122295 -8.847796 10.329198
v -0.774795 -8.904898 10.309898
v -0.424397 -8.940899 10.297703
v -3.897398 -7.394999 10.589301
v -3.809499 -7.295697 9.929298
v -3.479999 -7.565701 9.844803
v -3.129798 -7.810395 9.767996
v -2.761095 -8.028298 9.699296
v -2.376198 -8.218395 9.639203
v -1.9773 -8.379298 9.588205
v -1.567 -8.510196 9.546505
v -1.147598 -8.610498 9.514605
v -0.792497 -8.670198 9.495496
v -0.434196 -8.708 9.483503
v -4.091 -6.7914 9.137606
v -3.982597 -6.683397 8.306502
v -3.643596 -6.971299 8.226096
v -3.281795 -7.232898 8.153402
v -2.899295 -7.466697 8.088802
v -2.4984 -7.671099 8.032595
v -2.081495 -7.844597 7.985102
v -1.651096 -7.986199 7.946502
v -1.210194 -8.0949 7.916998
v -0.836098 -8.159697 7.899403
v -0.458199 -8.200699 7.888304
v -4.316395 -6.1809 7.697999
v -4.423397 -5.895596 6.969606
v -4.106497 -6.282895 7.220899
v -4.519897 -5.633699 6.229996
v -4.220795 -5.912595 6.122898
v -4.598498 -5.405497 5.475997
v -4.314798 -5.593699 5.006801
v -4.667198 -5.2064 4.711198
v -4.380697 -5.347198 3.870301
v -4.727596 -5.038595 3.936099
v -4.766196 -4.918795 3.148299
v -4.4016 -5.257296 3.294902
v -4.783296 -4.850298 2.351599
v -4.414397 -5.192399 2.7157
v -4.419296 -5.154597 2.133702
v -4.028296 -5.483895 2.695297
v -4.028296 -5.446195 2.123099
v -3.620797 -5.749195 2.677499
v -3.616994 -5.710899 2.114003
v -3.193598 -5.986899 2.662002
v -3.186994 -5.947095 2.105998
v -2.748596 -6.195199 2.648901
v -2.740198 -6.153595 2.099298
v -2.287799 -6.3726 2.638101
v -2.2789 -6.328898 2.093803
v -1.813596 -6.517601 2.6295
v -1.805198 -6.471896 2.089499
v -1.328599 -6.629198 2.623098
v -1.321697 -6.581699 2.086197
v -0.917697 -6.695801 2.619301
v -0.912595 -6.647199 2.084302
v -0.502896 -6.738096 2.616899
v -0.5 -6.6886 2.083003
v -4.7867 -4.828798 1.55
v -4.160594 -5.339598 1.55
v -3.480398 -5.775696 1.55
v -2.755099 -6.131696 1.55
v -1.9939 -6.402796 1.55
v -1.206797 -6.585496 1.55
v -0.403994 -6.677401 1.55
v 1.9939 -6.402796 1.55
v 1.960498 -6.428998 2.090799
v 2.3624 -6.346398 2.639698
v 2.746999 -6.267297 3.197198
v 3.109598 -6.189399 3.764003
v 3.419995 -6.247299 4.890399
v 3.674495 -6.350296 6.026303
v 3.876596 -6.482899 7.170104
v 4.036396 -6.633299 8.320498
v 4.091 -6.7914 9.137606
v 2.353399 -6.303095 2.094602
v 2.755099 -6.131696 1.55
v 2.737498 -6.154799 2.099298
v 3.111398 -5.984795 2.1048
v 3.118395 -6.024795 2.6596
v 3.478795 -5.832594 2.671998
v 3.475797 -5.900299 3.231101
v 3.819894 -5.687099 3.251701
v 3.805696 -5.779397 3.814303
v 4.131299 -5.546396 3.844099
v 4.071897 -5.794894 4.970198
v 4.373198 -5.542296 5.016302
v 4.277598 -5.860996 6.134497
v 4.598498 -5.405497 5.475997
v 4.519897 -5.633699 6.229996
v 3.480398 -5.775696 1.55
v 3.473895 -5.793797 2.1111
v 3.825896 -5.6207 2.6861
v 4.149097 -5.455499 3.274702
v 4.440796 -5.2962 3.877102
v 4.667198 -5.2064 4.711198
v 3.8239 -5.582797 2.118402
v 4.160594 -5.339598 1.55
v 4.160195 -5.352497 2.126502
v 4.481899 -5.103796 2.135502
v 4.476195 -5.141794 2.719401
v 4.783296 -4.850298 2.351599
v 4.766196 -4.918795 3.148299
v 4.7867 -4.828798 1.55
v 4.462599 -5.206495 3.300201
v 4.727494 -5.038595 3.936099
v 4.423397 -5.895596 6.969606
v 4.161697 -6.2316 7.234
v 3.984498 -6.114399 6.078004
v 4.316395 -6.1809 7.697999
v 3.758698 -7.8121 11.580895
v 3.802698 -7.912099 12.075697
v 3.756397 -8.121895 12.681698
v 3.809595 -8.115196 12.826597
v 3.855496 -8.273899 13.574301
v 3.897398 -8.343696 13.993596
v 3.812599 -8.360898 13.783299
v 3.482395 -8.327496 12.621294
v 3.488999 -8.025497 11.511396
v 3.528398 -7.763296 10.688101
v 3.860598 -8.451199 14.331399
v 3.982597 -8.425796 14.644896
v 3.9195 -8.521997 14.875995
v 4.0829 -8.478498 15.279995
v 3.987199 -8.5734 15.416204
v 4.191994 -8.5056 15.898799
v 4.061496 -8.606296 15.951895
v 4.3042 -8.510798 16.503405
v 4.140198 -8.6214 16.483497
v 4.221099 -8.619695 17.011296
v 3.833496 -8.824396 16.556703
v 3.910797 -8.820098 17.117404
v 3.515696 -9.011298 16.624998
v 3.5887 -9.004598 17.216503
v 3.187596 -9.181797 16.688
v 3.255599 -9.172898 17.308103
v 2.849996 -9.335297 16.745495
v 2.912294 -9.324395 17.391502
v 2.503699 -9.471398 16.797101
v 2.559697 -9.458899 17.466306
v 2.149599 -9.589797 16.842305
v 2.198696 -9.575897 17.532002
v 1.788794 -9.689998 16.881
v 1.830297 -9.6749 17.588102
v 1.422297 -9.7718 16.912805
v 1.455795 -9.755796 17.6342
v 1.051199 -9.834897 16.937398
v 1.076197 -9.8181 17.669999
v 0.676697 -9.878897 16.954695
v 0.692898 -9.861695 17.695104
v 4.518097 -8.468097 17.6818
v 4.302096 -8.6021 17.535805
v 3.989195 -8.797395 17.676698
v 3.663694 -8.977299 17.808401
v 3.326195 -9.141397 17.930197
v 2.977496 -9.289199 18.041204
v 2.6187 -9.420299 18.140697
v 2.250599 -9.5344 18.228101
v 1.874399 -9.630995 18.302797
v 1.491498 -9.7099 18.364202
v 1.102995 -9.770697 18.411802
v 0.710297 -9.813296 18.445205
v 4.380595 -8.5693 18.057596
v 4.684096 -8.371996 18.838095
v 4.454296 -8.5222 18.577098
v 4.694294 -8.361995 18.942701
v 4.265296 -8.594799 19.3004
v 4.141098 -8.697998 18.789803
v 3.848797 -8.7825 19.596898
v 3.812295 -8.859699 18.989002
v 3.468596 -9.007096 19.173502
v 3.397697 -9.0864 18.5526
v 3.044199 -9.228098 18.692194
v 3.703695 -8.840495 19.689905
v 3.421795 -8.943396 19.856702
v 3.1111 -9.1398 19.342004
v 3.151398 -9.0312 20.0006
v 2.740895 -9.257495 19.493305
v 2.894395 -9.105396 20.1236
v 2.652597 -9.167796 20.228004
v 2.359199 -9.3598 19.626199
v 2.569895 -9.187597 20.261203
v 2.254998 -9.2561 20.376801
v 1.9674 -9.446495 19.739806
v 1.952999 -9.312099 20.471906
v 1.567095 -9.5173 19.833302
v 1.469296 -9.383296 20.594095
v 1.159799 -9.571796 19.905805
v 1.314896 -9.4015 20.6254
v 0.973797 -9.4343 20.682
v 0.747299 -9.609997 19.956695
v 0.662094 -9.455496 20.718705
v -2.684396 -9.16 20.214795
v -3.168898 -9.0258 19.991802
v -3.185898 -9.1138 19.308805
v -3.430998 -8.940297 19.8516
v -3.609299 -8.949196 19.100796
v -3.703796 -8.840495 19.689905
v -3.848898 -8.7825 19.596898
v -4.012298 -8.763796 18.870603
v -4.264998 -8.5949 19.300496
v -4.393398 -8.558195 18.620299
v -4.694294 -8.361995 18.942701
v -4.691195 -8.365195 18.907796
v -4.687798 -8.368599 18.872904
v -4.684096 -8.371996 18.838095
v -4.518097 -8.468097 17.6818
v -4.319399 -8.607596 18.093502
v -3.938096 -8.826899 18.301403
v -3.537195 -9.024697 18.492304
v -4.3042 -8.510798 16.5035
v -4.160499 -8.660697 17.032897
v -4.240995 -8.642095 17.564498
v -4.020196 -5.549597 3.265302
v -3.616696 -5.8164 3.239202
v -3.192597 -6.055796 3.216498
v -2.749794 -6.266099 3.197299
v -2.290296 -6.445497 3.181302
v -1.8166 -6.5925 3.1686
v -1.331394 -6.705695 3.158998
v -0.919896 -6.773298 3.153401
v -0.504094 -6.816196 3.149801
v -4.0039 -5.640995 3.831898
v -3.604495 -5.909496 3.798102
v -3.183799 -6.150799 3.768598
v -2.743798 -6.362998 3.743397
v -2.286398 -6.544196 3.7225
v -1.814299 -6.692695 3.7059
v -1.330196 -6.807196 3.6933
v -0.919199 -6.875699 3.685801
v -0.503796 -6.919199 3.681098
v -3.947597 -5.8905 4.953002
v -3.556895 -6.161898 4.905199
v -3.144198 -6.4058 4.863398
v -2.711498 -6.620395 4.827498
v -2.260696 -6.803798 4.797499
v -1.794695 -6.954097 4.773401
v -1.316195 -7.069998 4.755198
v -0.909698 -7.139396 4.744398
v -0.498694 -7.183396 4.737603
v -3.8634 -6.210297 6.056904
v -3.482198 -6.481999 5.9978
v -3.0788 -6.726098 5.945896
v -2.655398 -6.9404 5.901002
v -2.214199 -7.123297 5.863403
v -1.7578 -7.273095 5.8331
v -1.289099 -7.388401 5.810105
v -0.891 -7.457399 5.796396
v -0.488394 -7.501095 5.787801
v -3.758698 -6.5777 7.146095
v -3.387397 -6.846398 7.078802
v -2.994298 -7.087099 7.019304
v -2.581799 -7.297998 6.967699
v -2.152198 -7.477498 6.924199
v -1.708096 -7.624298 6.889104
v -1.252394 -7.737195 6.862198
v -0.865495 -7.804596 6.846296
v -0.474399 -7.847297 6.836199
v -3.415799 -8.639198 13.726806
v -3.058695 -8.853095 13.682901
v -2.688199 -9.0429 13.643502
v -2.305996 -9.207797 13.609098
v -1.913797 -9.347099 13.579701
v -1.513397 -9.460097 13.555705
v -1.106494 -9.5465 13.537203
v -0.763398 -9.597897 13.5262
v -0.417995 -9.630399 13.519203
v -3.456997 -8.729499 14.295196
v -3.094595 -8.9432 14.267205
v -2.719098 -9.132796 14.2421
v -2.331995 -9.297496 14.220106
v -1.9351 -9.436696 14.201402
v -1.530098 -9.549599 14.186203
v -1.1186 -9.635895 14.174401
v -0.771695 -9.687298 14.167403
v -0.422496 -9.7198 14.163004
v -3.508698 -8.800995 14.865803
v -3.1403 -9.015196 14.857899
v -2.758896 -9.205299 14.850997
v -2.366 -9.370398 14.845001
v -1.963299 -9.509897 14.839899
v -1.552295 -9.623199 14.835905
v -1.134896 -9.709799 14.832698
v -0.782895 -9.761297 14.830898
v -0.428694 -9.793895 14.829694
v -3.568994 -8.853399 15.4379
v -3.194397 -9.068298 15.454899
v -2.806597 -9.259098 15.470301
v -2.407097 -9.424799 15.483998
v -1.997494 -9.564799 15.495705
v -1.5796 -9.678596 15.505396
v -1.154899 -9.765595 15.512895
v -0.796795 -9.817397 15.517401
v -0.4363 -9.850198 15.520202
v -3.636199 -8.886599 16.010903
v -3.255295 -9.101796 16.057097
v -2.860695 -9.292799 16.098701
v -2.454096 -9.458798 16.135298
v -2.036994 -9.599196 16.166698
v -1.611095 -9.713196 16.192495
v -1.178199 -9.800499 16.212403
v -0.812995 -9.852397 16.224395
v -0.445199 -9.885299 16.231905
v -3.861397 -8.870697 17.730199
v -3.321498 -9.114897 16.663205
v -2.983796 -9.2947 17.375099
v -2.621299 -9.4195 18.1401
v -2.231597 -9.482097 18.946599
v -2.920198 -9.305095 16.734206
v -2.506196 -9.470498 16.796803
v -2.080994 -9.610396 16.850304
v -1.646494 -9.724199 16.894197
v -1.204395 -9.811198 16.928195
v -0.831097 -9.863096 16.948496
v -0.455195 -9.895795 16.961299
v -2.562296 -9.457999 17.465805
v -2.179199 -9.554195 18.243395
v -1.768499 -9.587198 19.053506
v -2.128696 -9.596198 17.543506
v -1.684898 -9.708595 17.607295
v -1.232898 -9.7947 17.656504
v -0.850999 -9.845995 17.685997
v -0.466096 -9.878396 17.7047
v -1.725798 -9.663897 18.328296
v -1.295298 -9.6677 19.135999
v -1.263397 -9.747898 18.393897
v -0.872296 -9.7979 18.433105
v -0.477898 -9.829497 18.457996
v -0.894594 -9.7157 19.185399
v -0.490195 -9.745997 19.216703
v 0.747395 -6.716197 2.618097
v 1.160198 -6.659597 2.621298
v 0.749195 -6.793999 3.151702
v 1.162695 -6.736499 3.1565
v 1.570898 -6.654399 3.163301
v 0.7487 -6.896698 3.683602
v 1.1617 -6.838399 3.689902
v 1.569199 -6.755399 3.698902
v 1.969397 -6.647998 3.710799
v 0.740999 -7.160598 4.741203
v 1.149594 -7.101595 4.750299
v 1.552498 -7.017499 4.7634
v 1.947796 -6.908899 4.780602
v 2.333796 -6.776696 4.801898
v 0.7258 -7.478499 5.792295
v 1.125997 -7.419896 5.803799
v 1.520597 -7.336199 5.8205
v 1.9077 -7.227998 5.842196
v 2.285695 -7.096296 5.868899
v 2.6528 -6.941598 5.900799
v 0.704998 -7.825195 6.841504
v 1.093798 -7.767897 6.854998
v 1.477396 -7.686096 6.874405
v 1.853996 -7.580196 6.899594
v 2.221798 -7.450997 6.930601
v 2.5792 -7.299196 6.967401
v 2.924799 -7.125395 7.009803
v 0.680995 -8.179497 7.894002
v 1.056796 -8.124399 7.908904
v 1.427799 -8.045697 7.930302
v 1.792395 -7.943695 7.958101
v 2.148997 -7.818996 7.9921
v 2.495896 -7.672196 8.032297
v 2.831697 -7.503896 8.078598
v 3.154999 -7.314997 8.130704
v 0.645399 -8.688396 9.489702
v 1.001995 -8.637696 9.505903
v 1.354497 -8.565098 9.529101
v 1.701599 -8.470898 9.558999
v 2.0419 -8.355599 9.595703
v 2.373796 -8.219397 9.638905
v 2.696096 -8.063 9.6884
v 3.007298 -7.886999 9.743904
v 3.306299 -7.691997 9.805202
v 0.630897 -8.922195 10.303997
v 0.979698 -8.873796 10.3204
v 1.324898 -8.8045 10.343801
v 1.665097 -8.714497 10.373997
v 1.998996 -8.604097 10.410904
v 2.325195 -8.473795 10.454403
v 2.642595 -8.323895 10.504102
v 2.949798 -8.155095 10.559796
v 3.245395 -7.967996 10.621201
v 0.620794 -9.138798 11.139297
v 0.964195 -9.092396 11.155199
v 1.304197 -9.025996 11.177896
v 1.639795 -8.939695 11.207305
v 1.969498 -8.833795 11.243104
v 2.292299 -8.708697 11.285304
v 2.606797 -8.5648 11.333405
v 2.911895 -8.402496 11.387395
v 3.206396 -8.222597 11.446797
v 0.615698 -9.396898 12.297796
v 0.956595 -9.352499 12.311696
v 1.294499 -9.288799 12.331401
v 1.628196 -9.205996 12.356996
v 1.956796 -9.104496 12.388205
v 2.278995 -8.984398 12.424897
v 2.593797 -8.846199 12.466704
v 2.899998 -8.690297 12.513601
v 3.196597 -8.517199 12.565195
v 0.621396 -9.613496 13.522803
v 0.965595 -9.569895 13.532197
v 1.306998 -9.507399 13.545596
v 1.644396 -9.4262 13.562905
v 1.976996 -9.326601 13.584005
v 2.303695 -9.208697 13.608896
v 2.623397 -9.072995 13.637303
v 2.935194 -8.9199 13.669096
v 3.237998 -8.7498 13.704096
v 3.5308 -8.563196 13.742303
v 0.628197 -9.702998 14.165305
v 0.976199 -9.659397 14.171301
v 1.321297 -9.596896 14.179801
v 1.6626 -9.515798 14.190804
v 1.999098 -9.416198 14.204203
v 2.329695 -9.298497 14.219998
v 2.653396 -9.162896 14.238094
v 2.969294 -9.009897 14.2583
v 3.276497 -8.84 14.2807
v 3.5739 -8.653497 14.305102
v 0.637394 -9.776997 14.830302
v 0.990397 -9.733295 14.8319
v 1.340597 -9.670597 14.8342
v 1.686799 -9.589195 14.837097
v 2.028197 -9.489399 14.840697
v 2.363598 -9.371298 14.844905
v 2.692198 -9.235399 14.8499
v 3.013098 -9.082096 14.855503
v 3.325098 -8.911699 14.861702
v 3.627598 -8.724898 14.868497
v 0.648695 -9.833198 15.518795
v 1.007896 -9.789299 15.514897
v 1.364099 -9.726297 15.509497
v 1.716399 -9.644496 15.5025
v 2.063494 -9.544199 15.494
v 2.4046 -9.425699 15.483998
v 2.738696 -9.2893 15.472805
v 3.0649 -9.135395 15.460299
v 3.382295 -8.964496 15.446602
v 3.689998 -8.776998 15.431904
v 0.661898 -9.868299 16.228103
v 1.028299 -9.824198 16.217898
v 1.391595 -9.760999 16.203403
v 1.7506 -9.678995 16.184699
v 2.1043 -9.578496 16.162097
v 2.451598 -9.459698 16.135501
v 2.791696 -9.323096 16.105305
v 3.123599 -9.169 16.071605
v 3.4464 -8.997797 16.034698
v 3.759294 -8.810096 15.994703
v 0.7285 -9.730398 19.200598
v 1.130998 -9.689599 19.158601
v 1.528799 -9.631299 19.098603
v 1.920396 -9.555697 19.021296
v 2.304399 -9.463095 18.927394
v 2.679497 -9.353798 18.8174
v 2.745896 -6.196397 2.648901
v 3.117799 -6.094098 3.212999
v 3.4648 -5.994099 3.7876
v 3.7539 -6.030297 4.9282
v 4.158598 -5.390095 2.7018
v 3.738796 -8.929097 18.399703
v 4.066699 -8.756595 18.2343
v 3.793096 -7.674396 13.492404
v 3.917896 -7.847797 13.643395
v 3.851395 -7.707697 13.089704
v 3.854596 -7.686096 12.922799
v 3.7512 -7.587498 13.106202
v 3.821396 -7.569897 12.540196
v 3.716295 -7.452696 12.559699
v 3.833597 -7.497 12.192201
v 3.812199 -7.414996 11.998998
v 3.855794 -7.281398 11.456703
v 3.822797 -7.245695 11.467206
v 3.851497 -7.064598 10.945903
v 3.714299 -7.131695 11.492299
v 3.744399 -6.9503 10.973703
v 3.601896 -7.024395 11.516499
v 3.633499 -6.8421 11.000597
v 3.492599 -6.929296 11.538803
v 3.525894 -6.745696 11.025404
v 3.380697 -6.8403 11.560797
v 3.415596 -6.654798 11.049794
v 3.266698 -6.757199 11.582397
v 3.3032 -6.569296 11.073898
v 3.150898 -6.679999 11.603903
v 3.188997 -6.489098 11.097502
v 3.033697 -6.608498 11.625003
v 3.073298 -6.413996 11.120903
v 2.915596 -6.542199 11.645996
v 2.956598 -6.343799 11.143898
v 2.7969 -6.480801 11.666595
v 2.838897 -6.278097 11.166405
v 2.677798 -6.423997 11.686801
v 2.720695 -6.216698 11.188601
v 2.558499 -6.371295 11.706602
v 2.601897 -6.159096 11.210095
v 2.439194 -6.322497 11.725902
v 2.482795 -6.105095 11.2311
v 2.319794 -6.277096 11.744498
v 2.363395 -6.054496 11.251306
v 2.200394 -6.234896 11.762499
v 2.243596 -6.006896 11.270796
v 2.080994 -6.195497 11.779701
v 2.123498 -5.9623 11.289405
v 1.961499 -6.158798 11.795997
v 2.002894 -5.920296 11.307096
v 1.841896 -6.124496 11.811506
v 1.881897 -5.880898 11.323797
v 1.721996 -6.092399 11.826002
v 1.760399 -5.843895 11.339604
v 1.601797 -6.062597 11.839496
v 1.638197 -5.809396 11.354195
v 1.481097 -6.034797 11.851906
v 1.5154 -5.777096 11.367797
v 1.359897 -6.009095 11.863398
v 1.391899 -5.747199 11.380195
v 1.238095 -5.985397 11.873697
v 1.2676 -5.719596 11.391496
v 1.142495 -5.694395 11.4017
v 1.312595 -5.403399 10.918497
v 1.183199 -5.373895 10.9295
v 1.372295 -5.035197 10.4573
v 1.237195 -5.000597 10.468995
v 1.445895 -4.613798 10.010897
v 1.303595 -4.573094 10.023295
v 1.533895 -4.132097 9.577703
v 1.382994 -4.084295 9.590804
v 1.634895 -3.596997 9.167694
v 1.473999 -3.540998 9.181797
v 1.731598 -3.098899 8.837604
v 1.560997 -3.035295 8.852695
v 1.837199 -2.568095 8.527802
v 1.656198 -2.496099 8.544003
v 1.971495 -1.912599 8.189999
v 1.7771 -1.830095 8.207904
v 2.117699 -1.224499 7.871806
v 1.908695 -1.130795 7.891499
v 2.346599 -0.198996 7.430505
v 2.114599 -0.0882 7.452797
v 2.495098 0.4327 7.159196
v 2.248197 0.554097 7.182704
v 2.6519 1.070797 6.872605
v 2.389198 1.203197 6.897103
v 2.816897 1.710599 6.562399
v 2.537596 1.854097 6.587397
v 2.990198 2.346098 6.220697
v 2.693498 2.500796 6.245505
v 3.165698 2.962297 5.838799
v 2.8521 3.129094 5.862795
v 3.337299 3.542399 5.408203
v 3.008896 3.722995 5.4309
v 3.505098 4.073995 4.921102
v 3.163897 4.269999 4.941999
v 3.668999 4.540896 4.370599
v 3.317099 4.7535 4.388701
v 3.749597 4.743498 4.069798
v 3.393095 4.964798 4.086303
v 3.829199 4.921299 3.751801
v 3.468596 5.151498 3.766399
v 3.946799 5.133897 3.243201
v 3.581094 5.377495 3.254597
v 4.062396 5.2706 2.700697
v 3.692597 5.527597 2.7085
v 4.175895 5.320799 2.132403
v 3.803294 5.590999 2.136301
v 4.192298 5.353897 1.55
v 3.516697 5.820095 1.55
v 3.9168 -7.043498 10.720002
v 3.896194 -6.874597 10.435604
v 3.792697 -6.758296 10.466205
v 3.685396 -6.647396 10.495996
v 3.581094 -6.5476 10.523497
v 3.474098 -6.452697 10.550403
v 3.364598 -6.362497 10.576796
v 3.253096 -6.277096 10.602795
v 3.139799 -6.196194 10.628306
v 3.024899 -6.119596 10.653304
v 2.908694 -6.047195 10.677694
v 2.791398 -5.978596 10.701596
v 2.673095 -5.9138 10.724699
v 2.553898 -5.852395 10.747205
v 2.433794 -5.794399 10.768901
v 2.312797 -5.739498 10.789596
v 2.190995 -5.687695 10.809504
v 2.068299 -5.638694 10.828399
v 1.944696 -5.592596 10.846197
v 1.820194 -5.549299 10.863005
v 1.694798 -5.508697 10.878598
v 1.568394 -5.4708 10.893106
v 1.440995 -5.435699 10.906397
v 4.1233 -6.5292 9.249996
v 3.954195 -6.678199 9.936797
v 3.856694 -6.558096 9.970604
v 3.755199 -6.442296 10.003399
v 3.655999 -6.3371 10.033797
v 3.553795 -6.235796 10.063397
v 3.448796 -6.138497 10.092401
v 3.341096 -6.045097 10.120796
v 3.231096 -5.955696 10.148596
v 3.118795 -5.870199 10.175597
v 3.004497 -5.788397 10.201894
v 2.888298 -5.710196 10.2275
v 2.770298 -5.635499 10.252296
v 2.650696 -5.564397 10.276197
v 2.5294 -5.496597 10.299098
v 2.406597 -5.4322 10.321104
v 2.282196 -5.371099 10.342096
v 2.156394 -5.313295 10.362004
v 2.029097 -5.258798 10.380804
v 1.900398 -5.207496 10.398494
v 1.770299 -5.159395 10.415005
v 1.638895 -5.114698 10.430299
v 1.506197 -5.073195 10.444497
v 4.367297 -6.017696 7.7708
v 4.175299 -6.4107 8.926903
v 4.101794 -6.2743 8.969199
v 4.0232 -6.478196 9.449803
v 3.933894 -6.351995 9.487103
v 4.568296 -5.550599 6.264102
v 4.453498 -5.7181 7.212495
v 4.376298 -5.896097 7.662701
v 4.310995 -6.0543 8.054601
v 4.265499 -5.898594 8.107602
v 4.1875 -6.070995 8.500504
v 4.122596 -5.924999 8.5474
v 4.023498 -6.139498 9.010803
v 3.940397 -6.0063 9.051501
v 3.840398 -6.228899 9.523498
v 3.748399 -6.115698 9.557103
v 4.648095 -5.336797 5.502104
v 4.640996 -5.323296 6.142401
v 4.530996 -5.548495 6.768595
v 4.4456 -5.536597 7.281195
v 4.346996 -5.729097 7.722305
v 4.311394 -5.558794 7.781695
v 4.214298 -5.741196 8.160197
v 4.156994 -5.582296 8.211898
v 4.052394 -5.779099 8.593499
v 3.980797 -5.641698 8.635901
v 3.857499 -5.8824 9.089004
v 3.770399 -5.7603 9.125506
v 3.652697 -6.005495 9.589898
v 3.553599 -5.898296 9.621905
v 4.711395 -5.155295 4.7289
v 4.770195 -5.083698 5.397295
v 4.706096 -5.198997 5.769395
v 4.696995 -5.102199 6.236505
v 4.547399 -5.351197 6.8475
v 4.555797 -5.1458 6.926404
v 4.430699 -5.349397 7.3498
v 4.407697 -5.156797 7.417296
v 4.268795 -5.385196 7.840096
v 4.221695 -5.218899 7.8938
v 4.0968 -5.4313 8.259498
v 4.0304 -5.279695 8.305596
v 3.903996 -5.5049 8.6771
v 3.821694 -5.3689 8.716904
v 3.678798 -5.640196 9.160995
v 3.582894 -5.522495 9.195398
v 3.451097 -5.794399 9.652995
v 3.3454 -5.693596 9.683203
v 4.752498 -5.013197 3.9429
v 4.952394 -4.795795 4.2773
v 4.894995 -4.882794 4.652201
v 4.833197 -4.978096 5.0251
v 4.975295 -4.713797 5.1418
v 4.881495 -4.833495 5.507695
v 4.981195 -4.565399 5.619096
v 4.8608 -4.712599 5.975496
v 4.920095 -4.447597 6.077503
v 4.778695 -4.623699 6.424104
v 4.799795 -4.382497 6.509398
v 4.544395 -4.724699 7.0755
v 4.523295 -4.511398 7.1442
v 4.338896 -4.7809 7.5392
v 4.290395 -4.588299 7.596504
v 4.104697 -4.881095 7.995605
v 4.033797 -4.710894 8.0433
v 3.877496 -4.9766 8.392595
v 3.790295 -4.826295 8.433305
v 3.639996 -5.101495 8.792101
v 3.540498 -4.970794 8.827399
v 3.377896 -5.294698 9.260499
v 3.268897 -5.1853 9.291302
v 3.124499 -5.5022 9.7409
v 3.009694 -5.411595 9.768294
v 4.782497 -4.903095 3.150999
v 5.044698 -4.642295 3.518503
v 5.002295 -4.715299 3.899698
v 5.159294 -4.504096 4.399299
v 5.070096 -4.605096 4.773002
v 5.230998 -4.303097 4.895698
v 5.104595 -4.428398 5.259799
v 5.217999 -4.122895 5.376398
v 5.066597 -4.280197 5.729102
v 5.131596 -3.996396 5.829798
v 4.962295 -4.185295 6.170999
v 4.989296 -3.912699 6.260704
v 4.807394 -4.132896 6.591498
v 4.800295 -3.876197 6.669604
v 4.490494 -4.293698 7.209896
v 4.445195 -4.072898 7.272195
v 4.231494 -4.393994 7.651102
v 4.1619 -4.199099 7.702695
v 3.954195 -4.541099 8.0886
v 3.865694 -4.372596 8.131598
v 3.695994 -4.677695 8.472096
v 3.594297 -4.531598 8.509003
v 3.4352 -4.842895 8.8611
v 3.324097 -4.718196 8.893203
v 3.155797 -5.079096 9.320795
v 3.038597 -4.976499 9.349095
v 2.892094 -5.324494 9.794699
v 2.771794 -5.240899 9.819995
v 4.804295 -4.830199 2.353202
v 5.1072 -4.523998 2.7435
v 5.094295 -4.549598 2.939003
v 5.079597 -4.578 3.133302
v 5.356699 -4.234296 3.232401
v 5.302596 -4.316598 3.630101
v 5.5417 -3.960597 3.744297
v 5.454295 -4.0699 4.1404
v 5.650496 -3.7045 4.261099
v 5.522596 -3.839498 4.646902
v 5.663394 -3.491097 4.759603
v 5.489897 -3.650498 5.128299
v 5.5839 -3.306096 5.234598
v 5.377596 -3.497099 5.585395
v 5.425995 -3.164297 5.682098
v 5.207896 -3.393298 6.017899
v 5.215495 -3.078496 6.104003
v 4.990899 -3.343498 6.426202
v 4.963195 -3.0514 6.5014
v 4.737097 -3.349596 6.812703
v 4.679596 -3.083598 6.877505
v 4.314899 -3.628295 7.386195
v 4.229295 -3.407496 7.437896
v 3.989297 -3.812497 7.797395
v 3.886198 -3.623199 7.840501
v 3.661799 -4.042994 8.210706
v 3.546696 -3.883796 8.247005
v 3.369498 -4.249399 8.577203
v 3.246694 -4.114598 8.608603
v 3.085595 -4.479897 8.952998
v 2.9585 -4.367297 8.980702
v 2.792698 -4.782599 9.401905
v 2.664297 -4.691797 9.426497
v 2.523595 -5.084699 9.867596
v 2.395898 -5.012094 9.889697
v 5.123198 -4.491496 2.448099
v 4.812794 -4.803895 1.55
v 5.135297 -4.466599 2.150302
v 5.143594 -4.450196 1.850699
v 5.441695 -4.086196 2.195202
v 5.453497 -4.064095 1.873802
v 5.722296 -3.679299 2.241301
v 5.735999 -3.653597 1.897698
v 5.974298 -3.247898 2.287297
v 5.9888 -3.220999 1.921402
v 6.1836 -2.820497 2.3292
v 6.198298 -2.794599 1.9432
v 6.363099 -2.375799 2.3692
v 6.378 -2.352595 1.963799
v 6.510895 -1.916396 2.406602
v 6.526499 -1.897597 1.983099
v 6.625497 -1.445394 2.441101
v 6.6428 -1.432096 2.000998
v 6.705898 -0.965798 2.472698
v 6.725895 -0.958794 2.017199
v 6.751197 -0.480998 2.501099
v 6.7752 -0.480497 2.031802
v 6.761097 0.0057 2.5267
v 6.7905 -0.0001 2.044897
v 6.735599 0.491094 2.549498
v 6.7716 0.4798 2.056502
v 6.675195 0.971997 2.5698
v 6.718999 0.956297 2.066802
v 6.580597 1.445394 2.587902
v 6.6329 1.426899 2.075898
v 6.452697 1.908695 2.604102
v 6.514298 1.888996 2.084099
v 6.292796 2.359199 2.618598
v 6.363898 2.340298 2.091401
v 6.102496 2.794599 2.631699
v 6.182795 2.778398 2.097898
v 5.883198 3.212696 2.643698
v 5.972295 3.201299 2.1039
v 5.636799 3.611898 2.654701
v 5.733895 3.6071 2.109401
v 5.364996 3.990197 2.665
v 5.468797 3.993898 2.114498
v 5.069696 4.346495 2.674698
v 5.178797 4.360097 2.119397
v 4.752898 4.679298 2.6838
v 4.865497 4.704195 2.123897
v 4.416495 4.987597 2.692502
v 4.530596 5.024796 2.128201
v 5.356496 -4.188996 1.55
v 5.822199 -3.513097 1.55
v 6.203097 -2.785998 1.55
v 6.493598 -2.018296 1.55
v 6.6895 -1.221096 1.55
v 6.787896 -0.4062 1.55
v 6.7873 0.414598 1.55
v 6.687897 1.229399 1.55
v 6.4911 2.0262 1.55
v 6.199699 2.793598 1.55
v 5.817896 3.520196 1.55
v 5.3514 4.195594 1.55
v 4.806798 4.809796 1.55
v 2.789795 6.201398 1.55
v 3.011494 6.050795 2.1434
v 3.411298 5.836498 2.140002
v 3.305995 5.759698 2.715801
v 3.200596 5.596196 3.265302
v 3.095299 5.357098 3.780102
v 3.025096 5.161899 4.101699
v 2.954798 4.942297 4.4057
v 2.814197 4.443097 4.9614
v 2.673399 3.881895 5.452203
v 2.5325 3.2754 5.885099
v 2.391397 2.636498 6.268405
v 2.253496 1.980197 6.610404
v 2.121996 1.3197 6.919705
v 1.997196 0.661194 7.204401
v 1.878798 0.0096 7.473206
v 1.696395 -1.047796 7.9095
v 1.579898 -1.7569 8.224105
v 1.472598 -2.432096 8.558797
v 1.388299 -2.978599 8.866297
v 1.311099 -3.491097 9.194397
v 1.230299 -4.0416 9.602605
v 1.159799 -4.536598 10.034298
v 1.100796 -4.9694 10.479402
v 1.052796 -5.347299 10.939204
v 1.016396 -5.671697 11.410796
v 2.596098 6.2388 2.146398
v 2.022296 6.492298 1.55
v 2.170097 6.3982 2.149199
v 1.735496 6.528496 2.1515
v 1.672196 6.407195 2.738499
v 1.245599 6.500595 2.742099
v 1.198399 6.286597 3.303497
v 0.7837 6.347197 3.3073
v 0.7532 6.054699 3.833603
v 0.350899 6.086999 3.836398
v 0.341594 5.855995 4.1651
v -0.0468 5.864197 4.166
v -0.0456 5.609899 4.476201
v -0.425297 5.597096 4.474699
v -0.402498 5.0354 5.040102
v -0.761896 5.0053 5.035501
v -0.720596 4.392796 5.532502
v -1.060795 4.348599 5.524503
v -1.002597 3.703397 5.960797
v -1.324796 3.646796 5.949604
v -1.250594 2.981299 6.334197
v -1.555097 2.912896 6.320094
v -1.466 2.237898 6.661998
v -1.753097 2.158498 6.645297
v -1.651298 1.484894 6.953703
v -1.919895 1.396697 6.935202
v -1.807099 0.731999 7.219194
v -2.0585 0.636494 7.199298
v -1.936399 -0.013 7.468401
v -2.170497 -0.113499 7.447599
v -1.959097 -1.152199 7.886898
v -2.167397 -1.248699 7.866799
v -2.017796 -1.933795 8.185505
v -2.208799 -2.028399 8.165597
v -2.058196 -2.668899 8.505606
v -2.233099 -2.759397 8.485996
v -2.105098 -3.267395 8.798801
v -2.404397 -2.858197 8.465003
v -2.267098 -3.354096 8.779298
v -2.571594 -2.965295 8.442496
v -2.4257 -3.447794 8.758306
v -2.580195 -3.548496 8.735799
v -2.439695 -3.988999 9.0721
v -2.583497 -4.082196 9.049701
v -2.430295 -4.542595 9.466695
v -2.564495 -4.625594 9.444403
v -2.426797 -5.029195 9.8845
v -2.553898 -5.102598 9.8621
v -2.436196 -5.447399 10.315894
v -2.558696 -5.512595 10.293697
v -2.462697 -5.807995 10.763704
v -2.679497 -5.581098 10.270499
v -2.582496 -5.866795 10.7419
v -2.798795 -5.653095 10.246395
v -2.701598 -5.928999 10.719203
v -2.819699 -5.994695 10.695898
v -2.749097 -6.230998 11.183297
v -2.867197 -6.293499 11.1611
v -2.825397 -6.4951 11.661695
v -2.943998 -6.557595 11.641001
v -2.932298 -6.728798 12.153601
v -3.050994 -6.794697 12.134897
v -3.069698 -6.938898 12.658595
v -3.187096 -7.011395 12.642097
v -2.974694 -6.897598 12.731098
v -3.417998 -7.2609 13.100695
v -3.302395 -7.090395 12.625503
v -3.415399 -7.175898 12.608599
v -3.284394 -6.944197 12.096797
v -3.398299 -7.0284 12.077497
v -3.4078 -6.861096 11.555504
v -3.5097 -7.118898 12.057899
v -3.519099 -6.9516 11.533498
v -3.618097 -7.215797 12.038003
v -3.627598 -7.0481 11.511098
v -3.722995 -7.319098 12.017595
v -3.732997 -7.150596 11.488103
v -3.824096 -7.428497 11.996399
v -3.834897 -7.258999 11.464297
v -3.855794 -7.281398 11.456596
v -3.8634 -7.077997 10.942697
v -3.9168 -7.043498 10.720002
v -3.907597 -6.887996 10.432099
v -3.964996 -6.692099 9.932899
v -3.873497 -6.578201 9.964894
v -3.949397 -6.373196 9.480797
v -3.861999 -6.256496 9.515404
v -3.959596 -6.036299 9.042405
v -3.877794 -5.911999 9.080099
v -3.9985 -5.674594 8.625804
v -3.922998 -5.537599 8.667301
v -4.047 -5.316096 8.294701
v -3.841799 -5.401098 8.707606
v -3.975397 -5.163896 8.339595
v -3.755396 -5.266499 8.746206
v -3.897297 -5.012798 8.382498
v -3.811895 -4.862195 8.423697
v -3.974097 -4.581797 8.077895
v -3.887796 -4.412895 8.121501
v -4.101598 -4.051297 7.740103
v -4.012298 -3.858399 7.786702
v -4.251098 -3.460299 7.425796
v -4.155099 -3.241896 7.475006
v -4.535394 -2.619796 6.980704
v -4.429495 -2.362096 7.033705
v -4.678398 -1.958894 6.739401
v -4.555398 -1.680099 6.791996
v -4.817998 -1.249796 6.491696
v -4.414796 -1.4117 6.840502
v -4.674899 -0.954199 6.542396
v -4.512196 -0.669897 6.589304
v -4.781097 -0.1885 6.275605
v -4.593396 0.107497 6.319903
v -4.868197 0.608099 5.981897
v -4.652798 0.911796 6.022297
v -4.912894 1.415097 5.648195
v -4.669398 1.721894 5.684196
v -4.899996 2.207595 5.262803
v -4.630696 2.512997 5.294298
v -4.836899 2.968096 4.817401
v -4.544496 3.269499 4.844301
v -4.731196 3.677499 4.303901
v -4.237198 3.5456 4.869597
v -4.418897 3.972399 4.3258
v -4.091697 4.241997 4.346501
v -4.176497 4.433494 4.047899
v -3.833597 4.686599 4.065697
v -3.913998 4.862296 3.7481
v -3.556096 5.098599 3.7629
v -3.669995 5.321395 3.251897
v -3.295195 5.544996 3.262698
v -3.402298 5.705195 2.714103
v -3.009396 5.915099 2.720897
v -3.109395 6.001496 2.142601
v -2.697795 6.195896 2.145701
v -2.789795 6.201398 1.55
v -2.273195 6.362599 2.148597
v -2.022296 6.492298 1.55
v -1.840496 6.499898 2.151
v -1.400399 6.607896 2.152901
v -1.773798 6.380701 2.737497
v -1.3484 6.480699 2.7413
v -1.708495 6.175798 3.296798
v -1.297497 6.268298 3.3024
v -1.644396 5.896794 3.820299
v -1.247894 5.982095 3.827398
v -1.602494 5.676096 4.146998
v -1.215398 5.756795 4.154902
v -1.561099 5.431997 4.455399
v -1.183497 5.5085 4.464101
v -1.479995 4.887497 5.018198
v -1.121097 4.956197 5.028098
v -1.401299 4.286599 5.513798
v 1.225298 6.688696 1.55
v 1.293897 6.629395 2.1533
v 0.815099 6.566399 2.744698
v 0.365198 6.382399 3.309499
v -0.0481 6.095796 3.837197
v -0.436997 5.850595 4.164599
v -0.804698 5.563294 4.470598
v 0.847298 6.700599 2.154701
v 0.410396 6.787598 1.55
v 0.394899 6.742 2.1555
v -0.0542 6.753295 2.155702
v -0.0521 6.615 2.7467
v -0.4861 6.5979 2.746003
v -0.467294 6.3762 3.3091
v -0.883394 6.334996 3.306501
v -0.849098 6.043499 3.832602
v -0.410396 6.787598 1.55
v -0.505495 6.734699 2.155297
v -0.918698 6.553196 2.744203
v -0.954795 6.686198 2.154403
v -1.225298 6.688696 1.55
v -3.516697 5.820095 1.55
v -3.509199 5.7787 2.139102
v -3.782695 5.468398 2.7067
v -4.032695 5.071598 3.2404
v -4.259598 4.6 3.7324
v -4.505997 4.154598 4.029202
v -4.819798 3.850495 4.0093
v -5.026996 3.357195 4.280602
v -5.111199 2.642697 4.788702
v -5.1503 1.879096 5.2289
v -5.136597 1.087296 5.609297
v -5.063498 0.286096 5.938195
v -4.948794 -0.499594 6.227802
v -5.094295 -0.8232 6.175899
v -4.940897 -1.556897 6.436502
v -4.7818 -2.244395 6.682705
v -4.623997 -2.8822 6.923698
v -4.333394 -3.681498 7.373201
v -4.179596 -4.245895 7.690596
v -4.051595 -4.751795 8.031999
v -4.120194 -4.921299 7.983898
v -4.180896 -5.091196 7.933401
v -4.111796 -5.467599 8.248197
v -4.068797 -5.812096 8.583199
v -4.0371 -6.162297 9.003805
v -4.032999 -6.492698 9.445499
v -4.123395 -6.529396 9.249996
v -3.894299 5.528599 2.135401
v -4.192298 5.353897 1.55
v -4.262799 5.252099 2.131402
v -4.806798 4.809796 1.55
v -4.612797 4.9501 2.127199
v -4.942697 4.623699 2.122801
v -4.830795 4.601597 2.681701
v -5.2504 4.274398 2.118199
v -5.142396 4.263299 2.672397
v -5.432397 3.901398 2.662598
v -5.321198 3.817397 3.187202
v -5.592298 3.443896 3.171699
v -5.475497 3.298598 3.659802
v -5.726498 2.913898 3.638398
v -5.644595 2.790898 3.941499
v -5.872297 2.3925 3.915297
v -5.786496 2.254694 4.199999
v -5.988997 1.844197 4.168402
v -5.800896 1.530295 4.688101
v -5.977898 1.119595 4.648202
v -5.7621 0.768596 5.108803
v -6.123995 0.693995 4.604202
v -5.910998 0.364399 5.061
v -6.029897 -0.0555 5.007802
v -5.785995 -0.399297 5.414998
v -5.876696 -0.802499 5.3537
v -5.601596 -1.144999 5.719804
v -5.6674 -1.525199 5.651604
v -5.387198 -1.853096 5.990302
v -5.433195 -2.205395 5.917
v -5.174797 -2.513295 6.241595
v -5.206596 -2.8355 6.165599
v -4.971694 -3.121799 6.483804
v -4.994696 -3.413099 6.407403
v -4.784196 -3.677695 6.726097
v -4.998499 -3.698396 6.326198
v -4.803395 -3.937399 6.651496
v -4.8069 -4.193496 6.572103
v -4.499298 -4.3455 7.194697
v -4.529297 -4.562997 7.127999
v -4.302799 -4.6341 7.5832
v -4.349094 -4.826694 7.525002
v -5.3514 4.195594 1.55
v -5.534797 3.9029 2.1133
v -5.817896 3.520196 1.55
v -5.793595 3.511399 2.108102
v -6.025499 3.101295 2.102499
v -5.938398 3.113996 2.640902
v -6.150895 2.691596 2.628701
v -6.058394 2.633094 3.137099
v -6.249296 2.199399 3.117399
v -6.148499 2.082699 3.589802
v -6.315296 1.639997 3.561901
v -6.242597 1.537895 3.855001
v -6.449395 1.184099 3.530901
v -6.380599 1.087695 3.820102
v -6.4857 0.6221 3.781097
v -6.4121 0.513595 4.0524
v -6.485295 0.0468 4.004799
v -6.318497 -0.197595 4.500901
v -6.363195 -0.653696 4.440599
v -6.167697 -0.918996 4.883998
v -6.185096 -1.356196 4.812103
v -5.962395 -1.623797 5.211698
v -5.956697 -2.033996 5.130099
v -5.710697 -2.289795 5.495297
v -5.688798 -2.666395 5.406796
v -5.447095 -2.904796 5.751597
v -5.639398 -3.032594 5.311905
v -5.416595 -3.243595 5.659901
v -5.362695 -3.575199 5.561303
v -5.1696 -3.772199 5.903601
v -5.117499 -4.065698 5.806004
v -4.953497 -4.249298 6.148898
v -4.9079 -4.508799 6.054698
v -4.7719 -4.680198 6.403195
v -4.736399 -4.909294 6.315004
v -4.554998 -5.181199 6.913005
v -4.545897 -5.373996 6.8385
v -4.446899 -5.557399 7.273399
v -4.453796 -5.728197 7.208597
v -4.3778 -5.905395 7.659303
v -4.367297 -6.017696 7.7708
v -4.313397 -6.063097 8.051704
v -4.250299 -6.225198 8.450305
v -4.270899 -5.916297 8.101605
v -4.194498 -6.087595 8.495103
v -4.2234 -5.768096 8.151399
v -4.133999 -5.949795 8.539497
v -4.170495 -5.618399 8.200394
v -6.199699 2.793598 1.55
v -6.228995 2.674597 2.096402
v -6.334096 2.252298 2.615201
v -6.409597 1.749598 3.095602
v -6.537097 1.287698 3.071403
v -6.550598 0.713199 3.496199
v -6.555199 0.148898 3.737598
v -6.522399 -0.425899 3.951698
v -6.371796 -1.111996 4.373698
v -6.167995 -1.791298 4.733001
v -5.9192 -2.438294 5.041098
v -5.851596 -2.830696 4.945498
v -5.563497 -3.390198 5.2096
v -5.287694 -3.892195 5.457901
v -5.048596 -4.346197 5.704497
v -4.849398 -4.7562 5.957996
v -4.6911 -5.127799 6.2258
v -4.529899 -5.559396 6.764196
v -6.4911 2.0262 1.55
v -6.402796 2.233099 2.089702
v -6.486397 1.798599 2.600299
v -6.606 1.334297 2.583801
v -6.631499 0.811595 3.044199
v -6.615996 0.235099 3.457599
v -6.588399 -0.329798 3.689199
v -6.522697 -0.900298 3.892701
v -6.344395 -1.567995 4.299997
v -6.116795 -2.219998 4.646503
v -6.033498 -2.635794 4.553198
v -5.754494 -3.213196 4.842
v -5.463999 -3.730595 5.102002
v -5.193895 -4.193794 5.350303
v -4.965198 -4.612195 5.600201
v -4.779797 -4.990798 5.860399
v -4.637598 -5.335396 6.137203
v -4.568296 -5.550599 6.264102
v -6.545698 1.778995 2.082198
v -6.687897 1.229399 1.55
v -6.656199 1.316398 2.073901
v -6.734699 0.842398 2.0644
v -6.692898 0.857097 2.565198
v -6.744897 0.374895 2.544301
v -6.690597 0.329399 3.013902
v -6.713795 -0.157499 2.979897
v -6.645298 -0.2482 3.414397
v -6.637799 -0.733 3.366398
v -6.584697 -0.8102 3.635298
v -6.544196 -1.288199 3.575598
v -6.486296 -1.372396 3.827499
v -6.413596 -1.8377 3.755902
v -6.281596 -2.017295 4.219102
v -6.306695 -2.289396 3.678398
v -6.185197 -2.453196 4.131799
v -6.055396 -2.878695 4.036902
v -5.918496 -3.041297 4.452001
v -5.775898 -3.426098 4.345398
v -5.631697 -3.5766 4.733001
v -5.4856 -3.919899 4.619299
v -5.343496 -4.053294 4.989897
v -5.204796 -4.356098 4.874902
v -5.083698 -4.478299 5.239802
v -4.959797 -4.744797 5.128401
v -4.869395 -4.862797 5.495094
v -4.763597 -5.097395 5.391096
v -4.701197 -5.211895 5.763697
v -4.648095 -5.336797 5.502104
v -6.7873 0.414598 1.55
v -6.779295 0.364798 2.053802
v -6.761997 -0.111097 2.520799
v -6.7007 -0.645399 2.942001
v -6.593495 -1.215195 3.313099
v -6.467396 -1.759397 3.509997
v -6.356197 -2.217197 3.439002
v -6.165295 -2.731299 3.5941
v -5.896598 -3.282898 3.936802
v -5.608195 -3.789597 4.233997
v -5.319499 -4.240995 4.502498
v -5.050897 -4.637795 4.759102
v -4.824894 -4.992395 5.018698
v -6.789898 -0.115394 2.041798
v -6.787896 -0.4062 1.55
v -6.766498 -0.595599 2.028399
v -6.6895 -1.221096 1.55
v -6.708997 -1.072996 2.013402
v -6.617897 -1.544594 1.996802
v -6.601095 -1.559299 2.433102
v -6.4947 -2.004796 1.978802
v -6.479299 -2.024894 2.398103
v -6.322801 -2.483999 2.359801
v -6.2931 -2.534198 2.748399
v -6.108498 -2.972996 2.690302
v -6.068098 -3.039896 3.0488
v -5.859297 -3.452295 2.972298
v -5.829495 -3.499299 3.194701
v -5.599796 -3.881698 3.1071
v -5.571198 -3.9258 3.316598
v -5.326294 -4.274696 3.220998
v -5.2742 -4.354995 3.617298
v -5.029594 -4.6597 3.512399
v -4.988598 -4.731798 3.8931
v -4.752498 -5.013197 3.9429
v -4.940396 -4.8114 4.2706
v -4.711395 -5.155295 4.7289
v -4.884797 -4.897695 4.645502
v -6.493598 -2.018296 1.55
v -6.337696 -2.459996 1.959001
v -6.203097 -2.785998 1.55
v -6.150698 -2.898395 1.938002
v -5.934298 -3.320795 1.916098
v -5.919897 -3.347599 2.276902
v -5.676597 -3.750097 2.233498
v -5.654799 -3.789597 2.567398
v -5.390799 -4.163199 2.504997
v -5.367195 -4.205697 2.815401
v -5.090099 -4.543495 2.738999
v -5.0776 -4.568594 2.934002
v -4.782497 -4.902994 3.150999
v -5.063396 -4.596495 3.127902
v -5.822199 -3.513097 1.55
v -5.690097 -3.724896 1.893603
v -5.408197 -4.130595 2.189999
v -5.105596 -4.511594 2.4446
v -5.356496 -4.188996 1.55
v -5.419796 -4.108995 1.871197
v -5.117297 -4.487299 2.1479
v -4.804295 -4.830199 2.353202
v -5.125296 -4.471194 1.8494
v -4.812794 -4.803895 1.55
v -4.1103 -6.289696 8.964395
v -3.833597 -7.497 12.192201
v -3.854596 -7.686096 12.922799
v -3.832995 -7.5836 12.538003
v -3.734499 -7.472097 12.556504
v -3.917896 -7.847899 13.6433
v -3.862398 -7.721698 13.087796
v -3.768599 -7.6074 13.103496
v -3.631895 -7.366895 12.574302
v -3.793096 -7.674396 13.492404
v -3.567099 -7.3973 13.133203
v -3.670096 -7.4992 13.1186
v -2.950799 -6.8726 12.674998
v -2.470499 -6.576198 12.402998
v -2.692997 -6.612795 12.190401
v -2.572995 -6.561797 12.208401
v -2.587097 -6.383597 11.701905
v -2.452999 -6.515097 12.225806
v -2.467799 -6.333899 11.7213
v -2.332997 -6.4722 12.242805
v -2.348399 -6.287699 11.740099
v -2.2291 -6.244796 11.758303
v -2.272397 -6.018096 11.266195
v -2.152299 -5.972695 11.284994
v -2.220296 -5.699795 10.804795
v -2.097797 -5.650198 10.823905
v -2.186697 -5.326896 10.357296
v -2.059799 -5.271595 10.376405
v -2.1658 -4.893797 9.925698
v -2.032196 -4.831898 9.944605
v -2.153199 -4.390496 9.507703
v -1.896697 -4.773896 9.9622
v -2.010595 -4.321497 9.526299
v -1.759397 -4.719895 9.978699
v -1.865798 -4.2575 9.543597
v -1.718795 -4.198396 9.559595
v -1.831799 -3.674799 9.148394
v -1.673299 -3.611296 9.164201
v -1.772195 -3.115195 8.833801
v -1.602095 -3.049898 8.849203
v -1.699799 -2.512598 8.540296
v -1.5172 -2.446895 8.555304
v -1.627898 -1.773798 8.220302
v -1.429998 -1.708096 8.235299
v -1.535296 -0.992596 7.921802
v -1.321399 -0.928897 7.936405
v -1.462799 0.149 7.503795
v -1.223999 0.211495 7.518302
v -1.300495 0.881398 7.252299
v -1.046395 0.936395 7.265197
v -1.111096 1.618099 6.983398
v -0.841099 1.663994 6.994294
v -0.892496 2.351099 6.687199
v -0.606096 2.386295 6.695401
v -0.642699 3.071397 6.353902
v -0.339395 3.094398 6.359099
v -0.359499 3.768497 5.974304
v -0.0385 3.777897 5.976295
v -0.0408 4.430299 5.539404
v 0.2976 4.423999 5.5382
v 0.314695 5.0399 5.0408
v 0.675595 5.014199 5.036901
v 0.7137 5.573296 4.471802
v 1.092594 5.523598 4.465901
v 1.1222 5.772799 4.156499
v 1.509797 5.697596 4.149102
v 1.5495 5.919396 3.822099
v 1.943796 5.815798 3.813701
v 2.017998 6.088197 3.291701
v 2.420395 5.949997 3.283899
v 2.507698 6.137496 2.728598
v 2.913498 5.9614 2.722501
v -1.916098 -6.285798 12.131702
v -2.213197 -6.432598 12.259101
v -1.317995 -6.030195 11.926805
v -1.510095 -6.0413 11.848997
v -1.630699 -6.069594 11.836301
v -1.750797 -6.099897 11.822604
v -1.789599 -5.852597 11.335896
v -1.870596 -6.132495 11.807798
v -1.910996 -5.890095 11.319899
v -1.990199 -6.167399 11.792206
v -2.031898 -5.930095 11.302995
v -2.1097 -6.2047 11.7756
v -1.002198 -5.925297 11.851501
v -1.145094 -5.968797 11.880898
v -1.267397 -5.990898 11.871397
v -1.388996 -6.015098 11.860703
v -1.297497 -5.725997 11.388897
v -1.421594 -5.754196 11.377298
v -1.343494 -5.410897 10.915696
v -1.471596 -5.443894 10.903298
v -1.4045 -5.043995 10.454403
v -1.538199 -5.082899 10.441195
v -1.479899 -4.624098 10.007798
v -1.620399 -4.67 9.993803
v -1.569896 -4.1444 9.5744
v -0.675696 -5.843997 11.795901
v -0.920194 -5.656099 11.416899
v -1.046794 -5.676895 11.408698
v -1.172596 -5.700296 11.399399
v -0.340199 -5.792498 11.7617
v -0.664598 -5.622196 11.429905
v -0.792795 -5.637896 11.423897
v -0.821197 -5.307799 10.953497
v -0.953197 -5.329096 10.945796
v -0.858694 -4.923295 10.494601
v -0.996697 -4.948198 10.486495
v -0.904697 -4.482895 10.050606
v -1.050198 -4.511797 10.041796
v -0.959498 -3.978896 9.619998
v -1.113897 -4.012596 9.610604
v -1.022297 -3.418397 9.213196
v -1.186996 -3.457498 9.203099
v -1.082295 -2.896398 8.886503
v -1.256799 -2.940499 8.875596
v -1.147794 -2.339595 8.580696
v -1.333099 -2.389198 8.568799
v -1.230996 -1.651597 8.2484
v 0 -5.774694 11.750006
v -0.276297 -5.591595 11.441194
v -0.4062 -5.599099 11.4385
v -0.535697 -5.609297 11.434697
v -0.420797 -5.262595 10.969304
v -0.554895 -5.274498 10.965203
v -0.439894 -4.870796 10.511695
v -0.580197 -4.884594 10.507297
v -0.463295 -4.421997 10.069
v -0.611097 -4.437899 10.064196
v -0.491196 -3.908395 9.639799
v -0.647896 -3.926795 9.634601
v -0.522995 -3.336995 9.234702
v -0.690097 -3.358197 9.229099
v -0.553399 -2.804797 8.909797
v -0.7303 -2.828598 8.903598
v -0.586599 -2.236998 8.606099
v -0.774097 -2.263599 8.5994
v -0.628698 -1.535397 8.276795
v -0.829899 -1.565396 8.269202
v -0.674397 -0.798196 7.9679
v -0.890398 -0.831997 7.959496
v -0.745898 0.301295 7.539999
v -0.984996 0.2621 7.530402
v -0.792199 0.978994 7.275497
v 0.297898 -5.788296 11.758994
v 0.114798 -5.586397 11.443197
v -0.0157 -5.585294 11.443495
v -0.146097 -5.586999 11.442899
v -0.0162 -5.246597 10.9748
v -0.151294 -5.2486 10.974096
v -0.017 -4.852199 10.517704
v -0.158197 -4.854595 10.517
v -0.0178 -4.400497 10.075497
v -0.166595 -4.403197 10.074603
v -0.0189 -3.8836 9.646796
v -0.176495 -3.886795 9.645902
v -0.0201 -3.3086 9.242403
v -0.187999 -3.3122 9.241401
v -0.0213 -2.772897 8.918106
v -0.198799 -2.776998 8.917104
v -0.0226 -2.201497 8.615302
v -0.210696 -2.205997 8.614098
v -0.0242 -1.495295 8.287
v -0.225794 -1.500397 8.2857
v -0.0259 -0.753397 7.979404
v -0.242096 -0.759095 7.977902
v -0.0287 0.353199 7.553195
v -0.267696 0.346595 7.551502
v -0.0305 1.035195 7.289695
v -0.284296 1.028096 7.287799
v -0.0323 1.724696 7.009195
v -0.301695 1.716995 7.007205
v -0.0343 2.416098 6.702601
v -0.320095 2.407896 6.700598
v -0.0364 3.103196 6.361197
v 0.5925 -5.828195 11.785304
v 0.504696 -5.606597 11.435699
v 0.375098 -5.596995 11.439203
v 0.245094 -5.590295 11.441695
v 0.388497 -5.260294 10.970103
v 0.253898 -5.252397 10.972797
v 0.4062 -4.868096 10.512601
v 0.265396 -4.859 10.515605
v 0.427794 -4.418796 10.069906
v 0.279498 -4.408299 10.073101
v 0.453496 -3.9047 9.6408
v 0.296199 -3.8926 9.644305
v 0.482899 -3.332799 9.235906
v 0.315398 -3.318899 9.239601
v 0.510895 -2.799999 8.911001
v 0.333697 -2.784395 8.915102
v 0.541496 -2.231699 8.607506
v 0.353599 -2.2143 8.612
v 0.580394 -1.529395 8.278297
v 0.378895 -1.509797 8.283304
v 0.622594 -0.791597 7.969605
v 0.406396 -0.769597 7.975196
v 0.688499 0.308996 7.541906
v 0.449395 0.3344 7.548295
v 0.7312 0.987399 7.277595
v 0.477195 1.0149 7.284497
v 0.776297 1.673096 6.9965
v 0.506598 1.702797 7.0037
v 0.823694 2.360796 6.689404
v 0.537497 2.392697 6.696903
v 0.8735 3.044295 6.347798
v 0.569797 3.078299 6.355404
v 0.925297 3.714597 5.963098
v 0.6037 3.751099 5.970596
v 0.979197 4.360795 5.526697
v 0.638896 4.400897 5.533897
v 1.034897 4.969698 5.030101
v 0.633699 -5.6189 11.431097
v 0.675696 -5.843997 11.795901
v 0.761998 -5.633896 11.425494
v 0.889695 -5.651497 11.418699
v 0.921595 -5.323696 10.947799
v 1.240098 -6.002098 11.906301
v 1.317995 -6.030195 11.926805
v 1.916098 -6.285798 12.131702
v 2.470499 -6.576198 12.402998
v 2.304196 -6.462395 12.246703
v 2.974694 -6.897598 12.731098
v 2.922099 -6.857597 12.678896
v 2.664196 -6.600099 12.194799
v 2.5442 -6.550198 12.212597
v 3.041297 -6.922495 12.662601
v 3.2866 -7.142299 12.981903
v 3.159099 -6.993401 12.646102
v 3.274995 -7.070797 12.629496
v 3.256797 -6.924998 12.101399
v 3.371196 -7.007598 12.082099
v 3.417998 -7.2609 13.100695
v 3.3885 -7.154798 12.6127
v 3.4832 -7.0966 12.062596
v 3.541696 -7.373797 13.136696
v 3.645795 -7.4741 13.122105
v 2.424198 -6.504499 12.229895
v 0.118798 -5.247795 10.974394
v 0.124198 -4.853695 10.517298
v 0.130695 -4.402196 10.074901
v 0.138497 -3.885495 9.646296
v 0.147396 -3.310799 9.241795
v 0.155896 -2.775394 8.917498
v 0.165194 -2.204197 8.614599
v 0.176996 -1.498395 8.286201
v 0.189698 -0.756895 7.978498
v 0.209695 0.3492 7.552098
v 0.2226 1.030898 7.288598
v 0.236195 1.719999 7.008003
v 0.250494 2.411097 6.701397
v 0.265497 3.097897 6.359898
v 0.281197 3.772199 5.975102
v -1.545 -5.784595 11.364602
v -1.598799 -5.479598 10.889696
v -1.670598 -5.125099 10.426795
v 5.423599 -4.1197 2.512502
v 5.699795 -3.719794 2.578597
v 5.948698 -3.293597 2.644401
v 6.155598 -2.869397 2.704602
v 6.332796 -2.426296 2.761798
v 6.478101 -1.967197 2.815502
v 6.5898 -1.495498 2.865099
v 6.666398 -1.014697 2.910398
v 6.707096 -0.528395 2.951502
v 6.7115 -0.0404 2.988397
v 6.6796 0.445598 3.021502
v 6.612098 0.926298 3.051
v 6.509798 1.398396 3.077399
v 6.373995 1.858896 3.101002
v 6.206196 2.304995 3.122299
v 6.008195 2.734595 3.141599
v 5.781996 3.145295 3.1592
v 5.529397 3.535497 3.175502
v 5.252695 3.903698 3.190701
v 4.953896 4.248499 3.205
v 4.635298 4.568898 3.2184
v 4.298895 4.864299 3.231101
v 5.399197 -4.163295 2.824699
v 5.668598 -3.7732 2.908098
v 5.911898 -3.355395 2.990901
v 6.114095 -2.937799 3.066598
v 6.287097 -2.5002 3.138798
v 6.4282 -2.045595 3.206401
v 6.535595 -1.577597 3.269099
v 6.607496 -1.099997 3.326397
v 6.642997 -0.616699 3.378402
v 6.641596 -0.131994 3.425198
v 6.603598 0.350398 3.467303
v 6.529599 0.826699 3.504901
v 6.4206 1.293498 3.538602
v 6.278097 1.747697 3.568797
v 6.103897 2.186399 3.596102
v 5.899995 2.607297 3.620999
v 5.668497 3.008198 3.643703
v 5.411696 3.3876 3.664701
v 5.1319 3.743898 3.684198
v 4.831498 4.076194 3.702598
v 4.512798 4.383498 3.719901
v 4.177898 4.665297 3.736298
v 5.379396 -4.197198 3.029799
v 5.642896 -3.814697 3.122901
v 5.880999 -3.403997 3.215503
v 6.078898 -2.992397 3.299998
v 6.247997 -2.560198 3.380602
v 6.385397 -2.1106 3.456198
v 6.489098 -1.647198 3.526299
v 6.557297 -1.173895 3.590398
v 6.588995 -0.694996 3.648697
v 6.583696 -0.214595 3.701298
v 6.5418 0.263095 3.748499
v 6.4637 0.734496 3.790801
v 6.350797 1.195895 3.828799
v 6.204599 1.644098 3.862899
v 6.026995 2.076196 3.893702
v 5.82 2.489995 3.9218
v 5.586099 2.883297 3.947501
v 5.327498 3.254598 3.9712
v 5.046695 3.602296 3.993403
v 4.746198 3.925698 4.014199
v 4.428297 4.223895 4.033797
v 4.095298 4.496598 4.052298
v 5.613195 -3.860199 3.333901
v 5.757999 -3.5757 3.857701
v 5.812495 -3.335595 4.371398
v 5.780196 -3.123396 4.867302
v 5.6535 -2.947098 5.334901
v 5.450797 -2.821898 5.772804
v 5.201095 -2.7583 6.184398
v 4.915398 -2.757698 6.571495
v 4.604399 -2.8189 6.937801
v 4.130095 -3.189998 7.486295
v 3.772199 -3.438299 7.880997
v 3.423094 -3.729295 8.281194
v 3.117495 -3.984695 8.638298
v 2.826595 -4.259395 9.006905
v 2.532595 -4.605299 9.449803
v 2.265995 -4.943394 9.910594
v 5.236798 -4.407298 4.0188
v 5.350697 -4.184895 4.523598
v 5.374199 -3.977596 5.017202
v 5.307495 -3.817397 5.483197
v 5.179399 -3.700095 5.926405
v 4.999297 -3.631395 6.345903
v 4.777097 -3.614497 6.743394
v 4.3868 -3.850597 7.330905
v 4.081195 -4.0048 7.7515
v 3.768199 -4.206198 8.172297
v 3.485399 -4.388594 8.544003
v 3.207498 -4.596996 8.923899
v 2.917498 -4.877495 9.376096
v 2.648895 -5.160897 9.844398
v 4.788696 -4.963296 5.872106
v 4.743599 -4.868799 6.330894
v 4.554998 -4.932498 7.0042
v 4.377698 -4.970699 7.479297
v 4.167097 -5.050599 7.945704
v 3.957396 -5.127894 8.350002
v 3.733795 -5.234295 8.755194
v 3.482496 -5.407196 9.228503
v 3.236395 -5.596196 9.712504
v 4.247099 -6.216895 8.452999
v 3.704398 -7.299995 12.021302
v 3.592395 -7.191997 12.042796
v 5.845099 -3.457397 3.434699
v 6.037795 -3.052896 3.526901
v 6.202 -2.627497 3.6148
v 6.3349 -2.1842 3.697198
v 6.434297 -1.7268 3.773599
v 6.498301 -1.259499 3.8437
v 6.525999 -0.786495 3.907399
v 6.516796 -0.312096 3.9649
v 6.470996 0.159496 4.016702
v 6.3892 0.624394 4.063099
v 6.272798 1.078897 4.104798
v 6.123399 1.519894 4.142301
v 5.943 1.9445 4.1763
v 5.733799 2.350199 4.207199
v 5.498194 2.735096 4.2356
v 5.238699 3.097498 4.261803
v 4.957699 3.436297 4.2863
v 4.6579 3.750497 4.3092
v 4.341596 4.039394 4.330902
v 4.011195 4.302895 4.351299
v 5.937296 -3.187799 3.9613
v 5.948597 -2.946096 4.476803
v 5.870199 -2.739095 4.968702
v 5.696594 -2.576696 5.428695
v 5.4506 -2.472996 5.857204
v 5.163699 -2.435797 6.258999
v 4.847198 -2.464896 6.636499
v 4.511594 -2.557396 6.993805
v 4.017597 -2.977097 7.531499
v 3.647798 -3.258699 7.919001
v 3.291594 -3.580397 8.313405
v 2.982097 -3.860294 8.666395
v 2.690094 -4.156696 9.031796
v 2.397698 -4.523396 9.471904
v 2.133899 -4.878497 9.930395
v 3.606694 -7.3426 12.578403
v 3.499299 -7.245397 12.5957
v 6.089198 -2.778798 4.060101
v 6.210899 -2.351695 4.153
v 6.299901 -1.9104 4.239201
v 6.354296 -1.458996 4.318302
v 6.373095 -1.002097 4.3904
v 6.355696 -0.543898 4.455601
v 6.302499 -0.0888 4.514503
v 6.214195 0.359195 4.567402
v 6.092095 0.796497 4.615097
v 5.938094 1.219695 4.658102
v 5.754095 1.626199 4.697101
v 5.5426 2.013397 4.732697
v 5.306094 2.379494 4.765402
v 5.047094 2.722996 4.795699
v 4.7683 3.042697 4.824
v 4.472196 3.337895 4.8505
v 4.161399 3.608196 4.875403
v 3.838294 3.853595 4.899
v 6.055998 -2.538895 4.5758
v 5.931097 -2.341997 5.063098
v 5.711698 -2.198499 5.515503
v 5.424499 -2.120798 5.935203
v 5.103194 -2.113795 6.327902
v 4.758799 -2.175295 6.6967
v 4.4016 -2.301198 7.0459
v 3.892195 -2.770298 7.573699
v 3.5133 -3.0855 7.954597
v 3.152495 -3.437697 8.343696
v 2.841097 -3.741699 8.692895
v 2.549296 -4.059296 9.055196
v 2.259796 -4.445999 9.492694
v 1.999896 -4.817599 9.948896
v 6.132096 -2.117997 4.667901
v 6.175196 -1.6873 4.752599
v 6.184095 -1.251298 4.830002
v 6.158298 -0.814295 4.900198
v 6.098097 -0.380498 4.963701
v 6.004297 0.046 5.020999
v 5.878299 0.461799 5.072801
v 5.721896 0.8636 5.119698
v 5.537098 1.248699 5.162298
v 5.326294 1.614797 5.201297
v 5.092096 1.959997 5.237203
v 4.837 2.282994 5.270504
v 4.563599 2.5828 5.301606
v 4.274499 2.858799 5.330705
v 3.972196 3.110694 5.358099
v 3.659099 3.338497 5.383896
v 3.140395 -6.848597 12.120496
v 3.022599 -6.778299 12.139403
v 2.903699 -6.713795 12.158095
v 2.784198 -6.6545 12.176596
v 5.960994 -1.935899 5.150299
v 5.697697 -1.816195 5.595397
v 5.372196 -1.768797 6.006896
v 5.019599 -1.795196 6.3915
v 4.650598 -1.891398 6.752395
v 4.275095 -2.051997 7.094203
v 3.754699 -2.5707 7.613205
v 3.369498 -2.919495 7.988094
v 3.006398 -3.301799 8.372199
v 2.694696 -3.629398 8.717798
v 2.404695 -3.967499 9.077298
v 2.119195 -4.373496 9.512197
v 1.863896 -4.760599 9.966301
v 5.958998 -1.524895 5.230199
v 5.924499 -1.113295 5.302905
v 5.857795 -0.705099 5.368899
v 5.759698 -0.303894 5.428802
v 5.6315 0.0868 5.483102
v 5.474895 0.463998 5.532502
v 5.291897 0.825 5.577599
v 5.084896 1.167798 5.618905
v 4.856199 1.490598 5.6571
v 4.608196 1.792198 5.692505
v 4.343599 2.071696 5.725597
v 4.064798 2.328497 5.756496
v 3.773999 2.562499 5.785703
v 3.473597 2.773696 5.813097
v 5.654197 -1.433598 5.668496
v 5.293798 -1.420199 6.072794
v 4.913496 -1.482498 6.450104
v 4.523497 -1.615196 6.803905
v 4.132896 -1.811498 7.139205
v 3.605794 -2.379399 7.6501
v 3.217095 -2.761495 8.019494
v 2.8539 -3.173094 8.399104
v 2.543497 -3.523695 8.741294
v 2.256494 -3.881496 9.0981
v 1.976096 -4.305696 9.530496
v 1.726198 -4.707598 9.982394
v 5.581498 -1.0544 5.735301
v 5.4802 -0.682098 5.796205
v 5.351495 -0.319594 5.851697
v 5.197 0.0302 5.902504
v 5.018597 0.3649 5.948996
v 4.818296 0.6827 5.991899
v 4.598295 0.981897 6.031596
v 4.360896 1.261395 6.068503
v 4.108399 1.520496 6.103002
v 3.842896 1.758497 6.135296
v 3.566795 1.975399 6.165599
v 3.281897 2.171099 6.194102
v 5.189996 -1.077997 6.133198
v 4.785698 -1.178395 6.504106
v 4.378396 -1.348698 6.851696
v 3.976094 -1.581096 7.181
v 3.4464 -2.197295 7.684599
v 3.056699 -2.611899 8.048903
v 2.695494 -3.052097 8.424305
v 2.388 -3.424698 8.763396
v 2.104997 -3.801298 9.117495
v 1.830697 -4.242897 9.547495
v 1.586794 -4.658597 9.997295
v 5.061697 -0.744998 6.188702
v 4.910498 -0.423598 6.239604
v 4.7378 -0.115996 6.286596
v 4.545599 0.176197 6.33
v 4.335695 0.451398 6.370305
v 4.110199 0.708795 6.407904
v 3.871095 0.947499 6.442999
v 3.620398 1.167094 6.475901
v 3.359895 1.367497 6.506704
v 3.091496 1.548498 6.535505
v 4.637598 -0.884795 6.553995
v 4.216498 -1.093399 6.895994
v 3.805994 -1.362097 7.220005
v 3.277498 -2.0253 7.717
v 2.889096 -2.471399 8.076595
v 2.531898 -2.938896 8.448004
v 2.228498 -3.332597 8.784102
v 1.9508 -3.727096 9.135603
v 1.683199 -4.184997 9.563302
v 4.470497 -0.6037 6.600105
v 4.285997 -0.336599 6.642901
v 4.085695 -0.0849 6.682705
v 3.871595 0.1508 6.719898
v 3.645199 0.369495 6.7546
v 3.408396 0.570995 6.787204
v 3.162896 0.754994 6.817602
v 2.910196 0.9215 6.846105
v 4.039394 -0.850695 6.937205
v 3.623598 -1.155197 7.256495
v 3.0999 -1.8637 7.747303
v 2.7152 -2.340298 8.102499
v 2.363699 -2.833795 8.470201
v 2.0657 -3.247594 8.803295
v 1.793998 -3.658998 9.152304
v 3.848296 -0.621796 6.975698
v 3.644895 -0.407398 7.011603
v 3.4307 -0.208199 7.045197
v 3.207194 -0.0245 7.076704
v 2.975797 0.143599 7.106196
v 2.737998 0.295895 7.133602
v 3.430396 -0.961399 7.290601
v 2.914798 -1.713198 7.775795
v 2.535796 -2.218699 8.126794
v 2.191495 -2.736896 8.490895
v 1.899898 -3.169697 8.8212
v 3.227597 -0.781 7.322501
v 3.016597 -0.6145 7.352399
v 2.798599 -0.461996 7.380306
v 2.574896 -0.323498 7.406401
v 2.723097 -1.573896 7.802402
v 2.351498 -2.106899 8.149396
v 2.015799 -2.648299 8.5101
v 2.525699 -1.445996 7.827198
v 2.323597 -1.329499 7.850396
v 2.163195 -2.004796 8.170496
v 2.816098 5.785495 3.275
v 2.719396 5.534297 3.7925
v 2.334195 5.687499 3.803801
v 2.655297 5.331295 4.1157
v 2.277296 5.477297 4.128503
v 1.895099 5.599194 4.139601
v 2.591496 5.104196 4.421102
v 2.220898 5.243295 4.435097
v 1.846998 5.359095 4.447298
v 1.470595 5.4524 4.457699
v 2.464598 4.590797 4.979103
v 2.109497 4.717195 4.994999
v 1.7524 4.821896 5.009001
v 1.393997 4.905796 5.020802
v 2.338796 4.016995 5.4713
v 1.999998 4.132097 5.488705
v 1.659995 4.227197 5.503797
v 1.319599 4.303097 5.5166
v 2.214097 3.399699 5.905305
v 1.892298 3.505295 5.923497
v 1.569896 3.592395 5.939304
v 1.2474 3.661894 5.952596
v 2.0904 2.751898 6.2891
v 1.786398 2.849894 6.307601
v 1.481997 2.930796 6.323694
v 1.177495 2.9953 6.337201
v 1.9701 2.0877 6.631099
v 1.683896 2.179098 6.649601
v 1.397198 2.254599 6.665598
v 1.110297 2.314996 6.678902
v 1.855397 1.419198 6.939804
v 1.586198 1.503998 6.957804
v 1.316297 1.5742 6.973397
v 1.046299 1.630395 6.986295
v 1.746499 0.752795 7.223701
v 1.493299 0.830996 7.240902
v 1.239496 0.895798 7.255696
v 0.985396 0.947797 7.267999
v 1.643198 0.0935 7.491397
v 1.405298 0.165194 7.507502
v 1.166695 0.224697 7.521402
v 0.927597 0.272495 7.532906
v 1.483994 -0.976294 7.925498
v 1.269596 -0.915098 7.9396
v 1.054298 -0.864094 7.9517
v 0.838596 -0.822997 7.961797
v 1.382297 -1.693695 8.238601
v 1.182794 -1.639395 8.251297
v 0.982499 -1.593995 8.262204
v 0.781596 -1.557397 8.271204
v 1.2887 -2.376598 8.571803
v 1.102995 -2.328795 8.583294
v 0.916397 -2.288895 8.593105
v 0.729197 -2.256596 8.6012
v 1.214998 -2.9293 8.878302
v 1.040095 -2.886795 8.888899
v 0.864297 -2.8512 8.8979
v 0.687897 -2.822297 8.905303
v 1.147598 -3.447598 9.205603
v 0.982499 -3.409898 9.215402
v 0.816595 -3.378295 9.223699
v 0.649995 -3.3526 9.230601
v 1.076996 -4.004096 9.613
v 0.922298 -3.9716 9.622001
v 0.766694 -3.9442 9.629702
v 0.610399 -3.921896 9.635996
v 1.015299 -4.5044 10.044097
v 0.869596 -4.476499 10.052501
v 0.722998 -4.452896 10.059594
v 0.575697 -4.433697 10.0654
v 0.963598 -4.941898 10.488497
v 0.825399 -4.917895 10.496401
v 0.6863 -4.8976 10.5031
v 0.546598 -4.881 10.508501
v 0.789398 -5.303096 10.955094
v 2.093398 6.286197 2.733999
v 1.610195 6.200397 3.2983
v 1.152294 5.998998 3.828799
v 0.733197 5.825495 4.161899
v 0.332499 5.602097 4.475301
v -0.0431 5.046898 5.041902
v -0.380599 4.42 5.537497
v -0.680798 3.743797 5.969094
v -0.946396 3.0339 6.345498
v -1.179099 2.3018 6.676005
v -1.381099 1.558697 6.969904
v -1.554495 0.813395 7.236897
v -1.700198 0.0744 7.487201
v -1.748198 -1.066899 7.905303
v -1.823997 -1.848995 8.203696
v -1.8803 -2.586597 8.523702
v -1.939898 -3.187698 8.817004
v -1.987999 -3.744399 9.131395
v -2.141594 -3.819996 9.113001
v -2.292299 -3.901594 9.0932
v -2.293097 -4.464197 9.487795
v -2.297395 -4.959499 9.905695
v -2.312195 -5.3855 10.337197
v -2.341896 -5.752396 10.784697
v -2.392095 -6.066298 11.246501
v -2.511399 -6.117695 11.226105
v -2.630496 -6.172597 11.205005
v -2.706396 -6.4372 11.681997
v -2.812898 -6.668299 12.172197
v 0.656396 -5.285698 10.961305
v 0.522798 -5.271399 10.9663
v 0.379896 6.604695 2.746301
v -0.0501 6.391996 3.310203
v -0.448996 6.081295 3.835898
v -0.826699 5.814898 4.160803
v -0.571299 1.696795 7.002305
v -0.538194 1.009398 7.283103
v -0.506794 0.329298 7.546996
v -0.458294 -0.773996 7.974099
v -0.4273 -1.513695 8.282303
v -0.398695 -2.217799 8.611106
v -0.376195 -2.787595 8.914303
v -0.355595 -3.321695 9.238898
v -0.333995 -3.894996 9.643601
v -0.3151 -4.410398 10.072505
v -0.299197 -4.8608 10.514997
v -0.286198 -5.254 10.972296
v -2.193498 6.252998 2.732699
v -2.606797 6.0974 2.727198
v -2.1151 6.057399 3.289901
v -2.516895 5.912595 3.281801
v -2.909898 5.742096 3.272699
v -2.037894 5.787199 3.811502
v -2.427995 5.652695 3.801202
v -2.810996 5.493795 3.789603
v -3.187799 5.308997 3.7768
v -1.987195 5.572098 4.137098
v -2.369195 5.444198 4.125499
v -2.7453 5.2926 4.112499
v -3.116095 5.115896 4.097997
v -3.479498 4.913997 4.082399
v -1.936995 5.333399 4.444598
v -2.310895 5.2118 4.431801
v -2.679795 5.067199 4.417502
v -3.044295 4.898297 4.401599
v -3.4024 4.704797 4.384499
v -3.7521 4.486095 4.365998
v -1.838195 4.798698 5.005901
v -2.195596 4.688596 4.991399
v -2.549397 4.557198 4.975002
v -2.900397 4.402899 4.956799
v -3.246396 4.2252 4.937099
v -3.585898 4.023396 4.915999
v -3.9168 3.796994 4.893397
v -1.741695 4.206097 5.500399
v -2.081996 4.106098 5.484699
v -2.419894 3.986299 5.466901
v -2.755898 3.845 5.447101
v -3.0882 3.681695 5.425595
v -3.415197 3.495597 5.402504
v -3.735095 3.285998 5.3779
v -4.045897 3.052496 5.351697
v -1.647299 3.573197 5.935704
v -1.9701 3.481596 5.919301
v -2.291095 3.371495 5.900597
v -2.610898 3.241598 5.879902
v -2.927798 3.090995 5.857204
v -3.240197 2.919095 5.832802
v -3.5465 2.724999 5.806695
v -3.844797 2.508395 5.778896
v -4.344999 2.794897 5.323898
v -1.859897 2.827799 6.303298
v -2.038598 2.063298 6.626295
v -2.187395 1.292794 6.9144
v -2.307695 0.526398 7.177304
v -2.401697 -0.227594 7.424902
v -2.372497 -1.356399 7.844995
v -2.396196 -2.132797 8.144104
v -2.579295 -2.246898 8.121096
v -2.757495 -2.370899 8.096396
v -2.733999 -3.080397 8.418404
v -2.730298 -3.655797 8.712005
v -2.723199 -4.180794 9.025895
v -2.695494 -4.713195 9.420704
v -2.678596 -5.179798 9.838604
v -2.800798 -5.260497 9.814095
v -2.920496 -5.344998 9.788405
v -2.916395 -5.728596 10.221397
v -2.936697 -6.0642 10.671901
v -2.984696 -6.360298 11.138402
v -3.061896 -6.625097 11.619996
v -3.168499 -6.866395 12.115895
v -1.106095 -0.875396 7.949006
v -1.0306 -1.604098 8.259796
v -0.961196 -2.297794 8.5909
v -0.906598 -2.859097 8.895897
v -0.856495 -3.385299 9.221899
v -0.804096 -3.950297 9.627997
v -0.758296 -4.458194 10.057997
v -0.719798 -4.902094 10.501598
v -0.688398 -5.289596 10.959898
v -2.163195 2.725696 6.284296
v -2.465397 2.605098 6.263005
v -2.765095 2.465498 6.239699
v -3.060799 2.305996 6.214499
v -3.350996 2.126097 6.187402
v -3.633898 1.925295 6.158506
v -4.132699 2.269095 5.749296
v -4.408496 2.006697 5.717801
v -2.323096 1.951098 6.605004
v -2.4526 1.172995 6.891405
v -2.553796 0.401199 7.1532
v -2.629095 -0.3555 7.400297
v -2.573597 -1.475596 7.821404
v -2.769595 -1.606196 7.796203
v -2.959895 -1.748299 7.769095
v -2.929896 -2.504295 8.070098
v -2.891099 -3.203296 8.392798
v -2.875399 -3.7696 8.686601
v -2.858698 -4.284799 9.000801
v -2.822995 -4.804998 9.395896
v -2.946799 -4.900795 9.369802
v -3.0671 -5.000799 9.342395
v -3.0375 -5.432999 9.761797
v -3.0321 -5.807697 10.195695
v -3.052598 -6.137597 10.647296
v -3.101199 -6.431597 11.1153
v -3.178799 -6.698095 11.598705
v -3.294098 -6.776601 11.577295
v -1.430195 -2.9917 8.863102
v -1.350599 -3.502595 9.1915
v -1.267296 -4.051399 9.599899
v -1.194596 -4.544997 10.031795
v -1.133698 -4.9766 10.477005
v -1.084196 -5.353397 10.936998
v -2.604997 1.821398 6.581604
v -2.883297 1.6734 6.5562
v -3.156596 1.506799 6.528806
v -3.423196 1.321095 6.499504
v -3.907597 1.703399 6.127702
v -4.170197 1.460194 6.094896
v -4.419296 1.196199 6.059896
v -1.512795 -3.553897 9.178494
v -1.419395 -4.095298 9.5878
v -1.337897 -4.5825 10.020398
v -1.269698 -5.008596 10.4663
v -1.214396 -5.380696 10.926997
v -4.1489 5.205094 2.698802
v -4.381096 4.7957 3.228097
v -4.590797 4.311996 3.7158
v -4.9052 3.998899 3.6983
v -5.115997 3.520995 3.988199
v -5.302995 3.012698 4.255699
v -5.364996 2.293598 4.757803
v -5.379098 1.528799 5.192303
v -5.338096 0.739998 5.567097
v -5.236297 -0.0525 5.890702
v -5.384397 -0.404596 5.839001
v -5.2172 -1.159399 6.119203
v -5.041694 -1.871198 6.376695
v -4.865396 -2.534896 6.6213
v -4.694998 -3.147399 6.862306
v -4.402095 -3.903996 7.317196
v -4.246598 -4.440695 7.638203
v -4.498898 4.915899 2.690499
v -2.7143 1.036596 6.866395
v -2.795594 0.260794 7.127201
v -2.851498 -0.497299 7.373797
v -3.067797 -0.6531 7.345401
v -3.277099 -0.822997 7.315003
v -3.143298 -1.901495 7.740199
v -3.095895 -2.647 8.042001
v -3.042095 -3.333795 8.365499
v -3.015196 -3.889596 8.659803
v -2.989494 -4.393899 8.974205
v -3.115195 -4.507499 8.946203
v -3.235995 -4.625695 8.916699
v -3.183299 -5.104297 9.313797
v -3.151595 -5.524396 9.7342
v -3.145998 -5.890399 10.169195
v -3.167098 -6.215196 10.622202
v -3.216499 -6.507897 11.091899
v -3.330194 -6.589198 11.0682
v -3.442299 -6.676095 11.044001
v -2.971398 0.883096 6.839406
v -3.222495 0.712395 6.810497
v -3.681397 1.116299 6.4682
v -4.713499 4.494297 3.215199
v -5.0273 4.168099 3.201603
v -5.201095 3.660595 3.679698
v -5.391699 3.167599 3.965699
v -5.556994 2.644699 4.229002
v -5.595797 1.922297 4.724502
v -5.5839 1.157897 5.152499
v -5.514895 0.374895 5.521106
v -5.664497 -0.0047 5.470704
v -5.506998 -0.770599 5.782103
v -5.314999 -1.503396 6.0575
v -5.119794 -2.190899 6.311904
v -4.928696 -2.828198 6.555103
v -4.748296 -3.413295 6.796502
v -4.457199 -4.126095 7.257496
v -3.031998 0.104696 7.099306
v -3.261494 -0.0671 7.069396
v -3.465998 0.524294 6.779598
v -3.700596 0.318497 6.746506
v -3.929597 0.8919 6.434797
v -3.924095 0.0957 6.711196
v -4.165697 0.648695 6.399094
v -4.135096 -0.143796 6.673395
v -4.387599 0.386995 6.360899
v -4.331696 -0.399399 6.632899
v -1.801699 -5.170696 10.411202
v -1.725 -5.518198 10.874902
v -1.667594 -5.817395 11.350798
v -5.698299 3.517895 2.652197
v -5.838698 3.048598 3.155099
v -5.951499 2.507996 3.6152
v -6.072396 1.974099 3.886597
v -6.162196 1.415497 4.1337
v -6.303399 0.972396 4.095297
v -6.238496 0.252497 4.555201
v -6.115698 -0.484097 4.949003
v -5.935698 -1.211899 5.286097
v -5.703699 -1.908099 5.576896
v -5.452996 -2.557098 5.837499
v -5.215698 -3.154599 6.083905
v -5.202996 -3.466397 5.996799
v -4.984295 -3.978997 6.239497
v -4.795897 -4.441195 6.489204
v -4.547899 -4.775094 7.058596
v -4.556 -4.981398 6.986701
v -4.4137 -5.200898 7.402205
v -4.433798 -5.381596 7.338201
v -4.317897 -5.587899 7.771598
v -4.350596 -5.7482 7.715498
v -3.482997 -0.254595 7.0374
v -3.477597 -1.006698 7.282602
v -3.318798 -2.065598 7.709395
v -3.254395 -2.798599 8.012103
v -3.1865 -3.471398 8.336603
v -3.149098 -4.015398 8.6313
v -3.276598 -4.146295 8.6012
v -3.397899 -4.282397 8.569395
v -3.351294 -4.747796 8.885705
v -3.295397 -5.211299 9.283995
v -3.262895 -5.619299 9.705602
v -3.257697 -5.976796 10.142004
v -3.279995 -6.2972 10.596596
v -3.390896 -6.383597 10.570597
v -3.499996 -6.475096 10.544001
v -3.551995 -6.768298 11.019503
v -3.694796 -0.457495 7.003199
v -3.895395 -0.675499 6.966697
v -4.083198 -0.907797 6.927597
v -4.256796 -1.1536 6.885695
v -1.931399 -5.219495 10.394405
v -1.850199 -5.559396 10.859
v -1.974397 -5.603396 10.842
v -3.668397 -1.203697 7.247995
v -3.485596 -2.240097 7.6766
v -3.404897 -2.958697 7.980203
v -3.323894 -3.615599 8.305799
v -3.453296 -3.765696 8.273195
v -3.575098 -3.921598 8.238505
v -3.512197 -4.422599 8.535801
v -3.460997 -4.873299 8.853101
v -3.403395 -5.321496 9.253
v -3.371 -5.717498 9.676003
v -3.367197 -6.067198 10.114097
v -3.474098 -6.161296 10.085606
v -3.578597 -6.259697 10.056399
v -3.606396 -6.571096 10.516905
v -3.658998 -6.866097 10.9946
v -3.847998 -1.4135 7.210897
v -4.014998 -1.635396 7.171201
v -4.168397 -1.868396 7.128703
v -3.642499 -2.424496 7.641505
v -3.5465 -3.126496 7.9463
v -3.678297 -3.300994 7.910203
v -3.800499 -3.482198 7.871496
v -3.688097 -4.081898 8.201705
v -3.619396 -4.566395 8.500301
v -3.5649 -5.001997 8.818995
v -3.507 -5.434596 9.220695
v -3.475999 -5.818998 9.645604
v -3.577494 -5.923599 9.6143
v -3.675997 -6.031697 9.582101
v -3.680098 -6.361997 10.026502
v -3.709995 -6.672 10.489403
v -3.762894 -6.969296 10.968994
v -3.788799 -2.6178 7.604002
v -4.306596 -2.1106 7.082998
v -3.923195 -2.8189 7.5639
v -4.045796 -3.027695 7.520901
v -3.9119 -3.668296 7.830404
v -3.792399 -4.245895 8.162796
v -3.7193 -4.713195 8.463
v -3.663098 -5.133199 8.783399
v -3.606295 -5.550497 9.187197
v -3.700995 -5.668598 9.152698
v -3.791695 -5.789399 9.116899
v -3.770798 -6.142598 9.549104
v -3.778499 -6.468099 9.996103
v -3.810495 -6.777697 10.461103
v -6.743496 -0.597596 2.494602
v -6.6513 -1.1307 2.899902
v -6.512999 -1.6909 3.254502
v -6.3982 -2.153199 3.190999
v -6.210196 -2.665698 3.361701
v -5.993998 -3.151994 3.505098
v -5.711299 -3.665196 3.832298
v -5.418795 -4.129195 4.119699
v -5.136597 -4.5385 4.385298
v -6.689798 -1.081496 2.465402
v -6.566196 -1.609694 2.8535
v -6.4471 -2.075797 2.803301
v -6.248396 -2.606898 3.1219
v -6.033998 -3.093099 3.280102
v -5.794894 -3.551 3.412103
v -5.502694 -4.023098 3.724902
v -5.211097 -4.443597 4.005097
v -6.136 -2.924698 2.319299
v -5.894899 -3.392297 2.629601
v -5.624598 -3.8414 2.8939
v -5.348098 -4.238599 3.019302
v -4.385697 -5.015695 7.464599
v -4.233598 -5.258995 7.880997
v -3.5254 -7.2681 12.591599
v -4.279094 -5.424797 7.826995
v 4.804295 -4.830199 2.353202
v 4.799097 -4.835295 2.352797
v 4.812794 -4.803895 1.55
v 4.7939 -4.840296 2.352398
v 4.804199 -4.8123 1.55
v 4.788595 -4.845297 2.351998
v 4.795497 -4.820597 1.55
v 4.783296 -4.850298 2.351599
v 4.7867 -4.828798 1.55
v 4.778498 -4.907 3.150403
v 4.782497 -4.903095 3.150999
v 4.746395 -5.0197 3.941201
v 4.752498 -5.013197 3.9429
v 4.701298 -5.168795 4.7244
v 4.711395 -5.155295 4.7289
v 4.637998 -5.355495 5.495404
v 4.648095 -5.336797 5.502104
v 4.560595 -5.573499 6.255399
v 4.568296 -5.550599 6.264102
v 4.517596 -5.689495 6.632697
v 4.471498 -5.809795 7.008206
v 4.460996 -5.841296 6.994998
v 4.362499 -6.105899 7.734798
v 4.343897 -6.146597 7.715796
v 4.132795 -6.736397 9.165906
v 4.091 -6.7914 9.137606
v 4.066598 -6.935399 9.648894
v 3.897398 -7.394999 10.589301
v 3.954499 -7.320797 10.621296
v 3.8338 -7.669198 11.328601
v 3.898197 -7.587498 11.358105
v 3.881299 -7.710498 11.7285
v 3.927397 -7.480597 11.394404
v 3.912597 -7.599198 11.763095
v 3.910499 -7.370698 11.429702
v 3.895699 -7.4849 11.797594
v 3.855794 -7.281398 11.456703
v 3.833597 -7.497 12.192201
v 4.367297 -6.017696 7.7708
v 4.370296 -6.061798 7.753598
v 4.154199 -6.667399 9.197306
v 4.150199 -6.594598 9.226703
v 4.1233 -6.5292 9.249996
v 4.080694 -6.774801 9.715401
v 3.9168 -7.043498 10.720002
v 3.9653 -7.125699 10.693895
v 3.854596 -7.686096 12.922799
v 3.894597 -7.693195 12.531899
v 3.890299 -7.5926 12.1652
v 3.906297 -7.710599 12.132
v 3.872996 -7.8251 12.099897
v 3.802698 -7.912099 12.075697
v 3.917896 -7.847797 13.643395
v 3.9321 -7.872295 13.260304
v 3.908598 -7.7865 12.897204
v 3.920799 -7.908695 12.868594
v 3.909099 -7.8139 12.500702
v 3.883498 -8.026397 12.843405
v 3.873699 -7.9306 12.471794
v 3.809595 -8.115196 12.826597
v 3.972297 -7.993096 13.612603
v 3.941398 -7.994699 13.2349
v 3.9496 -8.147495 13.587605
v 3.902298 -8.1119 13.213896
v 3.855496 -8.273899 13.574301
v 4.316395 -6.1809 7.697999
v 4.4447 -5.870395 6.981896
v 4.506796 -5.715698 6.622004
v 4.423397 -5.895596 6.969606
v 4.491895 -5.739796 6.611406
v 4.5497 -5.595296 6.246697
v 4.519897 -5.633699 6.229996
v 4.536098 -5.615496 6.238197
v 4.626297 -5.373299 5.4888
v 4.613095 -5.39 5.482303
v 4.598498 -5.405497 5.475997
v 4.679095 -5.194395 4.715603
v 4.667198 -5.2064 4.711198
v 4.733896 -5.032396 3.937702
v 4.727494 -5.038595 3.936099
v 4.770296 -4.914897 3.149002
v 4.766196 -4.918795 3.148299
v 4.774397 -4.910999 3.149699
v 4.740196 -5.026096 3.939401
v 4.690498 -5.181795 4.7199
v 4.088997 -6.8569 9.683298
v 3.980195 -7.224798 10.658704
v 4.016798 -8.070898 14.017998
v 4.004698 -8.019399 13.974701
v 3.970199 -7.926398 14.044296
v 3.998398 -8.009898 13.924705
v 3.992396 -8.000296 13.874601
v 4.001396 -8.129495 13.906204
v 3.995895 -8.120197 13.855397
v 3.959798 -8.242398 13.893699
v 3.954398 -8.2336 13.842105
v 3.855496 -8.273899 13.574301
v 3.949296 -8.224695 13.790404
v 3.944295 -8.215498 13.738595
v 3.985399 -8.101099 13.753306
v 3.980398 -8.091396 13.702106
v 3.975296 -7.970595 13.723003
v 3.971695 -7.963699 13.6891
v 3.917896 -7.847797 13.643395
v 3.972297 -7.993096 13.612603
v 3.977197 -8.084696 13.667797
v 3.9496 -8.147495 13.587605
v 3.936296 -8.199697 13.652097
v 3.939396 -8.206099 13.686704
v 4.007095 -8.138495 13.956903
v 3.990495 -8.221399 13.9997
v 3.9653 -8.250898 13.945197
v 3.897398 -8.343696 13.993596
v 3.986495 -7.990497 13.824295
v 3.980797 -7.980597 13.773798
v 3.990596 -8.110797 13.804399
v 4.679596 -8.208799 17.6324
v 4.856497 -8.129298 18.791198
v 4.754495 -8.250898 18.221997
v 4.820895 -8.224499 18.805801
v 4.717898 -8.318799 18.234097
v 4.762196 -8.307296 18.821703
v 4.668599 -8.377999 18.247496
v 4.684096 -8.371996 18.838095
v 4.518097 -8.468097 17.6818
v 4.3042 -8.510798 16.503405
v 4.474699 -8.443796 17.081903
v 4.526895 -8.432996 17.375301
v 4.576998 -8.418297 17.667102
v 4.625594 -8.355897 17.653405
v 4.191994 -8.5056 15.898799
v 4.256898 -8.440899 15.886401
v 4.366499 -8.4522 16.489302
v 4.414397 -8.377796 16.477703
v 4.522997 -8.3763 17.068802
v 4.442799 -8.293497 16.470002
v 4.555195 -8.299398 17.058503
v 4.450297 -8.207297 16.466497
v 4.0829 -8.478498 15.279995
v 4.150795 -8.406996 15.270494
v 4.3042 -8.357697 15.877794
v 4.196697 -8.313995 15.266
v 4.327195 -8.264595 15.874099
v 4.212296 -8.211398 15.267705
v 4.197996 -8.1146 15.274798
v 4.104495 -8.133196 14.652299
v 4.0766 -8.032798 14.665495
v 3.970199 -7.926398 14.044296
v 4.016798 -8.070898 14.017998
v 4.097598 -8.244597 14.643406
v 3.990495 -8.221399 13.9997
v 4.053497 -8.347499 14.640903
v 3.897398 -8.343696 13.993596
v 3.982597 -8.425796 14.644896
v 4.660397 -8.284497 17.641603
v 4.608899 -8.294397 17.350601
v 4.5753 -8.368295 17.361795
v 4.8684 -8.118396 18.902003
v 4.832398 -8.213996 18.914901
v 4.864698 -8.121895 18.865
v 4.801297 -8.2614 18.878304
v 4.8608 -8.125597 18.828105
v 4.820895 -8.224499 18.805801
v 4.856497 -8.129298 18.791198
v 4.772996 -8.296996 18.928706
v 4.684096 -8.371996 18.838095
v 4.762196 -8.307296 18.821703
v 4.694294 -8.361995 18.942701
v 4.8684 -8.118396 18.902003
v 4.890096 -8.0747 19.362699
v 4.832398 -8.213996 18.914901
v 4.826694 -8.213299 19.3758
v 4.772996 -8.296996 18.928706
v 4.715597 -8.318001 19.386899
v 4.694294 -8.361995 18.942701
v 4.868197 -8.030998 19.821095
v 4.804998 -8.169096 19.828903
v 4.694998 -8.274096 19.828998
v 4.685497 -8.264899 19.920706
v 4.730695 -8.120197 20.328294
v 4.613596 -8.220797 20.362603
v 4.604899 -8.072096 20.816802
v 4.500597 -8.177596 20.794701
v 4.474097 -8.1694 20.876395
v 4.429697 -8.025598 21.286606
v 4.3127 -8.127397 21.293401
v 4.205197 -7.980901 21.738004
v 4.110896 -8.0868 21.695601
v 3.934198 -7.938396 22.164403
v 3.846198 -8.044499 22.112905
v 3.621697 -7.898998 22.557997
v 3.541195 -8.005297 22.497796
v 3.492498 -7.999795 22.552299
v 3.268396 -7.862895 22.9182
v 3.168898 -7.966798 22.875105
v 2.878296 -7.830399 23.240696
v 2.814698 -7.937097 23.166
v 2.760696 -7.932996 23.205506
v 2.459096 -7.802295 23.519002
v 2.376198 -7.907396 23.455202
v 2.012896 -7.778799 23.752104
v 1.968598 -7.885599 23.666595
v 1.913398 -7.883095 23.691498
v 1.541197 -7.759898 23.938703
v 1.478499 -7.865798 23.858999
v 1.051497 -7.745999 24.075305
v 1.028394 -7.852995 23.983096
v 0.550699 -7.737398 24.159395
v 0.538498 -7.844495 24.065398
v 0.0461 -7.734298 24.190794
v 0.0451 -7.8413 24.096095
v -0.0022 -7.8413 24.096297
v -0.457698 -7.736396 24.169301
v -0.471199 -7.843798 24.072801
v -0.959098 -7.743996 24.094903
v -0.9381 -7.850998 24.002301
v -1.416897 -7.863795 23.878895
v -1.448595 -7.756799 23.969006
v -1.877796 -7.881498 23.707103
v -1.919996 -7.774597 23.793398
v -1.909297 -7.882899 23.693298
v -2.373296 -7.797396 23.5682
v -2.336096 -7.905 23.478102
v -2.800595 -7.824701 23.297094
v -2.738797 -7.931399 23.221206
v -2.761399 -7.933098 23.205005
v -3.194397 -7.856196 22.9851
v -3.134 -7.963597 22.9066
v -3.554797 -7.891595 22.632205
v -3.475797 -7.997995 22.570502
v -3.490298 -7.999598 22.554599
v -3.877198 -7.930499 22.2427
v -3.797096 -8.037596 22.180604
v -4.155498 -7.9723 21.824001
v -4.062396 -8.0783 21.779703
v -4.0699 -8.0796 21.7669
v -4.388999 -8.016598 21.377503
v -4.293298 -8.123099 21.336197
v -4.575198 -8.063095 20.907794
v -4.471695 -8.168697 20.883702
v -4.474395 -8.169496 20.875703
v -4.710495 -8.110696 20.424198
v -4.604196 -8.2165 20.406806
v -4.794299 -8.159297 19.929396
v -4.684698 -8.264297 19.927203
v -4.684895 -8.264499 19.925295
v -4.715299 -8.313196 19.435405
v -4.826098 -8.208596 19.4247
v -4.772996 -8.296996 18.928706
v -4.832398 -8.213996 18.914901
v -4.889595 -8.069896 19.412803
v -4.8684 -8.118396 18.902003
v 4.858195 -8.021998 19.915794
v 4.783296 -7.978099 20.374094
v 4.665696 -7.9351 20.822202
v 4.638397 -7.926899 20.906304
v 4.470598 -7.885199 21.3387
v 4.260998 -7.844799 21.755599
v 3.986299 -7.802796 22.1879
v 3.669899 -7.763797 22.586702
v 3.619694 -7.758295 22.642695
v 3.284096 -7.725596 22.977196
v 2.916699 -7.695895 23.2787
v 2.860999 -7.691895 23.319398
v 2.462399 -7.666397 23.578094
v 2.039796 -7.644796 23.796999
v 1.982796 -7.642298 23.8227
v 1.532 -7.625097 23.996197
v 1.065599 -7.612299 24.124705
v 0.557995 -7.603895 24.209999
v 0.0467 -7.6007 24.241697
v -0.0023 -7.6007 24.241995
v -0.488198 -7.603096 24.217605
v -0.971997 -7.610398 24.144601
v -1.468098 -7.622998 24.016904
v -1.945698 -7.640695 23.838996
v -1.9786 -7.642096 23.824595
v -2.420699 -7.664096 23.601805
v -2.837997 -7.690298 23.335802
v -2.861797 -7.691997 23.318802
v -3.247898 -7.7223 23.010003
v -3.602099 -7.756495 22.661995
v -3.617495 -7.758098 22.645103
v -3.935599 -7.7959 22.257899
v -4.210698 -7.8363 21.842801
v -4.218697 -7.8377 21.829103
v -4.4505 -7.880896 21.382998
v -4.635697 -7.926195 20.914303
v -4.6386 -7.927 20.905601
v -4.773598 -7.9737 20.419799
v -4.857397 -8.021301 19.922899
v -4.857695 -8.021497 19.920599
v -4.694294 -8.361995 18.942701
v -4.856497 -8.129298 18.791198
v -4.820895 -8.224499 18.805801
v -4.8608 -8.125597 18.828105
v -4.800099 -8.262598 18.867206
v -4.864698 -8.121895 18.865
v -4.832398 -8.213996 18.914901
v -4.8684 -8.118396 18.902003
v -4.762196 -8.307296 18.821703
v -4.691195 -8.365195 18.907796
v -4.772996 -8.296996 18.928706
v -4.694294 -8.361995 18.942701
v -4.684096 -8.371996 18.838095
v -4.687798 -8.368599 18.872904
v -4.0169 -8.070695 14.017998
v -4.032695 -8.057498 14.182805
v -3.969997 -7.926297 14.044403
v -4.0555 -8.084398 14.340304
v -4.076498 -8.032399 14.666497
v -4.079598 -8.1097 14.497005
v -4.104596 -8.133298 14.653002
v -4.097598 -8.244699 14.643895
v -4.130595 -8.155298 14.808105
v -4.121297 -8.264499 14.800905
v -4.157298 -8.175599 14.962505
v -4.145795 -8.282697 14.956998
v -4.212599 -8.211499 15.268897
v -4.196798 -8.314096 15.266799
v -4.327195 -8.264595 15.874099
v -4.3042 -8.357697 15.877794
v -4.442799 -8.293497 16.470002
v -4.414397 -8.377796 16.477703
v -4.660397 -8.284497 17.641698
v -4.625594 -8.355897 17.6535
v -4.820895 -8.224499 18.805801
v -4.762196 -8.307296 18.821703
v -4.576998 -8.418297 17.667102
v -4.684096 -8.371996 18.838095
v -4.518097 -8.468097 17.6818
v -4.3042 -8.510798 16.5035
v -4.366499 -8.4522 16.489302
v -4.191994 -8.5056 15.898799
v -4.256898 -8.440899 15.886401
v -4.0829 -8.478498 15.280103
v -4.150795 -8.406996 15.2709
v -4.100698 -8.380699 14.957904
v -4.032295 -8.174395 14.167701
v -3.990596 -8.221298 13.9997
v -3.989797 -8.284199 14.158999
v -3.897297 -8.343696 13.993596
v -4.009997 -8.3072 14.320599
v -3.982597 -8.425796 14.644896
v -4.0313 -8.3283 14.4814
v -4.053497 -8.347499 14.641201
v -4.0748 -8.222997 14.486002
v -4.076695 -8.364999 14.799999
v -4.856497 -8.129298 18.791198
v -4.679596 -8.208799 17.632603
v -4.450297 -8.207297 16.466497
v -4.198098 -8.113795 15.276395
v -4.052996 -8.199596 14.327203
v -3.972196 -7.993096 13.612603
v -3.967899 -7.956498 13.652002
v -3.917896 -7.847899 13.6433
v -3.971099 -7.962501 13.682603
v -3.974294 -7.968598 13.713097
v -3.9765 -8.083599 13.6613
v -3.979498 -8.0895 13.691997
v -3.935694 -8.198499 13.645398
v -3.938496 -8.204197 13.676595
v -3.855496 -8.273798 13.574301
v -3.941398 -8.209896 13.707696
v -3.944295 -8.215498 13.738703
v -3.9855 -8.101201 13.753401
v -3.988599 -8.106899 13.784002
v -3.984194 -7.986497 13.804101
v -3.991198 -7.998299 13.864302
v -3.969997 -7.926297 14.044403
v -4.000896 -8.013695 13.944696
v -4.0169 -8.070695 14.017998
v -4.003697 -8.133095 13.926398
v -3.990596 -8.221298 13.9997
v -3.961998 -8.245795 13.914298
v -3.897297 -8.343696 13.993596
v -3.953397 -8.2318 13.831603
v -3.947299 -8.221 13.769697
v -3.994899 -8.118295 13.845002
v -3.973597 -8.077597 13.630401
v -3.9496 -8.147495 13.587605
v -3.932899 -8.1927 13.614296
v -3.980898 -7.980597 13.773798
v -3.982394 -8.0953 13.7228
v -3.977495 -7.9746 13.743495
v -4.795497 -4.820597 1.55
v -4.7867 -4.828798 1.55
v -4.788595 -4.845297 2.351998
v -4.783296 -4.850298 2.351599
v -4.766196 -4.918795 3.148299
v -4.727596 -5.038595 3.936099
v -4.733997 -5.032396 3.937702
v -4.770398 -4.914897 3.149002
v -4.7939 -4.840296 2.352398
v -4.804199 -4.8123 1.55
v -4.799097 -4.835295 2.352797
v -4.812794 -4.803895 1.55
v -4.804295 -4.830199 2.353202
v -4.778498 -4.907 3.150403
v -4.782497 -4.902994 3.150999
v -4.752498 -5.013197 3.9429
v -4.746496 -5.0197 3.941201
v -4.711395 -5.155295 4.7289
v -4.701298 -5.168795 4.7244
v -4.648095 -5.336797 5.502104
v -4.637998 -5.355495 5.495404
v -4.568296 -5.550599 6.264102
v -4.5605 -5.573499 6.255399
v -4.517596 -5.689495 6.632697
v -4.5497 -5.595296 6.246697
v -4.506796 -5.715698 6.622004
v -4.536098 -5.615597 6.238197
v -4.491895 -5.739796 6.611406
v -4.519897 -5.633699 6.229996
v -4.423397 -5.895596 6.969606
v -4.679095 -5.194395 4.715501
v -4.667198 -5.2064 4.711198
v -4.613095 -5.39 5.482303
v -4.598498 -5.405497 5.475997
v -4.316395 -6.1809 7.697999
v -4.343897 -6.146597 7.715701
v -4.4447 -5.870395 6.981896
v -4.460996 -5.841296 6.994998
v -4.471498 -5.809795 7.008206
v -4.202497 -6.536799 8.683394
v -4.091 -6.7914 9.137606
v -4.132795 -6.736397 9.165906
v -4.066598 -6.935399 9.648894
v -4.088997 -6.8569 9.683298
v -3.980195 -7.224798 10.658704
v -3.9653 -7.125699 10.693799
v -3.910499 -7.370698 11.429702
v -3.855794 -7.281398 11.456596
v -3.833597 -7.497 12.192201
v -3.890299 -7.5926 12.1652
v -3.854596 -7.686096 12.922799
v -3.908598 -7.7865 12.897204
v -3.917896 -7.847899 13.6433
v -3.972196 -7.993096 13.612603
v -3.920799 -7.908695 12.868594
v -3.9496 -8.147495 13.587605
v -3.883498 -8.026397 12.843405
v -3.855496 -8.273798 13.574301
v -3.809595 -8.115196 12.826597
v -3.802698 -7.912099 12.075602
v -3.872996 -7.8251 12.099897
v -3.8338 -7.669198 11.328601
v -3.898197 -7.587498 11.358105
v -3.897398 -7.394999 10.589301
v -3.954499 -7.320797 10.621296
v -3.9168 -7.043498 10.720002
v -4.080694 -6.774801 9.715401
v -4.154199 -6.667399 9.197198
v -4.123395 -6.529396 9.249996
v -4.150199 -6.594598 9.226703
v -4.223096 -6.477499 8.710801
v -4.223597 -6.4143 8.737206
v -4.367297 -6.017696 7.7708
v -4.370397 -6.061697 7.753598
v -4.774397 -4.910999 3.149699
v -4.740297 -5.026096 3.939502
v -4.690498 -5.181795 4.7199
v -4.626297 -5.373299 5.4888
v -4.362499 -6.105899 7.734798
v -3.927397 -7.480597 11.394404
v -3.906297 -7.710498 12.132
v 0.713396 -6.069999 14.173602
v 0.418997 -6.264996 14.117097
v 0 -6.069999 14.123701
v 0 -6.264996 14.100002
v 0 -6.069999 14.123701
v 0 -6.264996 14.100002
v -0.418997 -6.264996 14.117097
v 1.412999 -6.069999 14.322304
v 1.245796 -6.264996 14.252995
v 0.835198 -6.264996 14.168202
v 1.648199 -6.264996 14.370905
v 2.085 -6.069999 14.566897
v 2.039694 -6.264996 14.521204
v 2.4176 -6.264996 14.702796
v 2.716499 -6.069999 14.902698
v 2.779495 -6.264996 14.9145
v 3.122997 -6.264996 15.155005
v 3.295099 -6.069999 15.323102
v 3.507596 -6.264996 15.479194
v 3.809595 -6.069999 15.819894
v 3.858697 -6.264996 15.839302
v 4.172998 -6.264996 16.232001
v 4.249894 -6.069999 16.383397
v 4.447495 -6.264996 16.653406
v 4.607397 -6.069999 17.002796
v 4.679596 -6.264996 17.099701
v 4.875397 -6.069999 17.665898
v 4.866999 -6.264996 17.566406
v 5.008 -6.264996 18.049203
v 5.0484 -6.069999 18.359803
v 5.101299 -6.264996 18.543397
v 5.123096 -6.069999 19.071101
v 5.149996 -6.264996 19.245004
v 5.098199 -6.069999 19.785797
v 5.102598 -6.264996 19.946801
v 4.973995 -6.069999 20.490204
v 4.960095 -6.264996 20.635497
v 4.752999 -6.069999 21.170305
v 4.725098 -6.264996 21.298396
v 4.439496 -6.069999 21.813106
v 4.401898 -6.264996 21.9231
v 4.039496 -6.069999 22.406005
v 3.9967 -6.264996 22.497903
v 3.560996 -6.069999 22.9375
v 3.5169 -6.264996 23.012196
v 3.013098 -6.069999 23.397194
v 2.9715 -6.264996 23.456298
v 2.406597 -6.069999 23.776196
v 2.370697 -6.264996 23.821901
v 1.7533 -6.069999 24.067103
v 1.725596 -6.264996 24.102305
v 1.065796 -6.069999 24.264204
v 1.048398 -6.264996 24.292206
v 0.357598 -6.069999 24.363803
v 0.351697 -6.264996 24.388002
v -0.357598 -6.069999 24.363803
v -0.351697 -6.264996 24.388002
v -1.048398 -6.264996 24.292206
v -1.065796 -6.069999 24.264204
v -1.725596 -6.264996 24.102305
v -1.7533 -6.069999 24.067103
v -2.370697 -6.264996 23.821901
v -2.406597 -6.069999 23.776196
v -2.9715 -6.264996 23.456298
v -3.013098 -6.069999 23.397194
v -3.5169 -6.264996 23.012196
v -3.560996 -6.069999 22.9375
v -3.9967 -6.264996 22.497903
v -4.039496 -6.069999 22.406005
v -4.401898 -6.264996 21.9231
v -4.439496 -6.069999 21.813106
v -4.725098 -6.264996 21.298396
v -4.752999 -6.069999 21.170305
v -4.960095 -6.264996 20.635497
v -4.973995 -6.069999 20.490204
v -5.102598 -6.264996 19.946801
v -5.098199 -6.069999 19.785797
v -5.149996 -6.264996 19.245004
v -5.123096 -6.069999 19.071101
v -5.101299 -6.264996 18.543397
v -5.0484 -6.069999 18.359803
v -5.008 -6.264996 18.049203
v -4.875397 -6.069999 17.665898
v -4.866999 -6.264996 17.566406
v -4.679596 -6.264996 17.099594
v -4.607397 -6.069999 17.002796
v -4.447495 -6.264996 16.653406
v -4.249894 -6.069999 16.383397
v -4.172998 -6.264996 16.232001
v -3.809595 -6.069999 15.819894
v -3.858697 -6.264996 15.839302
v -3.507596 -6.264996 15.479194
v -3.295099 -6.069999 15.323102
v -3.122997 -6.264996 15.155005
v -2.716499 -6.069999 14.902698
v -2.779495 -6.264996 14.9145
v -2.4176 -6.264996 14.702796
v -2.085 -6.069999 14.566897
v -2.039694 -6.264996 14.521204
v -1.648199 -6.264996 14.370905
v -1.412999 -6.069999 14.322304
v -1.245796 -6.264996 14.252995
v -0.713396 -6.069999 14.173602
v -0.835198 -6.264996 14.168202
v -3.725999 -7.559698 14.364504
v -3.714895 -7.590597 13.960897
v -3.969997 -7.926297 14.044403
v -3.692597 -7.569199 13.748502
v -3.668999 -7.536095 13.537299
v -3.3535 -7.2434 13.393902
v -3.333699 -7.207399 13.199102
v -3.1506 -7.0836 13.212894
v -3.133296 -7.045495 13.025497
v -2.798199 -6.848597 12.941205
v -2.784895 -6.805896 12.764298
v -2.490699 -6.6747 12.741302
v -2.480596 -6.627297 12.571596
v -2.1667 -6.513196 12.562596
v -2.159595 -6.459999 12.399303
v -1.828294 -6.362396 12.407302
v -1.823699 -6.303 12.249397
v -1.476198 -6.223797 12.277304
v -1.473796 -6.158298 12.123596
v -1.187396 -6.126397 12.193095
v -1.186197 -6.056594 12.041997
v -0.889897 -6.044495 12.1266
v -0.889498 -5.970895 11.977302
v -0.584495 -5.982899 12.078701
v -0.584495 -5.906498 11.930703
v -0.2729 -5.9457 12.050604
v -0.272995 -5.8676 11.903202
v 0 -5.774694 11.750006
v -0.340199 -5.792498 11.7617
v -3.450196 -7.1796 14.726101
v -3.447198 -7.221496 14.596402
v -3.425699 -7.277798 14.2704
v -3.401094 -7.292795 13.932406
v -3.213596 -7.146298 14.056503
v -3.192198 -7.146298 13.730704
v -2.846699 -6.955295 13.739704
v -2.830195 -6.932896 13.430404
v -2.528095 -6.816798 13.509201
v -2.515298 -6.777501 13.210999
v -2.193695 -6.690698 13.304805
v -2.184498 -6.6352 13.015698
v -1.845794 -6.575 13.128494
v -1.839798 -6.503999 12.846695
v -1.485794 -6.47 12.981903
v -1.482599 -6.384295 12.705802
v -1.1922 -6.396698 12.887894
v -1.190596 -6.300598 12.615203
v -0.891399 -6.3353 12.814294
v -0.891 -6.230294 12.543999
v -0.5844 -6.289297 12.761902
v -0.584596 -6.177598 12.493097
v -0.272596 -6.261599 12.731205
v -0.272697 -6.145799 12.463295
v 0 -6.083899 12.341498
v -0.2729 -6.020897 12.199496
v -3.327596 -6.9907 14.887201
v -3.249198 -7.031595 14.670204
v -3.232097 -7.1101 14.372598
v -3.258699 -6.964695 14.826595
v -3.218597 -6.779199 15.030002
v -2.890497 -6.787896 14.670598
v -2.898496 -6.679797 14.832806
v -2.568697 -6.652796 14.604305
v -2.571195 -6.589996 14.682995
v -2.225399 -6.573796 14.488505
v -2.226698 -6.4942 14.560102
v -1.866996 -6.485199 14.399098
v -1.867097 -6.425797 14.430403
v -1.4961 -6.419998 14.3
v -1.495796 -6.355398 14.318
v -1.195096 -6.352996 14.235996
v -1.245796 -6.264996 14.252995
v -0.889999 -6.350898 14.172601
v -0.835198 -6.264996 14.168202
v -0.581396 -6.349295 14.127695
v -0.418997 -6.264996 14.117097
v -0.270599 -6.348299 14.101695
v 0 -6.264996 14.100002
v 0 -6.348097 14.094495
v -3.1403 -6.539297 15.1327
v -2.901798 -6.6069 14.904796
v -2.573198 -6.5032 14.748703
v -2.227097 -6.431698 14.589094
v -1.866996 -6.358599 14.447199
v -1.648199 -6.264996 14.370905
v -3.124099 -6.407099 15.153896
v -2.905899 -6.443399 14.987301
v -2.904599 -6.512397 14.963995
v -2.9069 -6.368297 14.998995
v -3.122997 -6.264996 15.155005
v -2.779495 -6.264996 14.9145
v -2.5747 -6.365096 14.788603
v -2.4176 -6.264996 14.702796
v -2.227395 -6.361895 14.604305
v -2.039694 -6.264996 14.521204
v -0.270796 -6.407499 14.081406
v 0 -6.424999 14.063596
v -0.270998 -6.457901 14.044606
v 0 -6.483298 14.004694
v -0.271297 -6.512296 13.956403
v 0 -6.517696 13.928997
v -0.271499 -6.535595 13.855099
v 0 -6.537896 13.763904
v -0.271797 -6.5328 13.6474
v 0 -6.5243 13.597702
v -0.271899 -6.497198 13.442301
v 0 -6.450796 13.272296
v -0.272095 -6.455898 13.280999
v -0.272298 -6.3663 13.003503
v -0.584197 -6.389397 13.0347
v 0 -6.345397 12.955605
v -0.675696 -5.843997 11.795901
v -1.002198 -5.925297 11.851501
v -1.317995 -6.030195 11.926805
v -1.916098 -6.285798 12.131702
v -2.470499 -6.576198 12.402998
v -2.974694 -6.897598 12.731098
v -3.417998 -7.2609 13.100695
v -3.793096 -7.674396 13.492404
v -3.917896 -7.847899 13.6433
v -3.372097 -7.270801 13.589703
v -3.166896 -7.114398 13.401102
v -2.8108 -6.885498 13.118898
v -2.500295 -6.7173 12.9117
v -2.173596 -6.562 12.726902
v -1.832699 -6.417798 12.566399
v -1.478695 -6.285595 12.432205
v -1.1886 -6.192797 12.345599
v -0.890398 -6.114798 12.277304
v -0.584596 -6.056296 12.228297
v -2.860999 -6.9485 14.042603
v -2.539294 -6.831598 13.803505
v -2.201896 -6.725299 13.592195
v -1.851195 -6.628197 13.4104
v -1.488697 -6.540095 13.259803
v -1.193398 -6.478899 13.163494
v -0.891596 -6.427699 13.088202
v -0.583899 -6.473696 13.312303
v -0.891799 -6.503397 13.365995
v -0.583696 -6.511795 13.473295
v -0.891995 -6.536096 13.526498
v -0.5835 -6.543099 13.677501
v -0.891995 -6.560295 13.729202
v -0.583094 -6.541699 13.883697
v -0.891799 -6.551897 13.932895
v -0.582695 -6.516498 13.984095
v -0.891495 -6.523495 14.031803
v -0.582194 -6.460499 14.071297
v -0.891 -6.464695 14.117395
v -0.581896 -6.409299 14.107703
v -0.890499 -6.4121 14.153003
v -1.194596 -6.542998 13.441597
v -1.195299 -6.568497 13.601505
v -1.196098 -6.583195 13.802301
v -1.196497 -6.565397 14.002501
v -1.196396 -6.532597 14.099096
v -1.195996 -6.470197 14.182602
v -1.195698 -6.415796 14.217197
v -1.491397 -6.590396 13.538598
v -1.492995 -6.607198 13.697897
v -1.494795 -6.6105 13.896202
v -1.4961 -6.581199 14.092003
v -1.496398 -6.543296 14.185905
v -1.496398 -6.476598 14.266705
v -1.856297 -6.658595 13.690697
v -1.8592 -6.662797 13.848995
v -1.862698 -6.649398 14.043795
v -1.8655 -6.603598 14.232897
v -1.866495 -6.558197 14.322495
v -2.209597 -6.7339 13.874697
v -2.213996 -6.723999 14.032196
v -2.2192 -6.691998 14.2228
v -2.2237 -6.6275 14.403998
v -2.5496 -6.816297 14.089202
v -2.555495 -6.790798 14.245998
v -2.562499 -6.737899 14.432096
v -2.874195 -6.9067 14.332794
v -2.881598 -6.863999 14.489197
v -2.574098 -6.437498 14.775096
v 3.917896 -7.847797 13.643395
v 3.793096 -7.674396 13.492404
v 3.970199 -7.926398 14.044296
v 3.672099 -7.540798 13.563406
v 3.698295 -7.575798 13.801395
v 3.336197 -7.212197 13.223099
v 3.358298 -7.251095 13.442599
v 3.135496 -7.050496 13.0486
v 3.154796 -7.0921 13.259601
v 2.7866 -6.811398 12.786101
v 2.8014 -6.858396 12.985395
v 2.481895 -6.633299 12.592505
v 2.493095 -6.685799 12.783598
v 2.160495 -6.466799 12.419402
v 2.1685 -6.525695 12.603401
v 1.824295 -6.3106 12.2689
v 1.829397 -6.3766 12.446796
v 1.4741 -6.166595 12.142502
v 1.476895 -6.239497 12.315701
v 1.186299 -6.065398 12.060606
v 1.1877 -6.143295 12.230896
v 0.889599 -5.980199 11.995696
v 0.889999 -6.062299 12.1639
v 0.584495 -5.916094 11.948895
v 0.584596 -6.001394 12.115799
v 0.272995 -5.877399 11.921298
v 0.2729 -5.964696 12.087499
v 0 -5.774694 11.750006
v 0 -6.083899 12.341498
v 3.417998 -7.2609 13.100695
v 3.2866 -7.142299 12.981903
v 2.974694 -6.897598 12.731098
v 2.470499 -6.576198 12.402998
v 1.916098 -6.285798 12.131702
v 1.317995 -6.030195 11.926805
v 1.240098 -6.002098 11.906301
v 0.675696 -5.843997 11.795901
v 0.5925 -5.828195 11.785304
v 0.297898 -5.788296 11.758994
v 0 -6.345397 12.955605
v 0.272697 -6.204897 12.596594
v 0.272798 -6.128495 12.425195
v 0.272798 -6.048399 12.255501
v 0.584596 -6.160795 12.454902
v 0.584596 -6.082999 12.284504
v 0.891 -6.214398 12.505602
v 0.890499 -6.140398 12.334
v 1.190298 -6.285798 12.576305
v 1.189094 -6.2168 12.402903
v 1.481997 -6.370896 12.666403
v 1.479595 -6.307697 12.490403
v 1.838797 -6.492495 12.806403
v 1.834297 -6.437397 12.626099
v 2.182996 -6.625699 12.974297
v 2.1761 -6.578999 12.788497
v 2.513295 -6.770098 13.168096
v 2.503699 -6.731796 12.975596
v 2.827697 -6.927597 13.385903
v 2.815198 -6.897598 13.1855
v 3.188794 -7.143598 13.683497
v 3.172695 -7.123696 13.471602
v 3.397196 -7.291799 13.883494
v 3.378695 -7.2784 13.6631
v 3.745698 -7.5962 14.2794
v 3.722995 -7.595098 14.040505
v 0 -6.450796 13.272296
v 0.272197 -6.406897 13.121699
v 0.272399 -6.344997 12.944697
v 0.272495 -6.277298 12.769698
v 0.584197 -6.369 12.975894
v 0.5844 -6.304299 12.800502
v 0.891596 -6.409096 13.029205
v 0.891495 -6.349295 12.853204
v 1.193195 -6.462597 13.104199
v 1.192295 -6.409299 12.927102
v 1.488095 -6.526595 13.200103
v 1.486295 -6.480997 13.021397
v 1.850098 -6.618499 13.349997
v 1.846599 -6.583797 13.168704
v 2.200198 -6.719899 13.530802
v 2.195 -6.696999 13.346004
v 2.537 -6.830698 13.740896
v 2.529799 -6.820499 13.551497
v 2.858096 -6.952697 13.978504
v 2.848899 -6.956195 13.783394
v 3.228294 -7.121199 14.305996
v 3.216397 -7.143497 14.102303
v 3.4428 -7.237398 14.527999
v 3.4289 -7.272499 14.317798
v 3.5272 -7.287299 14.625
v 0 -6.5243 13.597702
v 0.271899 -6.497198 13.442301
v 0.272095 -6.455898 13.280999
v 0.583899 -6.473696 13.312303
v 0.583994 -6.4278 13.153004
v 0.891799 -6.503397 13.365995
v 0.891697 -6.462496 13.206803
v 1.194596 -6.542998 13.441597
v 1.193898 -6.509 13.282405
v 1.491397 -6.590396 13.538598
v 1.4898 -6.564497 13.379203
v 1.856297 -6.658595 13.690697
v 1.8534 -6.644397 13.530897
v 2.209597 -6.7339 13.874697
v 2.205199 -6.7326 13.714098
v 2.5496 -6.816297 14.089202
v 2.543795 -6.8291 13.927304
v 2.874195 -6.9067 14.332794
v 2.866697 -6.935298 14.169001
v 3.249198 -7.031595 14.670204
v 3.2395 -7.082098 14.503097
v 3.381896 -7.078295 14.815604
v 0.271797 -6.527495 13.606094
v 0 -6.537896 13.763904
v 0.271499 -6.535595 13.855099
v 0 -6.517696 13.928997
v 0.271297 -6.512296 13.956403
v 0 -6.483298 14.004694
v 0.270998 -6.457901 14.044606
v 0 -6.424999 14.063596
v 0.270694 -6.368696 14.0967
v 0 -6.348097 14.094495
v 0.418997 -6.264996 14.117097
v 0 -6.264996 14.100002
v 0.835198 -6.264996 14.168202
v 0.581598 -6.3699 14.122795
v 0.582194 -6.460499 14.071297
v 0.582695 -6.516498 13.984095
v 0.583094 -6.541699 13.883697
v 0.583595 -6.538701 13.636397
v 0.583696 -6.511795 13.473295
v 0.890195 -6.371897 14.167797
v 1.245796 -6.264996 14.252995
v 1.195299 -6.374496 14.231395
v 1.648199 -6.264996 14.370905
v 1.495897 -6.3775 14.313601
v 1.867097 -6.381499 14.443099
v 1.496398 -6.476598 14.266705
v 1.866996 -6.485199 14.399098
v 1.496398 -6.543296 14.185905
v 1.866495 -6.558197 14.322495
v 1.4961 -6.581199 14.092003
v 1.8655 -6.603598 14.232897
v 1.494497 -6.6118 13.856601
v 1.861995 -6.654095 14.005195
v 1.492995 -6.607198 13.697897
v 1.8592 -6.662797 13.848995
v 2.039694 -6.264996 14.521204
v 2.2273 -6.3856 14.600705
v 2.226698 -6.4942 14.560102
v 2.225399 -6.573796 14.488505
v 2.2237 -6.6275 14.403998
v 2.218198 -6.700396 14.185297
v 2.213996 -6.723999 14.032196
v 2.4176 -6.264996 14.702796
v 2.574497 -6.389695 14.785396
v 2.573198 -6.5032 14.748703
v 2.571195 -6.589996 14.682995
v 2.568697 -6.652796 14.604305
v 2.561199 -6.750595 14.395904
v 2.555495 -6.790798 14.245998
v 2.779495 -6.264996 14.9145
v 2.906596 -6.393796 14.996301
v 2.904599 -6.512397 14.963995
v 2.901798 -6.6069 14.904796
v 2.898496 -6.679797 14.832806
v 2.888798 -6.8053 14.635705
v 2.881598 -6.863999 14.489197
v 3.122997 -6.264996 15.155005
v 3.125 -6.423795 15.152406
v 3.148394 -6.577599 15.121697
v 3.2498 -6.846898 14.988803
v 3.258699 -6.964695 14.826595
v 0.584495 -6.234699 12.626897
v 0.891298 -6.284195 12.678598
v 1.191395 -6.350195 12.751101
v 1.484298 -6.428796 12.843501
v 1.842898 -6.541496 12.987398
v 2.189296 -6.665295 13.160299
v 2.521997 -6.7999 13.360297
v 2.838796 -6.947398 13.585495
v 3.203296 -7.150501 13.894199
v 3.413796 -7.290196 14.102303
v 0.891995 -6.536096 13.526498
v 0.891995 -6.557399 13.688504
v 0.891799 -6.551897 13.932895
v 0.891495 -6.523495 14.031803
v 0.891 -6.464695 14.117395
v 1.195299 -6.568497 13.601505
v 1.195996 -6.5822 13.762104
v 1.196497 -6.565397 14.002501
v 1.196396 -6.532597 14.099096
v 1.195996 -6.470197 14.182602
v 3.5272 -7.287299 14.625
v 3.959 -7.784301 14.774202
v 3.970199 -7.926398 14.044296
v 4.010599 -7.895797 14.700495
v 4.061198 -8.009898 14.629399
v 4.116499 -8.047699 14.919495
v 4.0766 -8.032798 14.665495
v 4.197996 -8.1146 15.274798
v 4.175198 -8.078998 15.210902
v 4.252296 -8.109295 15.576695
v 4.142296 -7.961195 15.263902
v 4.229897 -7.9894 15.619205
v 4.108995 -7.845497 15.319299
v 4.206997 -7.871198 15.664004
v 4.041498 -7.618296 15.435695
v 4.160696 -7.638198 15.759205
v 3.961896 -7.328897 15.585398
v 4.107499 -7.340598 15.882706
v 3.926497 -7.175195 15.657495
v 4.084998 -7.182699 15.942096
v 3.896296 -7.0109 15.723001
v 4.0672 -7.014501 15.995299
v 3.873699 -6.843096 15.775298
v 4.055595 -6.843698 16.036605
v 3.858 -6.667196 15.814196
v 4.049599 -6.665897 16.065799
v 3.853499 -6.582999 15.826904
v 4.0488 -6.581497 16.074704
v 3.851497 -6.467497 15.837299
v 4.050296 -6.4664 16.081404
v 3.852796 -6.384795 15.840506
v 4.052996 -6.384098 16.083097
v 3.858697 -6.264996 15.839302
v 4.172998 -6.264996 16.232001
v 3.381896 -7.078295 14.815604
v 3.725296 -7.293599 15.121602
v 3.853899 -7.567 14.927005
v 4.032695 -7.818096 15.045702
v 4.074895 -7.931697 14.981305
v 3.2498 -6.846898 14.988803
v 3.609997 -6.995201 15.303504
v 3.665 -7.149499 15.216004
v 3.843796 -7.313895 15.351604
v 3.946995 -7.5957 15.179895
v 3.564596 -6.836301 15.376698
v 3.148394 -6.577599 15.121697
v 3.528195 -6.666898 15.435397
v 3.515595 -6.584 15.455996
v 3.696399 -6.667399 15.621006
v 3.688299 -6.583696 15.637397
v 3.505694 -6.468296 15.473806
v 3.125 -6.423795 15.152406
v 3.122997 -6.264996 15.155005
v 3.503894 -6.384998 15.479397
v 3.507596 -6.264996 15.479194
v 3.682595 -6.384998 15.6556
v 4.238396 -6.383097 16.337704
v 4.447495 -6.264996 16.653406
v 4.408395 -6.381601 16.603195
v 4.562199 -6.379699 16.878497
v 4.557597 -6.459397 16.880297
v 4.8141 -6.451398 17.457401
v 4.806697 -6.5602 17.460798
v 4.992395 -6.543999 18.064605
v 4.986798 -6.6199 18.068098
v 5.084896 -6.552195 18.560897
v 4.973298 -6.780397 18.075
v 4.958099 -6.938898 18.081795
v 4.786896 -6.808996 17.4618
v 4.7728 -6.9745 17.457997
v 4.535096 -6.829899 16.870605
v 4.526299 -7.000696 16.8545
v 4.387599 -6.836998 16.584896
v 4.383695 -7.0091 16.561495
v 4.227399 -6.841599 16.306697
v 4.230195 -7.013797 16.275
v 4.679596 -6.264996 17.099701
v 4.8186 -6.374597 17.454099
v 4.999095 -6.440597 18.059396
v 4.866999 -6.264996 17.566406
v 5.003094 -6.367897 18.055295
v 5.101299 -6.264996 18.543397
v 5.008 -6.264996 18.049203
v 4.999399 -7.351899 18.649506
v 4.940497 -7.102197 18.089401
v 4.758 -7.142698 17.451405
v 4.519397 -7.171899 16.831695
v 4.383099 -7.1805 16.5295
v 4.237794 -7.184296 16.232895
v 4.856497 -8.129298 18.791198
v 4.836797 -7.8345 18.1432
v 4.877299 -7.581895 18.120097
v 4.921197 -7.263398 18.097996
v 4.7432 -7.306295 17.443799
v 4.679596 -8.208799 17.6324
v 4.790896 -8.086496 18.171798
v 4.814499 -7.960599 18.156802
v 4.684495 -7.876396 17.424797
v 4.711997 -7.624799 17.430495
v 4.507595 -7.649797 16.752194
v 4.514396 -7.335698 16.8056
v 4.385495 -7.343399 16.493105
v 4.653298 -8.128899 17.425202
v 4.450297 -8.207297 16.466497
v 4.495894 -8.145296 16.682505
v 4.414099 -8.142 16.312706
v 4.410099 -8.018398 16.336094
v 4.319596 -8.008199 15.976595
v 4.306399 -7.887798 16.011499
v 4.332399 -8.130198 15.944098
v 3.682696 -6.468099 15.651201
v 3.721696 -6.840598 15.572797
v 3.754895 -7.0046 15.510701
v 3.796696 -7.164496 15.434598
v 4.234796 -6.464695 16.337406
v 4.404097 -6.462395 16.604005
v 4.230695 -6.579196 16.333603
v 4.398298 -6.575995 16.602706
v 4.550695 -6.571799 16.881
v 4.228699 -6.663495 16.327797
v 4.3944 -6.659698 16.599297
v 4.545497 -6.654596 16.879498
v 4.800695 -6.6401 17.462098
v 4.249197 -7.345199 16.185402
v 4.279297 -7.6496 16.086601
v 4.395496 -7.6532 16.417705
v 4.405498 -7.896 16.361498
v 4.499697 -8.020299 16.697203
v 4.502797 -7.896298 16.713904
v 4.669398 -8.0024 17.424201
v -4.694294 -8.361995 18.942701
v -4.264998 -8.5949 19.300496
v -4.715299 -8.313196 19.435405
v -4.048097 -8.691996 19.506597
v -4.684895 -8.264499 19.925295
v -4.036098 -8.639496 19.933902
v -4.684698 -8.264297 19.927203
v -4.604196 -8.2165 20.406806
v -3.978496 -8.587497 20.357501
v -4.474395 -8.169496 20.875703
v -3.875797 -8.536499 20.772695
v -4.471695 -8.168697 20.883702
v -4.293298 -8.123099 21.336197
v -3.729295 -8.4872 21.174704
v -4.0699 -8.0796 21.7669
v -3.540599 -8.439999 21.558904
v -4.062396 -8.0783 21.779703
v -3.797096 -8.037596 22.180604
v -3.311896 -8.395498 21.921097
v -3.490298 -7.999598 22.554599
v -3.045696 -8.3543 22.257196
v -3.475797 -7.997995 22.570502
v -3.134 -7.963597 22.9066
v -2.744996 -8.316695 22.563302
v -2.761399 -7.933098 23.205005
v -2.413296 -8.283197 22.835897
v -2.738797 -7.931399 23.221206
v -2.336096 -7.905 23.478102
v -2.054297 -8.2542 23.072099
v -1.909297 -7.882899 23.693298
v -1.671999 -8.23 23.268997
v -1.877796 -7.881498 23.707103
v -1.270794 -8.210897 23.424601
v -1.416897 -7.863795 23.878895
v -0.855297 -8.197098 23.537003
v -0.9381 -7.850998 24.002301
v -0.430095 -8.188796 23.604905
v -0.471199 -7.843798 24.072801
v -0.0017 -8.186 23.627602
v -0.0022 -7.8413 24.096297
v 0.0451 -7.8413 24.096095
v 0.430095 -8.188796 23.604905
v 0.538498 -7.844495 24.065398
v 0.855297 -8.197098 23.537003
v 1.028394 -7.852995 23.983096
v 1.270794 -8.210897 23.424601
v 1.478499 -7.865798 23.858999
v 1.671999 -8.23 23.268997
v 1.913398 -7.883095 23.691498
v 1.968598 -7.885599 23.666595
v 2.054297 -8.2542 23.072099
v 2.376198 -7.907396 23.455202
v 2.413296 -8.283197 22.835897
v 2.760696 -7.932996 23.205506
v 2.814698 -7.937097 23.166
v 2.744996 -8.316695 22.563302
v 3.168898 -7.966798 22.875105
v 3.045696 -8.3543 22.257196
v 3.492498 -7.999795 22.552299
v 3.541195 -8.005297 22.497796
v 3.311896 -8.395498 21.921097
v 3.846198 -8.044499 22.112905
v 3.540599 -8.439999 21.558904
v 4.110896 -8.0868 21.695601
v 3.729295 -8.4872 21.174704
v 4.3127 -8.127397 21.293401
v 3.875797 -8.536499 20.772695
v 4.474097 -8.1694 20.876395
v 4.500597 -8.177596 20.794701
v 3.978496 -8.587497 20.357501
v 4.613596 -8.220797 20.362603
v 4.036098 -8.639496 19.933902
v 4.685497 -8.264899 19.920706
v 4.694998 -8.274096 19.828998
v 4.048097 -8.691996 19.506597
v 4.715597 -8.318001 19.386899
v 4.265296 -8.594799 19.3004
v 4.694294 -8.361995 18.942701
v -3.848898 -8.7825 19.596898
v -3.703796 -8.840495 19.689905
v -3.430998 -8.940297 19.8516
v -3.168898 -9.0258 19.991802
v -3.272294 -8.934295 20.265101
v -2.684396 -9.16 20.214795
v -2.652597 -9.167796 20.227896
v -2.3247 -9.241795 20.352601
v -2.473998 -9.183496 20.424699
v -3.187799 -8.892399 20.6066
v -2.020394 -9.300398 20.451998
v -2.380394 -9.151995 20.681201
v -3.067296 -8.851796 20.937203
v -2.912098 -8.812999 21.253299
v -1.480495 -9.381896 20.591604
v -2.259999 -9.1219 20.926498
v -2.723997 -8.776396 21.551203
v -1.314997 -9.4015 20.625304
v -1.486796 -9.344398 20.744001
v -2.113997 -9.093499 21.157705
v -1.367294 -9.325897 20.894801
v -0.973797 -9.434199 20.681905
v -1.232296 -9.308999 21.032201
v -0.662297 -9.455299 20.718395
v -1.083397 -9.293997 21.154701
v -0.922197 -9.280997 21.260702
v -1.311296 -9.003299 21.892404
v -1.067298 -8.987897 22.018098
v -1.375198 -8.640295 22.659801
v -1.045298 -8.6245 22.787796
v -0.0001 -9.473395 20.749997
v -0.5705 -9.261596 21.418904
v -0.750595 -9.270095 21.349095
v 0.662094 -9.455496 20.718705
v 0.383997 -9.255397 21.469401
v 0.193095 -9.2516 21.499895
v -0.0003 -9.250396 21.510099
v 0.274497 -8.9616 22.232496
v -0.0007 -8.9598 22.247004
v 0.3537 -8.606296 22.936105
v -0.0011 -8.603996 22.954797
v 0.973797 -9.4343 20.682
v 1.083397 -9.293997 21.154701
v 0.922197 -9.280997 21.260702
v 0.750595 -9.270095 21.349095
v 1.311296 -9.003299 21.892404
v 1.067298 -8.987897 22.018098
v 1.689594 -8.660095 22.497796
v 1.375198 -8.640295 22.659801
v 1.314896 -9.4015 20.6254
v 1.367294 -9.325897 20.894801
v 1.232296 -9.308999 21.032201
v 1.752197 -9.043198 21.567594
v 1.540398 -9.0218 21.741604
v 2.257698 -8.711498 22.0793
v 1.9849 -8.683997 22.303604
v 1.486796 -9.344398 20.744001
v 1.469296 -9.383296 20.594095
v 1.589494 -9.364396 20.581399
v 1.952999 -9.312099 20.471906
v 2.380394 -9.151995 20.681201
v 2.254998 -9.2561 20.376801
v 2.473998 -9.183496 20.424699
v 2.569895 -9.187597 20.261203
v 3.187799 -8.892399 20.6066
v 2.652597 -9.167796 20.228004
v 3.272294 -8.934295 20.265101
v 2.894395 -9.105396 20.1236
v 3.151398 -9.0312 20.0006
v 3.421795 -8.943396 19.856702
v 3.703695 -8.840495 19.689905
v 3.848797 -8.7825 19.596898
v -0.193095 -9.2516 21.499895
v -0.274497 -8.9616 22.232496
v -0.3537 -8.606296 22.936105
v -0.383997 -9.255397 21.469401
v -0.545895 -8.966898 22.189104
v -0.703496 -8.613198 22.880196
v -1.944094 -9.067195 21.372198
v -1.752197 -9.043198 21.567594
v -1.540398 -9.0218 21.741604
v -2.504998 -8.742398 21.827601
v -2.257698 -8.711498 22.0793
v -1.9849 -8.683997 22.303604
v -1.689594 -8.660095 22.497796
v 0.545895 -8.966898 22.189104
v 0.811195 -8.975696 22.117399
v 0.5705 -9.261596 21.418904
v 0.703496 -8.613198 22.880196
v 1.045298 -8.6245 22.787796
v 2.504998 -8.742398 21.827601
v 2.723997 -8.776396 21.551203
v 2.912098 -8.812999 21.253299
v 3.067296 -8.851796 20.937203
v 1.944094 -9.067195 21.372198
v 2.113997 -9.093499 21.157705
v 2.259999 -9.1219 20.926498
v -0.811195 -8.975696 22.117399
v 5.101299 -6.264996 18.543397
v 5.149996 -6.264996 19.245004
v 5.084896 -6.552195 18.560897
v 5.057996 -7.203596 19.2739
v 4.999399 -7.351899 18.649506
v 4.8684 -8.118396 18.902003
v 4.864698 -8.121895 18.865
v 5.102598 -6.264996 19.946801
v 5.003398 -7.203596 19.991397
v 4.868197 -8.030998 19.821095
v 4.858195 -8.021998 19.915794
v 4.783296 -7.978099 20.374094
v 4.847598 -7.203596 20.693802
v 4.665696 -7.9351 20.822202
v 4.638397 -7.926899 20.906304
v 4.5937 -7.203596 21.367001
v 4.470598 -7.885199 21.3387
v 4.260998 -7.844799 21.755599
v 4.246896 -7.203596 21.997403
v 3.986299 -7.802796 22.1879
v 3.814095 -7.203596 22.572195
v 3.669899 -7.763797 22.586702
v 3.619694 -7.758295 22.642695
v 3.3041 -7.203596 23.0798
v 3.284096 -7.725596 22.977196
v 2.916699 -7.695895 23.2787
v 2.727299 -7.203596 23.509799
v 2.860999 -7.691895 23.319398
v 2.462399 -7.666397 23.578094
v 2.095299 -7.203596 23.853694
v 2.039796 -7.644796 23.796999
v 1.982796 -7.642298 23.8227
v 1.532 -7.625097 23.996197
v 1.420795 -7.203596 24.104403
v 1.065599 -7.612299 24.124705
v 0.717699 -7.203596 24.256896
v 0.557995 -7.603895 24.209999
v -0.0016 -7.203596 24.308096
v 0.0467 -7.6007 24.241697
v -0.0023 -7.6007 24.241995
v -0.488198 -7.603096 24.217605
v -0.717699 -7.203596 24.256896
v -0.971997 -7.610398 24.144601
v -1.420795 -7.203596 24.104403
v -1.468098 -7.622998 24.016904
v -1.945698 -7.640695 23.838996
v -2.095299 -7.203596 23.853694
v -1.9786 -7.642096 23.824595
v -2.420699 -7.664096 23.601805
v -2.727299 -7.203596 23.509799
v -2.837997 -7.690298 23.335802
v -2.861797 -7.691997 23.318802
v -3.305596 -7.203596 23.0785
v -3.247898 -7.7223 23.010003
v -3.602099 -7.756495 22.661995
v -3.814095 -7.203596 22.572195
v -3.617495 -7.758098 22.645103
v -3.935599 -7.7959 22.257899
v -4.246896 -7.203596 21.997403
v -4.210698 -7.8363 21.842801
v -4.218697 -7.8377 21.829103
v -4.5937 -7.203596 21.367001
v -4.4505 -7.880896 21.382998
v -4.635697 -7.926195 20.914303
v -4.847598 -7.203596 20.693802
v -4.6386 -7.927 20.905601
v -4.773598 -7.9737 20.419799
v -5.003398 -7.203596 19.991397
v -4.857397 -8.021301 19.922899
v -4.857695 -8.021497 19.920599
v -4.889595 -8.069896 19.412803
v -5.057996 -7.203596 19.2739
v -4.8684 -8.118396 18.902003
v -4.999399 -7.351899 18.649506
v -4.864698 -8.121895 18.865
v -4.8608 -8.125597 18.828105
v -4.856497 -8.129298 18.791198
v 4.960095 -6.264996 20.635497
v 4.725098 -6.264996 21.298396
v 4.401898 -6.264996 21.9231
v 3.9967 -6.264996 22.497903
v 3.5169 -6.264996 23.012196
v 2.9715 -6.264996 23.456298
v 2.370697 -6.264996 23.821901
v 1.725596 -6.264996 24.102305
v 1.048398 -6.264996 24.292206
v 0.351697 -6.264996 24.388002
v -0.351697 -6.264996 24.388002
v -1.048398 -6.264996 24.292206
v -1.725596 -6.264996 24.102305
v -2.370697 -6.264996 23.821901
v -2.9715 -6.264996 23.456298
v -3.5169 -6.264996 23.012196
v -3.9967 -6.264996 22.497903
v -4.401898 -6.264996 21.9231
v -4.725098 -6.264996 21.298396
v -4.960095 -6.264996 20.635497
v -5.102598 -6.264996 19.946801
v -5.149996 -6.264996 19.245004
v -5.084896 -6.552195 18.560897
v -5.101299 -6.264996 18.543397
v 4.890096 -8.0747 19.362699
v 4.8608 -8.125597 18.828105
v 4.856497 -8.129298 18.791198
v -4.999399 -7.351899 18.649506
v -4.814499 -7.960599 18.156802
v -4.856497 -8.129298 18.791198
v -4.790896 -8.086496 18.171798
v -4.679596 -8.208799 17.632603
v -4.653298 -8.128899 17.425202
v -4.495894 -8.145296 16.682505
v -4.669398 -8.0024 17.424201
v -4.499697 -8.020299 16.697203
v -4.684495 -7.876396 17.424797
v -4.502797 -7.896298 16.713904
v -4.711997 -7.624799 17.430495
v -4.507595 -7.649797 16.752194
v -4.7432 -7.306295 17.443799
v -4.514396 -7.335698 16.8056
v -4.758 -7.142698 17.451405
v -4.519397 -7.171899 16.831695
v -4.7728 -6.9745 17.457997
v -4.526299 -7.000696 16.8545
v -4.788994 -6.7842 17.462098
v -4.536598 -6.804198 16.872405
v -4.804497 -6.5898 17.461394
v -4.548799 -6.6024 16.880702
v -4.8141 -6.451398 17.457401
v -4.557597 -6.459397 16.880297
v -4.8186 -6.374597 17.454099
v -4.562199 -6.379699 16.878497
v -4.679596 -6.264996 17.099594
v -4.447495 -6.264996 16.653406
v -5.084896 -6.552195 18.560897
v -4.940497 -7.102197 18.089401
v -4.921197 -7.263398 18.097996
v -4.877299 -7.581895 18.120097
v -5.101299 -6.264996 18.543397
v -4.999095 -6.440597 18.059396
v -4.990398 -6.572198 18.065905
v -4.975396 -6.7568 18.073904
v -5.003094 -6.367897 18.055295
v -5.008 -6.264996 18.049203
v -4.866999 -6.264996 17.566406
v -4.172998 -6.264996 16.232001
v -4.238396 -6.383097 16.337704
v -4.408395 -6.381601 16.603195
v -4.404097 -6.462395 16.604005
v -4.396796 -6.606996 16.6018
v -4.388397 -6.810998 16.587602
v -4.383695 -7.0091 16.561495
v -4.383099 -7.1805 16.5295
v -4.385495 -7.343399 16.493105
v -4.395496 -7.6532 16.417705
v -4.405498 -7.896 16.361498
v -4.410099 -8.018398 16.336094
v -4.414099 -8.142 16.312706
v -4.450297 -8.207297 16.466497
v -3.858697 -6.264996 15.839302
v -4.052996 -6.384098 16.083097
v -4.147595 -6.383597 16.209005
v -4.1444 -6.465595 16.208004
v -4.234796 -6.464695 16.337406
v -4.140996 -6.611698 16.200506
v -4.229795 -6.610399 16.331803
v -4.142296 -6.817001 16.174995
v -4.227298 -6.8156 16.3105
v -4.1498 -7.014697 16.134297
v -4.230195 -7.013797 16.275
v -4.162198 -7.184195 16.086697
v -4.237794 -7.184296 16.232895
v -4.178899 -7.343798 16.033398
v -4.249197 -7.345199 16.185402
v -4.220199 -7.644897 15.922498
v -4.279297 -7.6496 16.086601
v -4.2566 -7.880598 15.837394
v -4.306399 -7.887798 16.011499
v -4.274594 -7.999897 15.797698
v -4.319596 -8.008199 15.976595
v -4.292094 -8.1209 15.760194
v -4.332399 -8.130198 15.944098
v -3.507596 -6.264996 15.479194
v -3.682595 -6.384998 15.6556
v -3.852796 -6.384795 15.840506
v -3.851497 -6.467497 15.837299
v -4.050296 -6.4664 16.081404
v -3.854799 -6.614297 15.822696
v -4.0488 -6.612795 16.071795
v -3.870898 -6.817495 15.781902
v -4.054397 -6.817698 16.041695
v -3.896296 -7.0109 15.723001
v -4.0672 -7.014501 15.995299
v -3.926497 -7.175195 15.657495
v -4.084998 -7.182699 15.942096
v -3.961896 -7.328897 15.585398
v -4.107499 -7.340598 15.882706
v -4.041498 -7.618296 15.435695
v -4.160696 -7.638198 15.759205
v -4.108995 -7.845497 15.319299
v -4.206997 -7.871198 15.664004
v -4.142296 -7.961195 15.263902
v -4.229897 -7.9894 15.619205
v -4.175198 -8.078998 15.210902
v -4.252296 -8.109295 15.576695
v -4.198098 -8.113795 15.276395
v -3.122997 -6.264996 15.155005
v -3.124099 -6.407099 15.153896
v -3.503894 -6.384998 15.479397
v -3.505694 -6.468296 15.473806
v -3.682696 -6.468099 15.651201
v -3.519695 -6.614899 15.449106
v -3.690898 -6.614798 15.631901
v -3.558599 -6.811898 15.386402
v -3.717398 -6.815499 15.580904
v -3.609997 -6.995201 15.303504
v -3.754895 -7.0046 15.510701
v -3.665 -7.149499 15.216004
v -3.796696 -7.164496 15.434598
v -3.725296 -7.293599 15.121602
v -3.843796 -7.313895 15.351604
v -3.853899 -7.567 14.927005
v -3.946995 -7.5957 15.179895
v -3.958898 -7.784301 14.774202
v -4.032695 -7.818096 15.045702
v -4.010599 -7.895797 14.700495
v -4.074895 -7.931697 14.981305
v -4.061198 -8.009898 14.629399
v -4.116499 -8.047699 14.919495
v -4.076498 -8.032399 14.666497
v -3.1403 -6.539297 15.1327
v -3.218597 -6.779199 15.030002
v -3.327596 -6.9907 14.887201
v -3.450196 -7.1796 14.726101
v -3.725999 -7.559698 14.364504
v -3.969997 -7.926297 14.044403
v -4.958099 -6.938898 18.081795
v -4.836797 -7.8345 18.1432
v 0.713396 -6.069999 14.173602
v 0 -6.069999 14.123701
v 0 -6.069999 16.750001
v -0.713396 -6.069999 14.173602
v -0.503194 -6.069999 16.801201
v -1.412999 -6.069999 14.322304
v -0.985896 -6.069999 16.952597
v -2.085 -6.069999 14.566897
v -2.716499 -6.069999 14.902698
v -1.428198 -6.069999 17.198097
v -3.295099 -6.069999 15.323102
v -1.811999 -6.069999 17.527603
v -3.809595 -6.069999 15.819894
v -4.249894 -6.069999 16.383397
v -2.121597 -6.069999 17.927598
v -4.607397 -6.069999 17.002796
v -2.344399 -6.069999 18.381702
v -4.875397 -6.069999 17.665898
v -2.471196 -6.069999 18.871402
v -5.0484 -6.069999 18.359803
v -5.123096 -6.069999 19.071101
v -2.496796 -6.069999 19.376599
v -5.098199 -6.069999 19.785797
v -2.420198 -6.069999 19.876598
v -4.973995 -6.069999 20.490204
v -4.752999 -6.069999 21.170305
v -2.244496 -6.069999 20.351004
v -4.439496 -6.069999 21.813106
v -1.976895 -6.069999 20.7803
v -4.039496 -6.069999 22.406005
v -3.560996 -6.069999 22.9375
v -1.628398 -6.069999 21.146904
v -3.013098 -6.069999 23.397194
v -1.2133 -6.069999 21.435904
v -2.406597 -6.069999 23.776196
v -1.7533 -6.069999 24.067103
v -0.748396 -6.069999 21.635305
v -1.065796 -6.069999 24.264204
v -0.252897 -6.069999 21.737205
v -0.357598 -6.069999 24.363803
v 0.252897 -6.069999 21.737205
v 0.357598 -6.069999 24.363803
v 1.065796 -6.069999 24.264204
v 0.748396 -6.069999 21.635305
v 1.7533 -6.069999 24.067103
v 1.2133 -6.069999 21.435904
v 2.406597 -6.069999 23.776196
v 3.013098 -6.069999 23.397194
v 1.628398 -6.069999 21.146904
v 3.560996 -6.069999 22.9375
v 1.976895 -6.069999 20.7803
v 4.039496 -6.069999 22.406005
v 4.439496 -6.069999 21.813106
v 2.244496 -6.069999 20.351004
v 4.752999 -6.069999 21.170305
v 2.420198 -6.069999 19.876598
v 4.973995 -6.069999 20.490204
v 5.098199 -6.069999 19.785797
v 2.496796 -6.069999 19.376599
v 5.123096 -6.069999 19.071101
v 2.471196 -6.069999 18.871402
v 5.0484 -6.069999 18.359803
v 4.875397 -6.069999 17.665898
v 2.344399 -6.069999 18.381702
v 4.607397 -6.069999 17.002796
v 2.121597 -6.069999 17.927598
v 4.249894 -6.069999 16.383397
v 1.811999 -6.069999 17.527603
v 3.809595 -6.069999 15.819894
v 3.295099 -6.069999 15.323102
v 1.428198 -6.069999 17.198097
v 2.716499 -6.069999 14.902698
v 0.985896 -6.069999 16.952597
v 2.085 -6.069999 14.566897
v 1.412999 -6.069999 14.322304
v 0.503194 -6.069999 16.801201
v 0 -7.069998 16.750001
v -0.503194 -7.069998 16.801201
v 0.503194 -7.069998 16.801201
v 0.985896 -7.069998 16.952597
v -0.985896 -7.069998 16.952597
v 1.428198 -7.069998 17.198097
v -1.428198 -7.069998 17.198097
v 1.811999 -7.069998 17.527603
v -1.811999 -7.069998 17.527603
v 2.121597 -7.069998 17.927598
v 2.344399 -7.069998 18.381702
v 2.471196 -7.069998 18.871402
v 2.496796 -7.069998 19.376599
v 2.420198 -7.069998 19.876598
v 2.244496 -7.069998 20.351004
v 1.976895 -7.069998 20.7803
v 1.628398 -7.069998 21.146904
v 1.2133 -7.069998 21.435904
v 0.748396 -7.069998 21.635305
v 0.252897 -7.069998 21.737205
v -0.252897 -7.069998 21.737205
v -0.748396 -7.069998 21.635305
v -2.121597 -7.069998 17.927598
v -1.2133 -7.069998 21.435904
v -1.628398 -7.069998 21.146904
v -1.976895 -7.069998 20.7803
v -2.244496 -7.069998 20.351004
v -2.344399 -7.069998 18.381702
v -2.420198 -7.069998 19.876598
v -2.471196 -7.069998 18.871402
v -2.496796 -7.069998 19.376599
v 0.503194 -7.069998 16.801201
v 0 -6.069999 16.750001
v 0 -7.069998 16.750001
v -0.503194 -6.069999 16.801201
v -0.503194 -7.069998 16.801201
v -0.985896 -6.069999 16.952597
v -0.985896 -7.069998 16.952597
v -1.428198 -6.069999 17.198097
v -1.428198 -7.069998 17.198097
v -1.811999 -6.069999 17.527603
v -1.811999 -7.069998 17.527603
v -2.121597 -6.069999 17.927598
v -2.121597 -7.069998 17.927598
v -2.344399 -6.069999 18.381702
v -2.344399 -7.069998 18.381702
v -2.471196 -6.069999 18.871402
v -2.471196 -7.069998 18.871402
v -2.496796 -6.069999 19.376599
v -2.496796 -7.069998 19.376599
v -2.420198 -6.069999 19.876598
v -2.420198 -7.069998 19.876598
v -2.244496 -6.069999 20.351004
v -2.244496 -7.069998 20.351004
v -1.976895 -6.069999 20.7803
v -1.976895 -7.069998 20.7803
v -1.628398 -6.069999 21.146904
v -1.628398 -7.069998 21.146904
v -1.2133 -6.069999 21.435904
v -1.2133 -7.069998 21.435904
v -0.748396 -6.069999 21.635305
v -0.748396 -7.069998 21.635305
v -0.252897 -6.069999 21.737205
v -0.252897 -7.069998 21.737205
v -0.252897 -7.069998 21.737205
v -0.252897 -6.069999 21.737205
v 0.252897 -6.069999 21.737205
v 0.252897 -7.069998 21.737205
v 0.748396 -6.069999 21.635305
v 0.748396 -7.069998 21.635305
v 1.2133 -6.069999 21.435904
v 1.2133 -7.069998 21.435904
v 1.628398 -6.069999 21.146904
v 1.628398 -7.069998 21.146904
v 1.976895 -6.069999 20.7803
v 1.976895 -7.069998 20.7803
v 2.244496 -6.069999 20.351004
v 2.244496 -7.069998 20.351004
v 2.420198 -6.069999 19.876598
v 2.420198 -7.069998 19.876598
v 2.496796 -6.069999 19.376599
v 2.496796 -7.069998 19.376599
v 2.471196 -6.069999 18.871402
v 2.471196 -7.069998 18.871402
v 2.344399 -6.069999 18.381702
v 2.344399 -7.069998 18.381702
v 2.121597 -6.069999 17.927598
v 2.121597 -7.069998 17.927598
v 1.811999 -6.069999 17.527603
v 1.811999 -7.069998 17.527603
v 1.428198 -6.069999 17.198097
v 1.428198 -7.069998 17.198097
v 0.985896 -6.069999 16.952597
v 0.985896 -7.069998 16.952597
v 0.503194 -6.069999 16.801201
v 6.599599 0.817197 0.999998
v 6.65 0 1.000999
v 6.65 0 0.999998
v 6.65 0 0.999998
v 6.65 0 1.000999
v 6.599599 -0.817197 1.000999
v 6.599599 -0.817197 0.999998
v 6.449097 -1.621997 1.000999
v 6.449097 -1.621997 0.999998
v 6.200897 -2.402299 1.000999
v 6.200897 -2.402299 0.999998
v 5.858695 -3.1461 1.000999
v 5.858695 -3.1461 0.999998
v 5.4277 -3.842198 1.000999
v 5.4277 -3.842198 0.999998
v 4.914397 -4.480099 1.000999
v 4.914397 -4.480099 0.999998
v 4.326599 -5.049997 1.000999
v 4.326599 -5.049997 0.999998
v 3.673195 -5.5435 1.000999
v 3.673195 -5.5435 0.999998
v 2.964198 -5.952799 1.000999
v 2.964198 -5.952799 0.999998
v 2.210199 -6.272 1.000999
v 2.210199 -6.272 0.999998
v 1.422697 -6.496 1.000999
v 1.422697 -6.496 0.999998
v 0.6136 -6.621599 1.000999
v 0.6136 -6.621599 0.999998
v -0.204796 -6.6468 1.000999
v -0.204796 -6.6468 0.999998
v -1.020097 -6.571298 1.000999
v -1.020097 -6.571298 0.999998
v -1.819896 -6.396096 1.000999
v -1.819896 -6.396096 0.999998
v -2.592098 -6.123995 1.000999
v -2.592098 -6.123995 0.999998
v -3.324997 -5.759096 1.000999
v -3.324997 -5.759096 0.999998
v -4.0075 -5.306798 1.000999
v -4.0075 -5.306798 0.999998
v -4.629296 -4.774099 1.000999
v -4.629296 -4.774099 0.999998
v -5.180895 -4.168999 1.000999
v -5.180895 -4.168999 0.999998
v -5.653899 -3.500795 1.000999
v -5.653899 -3.500795 0.999998
v -6.0413 -2.7794 1.000999
v -6.0413 -2.7794 0.999998
v -6.3371 -2.015995 1.000999
v -6.3371 -2.015995 0.999998
v -6.536799 -1.221895 1.000999
v -6.536799 -1.221895 0.999998
v -6.6374 -0.409395 1.000999
v -6.6374 -0.409395 0.999998
v -6.6374 0.409395 1.000999
v -6.6374 0.409395 0.999998
v -6.536799 1.221895 1.000999
v -6.536799 1.221895 0.999998
v -6.3371 2.015995 1.000999
v -6.3371 2.015995 0.999998
v -6.0413 2.7794 1.000999
v -6.0413 2.7794 0.999998
v -5.653899 3.500795 1.000999
v -5.653899 3.500795 0.999998
v -5.180895 4.168999 1.000999
v -5.180895 4.168999 0.999998
v -4.629296 4.774099 1.000999
v -4.629296 4.774099 0.999998
v -4.0075 5.306798 1.000999
v -4.0075 5.306798 0.999998
v -3.324997 5.759096 1.000999
v -3.324997 5.759096 0.999998
v -2.592098 6.123995 1.000999
v -2.592098 6.123995 0.999998
v -1.819896 6.396096 1.000999
v -1.819896 6.396096 0.999998
v -1.020097 6.571298 1.000999
v -1.020097 6.571298 0.999998
v -0.204796 6.6468 1.000999
v -0.204796 6.6468 0.999998
v 0.6136 6.621599 1.000999
v 0.6136 6.621599 0.999998
v 1.422697 6.496 1.000999
v 1.422697 6.496 0.999998
v 2.210199 6.272 1.000999
v 2.210199 6.272 0.999998
v 2.964198 5.952799 1.000999
v 2.964198 5.952799 0.999998
v 3.673195 5.5435 1.000999
v 3.673195 5.5435 0.999998
v 4.326599 5.049997 1.000999
v 4.326599 5.049997 0.999998
v 4.914397 4.480099 1.000999
v 4.914397 4.480099 0.999998
v 5.4277 3.842198 1.000999
v 5.4277 3.842198 0.999998
v 5.858695 3.1461 1.000999
v 5.858695 3.1461 0.999998
v 6.200897 2.402299 1.000999
v 6.200897 2.402299 0.999998
v 6.449097 1.621997 1.000999
v 6.449097 1.621997 0.999998
v 6.599599 0.817197 1.000999
v -2.448797 0.503194 0.999998
v -2.499997 0 -1e-06
v -2.499997 0 0.999998
v -2.448797 -0.503194 -1e-06
v -2.448797 -0.503194 0.999998
v -2.297395 -0.985896 -1e-06
v -2.297395 -0.985896 0.999998
v -2.051895 -1.428198 -1e-06
v -2.051895 -1.428198 0.999998
v -1.722395 -1.811999 -1e-06
v -1.722395 -1.811999 0.999998
v -1.322394 -2.121597 -1e-06
v -1.322394 -2.121597 0.999998
v -0.868297 -2.344399 -1e-06
v -0.868297 -2.344399 0.999998
v -0.378597 -2.471196 -1e-06
v -0.378597 -2.471196 0.999998
v 0.126594 -2.496796 -1e-06
v 0.126594 -2.496796 0.999998
v 0.6266 -2.420198 -1e-06
v 0.6266 -2.420198 0.999998
v 1.100999 -2.244496 -1e-06
v 1.100999 -2.244496 0.999998
v 1.530295 -1.976895 -1e-06
v 1.530295 -1.976895 0.999998
v 1.896899 -1.628398 -1e-06
v 1.896899 -1.628398 0.999998
v 2.185899 -1.2133 -1e-06
v 2.185899 -1.2133 0.999998
v 2.3853 -0.748396 -1e-06
v 2.3853 -0.748396 0.999998
v 2.4872 -0.252897 -1e-06
v 2.4872 -0.252897 0.999998
v 2.4872 -0.252897 0.999998
v 2.4872 -0.252897 -1e-06
v 2.4872 0.252897 -1e-06
v 2.4872 0.252897 0.999998
v 2.3853 0.748396 -1e-06
v 2.3853 0.748396 0.999998
v 2.185899 1.2133 -1e-06
v 2.185899 1.2133 0.999998
v 1.896899 1.628398 -1e-06
v 1.896899 1.628398 0.999998
v 1.530295 1.976895 -1e-06
v 1.530295 1.976895 0.999998
v 1.100999 2.244496 -1e-06
v 1.100999 2.244496 0.999998
v 0.6266 2.420198 -1e-06
v 0.6266 2.420198 0.999998
v 0.126594 2.496796 -1e-06
v 0.126594 2.496796 0.999998
v -0.378597 2.471196 -1e-06
v -0.378597 2.471196 0.999998
v -0.868297 2.344399 -1e-06
v -0.868297 2.344399 0.999998
v -1.322394 2.121597 -1e-06
v -1.322394 2.121597 0.999998
v -1.722395 1.811999 -1e-06
v -1.722395 1.811999 0.999998
v -2.051895 1.428198 -1e-06
v -2.051895 1.428198 0.999998
v -2.297395 0.985896 -1e-06
v -2.297395 0.985896 0.999998
v -2.448797 0.503194 -1e-06
v -2.499997 0 -1e-06
v -2.448797 0.503194 -1e-06
v -2.448797 -0.503194 -1e-06
v -2.297395 0.985896 -1e-06
v -2.297395 -0.985896 -1e-06
v -2.051895 1.428198 -1e-06
v -2.051895 -1.428198 -1e-06
v -1.722395 1.811999 -1e-06
v -1.722395 -1.811999 -1e-06
v -1.322394 2.121597 -1e-06
v -0.868297 2.344399 -1e-06
v -0.378597 2.471196 -1e-06
v 0.126594 2.496796 -1e-06
v 0.6266 2.420198 -1e-06
v 1.100999 2.244496 -1e-06
v 1.530295 1.976895 -1e-06
v 1.896899 1.628398 -1e-06
v 2.185899 1.2133 -1e-06
v 2.3853 0.748396 -1e-06
v 2.4872 0.252897 -1e-06
v 2.4872 -0.252897 -1e-06
v 2.3853 -0.748396 -1e-06
v -1.322394 -2.121597 -1e-06
v 2.185899 -1.2133 -1e-06
v 1.896899 -1.628398 -1e-06
v 1.530295 -1.976895 -1e-06
v 1.100999 -2.244496 -1e-06
v -0.868297 -2.344399 -1e-06
v 0.6266 -2.420198 -1e-06
v -0.378597 -2.471196 -1e-06
v 0.126594 -2.496796 -1e-06
vt -6.59959602 -0.81470799
vt -2.48717308 -0.25042200
vt -6.65000010 0.00249898
vt -2.48717308 0.25542000
vt -6.59959602 0.81970602
vt -6.44915009 1.62452495
vt -2.38534808 0.75090700
vt -6.20094013 2.40475607
vt -2.18586707 1.21575403
vt -5.85873079 3.14857101
vt -5.42770910 3.84469509
vt -1.89689505 1.63092995
vt -4.91440916 4.48257494
vt -4.32661200 5.05254078
vt -1.53026497 1.97943795
vt -3.67322707 5.54595518
vt -1.10098505 2.24700999
vt -2.96415997 5.95533514
vt -2.21015906 6.27447605
vt -0.62663102 2.42269206
vt -1.42265499 6.49853992
vt -0.61358500 6.62413120
vt -0.12662300 2.49928999
vt 0.20478700 6.64934492
vt 0.37856901 2.47367001
vt 1.02005506 6.57379913
vt 1.81985903 6.39863920
vt 0.86826301 2.34687901
vt 2.59207606 6.12652016
vt 1.32240999 2.12410903
vt 3.32500005 5.76156807
vt 4.00752020 5.30931282
vt 1.72241700 1.81448102
vt 4.62929106 4.77661324
vt 5.18088579 4.17154217
vt 2.05190897 1.43066895
vt 5.65394402 3.50327301
vt 2.29739499 0.98838800
vt 6.04129410 2.78193498
vt 6.33706379 2.01846409
vt 2.44882488 0.50574499
vt 6.53677082 1.22443295
vt 6.63738680 0.41187900
vt 2.50000000 0.00249898
vt 6.63738680 -0.40688100
vt 2.44882488 -0.50074798
vt 6.53677082 -1.21943605
vt 6.33706379 -2.01346707
vt 2.29739499 -0.98339099
vt 6.04129410 -2.77693796
vt 5.65394402 -3.49827504
vt 2.05190897 -1.42567205
vt 5.18088579 -4.16654491
vt 1.72241700 -1.80948305
vt 4.62929106 -4.77161598
vt 4.00752020 -5.30431604
vt 1.32240999 -2.11911201
vt 3.32500005 -5.75656986
vt 2.59207606 -6.12152290
vt 0.86826301 -2.34188199
vt 1.81985903 -6.39364195
vt 0.37856901 -2.46867204
vt 1.02005506 -6.56880188
vt 0.20478700 -6.64434719
vt -0.12662300 -2.49429297
vt -0.61358500 -6.61913395
vt -0.62663102 -2.41769409
vt -1.42265499 -6.49354315
vt -2.21015906 -6.26947784
vt -1.10098505 -2.24201298
vt -2.96415997 -5.95033693
vt -3.67322707 -5.54095697
vt -1.53026497 -1.97444105
vt -4.32661200 -5.04754400
vt -1.89689505 -1.62593198
vt -4.91440916 -4.47757721
vt -5.42770910 -3.83969688
vt -2.18586707 -1.21075594
vt -5.85873079 -3.14357305
vt -6.20094013 -2.39975810
vt -2.38534808 -0.74590898
vt -6.44915009 -1.61952698
vt -4.16061401 -19.52596092
vt -4.32660007 -19.23644066
vt -4.78673410 -19.01519966
vt -4.91439819 -18.66647911
vt -4.79552984 -19.00703049
vt -4.80420208 -18.99872017
vt -4.81274891 -18.99028969
vt -5.35650492 -18.37540054
vt -5.42769814 -18.02860069
vt -5.82221222 -17.69948006
vt -5.85871887 -17.33246994
vt -6.20308399 -16.97237015
vt -6.20092916 -16.58865929
vt -6.49357224 -16.20466042
vt -6.44913816 -15.80842972
vt -6.68944311 -15.40754032
vt -6.59958506 -15.00360966
vt -6.78784323 -14.59263992
vt -6.64998817 -14.18640041
vt -6.78733778 -13.77180958
vt -6.59958506 -13.36919022
vt -6.68793583 -12.95703030
vt -6.44913816 -12.56437016
vt -6.49108410 -12.16014957
vt -6.20092916 -11.78413963
vt -6.19965219 -11.39280033
vt -5.85871887 -11.04032993
vt -5.81788492 -10.66615963
vt -5.42769814 -10.34420013
vt -5.35134697 -9.99081326
vt -4.91439819 -9.70632362
vt -4.80683517 -9.37659454
vt -4.32660007 -9.13635826
vt -4.19228315 -8.83246231
vt -3.67321491 -8.64294529
vt -3.51664591 -8.36633778
vt -2.96414804 -8.23356533
vt -2.78976798 -7.98501778
vt -2.21014810 -7.91442299
vt -2.02224112 -7.69405794
vt -1.42264295 -7.69035816
vt -1.22524798 -7.49769688
vt -0.61357301 -7.56476688
vt -0.41040099 -7.39879608
vt 0.20479891 -7.53955412
vt 0.41042501 -7.39879608
vt 1.02006602 -7.61509895
vt 1.22527099 -7.49769688
vt 1.81987095 -7.79025888
vt 2.02226400 -7.69405794
vt 2.59208798 -8.06237793
vt 2.78979206 -7.98501778
vt 3.32501197 -8.42733097
vt 3.51666999 -8.36633778
vt 4.00753212 -8.87958622
vt 4.19230700 -8.83246231
vt 4.62930202 -9.41228485
vt 4.80685902 -9.37659454
vt 5.18089819 -10.01735973
vt 5.35137081 -9.99081326
vt 5.65395594 -10.68562984
vt 5.81790876 -10.66615963
vt 6.04130602 -11.40695953
vt 6.19967508 -11.39280033
vt 6.33707619 -12.17043018
vt 6.49110794 -12.16014957
vt 6.53678322 -12.96446037
vt 6.68795919 -12.95703030
vt 6.63739920 -13.77702045
vt 6.78736115 -13.77180958
vt 6.78786612 -14.59263992
vt 6.63739920 -14.59578037
vt 6.68946695 -15.40754032
vt 6.53678322 -15.40832996
vt 6.49359608 -16.20466042
vt 6.33707619 -16.20236969
vt 6.20310783 -16.97237015
vt 6.04130602 -16.96583939
vt 5.82223606 -17.69948006
vt 5.65395594 -17.68717003
vt 5.35652924 -18.37540054
vt 5.18089819 -18.35544014
vt 4.81277323 -18.99028969
vt 4.62930202 -18.96051025
vt 4.80422592 -18.99872017
vt 4.79555321 -19.00703049
vt 4.78675699 -19.01519966
vt 4.16063786 -19.52596092
vt 4.00753212 -19.49320984
vt 3.48046303 -19.96213913
vt 3.32501197 -19.94547081
vt 2.75506997 -20.31809044
vt 2.59208798 -20.31041908
vt 1.99388301 -20.58917999
vt 1.81987095 -20.58254051
vt 1.20679104 -20.77189064
vt 1.02006602 -20.75769997
vt 0.40402099 -20.86384010
vt 0.20479891 -20.83325005
vt -0.40399799 -20.86384010
vt -0.61357301 -20.80802917
vt -1.20676804 -20.77189064
vt -1.42264295 -20.68243980
vt -1.99385905 -20.58917999
vt -2.21014810 -20.45837975
vt -2.75504589 -20.31809044
vt -2.96414804 -20.13924026
vt -3.48043895 -19.96213913
vt -3.67321491 -19.72986031
vt -0.00000100 0.59302598
vt 0.54900002 0.59303200
vt -0.00000100 0.60503900
vt 0.54900002 0.60504001
vt 0.00000000 0.61704898
vt 0.54900002 0.61704803
vt 0.54900002 0.62905699
vt 0.00000000 0.62906098
vt 0.00000000 -0.62906098
vt 0.54900002 -0.62905699
vt 0.00000100 -0.61704898
vt 0.54900002 -0.61704803
vt 0.54900002 -0.60504001
vt 0.00000000 -0.60503900
vt 0.54900002 -0.59303200
vt 0.00000000 -0.59302598
vt -0.54900002 16.01585007
vt -0.54900002 15.19452000
vt 0.00000000 16.01584053
vt 0.00000000 15.19452000
vt -0.54900002 14.37320042
vt 0.00000000 14.37318993
vt -0.54900002 13.55187035
vt 0.00000000 13.55187035
vt -0.54900002 12.73054981
vt 0.00000000 12.73054028
vt -0.54900002 11.90921974
vt 0.00000000 11.90921974
vt -0.54900002 11.08790016
vt 0.00000000 11.08788967
vt -0.54900002 10.26657009
vt 0.00000000 10.26657009
vt -0.54900002 9.44524384
vt 0.00000000 9.44524193
vt -0.54900002 8.62391758
vt 0.00000000 8.62391663
vt -0.54900002 7.80259323
vt 0.00000000 7.80259085
vt -0.54900002 6.98126698
vt 0.00000000 6.98126602
vt -0.54900002 6.15994120
vt 0.00000000 6.15994120
vt -0.54900002 5.33861589
vt 0.00000000 5.33861494
vt -0.54900002 4.51729012
vt 0.00000000 4.51729012
vt -0.54900002 3.69596505
vt 0.00000000 3.69596410
vt -0.54900002 2.87463903
vt 0.00000000 2.87463903
vt -0.54900002 2.05331397
vt 0.00000000 2.05331397
vt -0.54900002 1.23198795
vt 0.00000000 1.23198795
vt -0.54900002 0.41066301
vt 0.00000000 0.41066301
vt 0.00000000 -0.41066301
vt -0.54900002 -0.41066301
vt 0.00000000 -1.23198795
vt -0.54900002 -1.23198795
vt 0.00000000 -2.05331397
vt -0.54900002 -2.05331397
vt 0.00000000 -2.87463903
vt -0.54900002 -2.87463903
vt 0.00000000 -3.69596410
vt -0.54900002 -3.69596505
vt 0.00000000 -4.51729012
vt -0.54900002 -4.51729012
vt 0.00000000 -5.33861494
vt -0.54900002 -5.33861589
vt 0.00000000 -6.15994120
vt -0.54900002 -6.15994120
vt 0.00000000 -6.98126602
vt -0.54900002 -6.98126698
vt 0.00000000 -7.80259085
vt -0.54900002 -7.80259323
vt 0.00000000 -8.62391663
vt -0.54900002 -8.62391758
vt 0.00000000 -9.44524193
vt -0.54900002 -9.44524384
vt 0.00000000 -10.26657009
vt -0.54900002 -10.26657009
vt 0.00000000 -11.08788967
vt -0.54900002 -11.08790016
vt 0.00000000 -11.90921974
vt -0.54900002 -11.90921974
vt 0.00000000 -12.73054028
vt -0.54900002 -12.73054981
vt 0.00000000 -13.55187035
vt -0.54900002 -13.55187035
vt 0.00000000 -14.37318993
vt -0.54900002 -14.37320042
vt 0.00000000 -15.19452000
vt -0.54900002 -15.19452000
vt 0.00000000 -16.01584053
vt -0.54900002 -16.01585007
vt -0.54900002 -17.01564026
vt -0.54900002 -17.82410049
vt 0.00000000 -17.01564980
vt 0.00000000 -17.82411003
vt -0.54900002 -18.63256073
vt 0.00000000 -18.63256073
vt -0.54900002 -19.44101906
vt 0.00000000 -19.44101906
vt -0.54900002 -20.24946976
vt 0.00000000 -20.24946976
vt -0.54900002 -21.05792999
vt 0.00000000 -21.05792999
vt -0.54900002 -21.86639023
vt 0.00000000 -21.86639023
vt 0.00000000 -22.67484093
vt -0.54900002 -22.67485046
vt 0.00000000 -23.48329926
vt -0.54900002 -23.48329926
vt 0.00000000 -24.29175949
vt -0.54900002 -24.29175949
vt 0.00000000 -25.10021019
vt -0.54900002 -25.10021973
vt 0.00000000 -25.90867043
vt -0.54900002 -25.90867043
vt 0.00000000 -26.71713066
vt -0.54900002 -26.71713066
vt 0.00000100 -27.52557945
vt -0.54900002 -27.52559090
vt -11.45172024 0.29934999
vt -11.31455040 0.43542799
vt -12.22041035 0.28888100
vt -12.44600964 0.43542799
vt -12.65314007 0.27701300
vt -13.01173019 0.43542799
vt -13.33121967 0.25192600
vt -13.57746029 0.43542799
vt -14.00424957 0.22581901
vt -14.14319038 0.43542799
vt -14.67346001 0.20152190
vt -14.70891953 0.43542799
vt -15.27464008 0.43542799
vt -15.27464008 0.86069399
vt -15.84037018 0.86069399
vt -15.84037018 1.28595901
vt -16.40609932 1.28595901
vt -16.40609932 1.71122503
vt -16.97183037 1.71122503
vt -16.97183037 2.13649106
vt -17.53754997 2.13649106
vt -17.53754997 2.56175709
vt -18.10327911 2.27667499
vt -18.10327911 2.57376194
vt -18.10327911 2.84341407
vt -17.53754997 2.98702192
vt -18.10327911 3.31060791
vt -17.53754997 3.41228795
vt -18.10326958 3.45146704
vt -17.53754997 3.76709795
vt -18.10327911 3.73936296
vt -18.10325050 3.99988103
vt -17.53754997 4.12190723
vt -18.10327911 4.54963684
vt -17.53754997 4.47671700
vt -17.53754997 4.83152723
vt -16.97183037 4.47671700
vt -16.97183037 4.83152723
vt -16.40609932 4.47671700
vt -16.40609932 4.83152723
vt -15.84037018 4.47671700
vt -15.84037018 4.83152723
vt -15.27464008 4.47671700
vt -15.27464008 4.83152723
vt -14.70891953 4.47671700
vt -14.70891953 4.83152723
vt -14.14319038 4.47671700
vt -14.14319038 4.83152723
vt -13.57746029 4.47671700
vt -13.57746029 4.83152723
vt -13.01173019 4.47671700
vt -13.01173019 4.83152723
vt -12.44600964 4.47671700
vt -12.44600964 4.83152723
vt -11.31455040 4.47671700
vt -11.31455040 4.83152723
vt -10.18309975 4.47671700
vt -10.18309975 4.83152723
vt -9.33450508 4.47671700
vt -9.33450508 4.83152723
vt -8.48591423 4.47671700
vt -8.48591423 4.83152723
vt -6.78873014 4.47671700
vt -6.78873014 4.83152723
vt -5.65727520 4.47671700
vt -5.65727520 4.83152723
vt -4.52581978 4.47671700
vt -4.52581978 4.83152723
vt -3.39436507 4.47671700
vt -3.39436507 4.83152723
vt -2.26290989 4.47671700
vt -2.26290989 4.83152723
vt -1.69718003 4.47671700
vt -1.69718003 4.83152723
vt -1.13145006 4.47671700
vt -1.13145006 4.83152723
vt -0.56572503 4.47671700
vt -0.56572503 4.83152723
vt 0.00000000 4.89850092
vt -0.56572503 5.18633699
vt 0.00000000 5.59606791
vt -0.56572503 5.54114580
vt -0.56572503 5.89595604
vt -1.13145006 5.89595604
vt -1.13145006 6.25076580
vt -1.69718003 6.25076580
vt -1.69718003 6.60557604
vt -2.26290989 6.60557604
vt -2.26290989 6.96038485
vt -3.39436507 6.96038485
vt -3.39436507 7.31519508
vt -4.52581978 7.31519508
vt -4.52581978 7.67000484
vt -5.65727520 7.67000484
vt -5.65727520 8.02481461
vt -6.78873014 8.02481461
vt -6.78873014 8.37962532
vt -8.48591423 8.37962532
vt -8.48591423 8.73443508
vt -9.33450508 8.73443508
vt -9.13123798 8.85309601
vt -9.90365887 8.82396793
vt -10.67815971 0.29446700
vt -10.18309975 0.43542799
vt -11.31455040 0.86069399
vt -10.18309975 0.86069399
vt -11.31455040 1.28595901
vt -10.18309975 1.28595901
vt -11.31455040 1.71122503
vt -10.18309975 1.71122503
vt -11.31455040 2.13649106
vt -10.18309975 2.13649106
vt -11.31455040 2.56175709
vt -10.18309975 2.56175709
vt -11.31455040 2.98702192
vt -10.18309975 2.98702192
vt -11.31455040 3.41228795
vt -10.18309975 3.41228795
vt -11.31455040 3.76709795
vt -10.18309975 3.76709795
vt -11.31455040 4.12190723
vt -10.18309975 4.12190723
vt -9.90364361 0.27547801
vt -9.33450508 0.43542799
vt -9.33450508 0.86069399
vt -9.33450508 1.28595901
vt -9.33450508 1.71122503
vt -9.33450508 2.13649106
vt -9.33450508 2.56175709
vt -9.33450508 2.98702192
vt -9.33450508 3.41228795
vt -9.33450508 3.76709795
vt -9.33450508 4.12190723
vt -9.13122654 0.24634591
vt -8.48591423 0.43542799
vt -8.48591423 0.86069399
vt -8.48591423 1.28595901
vt -8.48591423 1.71122503
vt -8.48591423 2.13649106
vt -8.48591423 2.56175709
vt -8.48591423 2.98702192
vt -8.48591423 3.41228795
vt -8.48591423 3.76709795
vt -8.48591423 4.12190723
vt -7.60070515 0.17087200
vt -6.78873014 0.43542799
vt -6.78873014 0.86069399
vt -6.78873014 1.28595901
vt -6.78873014 1.71122503
vt -6.78873014 2.13649106
vt -6.78873014 2.56175709
vt -6.78873014 2.98702192
vt -6.78873014 3.41228795
vt -6.78873014 3.76709795
vt -6.78873014 4.12190723
vt -6.08385992 0.09694099
vt -5.32614422 0.06869399
vt -5.65727520 0.43542799
vt -4.56739712 0.04835695
vt -4.52581978 0.43542799
vt -3.80678105 0.04085600
vt -3.39436507 0.43542799
vt -3.04619002 0.03158700
vt -2.26290989 0.43542799
vt -2.28573608 0.01617997
vt -1.52411497 0.01016199
vt -1.69718003 0.43542799
vt -0.76200497 0.01281195
vt -1.13145006 0.43542799
vt -0.56572503 0.43542799
vt -1.13145006 0.86069399
vt -0.56572503 0.86069399
vt -1.13145006 1.28595901
vt -0.56572503 1.28595901
vt -1.13145006 1.71122503
vt -0.56572503 1.71122503
vt -1.13145006 2.13649106
vt -0.56572503 2.13649106
vt -1.13145006 2.56175709
vt -0.56572503 2.56175709
vt -1.13145006 2.98702192
vt -0.56572503 2.98702192
vt -1.13145006 3.41228795
vt -0.56572503 3.41228795
vt -1.13145006 3.76709795
vt -0.56572503 3.76709795
vt -1.13145006 4.12190723
vt -0.56572503 4.12190723
vt 0.00000000 0.01552796
vt 0.00000000 0.71309102
vt 0.00000000 1.41066206
vt 0.00000000 2.10822797
vt 0.00000000 2.80579710
vt 0.00000000 3.50336504
vt 0.00000000 4.20093107
vt 0.00000000 6.29363585
vt -0.56572503 6.25076580
vt -1.13145006 6.60557604
vt -1.69718003 6.96038485
vt -2.26290989 7.31519508
vt -3.39436507 7.67000484
vt -4.52581978 8.02481461
vt -5.65727520 8.37962532
vt -6.78873014 8.73443508
vt -7.60071611 8.92856884
vt -0.56572503 6.60557604
vt 0.00000000 6.99120617
vt -0.56572503 6.96038485
vt -0.56572503 7.31519508
vt -1.13145006 7.31519508
vt -1.13145006 7.67000484
vt -1.69718003 7.67000484
vt -1.69718003 8.02481461
vt -2.26290989 8.02481461
vt -2.26290989 8.37962532
vt -3.39436507 8.37962532
vt -3.39436507 8.73443508
vt -4.52581978 8.73443508
vt -3.80678701 9.05858231
vt -4.56740379 9.05108738
vt 0.00000000 7.68877220
vt -0.56572503 7.67000484
vt -1.13145006 8.02481461
vt -1.69718003 8.37962532
vt -2.26290989 8.73443508
vt -3.04619408 9.06785011
vt -0.56572503 8.02481461
vt 0.00000000 8.38634300
vt -0.56572503 8.37962532
vt -0.56572503 8.73443508
vt -1.13145006 8.73443508
vt -0.76200902 9.08662701
vt -1.52411699 9.08924389
vt -0.00000100 9.08390808
vt -1.69718003 8.73443508
vt -2.28573489 9.08319283
vt -5.32615185 9.03074837
vt -5.65727520 8.73443508
vt -4.52581978 8.37962532
vt -6.08386803 9.00249386
vt -10.18309975 8.73443508
vt -10.67817974 8.80496979
vt -11.31455040 8.73443508
vt -11.45174026 8.80007839
vt -12.22043991 8.81044674
vt -12.65314007 8.82244015
vt -12.44600964 8.73443508
vt -11.31455040 8.37962532
vt -10.18309975 8.37962532
vt -9.33450508 8.37962532
vt -13.01173019 8.73443508
vt -13.33121967 8.84750843
vt -13.57746029 8.73443508
vt -14.00424957 8.87361431
vt -14.14319038 8.73443508
vt -14.67346001 8.89791107
vt -14.70891953 8.73443508
vt -15.34053993 8.91845512
vt -15.27464008 8.73443508
vt -15.84037018 8.73443508
vt -15.27464008 8.37962532
vt -15.84037018 8.37962532
vt -15.27464008 8.02481461
vt -15.84037018 8.02481461
vt -15.27464008 7.67000484
vt -15.84037018 7.67000484
vt -15.27464008 7.31519508
vt -15.84037018 7.31519508
vt -15.27464008 6.96038485
vt -15.84037018 6.96038485
vt -15.27464008 6.60557604
vt -15.84037018 6.60557604
vt -15.27464008 6.25076580
vt -15.84037018 6.25076580
vt -15.27464008 5.89595604
vt -15.84037018 5.89595604
vt -15.27464008 5.54114580
vt -15.84037018 5.54114580
vt -15.27464008 5.18633699
vt -15.84037018 5.18633699
vt -16.66983986 8.94427013
vt -16.40609932 8.73443508
vt -16.40609932 8.37962532
vt -16.40609932 8.02481461
vt -16.40609932 7.67000484
vt -16.40609932 7.31519508
vt -16.40609932 6.96038485
vt -16.40609932 6.60557604
vt -16.40609932 6.25076580
vt -16.40609932 5.89595604
vt -16.40609932 5.54114580
vt -16.40609932 5.18633699
vt -16.97183037 8.73443508
vt -17.98612022 8.94561291
vt -17.53754997 8.73443508
vt -18.10327911 8.94312286
vt -18.10326958 8.44156933
vt -17.53754997 8.37962532
vt -18.10327911 7.99017715
vt -17.53754997 8.02481461
vt -17.53754997 7.67000484
vt -16.97183037 7.67000484
vt -16.97183037 7.31519508
vt -18.10327911 7.83950281
vt -18.10327911 7.55502319
vt -17.53754997 7.31519508
vt -18.10327911 7.29097414
vt -17.53754997 6.96038485
vt -18.10327911 7.04704523
vt -18.10327911 6.82272100
vt -17.53754997 6.60557604
vt -18.10327911 6.74710178
vt -18.10327911 6.46338320
vt -17.53754997 6.25076580
vt -18.10326958 6.19691801
vt -17.53754997 5.89595604
vt -18.10327911 5.77923918
vt -17.53754997 5.54114580
vt -18.10326958 5.64782810
vt -18.10327911 5.36006498
vt -17.53754997 5.18633699
vt -18.10325050 5.09938383
vt -18.10327911 2.24744010
vt -18.10327911 1.79165304
vt -17.53754997 1.71122503
vt -18.10327911 1.53532505
vt -17.53754997 1.28595901
vt -18.10327911 1.25980496
vt -18.10327911 1.10915899
vt -17.53754997 0.86069399
vt -18.10327911 0.65810698
vt -17.53754997 0.43542799
vt -18.10327911 0.15631691
vt -18.06440926 0.15522800
vt -18.02535057 0.15439700
vt -17.98611069 0.15383101
vt -16.66983986 0.15517689
vt -16.97183037 0.43542799
vt -16.97183037 0.86069399
vt -16.97183037 1.28595901
vt -15.34053993 0.18098600
vt -15.84037018 0.43542799
vt -16.40609932 0.43542799
vt -1.69718003 0.86069399
vt -1.69718003 1.28595901
vt -1.69718003 1.71122503
vt -1.69718003 2.13649106
vt -1.69718003 2.56175709
vt -1.69718003 2.98702192
vt -1.69718003 3.41228795
vt -1.69718003 3.76709795
vt -1.69718003 4.12190723
vt -2.26290989 0.86069399
vt -2.26290989 1.28595901
vt -2.26290989 1.71122503
vt -2.26290989 2.13649106
vt -2.26290989 2.56175709
vt -2.26290989 2.98702192
vt -2.26290989 3.41228795
vt -2.26290989 3.76709795
vt -2.26290989 4.12190723
vt -3.39436507 0.86069399
vt -3.39436507 1.28595901
vt -3.39436507 1.71122503
vt -3.39436507 2.13649106
vt -3.39436507 2.56175709
vt -3.39436507 2.98702192
vt -3.39436507 3.41228795
vt -3.39436507 3.76709795
vt -3.39436507 4.12190723
vt -4.52581978 0.86069399
vt -4.52581978 1.28595901
vt -4.52581978 1.71122503
vt -4.52581978 2.13649106
vt -4.52581978 2.56175709
vt -4.52581978 2.98702192
vt -4.52581978 3.41228795
vt -4.52581978 3.76709795
vt -4.52581978 4.12190723
vt -5.65727520 0.86069399
vt -5.65727520 1.28595901
vt -5.65727520 1.71122503
vt -5.65727520 2.13649106
vt -5.65727520 2.56175709
vt -5.65727520 2.98702192
vt -5.65727520 3.41228795
vt -5.65727520 3.76709795
vt -5.65727520 4.12190723
vt -12.44600964 0.86069399
vt -12.44600964 1.28595901
vt -12.44600964 1.71122503
vt -12.44600964 2.13649106
vt -12.44600964 2.56175709
vt -12.44600964 2.98702192
vt -12.44600964 3.41228795
vt -12.44600964 3.76709795
vt -12.44600964 4.12190723
vt -13.01173019 0.86069399
vt -13.01173019 1.28595901
vt -13.01173019 1.71122503
vt -13.01173019 2.13649106
vt -13.01173019 2.56175709
vt -13.01173019 2.98702192
vt -13.01173019 3.41228795
vt -13.01173019 3.76709795
vt -13.01173019 4.12190723
vt -13.57746029 0.86069399
vt -13.57746029 1.28595901
vt -13.57746029 1.71122503
vt -13.57746029 2.13649106
vt -13.57746029 2.56175709
vt -13.57746029 2.98702192
vt -13.57746029 3.41228795
vt -13.57746029 3.76709795
vt -13.57746029 4.12190723
vt -14.14319038 0.86069399
vt -14.14319038 1.28595901
vt -14.14319038 1.71122503
vt -14.14319038 2.13649106
vt -14.14319038 2.56175709
vt -14.14319038 2.98702192
vt -14.14319038 3.41228795
vt -14.14319038 3.76709795
vt -14.14319038 4.12190723
vt -14.70891953 0.86069399
vt -14.70891953 1.28595901
vt -14.70891953 1.71122503
vt -14.70891953 2.13649106
vt -14.70891953 2.56175709
vt -14.70891953 2.98702192
vt -14.70891953 3.41228795
vt -14.70891953 3.76709795
vt -14.70891953 4.12190723
vt -16.40609932 0.86069399
vt -15.27464008 1.28595901
vt -15.84037018 1.71122503
vt -16.40609932 2.13649106
vt -16.97183037 2.56175709
vt -15.27464008 1.71122503
vt -15.27464008 2.13649106
vt -15.27464008 2.56175709
vt -15.27464008 2.98702192
vt -15.27464008 3.41228795
vt -15.27464008 3.76709795
vt -15.27464008 4.12190723
vt -15.84037018 2.13649106
vt -16.40609932 2.56175709
vt -16.97183037 2.98702192
vt -15.84037018 2.56175709
vt -15.84037018 2.98702192
vt -15.84037018 3.41228795
vt -15.84037018 3.76709795
vt -15.84037018 4.12190723
vt -16.40609932 2.98702192
vt -16.97183037 3.41228795
vt -16.40609932 3.41228795
vt -16.40609932 3.76709795
vt -16.40609932 4.12190723
vt -16.97183037 3.76709795
vt -16.97183037 4.12190723
vt -1.13145006 5.18633699
vt -1.13145006 5.54114580
vt -1.69718003 5.18633699
vt -1.69718003 5.54114580
vt -1.69718003 5.89595604
vt -2.26290989 5.18633699
vt -2.26290989 5.54114580
vt -2.26290989 5.89595604
vt -2.26290989 6.25076580
vt -3.39436507 5.18633699
vt -3.39436507 5.54114580
vt -3.39436507 5.89595604
vt -3.39436507 6.25076580
vt -3.39436507 6.60557604
vt -4.52581978 5.18633699
vt -4.52581978 5.54114580
vt -4.52581978 5.89595604
vt -4.52581978 6.25076580
vt -4.52581978 6.60557604
vt -4.52581978 6.96038485
vt -5.65727520 5.18633699
vt -5.65727520 5.54114580
vt -5.65727520 5.89595604
vt -5.65727520 6.25076580
vt -5.65727520 6.60557604
vt -5.65727520 6.96038485
vt -5.65727520 7.31519508
vt -6.78873014 5.18633699
vt -6.78873014 5.54114580
vt -6.78873014 5.89595604
vt -6.78873014 6.25076580
vt -6.78873014 6.60557604
vt -6.78873014 6.96038485
vt -6.78873014 7.31519508
vt -6.78873014 7.67000484
vt -8.48591423 5.18633699
vt -8.48591423 5.54114580
vt -8.48591423 5.89595604
vt -8.48591423 6.25076580
vt -8.48591423 6.60557604
vt -8.48591423 6.96038485
vt -8.48591423 7.31519508
vt -8.48591423 7.67000484
vt -8.48591423 8.02481461
vt -9.33450508 5.18633699
vt -9.33450508 5.54114580
vt -9.33450508 5.89595604
vt -9.33450508 6.25076580
vt -9.33450508 6.60557604
vt -9.33450508 6.96038485
vt -9.33450508 7.31519508
vt -9.33450508 7.67000484
vt -9.33450508 8.02481461
vt -10.18309975 5.18633699
vt -10.18309975 5.54114580
vt -10.18309975 5.89595604
vt -10.18309975 6.25076580
vt -10.18309975 6.60557604
vt -10.18309975 6.96038485
vt -10.18309975 7.31519508
vt -10.18309975 7.67000484
vt -10.18309975 8.02481461
vt -11.31455040 5.18633699
vt -11.31455040 5.54114580
vt -11.31455040 5.89595604
vt -11.31455040 6.25076580
vt -11.31455040 6.60557604
vt -11.31455040 6.96038485
vt -11.31455040 7.31519508
vt -11.31455040 7.67000484
vt -11.31455040 8.02481461
vt -12.44600964 5.18633699
vt -12.44600964 5.54114580
vt -12.44600964 5.89595604
vt -12.44600964 6.25076580
vt -12.44600964 6.60557604
vt -12.44600964 6.96038485
vt -12.44600964 7.31519508
vt -12.44600964 7.67000484
vt -12.44600964 8.02481461
vt -12.44600964 8.37962532
vt -13.01173019 5.18633699
vt -13.01173019 5.54114580
vt -13.01173019 5.89595604
vt -13.01173019 6.25076580
vt -13.01173019 6.60557604
vt -13.01173019 6.96038485
vt -13.01173019 7.31519508
vt -13.01173019 7.67000484
vt -13.01173019 8.02481461
vt -13.01173019 8.37962532
vt -13.57746029 5.18633699
vt -13.57746029 5.54114580
vt -13.57746029 5.89595604
vt -13.57746029 6.25076580
vt -13.57746029 6.60557604
vt -13.57746029 6.96038485
vt -13.57746029 7.31519508
vt -13.57746029 7.67000484
vt -13.57746029 8.02481461
vt -13.57746029 8.37962532
vt -14.14319038 5.18633699
vt -14.14319038 5.54114580
vt -14.14319038 5.89595604
vt -14.14319038 6.25076580
vt -14.14319038 6.60557604
vt -14.14319038 6.96038485
vt -14.14319038 7.31519508
vt -14.14319038 7.67000484
vt -14.14319038 8.02481461
vt -14.14319038 8.37962532
vt -14.70891953 5.18633699
vt -14.70891953 5.54114580
vt -14.70891953 5.89595604
vt -14.70891953 6.25076580
vt -14.70891953 6.60557604
vt -14.70891953 6.96038485
vt -14.70891953 7.31519508
vt -14.70891953 7.67000484
vt -14.70891953 8.02481461
vt -14.70891953 8.37962532
vt -16.97183037 5.18633699
vt -16.97183037 5.54114580
vt -16.97183037 5.89595604
vt -16.97183037 6.25076580
vt -16.97183037 6.60557604
vt -16.97183037 6.96038485
vt -1.13145006 6.96038485
vt -1.69718003 7.31519508
vt -2.26290989 7.67000484
vt -3.39436507 8.02481461
vt -1.13145006 8.37962532
vt -16.97183037 8.02481461
vt -16.97183037 8.37962532
vt -19.84185028 0.64103800
vt -20.07653999 0.39816600
vt -19.29342079 0.43454000
vt -19.06038094 0.40373799
vt -19.29342079 0.64892697
vt -18.51029968 0.43454000
vt -18.51029968 0.64892697
vt -18.01445961 0.39271200
vt -17.72719002 0.43454000
vt -16.94017029 0.36812600
vt -16.94407082 0.43454000
vt -16.16094971 0.43454000
vt -16.94407082 0.64892697
vt -16.16094971 0.64892697
vt -16.94407082 0.86331302
vt -16.16094971 0.86331302
vt -16.94407082 1.06556201
vt -16.16094971 1.06556201
vt -16.94407082 1.26781094
vt -16.16094971 1.26781094
vt -16.94407082 1.47005904
vt -16.16094971 1.47005904
vt -16.94407082 1.67230797
vt -16.16094971 1.67230797
vt -16.94407082 1.87455702
vt -16.16094971 1.87455702
vt -16.94407082 2.07680607
vt -16.16094971 2.07680607
vt -16.94407082 2.27905393
vt -16.16094971 2.27905393
vt -16.94407082 2.48130298
vt -16.16094971 2.48130298
vt -16.94407082 2.68355203
vt -16.16094971 2.68355203
vt -16.94407082 2.88580108
vt -16.16094971 2.88580108
vt -16.94407082 3.08804893
vt -16.16094971 3.08804893
vt -16.94407082 3.29029799
vt -16.16094971 3.29029799
vt -16.94407082 3.49254704
vt -16.16094971 3.49254704
vt -16.94407082 3.69479609
vt -16.16094971 3.69479609
vt -16.94407082 3.89704394
vt -16.16094971 3.89704394
vt -16.94407082 4.09929323
vt -16.16094971 4.09929323
vt -16.94407082 4.30154181
vt -16.16094971 4.30154181
vt -16.94407082 4.50379086
vt -16.16094971 4.50379086
vt -16.94407082 4.70603895
vt -16.16094971 4.70603895
vt -16.94407082 4.90828800
vt -16.16094971 4.90828800
vt -16.16094971 5.11053705
vt -15.37782955 4.90828800
vt -15.37782955 5.11053705
vt -14.59471035 4.90828800
vt -14.59471035 5.11053705
vt -13.81159019 4.90828800
vt -13.81159019 5.11053705
vt -13.01912022 4.90828800
vt -13.01912022 5.11053705
vt -12.22665024 4.90828800
vt -12.22665024 5.11053705
vt -11.54740047 4.90828800
vt -11.54740047 5.11053705
vt -10.86814022 4.90828800
vt -10.86814022 5.11053705
vt -10.07567024 4.90828800
vt -10.07567024 5.11053705
vt -9.28320217 4.90828800
vt -9.28320217 5.11053705
vt -8.15110397 4.90828800
vt -8.15110397 5.11053705
vt -7.47184515 4.90828800
vt -7.47184515 5.11053705
vt -6.79258585 4.90828800
vt -6.79258585 5.11053705
vt -6.11332798 4.90828800
vt -6.11332798 5.11053705
vt -5.43406916 4.90828800
vt -5.43406916 5.11053705
vt -4.75480986 4.90828800
vt -4.75480986 5.11053705
vt -4.07555199 4.90828800
vt -4.07555199 5.11053705
vt -3.39629292 4.90828800
vt -3.39629292 5.11053705
vt -2.71703506 4.90828800
vt -2.71703506 5.11053705
vt -2.37740493 4.90828800
vt -2.37740493 5.11053705
vt -2.03777599 4.90828800
vt -2.03777599 5.11053705
vt -1.52833200 4.90828800
vt -1.52833200 5.11053705
vt -1.01888800 4.90828800
vt -1.01888800 5.11053705
vt -0.50944400 4.90828800
vt -0.50944400 5.11053705
vt 0.00000000 4.96070910
vt 0.00000000 5.31448984
vt -15.83802032 0.33310601
vt -15.37782955 0.43454000
vt -15.37782955 0.64892697
vt -15.37782955 0.86331302
vt -15.37782955 1.06556201
vt -15.37782955 1.26781094
vt -15.37782955 1.47005904
vt -15.37782955 1.67230797
vt -15.37782955 1.87455702
vt -15.37782955 2.07680607
vt -15.37782955 2.27905393
vt -15.37782955 2.48130298
vt -15.37782955 2.68355203
vt -15.37782955 2.88580108
vt -15.37782955 3.08804893
vt -15.37782955 3.29029799
vt -15.37782955 3.49254704
vt -15.37782955 3.69479609
vt -15.37782955 3.89704394
vt -15.37782955 4.09929323
vt -15.37782955 4.30154181
vt -15.37782955 4.50379086
vt -15.37782955 4.70603895
vt -13.54382038 0.23870800
vt -14.59471035 0.43454000
vt -14.59471035 0.64892697
vt -14.59471035 0.86331302
vt -14.59471035 1.06556201
vt -14.59471035 1.26781094
vt -14.59471035 1.47005904
vt -14.59471035 1.67230797
vt -14.59471035 1.87455702
vt -14.59471035 2.07680607
vt -14.59471035 2.27905393
vt -14.59471035 2.48130298
vt -14.59471035 2.68355203
vt -14.59471035 2.88580108
vt -14.59471035 3.08804893
vt -14.59471035 3.29029799
vt -14.59471035 3.49254704
vt -14.59471035 3.69479609
vt -14.59471035 3.89704394
vt -14.59471035 4.09929323
vt -14.59471035 4.30154181
vt -14.59471035 4.50379086
vt -14.59471035 4.70603895
vt -11.09864998 0.12891001
vt -13.01912022 0.22015400
vt -13.01912022 0.43454000
vt -13.81159019 0.43454000
vt -13.81159019 0.64892697
vt -8.49694157 0.05094498
vt -10.07567024 0.22015400
vt -10.86814022 0.22015400
vt -11.54740047 0.22015400
vt -11.54740047 0.43454000
vt -12.22665024 0.43454000
vt -12.22665024 0.64892697
vt -13.01912022 0.64892697
vt -13.01912022 0.86331302
vt -13.81159019 0.86331302
vt -13.81159019 1.06556201
vt -7.14506817 0.03675895
vt -8.15110397 0.22015400
vt -9.28320217 0.22015400
vt -10.07567024 0.43454000
vt -10.86814022 0.43454000
vt -10.86814022 0.64892697
vt -11.54740047 0.64892697
vt -11.54740047 0.86331302
vt -12.22665024 0.86331302
vt -12.22665024 1.06556201
vt -13.01912022 1.06556201
vt -13.01912022 1.26781094
vt -13.81159019 1.26781094
vt -13.81159019 1.47005904
vt -5.76284218 0.02422595
vt -6.79258585 0.22015400
vt -7.47184515 0.22015400
vt -8.15110397 0.43454000
vt -9.28320217 0.43454000
vt -9.28320217 0.64892697
vt -10.07567024 0.64892697
vt -10.07567024 0.86331302
vt -10.86814022 0.86331302
vt -10.86814022 1.06556201
vt -11.54740047 1.06556201
vt -11.54740047 1.26781094
vt -12.22665024 1.26781094
vt -12.22665024 1.47005904
vt -13.01912022 1.47005904
vt -13.01912022 1.67230797
vt -13.81159019 1.67230797
vt -13.81159019 1.87455702
vt -4.35221577 0.01067596
vt -4.75480986 0.22015400
vt -5.43406916 0.22015400
vt -6.11332798 0.22015400
vt -6.11332798 0.43454000
vt -6.79258585 0.43454000
vt -6.79258585 0.64892697
vt -7.47184515 0.64892697
vt -7.47184515 0.86331302
vt -8.15110397 0.86331302
vt -8.15110397 1.06556201
vt -9.28320217 1.06556201
vt -9.28320217 1.26781094
vt -10.07567024 1.26781094
vt -10.07567024 1.47005904
vt -10.86814022 1.47005904
vt -10.86814022 1.67230797
vt -11.54740047 1.67230797
vt -11.54740047 1.87455702
vt -12.22665024 1.87455702
vt -12.22665024 2.07680607
vt -13.01912022 2.07680607
vt -13.01912022 2.27905393
vt -13.81159019 2.27905393
vt -13.81159019 2.48130298
vt -2.91733909 0.00576699
vt -3.39629292 0.22015400
vt -4.07555199 0.22015400
vt -4.75480986 0.43454000
vt -5.43406916 0.43454000
vt -5.43406916 0.64892697
vt -6.11332798 0.64892697
vt -6.11332798 0.86331302
vt -6.79258585 0.86331302
vt -6.79258585 1.06556201
vt -7.47184515 1.06556201
vt -7.47184515 1.26781094
vt -8.15110397 1.26781094
vt -8.15110397 1.47005904
vt -9.28320217 1.47005904
vt -9.28320217 1.67230797
vt -10.07567024 1.67230797
vt -10.07567024 1.87455702
vt -10.86814022 1.87455702
vt -10.86814022 2.07680607
vt -11.54740047 2.07680607
vt -11.54740047 2.27905393
vt -12.22665024 2.27905393
vt -12.22665024 2.48130298
vt -13.01912022 2.48130298
vt -13.01912022 2.68355203
vt -13.81159019 2.68355203
vt -13.81159019 2.88580108
vt -1.46364295 0.00664699
vt -2.03777599 0.22015400
vt -2.37740493 0.22015400
vt -2.71703506 0.22015400
vt -2.71703506 0.43454000
vt -3.39629292 0.43454000
vt -3.39629292 0.64892697
vt -4.07555199 0.64892697
vt -4.07555199 0.86331302
vt -4.75480986 0.86331302
vt -4.75480986 1.06556201
vt -5.43406916 1.06556201
vt -5.43406916 1.26781094
vt -6.11332798 1.26781094
vt -6.11332798 1.47005904
vt -6.79258585 1.47005904
vt -6.79258585 1.67230797
vt -7.47184515 1.67230797
vt -7.47184515 1.87455702
vt -8.15110397 1.87455702
vt -8.15110397 2.07680607
vt -9.28320217 2.07680607
vt -9.28320217 2.27905393
vt -10.07567024 2.27905393
vt -10.07567024 2.48130298
vt -10.86814022 2.48130298
vt -10.86814022 2.68355203
vt -11.54740047 2.68355203
vt -11.54740047 2.88580108
vt -12.22665024 2.88580108
vt -12.22665024 3.08804893
vt -13.01912022 3.08804893
vt -13.01912022 3.29029799
vt -13.81159019 3.29029799
vt -13.81159019 3.49254704
vt -1.52833200 0.22015400
vt 0.00000000 0.00777197
vt -1.01888800 0.22015400
vt -0.50944400 0.22015400
vt -1.01888800 0.43454000
vt -0.50944400 0.43454000
vt -1.01888800 0.64892697
vt -0.50944400 0.64892697
vt -1.01888800 0.86331302
vt -0.50944400 0.86331302
vt -1.01888800 1.06556201
vt -0.50944400 1.06556201
vt -1.01888800 1.26781094
vt -0.50944400 1.26781094
vt -1.01888800 1.47005904
vt -0.50944400 1.47005904
vt -1.01888800 1.67230797
vt -0.50944400 1.67230797
vt -1.01888800 1.87455702
vt -0.50944400 1.87455702
vt -1.01888800 2.07680607
vt -0.50944400 2.07680607
vt -1.01888800 2.27905393
vt -0.50944400 2.27905393
vt -1.01888800 2.48130298
vt -0.50944400 2.48130298
vt -1.01888800 2.68355203
vt -0.50944400 2.68355203
vt -1.01888800 2.88580108
vt -0.50944400 2.88580108
vt -1.01888800 3.08804893
vt -0.50944400 3.08804893
vt -1.01888800 3.29029799
vt -0.50944400 3.29029799
vt -1.01888800 3.49254704
vt -0.50944400 3.49254704
vt -1.01888800 3.69479609
vt -0.50944400 3.69479609
vt -1.01888800 3.89704394
vt -0.50944400 3.89704394
vt -1.01888800 4.09929323
vt -0.50944400 4.09929323
vt -1.01888800 4.30154181
vt -0.50944400 4.30154181
vt -1.01888800 4.50379086
vt -0.50944400 4.50379086
vt -1.01888800 4.70603895
vt -0.50944400 4.70603895
vt 0.00000000 0.36155200
vt 0.00000000 0.71533400
vt 0.00000000 1.06911504
vt 0.00000000 1.42289603
vt 0.00000000 1.77667797
vt 0.00000000 2.13045907
vt 0.00000000 2.48424006
vt 0.00000000 2.83802104
vt 0.00000000 3.19180298
vt 0.00000000 3.54558396
vt 0.00000000 3.89936495
vt 0.00000000 4.25314617
vt 0.00000000 4.60692692
vt 0.00000000 5.66827106
vt -0.50944400 5.51503420
vt -0.50944400 5.31443882
vt -1.01888800 5.31438684
vt -1.52833200 5.31433582
vt -2.03777599 5.31428480
vt -2.37740493 5.31424999
vt -2.71703506 5.31421614
vt -3.39629292 5.31414795
vt -4.07555199 5.31407881
vt -4.75480986 5.31401014
vt -5.43406916 5.31394196
vt -6.11332798 5.31387281
vt -6.79258585 5.31380510
vt -7.47184515 5.31373596
vt -8.15110397 5.31366777
vt -9.28320217 5.31355381
vt -10.07567024 5.31347418
vt -10.86814022 5.31339407
vt -11.54740047 5.31332493
vt -12.22665024 5.31325722
vt -13.01912022 5.31317711
vt -13.81159019 5.31309700
vt -14.59471035 5.31301785
vt -15.37782955 5.31293917
vt -16.16094971 5.31286001
vt -0.50944400 5.71728277
vt 0.00000000 6.02205276
vt -0.50944400 5.91953182
vt -0.50944400 6.12178087
vt -1.01888800 6.12178087
vt -1.01888800 6.32402992
vt -1.52833200 6.32402992
vt -1.52833200 6.52627802
vt -2.03777599 6.52627802
vt -2.03777599 6.72948217
vt -2.37740493 6.72945976
vt -2.37740493 6.93077612
vt -2.71703506 6.93077612
vt -2.71703506 7.13302517
vt -3.39629292 7.13302517
vt -3.39629292 7.33527279
vt -4.07555199 7.33527279
vt -4.07555199 7.53752184
vt -4.75480986 7.53752184
vt -4.75480986 7.73977089
vt -5.43406916 7.73977089
vt -5.43406916 7.94201994
vt -6.11332798 7.94201994
vt -6.11332798 8.14456940
vt -6.79258585 8.14455032
vt -6.79258585 8.34651661
vt -7.47184515 8.34651661
vt -7.47184515 8.54876709
vt -8.15110397 8.54876709
vt -8.15110397 8.75101471
vt -9.28320217 8.75101471
vt -9.28320217 8.95326424
vt -10.07567024 8.95326424
vt -10.07567024 9.15551186
vt -10.86814022 9.15551186
vt -10.86814022 9.35776234
vt -11.54740047 9.35776234
vt -10.86814022 9.55995560
vt -11.54740047 9.55996323
vt -10.86814022 9.76225758
vt -11.54740047 9.76225758
vt -11.54740047 9.96450806
vt -12.22665024 9.96450806
vt -12.22665024 10.16676044
vt -13.01912022 10.16676044
vt -13.01912022 10.36900043
vt -13.81159019 10.36900043
vt -13.81159019 10.57124996
vt -14.59471035 10.57124996
vt -14.59471035 10.77350044
vt -15.37782955 10.77350044
vt -14.59471035 10.97560978
vt -15.37782955 10.97564030
vt -14.59471035 11.17800045
vt -15.37782955 11.17800045
vt -15.37782955 11.38024998
vt -16.16094971 11.38024998
vt -16.16094971 11.58250046
vt -16.94407082 11.58250046
vt -16.94407082 11.78474998
vt -17.72719002 11.78474998
vt -17.72719002 11.98698997
vt -18.51029968 11.98698997
vt -18.51029968 12.18924046
vt -18.59787941 11.81840992
vt -19.21869087 12.52653980
vt -18.51029968 12.39144993
vt -18.51029968 12.59374046
vt -17.72719002 12.39138985
vt -17.72719002 12.59374046
vt -16.94407082 12.59374046
vt -17.72719002 12.79598999
vt -16.94407082 12.79598999
vt -17.72719002 12.99824047
vt -16.94407082 12.99824047
vt -17.72719002 13.20049000
vt -16.94407082 13.20049000
vt -17.72719002 13.40273952
vt -16.94407082 13.40273952
vt -16.94014931 13.44489002
vt -16.16094971 13.40273952
vt -15.83800030 13.47990990
vt -15.37782955 13.40273952
vt -14.59471035 13.40273952
vt -14.59471035 13.20049000
vt -13.81159019 13.20049000
vt -13.81159019 12.99824047
vt -13.01912022 12.99824047
vt -13.01912022 12.79598999
vt -12.22665024 12.79598999
vt -12.22665024 12.59374046
vt -11.54740047 12.59374046
vt -12.22665024 12.39099979
vt -11.54740047 12.39095020
vt -12.22665024 12.18924046
vt -11.54740047 12.18924046
vt -11.54740047 11.98698997
vt -10.86814022 11.98698997
vt -10.86814022 11.78474998
vt -10.07567024 11.78474998
vt -10.07567024 11.58250046
vt -9.28320217 11.58250046
vt -9.28320217 11.38024998
vt -8.15110397 11.38024998
vt -8.15110397 11.17800045
vt -7.47184515 11.17800045
vt -7.47184515 10.97531033
vt -6.79258585 10.97527981
vt -7.47184515 10.77350044
vt -6.79258585 10.77350044
vt -6.79258585 10.57124996
vt -6.11332798 10.57124996
vt -6.11332798 10.36900043
vt -5.43406916 10.36900043
vt -5.43406916 10.16676044
vt -4.75480986 10.16676044
vt -4.75480986 9.96450806
vt -4.07555199 9.96450806
vt -4.07555199 9.76225758
vt -3.39629292 9.76225758
vt -3.39629292 9.55989361
vt -2.71703506 9.55988789
vt -3.39629292 9.35776234
vt -2.71703506 9.35776234
vt -2.71703506 9.15551186
vt -2.37740493 9.15551186
vt -2.37740493 8.95326424
vt -2.03777599 8.95326424
vt -2.03777599 8.75101471
vt -1.52833200 8.75101471
vt -1.52833200 8.54876709
vt -1.01888800 8.54876709
vt -1.01888800 8.34651661
vt -0.50944400 8.34651661
vt -0.50944400 8.14472580
vt 0.00000000 8.14474106
vt -0.50944400 7.94201994
vt 0.00000000 7.79095888
vt -0.50944400 7.73977089
vt -0.50944400 7.53752184
vt -1.01888800 7.73977089
vt -1.01888800 7.53752184
vt -1.52833200 7.73977089
vt -1.52833200 7.53752184
vt -2.03777599 7.73977089
vt -2.03777599 7.53752184
vt -2.37740493 7.73977089
vt -2.37740493 7.53752184
vt -2.71703506 7.73977089
vt -2.71703506 7.53752184
vt -3.39629292 7.73977089
vt -3.39629292 7.53752184
vt -4.07555199 7.73977089
vt 0.00000000 6.37583399
vt -0.50944400 6.32402992
vt -1.01888800 6.52627802
vt -1.52833200 6.72951508
vt -2.03777599 6.93077612
vt -2.37740493 7.13302517
vt -2.71703506 7.33527279
vt -0.50944400 6.52627802
vt 0.00000000 6.72961521
vt -0.50944400 6.72958183
vt -0.50944400 6.93077612
vt -1.01888800 6.93077612
vt -1.01888800 7.13302517
vt -1.52833200 7.13302517
vt -1.52833200 7.33527279
vt -2.03777599 7.33527279
vt 0.00000000 7.08339596
vt -0.50944400 7.13302517
vt -1.01888800 7.33527279
vt -0.50944400 7.33527279
vt 0.00000000 7.43717813
vt 0.00000000 8.49852085
vt -0.50944400 8.54876709
vt -1.01888800 8.75101471
vt -1.52833200 8.95326424
vt -2.03777599 9.15551186
vt -2.37740493 9.35776234
vt -2.37740493 9.55988503
vt -2.71703506 9.76225758
vt -3.39629292 9.96450806
vt -4.07555199 10.16676044
vt -4.75480986 10.36900043
vt -5.43406916 10.57124996
vt -6.11332798 10.77350044
vt -6.11332798 10.97525024
vt -6.79258585 11.17800045
vt -7.47184515 11.38024998
vt -8.15110397 11.58250046
vt -9.28320217 11.78474998
vt -10.07567024 11.98698997
vt -10.86814022 12.18924046
vt -10.86814022 12.39089966
vt -10.86814022 12.59374046
vt -11.54740047 12.79598999
vt -12.22665024 12.99824047
vt -13.01912022 13.20049000
vt -13.81159019 13.40273952
vt -13.54378986 13.57460976
vt -0.50944400 8.75101471
vt 0.00000000 8.85230255
vt -0.50944400 8.95326424
vt 0.00000000 9.20608521
vt -0.50944400 9.15551186
vt -0.50944400 9.35776234
vt -1.01888800 9.35776234
vt -0.50944400 9.55986977
vt -1.01888800 9.55987358
vt -1.01888800 9.76225758
vt -1.52833200 9.76225758
vt -1.52833200 9.96450806
vt -2.03777599 9.96450806
vt -2.03777599 10.16676044
vt -2.37740493 10.16676044
vt -2.37740493 10.36900043
vt -2.71703506 10.36900043
vt -2.71703506 10.57124996
vt -3.39629292 10.57124996
vt -3.39629292 10.77350044
vt -4.07555199 10.77350044
vt -3.39629292 10.97513008
vt -4.07555199 10.97515965
vt -4.07555199 11.17800045
vt -4.75480986 11.17800045
vt -4.75480986 11.38024998
vt -5.43406916 11.38024998
vt -5.43406916 11.58250046
vt -6.11332798 11.58250046
vt -6.11332798 11.78474998
vt -6.79258585 11.78474998
vt -6.79258585 11.98698997
vt -7.47184515 11.98698997
vt -7.47184515 12.18924046
vt -8.15110397 12.18924046
vt -7.47184515 12.39064980
vt -8.15110397 12.39070034
vt -8.15110397 12.59374046
vt -9.28320217 12.39078045
vt -9.28320217 12.59374046
vt -10.07567024 12.39083958
vt -10.07567024 12.59374046
vt 0.00000000 9.55986500
vt -0.50944400 9.76225758
vt 0.00000000 9.91364574
vt -0.50944400 9.96450806
vt -0.50944400 10.16676044
vt -1.01888800 10.16676044
vt -1.01888800 10.36900043
vt -1.52833200 10.36900043
vt -1.52833200 10.57124996
vt -2.03777599 10.57124996
vt -2.03777599 10.77350044
vt -2.37740493 10.77350044
vt -2.03777599 10.97507954
vt -2.37740493 10.97509003
vt -2.37740493 11.17800045
vt -2.71703506 11.17800045
vt -2.71703506 11.38024998
vt -3.39629292 11.38024998
vt -3.39629292 11.58250046
vt -4.07555199 11.58250046
vt -4.07555199 11.78474998
vt -4.75480986 11.78474998
vt -4.75480986 11.98698997
vt -5.43406916 11.98698997
vt -5.43406916 12.18924046
vt -6.11332798 12.18924046
vt -5.43406916 12.39050961
vt -6.11332798 12.39056015
vt -6.11332798 12.59374046
vt -6.79258585 12.59374046
vt -6.79258585 12.79598999
vt -7.47184515 12.79598999
vt -7.47184515 12.99824047
vt -8.15110397 12.99824047
vt -8.15110397 13.20049000
vt -9.28320217 13.20049000
vt -9.28320217 13.40273952
vt -10.07567024 13.40273952
vt -10.07567024 13.60499001
vt -10.86814022 13.60499001
vt -11.09862041 13.68410015
vt -11.54740047 13.60499001
vt -12.22665024 13.60499001
vt -11.54740047 13.40273952
vt -12.22665024 13.40273952
vt -11.54740047 13.20049000
vt -12.22665024 13.20049000
vt -11.54740047 12.99824047
vt 0.00000000 10.26743031
vt -0.50944400 10.36900043
vt -1.01888800 10.57124996
vt -1.52833200 10.77350044
vt -1.52833200 10.97504997
vt -2.03777599 11.17800045
vt -2.37740493 11.38024998
vt -2.71703506 11.58250046
vt -3.39629292 11.78474998
vt -4.07555199 11.98698997
vt -4.75480986 12.18924046
vt -4.75480986 12.39046001
vt -5.43406916 12.59374046
vt -6.11332798 12.79598999
vt -6.79258585 12.99824047
vt -7.47184515 13.20049000
vt -8.15110397 13.40273952
vt -9.28320217 13.60499001
vt 0.00000000 10.62121010
vt -0.50944400 10.57124996
vt -1.01888800 10.77350044
vt -1.01888800 10.97502995
vt -1.52833200 11.17800045
vt -2.03777599 11.38024998
vt -2.37740493 11.58250046
vt -2.71703506 11.78474998
vt -3.39629292 11.98698997
vt -4.07555199 12.18924046
vt -4.07555199 12.39041042
vt -4.75480986 12.59374046
vt -5.43406916 12.79598999
vt -6.11332798 12.99824047
vt -6.79258585 13.20049000
vt -7.47184515 13.40273952
vt -8.15110397 13.60499001
vt -8.49693680 13.76206970
vt -0.50944400 10.77350044
vt 0.00000000 10.97498989
vt -0.50944400 10.97500992
vt -0.50944400 11.17800045
vt -1.01888800 11.17800045
vt -1.01888800 11.38024998
vt -1.52833200 11.38024998
vt -1.52833200 11.58250046
vt -2.03777599 11.58250046
vt -2.03777599 11.78474998
vt -2.37740493 11.78474998
vt -2.37740493 11.98698997
vt -2.71703506 11.98698997
vt -2.71703506 12.18924046
vt -3.39629292 12.18924046
vt -2.71703506 12.39031029
vt -3.39629292 12.39035988
vt -3.39629292 12.59374046
vt -4.07555199 12.59374046
vt -4.07555199 12.79598999
vt -4.75480986 12.79598999
vt -4.75480986 12.99824047
vt -5.43406916 12.99824047
vt -5.43406916 13.20049000
vt -6.11332798 13.20049000
vt -6.11332798 13.40273952
vt -6.79258585 13.40273952
vt -6.79258585 13.60499001
vt -7.47184515 13.60499001
vt -7.14505720 13.77624989
vt 0.00000000 11.32876968
vt -0.50944400 11.38024998
vt -1.01888800 11.58250046
vt -1.52833200 11.78474998
vt -2.03777599 11.98698997
vt -2.37740493 12.18924046
vt -2.37740493 12.39029026
vt -2.71703506 12.59374046
vt -3.39629292 12.79598999
vt -4.07555199 12.99824047
vt -4.75480986 13.20049000
vt -5.43406916 13.40273952
vt -6.11332798 13.60499001
vt -0.50944400 11.58250046
vt 0.00000000 11.68255043
vt -0.50944400 11.78474998
vt 0.00000000 12.03633022
vt -0.50944400 11.98698997
vt -0.50944400 12.18924046
vt -1.01888800 12.18924046
vt -0.50944400 12.39015007
vt -1.01888800 12.39019012
vt -1.01888800 12.59374046
vt -1.52833200 12.59374046
vt -1.52833200 12.79598999
vt -2.03777599 12.79598999
vt -2.03777599 12.99824047
vt -2.37740493 12.99824047
vt -2.37740493 13.20049000
vt -2.71703506 13.20049000
vt -2.71703506 13.40273952
vt -3.39629292 13.40273952
vt -3.39629292 13.60499001
vt -4.07555199 13.60499001
vt -4.35217094 13.80233002
vt -4.75480986 13.60499001
vt -5.76283407 13.78878021
vt -5.43406916 13.60499001
vt 0.00000000 12.39011002
vt -0.50944400 12.59374046
vt 0.00000000 12.74390030
vt -0.50944400 12.79598999
vt -0.50944400 12.99824047
vt -1.01888800 12.99824047
vt -1.01888800 13.20049000
vt -1.52833200 13.20049000
vt -1.52833200 13.40273952
vt -2.03777599 13.40273952
vt -2.03777599 13.60499001
vt -2.37740493 13.60499001
vt -2.91731811 13.80723000
vt -2.71703506 13.60499001
vt 0.00000000 13.09768009
vt -0.50944400 13.20049000
vt -1.01888800 13.40273952
vt -1.52833200 13.60499001
vt 0.00000000 13.45145988
vt -0.50944400 13.40273952
vt -1.01888800 13.60499001
vt -1.46366298 13.80638027
vt -0.50944400 13.60499001
vt 0.00000000 13.80523968
vt -13.01912022 13.40273952
vt -18.01444054 13.42029953
vt -19.06035042 13.40927029
vt -18.51029968 13.40273952
vt -18.51029968 13.20049000
vt -20.07638931 13.41491985
vt -19.29342079 13.40273952
vt -19.29342079 13.20049000
vt -18.51029968 12.99824047
vt -19.84184074 13.17197037
vt -19.29342079 12.79598999
vt -19.29342079 12.99824047
vt -18.51029968 11.78474998
vt -18.00252914 11.00207996
vt -17.72719002 11.38024998
vt -17.72719002 11.17800045
vt -16.94407082 11.17800045
vt -17.72719002 10.97574043
vt -16.94407082 10.97570992
vt -17.72719002 10.77350044
vt -16.94407082 10.77350044
vt -16.94407082 10.57124996
vt -16.16094971 10.57124996
vt -16.16094971 10.36900043
vt -15.37782955 10.36900043
vt -15.37782955 10.16676044
vt -14.59471035 10.16676044
vt -14.59471035 9.96450806
vt -13.81159019 9.96450806
vt -13.81159019 9.76225758
vt -13.01912022 9.76225758
vt -13.81159019 9.55998230
vt -13.01912022 9.55997372
vt -13.81159019 9.35776234
vt -13.01912022 9.35776234
vt -13.01912022 9.15551186
vt -12.22665024 9.15551186
vt -12.22665024 8.95326424
vt -11.54740047 8.95326424
vt -11.54740047 8.75101471
vt -10.86814022 8.75101471
vt -10.86814022 8.54876709
vt -10.07567024 8.54876709
vt -10.07567024 8.34651661
vt -9.28320217 8.34651661
vt -9.28320217 8.14447880
vt -8.15110397 8.14451218
vt -8.15110397 7.94201994
vt -7.47184515 7.94201994
vt -7.47184515 7.73977089
vt -6.79258585 7.73977089
vt -6.79258585 7.53752184
vt -6.11332798 7.53752184
vt -6.11332798 7.33527279
vt -5.43406916 7.33527279
vt -5.43406916 7.13302517
vt -4.75480986 7.13302517
vt -4.75480986 6.93077612
vt -4.07555199 6.93077612
vt -4.07555199 6.72934914
vt -3.39629292 6.72939301
vt -3.39629292 6.52627802
vt -2.71703506 6.52627802
vt -2.71703506 6.32402992
vt -2.37740493 6.32402992
vt -2.37740493 6.12178087
vt -2.03777599 6.12178087
vt -2.03777599 5.91953182
vt -1.52833200 5.91953182
vt -1.52833200 5.71728277
vt -1.01888800 5.71728277
vt -1.01888800 5.51503420
vt -17.46795082 10.06462002
vt -17.72719002 10.57124996
vt -17.04055023 9.04176903
vt -16.94407082 9.35776234
vt -16.94407082 9.56000805
vt -16.94407082 9.76225758
vt -16.16094971 9.76225758
vt -16.94407082 9.96450806
vt -16.16094971 9.96450806
vt -16.94407082 10.16676044
vt -16.16094971 10.16676044
vt -16.94407082 10.36900043
vt -16.88050079 8.51377201
vt -16.94407082 8.75101471
vt -16.94407082 8.95326424
vt -16.94407082 9.15551186
vt -16.16094971 8.95326424
vt -16.16094971 9.15551186
vt -15.37782955 8.95326424
vt -15.37782955 9.15551186
vt -14.59471035 8.95326424
vt -14.59471035 9.15551186
vt -13.81159019 8.95326424
vt -13.81159019 9.15551186
vt -13.01912022 8.95326424
vt -16.76230049 7.98068380
vt -16.16094971 8.34651661
vt -16.16094971 8.54876709
vt -16.16094971 8.75101471
vt -16.68975067 7.44419909
vt -16.16094971 7.94201994
vt -16.16094971 8.14428711
vt -15.37782955 8.14430904
vt -15.37782955 8.34651661
vt -14.59471035 8.14433002
vt -14.59471035 8.34651661
vt -13.81159019 8.14435196
vt -13.81159019 8.34651661
vt -13.01912022 8.14437389
vt -13.01912022 8.34651661
vt -12.22665024 8.14439678
vt -12.22665024 8.34651661
vt -11.54740047 8.14441586
vt -11.54740047 8.34651661
vt -10.86814022 8.14443493
vt -10.86814022 8.34651661
vt -10.07567024 8.14445686
vt -16.66497993 6.90650606
vt -16.16094971 7.33527279
vt -16.16094971 7.53752184
vt -16.16094971 7.73977089
vt -15.37782955 7.53752184
vt -15.37782955 7.73977089
vt -14.59471035 7.53752184
vt -14.59471035 7.73977089
vt -13.81159019 7.53752184
vt -13.81159019 7.73977089
vt -13.01912022 7.53752184
vt -13.01912022 7.73977089
vt -12.22665024 7.53752184
vt -12.22665024 7.73977089
vt -11.54740047 7.53752184
vt -11.54740047 7.73977089
vt -10.86814022 7.53752184
vt -10.86814022 7.73977089
vt -10.07567024 7.53752184
vt -10.07567024 7.73977089
vt -9.28320217 7.53752184
vt -9.28320217 7.73977089
vt -8.15110397 7.53752184
vt -8.15110397 7.73977089
vt -7.47184515 7.53752184
vt -16.68395042 6.43595409
vt -16.16094971 6.72855997
vt -16.16094971 6.93077612
vt -16.16094971 7.13302517
vt -15.37782955 6.93077612
vt -15.37782955 7.13302517
vt -14.59471035 6.93077612
vt -14.59471035 7.13302517
vt -13.81159019 6.93077612
vt -13.81159019 7.13302517
vt -13.01912022 6.93077612
vt -13.01912022 7.13302517
vt -12.22665024 6.93077612
vt -12.22665024 7.13302517
vt -11.54740047 6.93077612
vt -11.54740047 7.13302517
vt -10.86814022 6.93077612
vt -10.86814022 7.13302517
vt -10.07567024 6.93077612
vt -10.07567024 7.13302517
vt -9.28320217 6.93077612
vt -9.28320217 7.13302517
vt -8.15110397 6.93077612
vt -8.15110397 7.13302517
vt -7.47184515 6.93077612
vt -7.47184515 7.13302517
vt -6.79258585 6.93077612
vt -6.79258585 7.13302517
vt -6.11332798 6.93077612
vt -6.11332798 7.13302517
vt -5.43406916 6.93077612
vt -16.73978043 5.96620893
vt -16.16094971 6.12178087
vt -16.16094971 6.32402992
vt -16.16094971 6.52627802
vt -15.37782955 6.32402992
vt -15.37782955 6.52627802
vt -14.59471035 6.32402992
vt -14.59471035 6.52627802
vt -13.81159019 6.32402992
vt -13.81159019 6.52627802
vt -13.01912022 6.32402992
vt -13.01912022 6.52627802
vt -12.22665024 6.32402992
vt -12.22665024 6.52627802
vt -11.54740047 6.32402992
vt -11.54740047 6.52627802
vt -10.86814022 6.32402992
vt -10.86814022 6.52627802
vt -10.07567024 6.32402992
vt -10.07567024 6.52627802
vt -9.28320217 6.32402992
vt -9.28320217 6.52627802
vt -8.15110397 6.32402992
vt -8.15110397 6.52627802
vt -7.47184515 6.32402992
vt -7.47184515 6.52627802
vt -6.79258585 6.32402992
vt -6.79258585 6.52627802
vt -6.11332798 6.32402992
vt -6.11332798 6.52627802
vt -5.43406916 6.32402992
vt -5.43406916 6.52627802
vt -4.75480986 6.32402992
vt -4.75480986 6.52627802
vt -4.07555199 6.32402992
vt -4.07555199 6.52627802
vt -3.39629292 6.32402992
vt -16.16094971 5.91953182
vt -16.76230049 5.83232784
vt -16.16094971 5.71728277
vt -16.16094971 5.51503420
vt -15.37782955 5.51503420
vt -16.99686050 4.90257502
vt -17.04055023 4.77124310
vt -17.46795082 3.74839211
vt -18.00252914 2.81092596
vt -17.72719002 3.08804893
vt -18.59789085 1.99459898
vt -18.51029968 2.07680607
vt -17.72719002 2.48130298
vt -17.72719002 2.68355203
vt -18.51029968 1.87455702
vt -19.02350044 1.49852002
vt -18.51029968 1.67230797
vt -18.51029968 1.47005904
vt -17.72719002 1.47005904
vt -17.72719002 1.26781094
vt -19.21869087 1.28647399
vt -18.51029968 1.26781094
vt -17.72719002 1.06556201
vt -19.29342079 1.06556201
vt -19.29342079 0.86331302
vt -17.72719002 2.88580108
vt -15.37782955 6.72861099
vt -14.59471035 6.72866297
vt -13.81159019 6.72871399
vt -13.01912022 6.72876501
vt -12.22665024 6.72881699
vt -11.54740047 6.72886086
vt -10.86814022 6.72890615
vt -10.07567024 6.72895718
vt -9.28320217 6.72900915
vt -8.15110397 6.72908306
vt -7.47184515 6.72912693
vt -6.79258585 6.72917223
vt -6.11332798 6.72921610
vt -5.43406916 6.72925997
vt -4.75480986 6.72930479
vt -16.16094971 9.35776234
vt -15.37782955 9.35776234
vt -14.59471035 9.35776234
vt -1.52833200 0.43454000
vt -1.52833200 0.64892697
vt -1.52833200 0.86331302
vt -1.52833200 1.06556201
vt -1.52833200 1.26781094
vt -1.52833200 1.47005904
vt -1.52833200 1.67230797
vt -1.52833200 1.87455702
vt -1.52833200 2.07680607
vt -1.52833200 2.27905393
vt -1.52833200 2.48130298
vt -1.52833200 2.68355203
vt -1.52833200 2.88580108
vt -1.52833200 3.08804893
vt -1.52833200 3.29029799
vt -1.52833200 3.49254704
vt -1.52833200 3.69479609
vt -1.52833200 3.89704394
vt -1.52833200 4.09929323
vt -1.52833200 4.30154181
vt -1.52833200 4.50379086
vt -1.52833200 4.70603895
vt -2.03777599 0.43454000
vt -2.03777599 0.64892697
vt -2.03777599 0.86331302
vt -2.03777599 1.06556201
vt -2.03777599 1.26781094
vt -2.03777599 1.47005904
vt -2.03777599 1.67230797
vt -2.03777599 1.87455702
vt -2.03777599 2.07680607
vt -2.03777599 2.27905393
vt -2.03777599 2.48130298
vt -2.03777599 2.68355203
vt -2.03777599 2.88580108
vt -2.03777599 3.08804893
vt -2.03777599 3.29029799
vt -2.03777599 3.49254704
vt -2.03777599 3.69479609
vt -2.03777599 3.89704394
vt -2.03777599 4.09929323
vt -2.03777599 4.30154181
vt -2.03777599 4.50379086
vt -2.03777599 4.70603895
vt -2.37740493 0.43454000
vt -2.37740493 0.64892697
vt -2.37740493 0.86331302
vt -2.37740493 1.06556201
vt -2.37740493 1.26781094
vt -2.37740493 1.47005904
vt -2.37740493 1.67230797
vt -2.37740493 1.87455702
vt -2.37740493 2.07680607
vt -2.37740493 2.27905393
vt -2.37740493 2.48130298
vt -2.37740493 2.68355203
vt -2.37740493 2.88580108
vt -2.37740493 3.08804893
vt -2.37740493 3.29029799
vt -2.37740493 3.49254704
vt -2.37740493 3.69479609
vt -2.37740493 3.89704394
vt -2.37740493 4.09929323
vt -2.37740493 4.30154181
vt -2.37740493 4.50379086
vt -2.37740493 4.70603895
vt -2.71703506 0.64892697
vt -3.39629292 0.86331302
vt -4.07555199 1.06556201
vt -4.75480986 1.26781094
vt -5.43406916 1.47005904
vt -6.11332798 1.67230797
vt -6.79258585 1.87455702
vt -7.47184515 2.07680607
vt -8.15110397 2.27905393
vt -9.28320217 2.48130298
vt -10.07567024 2.68355203
vt -10.86814022 2.88580108
vt -11.54740047 3.08804893
vt -12.22665024 3.29029799
vt -13.01912022 3.49254704
vt -13.81159019 3.69479609
vt -4.07555199 0.43454000
vt -4.75480986 0.64892697
vt -5.43406916 0.86331302
vt -6.11332798 1.06556201
vt -6.79258585 1.26781094
vt -7.47184515 1.47005904
vt -8.15110397 1.67230797
vt -9.28320217 1.87455702
vt -10.07567024 2.07680607
vt -10.86814022 2.27905393
vt -11.54740047 2.48130298
vt -12.22665024 2.68355203
vt -13.01912022 2.88580108
vt -13.81159019 3.08804893
vt -7.47184515 0.43454000
vt -8.15110397 0.64892697
vt -9.28320217 0.86331302
vt -10.07567024 1.06556201
vt -10.86814022 1.26781094
vt -11.54740047 1.47005904
vt -12.22665024 1.67230797
vt -13.01912022 1.87455702
vt -13.81159019 2.07680607
vt -12.22665024 0.22015400
vt -17.72719002 0.64892697
vt -17.72719002 0.86331302
vt -2.71703506 0.86331302
vt -2.71703506 1.06556201
vt -2.71703506 1.26781094
vt -2.71703506 1.47005904
vt -2.71703506 1.67230797
vt -2.71703506 1.87455702
vt -2.71703506 2.07680607
vt -2.71703506 2.27905393
vt -2.71703506 2.48130298
vt -2.71703506 2.68355203
vt -2.71703506 2.88580108
vt -2.71703506 3.08804893
vt -2.71703506 3.29029799
vt -2.71703506 3.49254704
vt -2.71703506 3.69479609
vt -2.71703506 3.89704394
vt -2.71703506 4.09929323
vt -2.71703506 4.30154181
vt -2.71703506 4.50379086
vt -2.71703506 4.70603895
vt -3.39629292 1.06556201
vt -4.07555199 1.26781094
vt -4.75480986 1.47005904
vt -5.43406916 1.67230797
vt -6.11332798 1.87455702
vt -6.79258585 2.07680607
vt -7.47184515 2.27905393
vt -8.15110397 2.48130298
vt -9.28320217 2.68355203
vt -10.07567024 2.88580108
vt -10.86814022 3.08804893
vt -11.54740047 3.29029799
vt -12.22665024 3.49254704
vt -13.01912022 3.69479609
vt -13.81159019 3.89704394
vt -18.51029968 0.86331302
vt -18.51029968 1.06556201
vt -3.39629292 1.26781094
vt -3.39629292 1.47005904
vt -3.39629292 1.67230797
vt -3.39629292 1.87455702
vt -3.39629292 2.07680607
vt -3.39629292 2.27905393
vt -3.39629292 2.48130298
vt -3.39629292 2.68355203
vt -3.39629292 2.88580108
vt -3.39629292 3.08804893
vt -3.39629292 3.29029799
vt -3.39629292 3.49254704
vt -3.39629292 3.69479609
vt -3.39629292 3.89704394
vt -3.39629292 4.09929323
vt -3.39629292 4.30154181
vt -3.39629292 4.50379086
vt -3.39629292 4.70603895
vt -4.07555199 1.47005904
vt -4.75480986 1.67230797
vt -5.43406916 1.87455702
vt -6.11332798 2.07680607
vt -6.79258585 2.27905393
vt -7.47184515 2.48130298
vt -8.15110397 2.68355203
vt -9.28320217 2.88580108
vt -10.07567024 3.08804893
vt -10.86814022 3.29029799
vt -11.54740047 3.49254704
vt -12.22665024 3.69479609
vt -13.01912022 3.89704394
vt -13.81159019 4.09929323
vt -4.07555199 1.67230797
vt -4.07555199 1.87455702
vt -4.07555199 2.07680607
vt -4.07555199 2.27905393
vt -4.07555199 2.48130298
vt -4.07555199 2.68355203
vt -4.07555199 2.88580108
vt -4.07555199 3.08804893
vt -4.07555199 3.29029799
vt -4.07555199 3.49254704
vt -4.07555199 3.69479609
vt -4.07555199 3.89704394
vt -4.07555199 4.09929323
vt -4.07555199 4.30154181
vt -4.07555199 4.50379086
vt -4.07555199 4.70603895
vt -17.72719002 1.67230797
vt -17.72719002 1.87455702
vt -17.72719002 2.07680607
vt -17.72719002 2.27905393
vt -4.75480986 1.87455702
vt -5.43406916 2.07680607
vt -6.11332798 2.27905393
vt -6.79258585 2.48130298
vt -7.47184515 2.68355203
vt -8.15110397 2.88580108
vt -9.28320217 3.08804893
vt -10.07567024 3.29029799
vt -10.86814022 3.49254704
vt -11.54740047 3.69479609
vt -12.22665024 3.89704394
vt -13.01912022 4.09929323
vt -13.81159019 4.30154181
vt -4.75480986 2.07680607
vt -4.75480986 2.27905393
vt -4.75480986 2.48130298
vt -4.75480986 2.68355203
vt -4.75480986 2.88580108
vt -4.75480986 3.08804893
vt -4.75480986 3.29029799
vt -4.75480986 3.49254704
vt -4.75480986 3.69479609
vt -4.75480986 3.89704394
vt -4.75480986 4.09929323
vt -4.75480986 4.30154181
vt -4.75480986 4.50379086
vt -4.75480986 4.70603895
vt -5.43406916 2.27905393
vt -6.11332798 2.48130298
vt -6.79258585 2.68355203
vt -7.47184515 2.88580108
vt -8.15110397 3.08804893
vt -9.28320217 3.29029799
vt -10.07567024 3.49254704
vt -10.86814022 3.69479609
vt -11.54740047 3.89704394
vt -12.22665024 4.09929323
vt -13.01912022 4.30154181
vt -13.81159019 4.50379086
vt -5.43406916 2.48130298
vt -5.43406916 2.68355203
vt -5.43406916 2.88580108
vt -5.43406916 3.08804893
vt -5.43406916 3.29029799
vt -5.43406916 3.49254704
vt -5.43406916 3.69479609
vt -5.43406916 3.89704394
vt -5.43406916 4.09929323
vt -5.43406916 4.30154181
vt -5.43406916 4.50379086
vt -5.43406916 4.70603895
vt -6.11332798 2.68355203
vt -6.79258585 2.88580108
vt -7.47184515 3.08804893
vt -8.15110397 3.29029799
vt -9.28320217 3.49254704
vt -10.07567024 3.69479609
vt -10.86814022 3.89704394
vt -11.54740047 4.09929323
vt -12.22665024 4.30154181
vt -13.01912022 4.50379086
vt -13.81159019 4.70603895
vt -6.11332798 2.88580108
vt -6.11332798 3.08804893
vt -6.11332798 3.29029799
vt -6.11332798 3.49254704
vt -6.11332798 3.69479609
vt -6.11332798 3.89704394
vt -6.11332798 4.09929323
vt -6.11332798 4.30154181
vt -6.11332798 4.50379086
vt -6.11332798 4.70603895
vt -6.79258585 3.08804893
vt -7.47184515 3.29029799
vt -8.15110397 3.49254704
vt -9.28320217 3.69479609
vt -10.07567024 3.89704394
vt -10.86814022 4.09929323
vt -11.54740047 4.30154181
vt -12.22665024 4.50379086
vt -13.01912022 4.70603895
vt -6.79258585 3.29029799
vt -6.79258585 3.49254704
vt -6.79258585 3.69479609
vt -6.79258585 3.89704394
vt -6.79258585 4.09929323
vt -6.79258585 4.30154181
vt -6.79258585 4.50379086
vt -6.79258585 4.70603895
vt -7.47184515 3.49254704
vt -8.15110397 3.69479609
vt -9.28320217 3.89704394
vt -10.07567024 4.09929323
vt -10.86814022 4.30154181
vt -11.54740047 4.50379086
vt -12.22665024 4.70603895
vt -7.47184515 3.69479609
vt -7.47184515 3.89704394
vt -7.47184515 4.09929323
vt -7.47184515 4.30154181
vt -7.47184515 4.50379086
vt -7.47184515 4.70603895
vt -8.15110397 3.89704394
vt -9.28320217 4.09929323
vt -10.07567024 4.30154181
vt -10.86814022 4.50379086
vt -11.54740047 4.70603895
vt -8.15110397 4.09929323
vt -8.15110397 4.30154181
vt -8.15110397 4.50379086
vt -8.15110397 4.70603895
vt -9.28320217 4.30154181
vt -10.07567024 4.50379086
vt -10.86814022 4.70603895
vt -9.28320217 4.50379086
vt -9.28320217 4.70603895
vt -10.07567024 4.70603895
vt -1.52833200 5.51503420
vt -2.03777599 5.51503420
vt -2.03777599 5.71728277
vt -2.37740493 5.51503420
vt -2.37740493 5.71728277
vt -2.37740493 5.91953182
vt -2.71703506 5.51503420
vt -2.71703506 5.71728277
vt -2.71703506 5.91953182
vt -2.71703506 6.12178087
vt -3.39629292 5.51503420
vt -3.39629292 5.71728277
vt -3.39629292 5.91953182
vt -3.39629292 6.12178087
vt -4.07555199 5.51503420
vt -4.07555199 5.71728277
vt -4.07555199 5.91953182
vt -4.07555199 6.12178087
vt -4.75480986 5.51503420
vt -4.75480986 5.71728277
vt -4.75480986 5.91953182
vt -4.75480986 6.12178087
vt -5.43406916 5.51503420
vt -5.43406916 5.71728277
vt -5.43406916 5.91953182
vt -5.43406916 6.12178087
vt -6.11332798 5.51503420
vt -6.11332798 5.71728277
vt -6.11332798 5.91953182
vt -6.11332798 6.12178087
vt -6.79258585 5.51503420
vt -6.79258585 5.71728277
vt -6.79258585 5.91953182
vt -6.79258585 6.12178087
vt -7.47184515 5.51503420
vt -7.47184515 5.71728277
vt -7.47184515 5.91953182
vt -7.47184515 6.12178087
vt -8.15110397 5.51503420
vt -8.15110397 5.71728277
vt -8.15110397 5.91953182
vt -8.15110397 6.12178087
vt -9.28320217 5.51503420
vt -9.28320217 5.71728277
vt -9.28320217 5.91953182
vt -9.28320217 6.12178087
vt -10.07567024 5.51503420
vt -10.07567024 5.71728277
vt -10.07567024 5.91953182
vt -10.07567024 6.12178087
vt -10.86814022 5.51503420
vt -10.86814022 5.71728277
vt -10.86814022 5.91953182
vt -10.86814022 6.12178087
vt -11.54740047 5.51503420
vt -11.54740047 5.71728277
vt -11.54740047 5.91953182
vt -11.54740047 6.12178087
vt -12.22665024 5.51503420
vt -12.22665024 5.71728277
vt -12.22665024 5.91953182
vt -12.22665024 6.12178087
vt -13.01912022 5.51503420
vt -13.01912022 5.71728277
vt -13.01912022 5.91953182
vt -13.01912022 6.12178087
vt -13.81159019 5.51503420
vt -13.81159019 5.71728277
vt -13.81159019 5.91953182
vt -13.81159019 6.12178087
vt -14.59471035 5.51503420
vt -14.59471035 5.71728277
vt -14.59471035 5.91953182
vt -14.59471035 6.12178087
vt -15.37782955 5.71728277
vt -1.01888800 5.91953182
vt -1.52833200 6.12178087
vt -2.03777599 6.32402992
vt -2.37740493 6.52627802
vt -2.71703506 6.72943783
vt -3.39629292 6.93077612
vt -4.07555199 7.13302517
vt -4.75480986 7.33527279
vt -5.43406916 7.53752184
vt -6.11332798 7.73977089
vt -6.79258585 7.94201994
vt -7.47184515 8.14453125
vt -8.15110397 8.34651661
vt -9.28320217 8.54876709
vt -10.07567024 8.75101471
vt -10.86814022 8.95326424
vt -11.54740047 9.15551186
vt -12.22665024 9.35776234
vt -12.22665024 9.55996704
vt -12.22665024 9.76225758
vt -13.01912022 9.96450806
vt -13.81159019 10.16676044
vt -14.59471035 10.36900043
vt -15.37782955 10.57124996
vt -16.16094971 10.77350044
vt -16.16094971 10.97566986
vt -16.16094971 11.17800045
vt -16.94407082 11.38024998
vt -17.72719002 11.58250046
vt -15.37782955 5.91953182
vt -15.37782955 6.12178087
vt -1.01888800 6.72954893
vt -1.52833200 6.93077612
vt -2.03777599 7.13302517
vt -2.37740493 7.33527279
vt -6.79258585 7.33527279
vt -7.47184515 7.33527279
vt -8.15110397 7.33527279
vt -9.28320217 7.33527279
vt -10.07567024 7.33527279
vt -10.86814022 7.33527279
vt -11.54740047 7.33527279
vt -12.22665024 7.33527279
vt -13.01912022 7.33527279
vt -13.81159019 7.33527279
vt -14.59471035 7.33527279
vt -15.37782955 7.33527279
vt -1.01888800 7.94201994
vt -1.01888800 8.14471054
vt -1.52833200 7.94201994
vt -1.52833200 8.14469814
vt -1.52833200 8.34651661
vt -2.03777599 7.94201994
vt -2.03777599 8.14468288
vt -2.03777599 8.34651661
vt -2.03777599 8.54876709
vt -2.37740493 7.94201994
vt -2.37740493 8.14467430
vt -2.37740493 8.34651661
vt -2.37740493 8.54876709
vt -2.37740493 8.75101471
vt -2.71703506 7.94201994
vt -2.71703506 8.14466381
vt -2.71703506 8.34651661
vt -2.71703506 8.54876709
vt -2.71703506 8.75101471
vt -2.71703506 8.95326424
vt -3.39629292 7.94201994
vt -3.39629292 8.14464474
vt -3.39629292 8.34651661
vt -3.39629292 8.54876709
vt -3.39629292 8.75101471
vt -3.39629292 8.95326424
vt -3.39629292 9.15551186
vt -4.07555199 7.94201994
vt -4.07555199 8.14462566
vt -4.07555199 8.34651661
vt -4.07555199 8.54876709
vt -4.07555199 8.75101471
vt -4.07555199 8.95326424
vt -4.07555199 9.15551186
vt -4.07555199 9.35776234
vt -4.75480986 7.94201994
vt -4.75480986 8.14460659
vt -4.75480986 8.34651661
vt -4.75480986 8.54876709
vt -4.75480986 8.75101471
vt -4.75480986 8.95326424
vt -4.75480986 9.15551186
vt -4.75480986 9.35776234
vt -4.07555199 9.55990028
vt -5.43406916 8.14458656
vt -6.11332798 8.34651661
vt -6.79258585 8.54876709
vt -7.47184515 8.75101471
vt -8.15110397 8.95326424
vt -9.28320217 9.15551186
vt -10.07567024 9.35776234
vt -10.07567024 9.55994987
vt -10.07567024 9.76225758
vt -10.86814022 9.96450806
vt -11.54740047 10.16676044
vt -12.22665024 10.36900043
vt -13.01912022 10.57124996
vt -13.81159019 10.77350044
vt -13.81159019 10.97556973
vt -13.81159019 11.17800045
vt -14.59471035 11.38024998
vt -15.37782955 11.58250046
vt -16.16094971 11.78474998
vt -16.94407082 11.98698997
vt -17.72719002 12.18924046
vt -9.28320217 7.94201994
vt -10.07567024 7.94201994
vt -10.86814022 7.94201994
vt -11.54740047 7.94201994
vt -12.22665024 7.94201994
vt -13.01912022 7.94201994
vt -13.81159019 7.94201994
vt -14.59471035 7.94201994
vt -15.37782955 7.94201994
vt -5.43406916 8.34651661
vt -5.43406916 8.54876709
vt -5.43406916 8.75101471
vt -5.43406916 8.95326424
vt -5.43406916 9.15551186
vt -5.43406916 9.35776234
vt -4.75480986 9.55990601
vt -4.75480986 9.76225758
vt -6.11332798 8.54876709
vt -6.79258585 8.75101471
vt -7.47184515 8.95326424
vt -8.15110397 9.15551186
vt -9.28320217 9.35776234
vt -9.28320217 9.55994415
vt -9.28320217 9.76225758
vt -10.07567024 9.96450806
vt -10.86814022 10.16676044
vt -11.54740047 10.36900043
vt -12.22665024 10.57124996
vt -13.01912022 10.77350044
vt -13.01912022 10.97554016
vt -13.01912022 11.17800045
vt -13.81159019 11.38024998
vt -14.59471035 11.58250046
vt -15.37782955 11.78474998
vt -16.16094971 11.98698997
vt -16.94407082 12.18924046
vt -16.94407082 12.39134026
vt -11.54740047 8.54876709
vt -12.22665024 8.54876709
vt -13.01912022 8.54876709
vt -13.81159019 8.54876709
vt -14.59471035 8.54876709
vt -15.37782955 8.54876709
vt -6.11332798 8.75101471
vt -6.11332798 8.95326424
vt -6.11332798 9.15551186
vt -6.11332798 9.35776234
vt -5.43406916 9.55991077
vt -5.43406916 9.76225758
vt -5.43406916 9.96450806
vt -12.22665024 8.75101471
vt -13.01912022 8.75101471
vt -13.81159019 8.75101471
vt -14.59471035 8.75101471
vt -15.37782955 8.75101471
vt -1.01888800 8.95326424
vt -1.52833200 9.15551186
vt -2.03777599 9.35776234
vt -2.03777599 9.55988312
vt -2.37740493 9.76225758
vt -2.71703506 9.96450806
vt -3.39629292 10.16676044
vt -4.07555199 10.36900043
vt -4.75480986 10.57124996
vt -5.43406916 10.77350044
vt -5.43406916 10.97521973
vt -6.11332798 11.17800045
vt -6.79258585 11.38024998
vt -7.47184515 11.58250046
vt -8.15110397 11.78474998
vt -9.28320217 11.98698997
vt -10.07567024 12.18924046
vt -1.01888800 9.15551186
vt -6.79258585 8.95326424
vt -7.47184515 9.15551186
vt -8.15110397 9.35776234
vt -8.15110397 9.55993271
vt -8.15110397 9.76225758
vt -9.28320217 9.96450806
vt -10.07567024 10.16676044
vt -10.86814022 10.36900043
vt -11.54740047 10.57124996
vt -12.22665024 10.77350044
vt -12.22665024 10.97550964
vt -12.22665024 11.17800045
vt -13.01912022 11.38024998
vt -13.81159019 11.58250046
vt -14.59471035 11.78474998
vt -15.37782955 11.98698997
vt -16.16094971 12.18924046
vt -16.16094971 12.39128017
vt -16.16094971 12.59374046
vt -6.79258585 9.15551186
vt -6.79258585 9.35776234
vt -6.11332798 9.55991554
vt -1.52833200 9.35776234
vt -1.52833200 9.55987930
vt -2.03777599 9.76225758
vt -2.37740493 9.96450806
vt -2.71703506 10.16676044
vt -3.39629292 10.36900043
vt -4.07555199 10.57124996
vt -4.75480986 10.77350044
vt -4.75480986 10.97519016
vt -5.43406916 11.17800045
vt -6.11332798 11.38024998
vt -6.79258585 11.58250046
vt -7.47184515 11.78474998
vt -8.15110397 11.98698997
vt -9.28320217 12.18924046
vt -7.47184515 9.35776234
vt -7.47184515 9.55992794
vt -6.79258585 9.55992317
vt -6.79258585 9.76225758
vt -6.11332798 9.76225758
vt -6.79258585 9.96450806
vt -6.11332798 9.96450806
vt -6.79258585 10.16676044
vt -6.11332798 10.16676044
vt -6.79258585 10.36900043
vt -14.59471035 9.55998802
vt -15.37782955 9.55999374
vt -16.16094971 9.56000137
vt -1.01888800 9.96450806
vt -1.52833200 10.16676044
vt -2.03777599 10.36900043
vt -2.37740493 10.57124996
vt -2.71703506 10.77350044
vt -2.71703506 10.97511005
vt -3.39629292 11.17800045
vt -4.07555199 11.38024998
vt -4.75480986 11.58250046
vt -5.43406916 11.78474998
vt -6.11332798 11.98698997
vt -6.79258585 12.18924046
vt -6.79258585 12.39060020
vt -7.47184515 12.59374046
vt -8.15110397 12.79598999
vt -9.28320217 12.79598999
vt -9.28320217 12.99824047
vt -10.07567024 12.99824047
vt -10.07567024 13.20049000
vt -10.86814022 13.20049000
vt -10.86814022 13.40273952
vt -7.47184515 9.76225758
vt -8.15110397 9.96450806
vt -9.28320217 10.16676044
vt -10.07567024 10.36900043
vt -10.86814022 10.57124996
vt -11.54740047 10.77350044
vt -11.54740047 10.97548008
vt -11.54740047 11.17800045
vt -12.22665024 11.38024998
vt -13.01912022 11.58250046
vt -13.81159019 11.78474998
vt -14.59471035 11.98698997
vt -15.37782955 12.18924046
vt -15.37782955 12.39122009
vt -15.37782955 12.59374046
vt -16.16094971 12.79598999
vt -7.47184515 9.96450806
vt -7.47184515 10.16676044
vt -7.47184515 10.36900043
vt -7.47184515 10.57124996
vt -14.59471035 9.76225758
vt -15.37782955 9.76225758
vt -15.37782955 9.96450806
vt -8.15110397 10.16676044
vt -9.28320217 10.36900043
vt -10.07567024 10.57124996
vt -10.86814022 10.77350044
vt -10.86814022 10.97544956
vt -10.86814022 11.17800045
vt -11.54740047 11.38024998
vt -12.22665024 11.58250046
vt -13.01912022 11.78474998
vt -13.81159019 11.98698997
vt -14.59471035 12.18924046
vt -14.59471035 12.39116955
vt -14.59471035 12.59374046
vt -15.37782955 12.79598999
vt -16.16094971 12.99824047
vt -8.15110397 10.36900043
vt -8.15110397 10.57124996
vt -8.15110397 10.77350044
vt -9.28320217 10.57124996
vt -10.07567024 10.77350044
vt -10.07567024 10.97542000
vt -10.07567024 11.17800045
vt -10.86814022 11.38024998
vt -11.54740047 11.58250046
vt -12.22665024 11.78474998
vt -13.01912022 11.98698997
vt -13.81159019 12.18924046
vt -13.81159019 12.39111042
vt -13.81159019 12.59374046
vt -14.59471035 12.79598999
vt -15.37782955 12.99824047
vt -16.16094971 13.20049000
vt -9.28320217 10.77350044
vt -8.15110397 10.97533035
vt -9.28320217 10.97537994
vt -9.28320217 11.17800045
vt -10.07567024 11.38024998
vt -10.86814022 11.58250046
vt -11.54740047 11.78474998
vt -12.22665024 11.98698997
vt -13.01912022 12.18924046
vt -13.01912022 12.39105034
vt -13.01912022 12.59374046
vt -13.81159019 12.79598999
vt -14.59471035 12.99824047
vt -15.37782955 13.20049000
vt -1.01888800 11.78474998
vt -1.52833200 11.98698997
vt -2.03777599 12.18924046
vt -2.03777599 12.39025974
vt -2.37740493 12.59374046
vt -2.71703506 12.79598999
vt -3.39629292 12.99824047
vt -4.07555199 13.20049000
vt -4.75480986 13.40273952
vt -1.01888800 11.98698997
vt -1.52833200 12.18924046
vt -1.52833200 12.39023018
vt -2.03777599 12.59374046
vt -2.37740493 12.79598999
vt -2.71703506 12.99824047
vt -3.39629292 13.20049000
vt -4.07555199 13.40273952
vt -1.01888800 12.79598999
vt -1.52833200 12.99824047
vt -2.03777599 13.20049000
vt -2.37740493 13.40273952
vt -10.07567024 12.79598999
vt -10.86814022 12.79598999
vt -18.51029968 12.79598999
vt -10.86814022 12.99824047
vt -0.19593389 11.87012959
vt -0.14695001 11.87012959
vt -0.19593389 12.66147041
vt -0.09796696 11.87012959
vt -0.13061801 12.66147041
vt -0.04898297 11.87012959
vt -0.06531900 12.66147041
vt 0.00000000 11.87012959
vt 0.00000000 12.66147041
vt -0.14695001 11.07878971
vt -0.19593389 11.07878971
vt -0.14695001 10.28744984
vt -0.19593389 10.28744984
vt -0.14695001 9.49610519
vt -0.19593389 9.49610519
vt -0.14695001 8.70476341
vt -0.19593389 8.70476341
vt -0.14695001 7.91342020
vt -0.19593389 7.91342020
vt -0.14695001 7.51774883
vt -0.14695001 7.12207794
vt -0.09796696 7.12207794
vt -0.09796696 6.33073616
vt -0.04898297 6.33073616
vt -0.04898297 4.74805212
vt 0.00000000 4.74805212
vt -0.04898297 4.22049093
vt 0.00000000 3.16536808
vt -0.04898297 3.16536808
vt 0.00000000 2.37402606
vt -0.04898297 2.37402606
vt -0.04898297 1.97835505
vt -0.09796696 2.37402606
vt -0.09796696 1.97835505
vt -0.14695001 2.37402606
vt -0.14695001 1.97835505
vt -0.19593389 2.37402606
vt -0.19593389 1.58268404
vt -0.19593389 6.33073616
vt -0.14695001 6.33073616
vt -0.09796696 4.74805212
vt -0.14695001 4.74805212
vt -0.19577500 4.74805212
vt -0.14695001 4.22049093
vt -0.19593389 3.16536808
vt -0.14695001 3.16536808
vt -0.19593389 0.79134202
vt -0.14695001 1.18701303
vt -0.14695001 1.58268404
vt -0.09796696 1.58268404
vt -0.04898297 1.58268404
vt 0.00000000 1.58268404
vt -0.19593389 0.00000000
vt -0.14695001 0.39567101
vt -0.14695001 0.79134202
vt -0.09796696 0.79134202
vt -0.09796696 1.18701303
vt -0.04898297 0.79134202
vt -0.04898297 1.18701303
vt 0.00000000 0.79134202
vt -0.12927800 0.00000000
vt -0.09796696 0.39567101
vt -0.06670498 0.00000000
vt -0.04898297 0.39567101
vt 0.00000000 0.00000000
vt 0.00000000 6.33073616
vt -0.04898297 7.12207794
vt -0.09796696 7.51774883
vt 0.00000000 7.12207794
vt -0.04898297 7.51774883
vt -0.09796696 7.91342020
vt 0.00000000 7.91342020
vt -0.04898297 7.91342020
vt -0.09796696 8.70476341
vt -0.04898297 8.70476341
vt 0.00000000 8.70476341
vt -0.04898297 9.49610519
vt 0.00000000 9.49610519
vt -0.04898297 10.28744984
vt 0.00000000 10.28744984
vt -0.04898297 11.07878971
vt 0.00000000 11.07878971
vt -0.09796696 11.07878971
vt -0.09796696 10.28744984
vt -0.09796696 9.49610519
vt -0.09796696 4.22049093
vt -0.09796696 3.16536808
vt -0.32754201 0.00000000
vt -0.37264401 0.05215197
vt -0.49652901 0.00000000
vt -0.37264401 0.10430300
vt -0.37264401 0.15645500
vt -0.24842900 0.10430300
vt -0.24842900 0.15645500
vt -0.12421500 0.10430300
vt -0.12421500 0.15645500
vt 0.00000000 0.41721201
vt -0.12421500 0.20860600
vt -0.12421500 0.26075801
vt -0.24842900 0.26075801
vt -0.24842900 0.31290901
vt -0.37264401 0.31290901
vt -0.37264401 0.34767699
vt -0.49685800 0.41711000
vt -0.32773900 0.41721201
vt -0.24842900 0.34767699
vt -0.16905200 0.41721201
vt -0.12421500 0.34767699
vt -0.12421500 0.31290901
vt -0.24842900 0.05215197
vt -0.16867501 0.00000000
vt -0.12421500 0.05215197
vt 0.00000000 0.00000000
vt -0.37264401 0.20860600
vt -0.37264401 0.26075801
vt -0.24842900 0.20860600
vt -0.35985699 1.21085799
vt -0.35985300 0.00001000
vt -0.26989201 0.60535002
vt -0.23923589 0.00000000
vt -0.17992800 0.60535002
vt -0.12061600 0.00000000
vt -0.08996397 0.60535002
vt 0.00000000 0.00000000
vt 0.00000000 1.21070004
vt 0.00000000 2.42140007
vt -0.08996397 1.81605005
vt -0.08996397 1.51337504
vt -0.08996397 1.21073902
vt -0.17992800 1.21077895
vt 0.00000000 3.02675009
vt -0.08996397 3.02675009
vt -0.08996397 2.42140007
vt -0.17992800 2.42140007
vt -0.17992800 1.81605005
vt -0.26989201 2.42140007
vt -0.26989201 1.81605005
vt -0.35985300 2.42140007
vt 0.00000000 3.63210011
vt -0.08996397 3.63248110
vt -0.17992800 3.02675009
vt -0.17992800 3.63286304
vt -0.26989201 3.02675009
vt -0.26989201 3.63324499
vt -0.35895300 3.63362288
vt -0.26989201 4.23813295
vt -0.35928601 4.23835897
vt -0.35978001 4.84283304
vt -0.23735490 4.84280014
vt -0.17992800 4.23790503
vt -0.12226400 4.84280014
vt -0.08996397 4.23767710
vt -0.00007000 4.84280014
vt 0.00000000 4.23745012
vt -0.26989201 1.21081805
vt -0.26989201 1.51337504
vt -0.17992800 1.51337504
vt 0.00065500 0.31316599
vt 0.00065200 0.20820200
vt 0.03700196 0.31317300
vt 0.04438495 0.15658700
vt 0.07339996 0.31317201
vt 0.10983600 0.20820300
vt 0.10984600 0.31317300
vt 0.00064900 0.10498700
vt 0.10983400 0.00000000
vt 0.10983500 0.10497000
vt 0.00064900 0.00000500
vt 0.09612095 0.00000200
vt 0.55227900 0.00001600
vt 0.09611898 0.09738796
vt 0.55164498 0.14527000
vt 0.09611797 0.19315401
vt 0.55229998 0.29054001
vt 0.09611296 0.29054001
vt 1.00717604 0.00001400
vt 1.00717604 0.14527000
vt 1.00717604 0.29049999
vt 1.10153198 0.29048699
vt 1.51076400 0.14527000
vt 1.55807996 0.29047099
vt 2.01435304 0.14527000
vt 2.01435304 0.29051200
vt 2.10250211 0.29051700
vt 2.51794100 0.14527000
vt 2.56197095 0.29053199
vt 3.02152896 0.14527000
vt 3.02152896 0.29053199
vt 3.52511692 0.14527000
vt 3.52532792 0.29052600
vt 4.02870512 0.14527000
vt 4.02870512 0.29049599
vt 4.10353899 0.29049000
vt 4.53229284 0.14527000
vt 4.56951284 0.29050401
vt 5.03588200 0.14527000
vt 5.03588200 0.29052100
vt 5.10414696 0.29052499
vt 5.53947020 0.14527000
vt 5.57356691 0.29053199
vt 6.04305792 0.14527000
vt 6.04305792 0.29051700
vt 6.10470581 0.29051200
vt 6.54664612 0.14527000
vt 6.57750797 0.29049301
vt 7.05023384 0.14527000
vt 7.05023384 0.29050201
vt 7.55382204 0.14527000
vt 7.55389023 0.29052401
vt 8.05741119 0.14527000
vt 8.05741119 0.29053700
vt 8.10577965 0.29053599
vt 8.56099892 0.14527000
vt 8.58508682 0.29053801
vt 9.06458664 0.14527000
vt 9.06458664 0.29053301
vt 9.56827259 0.29053000
vt 9.56817627 0.14527000
vt 10.07176018 0.29051000
vt 10.07176018 0.14527000
vt 10.10688019 0.29050800
vt 10.57534981 0.14527000
vt 10.59284019 0.29051599
vt 11.07894039 0.14527000
vt 11.07894039 0.29053101
vt 11.10743999 0.29053199
vt 11.58253002 0.14527000
vt 11.59667015 0.29053000
vt 12.08611965 0.14527000
vt 12.08611965 0.29053900
vt 12.10799980 0.29053900
vt 12.58969975 0.14527000
vt 12.60079956 0.29053101
vt 13.09329033 0.14527000
vt 13.09329033 0.29053301
vt 13.10853004 0.29053301
vt 13.59687996 0.14527000
vt 13.60445976 0.29053500
vt 14.10046959 0.14527000
vt 14.10046959 0.29053801
vt 14.10908031 0.29053801
vt 14.60406017 0.14527000
vt 14.60836983 0.29054001
vt 15.10764027 0.14527000
vt 15.10764027 0.29053900
vt 15.10962963 0.29053900
vt 15.60984993 0.29043600
vt 15.61122990 0.14527000
vt 16.11482048 0.19315299
vt 16.11482048 0.09738695
vt 15.61003971 0.00000000
vt 16.11482048 0.00000000
vt 1.10119104 0.00001100
vt 1.55789495 0.00000200
vt 2.01435304 0.00000700
vt 2.10200405 0.00000900
vt 2.56170988 0.00002100
vt 3.02152896 0.00002700
vt 3.52531791 0.00002900
vt 4.02870512 0.00001600
vt 4.10307598 0.00001300
vt 4.56928110 0.00000700
vt 5.03588200 0.00000500
vt 5.10378408 0.00000600
vt 5.57338476 0.00001000
vt 6.04305792 0.00000900
vt 6.10446882 0.00000800
vt 6.57739115 0.00000400
vt 7.05023384 0.00000200
vt 7.55388689 0.00000200
vt 8.05741119 0.00000100
vt 8.10577106 0.00000100
vt 8.58508396 0.00000600
vt 9.06458664 0.00001200
vt 9.56827259 0.00001800
vt 10.07176018 0.00001100
vt 10.10711956 0.00001000
vt 10.59296036 0.00000400
vt 11.07894039 0.00000300
vt 11.10778999 0.00000300
vt 11.59685040 0.00000000
vt 12.08611965 0.00000100
vt 12.10846043 0.00000000
vt 12.60103989 0.00000000
vt 13.09329033 0.00000200
vt 13.10904980 0.00000200
vt 13.60472965 0.00000200
vt 14.10046959 0.00000100
vt 14.10958004 0.00000100
vt 14.60863018 0.00000100
vt 15.10764027 0.00000100
vt 15.10997009 0.00000100
vt 16.11482048 0.29054001
vt 0.00065500 0.31335801
vt 0.00066400 0.20832600
vt 0.03705400 0.31335700
vt 0.05482494 0.15667900
vt 0.07344400 0.31335801
vt 0.10982500 0.20832300
vt 0.10982400 0.31334499
vt 0.00066400 0.10503200
vt 0.07345300 0.00000000
vt 0.10982500 0.10504900
vt 0.10981900 0.00001100
vt 0.00066500 0.00000000
vt 0.03706598 0.00000000
vt -0.23756590 0.00000200
vt -0.26989400 0.15133300
vt -0.35985899 0.00004500
vt -0.26989400 0.30266699
vt -0.35985899 0.60533899
vt -0.26989400 0.45400000
vt -0.26989400 0.60533798
vt -0.17993000 0.60533601
vt -0.26989400 0.75666600
vt -0.17993000 0.75666600
vt -0.26989400 0.90799999
vt -0.17993000 0.90799999
vt -0.26989400 1.21066594
vt -0.17993000 1.21066594
vt -0.26989400 1.81599998
vt -0.17993000 1.81599998
vt -0.26989400 2.42133307
vt -0.17993000 2.42133307
vt -0.26989400 3.63199902
vt -0.17993000 3.63199902
vt -0.23924001 4.84265709
vt -0.12061890 4.84265709
vt -0.08996498 3.63199902
vt -0.00000100 4.84265709
vt 0.00000000 3.63199902
vt 0.00000000 2.42133307
vt -0.08996498 2.42133307
vt 0.00000000 1.81599998
vt -0.08996498 1.81599998
vt 0.00000000 1.21066594
vt -0.08996498 1.21066594
vt -0.08996498 0.90799999
vt -0.17993000 0.15133300
vt -0.12237500 0.00000100
vt -0.08996498 0.15133300
vt -0.00005300 0.00000000
vt -0.08996498 0.30266699
vt 0.00000000 0.60533297
vt -0.08996498 0.45400000
vt -0.08996498 0.60533500
vt -0.17993000 0.45400000
vt -0.08996498 0.75666600
vt -0.35985899 4.84264803
vt -0.35985899 3.63199902
vt -0.35985899 2.42133307
vt -0.35985899 1.21066594
vt -0.17993000 0.30266699
vt -0.32768899 0.00000000
vt -0.37259600 0.03120398
vt -0.49679300 0.00000000
vt -0.37259600 0.06240695
vt -0.37259600 0.09361100
vt -0.24839900 0.06240695
vt -0.24839900 0.09361100
vt -0.12419900 0.06240695
vt -0.12419900 0.09361100
vt -0.00001100 0.00000000
vt -0.12419900 0.12481400
vt -0.12419900 0.15601800
vt -0.24839900 0.15601800
vt -0.24839900 0.18722200
vt -0.37259600 0.18722200
vt -0.37259600 0.24962901
vt -0.49671501 0.41681600
vt -0.37259600 0.33322299
vt -0.32778999 0.41681400
vt -0.24839900 0.33322299
vt -0.16880600 0.41681400
vt -0.12419900 0.33322299
vt 0.00000000 0.41681400
vt -0.12419900 0.24962901
vt -0.12419900 0.18722200
vt -0.24839900 0.24962901
vt -0.24839900 0.03120398
vt -0.16902100 0.00000000
vt -0.12419900 0.03120398
vt -0.37259600 0.15601800
vt -0.24839900 0.12481400
vt -0.37259600 0.12481400
vt -0.06531798 0.00000000
vt 0.00000000 0.00000000
vt -0.04898297 0.79131699
vt 0.00000000 0.79131699
vt 0.00000000 1.58263397
vt 0.00000000 2.37395096
vt -0.04898297 2.37395096
vt -0.04898297 1.58263397
vt -0.09796595 0.79131699
vt -0.13061699 0.00000000
vt -0.14695001 0.79131800
vt -0.19593300 0.00000100
vt -0.19593300 0.79131800
vt -0.14695001 1.58263397
vt -0.19593300 1.58263397
vt -0.19593300 2.37395096
vt -0.14695001 2.37395096
vt -0.19593300 3.16526794
vt -0.14695001 3.16526794
vt -0.19593300 3.95658493
vt -0.14695001 3.95658493
vt -0.19593300 4.74790192
vt -0.14695001 4.74790192
vt -0.14695001 5.14356089
vt -0.09796595 4.74790192
vt -0.09796595 5.14356089
vt -0.04898297 4.74790192
vt -0.04898297 5.14356089
vt 0.00000000 4.74790192
vt 0.00000000 5.53921890
vt -0.04898297 3.16526794
vt 0.00000000 3.16526794
vt -0.04898297 3.95658493
vt 0.00000000 3.95658493
vt 0.00000000 6.33053589
vt -0.04898297 6.33053589
vt -0.04898297 5.53921890
vt -0.09796595 5.53921890
vt -0.14695001 5.53921890
vt -0.04898297 7.38562584
vt 0.00000000 7.91316986
vt -0.04898297 7.91316986
vt -0.04898297 8.44071484
vt -0.09796595 8.44071484
vt -0.09796595 9.49580383
vt -0.14695001 9.49580383
vt -0.14695001 10.28711987
vt -0.19593300 10.28711987
vt -0.19593300 11.07843971
vt -0.14695001 11.07843971
vt -0.19593300 11.86975002
vt -0.14695001 11.86975002
vt -0.19593300 12.66106987
vt -0.12927289 12.66106987
vt -0.09796595 11.86975002
vt -0.06669896 12.66106987
vt -0.04898297 11.86975002
vt -0.00004500 12.66106987
vt 0.00000000 11.86975002
vt 0.00000000 11.07843971
vt -0.04898297 11.07843971
vt 0.00000000 10.28711987
vt -0.04898297 10.28711987
vt 0.00000000 9.49580383
vt -0.04898297 9.49580383
vt -0.19593300 9.49580383
vt -0.14695001 8.44071484
vt -0.09796595 7.91316986
vt -0.19561900 7.91316986
vt -0.14695001 7.91316986
vt -0.09796595 7.38562584
vt -0.14695001 7.38562584
vt -0.19593300 6.33053589
vt -0.14695001 6.33053589
vt -0.09796595 1.58263397
vt -0.09796595 2.37395096
vt -0.09796595 3.16526794
vt -0.09796595 3.95658493
vt -0.09796595 6.33053589
vt -0.09796595 10.28711987
vt -0.09796595 11.07843971
vt -0.16838200 15.44966984
vt 0.02902299 15.74911022
vt -0.16838200 16.16826057
vt 0.02901995 16.16826057
vt -0.16838200 -16.16826057
vt 0.02901995 -16.16826057
vt 0.02902299 -15.74909973
vt -0.16838200 14.73108006
vt 0.02902096 14.91081047
vt 0.02902299 15.32995033
vt 0.02902197 14.49166012
vt -0.16838200 14.01249027
vt 0.02902299 14.07250977
vt 0.02902096 13.65336037
vt -0.16838200 13.29389954
vt 0.02902096 13.23421955
vt 0.02902400 12.81505966
vt -0.16838200 12.57530975
vt 0.02902197 12.31223965
vt -0.16838200 11.85671997
vt 0.02902197 11.80941010
vt 0.02902096 11.30657959
vt -0.16838200 11.13813019
vt 0.02902096 10.80375957
vt -0.16838200 10.41954041
vt 0.02902096 10.30093956
vt -0.16838200 9.70095539
vt 0.02902096 9.79811573
vt 0.02901995 9.29529572
vt -0.16838200 8.98236465
vt 0.02901995 8.79247570
vt -0.16838200 8.26377583
vt 0.02901995 8.08907700
vt -0.16838200 7.54518604
vt 0.02901995 7.38567877
vt -0.16838200 6.82659721
vt 0.02901995 6.68228102
vt -0.16838200 6.10800791
vt 0.02901995 5.97888279
vt -0.16838200 5.38941908
vt 0.02901995 5.27548504
vt -0.16838200 4.67082977
vt 0.02901995 4.57208681
vt -0.16838200 3.95223999
vt 0.02901995 3.86868906
vt -0.16838200 3.23365092
vt 0.02901995 3.16529107
vt -0.16838200 2.51506209
vt 0.02901995 2.46189308
vt -0.16838200 1.79647303
vt 0.02901995 1.75849497
vt -0.16838200 1.07788396
vt 0.02901995 1.05509698
vt -0.16838200 0.35929501
vt 0.02901995 0.35169899
vt -0.16838200 -0.35929501
vt 0.02901995 -0.35169899
vt 0.02901995 -1.05509698
vt -0.16838200 -1.07788396
vt 0.02901995 -1.75849497
vt -0.16838200 -1.79647303
vt 0.02901995 -2.46189308
vt -0.16838200 -2.51506209
vt 0.02901995 -3.16529107
vt -0.16838200 -3.23365092
vt 0.02901995 -3.86868906
vt -0.16838200 -3.95223999
vt 0.02901995 -4.57208681
vt -0.16838200 -4.67082977
vt 0.02901995 -5.27548504
vt -0.16838200 -5.38941908
vt 0.02901995 -5.97888279
vt -0.16838200 -6.10800791
vt 0.02901995 -6.68228102
vt -0.16838200 -6.82659721
vt 0.02901995 -7.38567877
vt -0.16838200 -7.54518604
vt 0.02901995 -8.08907700
vt -0.16838200 -8.26377583
vt 0.02901995 -8.79247570
vt -0.16838200 -8.98236465
vt 0.02901995 -9.29529858
vt -0.16838200 -9.70095539
vt 0.02902096 -9.79812336
vt 0.02902096 -10.30095005
vt -0.16838200 -10.41954041
vt 0.02902096 -10.80377007
vt -0.16838200 -11.13813019
vt 0.02902096 -11.30659008
vt -0.16838200 -11.85671997
vt 0.02902197 -11.80941963
vt 0.02902197 -12.31223965
vt -0.16838200 -12.57530975
vt 0.02902299 -12.81505966
vt -0.16838200 -13.29389954
vt 0.02902096 -13.23421001
vt 0.02902096 -13.65334034
vt -0.16838200 -14.01249027
vt 0.02902299 -14.07248974
vt 0.02902197 -14.49164009
vt -0.16838200 -14.73108006
vt 0.02902096 -14.91079044
vt -0.16838200 -15.44966984
vt 0.02902299 -15.32993984
vt -1.05665398 0.84181702
vt -1.00162494 0.49632299
vt -0.41367099 0.27897599
vt -1.00162494 0.33088201
vt -1.00162494 0.16543999
vt -1.58958006 0.33088201
vt -1.58958006 0.16543999
vt -1.90602398 0.33088201
vt -1.90602398 0.16543999
vt -2.41380596 0.33088201
vt -2.41380596 0.16543999
vt -2.82592010 0.33088201
vt -2.82592010 0.16543999
vt -3.23803306 0.33088201
vt -3.23803306 0.16543999
vt -3.65014601 0.33088201
vt -3.65014601 0.16543999
vt -4.06226015 0.33088201
vt -4.06226015 0.16543999
vt -4.38882208 0.33088201
vt -4.38882208 0.16543999
vt -4.71538496 0.33088201
vt -4.71538496 0.16543999
vt -5.04194784 0.33088201
vt -5.04194784 0.16543999
vt -5.36851120 0.33088201
vt -5.36851120 0.16543999
vt -5.65184402 0.00000000
vt -5.29859877 0.00000000
vt -1.59823704 1.49124396
vt -1.58958006 1.36488903
vt -1.58958006 1.07536697
vt -1.58958006 0.78584498
vt -1.90602398 1.07536697
vt -1.90602398 0.78584498
vt -2.41380596 1.07536697
vt -2.41380596 0.78584498
vt -2.82592010 1.07536697
vt -2.82592010 0.78584498
vt -3.23803306 1.07536697
vt -3.23803306 0.78584498
vt -3.65014601 1.07536697
vt -3.65014601 0.78584498
vt -4.06226015 1.07536697
vt -4.06226015 0.78584498
vt -4.38882208 1.07536697
vt -4.38882208 0.78584498
vt -4.71538496 1.07536697
vt -4.71538496 0.78584498
vt -5.04194784 1.07536697
vt -5.04194784 0.78584498
vt -5.36851120 1.07536697
vt -5.36851120 0.78584498
vt -5.65184402 0.66176403
vt -5.36851120 0.49632299
vt -1.80771399 1.80954897
vt -1.90602398 1.65441096
vt -1.90602398 1.36488903
vt -1.90602398 1.81985199
vt -1.98496604 2.13457298
vt -2.41380596 2.02665401
vt -2.41380596 2.23345494
vt -2.82592010 2.23345494
vt -2.82592010 2.33685589
vt -3.23803306 2.33685589
vt -3.23803306 2.44025707
vt -3.65014601 2.44025707
vt -3.65014601 2.50229692
vt -4.06226015 2.50229692
vt -4.06226015 2.56433702
vt -4.38882208 2.56433702
vt -4.33314800 2.64705801
vt -4.71538496 2.56433702
vt -4.77270985 2.64705801
vt -5.04194784 2.56433702
vt -5.21227503 2.64705801
vt -5.36851120 2.56433702
vt -5.65184402 2.64705801
vt -5.65184402 2.56433702
vt -2.10638905 2.42162895
vt -2.41380596 2.33685589
vt -2.82592010 2.44025707
vt -3.23803306 2.50229692
vt -3.65014601 2.56433702
vt -3.89358807 2.64705801
vt -2.13158894 2.53527308
vt -2.41380596 2.50229692
vt -2.41380596 2.44025707
vt -2.41380596 2.56433702
vt -2.13537407 2.64705801
vt -2.57492495 2.64705801
vt -2.82592010 2.56433702
vt -3.01447701 2.64705801
vt -3.23803306 2.56433702
vt -3.45403099 2.64705801
vt -5.36851120 2.50229692
vt -5.65184402 2.48161697
vt -5.36851120 2.44025707
vt -5.65184402 2.39889598
vt -5.36851120 2.33685589
vt -5.65184402 2.31617594
vt -5.36851120 2.23345494
vt -5.65184402 2.15073490
vt -5.36851120 2.02665401
vt -5.65184402 1.98529303
vt -5.36851120 1.81985199
vt -5.65184402 1.65441096
vt -5.36851120 1.65441096
vt -5.36851120 1.36488903
vt -5.04194784 1.36488903
vt -5.65184402 1.32352901
vt -4.94535923 0.00000000
vt -4.59211922 0.00000000
vt -4.23887920 0.00000000
vt -3.53239989 0.00000000
vt -2.82592010 0.00000000
vt -2.11944008 0.00000000
vt -1.41296005 0.00000000
vt -0.70648003 0.00000000
vt -0.43571600 -0.00000200
vt -1.58958006 0.49632299
vt -1.90602398 0.49632299
vt -2.41380596 0.49632299
vt -2.82592010 0.49632299
vt -3.23803306 0.49632299
vt -3.65014601 0.49632299
vt -4.06226015 0.49632299
vt -4.38882208 0.49632299
vt -4.71538496 0.49632299
vt -5.04194784 0.49632299
vt -2.41380596 1.36488903
vt -2.82592010 1.36488903
vt -3.23803306 1.36488903
vt -3.65014601 1.36488903
vt -4.06226015 1.36488903
vt -4.38882208 1.36488903
vt -4.71538496 1.36488903
vt -5.04194784 1.65441096
vt -4.71538496 1.65441096
vt -5.04194784 1.81985199
vt -4.71538496 1.81985199
vt -5.04194784 2.02665401
vt -4.71538496 2.02665401
vt -5.04194784 2.23345494
vt -4.71538496 2.23345494
vt -5.04194784 2.33685589
vt -4.71538496 2.33685589
vt -5.04194784 2.44025707
vt -4.71538496 2.44025707
vt -5.04194784 2.50229692
vt -4.71538496 2.50229692
vt -4.38882208 1.65441096
vt -4.38882208 1.81985199
vt -4.38882208 2.02665401
vt -4.38882208 2.23345494
vt -4.38882208 2.33685589
vt -4.38882208 2.44025707
vt -4.38882208 2.50229692
vt -4.06226015 1.65441096
vt -4.06226015 1.81985199
vt -4.06226015 2.02665401
vt -4.06226015 2.23345494
vt -4.06226015 2.33685589
vt -4.06226015 2.44025707
vt -3.65014601 1.65441096
vt -3.65014601 1.81985199
vt -3.65014601 2.02665401
vt -3.65014601 2.23345494
vt -3.65014601 2.33685589
vt -3.23803306 1.65441096
vt -3.23803306 1.81985199
vt -3.23803306 2.02665401
vt -3.23803306 2.23345494
vt -2.82592010 1.65441096
vt -2.82592010 1.81985199
vt -2.82592010 2.02665401
vt -2.41380596 1.65441096
vt -2.41380596 1.81985199
vt -2.82592010 2.50229692
vt 0.43540099 0.02620995
vt 0.70648402 0.02647095
vt 0.41337201 0.30522799
vt 1.00147998 0.21236689
vt 1.00147998 0.39852399
vt 1.58958805 0.21236689
vt 1.58958805 0.39852399
vt 1.90603399 0.21236689
vt 1.90603399 0.39852399
vt 2.41381907 0.21236689
vt 2.41381907 0.39852399
vt 2.82593393 0.21236689
vt 2.82593393 0.39852399
vt 3.23804998 0.21236689
vt 3.23804998 0.39852399
vt 3.65016508 0.21236689
vt 3.65016508 0.39852399
vt 4.06228018 0.21236689
vt 4.06228018 0.39852399
vt 4.38884497 0.21236689
vt 4.38884497 0.39852399
vt 4.71541023 0.21236689
vt 4.71541023 0.39852399
vt 5.04197407 0.21236689
vt 5.04197407 0.39852399
vt 5.36853886 0.21236689
vt 5.36853886 0.39852399
vt 5.65187311 0.02647095
vt 5.65187311 0.68824703
vt 1.41296697 0.02647095
vt 1.63374305 0.02647095
vt 2.11945105 0.02647095
vt 2.82593393 0.02647095
vt 3.53241801 0.02647095
vt 4.23890114 0.02647095
vt 4.32721186 0.02647095
vt 4.94538498 0.02647095
vt 5.03369522 0.02647095
vt 5.34275293 0.02643895
vt 5.65187311 1.35002196
vt 5.36853886 0.95699501
vt 5.36853886 0.77083802
vt 5.36853886 0.58468097
vt 5.04197407 0.77083802
vt 5.04197407 0.58468097
vt 4.71541023 0.77083802
vt 4.71541023 0.58468097
vt 4.38884497 0.77083802
vt 4.38884497 0.58468097
vt 4.06228018 0.77083802
vt 4.06228018 0.58468097
vt 3.65016508 0.77083802
vt 3.65016508 0.58468097
vt 3.23804998 0.77083802
vt 3.23804998 0.58468097
vt 2.82593393 0.77083802
vt 2.82593393 0.58468097
vt 2.41381907 0.77083802
vt 2.41381907 0.58468097
vt 1.90603399 0.77083802
vt 1.90603399 0.58468097
vt 1.58958805 0.77083802
vt 1.58958805 0.58468097
vt 1.00147998 0.77083802
vt 1.00147998 0.58468097
vt 5.65187311 1.68090999
vt 5.36853886 1.51546597
vt 5.36853886 1.32930899
vt 5.36853886 1.14315200
vt 5.04197407 1.32930899
vt 5.04197407 1.14315200
vt 4.71541023 1.32930899
vt 4.71541023 1.14315200
vt 4.38884497 1.32930899
vt 4.38884497 1.14315200
vt 4.06228018 1.32930899
vt 4.06228018 1.14315200
vt 3.65016508 1.32930899
vt 3.65016508 1.14315200
vt 3.23804998 1.32930899
vt 3.23804998 1.14315200
vt 2.82593393 1.32930899
vt 2.82593393 1.14315200
vt 2.41381907 1.32930899
vt 2.41381907 1.14315200
vt 1.90603399 1.32930899
vt 1.90603399 1.14315200
vt 1.58958805 1.32930899
vt 1.58958805 1.14315200
vt 1.45921397 1.33099794
vt 5.65187311 2.01179790
vt 5.36853886 1.84635401
vt 5.36853886 1.68090999
vt 5.04197407 1.68090999
vt 5.04197407 1.51546597
vt 4.71541023 1.68090999
vt 4.71541023 1.51546597
vt 4.38884497 1.68090999
vt 4.38884497 1.51546597
vt 4.06228018 1.68090999
vt 4.06228018 1.51546597
vt 3.65016508 1.68090999
vt 3.65016508 1.51546597
vt 3.23804998 1.68090999
vt 3.23804998 1.51546597
vt 2.82593393 1.68090999
vt 2.82593393 1.51546597
vt 2.41381907 1.68090999
vt 2.41381907 1.51546597
vt 1.90603399 1.68090999
vt 1.90603399 1.51546597
vt 1.71643603 1.69059503
vt 5.36853886 2.01179790
vt 5.65187311 2.17724204
vt 5.36853886 2.25996399
vt 5.65187311 2.34268594
vt 5.36853886 2.36336589
vt 5.65187311 2.42540789
vt 5.36853886 2.46676803
vt 5.65187311 2.50812888
vt 5.36853886 2.57017112
vt 5.65187311 2.59085107
vt 5.21231222 2.67357302
vt 5.65187311 2.67357302
vt 4.77275085 2.67357302
vt 5.04197407 2.57017112
vt 5.04197407 2.46676803
vt 5.04197407 2.36336589
vt 5.04197407 2.25996399
vt 5.04197407 2.01179790
vt 5.04197407 1.84635401
vt 4.71541023 2.57017112
vt 4.33318996 2.67357302
vt 4.38884497 2.57017112
vt 3.89362907 2.67357302
vt 4.06228018 2.57017112
vt 3.65016508 2.57017112
vt 4.06228018 2.46676803
vt 3.65016508 2.46676803
vt 4.06228018 2.36336589
vt 3.65016508 2.36336589
vt 4.06228018 2.25996399
vt 3.65016508 2.25996399
vt 4.06228018 2.01179790
vt 3.65016508 2.01179790
vt 4.06228018 1.84635401
vt 3.65016508 1.84635401
vt 3.45406795 2.67357302
vt 3.23804998 2.57017112
vt 3.23804998 2.46676803
vt 3.23804998 2.36336589
vt 3.23804998 2.25996399
vt 3.23804998 2.01179790
vt 3.23804998 1.84635401
vt 3.01450706 2.67357302
vt 2.82593393 2.57017112
vt 2.82593393 2.46676803
vt 2.82593393 2.36336589
vt 2.82593393 2.25996399
vt 2.82593393 2.01179790
vt 2.82593393 1.84635401
vt 2.57494593 2.67357302
vt 2.41381907 2.57017112
vt 2.41381907 2.46676803
vt 2.41381907 2.36336589
vt 2.41381907 2.25996399
vt 2.41381907 2.01179790
vt 2.41381907 1.84635401
vt 2.13538504 2.67357302
vt 2.13002491 2.54828095
vt 2.09380198 2.41056490
vt 1.93514895 2.06185007
vt 1.90603399 1.84635401
vt 5.04197407 0.95699501
vt 4.71541023 0.95699501
vt 4.38884497 0.95699501
vt 4.06228018 0.95699501
vt 3.65016508 0.95699501
vt 3.23804998 0.95699501
vt 2.82593393 0.95699501
vt 2.41381907 0.95699501
vt 1.90603399 0.95699501
vt 1.58958805 0.95699501
vt 4.71541023 1.84635401
vt 4.71541023 2.01179790
vt 4.71541023 2.25996399
vt 4.71541023 2.36336589
vt 4.71541023 2.46676803
vt 4.38884497 1.84635401
vt 4.38884497 2.01179790
vt 4.38884497 2.25996399
vt 4.38884497 2.36336589
vt 4.38884497 2.46676803
vt 1.05101895 0.00000000
vt 0.52550900 0.53927398
vt 0.24900000 0.00000100
vt 0.39413199 0.53927398
vt 0.26275501 0.53927398
vt 0.26275501 0.80891103
vt 0.24406900 0.58188301
vt 0.23149900 1.14824700
vt 0.26275501 1.07854795
vt 0.26275501 1.41559398
vt 0.39413199 1.07854795
vt 0.39413199 1.41559398
vt 0.52550900 1.07854795
vt 0.52550900 1.41559398
vt 0.78826398 1.07854795
vt 0.78826398 1.41559398
vt 1.11670804 1.07854795
vt 1.11670804 1.41559398
vt 1.28092897 1.07854795
vt 1.28092897 1.41559398
vt 1.44515097 1.07854795
vt 1.44515097 1.41559398
vt 1.60253000 1.07854795
vt 1.60253000 1.41559398
vt 1.75990903 1.07854795
vt 1.75990903 1.41559398
vt 1.83380902 1.07854795
vt 1.83380902 1.41559398
vt 1.93371105 1.07854795
vt 1.93371105 1.41559398
vt 2.00350499 1.07854795
vt 2.00350499 1.41559398
vt 2.10203791 1.07854795
vt 2.10203791 1.61782205
vt 1.31377399 0.00000000
vt 1.11670804 0.53927398
vt 0.78826398 0.53927398
vt 0.52550900 0.80891103
vt 0.39413199 0.80891103
vt 1.57652795 0.00000000
vt 1.44515097 0.53927398
vt 1.28092897 0.53927398
vt 1.11670804 0.80891103
vt 0.78826398 0.80891103
vt 1.60253000 0.53927398
vt 1.83928299 0.00000000
vt 1.75990903 0.53927398
vt 1.83380902 0.53927398
vt 1.75990903 0.80891103
vt 1.83380902 0.80891103
vt 1.93371105 0.53927398
vt 1.97066104 0.00000000
vt 2.10203695 0.00000000
vt 2.00350499 0.53927398
vt 2.10203791 0.53927398
vt 2.00350499 0.80891103
vt 2.00350499 1.75264001
vt 2.10203791 2.15709496
vt 2.00350499 2.08968592
vt 2.00350499 2.42673206
vt 1.93371105 2.42673206
vt 1.93371105 3.10082507
vt 1.83380902 3.10082507
vt 1.83380902 3.77491689
vt 1.75990903 3.77491689
vt 1.80849195 4.31418324
vt 1.60253000 3.77491689
vt 1.44515097 3.77491689
vt 1.60253000 3.10082507
vt 1.44515097 3.10082507
vt 1.60253000 2.42673206
vt 1.44515097 2.42673206
vt 1.60253000 2.08968592
vt 1.44515097 2.08968592
vt 1.60253000 1.75264001
vt 1.44515097 1.75264001
vt 2.10203791 2.69636893
vt 2.00350499 3.10082507
vt 1.93371105 3.77491689
vt 2.10203791 3.23564291
vt 2.00350499 3.77491689
vt 2.10203791 4.31419086
vt 2.10203791 3.77491689
vt 0.98410302 4.31413221
vt 1.28092897 3.77491689
vt 1.28092897 3.10082507
vt 1.28092897 2.42673206
vt 1.28092897 2.08968592
vt 1.28092897 1.75264001
vt 0.16590400 4.31418324
vt 0.52550900 3.77491689
vt 0.78826398 3.77491689
vt 1.11670804 3.77491689
vt 1.11670804 3.10082507
vt 0.17036900 3.28419089
vt 0.26275501 3.77491689
vt 0.39413199 3.77491689
vt 0.52550900 3.10082507
vt 0.78826398 3.10082507
vt 0.78826398 2.42673206
vt 1.11670804 2.42673206
vt 1.11670804 2.08968592
vt 0.26275501 3.10082507
vt 0.19683000 2.23812294
vt 0.26275501 2.42673206
vt 0.26275501 2.08968592
vt 0.39413199 2.08968592
vt 0.39413199 1.75264001
vt 0.52550900 1.75264001
vt 0.26275501 1.75264001
vt 1.93371105 0.80891103
vt 1.60253000 0.80891103
vt 1.44515097 0.80891103
vt 1.28092897 0.80891103
vt 1.93371105 1.75264001
vt 1.93371105 2.08968592
vt 1.83380902 1.75264001
vt 1.83380902 2.08968592
vt 1.83380902 2.42673206
vt 1.75990903 1.75264001
vt 1.75990903 2.08968592
vt 1.75990903 2.42673206
vt 1.75990903 3.10082507
vt 1.11670804 1.75264001
vt 0.78826398 1.75264001
vt 0.78826398 2.08968592
vt 0.52550900 2.08968592
vt 0.39413199 2.42673206
vt 0.52550900 2.42673206
vt 0.39413199 3.10082507
vt -8.80485439 1.94030595
vt -9.34082127 1.75485897
vt -8.82655811 1.63000298
vt -9.59726143 1.62525904
vt -8.84773254 1.31994104
vt -9.59726143 1.31021094
vt -8.84781742 1.31871200
vt -8.86824703 1.01043403
vt -9.59726143 0.99516398
vt -8.88805008 0.70086098
vt -9.59726143 0.68011600
vt -8.88838291 0.69548798
vt -8.90724659 0.38496900
vt -9.59726143 0.36506900
vt -8.92475605 0.07427400
vt -9.59726143 0.05002099
vt -8.92527390 0.06475698
vt -8.94143772 -0.24394891
vt -9.59726143 -0.26502600
vt -8.95628834 -0.55532801
vt -9.59726143 -0.58007300
vt -8.95691490 -0.56921297
vt -8.97002029 -0.87849998
vt -9.59726143 -0.89512098
vt -8.98163700 -1.18702996
vt -9.59726143 -1.21016800
vt -8.98226166 -1.20504904
vt -8.99222279 -1.51432896
vt -9.59726143 -1.52521598
vt -9.00024509 -1.82419395
vt -9.59726143 -1.84026301
vt -9.00076389 -1.84648895
vt -9.59726143 -2.15530992
vt -9.00718498 -2.16575408
vt -9.59726143 -2.47035789
vt -9.01186466 -2.48693991
vt -9.59726143 -2.78540492
vt -9.01450253 -2.79378104
vt -9.59726143 -3.09919691
vt -9.01537132 -3.09901690
vt -9.01536179 -3.12975097
vt -9.59726143 -3.41549993
vt -9.01428604 -3.45112991
vt -9.59726143 -3.73054790
vt -9.01111698 -3.77395892
vt -9.59726143 -4.04559517
vt -9.00654125 -4.07714081
vt -9.59726143 -4.36064196
vt -9.00018215 -4.37959814
vt -8.99924088 -4.41887188
vt -9.59726143 -4.67569017
vt -8.99116802 -4.71648312
vt -9.59726143 -4.99073696
vt -8.98164654 -5.01330280
vt -8.98012543 -5.05656910
vt -9.59726143 -5.30578518
vt -8.96893501 -5.35277987
vt -9.59726143 -5.62083197
vt -8.95615482 -5.64761496
vt -8.95400429 -5.69465399
vt -9.59726143 -5.93588018
vt -8.93869400 -6.01072121
vt -9.59726143 -6.25092697
vt -8.92185497 -6.32791615
vt -9.59726143 -6.56597424
vt -8.90532494 -6.61587906
vt -9.59726143 -6.88102198
vt -8.88805199 -6.90127182
vt -8.88463497 -6.95595217
vt -9.59726143 -7.19606876
vt -8.86649132 -7.24000311
vt -9.59726143 -7.51111698
vt -8.84749603 -7.52378702
vt -8.84354496 -7.58205509
vt -9.59726143 -7.82616377
vt -8.82432079 -7.86145592
vt -9.34055138 -7.95584297
vt -8.80484581 -8.14121342
vt -9.82162094 1.56868398
vt -9.98182106 1.50127399
vt -10.27400970 1.36958694
vt -10.54450989 1.23532796
vt -10.38967037 0.99516398
vt -11.02040005 0.95894498
vt -11.05062008 0.93913800
vt -11.35461044 0.71925902
vt -11.18208981 0.68011600
vt -10.38967037 0.68011600
vt -11.62411022 0.48288900
vt -11.18208981 0.36506900
vt -10.38967037 0.36506900
vt -10.38967037 0.05002099
vt -12.06676960 -0.05277895
vt -11.18208981 0.05002099
vt -10.38967037 -0.26502600
vt -12.19089985 -0.25926301
vt -11.97449970 -0.26502600
vt -11.18208981 -0.26502600
vt -11.97449970 -0.58007300
vt -12.42300034 -0.77460998
vt -11.97449970 -0.89512098
vt -12.59638023 -1.37833798
vt -11.97449970 -1.21016800
vt -11.97449970 -1.52521598
vt -11.18208981 -1.52521598
vt -11.18208981 -1.84026301
vt -10.38967037 -1.84026301
vt -10.38967037 -2.15530992
vt -12.76690960 -3.10017896
vt -11.97449970 -2.15530992
vt -11.97449970 -1.84026301
vt -12.59632969 -4.82188082
vt -11.97449970 -3.73054790
vt -11.97449970 -3.41549993
vt -11.97449970 -3.09993410
vt -11.18208981 -3.41549993
vt -11.18208981 -3.09968805
vt -10.38967037 -3.41549993
vt -10.38967037 -3.09944201
vt -12.42292023 -5.42606783
vt -11.97449970 -4.99073696
vt -11.97449970 -4.67569017
vt -11.97449970 -4.36064196
vt -11.18208981 -4.67569017
vt -11.18208981 -4.36064196
vt -10.38967037 -4.67569017
vt -10.38967037 -4.36064196
vt -12.19101048 -5.94138098
vt -11.97449970 -5.62083197
vt -11.97449970 -5.30578518
vt -11.18208981 -5.30578518
vt -11.18208981 -4.99073696
vt -10.38967037 -5.30578518
vt -10.38967037 -4.99073696
vt -11.97449970 -5.93588018
vt -12.07540035 -6.13488293
vt -11.97449970 -6.25092697
vt -11.68208027 -6.62611818
vt -11.18208981 -6.56597424
vt -11.41749001 -6.86913300
vt -11.18208981 -6.88102198
vt -11.12858009 -7.08737898
vt -10.38967037 -6.88102198
vt -11.05066013 -7.14001322
vt -10.38967037 -7.19606876
vt -10.81779003 -7.28503799
vt -10.56225014 -7.42698383
vt -10.28367996 -7.56596994
vt -9.98197842 -7.70213604
vt -9.82172871 -7.76954222
vt -11.97449970 -2.78540492
vt -11.18208981 -2.78540492
vt -10.38967037 -2.78540492
vt -11.97449970 -2.47035789
vt -11.18208981 -2.47035789
vt -10.38967037 -2.47035789
vt -11.18208981 -0.58007300
vt -11.18208981 -0.89512098
vt -11.18208981 -1.21016800
vt -10.38967037 -0.58007300
vt -10.38967037 -0.89512098
vt -10.38967037 -1.21016800
vt -10.38967037 -1.52521598
vt -11.18208981 -3.73054790
vt -11.18208981 -4.04559517
vt -11.97449970 -4.04559517
vt -10.38967037 -3.73054790
vt -10.38967037 -4.04559517
vt -10.38967037 -5.62083197
vt -10.38967037 -5.93588018
vt -10.38967037 -6.25092697
vt -10.38967037 -6.56597424
vt -11.18208981 -5.62083197
vt -11.18208981 -5.93588018
vt -11.18208981 -6.25092697
vt -11.18208981 -2.15530992
vt -0.50462902 7.24902678
vt -0.50462902 7.94033718
vt -0.79245299 7.26383591
vt -1.44803798 7.96914196
vt -1.59808099 7.34059381
vt -2.38020205 7.58423519
vt -2.38384604 7.54576015
vt -0.50462902 8.63164806
vt -1.44803798 8.68925571
vt -2.29041100 8.53590488
vt -2.28113198 8.63410187
vt -2.23615003 9.11265755
vt -1.44803798 9.40937233
vt -2.19198608 9.58913422
vt -2.18368006 9.68002415
vt -1.44803798 10.12948990
vt -2.14094305 10.15594006
vt -2.09963989 10.63393021
vt -1.44803798 10.84959984
vt -2.05666399 11.15771961
vt -1.44803798 11.56970978
vt -2.01689911 11.67741966
vt -2.01130509 11.75409985
vt -1.44803798 12.28983021
vt -1.97787404 12.23705959
vt -1.94764304 12.72076988
vt -1.44803798 13.00994015
vt -1.94355905 12.79090023
vt -1.91756594 13.27406979
vt -1.44803798 13.73005962
vt -1.89554906 13.75747013
vt -1.89296401 13.82091999
vt -1.87549901 14.31112957
vt -1.44803798 14.45016956
vt -1.86251700 14.80185986
vt -1.44803798 15.17028999
vt -1.85391903 15.32376003
vt -1.44803798 15.89202023
vt -1.85069597 15.84307003
vt -1.85067403 15.89270973
vt -1.85314405 16.38591957
vt -1.44803798 16.61051941
vt -1.86051702 16.88192940
vt -1.44803798 17.33062935
vt -1.87339306 17.40156937
vt -1.89133096 17.91880989
vt -1.44803798 18.05075073
vt -1.89277804 17.95520973
vt -1.91522205 18.45807076
vt -1.44803798 18.77086067
vt -1.94190300 18.96110916
vt -1.94360995 18.99082947
vt -1.44803798 19.49295044
vt -1.97455299 19.49404907
vt -2.00936794 20.00011063
vt -1.44803798 20.21109009
vt -2.01104808 20.02335930
vt -2.04967093 20.53476906
vt -1.44803798 20.93120956
vt -2.09095907 21.04389000
vt -2.09232092 21.06015968
vt -1.44803798 21.65131950
vt -2.13657689 21.57498932
vt -2.18288302 22.09211922
vt -1.44803798 22.37142944
vt -2.18374896 22.10161018
vt -2.23160291 22.62006950
vt -1.44803798 23.09155083
vt -2.28041697 23.13929939
vt -2.28064704 23.14172935
vt -2.33037901 23.66729927
vt -1.44803798 23.81167030
vt -2.38020301 24.19656944
vt -1.59807801 24.44021034
vt -2.38384104 24.23505020
vt -2.38759208 24.27351952
vt -2.39144206 24.31199074
vt -0.50462902 9.32295704
vt -0.50462902 10.01426983
vt -0.50462902 10.70557976
vt -0.50462902 11.39688969
vt -0.50462902 12.08819962
vt -0.50462902 12.77950954
vt -0.50462902 13.47082043
vt -0.50462902 14.16213036
vt -0.50462902 14.85344028
vt -0.50462902 15.54475021
vt -0.50462902 16.23605919
vt -0.50462902 16.92737007
vt -0.50462902 17.61867905
vt -0.50462902 18.30998993
vt -0.50462902 19.00130081
vt -0.50462902 19.69260979
vt -0.50462902 20.38392067
vt -0.50462902 21.07522964
vt -0.50462902 21.76654053
vt -0.50462902 22.45784950
vt -0.50462902 23.14916039
vt -0.50462902 23.84046936
vt -0.79245299 24.51696968
vt -0.50462902 24.53178024
vt -2.33525801 8.06170940
vt -2.38759708 7.50728893
vt -2.39144611 7.46882200
vt -0.98410797 4.31413412
vt -0.39413199 3.77491593
vt -0.16590901 4.31417513
vt -0.26275501 3.77491593
vt -0.17034499 3.28432894
vt -0.26275501 3.10082412
vt -0.26275501 2.42673206
vt -0.39413199 3.10082412
vt -0.39413199 2.42673206
vt -0.52551001 3.10082412
vt -0.52551001 2.42673206
vt -0.78826499 3.10082412
vt -0.78826499 2.42673206
vt -1.11670804 3.10082412
vt -1.11670804 2.42673206
vt -1.28093004 3.10082412
vt -1.28093004 2.42673206
vt -1.44515204 3.10082412
vt -1.44515204 2.42673206
vt -1.62579596 3.10082412
vt -1.62579596 2.42673206
vt -1.80644000 3.10082412
vt -1.80644000 2.42673206
vt -1.93371201 3.10082412
vt -1.93371201 2.42673206
vt -2.00350595 3.10082412
vt -2.00350595 2.42673206
vt -2.10203910 2.69636011
vt -2.10203910 2.15708494
vt -1.80849302 4.31418180
vt -1.28093004 3.77491403
vt -1.11670804 3.77491403
vt -0.78826499 3.77491498
vt -2.10203910 4.31418991
vt -1.93371201 3.77491307
vt -1.80644000 3.77491307
vt -1.62579596 3.77491403
vt -2.00350595 3.77491307
vt -2.10203910 3.77491307
vt -2.10203910 3.23563600
vt -2.10203910 1.61781204
vt -2.00350595 1.75264001
vt -2.00350595 2.08968592
vt -1.93371201 2.08968592
vt -1.80644000 2.08968592
vt -1.62579596 2.08968592
vt -1.44515204 2.08968592
vt -1.28093004 2.08968592
vt -1.11670804 2.08968592
vt -0.78826499 2.08968592
vt -0.52551001 2.08968592
vt -0.39413199 2.08968592
vt -0.26275501 2.08968592
vt -0.19682799 2.23813391
vt -2.10203910 1.07854104
vt -2.00350595 1.41559303
vt -2.00350595 1.58411705
vt -1.93371201 1.58411705
vt -1.93371201 1.75264001
vt -1.80644000 1.58411705
vt -1.80644000 1.75264001
vt -1.62579596 1.58411705
vt -1.62579596 1.75264001
vt -1.44515204 1.58411705
vt -1.44515204 1.75264001
vt -1.28093004 1.58411705
vt -1.28093004 1.75264001
vt -1.11670804 1.58411705
vt -1.11670804 1.75264001
vt -0.78826499 1.58411705
vt -0.78826499 1.75264001
vt -0.52551001 1.58411705
vt -0.52551001 1.75264001
vt -0.39413199 1.58411705
vt -0.39413199 1.75264001
vt -0.26275501 1.58411705
vt -0.26275501 1.75264001
vt -2.10203910 0.53926998
vt -2.00350595 0.80891103
vt -2.00350595 1.07854104
vt -1.93371201 1.07854104
vt -1.93371201 1.41559303
vt -1.80644000 1.07854199
vt -1.80644000 1.41559303
vt -1.62579596 1.07854199
vt -1.62579596 1.41559303
vt -1.44515204 1.07854295
vt -1.44515204 1.41559303
vt -1.28093004 1.07854402
vt -1.28093004 1.41559303
vt -1.11670804 1.07854402
vt -1.11670804 1.41559303
vt -0.78826499 1.07854497
vt -0.78826499 1.41559303
vt -0.52551001 1.07854605
vt -0.52551001 1.41559303
vt -0.39413199 1.07854700
vt -0.39413199 1.41559303
vt -0.26275501 1.07854700
vt -0.26275501 1.41559303
vt -0.23242700 1.14942396
vt -2.10203791 0.00000000
vt -1.98457205 0.00018800
vt -2.00350595 0.53926998
vt -1.93371201 0.53926998
vt -1.93371201 0.80891103
vt -1.80644000 0.53927100
vt -1.80644000 0.80891103
vt -1.62579596 0.53927100
vt -1.62579596 0.80891103
vt -1.44515204 0.53927100
vt -1.44515204 0.80891103
vt -1.28093004 0.53927201
vt -1.28093004 0.80891103
vt -1.11670804 0.53927201
vt -1.11670804 0.80891103
vt -0.78826499 0.53927302
vt -0.78826499 0.80891103
vt -0.52551001 0.53927302
vt -0.52551001 0.80891103
vt -0.39413199 0.53927302
vt -0.39413199 0.80891103
vt -0.26275501 0.53927398
vt -0.26275501 0.80891103
vt -0.24466690 0.58255202
vt -1.87287700 0.00021500
vt -1.64689505 0.00023200
vt -1.41739500 0.00029400
vt -1.18863499 0.00002900
vt -0.69898200 0.00008900
vt -0.24918690 0.00000000
vt -1.44515204 3.77491403
vt -0.52551001 3.77491498
vt -9.92636776 0.71343702
vt -9.97625828 0.00000000
vt -7.34999990 0.00000000
vt -9.92636776 -0.71343702
vt -7.29882479 -0.50324601
vt -9.77767372 -1.41298795
vt -7.14739513 -0.98588997
vt -9.53306866 -2.08503604
vt -9.19731331 -2.71650195
vt -6.90190887 -1.42817104
vt -8.77694225 -3.29509401
vt -6.57241678 -1.81198204
vt -8.28013611 -3.80955100
vt -7.71656609 -4.24985886
vt -6.17241001 -2.12161112
vt -7.09720278 -4.60744905
vt -5.71826315 -2.34437990
vt -6.43410015 -4.87536001
vt -5.22856903 -2.47117090
vt -5.74016523 -5.04837704
vt -5.02890396 -5.12313414
vt -4.72337723 -2.49679089
vt -4.31415987 -5.09817505
vt -4.22336912 -2.42019296
vt -3.60984612 -4.97398520
vt -2.92967010 -4.75298309
vt -3.74901509 -2.24451089
vt -2.28687191 -4.43946886
vt -3.31973505 -1.97693896
vt -1.69396102 -4.03954506
vt -1.16247904 -3.56099701
vt -2.95310497 -1.62843096
vt -0.70277101 -3.01313806
vt -2.66413307 -1.21325505
vt -0.32378399 -2.40663195
vt -0.03289395 -1.75328302
vt -2.46465206 -0.74840802
vt 0.16423599 -1.06580901
vt -2.36282706 -0.25292099
vt 0.26376900 -0.35758999
vt -2.36282706 0.25292099
vt 0.26376900 0.35758999
vt 0.16423599 1.06580901
vt -2.46465206 0.74840802
vt -0.03289395 1.75328302
vt -2.66413307 1.21325505
vt -0.32378399 2.40663195
vt -0.70277101 3.01313806
vt -2.95310497 1.62843096
vt -1.16247904 3.56099701
vt -3.31973505 1.97693896
vt -1.69396102 4.03954506
vt -2.28687191 4.43946886
vt -3.74901509 2.24451089
vt -2.92967010 4.75298309
vt -4.22336912 2.42019296
vt -3.60984612 4.97398520
vt -4.31415987 5.09817505
vt -4.72337723 2.49679089
vt -5.02890396 5.12313414
vt -5.22856903 2.47117090
vt -5.74016523 5.04837704
vt -6.43410015 4.87536001
vt -5.71826315 2.34437990
vt -7.09720278 4.60744905
vt -6.17241001 2.12161112
vt -7.71656609 4.24985886
vt -6.57241678 1.81198204
vt -8.28013611 3.80955100
vt -8.77694225 3.29509401
vt -6.90190887 1.42817104
vt -9.19731331 2.71650195
vt -7.14739513 0.98588997
vt -9.53306866 2.08503604
vt -9.77767372 1.41298795
vt -7.29882479 0.50324601
vt -2.50000000 0.00000000
vt -2.44882488 -0.50324601
vt -2.44882488 0.50324601
vt -2.29739499 0.98588997
vt -2.29739499 -0.98588997
vt -2.05190897 1.42817104
vt -2.05190897 -1.42817104
vt -1.72241700 1.81198204
vt -1.72241700 -1.81198204
vt -1.32240999 2.12161112
vt -0.86826301 2.34437990
vt -0.37856901 2.47117090
vt 0.12662300 2.49679089
vt 0.62663102 2.42019296
vt 1.10098505 2.24451089
vt 1.53026497 1.97693896
vt 1.89689505 1.62843096
vt 2.18586707 1.21325505
vt 2.38534808 0.74840802
vt 2.48717308 0.25292099
vt 2.48717308 -0.25292099
vt 2.38534808 -0.74840802
vt -1.32240999 -2.12161112
vt 2.18586707 -1.21325505
vt 1.89689505 -1.62843096
vt 1.53026497 -1.97693896
vt 1.10098505 -2.24451089
vt -0.86826301 -2.34437990
vt 0.62663102 -2.42019296
vt -0.37856901 -2.47117090
vt 0.12662300 -2.49679089
vt 1.00000000 0.50670803
vt 0.00000000 0.00000000
vt 1.00000000 0.00000000
vt 0.00000000 -0.50670803
vt 1.00000000 -0.50670803
vt 0.00000000 -1.01341701
vt 1.00000000 -1.01341701
vt 0.00000000 -1.52012503
vt 1.00000000 -1.52012503
vt 0.00000000 -2.02683401
vt 1.00000000 -2.02683401
vt 0.00000000 -2.53354192
vt 1.00000000 -2.53354192
vt 0.00000000 -3.04025102
vt 1.00000000 -3.04025102
vt 0.00000000 -3.54695892
vt 1.00000000 -3.54695892
vt 0.00000000 -4.05366802
vt 1.00000000 -4.05366802
vt 0.00000000 -4.56037617
vt 1.00000000 -4.56037617
vt 0.00000000 -5.06708479
vt 1.00000000 -5.06708479
vt 0.00000000 -5.57379293
vt 1.00000000 -5.57379293
vt 0.00000000 -6.08050203
vt 1.00000000 -6.08050203
vt 0.00000000 -6.58721018
vt 1.00000000 -6.58721018
vt 0.00000000 -7.09391880
vt 1.00000000 -7.09391880
vt 0.00000000 -7.60062695
vt 1.00000000 -7.60062695
vt 1.00000000 8.10733604
vt 0.00000000 8.10733604
vt 0.00000000 7.60062695
vt 1.00000000 7.60062695
vt 0.00000000 7.09391880
vt 1.00000000 7.09391880
vt 0.00000000 6.58721018
vt 1.00000000 6.58721018
vt 0.00000000 6.08050203
vt 1.00000000 6.08050203
vt 0.00000000 5.57379293
vt 1.00000000 5.57379293
vt 0.00000000 5.06708479
vt 1.00000000 5.06708479
vt 0.00000000 4.56037617
vt 1.00000000 4.56037617
vt 0.00000000 4.05366802
vt 1.00000000 4.05366802
vt 0.00000000 3.54695892
vt 1.00000000 3.54695892
vt 0.00000000 3.04025102
vt 1.00000000 3.04025102
vt 0.00000000 2.53354192
vt 1.00000000 2.53354192
vt 0.00000000 2.02683401
vt 1.00000000 2.02683401
vt 0.00000000 1.52012503
vt 1.00000000 1.52012503
vt 0.00000000 1.01341701
vt 1.00000000 1.01341701
vt 0.00000000 0.50670803
vt -0.00099999 20.07230949
vt 0.00000000 20.89159012
vt -0.00099999 20.89159012
vt -0.00099999 -20.89159012
vt 0.00000000 -20.89159012
vt 0.00000000 -20.07230949
vt -0.00099999 -20.07230949
vt 0.00000000 -19.25304031
vt -0.00099999 -19.25304031
vt 0.00000000 -18.43375969
vt -0.00099999 -18.43375969
vt 0.00000000 -17.61447906
vt -0.00099999 -17.61447906
vt 0.00000000 -16.79520035
vt -0.00099999 -16.79520035
vt 0.00000000 -15.97591972
vt -0.00099999 -15.97591972
vt 0.00000000 -15.15664005
vt -0.00099999 -15.15664005
vt 0.00000000 -14.33736992
vt -0.00099999 -14.33736992
vt 0.00000000 -13.51809025
vt -0.00099999 -13.51809025
vt 0.00000000 -12.69880962
vt -0.00099999 -12.69880962
vt 0.00000000 -11.87952995
vt -0.00099999 -11.87952995
vt 0.00000000 -11.06025028
vt -0.00099999 -11.06025028
vt 0.00000000 -10.24098015
vt -0.00099999 -10.24098015
vt 0.00000000 -9.42169762
vt -0.00099999 -9.42169762
vt 0.00000000 -8.60241985
vt -0.00099999 -8.60241985
vt 0.00000000 -7.78314209
vt -0.00099999 -7.78314209
vt 0.00000000 -6.96386385
vt -0.00099999 -6.96386385
vt 0.00000000 -6.14458609
vt -0.00099999 -6.14458609
vt 0.00000000 -5.32530785
vt -0.00099999 -5.32530785
vt 0.00000000 -4.50602913
vt -0.00099999 -4.50602913
vt 0.00000000 -3.68675089
vt -0.00099999 -3.68675089
vt 0.00000000 -2.86747289
vt -0.00099999 -2.86747289
vt 0.00000000 -2.04819489
vt -0.00099999 -2.04819489
vt 0.00000000 -1.22891700
vt -0.00099999 -1.22891700
vt 0.00000000 -0.40963900
vt -0.00099999 -0.40963900
vt 0.00000000 0.40963900
vt -0.00099999 0.40963900
vt 0.00000000 1.22891700
vt -0.00099999 1.22891700
vt 0.00000000 2.04819489
vt -0.00099999 2.04819489
vt 0.00000000 2.86747289
vt -0.00099999 2.86747289
vt 0.00000000 3.68675089
vt -0.00099999 3.68675089
vt 0.00000000 4.50602913
vt -0.00099999 4.50602913
vt 0.00000000 5.32530785
vt -0.00099999 5.32530785
vt 0.00000000 6.14458609
vt -0.00099999 6.14458609
vt 0.00000000 6.96386385
vt -0.00099999 6.96386385
vt 0.00000000 7.78314209
vt -0.00099999 7.78314209
vt 0.00000000 8.60241985
vt -0.00099999 8.60241985
vt 0.00000000 9.42169762
vt -0.00099999 9.42169762
vt 0.00000000 10.24098015
vt -0.00099999 10.24098015
vt 0.00000000 11.06025028
vt -0.00099999 11.06025028
vt 0.00000000 11.87952995
vt -0.00099999 11.87952995
vt 0.00000000 12.69880962
vt -0.00099999 12.69880962
vt 0.00000000 13.51809025
vt -0.00099999 13.51809025
vt 0.00000000 14.33736992
vt -0.00099999 14.33736992
vt 0.00000000 15.15664005
vt -0.00099999 15.15664005
vt 0.00000000 15.97591972
vt -0.00099999 15.97591972
vt 0.00000000 16.79520035
vt -0.00099999 16.79520035
vt 0.00000000 17.61447906
vt -0.00099999 17.61447906
vt 0.00000000 18.43375969
vt -0.00099999 18.43375969
vt 0.00000000 19.25304031
vt -0.00099999 19.25304031
vt 0.00000000 20.07230949
vt 0.00000000 0.50670803
vt -1.00000000 0.00000000
vt 0.00000000 0.00000000
vt -1.00000000 -0.50670803
vt 0.00000000 -0.50670803
vt -1.00000000 -1.01341701
vt 0.00000000 -1.01341701
vt -1.00000000 -1.52012503
vt 0.00000000 -1.52012503
vt -1.00000000 -2.02683401
vt 0.00000000 -2.02683401
vt -1.00000000 -2.53354192
vt 0.00000000 -2.53354192
vt -1.00000000 -3.04025102
vt 0.00000000 -3.04025102
vt -1.00000000 -3.54695892
vt 0.00000000 -3.54695892
vt -1.00000000 -4.05366802
vt 0.00000000 -4.05366802
vt -1.00000000 -4.56037617
vt 0.00000000 -4.56037617
vt -1.00000000 -5.06708479
vt 0.00000000 -5.06708479
vt -1.00000000 -5.57379293
vt 0.00000000 -5.57379293
vt -1.00000000 -6.08050203
vt 0.00000000 -6.08050203
vt -1.00000000 -6.58721018
vt 0.00000000 -6.58721018
vt -1.00000000 -7.09391880
vt 0.00000000 -7.09391880
vt -1.00000000 -7.60062695
vt 0.00000000 -7.60062695
vt 0.00000000 8.10733604
vt -1.00000000 8.10733604
vt -1.00000000 7.60062695
vt 0.00000000 7.60062695
vt -1.00000000 7.09391880
vt 0.00000000 7.09391880
vt -1.00000000 6.58721018
vt 0.00000000 6.58721018
vt -1.00000000 6.08050203
vt 0.00000000 6.08050203
vt -1.00000000 5.57379293
vt 0.00000000 5.57379293
vt -1.00000000 5.06708479
vt 0.00000000 5.06708479
vt -1.00000000 4.56037617
vt 0.00000000 4.56037617
vt -1.00000000 4.05366802
vt 0.00000000 4.05366802
vt -1.00000000 3.54695892
vt 0.00000000 3.54695892
vt -1.00000000 3.04025102
vt 0.00000000 3.04025102
vt -1.00000000 2.53354192
vt 0.00000000 2.53354192
vt -1.00000000 2.02683401
vt 0.00000000 2.02683401
vt -1.00000000 1.52012503
vt 0.00000000 1.52012503
vt -1.00000000 1.01341701
vt 0.00000000 1.01341701
vt -1.00000000 0.50670803
vt 2.50000000 0.00000000
vt 2.44882488 0.50324601
vt 2.44882488 -0.50324601
vt 2.29739499 0.98588997
vt 2.29739499 -0.98588997
vt 2.05190897 1.42817104
vt 2.05190897 -1.42817104
vt 1.72241700 1.81198204
vt 1.72241700 -1.81198204
vt 1.32240999 2.12161112
vt 0.86826301 2.34437990
vt 0.37856901 2.47117090
vt -0.12662300 2.49679089
vt -0.62663102 2.42019296
vt -1.10098505 2.24451089
vt -1.53026497 1.97693896
vt -1.89689505 1.62843096
vt -2.18586707 1.21325505
vt -2.38534808 0.74840802
vt -2.48717308 0.25292099
vt -2.48717308 -0.25292099
vt -2.38534808 -0.74840802
vt 1.32240999 -2.12161112
vt -2.18586707 -1.21325505
vt -1.89689505 -1.62843096
vt -1.53026497 -1.97693896
vt -1.10098505 -2.24451089
vt 0.86826301 -2.34437990
vt -0.62663102 -2.42019296
vt 0.37856901 -2.47117090
vt -0.12662300 -2.49679089
f 1/1 2/2 3/3
f 3/3 2/2 4/4
f 3/3 4/4 5/5
f 5/5 4/4 6/6
f 6/6 4/4 7/7
f 6/6 7/7 8/8
f 8/8 7/7 9/9
f 8/8 9/9 10/10
f 10/10 9/9 11/11
f 11/11 9/9 12/12
f 11/11 12/12 13/13
f 13/13 12/12 14/14
f 14/14 12/12 15/15
f 14/14 15/15 16/16
f 16/16 15/15 17/17
f 16/16 17/17 18/18
f 18/18 17/17 19/19
f 19/19 17/17 20/20
f 19/19 20/20 21/21
f 21/21 20/20 22/22
f 22/22 20/20 23/23
f 22/22 23/23 24/24
f 24/24 23/23 25/25
f 24/24 25/25 26/26
f 26/26 25/25 27/27
f 27/27 25/25 28/28
f 27/27 28/28 29/29
f 29/29 28/28 30/30
f 29/29 30/30 31/31
f 31/31 30/30 32/32
f 32/32 30/30 33/33
f 32/32 33/33 34/34
f 34/34 33/33 35/35
f 35/35 33/33 36/36
f 35/35 36/36 37/37
f 37/37 36/36 38/38
f 37/37 38/38 39/39
f 39/39 38/38 40/40
f 40/40 38/38 41/41
f 40/40 41/41 42/42
f 42/42 41/41 43/43
f 43/43 41/41 44/44
f 43/43 44/44 45/45
f 45/45 44/44 46/46
f 45/45 46/46 47/47
f 47/47 46/46 48/48
f 48/48 46/46 49/49
f 48/48 49/49 50/50
f 50/50 49/49 51/51
f 51/51 49/49 52/52
f 51/51 52/52 53/53
f 53/53 52/52 54/54
f 53/53 54/54 55/55
f 55/55 54/54 56/56
f 56/56 54/54 57/57
f 56/56 57/57 58/58
f 58/58 57/57 59/59
f 59/59 57/57 60/60
f 59/59 60/60 61/61
f 61/61 60/60 62/62
f 61/61 62/62 63/63
f 63/63 62/62 64/64
f 64/64 62/62 65/65
f 64/64 65/65 66/66
f 66/66 65/65 67/67
f 66/66 67/67 68/68
f 68/68 67/67 69/69
f 69/69 67/67 70/70
f 69/69 70/70 71/71
f 71/71 70/70 72/72
f 72/72 70/70 73/73
f 72/72 73/73 74/74
f 74/74 73/73 75/75
f 74/74 75/75 76/76
f 76/76 75/75 77/77
f 77/77 75/75 78/78
f 77/77 78/78 79/79
f 79/79 78/78 80/80
f 80/80 78/78 81/81
f 80/80 81/81 82/82
f 82/82 81/81 2/2
f 82/82 2/2 1/1
f 83/83 84/84 85/85
f 85/85 84/84 86/86
f 85/85 86/86 87/87
f 87/87 86/86 88/88
f 88/88 86/86 89/89
f 89/89 86/86 90/90
f 90/90 86/86 91/91
f 90/90 91/91 92/92
f 92/92 91/91 93/93
f 92/92 93/93 94/94
f 94/94 93/93 95/95
f 94/94 95/95 96/96
f 96/96 95/95 97/97
f 96/96 97/97 98/98
f 98/98 97/97 99/99
f 98/98 99/99 100/100
f 100/100 99/99 101/101
f 100/100 101/101 102/102
f 102/102 101/101 103/103
f 102/102 103/103 104/104
f 104/104 103/103 105/105
f 104/104 105/105 106/106
f 106/106 105/105 107/107
f 106/106 107/107 108/108
f 108/108 107/107 109/109
f 108/108 109/109 110/110
f 110/110 109/109 111/111
f 110/110 111/111 112/112
f 112/112 111/111 113/113
f 112/112 113/113 114/114
f 114/114 113/113 115/115
f 114/114 115/115 116/116
f 116/116 115/115 117/117
f 116/116 117/117 118/118
f 118/118 117/117 119/119
f 118/118 119/119 120/120
f 120/120 119/119 121/121
f 120/120 121/121 122/122
f 122/122 121/121 123/123
f 122/122 123/123 124/124
f 124/124 123/123 125/125
f 124/124 125/125 126/126
f 126/126 125/125 127/127
f 126/126 127/127 128/128
f 128/128 127/127 129/129
f 128/128 129/129 130/130
f 130/130 129/129 131/131
f 130/130 131/131 132/132
f 132/132 131/131 133/133
f 132/132 133/133 134/134
f 134/134 133/133 135/135
f 134/134 135/135 136/136
f 136/136 135/135 137/137
f 136/136 137/137 138/138
f 138/138 137/137 139/139
f 138/138 139/139 140/140
f 140/140 139/139 141/141
f 140/140 141/141 142/142
f 142/142 141/141 143/143
f 142/142 143/143 144/144
f 144/144 143/143 145/145
f 144/144 145/145 146/146
f 146/146 145/145 147/147
f 146/146 147/147 148/148
f 148/148 147/147 149/149
f 148/148 149/149 150/150
f 150/150 149/149 151/151
f 150/150 151/151 152/152
f 152/152 151/151 153/153
f 153/153 151/151 154/154
f 153/153 154/154 155/155
f 155/155 154/154 156/156
f 155/155 156/156 157/157
f 157/157 156/156 158/158
f 157/157 158/158 159/159
f 159/159 158/158 160/160
f 159/159 160/160 161/161
f 161/161 160/160 162/162
f 161/161 162/162 163/163
f 163/163 162/162 164/164
f 163/163 164/164 165/165
f 165/165 164/164 166/166
f 165/165 166/166 167/167
f 167/167 166/166 168/168
f 168/168 166/166 169/169
f 169/169 166/166 170/170
f 170/170 166/166 171/171
f 170/170 171/171 172/172
f 172/172 171/171 173/173
f 172/172 173/173 174/174
f 174/174 173/173 175/175
f 174/174 175/175 176/176
f 176/176 175/175 177/177
f 176/176 177/177 178/178
f 178/178 177/177 179/179
f 178/178 179/179 180/180
f 180/180 179/179 181/181
f 180/180 181/181 182/182
f 182/182 181/181 183/183
f 182/182 183/183 184/184
f 184/184 183/183 185/185
f 184/184 185/185 186/186
f 186/186 185/185 187/187
f 186/186 187/187 188/188
f 188/188 187/187 189/189
f 188/188 189/189 190/190
f 190/190 189/189 191/191
f 190/190 191/191 83/83
f 83/83 191/191 84/84
f 192/192 193/193 194/194
f 194/194 193/193 195/195
f 194/194 195/195 196/196
f 196/196 195/195 197/197
f 196/196 197/197 198/198
f 198/198 199/199 196/196
f 200/200 201/201 202/202
f 202/202 201/201 203/203
f 202/202 203/203 204/204
f 202/202 204/204 205/205
f 205/205 204/204 206/206
f 205/205 206/206 207/207
f 208/208 209/209 210/210
f 210/210 209/209 211/211
f 211/211 209/209 212/212
f 211/211 212/212 213/213
f 213/213 212/212 214/214
f 213/213 214/214 215/215
f 215/215 214/214 216/216
f 215/215 216/216 217/217
f 217/217 216/216 218/218
f 217/217 218/218 219/219
f 219/219 218/218 220/220
f 219/219 220/220 221/221
f 221/221 220/220 222/222
f 221/221 222/222 223/223
f 223/223 222/222 224/224
f 223/223 224/224 225/225
f 225/225 224/224 226/226
f 225/225 226/226 227/227
f 227/227 226/226 228/228
f 227/227 228/228 229/229
f 229/229 228/228 230/230
f 229/229 230/230 231/231
f 231/231 230/230 232/232
f 231/231 232/232 233/233
f 233/233 232/232 234/234
f 233/233 234/234 235/235
f 235/235 234/234 236/236
f 235/235 236/236 237/237
f 237/237 236/236 238/238
f 237/237 238/238 239/239
f 239/239 238/238 240/240
f 239/239 240/240 241/241
f 241/241 240/240 242/242
f 241/241 242/242 243/243
f 243/243 242/242 244/244
f 243/243 244/244 245/245
f 245/245 244/244 246/246
f 245/245 246/246 247/247
f 247/247 246/246 248/248
f 248/248 246/246 249/249
f 248/248 249/249 250/250
f 250/250 249/249 251/251
f 250/250 251/251 252/252
f 252/252 251/251 253/253
f 252/252 253/253 254/254
f 254/254 253/253 255/255
f 254/254 255/255 256/256
f 256/256 255/255 257/257
f 256/256 257/257 258/258
f 258/258 257/257 259/259
f 258/258 259/259 260/260
f 260/260 259/259 261/261
f 260/260 261/261 262/262
f 262/262 261/261 263/263
f 262/262 263/263 264/264
f 264/264 263/263 265/265
f 264/264 265/265 266/266
f 266/266 265/265 267/267
f 266/266 267/267 268/268
f 268/268 267/267 269/269
f 268/268 269/269 270/270
f 270/270 269/269 271/271
f 270/270 271/271 272/272
f 272/272 271/271 273/273
f 272/272 273/273 274/274
f 274/274 273/273 275/275
f 274/274 275/275 276/276
f 276/276 275/275 277/277
f 276/276 277/277 278/278
f 278/278 277/277 279/279
f 278/278 279/279 280/280
f 280/280 279/279 281/281
f 280/280 281/281 282/282
f 282/282 281/281 283/283
f 282/282 283/283 284/284
f 284/284 283/283 285/285
f 284/284 285/285 286/286
f 286/286 285/285 287/287
f 288/288 289/289 290/290
f 290/290 289/289 291/291
f 291/291 289/289 292/292
f 291/291 292/292 293/293
f 293/293 292/292 294/294
f 293/293 294/294 295/295
f 295/295 294/294 296/296
f 295/295 296/296 297/297
f 297/297 296/296 298/298
f 297/297 298/298 299/299
f 299/299 298/298 300/300
f 299/299 300/300 301/301
f 301/301 300/300 302/302
f 302/302 300/300 303/303
f 302/302 303/303 304/304
f 304/304 303/303 305/305
f 304/304 305/305 306/306
f 306/306 305/305 307/307
f 306/306 307/307 308/308
f 308/308 307/307 309/309
f 308/308 309/309 310/310
f 310/310 309/309 311/311
f 310/310 311/311 312/312
f 312/312 311/311 313/313
f 312/312 313/313 314/314
f 314/314 313/313 315/315
f 316/316 317/317 318/318
f 318/318 317/317 319/319
f 318/318 319/319 320/320
f 320/320 319/319 321/321
f 320/320 321/321 322/322
f 322/322 321/321 323/323
f 322/322 323/323 324/324
f 324/324 323/323 325/325
f 324/324 325/325 326/326
f 326/326 325/325 327/327
f 326/326 327/327 328/328
f 328/328 327/327 329/329
f 328/328 329/329 330/330
f 330/330 329/329 331/331
f 330/330 331/331 332/332
f 332/332 331/331 333/333
f 332/332 333/333 334/334
f 334/334 333/333 335/335
f 334/334 335/335 336/336
f 336/336 335/335 337/337
f 336/336 337/337 338/338
f 338/338 337/337 339/339
f 339/339 337/337 340/340
f 340/340 337/337 341/341
f 340/340 341/341 342/342
f 342/342 341/341 343/343
f 342/342 343/343 344/344
f 344/344 343/343 345/345
f 344/344 345/345 346/346
f 346/346 345/345 347/347
f 347/347 345/345 348/348
f 347/347 348/348 349/349
f 349/349 348/348 350/350
f 349/349 350/350 351/351
f 351/351 350/350 352/352
f 351/351 352/352 353/353
f 353/353 352/352 354/354
f 353/353 354/354 355/355
f 355/355 354/354 356/356
f 355/355 356/356 357/357
f 357/357 356/356 358/358
f 357/357 358/358 359/359
f 359/359 358/358 360/360
f 359/359 360/360 361/361
f 361/361 360/360 362/362
f 361/361 362/362 363/363
f 363/363 362/362 364/364
f 363/363 364/364 365/365
f 365/365 364/364 366/366
f 365/365 366/366 367/367
f 367/367 366/366 368/368
f 367/367 368/368 369/369
f 369/369 368/368 370/370
f 369/369 370/370 371/371
f 371/371 370/370 372/372
f 371/371 372/372 373/373
f 373/373 372/372 374/374
f 373/373 374/374 375/375
f 375/375 374/374 376/376
f 375/375 376/376 377/377
f 377/377 376/376 378/378
f 377/377 378/378 379/379
f 379/379 378/378 380/380
f 379/379 380/380 381/381
f 381/381 380/380 382/382
f 381/381 382/382 383/383
f 383/383 382/382 384/384
f 383/383 384/384 385/385
f 385/385 384/384 386/386
f 385/385 386/386 387/387
f 387/387 386/386 388/388
f 387/387 388/388 389/389
f 389/389 388/388 390/390
f 389/389 390/390 391/391
f 391/391 390/390 392/392
f 391/391 392/392 393/393
f 393/393 392/392 394/394
f 393/393 394/394 395/395
f 395/395 394/394 396/396
f 395/395 396/396 397/397
f 397/397 396/396 398/398
f 397/397 398/398 399/399
f 399/399 398/398 400/400
f 399/399 400/400 401/401
f 401/401 400/400 402/402
f 401/401 402/402 403/403
f 403/403 402/402 404/404
f 403/403 404/404 405/405
f 405/405 404/404 406/406
f 405/405 406/406 407/407
f 407/407 406/406 408/408
f 407/407 408/408 409/409
f 409/409 408/408 410/410
f 409/409 410/410 411/411
f 411/411 410/410 412/412
f 411/411 412/412 413/413
f 413/413 412/412 414/414
f 413/413 414/414 415/415
f 415/415 414/414 416/416
f 415/415 416/416 417/417
f 316/316 418/418 317/317
f 317/317 418/418 419/419
f 317/317 419/419 420/420
f 420/420 419/419 421/421
f 420/420 421/421 422/422
f 422/422 421/421 423/423
f 422/422 423/423 424/424
f 424/424 423/423 425/425
f 424/424 425/425 426/426
f 426/426 425/425 427/427
f 426/426 427/427 428/428
f 428/428 427/427 429/429
f 428/428 429/429 430/430
f 430/430 429/429 431/431
f 430/430 431/431 432/432
f 432/432 431/431 433/433
f 432/432 433/433 434/434
f 434/434 433/433 435/435
f 434/434 435/435 436/436
f 436/436 435/435 437/437
f 436/436 437/437 370/370
f 370/370 437/437 372/372
f 418/418 438/438 419/419
f 419/419 438/438 439/439
f 419/419 439/439 421/421
f 421/421 439/439 440/440
f 421/421 440/440 423/423
f 423/423 440/440 441/441
f 423/423 441/441 425/425
f 425/425 441/441 442/442
f 425/425 442/442 427/427
f 427/427 442/442 443/443
f 427/427 443/443 429/429
f 429/429 443/443 444/444
f 429/429 444/444 431/431
f 431/431 444/444 445/445
f 431/431 445/445 433/433
f 433/433 445/445 446/446
f 433/433 446/446 435/435
f 435/435 446/446 447/447
f 435/435 447/447 437/437
f 437/437 447/447 448/448
f 437/437 448/448 372/372
f 372/372 448/448 374/374
f 438/438 449/449 439/439
f 439/439 449/449 450/450
f 439/439 450/450 440/440
f 440/440 450/450 451/451
f 440/440 451/451 441/441
f 441/441 451/451 452/452
f 441/441 452/452 442/442
f 442/442 452/452 453/453
f 442/442 453/453 443/443
f 443/443 453/453 454/454
f 443/443 454/454 444/444
f 444/444 454/454 455/455
f 444/444 455/455 445/445
f 445/445 455/455 456/456
f 445/445 456/456 446/446
f 446/446 456/456 457/457
f 446/446 457/457 447/447
f 447/447 457/457 458/458
f 447/447 458/458 448/448
f 448/448 458/458 459/459
f 448/448 459/459 374/374
f 374/374 459/459 376/376
f 449/449 460/460 450/450
f 450/450 460/460 461/461
f 450/450 461/461 451/451
f 451/451 461/461 462/462
f 451/451 462/462 452/452
f 452/452 462/462 463/463
f 452/452 463/463 453/453
f 453/453 463/463 464/464
f 453/453 464/464 454/454
f 454/454 464/464 465/465
f 454/454 465/465 455/455
f 455/455 465/465 466/466
f 455/455 466/466 456/456
f 456/456 466/466 467/467
f 456/456 467/467 457/457
f 457/457 467/467 468/468
f 457/457 468/468 458/458
f 458/458 468/468 469/469
f 458/458 469/469 459/459
f 459/459 469/469 470/470
f 459/459 470/470 376/376
f 376/376 470/470 378/378
f 460/460 471/471 461/461
f 461/461 471/471 472/472
f 461/461 472/472 473/473
f 473/473 472/472 474/474
f 473/473 474/474 475/475
f 475/475 474/474 476/476
f 475/475 476/476 477/477
f 477/477 476/476 478/478
f 477/477 478/478 479/479
f 479/479 478/478 480/480
f 479/479 480/480 481/481
f 479/479 481/481 482/482
f 482/482 481/481 483/483
f 482/482 483/483 484/484
f 484/484 483/483 485/485
f 484/484 485/485 486/486
f 486/486 485/485 487/487
f 486/486 487/487 488/488
f 488/488 487/487 489/489
f 488/488 489/489 490/490
f 490/490 489/489 491/491
f 490/490 491/491 492/492
f 492/492 491/491 493/493
f 492/492 493/493 494/494
f 494/494 493/493 495/495
f 494/494 495/495 496/496
f 496/496 495/495 497/497
f 496/496 497/497 498/498
f 498/498 497/497 499/499
f 498/498 499/499 500/500
f 500/500 499/499 501/501
f 500/500 501/501 502/502
f 502/502 501/501 503/503
f 502/502 503/503 390/390
f 390/390 503/503 392/392
f 483/483 504/504 485/485
f 485/485 504/504 505/505
f 485/485 505/505 487/487
f 487/487 505/505 506/506
f 487/487 506/506 489/489
f 489/489 506/506 491/491
f 506/506 507/507 491/491
f 491/491 507/507 493/493
f 493/493 507/507 495/495
f 495/495 507/507 508/508
f 495/495 508/508 497/497
f 497/497 508/508 509/509
f 497/497 509/509 499/499
f 499/499 509/509 501/501
f 509/509 510/510 501/501
f 501/501 510/510 503/503
f 503/503 510/510 392/392
f 392/392 510/510 394/394
f 396/396 511/511 398/398
f 398/398 511/511 512/512
f 398/398 512/512 400/400
f 400/400 512/512 513/513
f 400/400 513/513 402/402
f 402/402 513/513 514/514
f 402/402 514/514 404/404
f 404/404 514/514 515/515
f 404/404 515/515 406/406
f 406/406 515/515 516/516
f 406/406 516/516 408/408
f 408/408 516/516 517/517
f 408/408 517/517 410/410
f 410/410 517/517 518/518
f 410/410 518/518 412/412
f 412/412 518/518 519/519
f 412/412 519/519 414/414
f 414/414 519/519 520/520
f 414/414 520/520 416/416
f 512/512 511/511 521/521
f 521/521 511/511 522/522
f 521/521 522/522 523/523
f 523/523 522/522 524/524
f 523/523 524/524 525/525
f 525/525 524/524 526/526
f 525/525 526/526 527/527
f 527/527 526/526 528/528
f 527/527 528/528 529/529
f 529/529 528/528 530/530
f 529/529 530/530 531/531
f 531/531 530/530 532/532
f 531/531 532/532 533/533
f 533/533 532/532 534/534
f 533/533 534/534 535/535
f 522/522 536/536 524/524
f 524/524 536/536 537/537
f 524/524 537/537 526/526
f 526/526 537/537 538/538
f 526/526 538/538 528/528
f 528/528 538/538 539/539
f 528/528 539/539 530/530
f 530/530 539/539 540/540
f 530/530 540/540 532/532
f 532/532 540/540 541/541
f 532/532 541/541 534/534
f 537/537 536/536 542/542
f 542/542 536/536 543/543
f 542/542 543/543 544/544
f 544/544 543/543 545/545
f 544/544 545/545 546/546
f 546/546 545/545 547/547
f 546/546 547/547 548/548
f 543/543 549/549 545/545
f 545/545 549/549 547/547
f 546/546 548/548 550/550
f 550/550 548/548 551/551
f 550/550 551/551 540/540
f 540/540 551/551 541/541
f 535/535 552/552 533/533
f 533/533 552/552 553/553
f 533/533 553/553 554/554
f 554/554 553/553 518/518
f 554/554 518/518 517/517
f 552/552 555/555 553/553
f 553/553 555/555 519/519
f 553/553 519/519 518/518
f 555/555 520/520 519/519
f 415/415 417/417 556/556
f 556/556 417/417 557/557
f 556/556 557/557 558/558
f 558/558 557/557 559/559
f 558/558 559/559 560/560
f 561/561 562/562 560/560
f 560/560 562/562 563/563
f 560/560 563/563 558/558
f 558/558 563/563 564/564
f 558/558 564/564 556/556
f 556/556 564/564 565/565
f 556/556 565/565 415/415
f 415/415 565/565 413/413
f 562/562 561/561 566/566
f 566/566 561/561 567/567
f 566/566 567/567 568/568
f 568/568 567/567 569/569
f 568/568 569/569 570/570
f 570/570 569/569 571/571
f 570/570 571/571 572/572
f 572/572 571/571 573/573
f 572/572 573/573 574/574
f 574/574 573/573 575/575
f 574/574 575/575 576/576
f 576/576 575/575 577/577
f 576/576 577/577 578/578
f 578/578 577/577 579/579
f 578/578 579/579 580/580
f 580/580 579/579 581/581
f 580/580 581/581 582/582
f 582/582 581/581 583/583
f 582/582 583/583 584/584
f 584/584 583/583 585/585
f 584/584 585/585 586/586
f 586/586 585/585 587/587
f 586/586 587/587 588/588
f 588/588 587/587 589/589
f 588/588 589/589 590/590
f 590/590 589/589 591/591
f 590/590 591/591 592/592
f 592/592 591/591 593/593
f 592/592 593/593 594/594
f 594/594 593/593 595/595
f 594/594 595/595 359/359
f 359/359 595/595 357/357
f 573/573 596/596 575/575
f 575/575 596/596 597/597
f 575/575 597/597 577/577
f 577/577 597/597 598/598
f 577/577 598/598 579/579
f 579/579 598/598 599/599
f 579/579 599/599 581/581
f 581/581 599/599 600/600
f 581/581 600/600 583/583
f 583/583 600/600 601/601
f 583/583 601/601 585/585
f 585/585 601/601 602/602
f 585/585 602/602 587/587
f 587/587 602/602 603/603
f 587/587 603/603 589/589
f 589/589 603/603 604/604
f 589/589 604/604 591/591
f 591/591 604/604 605/605
f 591/591 605/605 593/593
f 593/593 605/605 606/606
f 593/593 606/606 595/595
f 595/595 606/606 607/607
f 595/595 607/607 357/357
f 357/357 607/607 355/355
f 597/597 596/596 608/608
f 608/608 596/596 609/609
f 608/608 609/609 610/610
f 610/610 609/609 611/611
f 610/610 611/611 612/612
f 610/610 612/612 613/613
f 613/613 612/612 614/614
f 613/613 614/614 615/615
f 615/615 614/614 616/616
f 615/615 616/616 617/617
f 617/617 616/616 618/618
f 617/617 618/618 601/601
f 601/601 618/618 602/602
f 614/614 619/619 616/616
f 616/616 619/619 620/620
f 616/616 620/620 621/621
f 621/621 620/620 622/622
f 621/621 622/622 623/623
f 623/623 622/622 624/624
f 623/623 624/624 625/625
f 623/623 625/625 626/626
f 626/626 625/625 627/627
f 626/626 627/627 628/628
f 626/626 628/628 629/629
f 629/629 628/628 630/630
f 629/629 630/630 631/631
f 631/631 630/630 632/632
f 631/631 632/632 633/633
f 633/633 632/632 634/634
f 633/633 634/634 635/635
f 633/633 635/635 636/636
f 636/636 635/635 637/637
f 636/636 637/637 351/351
f 351/351 637/637 349/349
f 338/338 638/638 336/336
f 336/336 638/638 639/639
f 336/336 639/639 640/640
f 640/640 639/639 641/641
f 640/640 641/641 642/642
f 642/642 641/641 643/643
f 642/642 643/643 644/644
f 642/642 644/644 645/645
f 645/645 644/644 646/646
f 645/645 646/646 647/647
f 647/647 646/646 648/648
f 647/647 648/648 649/649
f 650/650 651/651 649/649
f 649/649 651/651 647/647
f 651/651 652/652 647/647
f 647/647 652/652 653/653
f 647/647 653/653 645/645
f 645/645 653/653 654/654
f 645/645 654/654 642/642
f 642/642 654/654 655/655
f 642/642 655/655 640/640
f 640/640 655/655 334/334
f 640/640 334/334 336/336
f 656/656 657/657 652/652
f 652/652 657/657 658/658
f 652/652 658/658 653/653
f 653/653 658/658 654/654
f 657/657 656/656 328/328
f 328/328 656/656 326/326
f 482/482 484/484 659/659
f 659/659 484/484 486/486
f 659/659 486/486 660/660
f 660/660 486/486 488/488
f 660/660 488/488 661/661
f 661/661 488/488 490/490
f 661/661 490/490 662/662
f 662/662 490/490 492/492
f 662/662 492/492 663/663
f 663/663 492/492 494/494
f 663/663 494/494 664/664
f 664/664 494/494 496/496
f 664/664 496/496 665/665
f 665/665 496/496 498/498
f 665/665 498/498 666/666
f 666/666 498/498 500/500
f 666/666 500/500 667/667
f 667/667 500/500 502/502
f 667/667 502/502 388/388
f 388/388 502/502 390/390
f 479/479 482/482 668/668
f 668/668 482/482 659/659
f 668/668 659/659 669/669
f 669/669 659/659 660/660
f 669/669 660/660 670/670
f 670/670 660/660 661/661
f 670/670 661/661 671/671
f 671/671 661/661 662/662
f 671/671 662/662 672/672
f 672/672 662/662 663/663
f 672/672 663/663 673/673
f 673/673 663/663 664/664
f 673/673 664/664 674/674
f 674/674 664/664 665/665
f 674/674 665/665 675/675
f 675/675 665/665 666/666
f 675/675 666/666 676/676
f 676/676 666/666 667/667
f 676/676 667/667 386/386
f 386/386 667/667 388/388
f 477/477 479/479 677/677
f 677/677 479/479 668/668
f 677/677 668/668 678/678
f 678/678 668/668 669/669
f 678/678 669/669 679/679
f 679/679 669/669 670/670
f 679/679 670/670 680/680
f 680/680 670/670 671/671
f 680/680 671/671 681/681
f 681/681 671/671 672/672
f 681/681 672/672 682/682
f 682/682 672/672 673/673
f 682/682 673/673 683/683
f 683/683 673/673 674/674
f 683/683 674/674 684/684
f 684/684 674/674 675/675
f 684/684 675/675 685/685
f 685/685 675/675 676/676
f 685/685 676/676 384/384
f 384/384 676/676 386/386
f 475/475 477/477 686/686
f 686/686 477/477 677/677
f 686/686 677/677 687/687
f 687/687 677/677 678/678
f 687/687 678/678 688/688
f 688/688 678/678 679/679
f 688/688 679/679 689/689
f 689/689 679/679 680/680
f 689/689 680/680 690/690
f 690/690 680/680 681/681
f 690/690 681/681 691/691
f 691/691 681/681 682/682
f 691/691 682/682 692/692
f 692/692 682/682 683/683
f 692/692 683/683 693/693
f 693/693 683/683 684/684
f 693/693 684/684 694/694
f 694/694 684/684 685/685
f 694/694 685/685 382/382
f 382/382 685/685 384/384
f 462/462 461/461 473/473
f 473/473 475/475 695/695
f 695/695 475/475 686/686
f 695/695 686/686 696/696
f 696/696 686/686 687/687
f 696/696 687/687 697/697
f 697/697 687/687 688/688
f 697/697 688/688 698/698
f 698/698 688/688 689/689
f 698/698 689/689 699/699
f 699/699 689/689 690/690
f 699/699 690/690 700/700
f 700/700 690/690 691/691
f 700/700 691/691 701/701
f 701/701 691/691 692/692
f 701/701 692/692 702/702
f 702/702 692/692 693/693
f 702/702 693/693 703/703
f 703/703 693/693 694/694
f 703/703 694/694 380/380
f 380/380 694/694 382/382
f 319/319 317/317 704/704
f 704/704 317/317 420/420
f 704/704 420/420 705/705
f 705/705 420/420 422/422
f 705/705 422/422 706/706
f 706/706 422/422 424/424
f 706/706 424/424 707/707
f 707/707 424/424 426/426
f 707/707 426/426 708/708
f 708/708 426/426 428/428
f 708/708 428/428 709/709
f 709/709 428/428 430/430
f 709/709 430/430 710/710
f 710/710 430/430 432/432
f 710/710 432/432 711/711
f 711/711 432/432 434/434
f 711/711 434/434 712/712
f 712/712 434/434 436/436
f 712/712 436/436 368/368
f 368/368 436/436 370/370
f 321/321 319/319 713/713
f 713/713 319/319 704/704
f 713/713 704/704 714/714
f 714/714 704/704 705/705
f 714/714 705/705 715/715
f 715/715 705/705 706/706
f 715/715 706/706 716/716
f 716/716 706/706 707/707
f 716/716 707/707 717/717
f 717/717 707/707 708/708
f 717/717 708/708 718/718
f 718/718 708/708 709/709
f 718/718 709/709 719/719
f 719/719 709/709 710/710
f 719/719 710/710 720/720
f 720/720 710/710 711/711
f 720/720 711/711 721/721
f 721/721 711/711 712/712
f 721/721 712/712 366/366
f 366/366 712/712 368/368
f 323/323 321/321 722/722
f 722/722 321/321 713/713
f 722/722 713/713 723/723
f 723/723 713/713 714/714
f 723/723 714/714 724/724
f 724/724 714/714 715/715
f 724/724 715/715 725/725
f 725/725 715/715 716/716
f 725/725 716/716 726/726
f 726/726 716/716 717/717
f 726/726 717/717 727/727
f 727/727 717/717 718/718
f 727/727 718/718 728/728
f 728/728 718/718 719/719
f 728/728 719/719 729/729
f 729/729 719/719 720/720
f 729/729 720/720 730/730
f 730/730 720/720 721/721
f 730/730 721/721 364/364
f 364/364 721/721 366/366
f 325/325 323/323 731/731
f 731/731 323/323 722/722
f 731/731 722/722 732/732
f 732/732 722/722 723/723
f 732/732 723/723 733/733
f 733/733 723/723 724/724
f 733/733 724/724 734/734
f 734/734 724/724 725/725
f 734/734 725/725 735/735
f 735/735 725/725 726/726
f 735/735 726/726 736/736
f 736/736 726/726 727/727
f 736/736 727/727 737/737
f 737/737 727/727 728/728
f 737/737 728/728 738/738
f 738/738 728/728 729/729
f 738/738 729/729 739/739
f 739/739 729/729 730/730
f 739/739 730/730 362/362
f 362/362 730/730 364/364
f 327/327 325/325 740/740
f 740/740 325/325 731/731
f 740/740 731/731 741/741
f 741/741 731/731 732/732
f 741/741 732/732 742/742
f 742/742 732/732 733/733
f 742/742 733/733 743/743
f 743/743 733/733 734/734
f 743/743 734/734 744/744
f 744/744 734/734 735/735
f 744/744 735/735 745/745
f 745/745 735/735 736/736
f 745/745 736/736 746/746
f 746/746 736/736 737/737
f 746/746 737/737 747/747
f 747/747 737/737 738/738
f 747/747 738/738 748/748
f 748/748 738/738 739/739
f 748/748 739/739 360/360
f 360/360 739/739 362/362
f 328/328 330/330 657/657
f 657/657 330/330 749/749
f 657/657 749/749 658/658
f 658/658 749/749 654/654
f 463/463 462/462 695/695
f 695/695 462/462 473/473
f 463/463 695/695 696/696
f 327/327 740/740 329/329
f 329/329 740/740 750/750
f 329/329 750/750 331/331
f 331/331 750/750 751/751
f 331/331 751/751 333/333
f 333/333 751/751 752/752
f 333/333 752/752 335/335
f 335/335 752/752 753/753
f 335/335 753/753 337/337
f 337/337 753/753 341/341
f 750/750 740/740 741/741
f 655/655 654/654 749/749
f 655/655 749/749 332/332
f 332/332 749/749 330/330
f 463/463 696/696 464/464
f 464/464 696/696 697/697
f 464/464 697/697 465/465
f 465/465 697/697 698/698
f 465/465 698/698 466/466
f 466/466 698/698 699/699
f 466/466 699/699 467/467
f 467/467 699/699 700/700
f 467/467 700/700 468/468
f 468/468 700/700 701/701
f 468/468 701/701 469/469
f 469/469 701/701 702/702
f 469/469 702/702 470/470
f 470/470 702/702 703/703
f 470/470 703/703 378/378
f 378/378 703/703 380/380
f 750/750 741/741 754/754
f 754/754 741/741 742/742
f 754/754 742/742 755/755
f 755/755 742/742 743/743
f 755/755 743/743 756/756
f 756/756 743/743 744/744
f 756/756 744/744 757/757
f 757/757 744/744 745/745
f 757/757 745/745 758/758
f 758/758 745/745 746/746
f 758/758 746/746 759/759
f 759/759 746/746 747/747
f 759/759 747/747 760/760
f 760/760 747/747 748/748
f 760/760 748/748 358/358
f 358/358 748/748 360/360
f 750/750 754/754 751/751
f 751/751 754/754 761/761
f 751/751 761/761 752/752
f 752/752 761/761 762/762
f 752/752 762/762 753/753
f 753/753 762/762 763/763
f 753/753 763/763 341/341
f 341/341 763/763 343/343
f 761/761 754/754 755/755
f 655/655 332/332 334/334
f 761/761 755/755 764/764
f 764/764 755/755 756/756
f 764/764 756/756 765/765
f 765/765 756/756 757/757
f 765/765 757/757 766/766
f 766/766 757/757 758/758
f 766/766 758/758 767/767
f 767/767 758/758 759/759
f 767/767 759/759 768/768
f 768/768 759/759 760/760
f 768/768 760/760 356/356
f 356/356 760/760 358/358
f 765/765 769/769 764/764
f 764/764 769/769 762/762
f 764/764 762/762 761/761
f 762/762 769/769 763/763
f 763/763 769/769 770/770
f 763/763 770/770 343/343
f 343/343 770/770 345/345
f 769/769 765/765 771/771
f 771/771 765/765 766/766
f 771/771 766/766 772/772
f 772/772 766/766 767/767
f 772/772 767/767 773/773
f 773/773 767/767 768/768
f 773/773 768/768 354/354
f 354/354 768/768 356/356
f 772/772 774/774 771/771
f 771/771 774/774 770/770
f 771/771 770/770 769/769
f 348/348 345/345 774/774
f 774/774 345/345 770/770
f 774/774 772/772 775/775
f 775/775 772/772 773/773
f 775/775 773/773 352/352
f 352/352 773/773 354/354
f 352/352 350/350 775/775
f 775/775 350/350 348/348
f 775/775 348/348 774/774
f 391/391 393/393 776/776
f 776/776 393/393 395/395
f 776/776 395/395 777/777
f 777/777 395/395 397/397
f 777/777 397/397 399/399
f 389/389 391/391 778/778
f 778/778 391/391 776/776
f 778/778 776/776 779/779
f 779/779 776/776 777/777
f 779/779 777/777 780/780
f 780/780 777/777 399/399
f 780/780 399/399 401/401
f 387/387 389/389 781/781
f 781/781 389/389 778/778
f 781/781 778/778 782/782
f 782/782 778/778 779/779
f 782/782 779/779 783/783
f 783/783 779/779 780/780
f 783/783 780/780 784/784
f 784/784 780/780 401/401
f 784/784 401/401 403/403
f 385/385 387/387 785/785
f 785/785 387/387 781/781
f 785/785 781/781 786/786
f 786/786 781/781 782/782
f 786/786 782/782 787/787
f 787/787 782/782 783/783
f 787/787 783/783 788/788
f 788/788 783/783 784/784
f 788/788 784/784 789/789
f 789/789 784/784 403/403
f 789/789 403/403 405/405
f 383/383 385/385 790/790
f 790/790 385/385 785/785
f 790/790 785/785 791/791
f 791/791 785/785 786/786
f 791/791 786/786 792/792
f 792/792 786/786 787/787
f 792/792 787/787 793/793
f 793/793 787/787 788/788
f 793/793 788/788 794/794
f 794/794 788/788 789/789
f 794/794 789/789 795/795
f 795/795 789/789 405/405
f 795/795 405/405 407/407
f 381/381 383/383 796/796
f 796/796 383/383 790/790
f 796/796 790/790 797/797
f 797/797 790/790 791/791
f 797/797 791/791 798/798
f 798/798 791/791 792/792
f 798/798 792/792 799/799
f 799/799 792/792 793/793
f 799/799 793/793 800/800
f 800/800 793/793 794/794
f 800/800 794/794 801/801
f 801/801 794/794 795/795
f 801/801 795/795 802/802
f 802/802 795/795 407/407
f 802/802 407/407 409/409
f 379/379 381/381 803/803
f 803/803 381/381 796/796
f 803/803 796/796 804/804
f 804/804 796/796 797/797
f 804/804 797/797 805/805
f 805/805 797/797 798/798
f 805/805 798/798 806/806
f 806/806 798/798 799/799
f 806/806 799/799 807/807
f 807/807 799/799 800/800
f 807/807 800/800 808/808
f 808/808 800/800 801/801
f 808/808 801/801 809/809
f 809/809 801/801 802/802
f 809/809 802/802 810/810
f 810/810 802/802 409/409
f 810/810 409/409 411/411
f 377/377 379/379 811/811
f 811/811 379/379 803/803
f 811/811 803/803 812/812
f 812/812 803/803 804/804
f 812/812 804/804 813/813
f 813/813 804/804 805/805
f 813/813 805/805 814/814
f 814/814 805/805 806/806
f 814/814 806/806 815/815
f 815/815 806/806 807/807
f 815/815 807/807 816/816
f 816/816 807/807 808/808
f 816/816 808/808 817/817
f 817/817 808/808 809/809
f 817/817 809/809 818/818
f 818/818 809/809 810/810
f 818/818 810/810 819/819
f 819/819 810/810 411/411
f 819/819 411/411 413/413
f 375/375 377/377 820/820
f 820/820 377/377 811/811
f 820/820 811/811 821/821
f 821/821 811/811 812/812
f 821/821 812/812 822/822
f 822/822 812/812 813/813
f 822/822 813/813 823/823
f 823/823 813/813 814/814
f 823/823 814/814 824/824
f 824/824 814/814 815/815
f 824/824 815/815 825/825
f 825/825 815/815 816/816
f 825/825 816/816 826/826
f 826/826 816/816 817/817
f 826/826 817/817 827/827
f 827/827 817/817 818/818
f 827/827 818/818 828/828
f 828/828 818/818 819/819
f 828/828 819/819 565/565
f 565/565 819/819 413/413
f 373/373 375/375 829/829
f 829/829 375/375 820/820
f 829/829 820/820 830/830
f 830/830 820/820 821/821
f 830/830 821/821 831/831
f 831/831 821/821 822/822
f 831/831 822/822 832/832
f 832/832 822/822 823/823
f 832/832 823/823 833/833
f 833/833 823/823 824/824
f 833/833 824/824 834/834
f 834/834 824/824 825/825
f 834/834 825/825 835/835
f 835/835 825/825 826/826
f 835/835 826/826 836/836
f 836/836 826/826 827/827
f 836/836 827/827 837/837
f 837/837 827/827 828/828
f 837/837 828/828 564/564
f 564/564 828/828 565/565
f 371/371 373/373 838/838
f 838/838 373/373 829/829
f 838/838 829/829 839/839
f 839/839 829/829 830/830
f 839/839 830/830 840/840
f 840/840 830/830 831/831
f 840/840 831/831 841/841
f 841/841 831/831 832/832
f 841/841 832/832 842/842
f 842/842 832/832 833/833
f 842/842 833/833 843/843
f 843/843 833/833 834/834
f 843/843 834/834 844/844
f 844/844 834/834 835/835
f 844/844 835/835 845/845
f 845/845 835/835 836/836
f 845/845 836/836 846/846
f 846/846 836/836 837/837
f 846/846 837/837 563/563
f 563/563 837/837 564/564
f 369/369 371/371 847/847
f 847/847 371/371 838/838
f 847/847 838/838 848/848
f 848/848 838/838 839/839
f 848/848 839/839 849/849
f 849/849 839/839 840/840
f 849/849 840/840 850/850
f 850/850 840/840 841/841
f 850/850 841/841 851/851
f 851/851 841/841 842/842
f 851/851 842/842 852/852
f 852/852 842/842 843/843
f 852/852 843/843 853/853
f 853/853 843/843 844/844
f 853/853 844/844 854/854
f 854/854 844/844 845/845
f 854/854 845/845 855/855
f 855/855 845/845 846/846
f 855/855 846/846 856/856
f 856/856 846/846 563/563
f 856/856 563/563 562/562
f 367/367 369/369 857/857
f 857/857 369/369 847/847
f 857/857 847/847 858/858
f 858/858 847/847 848/848
f 858/858 848/848 859/859
f 859/859 848/848 849/849
f 859/859 849/849 860/860
f 860/860 849/849 850/850
f 860/860 850/850 861/861
f 861/861 850/850 851/851
f 861/861 851/851 862/862
f 862/862 851/851 852/852
f 862/862 852/852 863/863
f 863/863 852/852 853/853
f 863/863 853/853 864/864
f 864/864 853/853 854/854
f 864/864 854/854 865/865
f 865/865 854/854 855/855
f 865/865 855/855 866/866
f 866/866 855/855 856/856
f 866/866 856/856 566/566
f 566/566 856/856 562/562
f 365/365 367/367 867/867
f 867/867 367/367 857/857
f 867/867 857/857 868/868
f 868/868 857/857 858/858
f 868/868 858/858 869/869
f 869/869 858/858 859/859
f 869/869 859/859 870/870
f 870/870 859/859 860/860
f 870/870 860/860 871/871
f 871/871 860/860 861/861
f 871/871 861/861 872/872
f 872/872 861/861 862/862
f 872/872 862/862 873/873
f 873/873 862/862 863/863
f 873/873 863/863 874/874
f 874/874 863/863 864/864
f 874/874 864/864 875/875
f 875/875 864/864 865/865
f 875/875 865/865 876/876
f 876/876 865/865 866/866
f 876/876 866/866 568/568
f 568/568 866/866 566/566
f 363/363 365/365 877/877
f 877/877 365/365 867/867
f 877/877 867/867 878/878
f 878/878 867/867 868/868
f 878/878 868/868 879/879
f 879/879 868/868 869/869
f 879/879 869/869 880/880
f 880/880 869/869 870/870
f 880/880 870/870 881/881
f 881/881 870/870 871/871
f 881/881 871/871 882/882
f 882/882 871/871 872/872
f 882/882 872/872 883/883
f 883/883 872/872 873/873
f 883/883 873/873 884/884
f 884/884 873/873 874/874
f 884/884 874/874 885/885
f 885/885 874/874 875/875
f 885/885 875/875 886/886
f 886/886 875/875 876/876
f 886/886 876/876 570/570
f 570/570 876/876 568/568
f 361/361 363/363 887/887
f 887/887 363/363 877/877
f 887/887 877/877 888/888
f 888/888 877/877 878/878
f 888/888 878/878 889/889
f 889/889 878/878 879/879
f 889/889 879/879 890/890
f 890/890 879/879 880/880
f 890/890 880/880 891/891
f 891/891 880/880 881/881
f 891/891 881/881 892/892
f 892/892 881/881 882/882
f 892/892 882/882 893/893
f 893/893 882/882 883/883
f 893/893 883/883 894/894
f 894/894 883/883 884/884
f 894/894 884/884 895/895
f 895/895 884/884 885/885
f 895/895 885/885 896/896
f 896/896 885/885 886/886
f 896/896 886/886 572/572
f 572/572 886/886 570/570
f 359/359 361/361 594/594
f 594/594 361/361 887/887
f 594/594 887/887 592/592
f 592/592 887/887 888/888
f 592/592 888/888 590/590
f 590/590 888/888 889/889
f 590/590 889/889 588/588
f 588/588 889/889 890/890
f 588/588 890/890 586/586
f 586/586 890/890 891/891
f 586/586 891/891 584/584
f 584/584 891/891 892/892
f 584/584 892/892 582/582
f 582/582 892/892 893/893
f 582/582 893/893 580/580
f 580/580 893/893 894/894
f 580/580 894/894 578/578
f 578/578 894/894 895/895
f 578/578 895/895 576/576
f 576/576 895/895 896/896
f 576/576 896/896 574/574
f 574/574 896/896 572/572
f 353/353 355/355 897/897
f 897/897 355/355 607/607
f 897/897 607/607 898/898
f 898/898 607/607 606/606
f 898/898 606/606 899/899
f 899/899 606/606 605/605
f 899/899 605/605 900/900
f 900/900 605/605 604/604
f 900/900 604/604 901/901
f 901/901 604/604 603/603
f 901/901 603/603 902/902
f 902/902 603/603 602/602
f 902/902 602/602 618/618
f 351/351 353/353 636/636
f 636/636 353/353 897/897
f 636/636 897/897 633/633
f 633/633 897/897 898/898
f 633/633 898/898 631/631
f 631/631 898/898 899/899
f 631/631 899/899 629/629
f 629/629 899/899 900/900
f 629/629 900/900 626/626
f 626/626 900/900 901/901
f 626/626 901/901 623/623
f 623/623 901/901 902/902
f 623/623 902/902 621/621
f 621/621 902/902 618/618
f 621/621 618/618 616/616
f 512/512 521/521 513/513
f 513/513 521/521 903/903
f 513/513 903/903 514/514
f 514/514 903/903 904/904
f 514/514 904/904 515/515
f 515/515 904/904 905/905
f 515/515 905/905 516/516
f 516/516 905/905 906/906
f 516/516 906/906 517/517
f 517/517 906/906 554/554
f 523/523 525/525 903/903
f 903/903 525/525 904/904
f 905/905 904/904 527/527
f 527/527 904/904 525/525
f 617/617 601/601 600/600
f 521/521 523/523 903/903
f 537/537 542/542 538/538
f 538/538 542/542 907/907
f 538/538 907/907 539/539
f 539/539 907/907 550/550
f 539/539 550/550 540/540
f 905/905 527/527 529/529
f 905/905 529/529 906/906
f 906/906 529/529 531/531
f 906/906 531/531 554/554
f 554/554 531/531 533/533
f 617/617 600/600 908/908
f 908/908 600/600 599/599
f 908/908 599/599 909/909
f 909/909 599/599 598/598
f 909/909 598/598 608/608
f 608/608 598/598 597/597
f 613/613 615/615 908/908
f 908/908 615/615 617/617
f 613/613 908/908 909/909
f 544/544 546/546 907/907
f 907/907 546/546 550/550
f 613/613 909/909 610/610
f 610/610 909/909 608/608
f 542/542 544/544 907/907
f 910/910 911/911 912/912
f 912/912 911/911 913/913
f 912/912 913/913 914/914
f 914/914 913/913 915/915
f 914/914 915/915 916/916
f 916/916 915/915 917/917
f 916/916 917/917 918/918
f 918/918 917/917 919/919
f 918/918 919/919 920/920
f 920/920 919/919 921/921
f 920/920 921/921 922/922
f 922/922 921/921 923/923
f 922/922 923/923 924/924
f 924/924 923/923 925/925
f 924/924 925/925 926/926
f 926/926 925/925 927/927
f 926/926 927/927 928/928
f 928/928 927/927 929/929
f 928/928 929/929 930/930
f 930/930 929/929 931/931
f 930/930 931/931 932/932
f 932/932 931/931 933/933
f 932/932 933/933 934/934
f 934/934 933/933 935/935
f 934/934 935/935 936/936
f 936/936 935/935 937/937
f 936/936 937/937 938/938
f 938/938 937/937 939/939
f 938/938 939/939 940/940
f 940/940 939/939 941/941
f 940/940 941/941 942/942
f 942/942 941/941 943/943
f 942/942 943/943 944/944
f 944/944 943/943 945/945
f 944/944 945/945 946/946
f 946/946 945/945 947/947
f 946/946 947/947 948/948
f 948/948 947/947 949/949
f 948/948 949/949 950/950
f 950/950 949/949 951/951
f 950/950 951/951 952/952
f 952/952 951/951 953/953
f 952/952 953/953 954/954
f 954/954 953/953 955/955
f 954/954 955/955 956/956
f 956/956 955/955 957/957
f 956/956 957/957 958/958
f 958/958 957/957 959/959
f 958/958 959/959 960/960
f 960/960 959/959 961/961
f 960/960 961/961 962/962
f 962/962 961/961 963/963
f 962/962 963/963 964/964
f 964/964 963/963 965/965
f 964/964 965/965 966/966
f 966/966 965/965 967/967
f 966/966 967/967 968/968
f 968/968 967/967 969/969
f 968/968 969/969 970/970
f 970/970 969/969 971/971
f 970/970 971/971 972/972
f 972/972 971/971 973/973
f 972/972 973/973 974/974
f 974/974 973/973 975/975
f 974/974 975/975 976/976
f 976/976 975/975 977/977
f 976/976 977/977 978/978
f 978/978 977/977 979/979
f 978/978 979/979 980/980
f 980/980 979/979 981/981
f 980/980 981/981 982/982
f 982/982 981/981 983/983
f 982/982 983/983 984/984
f 984/984 983/983 985/985
f 984/984 985/985 986/986
f 986/986 985/985 987/987
f 986/986 987/987 988/988
f 988/988 987/987 989/989
f 988/988 989/989 990/990
f 990/990 989/989 991/991
f 990/990 991/991 992/992
f 992/992 991/991 993/993
f 992/992 993/993 994/994
f 994/994 993/993 995/995
f 994/994 995/995 996/996
f 996/996 995/995 997/997
f 996/996 997/997 998/998
f 998/998 997/997 999/999
f 998/998 999/999 1000/1000
f 1000/1000 999/999 1001/1001
f 1000/1000 1001/1001 1002/1002
f 1002/1002 1001/1001 1003/1003
f 1002/1002 1003/1003 1004/1004
f 1004/1004 1003/1003 1005/1005
f 1004/1004 1005/1005 1006/1006
f 1006/1006 1005/1005 1007/1007
f 1006/1006 1007/1007 1008/1008
f 1008/1008 1007/1007 1009/1009
f 1008/1008 1009/1009 1010/1010
f 1010/1010 1009/1009 1011/1011
f 1010/1010 1011/1011 1012/1012
f 1012/1012 1011/1011 1013/1013
f 1012/1012 1013/1013 1014/1014
f 913/913 917/917 915/915
f 919/919 1015/1015 921/921
f 921/921 1015/1015 1016/1016
f 921/921 1016/1016 923/923
f 923/923 1016/1016 1017/1017
f 923/923 1017/1017 925/925
f 925/925 1017/1017 1018/1018
f 925/925 1018/1018 927/927
f 927/927 1018/1018 1019/1019
f 927/927 1019/1019 929/929
f 929/929 1019/1019 1020/1020
f 929/929 1020/1020 931/931
f 931/931 1020/1020 1021/1021
f 931/931 1021/1021 933/933
f 933/933 1021/1021 1022/1022
f 933/933 1022/1022 935/935
f 935/935 1022/1022 1023/1023
f 935/935 1023/1023 937/937
f 937/937 1023/1023 1024/1024
f 937/937 1024/1024 939/939
f 939/939 1024/1024 1025/1025
f 939/939 1025/1025 941/941
f 941/941 1025/1025 1026/1026
f 941/941 1026/1026 943/943
f 943/943 1026/1026 1027/1027
f 943/943 1027/1027 945/945
f 945/945 1027/1027 1028/1028
f 945/945 1028/1028 947/947
f 947/947 1028/1028 1029/1029
f 947/947 1029/1029 949/949
f 949/949 1029/1029 1030/1030
f 949/949 1030/1030 951/951
f 951/951 1030/1030 1031/1031
f 951/951 1031/1031 953/953
f 953/953 1031/1031 1032/1032
f 953/953 1032/1032 955/955
f 955/955 1032/1032 1033/1033
f 955/955 1033/1033 957/957
f 957/957 1033/1033 1034/1034
f 957/957 1034/1034 959/959
f 959/959 1034/1034 1035/1035
f 959/959 1035/1035 961/961
f 961/961 1035/1035 1036/1036
f 961/961 1036/1036 963/963
f 963/963 1036/1036 1037/1037
f 963/963 1037/1037 965/965
f 965/965 1037/1037 967/967
f 1015/1015 1038/1038 1016/1016
f 1016/1016 1038/1038 1039/1039
f 1016/1016 1039/1039 1017/1017
f 1017/1017 1039/1039 1040/1040
f 1017/1017 1040/1040 1018/1018
f 1018/1018 1040/1040 1041/1041
f 1018/1018 1041/1041 1019/1019
f 1019/1019 1041/1041 1042/1042
f 1019/1019 1042/1042 1020/1020
f 1020/1020 1042/1042 1043/1043
f 1020/1020 1043/1043 1021/1021
f 1021/1021 1043/1043 1044/1044
f 1021/1021 1044/1044 1022/1022
f 1022/1022 1044/1044 1045/1045
f 1022/1022 1045/1045 1023/1023
f 1023/1023 1045/1045 1046/1046
f 1023/1023 1046/1046 1024/1024
f 1024/1024 1046/1046 1047/1047
f 1024/1024 1047/1047 1025/1025
f 1025/1025 1047/1047 1048/1048
f 1025/1025 1048/1048 1026/1026
f 1026/1026 1048/1048 1049/1049
f 1026/1026 1049/1049 1027/1027
f 1027/1027 1049/1049 1050/1050
f 1027/1027 1050/1050 1028/1028
f 1028/1028 1050/1050 1051/1051
f 1028/1028 1051/1051 1029/1029
f 1029/1029 1051/1051 1052/1052
f 1029/1029 1052/1052 1030/1030
f 1030/1030 1052/1052 1053/1053
f 1030/1030 1053/1053 1031/1031
f 1031/1031 1053/1053 1054/1054
f 1031/1031 1054/1054 1032/1032
f 1032/1032 1054/1054 1055/1055
f 1032/1032 1055/1055 1033/1033
f 1033/1033 1055/1055 1056/1056
f 1033/1033 1056/1056 1034/1034
f 1034/1034 1056/1056 1057/1057
f 1034/1034 1057/1057 1035/1035
f 1035/1035 1057/1057 1058/1058
f 1035/1035 1058/1058 1036/1036
f 1036/1036 1058/1058 1059/1059
f 1036/1036 1059/1059 1037/1037
f 1037/1037 1059/1059 1060/1060
f 1037/1037 1060/1060 967/967
f 967/967 1060/1060 969/969
f 1061/1061 1062/1062 1038/1038
f 1038/1038 1062/1062 1063/1063
f 1038/1038 1063/1063 1064/1064
f 1064/1064 1063/1063 1065/1065
f 1064/1064 1065/1065 1040/1040
f 1040/1040 1065/1065 1041/1041
f 1066/1066 1067/1067 1061/1061
f 1061/1061 1067/1067 1068/1068
f 1061/1061 1068/1068 1069/1069
f 1069/1069 1068/1068 1070/1070
f 1069/1069 1070/1070 1071/1071
f 1071/1071 1070/1070 1072/1072
f 1071/1071 1072/1072 1073/1073
f 1073/1073 1072/1072 1074/1074
f 1073/1073 1074/1074 1075/1075
f 1075/1075 1074/1074 1076/1076
f 1075/1075 1076/1076 1042/1042
f 1042/1042 1076/1076 1043/1043
f 1077/1077 1078/1078 1066/1066
f 1066/1066 1078/1078 1079/1079
f 1066/1066 1079/1079 1067/1067
f 1067/1067 1079/1079 1080/1080
f 1067/1067 1080/1080 1081/1081
f 1081/1081 1080/1080 1082/1082
f 1081/1081 1082/1082 1083/1083
f 1083/1083 1082/1082 1084/1084
f 1083/1083 1084/1084 1085/1085
f 1085/1085 1084/1084 1086/1086
f 1085/1085 1086/1086 1087/1087
f 1087/1087 1086/1086 1088/1088
f 1087/1087 1088/1088 1089/1089
f 1089/1089 1088/1088 1090/1090
f 1089/1089 1090/1090 1044/1044
f 1044/1044 1090/1090 1045/1045
f 1091/1091 1092/1092 1077/1077
f 1077/1077 1092/1092 1093/1093
f 1077/1077 1093/1093 1078/1078
f 1078/1078 1093/1093 1094/1094
f 1078/1078 1094/1094 1095/1095
f 1095/1095 1094/1094 1096/1096
f 1095/1095 1096/1096 1097/1097
f 1097/1097 1096/1096 1098/1098
f 1097/1097 1098/1098 1099/1099
f 1099/1099 1098/1098 1100/1100
f 1099/1099 1100/1100 1101/1101
f 1101/1101 1100/1100 1102/1102
f 1101/1101 1102/1102 1103/1103
f 1103/1103 1102/1102 1104/1104
f 1103/1103 1104/1104 1105/1105
f 1105/1105 1104/1104 1106/1106
f 1105/1105 1106/1106 1107/1107
f 1107/1107 1106/1106 1108/1108
f 1107/1107 1108/1108 1046/1046
f 1046/1046 1108/1108 1047/1047
f 1109/1109 1110/1110 1091/1091
f 1091/1091 1110/1110 1111/1111
f 1091/1091 1111/1111 1112/1112
f 1112/1112 1111/1111 1113/1113
f 1112/1112 1113/1113 1114/1114
f 1114/1114 1113/1113 1115/1115
f 1114/1114 1115/1115 1116/1116
f 1116/1116 1115/1115 1117/1117
f 1116/1116 1117/1117 1118/1118
f 1118/1118 1117/1117 1119/1119
f 1118/1118 1119/1119 1120/1120
f 1120/1120 1119/1119 1121/1121
f 1120/1120 1121/1121 1122/1122
f 1122/1122 1121/1121 1123/1123
f 1122/1122 1123/1123 1124/1124
f 1124/1124 1123/1123 1125/1125
f 1124/1124 1125/1125 1126/1126
f 1126/1126 1125/1125 1127/1127
f 1126/1126 1127/1127 1128/1128
f 1128/1128 1127/1127 1129/1129
f 1128/1128 1129/1129 1130/1130
f 1130/1130 1129/1129 1131/1131
f 1130/1130 1131/1131 1132/1132
f 1132/1132 1131/1131 1133/1133
f 1132/1132 1133/1133 1049/1049
f 1049/1049 1133/1133 1050/1050
f 1134/1134 1135/1135 1109/1109
f 1109/1109 1135/1135 1136/1136
f 1109/1109 1136/1136 1110/1110
f 1110/1110 1136/1136 1137/1137
f 1110/1110 1137/1137 1138/1138
f 1138/1138 1137/1137 1139/1139
f 1138/1138 1139/1139 1140/1140
f 1140/1140 1139/1139 1141/1141
f 1140/1140 1141/1141 1142/1142
f 1142/1142 1141/1141 1143/1143
f 1142/1142 1143/1143 1144/1144
f 1144/1144 1143/1143 1145/1145
f 1144/1144 1145/1145 1146/1146
f 1146/1146 1145/1145 1147/1147
f 1146/1146 1147/1147 1148/1148
f 1148/1148 1147/1147 1149/1149
f 1148/1148 1149/1149 1150/1150
f 1150/1150 1149/1149 1151/1151
f 1150/1150 1151/1151 1152/1152
f 1152/1152 1151/1151 1153/1153
f 1152/1152 1153/1153 1154/1154
f 1154/1154 1153/1153 1155/1155
f 1154/1154 1155/1155 1156/1156
f 1156/1156 1155/1155 1157/1157
f 1156/1156 1157/1157 1158/1158
f 1158/1158 1157/1157 1159/1159
f 1158/1158 1159/1159 1160/1160
f 1160/1160 1159/1159 1161/1161
f 1160/1160 1161/1161 1051/1051
f 1051/1051 1161/1161 1052/1052
f 1162/1162 1163/1163 1134/1134
f 1134/1134 1163/1163 1164/1164
f 1134/1134 1164/1164 1165/1165
f 1165/1165 1164/1164 1166/1166
f 1165/1165 1166/1166 1167/1167
f 1167/1167 1166/1166 1168/1168
f 1167/1167 1168/1168 1169/1169
f 1169/1169 1168/1168 1170/1170
f 1169/1169 1170/1170 1171/1171
f 1171/1171 1170/1170 1172/1172
f 1171/1171 1172/1172 1173/1173
f 1173/1173 1172/1172 1174/1174
f 1173/1173 1174/1174 1175/1175
f 1175/1175 1174/1174 1176/1176
f 1175/1175 1176/1176 1177/1177
f 1177/1177 1176/1176 1178/1178
f 1177/1177 1178/1178 1179/1179
f 1179/1179 1178/1178 1180/1180
f 1179/1179 1180/1180 1181/1181
f 1181/1181 1180/1180 1182/1182
f 1181/1181 1182/1182 1183/1183
f 1183/1183 1182/1182 1184/1184
f 1183/1183 1184/1184 1185/1185
f 1185/1185 1184/1184 1186/1186
f 1185/1185 1186/1186 1187/1187
f 1187/1187 1186/1186 1188/1188
f 1187/1187 1188/1188 1189/1189
f 1189/1189 1188/1188 1190/1190
f 1189/1189 1190/1190 1191/1191
f 1191/1191 1190/1190 1192/1192
f 1191/1191 1192/1192 1193/1193
f 1193/1193 1192/1192 1194/1194
f 1193/1193 1194/1194 1195/1195
f 1195/1195 1194/1194 1196/1196
f 1195/1195 1196/1196 1054/1054
f 1054/1054 1196/1196 1055/1055
f 1163/1163 1162/1162 1197/1197
f 1197/1197 1162/1162 1198/1198
f 1197/1197 1198/1198 1199/1199
f 1199/1199 1198/1198 1200/1200
f 1199/1199 1200/1200 1201/1201
f 1201/1201 1200/1200 1202/1202
f 1201/1201 1202/1202 1203/1203
f 1203/1203 1202/1202 1204/1204
f 1203/1203 1204/1204 1205/1205
f 1205/1205 1204/1204 1206/1206
f 1205/1205 1206/1206 1207/1207
f 1207/1207 1206/1206 1208/1208
f 1207/1207 1208/1208 1209/1209
f 1209/1209 1208/1208 1210/1210
f 1209/1209 1210/1210 1211/1211
f 1211/1211 1210/1210 1212/1212
f 1211/1211 1212/1212 1213/1213
f 1213/1213 1212/1212 1214/1214
f 1213/1213 1214/1214 1215/1215
f 1215/1215 1214/1214 1216/1216
f 1215/1215 1216/1216 1217/1217
f 1217/1217 1216/1216 1218/1218
f 1217/1217 1218/1218 1219/1219
f 1219/1219 1218/1218 1220/1220
f 1219/1219 1220/1220 1221/1221
f 1221/1221 1220/1220 1222/1222
f 1221/1221 1222/1222 1223/1223
f 1223/1223 1222/1222 1224/1224
f 1223/1223 1224/1224 1225/1225
f 1225/1225 1224/1224 1226/1226
f 1225/1225 1226/1226 1227/1227
f 1227/1227 1226/1226 1228/1228
f 1227/1227 1228/1228 1229/1229
f 1229/1229 1228/1228 1230/1230
f 1229/1229 1230/1230 1231/1231
f 1231/1231 1230/1230 1232/1232
f 1231/1231 1232/1232 1233/1233
f 1233/1233 1232/1232 1234/1234
f 1233/1233 1234/1234 1235/1235
f 1235/1235 1234/1234 1236/1236
f 1235/1235 1236/1236 1237/1237
f 1237/1237 1236/1236 1238/1238
f 1237/1237 1238/1238 1239/1239
f 1239/1239 1238/1238 1240/1240
f 1239/1239 1240/1240 1241/1241
f 1241/1241 1240/1240 1242/1242
f 1241/1241 1242/1242 1243/1243
f 1243/1243 1242/1242 1244/1244
f 1243/1243 1244/1244 1009/1009
f 1009/1009 1244/1244 1011/1011
f 1198/1198 1245/1245 1200/1200
f 1200/1200 1245/1245 1202/1202
f 1245/1245 1246/1246 1202/1202
f 1202/1202 1246/1246 1204/1204
f 1204/1204 1246/1246 1206/1206
f 1206/1206 1246/1246 1247/1247
f 1206/1206 1247/1247 1208/1208
f 1208/1208 1247/1247 1210/1210
f 1247/1247 1248/1248 1210/1210
f 1210/1210 1248/1248 1212/1212
f 1212/1212 1248/1248 1214/1214
f 1214/1214 1248/1248 1249/1249
f 1214/1214 1249/1249 1216/1216
f 1216/1216 1249/1249 1250/1250
f 1216/1216 1250/1250 1218/1218
f 1218/1218 1250/1250 1220/1220
f 1250/1250 1251/1251 1220/1220
f 1220/1220 1251/1251 1222/1222
f 1222/1222 1251/1251 1224/1224
f 1224/1224 1251/1251 1252/1252
f 1224/1224 1252/1252 1226/1226
f 1226/1226 1252/1252 1253/1253
f 1226/1226 1253/1253 1228/1228
f 1228/1228 1253/1253 1230/1230
f 1253/1253 1254/1254 1230/1230
f 1230/1230 1254/1254 1232/1232
f 1232/1232 1254/1254 1234/1234
f 1234/1234 1254/1254 1255/1255
f 1234/1234 1255/1255 1236/1236
f 1236/1236 1255/1255 1238/1238
f 1255/1255 1256/1256 1238/1238
f 1238/1238 1256/1256 1240/1240
f 1256/1256 1257/1257 1240/1240
f 1240/1240 1257/1257 1242/1242
f 1242/1242 1257/1257 1244/1244
f 1244/1244 1257/1257 1013/1013
f 1244/1244 1013/1013 1011/1011
f 1258/1258 1259/1259 1014/1014
f 1014/1014 1259/1259 1260/1260
f 1014/1014 1260/1260 1012/1012
f 1012/1012 1260/1260 1261/1261
f 1012/1012 1261/1261 1010/1010
f 1010/1010 1261/1261 1262/1262
f 1010/1010 1262/1262 1008/1008
f 1008/1008 1262/1262 1263/1263
f 1008/1008 1263/1263 1006/1006
f 1006/1006 1263/1263 1264/1264
f 1006/1006 1264/1264 1004/1004
f 1004/1004 1264/1264 1265/1265
f 1004/1004 1265/1265 1002/1002
f 1002/1002 1265/1265 1266/1266
f 1002/1002 1266/1266 1000/1000
f 1000/1000 1266/1266 1267/1267
f 1000/1000 1267/1267 998/998
f 998/998 1267/1267 1268/1268
f 998/998 1268/1268 996/996
f 996/996 1268/1268 1269/1269
f 996/996 1269/1269 994/994
f 994/994 1269/1269 1270/1270
f 994/994 1270/1270 992/992
f 992/992 1270/1270 1271/1271
f 992/992 1271/1271 990/990
f 990/990 1271/1271 1272/1272
f 990/990 1272/1272 988/988
f 988/988 1272/1272 1273/1273
f 988/988 1273/1273 986/986
f 986/986 1273/1273 1274/1274
f 986/986 1274/1274 984/984
f 984/984 1274/1274 1275/1275
f 984/984 1275/1275 982/982
f 982/982 1275/1275 1276/1276
f 982/982 1276/1276 980/980
f 980/980 1276/1276 1277/1277
f 980/980 1277/1277 978/978
f 978/978 1277/1277 1278/1278
f 978/978 1278/1278 976/976
f 976/976 1278/1278 1279/1279
f 976/976 1279/1279 974/974
f 974/974 1279/1279 1280/1280
f 974/974 1280/1280 972/972
f 972/972 1280/1280 1281/1281
f 972/972 1281/1281 970/970
f 970/970 1281/1281 1282/1282
f 970/970 1282/1282 968/968
f 968/968 1282/1282 1283/1283
f 968/968 1283/1283 966/966
f 966/966 1283/1283 964/964
f 1259/1259 1258/1258 1284/1284
f 1284/1284 1258/1258 1285/1285
f 1284/1284 1285/1285 1286/1286
f 1286/1286 1285/1285 1287/1287
f 1286/1286 1287/1287 1288/1288
f 1288/1288 1287/1287 1289/1289
f 1288/1288 1289/1289 1290/1290
f 1290/1290 1289/1289 1291/1291
f 1290/1290 1291/1291 1292/1292
f 1292/1292 1291/1291 1293/1293
f 1292/1292 1293/1293 1294/1294
f 1294/1294 1293/1293 1295/1295
f 1294/1294 1295/1295 1296/1296
f 1296/1296 1295/1295 1297/1297
f 1296/1296 1297/1297 1298/1298
f 1298/1298 1297/1297 1299/1299
f 1298/1298 1299/1299 1300/1300
f 1300/1300 1299/1299 1301/1301
f 1300/1300 1301/1301 1302/1302
f 1302/1302 1301/1301 1303/1303
f 1302/1302 1303/1303 1304/1304
f 1304/1304 1303/1303 1305/1305
f 1304/1304 1305/1305 1306/1306
f 1306/1306 1305/1305 1307/1307
f 1306/1306 1307/1307 1308/1308
f 1308/1308 1307/1307 1309/1309
f 1308/1308 1309/1309 1310/1310
f 1310/1310 1309/1309 1311/1311
f 1310/1310 1311/1311 1312/1312
f 1312/1312 1311/1311 1313/1313
f 1312/1312 1313/1313 1314/1314
f 1314/1314 1313/1313 1315/1315
f 1314/1314 1315/1315 1316/1316
f 1316/1316 1315/1315 1317/1317
f 1316/1316 1317/1317 1318/1318
f 1318/1318 1317/1317 1319/1319
f 1318/1318 1319/1319 1320/1320
f 1320/1320 1319/1319 1321/1321
f 1320/1320 1321/1321 1322/1322
f 1322/1322 1321/1321 1323/1323
f 1322/1322 1323/1323 1324/1324
f 1324/1324 1323/1323 1325/1325
f 1324/1324 1325/1325 1326/1326
f 1326/1326 1325/1325 1327/1327
f 1326/1326 1327/1327 1328/1328
f 1328/1328 1327/1327 1329/1329
f 1328/1328 1329/1329 1330/1330
f 1330/1330 1329/1329 1331/1331
f 1330/1330 1331/1331 1332/1332
f 1332/1332 1331/1331 1333/1333
f 1332/1332 1333/1333 1334/1334
f 1334/1334 1333/1333 1335/1335
f 1334/1334 1335/1335 1336/1336
f 1336/1336 1335/1335 1337/1337
f 1336/1336 1337/1337 1338/1338
f 1338/1338 1337/1337 1339/1339
f 1338/1338 1339/1339 1340/1340
f 1340/1340 1339/1339 1341/1341
f 1340/1340 1341/1341 1342/1342
f 1342/1342 1341/1341 1343/1343
f 1342/1342 1343/1343 1344/1344
f 1344/1344 1343/1343 1345/1345
f 1344/1344 1345/1345 1346/1346
f 1346/1346 1345/1345 1347/1347
f 1346/1346 1347/1347 1348/1348
f 1348/1348 1347/1347 1349/1349
f 1349/1349 1347/1347 1350/1350
f 1349/1349 1350/1350 1351/1351
f 1351/1351 1350/1350 1352/1352
f 1351/1351 1352/1352 1353/1353
f 1353/1353 1352/1352 1354/1354
f 1353/1353 1354/1354 1355/1355
f 1355/1355 1354/1354 1356/1356
f 1355/1355 1356/1356 1357/1357
f 1357/1357 1356/1356 1358/1358
f 1357/1357 1358/1358 1359/1359
f 1359/1359 1358/1358 1360/1360
f 1359/1359 1360/1360 1361/1361
f 1361/1361 1360/1360 1362/1362
f 1361/1361 1362/1362 1363/1363
f 1363/1363 1362/1362 1364/1364
f 1363/1363 1364/1364 1365/1365
f 1365/1365 1364/1364 1366/1366
f 1365/1365 1366/1366 1367/1367
f 1367/1367 1366/1366 1368/1368
f 1367/1367 1368/1368 1369/1369
f 1369/1369 1368/1368 1370/1370
f 1369/1369 1370/1370 1371/1371
f 1371/1371 1370/1370 1372/1372
f 1371/1371 1372/1372 1373/1373
f 1373/1373 1372/1372 1374/1374
f 1373/1373 1374/1374 1375/1375
f 1375/1375 1374/1374 1376/1376
f 1375/1375 1376/1376 1377/1377
f 1377/1377 1376/1376 1378/1378
f 1377/1377 1378/1378 1379/1379
f 1379/1379 1378/1378 1380/1380
f 1379/1379 1380/1380 1381/1381
f 1381/1381 1380/1380 1382/1382
f 1381/1381 1382/1382 1383/1383
f 1383/1383 1382/1382 1384/1384
f 1383/1383 1384/1384 1385/1385
f 1385/1385 1384/1384 1386/1386
f 1385/1385 1386/1386 1387/1387
f 1387/1387 1386/1386 1388/1388
f 1387/1387 1388/1388 1389/1389
f 1389/1389 1388/1388 1390/1390
f 1389/1389 1390/1390 1391/1391
f 1391/1391 1390/1390 1392/1392
f 1391/1391 1392/1392 1393/1393
f 1393/1393 1392/1392 1394/1394
f 1393/1393 1394/1394 1395/1395
f 1395/1395 1394/1394 1396/1396
f 1395/1395 1396/1396 1397/1397
f 1397/1397 1396/1396 1398/1398
f 1397/1397 1398/1398 1399/1399
f 1399/1399 1398/1398 1400/1400
f 1399/1399 1400/1400 1401/1401
f 1401/1401 1400/1400 1402/1402
f 1401/1401 1402/1402 1403/1403
f 1403/1403 1402/1402 1404/1404
f 1403/1403 1404/1404 1405/1405
f 1405/1405 1404/1404 1406/1406
f 1405/1405 1406/1406 1407/1407
f 1407/1407 1406/1406 1408/1408
f 1407/1407 1408/1408 1409/1409
f 1409/1409 1408/1408 1410/1410
f 1409/1409 1410/1410 1411/1411
f 1411/1411 1410/1410 1412/1412
f 1411/1411 1412/1412 1413/1413
f 1413/1413 1412/1412 1414/1414
f 1413/1413 1414/1414 1415/1415
f 1415/1415 1414/1414 1416/1416
f 1415/1415 1416/1416 1417/1417
f 1417/1417 1416/1416 1418/1418
f 1417/1417 1418/1418 1419/1419
f 1419/1419 1418/1418 1420/1420
f 1419/1419 1420/1420 1421/1421
f 1421/1421 1420/1420 1422/1422
f 1421/1421 1422/1422 1423/1423
f 1423/1423 1422/1422 1424/1424
f 1423/1423 1424/1424 1425/1425
f 1425/1425 1424/1424 1426/1426
f 1425/1425 1426/1426 1427/1427
f 1427/1427 1426/1426 1428/1428
f 1427/1427 1428/1428 1429/1429
f 1429/1429 1428/1428 1430/1430
f 1429/1429 1430/1430 1431/1431
f 1431/1431 1430/1430 1432/1432
f 1431/1431 1432/1432 1433/1433
f 1433/1433 1432/1432 1434/1434
f 1433/1433 1434/1434 1435/1435
f 1435/1435 1434/1434 1436/1436
f 1435/1435 1436/1436 1301/1301
f 1301/1301 1436/1436 1303/1303
f 1285/1285 1437/1437 1287/1287
f 1287/1287 1437/1437 1438/1438
f 1287/1287 1438/1438 1289/1289
f 1289/1289 1438/1438 1439/1439
f 1289/1289 1439/1439 1291/1291
f 1291/1291 1439/1439 1440/1440
f 1291/1291 1440/1440 1293/1293
f 1293/1293 1440/1440 1441/1441
f 1293/1293 1441/1441 1295/1295
f 1295/1295 1441/1441 1442/1442
f 1295/1295 1442/1442 1297/1297
f 1297/1297 1442/1442 1443/1443
f 1297/1297 1443/1443 1299/1299
f 1299/1299 1443/1443 1435/1435
f 1299/1299 1435/1435 1301/1301
f 1438/1438 1437/1437 1444/1444
f 1444/1444 1437/1437 1445/1445
f 1444/1444 1445/1445 1446/1446
f 1446/1446 1445/1445 1447/1447
f 1446/1446 1447/1447 1448/1448
f 1448/1448 1447/1447 1449/1449
f 1448/1448 1449/1449 1450/1450
f 1450/1450 1449/1449 1451/1451
f 1450/1450 1451/1451 1452/1452
f 1452/1452 1451/1451 1429/1429
f 1452/1452 1429/1429 1431/1431
f 1445/1445 1453/1453 1447/1447
f 1447/1447 1453/1453 1454/1454
f 1447/1447 1454/1454 1449/1449
f 1449/1449 1454/1454 1455/1455
f 1449/1449 1455/1455 1451/1451
f 1451/1451 1455/1455 1427/1427
f 1451/1451 1427/1427 1429/1429
f 1454/1454 1453/1453 1456/1456
f 1456/1456 1453/1453 1457/1457
f 1456/1456 1457/1457 1423/1423
f 1423/1423 1457/1457 1421/1421
f 1419/1419 1458/1458 1417/1417
f 1417/1417 1458/1458 1459/1459
f 1417/1417 1459/1459 1415/1415
f 1415/1415 1459/1459 1460/1460
f 1415/1415 1460/1460 1413/1413
f 1413/1413 1460/1460 1461/1461
f 1413/1413 1461/1461 1411/1411
f 1411/1411 1461/1461 1462/1462
f 1411/1411 1462/1462 1409/1409
f 1409/1409 1462/1462 1463/1463
f 1409/1409 1463/1463 1407/1407
f 1407/1407 1463/1463 1464/1464
f 1407/1407 1464/1464 1405/1405
f 1405/1405 1464/1464 1465/1465
f 1405/1405 1465/1465 1403/1403
f 1403/1403 1465/1465 1466/1466
f 1403/1403 1466/1466 1401/1401
f 1401/1401 1466/1466 1467/1467
f 1401/1401 1467/1467 1399/1399
f 1399/1399 1467/1467 1468/1468
f 1399/1399 1468/1468 1397/1397
f 1397/1397 1468/1468 1469/1469
f 1397/1397 1469/1469 1395/1395
f 1395/1395 1469/1469 1470/1470
f 1395/1395 1470/1470 1393/1393
f 1393/1393 1470/1470 1471/1471
f 1393/1393 1471/1471 1391/1391
f 1391/1391 1471/1471 1472/1472
f 1391/1391 1472/1472 1389/1389
f 1389/1389 1472/1472 1473/1473
f 1389/1389 1473/1473 1387/1387
f 1387/1387 1473/1473 1474/1474
f 1387/1387 1474/1474 1385/1385
f 1385/1385 1474/1474 1475/1475
f 1385/1385 1475/1475 1383/1383
f 1383/1383 1475/1475 1476/1476
f 1383/1383 1476/1476 1381/1381
f 1381/1381 1476/1476 1477/1477
f 1381/1381 1477/1477 1379/1379
f 1379/1379 1477/1477 1478/1478
f 1379/1379 1478/1478 1377/1377
f 1377/1377 1478/1478 1479/1479
f 1377/1377 1479/1479 1375/1375
f 1375/1375 1479/1479 1480/1480
f 1375/1375 1480/1480 1373/1373
f 1373/1373 1480/1480 1481/1481
f 1373/1373 1481/1481 1371/1371
f 1371/1371 1481/1481 1482/1482
f 1371/1371 1482/1482 1369/1369
f 1369/1369 1482/1482 1483/1483
f 1369/1369 1483/1483 1367/1367
f 1367/1367 1483/1483 1484/1484
f 1367/1367 1484/1484 1365/1365
f 1459/1459 1458/1458 1485/1485
f 1485/1485 1458/1458 1486/1486
f 1485/1485 1486/1486 1487/1487
f 1487/1487 1486/1486 1488/1488
f 1487/1487 1488/1488 1489/1489
f 1489/1489 1488/1488 1490/1490
f 1489/1489 1490/1490 1491/1491
f 1491/1491 1490/1490 1492/1492
f 1491/1491 1492/1492 1493/1493
f 1493/1493 1492/1492 1494/1494
f 1493/1493 1494/1494 1495/1495
f 1495/1495 1494/1494 1496/1496
f 1495/1495 1496/1496 1497/1497
f 1497/1497 1496/1496 1498/1498
f 1497/1497 1498/1498 1499/1499
f 1499/1499 1498/1498 1500/1500
f 1499/1499 1500/1500 1501/1501
f 1501/1501 1500/1500 1502/1502
f 1501/1501 1502/1502 1503/1503
f 1503/1503 1502/1502 1504/1504
f 1503/1503 1504/1504 1505/1505
f 1505/1505 1504/1504 1506/1506
f 1505/1505 1506/1506 1507/1507
f 1507/1507 1506/1506 1508/1508
f 1507/1507 1508/1508 1509/1509
f 1509/1509 1508/1508 1510/1510
f 1509/1509 1510/1510 1511/1511
f 1511/1511 1510/1510 1512/1512
f 1511/1511 1512/1512 1513/1513
f 1513/1513 1512/1512 1514/1514
f 1513/1513 1514/1514 1515/1515
f 1515/1515 1514/1514 1516/1516
f 1515/1515 1516/1516 1517/1517
f 1517/1517 1516/1516 1518/1518
f 1517/1517 1518/1518 1519/1519
f 1519/1519 1518/1518 1520/1520
f 1519/1519 1520/1520 1521/1521
f 1521/1521 1520/1520 1522/1522
f 1521/1521 1522/1522 1523/1523
f 1523/1523 1522/1522 1524/1524
f 1523/1523 1524/1524 1525/1525
f 1525/1525 1524/1524 1526/1526
f 1525/1525 1526/1526 1478/1478
f 1478/1478 1526/1526 1479/1479
f 1488/1488 1527/1527 1490/1490
f 1490/1490 1527/1527 1492/1492
f 1492/1492 1527/1527 1528/1528
f 1528/1528 1527/1527 1529/1529
f 1528/1528 1529/1529 1530/1530
f 1530/1530 1529/1529 1531/1531
f 1530/1530 1531/1531 1532/1532
f 1532/1532 1531/1531 1533/1533
f 1532/1532 1533/1533 1534/1534
f 1534/1534 1533/1533 1535/1535
f 1534/1534 1535/1535 1536/1536
f 1536/1536 1535/1535 1537/1537
f 1536/1536 1537/1537 1538/1538
f 1538/1538 1537/1537 1539/1539
f 1538/1538 1539/1539 1540/1540
f 1540/1540 1539/1539 1541/1541
f 1540/1540 1541/1541 1542/1542
f 1542/1542 1541/1541 1543/1543
f 1542/1542 1543/1543 1544/1544
f 1544/1544 1543/1543 1545/1545
f 1544/1544 1545/1545 1546/1546
f 1546/1546 1545/1545 1547/1547
f 1546/1546 1547/1547 1548/1548
f 1548/1548 1547/1547 1549/1549
f 1548/1548 1549/1549 1550/1550
f 1550/1550 1549/1549 1551/1551
f 1550/1550 1551/1551 1552/1552
f 1552/1552 1551/1551 1553/1553
f 1552/1552 1553/1553 1554/1554
f 1554/1554 1553/1553 1555/1555
f 1554/1554 1555/1555 1556/1556
f 1556/1556 1555/1555 1557/1557
f 1556/1556 1557/1557 1558/1558
f 1558/1558 1557/1557 1559/1559
f 1558/1558 1559/1559 1560/1560
f 1560/1560 1559/1559 1561/1561
f 1560/1560 1561/1561 1562/1562
f 1562/1562 1561/1561 1563/1563
f 1562/1562 1563/1563 1564/1564
f 1564/1564 1563/1563 1565/1565
f 1564/1564 1565/1565 1566/1566
f 1566/1566 1565/1565 1567/1567
f 1566/1566 1567/1567 1568/1568
f 1568/1568 1567/1567 1569/1569
f 1568/1568 1569/1569 1570/1570
f 1570/1570 1569/1569 1571/1571
f 1570/1570 1571/1571 1572/1572
f 1572/1572 1571/1571 1573/1573
f 1572/1572 1573/1573 1574/1574
f 1574/1574 1573/1573 1481/1481
f 1574/1574 1481/1481 1480/1480
f 1529/1529 1575/1575 1531/1531
f 1531/1531 1575/1575 1576/1576
f 1531/1531 1576/1576 1533/1533
f 1533/1533 1576/1576 1577/1577
f 1533/1533 1577/1577 1535/1535
f 1535/1535 1577/1577 1578/1578
f 1535/1535 1578/1578 1537/1537
f 1537/1537 1578/1578 1579/1579
f 1537/1537 1579/1579 1539/1539
f 1539/1539 1579/1579 1580/1580
f 1539/1539 1580/1580 1541/1541
f 1541/1541 1580/1580 1581/1581
f 1541/1541 1581/1581 1543/1543
f 1543/1543 1581/1581 1582/1582
f 1543/1543 1582/1582 1545/1545
f 1545/1545 1582/1582 1583/1583
f 1545/1545 1583/1583 1547/1547
f 1547/1547 1583/1583 1584/1584
f 1547/1547 1584/1584 1549/1549
f 1549/1549 1584/1584 1585/1585
f 1549/1549 1585/1585 1551/1551
f 1551/1551 1585/1585 1586/1586
f 1551/1551 1586/1586 1553/1553
f 1553/1553 1586/1586 1587/1587
f 1553/1553 1587/1587 1555/1555
f 1555/1555 1587/1587 1588/1588
f 1555/1555 1588/1588 1557/1557
f 1557/1557 1588/1588 1589/1589
f 1557/1557 1589/1589 1559/1559
f 1559/1559 1589/1589 1590/1590
f 1559/1559 1590/1590 1561/1561
f 1561/1561 1590/1590 1591/1591
f 1561/1561 1591/1591 1563/1563
f 1563/1563 1591/1591 1592/1592
f 1563/1563 1592/1592 1565/1565
f 1565/1565 1592/1592 1567/1567
f 1575/1575 1593/1593 1576/1576
f 1576/1576 1593/1593 1594/1594
f 1576/1576 1594/1594 1577/1577
f 1577/1577 1594/1594 1595/1595
f 1577/1577 1595/1595 1578/1578
f 1578/1578 1595/1595 1596/1596
f 1578/1578 1596/1596 1579/1579
f 1579/1579 1596/1596 1597/1597
f 1579/1579 1597/1597 1580/1580
f 1580/1580 1597/1597 1598/1598
f 1580/1580 1598/1598 1581/1581
f 1581/1581 1598/1598 1599/1599
f 1581/1581 1599/1599 1582/1582
f 1582/1582 1599/1599 1600/1600
f 1582/1582 1600/1600 1583/1583
f 1583/1583 1600/1600 1601/1601
f 1583/1583 1601/1601 1584/1584
f 1584/1584 1601/1601 1602/1602
f 1584/1584 1602/1602 1585/1585
f 1585/1585 1602/1602 1603/1603
f 1585/1585 1603/1603 1586/1586
f 1586/1586 1603/1603 1604/1604
f 1586/1586 1604/1604 1587/1587
f 1587/1587 1604/1604 1605/1605
f 1587/1587 1605/1605 1588/1588
f 1588/1588 1605/1605 1606/1606
f 1588/1588 1606/1606 1589/1589
f 1589/1589 1606/1606 1607/1607
f 1589/1589 1607/1607 1590/1590
f 1590/1590 1607/1607 1608/1608
f 1590/1590 1608/1608 1591/1591
f 1591/1591 1608/1608 1609/1609
f 1591/1591 1609/1609 1592/1592
f 1592/1592 1609/1609 1610/1610
f 1592/1592 1610/1610 1567/1567
f 1594/1594 1593/1593 1611/1611
f 1611/1611 1593/1593 1612/1612
f 1611/1611 1612/1612 1613/1613
f 1613/1613 1612/1612 1614/1614
f 1613/1613 1614/1614 1615/1615
f 1615/1615 1614/1614 1616/1616
f 1615/1615 1616/1616 1617/1617
f 1617/1617 1616/1616 1618/1618
f 1617/1617 1618/1618 1619/1619
f 1619/1619 1618/1618 1620/1620
f 1619/1619 1620/1620 1621/1621
f 1621/1621 1620/1620 1622/1622
f 1621/1621 1622/1622 1623/1623
f 1623/1623 1622/1622 1624/1624
f 1623/1623 1624/1624 1625/1625
f 1625/1625 1624/1624 1626/1626
f 1625/1625 1626/1626 1627/1627
f 1627/1627 1626/1626 1628/1628
f 1627/1627 1628/1628 1629/1629
f 1629/1629 1628/1628 1630/1630
f 1629/1629 1630/1630 1631/1631
f 1631/1631 1630/1630 1632/1632
f 1631/1631 1632/1632 1633/1633
f 1633/1633 1632/1632 1634/1634
f 1633/1633 1634/1634 1635/1635
f 1635/1635 1634/1634 1636/1636
f 1635/1635 1636/1636 1637/1637
f 1637/1637 1636/1636 1638/1638
f 1637/1637 1638/1638 1639/1639
f 1639/1639 1638/1638 1640/1640
f 1639/1639 1640/1640 1610/1610
f 1612/1612 1641/1641 1614/1614
f 1614/1614 1641/1641 1642/1642
f 1614/1614 1642/1642 1616/1616
f 1616/1616 1642/1642 1643/1643
f 1616/1616 1643/1643 1618/1618
f 1618/1618 1643/1643 1644/1644
f 1618/1618 1644/1644 1620/1620
f 1620/1620 1644/1644 1645/1645
f 1620/1620 1645/1645 1622/1622
f 1622/1622 1645/1645 1646/1646
f 1622/1622 1646/1646 1624/1624
f 1624/1624 1646/1646 1647/1647
f 1624/1624 1647/1647 1626/1626
f 1626/1626 1647/1647 1648/1648
f 1626/1626 1648/1648 1628/1628
f 1628/1628 1648/1648 1649/1649
f 1628/1628 1649/1649 1630/1630
f 1630/1630 1649/1649 1650/1650
f 1630/1630 1650/1650 1632/1632
f 1632/1632 1650/1650 1651/1651
f 1632/1632 1651/1651 1634/1634
f 1634/1634 1651/1651 1652/1652
f 1634/1634 1652/1652 1636/1636
f 1636/1636 1652/1652 1653/1653
f 1636/1636 1653/1653 1638/1638
f 1638/1638 1653/1653 1640/1640
f 1642/1642 1641/1641 1654/1654
f 1654/1654 1641/1641 1655/1655
f 1654/1654 1655/1655 1656/1656
f 1656/1656 1655/1655 1657/1657
f 1656/1656 1657/1657 1658/1658
f 1658/1658 1657/1657 1659/1659
f 1658/1658 1659/1659 1660/1660
f 1660/1660 1659/1659 1661/1661
f 1660/1660 1661/1661 1662/1662
f 1662/1662 1661/1661 1663/1663
f 1662/1662 1663/1663 1664/1664
f 1664/1664 1663/1663 1665/1665
f 1664/1664 1665/1665 1666/1666
f 1666/1666 1665/1665 1667/1667
f 1666/1666 1667/1667 1668/1668
f 1668/1668 1667/1667 1669/1669
f 1668/1668 1669/1669 1670/1670
f 1670/1670 1669/1669 1671/1671
f 1670/1670 1671/1671 1672/1672
f 1672/1672 1671/1671 1673/1673
f 1672/1672 1673/1673 1674/1674
f 1674/1674 1673/1673 1675/1675
f 1674/1674 1675/1675 1676/1676
f 1676/1676 1675/1675 1677/1677
f 1676/1676 1677/1677 1678/1678
f 1678/1678 1677/1677 1653/1653
f 1678/1678 1653/1653 1652/1652
f 1657/1657 1679/1679 1659/1659
f 1659/1659 1679/1679 1661/1661
f 1661/1661 1679/1679 1680/1680
f 1680/1680 1679/1679 1681/1681
f 1680/1680 1681/1681 1682/1682
f 1682/1682 1681/1681 1683/1683
f 1682/1682 1683/1683 1684/1684
f 1684/1684 1683/1683 1685/1685
f 1684/1684 1685/1685 1686/1686
f 1686/1686 1685/1685 1687/1687
f 1686/1686 1687/1687 1688/1688
f 1688/1688 1687/1687 1689/1689
f 1688/1688 1689/1689 1690/1690
f 1690/1690 1689/1689 1691/1691
f 1690/1690 1691/1691 1692/1692
f 1692/1692 1691/1691 1675/1675
f 1692/1692 1675/1675 1673/1673
f 1681/1681 1693/1693 1683/1683
f 1683/1683 1693/1693 1694/1694
f 1683/1683 1694/1694 1685/1685
f 1685/1685 1694/1694 1695/1695
f 1685/1685 1695/1695 1687/1687
f 1687/1687 1695/1695 1696/1696
f 1687/1687 1696/1696 1689/1689
f 1689/1689 1696/1696 1691/1691
f 1693/1693 1697/1697 1694/1694
f 1694/1694 1697/1697 1698/1698
f 1694/1694 1698/1698 1695/1695
f 1695/1695 1698/1698 1699/1699
f 1695/1695 1699/1699 1696/1696
f 1696/1696 1699/1699 1700/1700
f 1696/1696 1700/1700 1691/1691
f 1698/1698 1697/1697 1701/1701
f 1701/1701 1697/1697 1702/1702
f 1701/1701 1702/1702 1700/1700
f 1677/1677 1640/1640 1653/1653
f 1567/1567 1484/1484 1569/1569
f 1569/1569 1484/1484 1703/1703
f 1569/1569 1703/1703 1571/1571
f 1571/1571 1703/1703 1573/1573
f 1363/1363 1704/1704 1361/1361
f 1361/1361 1704/1704 1359/1359
f 1705/1705 1706/1706 1704/1704
f 1704/1704 1706/1706 1707/1707
f 1704/1704 1707/1707 1359/1359
f 1359/1359 1707/1707 1357/1357
f 1708/1708 1709/1709 1705/1705
f 1705/1705 1709/1709 1710/1710
f 1705/1705 1710/1710 1707/1707
f 1707/1707 1710/1710 1711/1711
f 1707/1707 1711/1711 1357/1357
f 1357/1357 1711/1711 1355/1355
f 1708/1708 1712/1712 1709/1709
f 1709/1709 1712/1712 1710/1710
f 1349/1349 1713/1713 1712/1712
f 1712/1712 1713/1713 1714/1714
f 1712/1712 1714/1714 1710/1710
f 1710/1710 1714/1714 1711/1711
f 1346/1346 1348/1348 1715/1715
f 1715/1715 1348/1348 1716/1716
f 1715/1715 1716/1716 1717/1717
f 1717/1717 1716/1716 1718/1718
f 1717/1717 1718/1718 1719/1719
f 1719/1719 1718/1718 1720/1720
f 1719/1719 1720/1720 1721/1721
f 1721/1721 1720/1720 1722/1722
f 1721/1721 1722/1722 1723/1723
f 1723/1723 1722/1722 1724/1724
f 1723/1723 1724/1724 1725/1725
f 1725/1725 1724/1724 1726/1726
f 1725/1725 1726/1726 1727/1727
f 1727/1727 1726/1726 1728/1728
f 1727/1727 1728/1728 1729/1729
f 1729/1729 1728/1728 1730/1730
f 1729/1729 1730/1730 1731/1731
f 1731/1731 1730/1730 1732/1732
f 1731/1731 1732/1732 1733/1733
f 1733/1733 1732/1732 1734/1734
f 1733/1733 1734/1734 1735/1735
f 1735/1735 1734/1734 1736/1736
f 1735/1735 1736/1736 1737/1737
f 1737/1737 1736/1736 1738/1738
f 1737/1737 1738/1738 1739/1739
f 1739/1739 1738/1738 1740/1740
f 1739/1739 1740/1740 1741/1741
f 1741/1741 1740/1740 1742/1742
f 1741/1741 1742/1742 1743/1743
f 1743/1743 1742/1742 1744/1744
f 1743/1743 1744/1744 1745/1745
f 1745/1745 1744/1744 1746/1746
f 1745/1745 1746/1746 1747/1747
f 1747/1747 1746/1746 1748/1748
f 1747/1747 1748/1748 1749/1749
f 1749/1749 1748/1748 1750/1750
f 1749/1749 1750/1750 1751/1751
f 1751/1751 1750/1750 1752/1752
f 1751/1751 1752/1752 1753/1753
f 1753/1753 1752/1752 1754/1754
f 1753/1753 1754/1754 1755/1755
f 1755/1755 1754/1754 1756/1756
f 1755/1755 1756/1756 1757/1757
f 1757/1757 1756/1756 1758/1758
f 1757/1757 1758/1758 1759/1759
f 1759/1759 1758/1758 1760/1760
f 1759/1759 1760/1760 1761/1761
f 1761/1761 1760/1760 1762/1762
f 1761/1761 1762/1762 1763/1763
f 1763/1763 1762/1762 1764/1764
f 1763/1763 1764/1764 1765/1765
f 1765/1765 1764/1764 1766/1766
f 1765/1765 1766/1766 1767/1767
f 1767/1767 1766/1766 1768/1768
f 1767/1767 1768/1768 1769/1769
f 1769/1769 1768/1768 1770/1770
f 1769/1769 1770/1770 1771/1771
f 1771/1771 1770/1770 1772/1772
f 1771/1771 1772/1772 1773/1773
f 1773/1773 1772/1772 1774/1774
f 1773/1773 1774/1774 1259/1259
f 1259/1259 1774/1774 1260/1260
f 1775/1775 1776/1776 1716/1716
f 1716/1716 1776/1776 1722/1722
f 1716/1716 1722/1722 1720/1720
f 1777/1777 1778/1778 1775/1775
f 1775/1775 1778/1778 1779/1779
f 1775/1775 1779/1779 1780/1780
f 1780/1780 1779/1779 1781/1781
f 1780/1780 1781/1781 1782/1782
f 1782/1782 1781/1781 1783/1783
f 1782/1782 1783/1783 1784/1784
f 1784/1784 1783/1783 1785/1785
f 1784/1784 1785/1785 1786/1786
f 1786/1786 1785/1785 1726/1726
f 1786/1786 1726/1726 1724/1724
f 1787/1787 1788/1788 1777/1777
f 1777/1777 1788/1788 1789/1789
f 1777/1777 1789/1789 1790/1790
f 1790/1790 1789/1789 1791/1791
f 1790/1790 1791/1791 1792/1792
f 1792/1792 1791/1791 1793/1793
f 1792/1792 1793/1793 1794/1794
f 1794/1794 1793/1793 1795/1795
f 1794/1794 1795/1795 1796/1796
f 1796/1796 1795/1795 1797/1797
f 1796/1796 1797/1797 1798/1798
f 1798/1798 1797/1797 1799/1799
f 1798/1798 1799/1799 1738/1738
f 1738/1738 1799/1799 1740/1740
f 1800/1800 1801/1801 1787/1787
f 1787/1787 1801/1801 1802/1802
f 1787/1787 1802/1802 1788/1788
f 1788/1788 1802/1802 1803/1803
f 1788/1788 1803/1803 1789/1789
f 1789/1789 1803/1803 1791/1791
f 1804/1804 1805/1805 1800/1800
f 1800/1800 1805/1805 1806/1806
f 1800/1800 1806/1806 1801/1801
f 1801/1801 1806/1806 1807/1807
f 1801/1801 1807/1807 1808/1808
f 1808/1808 1807/1807 1809/1809
f 1808/1808 1809/1809 1810/1810
f 1810/1810 1809/1809 1811/1811
f 1810/1810 1811/1811 1812/1812
f 1812/1812 1811/1811 1813/1813
f 1812/1812 1813/1813 1814/1814
f 1814/1814 1813/1813 1815/1815
f 1814/1814 1815/1815 1816/1816
f 1816/1816 1815/1815 1817/1817
f 1816/1816 1817/1817 1818/1818
f 1818/1818 1817/1817 1819/1819
f 1818/1818 1819/1819 1820/1820
f 1820/1820 1819/1819 1821/1821
f 1820/1820 1821/1821 1746/1746
f 1746/1746 1821/1821 1748/1748
f 1822/1822 1823/1823 1804/1804
f 1804/1804 1823/1823 1824/1824
f 1804/1804 1824/1824 1825/1825
f 1825/1825 1824/1824 1826/1826
f 1825/1825 1826/1826 1827/1827
f 1827/1827 1826/1826 1828/1828
f 1827/1827 1828/1828 1829/1829
f 1829/1829 1828/1828 1830/1830
f 1829/1829 1830/1830 1831/1831
f 1831/1831 1830/1830 1832/1832
f 1831/1831 1832/1832 1833/1833
f 1833/1833 1832/1832 1834/1834
f 1833/1833 1834/1834 1835/1835
f 1835/1835 1834/1834 1836/1836
f 1835/1835 1836/1836 1837/1837
f 1837/1837 1836/1836 1838/1838
f 1837/1837 1838/1838 1839/1839
f 1839/1839 1838/1838 1840/1840
f 1839/1839 1840/1840 1841/1841
f 1841/1841 1840/1840 1842/1842
f 1841/1841 1842/1842 1843/1843
f 1843/1843 1842/1842 1844/1844
f 1843/1843 1844/1844 1845/1845
f 1845/1845 1844/1844 1846/1846
f 1845/1845 1846/1846 1752/1752
f 1752/1752 1846/1846 1754/1754
f 1847/1847 1848/1848 1822/1822
f 1822/1822 1848/1848 1849/1849
f 1822/1822 1849/1849 1850/1850
f 1850/1850 1849/1849 1851/1851
f 1850/1850 1851/1851 1852/1852
f 1852/1852 1851/1851 1853/1853
f 1852/1852 1853/1853 1854/1854
f 1854/1854 1853/1853 1855/1855
f 1854/1854 1855/1855 1856/1856
f 1856/1856 1855/1855 1857/1857
f 1856/1856 1857/1857 1858/1858
f 1858/1858 1857/1857 1859/1859
f 1858/1858 1859/1859 1860/1860
f 1860/1860 1859/1859 1861/1861
f 1860/1860 1861/1861 1862/1862
f 1862/1862 1861/1861 1863/1863
f 1862/1862 1863/1863 1864/1864
f 1864/1864 1863/1863 1865/1865
f 1864/1864 1865/1865 1866/1866
f 1866/1866 1865/1865 1867/1867
f 1866/1866 1867/1867 1868/1868
f 1868/1868 1867/1867 1869/1869
f 1868/1868 1869/1869 1870/1870
f 1870/1870 1869/1869 1871/1871
f 1870/1870 1871/1871 1872/1872
f 1872/1872 1871/1871 1873/1873
f 1872/1872 1873/1873 1874/1874
f 1874/1874 1873/1873 1875/1875
f 1874/1874 1875/1875 1876/1876
f 1876/1876 1875/1875 1877/1877
f 1876/1876 1877/1877 1758/1758
f 1758/1758 1877/1877 1760/1760
f 1878/1878 1879/1879 1847/1847
f 1847/1847 1879/1879 1880/1880
f 1847/1847 1880/1880 1881/1881
f 1881/1881 1880/1880 1882/1882
f 1881/1881 1882/1882 1883/1883
f 1883/1883 1882/1882 1884/1884
f 1883/1883 1884/1884 1885/1885
f 1885/1885 1884/1884 1886/1886
f 1885/1885 1886/1886 1887/1887
f 1887/1887 1886/1886 1888/1888
f 1887/1887 1888/1888 1889/1889
f 1889/1889 1888/1888 1890/1890
f 1889/1889 1890/1890 1891/1891
f 1891/1891 1890/1890 1892/1892
f 1891/1891 1892/1892 1893/1893
f 1893/1893 1892/1892 1894/1894
f 1893/1893 1894/1894 1895/1895
f 1895/1895 1894/1894 1896/1896
f 1895/1895 1896/1896 1897/1897
f 1897/1897 1896/1896 1898/1898
f 1897/1897 1898/1898 1899/1899
f 1899/1899 1898/1898 1900/1900
f 1899/1899 1900/1900 1901/1901
f 1901/1901 1900/1900 1902/1902
f 1901/1901 1902/1902 1903/1903
f 1903/1903 1902/1902 1904/1904
f 1903/1903 1904/1904 1905/1905
f 1905/1905 1904/1904 1906/1906
f 1905/1905 1906/1906 1907/1907
f 1907/1907 1906/1906 1908/1908
f 1907/1907 1908/1908 1909/1909
f 1909/1909 1908/1908 1910/1910
f 1909/1909 1910/1910 1911/1911
f 1911/1911 1910/1910 1912/1912
f 1911/1911 1912/1912 1913/1913
f 1913/1913 1912/1912 1914/1914
f 1913/1913 1914/1914 1764/1764
f 1764/1764 1914/1914 1766/1766
f 1879/1879 1878/1878 1915/1915
f 1915/1915 1878/1878 1916/1916
f 1915/1915 1916/1916 1917/1917
f 1917/1917 1916/1916 1918/1918
f 1917/1917 1918/1918 1919/1919
f 1919/1919 1918/1918 1282/1282
f 1919/1919 1282/1282 1281/1281
f 1920/1920 964/964 1916/1916
f 1916/1916 964/964 1283/1283
f 1916/1916 1283/1283 1918/1918
f 1918/1918 1283/1283 1282/1282
f 1920/1920 1921/1921 964/964
f 964/964 1921/1921 962/962
f 962/962 1921/1921 960/960
f 960/960 1921/1921 1922/1922
f 960/960 1922/1922 958/958
f 958/958 1922/1922 956/956
f 1923/1923 1924/1924 1922/1922
f 1922/1922 1924/1924 950/950
f 1922/1922 950/950 952/952
f 1925/1925 1926/1926 1923/1923
f 1923/1923 1926/1926 1927/1927
f 1923/1923 1927/1927 1928/1928
f 1928/1928 1927/1927 940/940
f 1928/1928 940/940 942/942
f 1926/1926 1925/1925 1929/1929
f 1929/1929 1925/1925 1930/1930
f 1929/1929 1930/1930 1931/1931
f 1931/1931 1930/1930 1932/1932
f 1931/1931 1932/1932 1933/1933
f 1933/1933 1932/1932 1934/1934
f 1933/1933 1934/1934 928/928
f 928/928 1934/1934 926/926
f 1930/1930 1935/1935 1932/1932
f 1932/1932 1935/1935 1936/1936
f 1932/1932 1936/1936 1934/1934
f 1934/1934 1936/1936 1937/1937
f 1934/1934 1937/1937 926/926
f 926/926 1937/1937 924/924
f 1936/1936 1935/1935 1938/1938
f 1938/1938 1935/1935 910/910
f 1938/1938 910/910 1939/1939
f 1939/1939 910/910 914/914
f 1939/1939 914/914 916/916
f 914/914 910/910 912/912
f 1924/1924 1923/1923 1940/1940
f 1940/1940 1923/1923 1928/1928
f 1940/1940 1928/1928 942/942
f 946/946 948/948 1924/1924
f 1924/1924 948/948 950/950
f 952/952 954/954 1922/1922
f 1922/1922 954/954 956/956
f 1847/1847 1881/1881 1848/1848
f 1848/1848 1881/1881 1883/1883
f 1848/1848 1883/1883 1941/1941
f 1941/1941 1883/1883 1885/1885
f 1941/1941 1885/1885 1942/1942
f 1942/1942 1885/1885 1887/1887
f 1942/1942 1887/1887 1943/1943
f 1943/1943 1887/1887 1889/1889
f 1943/1943 1889/1889 1944/1944
f 1944/1944 1889/1889 1891/1891
f 1944/1944 1891/1891 1945/1945
f 1945/1945 1891/1891 1893/1893
f 1945/1945 1893/1893 1946/1946
f 1946/1946 1893/1893 1895/1895
f 1946/1946 1895/1895 1947/1947
f 1947/1947 1895/1895 1897/1897
f 1947/1947 1897/1897 1948/1948
f 1948/1948 1897/1897 1899/1899
f 1948/1948 1899/1899 1949/1949
f 1949/1949 1899/1899 1901/1901
f 1949/1949 1901/1901 1950/1950
f 1950/1950 1901/1901 1903/1903
f 1950/1950 1903/1903 1951/1951
f 1951/1951 1903/1903 1905/1905
f 1951/1951 1905/1905 1952/1952
f 1952/1952 1905/1905 1907/1907
f 1952/1952 1907/1907 1953/1953
f 1953/1953 1907/1907 1909/1909
f 1953/1953 1909/1909 1954/1954
f 1954/1954 1909/1909 1911/1911
f 1954/1954 1911/1911 1955/1955
f 1955/1955 1911/1911 1913/1913
f 1955/1955 1913/1913 1762/1762
f 1762/1762 1913/1913 1764/1764
f 1823/1823 1822/1822 1850/1850
f 1805/1805 1804/1804 1825/1825
f 1777/1777 1790/1790 1778/1778
f 1778/1778 1790/1790 1792/1792
f 1778/1778 1792/1792 1956/1956
f 1956/1956 1792/1792 1794/1794
f 1956/1956 1794/1794 1957/1957
f 1957/1957 1794/1794 1796/1796
f 1957/1957 1796/1796 1958/1958
f 1958/1958 1796/1796 1798/1798
f 1958/1958 1798/1798 1736/1736
f 1736/1736 1798/1798 1738/1738
f 1782/1782 1784/1784 1775/1775
f 1775/1775 1784/1784 1786/1786
f 1775/1775 1786/1786 1776/1776
f 1776/1776 1786/1786 1724/1724
f 1776/1776 1724/1724 1722/1722
f 1720/1720 1718/1718 1716/1716
f 1197/1197 1199/1199 1959/1959
f 1959/1959 1199/1199 1201/1201
f 1959/1959 1201/1201 1960/1960
f 1960/1960 1201/1201 1203/1203
f 1960/1960 1203/1203 1961/1961
f 1961/1961 1203/1203 1205/1205
f 1961/1961 1205/1205 1962/1962
f 1962/1962 1205/1205 1207/1207
f 1962/1962 1207/1207 1963/1963
f 1963/1963 1207/1207 1209/1209
f 1963/1963 1209/1209 1964/1964
f 1964/1964 1209/1209 1211/1211
f 1964/1964 1211/1211 1965/1965
f 1965/1965 1211/1211 1213/1213
f 1965/1965 1213/1213 1966/1966
f 1966/1966 1213/1213 1215/1215
f 1966/1966 1215/1215 1967/1967
f 1967/1967 1215/1215 1217/1217
f 1967/1967 1217/1217 1968/1968
f 1968/1968 1217/1217 1219/1219
f 1968/1968 1219/1219 1969/1969
f 1969/1969 1219/1219 1221/1221
f 1969/1969 1221/1221 1970/1970
f 1970/1970 1221/1221 1223/1223
f 1970/1970 1223/1223 1971/1971
f 1971/1971 1223/1223 1225/1225
f 1971/1971 1225/1225 1972/1972
f 1972/1972 1225/1225 1227/1227
f 1972/1972 1227/1227 1973/1973
f 1973/1973 1227/1227 1229/1229
f 1973/1973 1229/1229 1974/1974
f 1974/1974 1229/1229 1231/1231
f 1974/1974 1231/1231 1975/1975
f 1975/1975 1231/1231 1233/1233
f 1975/1975 1233/1233 1976/1976
f 1976/1976 1233/1233 1235/1235
f 1976/1976 1235/1235 1977/1977
f 1977/1977 1235/1235 1237/1237
f 1977/1977 1237/1237 1978/1978
f 1978/1978 1237/1237 1239/1239
f 1978/1978 1239/1239 1979/1979
f 1979/1979 1239/1239 1241/1241
f 1979/1979 1241/1241 1980/1980
f 1980/1980 1241/1241 1243/1243
f 1980/1980 1243/1243 1007/1007
f 1007/1007 1243/1243 1009/1009
f 1163/1163 1197/1197 1981/1981
f 1981/1981 1197/1197 1959/1959
f 1981/1981 1959/1959 1982/1982
f 1982/1982 1959/1959 1960/1960
f 1982/1982 1960/1960 1983/1983
f 1983/1983 1960/1960 1961/1961
f 1983/1983 1961/1961 1984/1984
f 1984/1984 1961/1961 1962/1962
f 1984/1984 1962/1962 1985/1985
f 1985/1985 1962/1962 1963/1963
f 1985/1985 1963/1963 1986/1986
f 1986/1986 1963/1963 1964/1964
f 1986/1986 1964/1964 1987/1987
f 1987/1987 1964/1964 1965/1965
f 1987/1987 1965/1965 1988/1988
f 1988/1988 1965/1965 1966/1966
f 1988/1988 1966/1966 1989/1989
f 1989/1989 1966/1966 1967/1967
f 1989/1989 1967/1967 1990/1990
f 1990/1990 1967/1967 1968/1968
f 1990/1990 1968/1968 1991/1991
f 1991/1991 1968/1968 1969/1969
f 1991/1991 1969/1969 1992/1992
f 1992/1992 1969/1969 1970/1970
f 1992/1992 1970/1970 1993/1993
f 1993/1993 1970/1970 1971/1971
f 1993/1993 1971/1971 1994/1994
f 1994/1994 1971/1971 1972/1972
f 1994/1994 1972/1972 1995/1995
f 1995/1995 1972/1972 1973/1973
f 1995/1995 1973/1973 1996/1996
f 1996/1996 1973/1973 1974/1974
f 1996/1996 1974/1974 1997/1997
f 1997/1997 1974/1974 1975/1975
f 1997/1997 1975/1975 1998/1998
f 1998/1998 1975/1975 1976/1976
f 1998/1998 1976/1976 1999/1999
f 1999/1999 1976/1976 1977/1977
f 1999/1999 1977/1977 2000/2000
f 2000/2000 1977/1977 1978/1978
f 2000/2000 1978/1978 2001/2001
f 2001/2001 1978/1978 1979/1979
f 2001/2001 1979/1979 2002/2002
f 2002/2002 1979/1979 1980/1980
f 2002/2002 1980/1980 1005/1005
f 1005/1005 1980/1980 1007/1007
f 1164/1164 1163/1163 2003/2003
f 2003/2003 1163/1163 1981/1981
f 2003/2003 1981/1981 2004/2004
f 2004/2004 1981/1981 1982/1982
f 2004/2004 1982/1982 2005/2005
f 2005/2005 1982/1982 1983/1983
f 2005/2005 1983/1983 2006/2006
f 2006/2006 1983/1983 1984/1984
f 2006/2006 1984/1984 2007/2007
f 2007/2007 1984/1984 1985/1985
f 2007/2007 1985/1985 2008/2008
f 2008/2008 1985/1985 1986/1986
f 2008/2008 1986/1986 2009/2009
f 2009/2009 1986/1986 1987/1987
f 2009/2009 1987/1987 2010/2010
f 2010/2010 1987/1987 1988/1988
f 2010/2010 1988/1988 2011/2011
f 2011/2011 1988/1988 1989/1989
f 2011/2011 1989/1989 2012/2012
f 2012/2012 1989/1989 1990/1990
f 2012/2012 1990/1990 2013/2013
f 2013/2013 1990/1990 1991/1991
f 2013/2013 1991/1991 2014/2014
f 2014/2014 1991/1991 1992/1992
f 2014/2014 1992/1992 2015/2015
f 2015/2015 1992/1992 1993/1993
f 2015/2015 1993/1993 2016/2016
f 2016/2016 1993/1993 1994/1994
f 2016/2016 1994/1994 2017/2017
f 2017/2017 1994/1994 1995/1995
f 2017/2017 1995/1995 2018/2018
f 2018/2018 1995/1995 1996/1996
f 2018/2018 1996/1996 2019/2019
f 2019/2019 1996/1996 1997/1997
f 2019/2019 1997/1997 2020/2020
f 2020/2020 1997/1997 1998/1998
f 2020/2020 1998/1998 2021/2021
f 2021/2021 1998/1998 1999/1999
f 2021/2021 1999/1999 2022/2022
f 2022/2022 1999/1999 2000/2000
f 2022/2022 2000/2000 2023/2023
f 2023/2023 2000/2000 2001/2001
f 2023/2023 2001/2001 2024/2024
f 2024/2024 2001/2001 2002/2002
f 2024/2024 2002/2002 1003/1003
f 1003/1003 2002/2002 1005/1005
f 1164/1164 2003/2003 1166/1166
f 1166/1166 2003/2003 2025/2025
f 1166/1166 2025/2025 1168/1168
f 1168/1168 2025/2025 2026/2026
f 1168/1168 2026/2026 1170/1170
f 1170/1170 2026/2026 2027/2027
f 1170/1170 2027/2027 1172/1172
f 1172/1172 2027/2027 2028/2028
f 1172/1172 2028/2028 1174/1174
f 1174/1174 2028/2028 2029/2029
f 1174/1174 2029/2029 1176/1176
f 1176/1176 2029/2029 2030/2030
f 1176/1176 2030/2030 1178/1178
f 1178/1178 2030/2030 2031/2031
f 1178/1178 2031/2031 1180/1180
f 1180/1180 2031/2031 2032/2032
f 1180/1180 2032/2032 1182/1182
f 1182/1182 2032/2032 2033/2033
f 1182/1182 2033/2033 1184/1184
f 1184/1184 2033/2033 2034/2034
f 1184/1184 2034/2034 1186/1186
f 1186/1186 2034/2034 2035/2035
f 1186/1186 2035/2035 1188/1188
f 1188/1188 2035/2035 2036/2036
f 1188/1188 2036/2036 1190/1190
f 1190/1190 2036/2036 2037/2037
f 1190/1190 2037/2037 1192/1192
f 1192/1192 2037/2037 2038/2038
f 1192/1192 2038/2038 1194/1194
f 1194/1194 2038/2038 2039/2039
f 1194/1194 2039/2039 1196/1196
f 1196/1196 2039/2039 2040/2040
f 1196/1196 2040/2040 1055/1055
f 1055/1055 2040/2040 1056/1056
f 2025/2025 2003/2003 2004/2004
f 1136/1136 1135/1135 2041/2041
f 2041/2041 1135/1135 1167/1167
f 2041/2041 1167/1167 1169/1169
f 1136/1136 2041/2041 1137/1137
f 1137/1137 2041/2041 2042/2042
f 1137/1137 2042/2042 1139/1139
f 1139/1139 2042/2042 2043/2043
f 1139/1139 2043/2043 1141/1141
f 1141/1141 2043/2043 2044/2044
f 1141/1141 2044/2044 1143/1143
f 1143/1143 2044/2044 2045/2045
f 1143/1143 2045/2045 1145/1145
f 1145/1145 2045/2045 2046/2046
f 1145/1145 2046/2046 1147/1147
f 1147/1147 2046/2046 2047/2047
f 1147/1147 2047/2047 1149/1149
f 1149/1149 2047/2047 2048/2048
f 1149/1149 2048/2048 1151/1151
f 1151/1151 2048/2048 2049/2049
f 1151/1151 2049/2049 1153/1153
f 1153/1153 2049/2049 2050/2050
f 1153/1153 2050/2050 1155/1155
f 1155/1155 2050/2050 2051/2051
f 1155/1155 2051/2051 1157/1157
f 1157/1157 2051/2051 2052/2052
f 1157/1157 2052/2052 1159/1159
f 1159/1159 2052/2052 2053/2053
f 1159/1159 2053/2053 1161/1161
f 1161/1161 2053/2053 2054/2054
f 1161/1161 2054/2054 1052/1052
f 1052/1052 2054/2054 1053/1053
f 2042/2042 2041/2041 1169/1169
f 1111/1111 1110/1110 1138/1138
f 1111/1111 1138/1138 1113/1113
f 1113/1113 1138/1138 1140/1140
f 1113/1113 1140/1140 1115/1115
f 1115/1115 1140/1140 1142/1142
f 1115/1115 1142/1142 1117/1117
f 1117/1117 1142/1142 1144/1144
f 1117/1117 1144/1144 1119/1119
f 1119/1119 1144/1144 1146/1146
f 1119/1119 1146/1146 1121/1121
f 1121/1121 1146/1146 1148/1148
f 1121/1121 1148/1148 1123/1123
f 1123/1123 1148/1148 1150/1150
f 1123/1123 1150/1150 1125/1125
f 1125/1125 1150/1150 1152/1152
f 1125/1125 1152/1152 1127/1127
f 1127/1127 1152/1152 1154/1154
f 1127/1127 1154/1154 1129/1129
f 1129/1129 1154/1154 1156/1156
f 1129/1129 1156/1156 1131/1131
f 1131/1131 1156/1156 1158/1158
f 1131/1131 1158/1158 1133/1133
f 1133/1133 1158/1158 1160/1160
f 1133/1133 1160/1160 1050/1050
f 1050/1050 1160/1160 1051/1051
f 1093/1093 1092/1092 2055/2055
f 2055/2055 1092/1092 1114/1114
f 2055/2055 1114/1114 1116/1116
f 1093/1093 2055/2055 1094/1094
f 1094/1094 2055/2055 2056/2056
f 1094/1094 2056/2056 1096/1096
f 1096/1096 2056/2056 2057/2057
f 1096/1096 2057/2057 1098/1098
f 1098/1098 2057/2057 2058/2058
f 1098/1098 2058/2058 1100/1100
f 1100/1100 2058/2058 2059/2059
f 1100/1100 2059/2059 1102/1102
f 1102/1102 2059/2059 2060/2060
f 1102/1102 2060/2060 1104/1104
f 1104/1104 2060/2060 2061/2061
f 1104/1104 2061/2061 1106/1106
f 1106/1106 2061/2061 2062/2062
f 1106/1106 2062/2062 1108/1108
f 1108/1108 2062/2062 2063/2063
f 1108/1108 2063/2063 1047/1047
f 1047/1047 2063/2063 1048/1048
f 2056/2056 2055/2055 1116/1116
f 1079/1079 1078/1078 1095/1095
f 1079/1079 1095/1095 1080/1080
f 1080/1080 1095/1095 1097/1097
f 1080/1080 1097/1097 1082/1082
f 1082/1082 1097/1097 1099/1099
f 1082/1082 1099/1099 1084/1084
f 1084/1084 1099/1099 1101/1101
f 1084/1084 1101/1101 1086/1086
f 1086/1086 1101/1101 1103/1103
f 1086/1086 1103/1103 1088/1088
f 1088/1088 1103/1103 1105/1105
f 1088/1088 1105/1105 1090/1090
f 1090/1090 1105/1105 1107/1107
f 1090/1090 1107/1107 1045/1045
f 1045/1045 1107/1107 1046/1046
f 1068/1068 1067/1067 1081/1081
f 1068/1068 1081/1081 1070/1070
f 1070/1070 1081/1081 1083/1083
f 1070/1070 1083/1083 1072/1072
f 1072/1072 1083/1083 1085/1085
f 1072/1072 1085/1085 1074/1074
f 1074/1074 1085/1085 1087/1087
f 1074/1074 1087/1087 1076/1076
f 1076/1076 1087/1087 1089/1089
f 1076/1076 1089/1089 1043/1043
f 1043/1043 1089/1089 1044/1044
f 1071/1071 1063/1063 2064/2064
f 2064/2064 1063/1063 1062/1062
f 2064/2064 1062/1062 1061/1061
f 1039/1039 1038/1038 1064/1064
f 1065/1065 1063/1063 1073/1073
f 1073/1073 1063/1063 1071/1071
f 1040/1040 1039/1039 1064/1064
f 918/918 920/920 2065/2065
f 2065/2065 920/920 922/922
f 2065/2065 922/922 2066/2066
f 2066/2066 922/922 924/924
f 2066/2066 924/924 1937/1937
f 1061/1061 1069/1069 2064/2064
f 2064/2064 1069/1069 1071/1071
f 1091/1091 1112/1112 1092/1092
f 1092/1092 1112/1112 1114/1114
f 1134/1134 1165/1165 1135/1135
f 1135/1135 1165/1165 1167/1167
f 2025/2025 2004/2004 2067/2067
f 2067/2067 2004/2004 2005/2005
f 2067/2067 2005/2005 2068/2068
f 2068/2068 2005/2005 2006/2006
f 2068/2068 2006/2006 2069/2069
f 2069/2069 2006/2006 2007/2007
f 2069/2069 2007/2007 2070/2070
f 2070/2070 2007/2007 2008/2008
f 2070/2070 2008/2008 2071/2071
f 2071/2071 2008/2008 2009/2009
f 2071/2071 2009/2009 2072/2072
f 2072/2072 2009/2009 2010/2010
f 2072/2072 2010/2010 2073/2073
f 2073/2073 2010/2010 2011/2011
f 2073/2073 2011/2011 2074/2074
f 2074/2074 2011/2011 2012/2012
f 2074/2074 2012/2012 2075/2075
f 2075/2075 2012/2012 2013/2013
f 2075/2075 2013/2013 2076/2076
f 2076/2076 2013/2013 2014/2014
f 2076/2076 2014/2014 2077/2077
f 2077/2077 2014/2014 2015/2015
f 2077/2077 2015/2015 2078/2078
f 2078/2078 2015/2015 2016/2016
f 2078/2078 2016/2016 2079/2079
f 2079/2079 2016/2016 2017/2017
f 2079/2079 2017/2017 2080/2080
f 2080/2080 2017/2017 2018/2018
f 2080/2080 2018/2018 2081/2081
f 2081/2081 2018/2018 2019/2019
f 2081/2081 2019/2019 2082/2082
f 2082/2082 2019/2019 2020/2020
f 2082/2082 2020/2020 2083/2083
f 2083/2083 2020/2020 2021/2021
f 2083/2083 2021/2021 2084/2084
f 2084/2084 2021/2021 2022/2022
f 2084/2084 2022/2022 2085/2085
f 2085/2085 2022/2022 2023/2023
f 2085/2085 2023/2023 2086/2086
f 2086/2086 2023/2023 2024/2024
f 2086/2086 2024/2024 1001/1001
f 1001/1001 2024/2024 1003/1003
f 2025/2025 2067/2067 2026/2026
f 2026/2026 2067/2067 2087/2087
f 2026/2026 2087/2087 2027/2027
f 2027/2027 2087/2087 2088/2088
f 2027/2027 2088/2088 2028/2028
f 2028/2028 2088/2088 2089/2089
f 2028/2028 2089/2089 2029/2029
f 2029/2029 2089/2089 2090/2090
f 2029/2029 2090/2090 2030/2030
f 2030/2030 2090/2090 2091/2091
f 2030/2030 2091/2091 2031/2031
f 2031/2031 2091/2091 2092/2092
f 2031/2031 2092/2092 2032/2032
f 2032/2032 2092/2092 2093/2093
f 2032/2032 2093/2093 2033/2033
f 2033/2033 2093/2093 2094/2094
f 2033/2033 2094/2094 2034/2034
f 2034/2034 2094/2094 2095/2095
f 2034/2034 2095/2095 2035/2035
f 2035/2035 2095/2095 2096/2096
f 2035/2035 2096/2096 2036/2036
f 2036/2036 2096/2096 2097/2097
f 2036/2036 2097/2097 2037/2037
f 2037/2037 2097/2097 2098/2098
f 2037/2037 2098/2098 2038/2038
f 2038/2038 2098/2098 2099/2099
f 2038/2038 2099/2099 2039/2039
f 2039/2039 2099/2099 2100/2100
f 2039/2039 2100/2100 2040/2040
f 2040/2040 2100/2100 2101/2101
f 2040/2040 2101/2101 1056/1056
f 1056/1056 2101/2101 1057/1057
f 2087/2087 2067/2067 2068/2068
f 2042/2042 1169/1169 1171/1171
f 2042/2042 1171/1171 2043/2043
f 2043/2043 1171/1171 1173/1173
f 2043/2043 1173/1173 2044/2044
f 2044/2044 1173/1173 1175/1175
f 2044/2044 1175/1175 2045/2045
f 2045/2045 1175/1175 1177/1177
f 2045/2045 1177/1177 2046/2046
f 2046/2046 1177/1177 1179/1179
f 2046/2046 1179/1179 2047/2047
f 2047/2047 1179/1179 1181/1181
f 2047/2047 1181/1181 2048/2048
f 2048/2048 1181/1181 1183/1183
f 2048/2048 1183/1183 2049/2049
f 2049/2049 1183/1183 1185/1185
f 2049/2049 1185/1185 2050/2050
f 2050/2050 1185/1185 1187/1187
f 2050/2050 1187/1187 2051/2051
f 2051/2051 1187/1187 1189/1189
f 2051/2051 1189/1189 2052/2052
f 2052/2052 1189/1189 1191/1191
f 2052/2052 1191/1191 2053/2053
f 2053/2053 1191/1191 1193/1193
f 2053/2053 1193/1193 2054/2054
f 2054/2054 1193/1193 1195/1195
f 2054/2054 1195/1195 1053/1053
f 1053/1053 1195/1195 1054/1054
f 2056/2056 1116/1116 1118/1118
f 2056/2056 1118/1118 2057/2057
f 2057/2057 1118/1118 1120/1120
f 2057/2057 1120/1120 2058/2058
f 2058/2058 1120/1120 1122/1122
f 2058/2058 1122/1122 2059/2059
f 2059/2059 1122/1122 1124/1124
f 2059/2059 1124/1124 2060/2060
f 2060/2060 1124/1124 1126/1126
f 2060/2060 1126/1126 2061/2061
f 2061/2061 1126/1126 1128/1128
f 2061/2061 1128/1128 2062/2062
f 2062/2062 1128/1128 1130/1130
f 2062/2062 1130/1130 2063/2063
f 2063/2063 1130/1130 1132/1132
f 2063/2063 1132/1132 1048/1048
f 1048/1048 1132/1132 1049/1049
f 1065/1065 1073/1073 1075/1075
f 1042/1042 1041/1041 1075/1075
f 1075/1075 1041/1041 1065/1065
f 2066/2066 2102/2102 2065/2065
f 2065/2065 2102/2102 916/916
f 2065/2065 916/916 918/918
f 1938/1938 1939/1939 2102/2102
f 2102/2102 1939/1939 916/916
f 2102/2102 2066/2066 2103/2103
f 2103/2103 2066/2066 1937/1937
f 2103/2103 1937/1937 1936/1936
f 2087/2087 2068/2068 2104/2104
f 2104/2104 2068/2068 2069/2069
f 2104/2104 2069/2069 2105/2105
f 2105/2105 2069/2069 2070/2070
f 2105/2105 2070/2070 2106/2106
f 2106/2106 2070/2070 2071/2071
f 2106/2106 2071/2071 2107/2107
f 2107/2107 2071/2071 2072/2072
f 2107/2107 2072/2072 2108/2108
f 2108/2108 2072/2072 2073/2073
f 2108/2108 2073/2073 2109/2109
f 2109/2109 2073/2073 2074/2074
f 2109/2109 2074/2074 2110/2110
f 2110/2110 2074/2074 2075/2075
f 2110/2110 2075/2075 2111/2111
f 2111/2111 2075/2075 2076/2076
f 2111/2111 2076/2076 2112/2112
f 2112/2112 2076/2076 2077/2077
f 2112/2112 2077/2077 2113/2113
f 2113/2113 2077/2077 2078/2078
f 2113/2113 2078/2078 2114/2114
f 2114/2114 2078/2078 2079/2079
f 2114/2114 2079/2079 2115/2115
f 2115/2115 2079/2079 2080/2080
f 2115/2115 2080/2080 2116/2116
f 2116/2116 2080/2080 2081/2081
f 2116/2116 2081/2081 2117/2117
f 2117/2117 2081/2081 2082/2082
f 2117/2117 2082/2082 2118/2118
f 2118/2118 2082/2082 2083/2083
f 2118/2118 2083/2083 2119/2119
f 2119/2119 2083/2083 2084/2084
f 2119/2119 2084/2084 2120/2120
f 2120/2120 2084/2084 2085/2085
f 2120/2120 2085/2085 2121/2121
f 2121/2121 2085/2085 2086/2086
f 2121/2121 2086/2086 999/999
f 999/999 2086/2086 1001/1001
f 2087/2087 2104/2104 2088/2088
f 2088/2088 2104/2104 2122/2122
f 2088/2088 2122/2122 2089/2089
f 2089/2089 2122/2122 2123/2123
f 2089/2089 2123/2123 2090/2090
f 2090/2090 2123/2123 2124/2124
f 2090/2090 2124/2124 2091/2091
f 2091/2091 2124/2124 2125/2125
f 2091/2091 2125/2125 2092/2092
f 2092/2092 2125/2125 2126/2126
f 2092/2092 2126/2126 2093/2093
f 2093/2093 2126/2126 2127/2127
f 2093/2093 2127/2127 2094/2094
f 2094/2094 2127/2127 2128/2128
f 2094/2094 2128/2128 2095/2095
f 2095/2095 2128/2128 2129/2129
f 2095/2095 2129/2129 2096/2096
f 2096/2096 2129/2129 2130/2130
f 2096/2096 2130/2130 2097/2097
f 2097/2097 2130/2130 2131/2131
f 2097/2097 2131/2131 2098/2098
f 2098/2098 2131/2131 2132/2132
f 2098/2098 2132/2132 2099/2099
f 2099/2099 2132/2132 2133/2133
f 2099/2099 2133/2133 2100/2100
f 2100/2100 2133/2133 2134/2134
f 2100/2100 2134/2134 2101/2101
f 2101/2101 2134/2134 2135/2135
f 2101/2101 2135/2135 1057/1057
f 1057/1057 2135/2135 1058/1058
f 2122/2122 2104/2104 2105/2105
f 1933/1933 928/928 930/930
f 2102/2102 2103/2103 1938/1938
f 1938/1938 2103/2103 1936/1936
f 2122/2122 2105/2105 2136/2136
f 2136/2136 2105/2105 2106/2106
f 2136/2136 2106/2106 2137/2137
f 2137/2137 2106/2106 2107/2107
f 2137/2137 2107/2107 2138/2138
f 2138/2138 2107/2107 2108/2108
f 2138/2138 2108/2108 2139/2139
f 2139/2139 2108/2108 2109/2109
f 2139/2139 2109/2109 2140/2140
f 2140/2140 2109/2109 2110/2110
f 2140/2140 2110/2110 2141/2141
f 2141/2141 2110/2110 2111/2111
f 2141/2141 2111/2111 2142/2142
f 2142/2142 2111/2111 2112/2112
f 2142/2142 2112/2112 2143/2143
f 2143/2143 2112/2112 2113/2113
f 2143/2143 2113/2113 2144/2144
f 2144/2144 2113/2113 2114/2114
f 2144/2144 2114/2114 2145/2145
f 2145/2145 2114/2114 2115/2115
f 2145/2145 2115/2115 2146/2146
f 2146/2146 2115/2115 2116/2116
f 2146/2146 2116/2116 2147/2147
f 2147/2147 2116/2116 2117/2117
f 2147/2147 2117/2117 2148/2148
f 2148/2148 2117/2117 2118/2118
f 2148/2148 2118/2118 2149/2149
f 2149/2149 2118/2118 2119/2119
f 2149/2149 2119/2119 2150/2150
f 2150/2150 2119/2119 2120/2120
f 2150/2150 2120/2120 2151/2151
f 2151/2151 2120/2120 2121/2121
f 2151/2151 2121/2121 997/997
f 997/997 2121/2121 999/999
f 1933/1933 930/930 2152/2152
f 2152/2152 930/930 932/932
f 2152/2152 932/932 2153/2153
f 2153/2153 932/932 934/934
f 2153/2153 934/934 2154/2154
f 2154/2154 934/934 936/936
f 2154/2154 936/936 2155/2155
f 2155/2155 936/936 938/938
f 2155/2155 938/938 1927/1927
f 1927/1927 938/938 940/940
f 2137/2137 2156/2156 2136/2136
f 2136/2136 2156/2156 2123/2123
f 2136/2136 2123/2123 2122/2122
f 2123/2123 2156/2156 2124/2124
f 2124/2124 2156/2156 2157/2157
f 2124/2124 2157/2157 2125/2125
f 2125/2125 2157/2157 2158/2158
f 2125/2125 2158/2158 2126/2126
f 2126/2126 2158/2158 2159/2159
f 2126/2126 2159/2159 2127/2127
f 2127/2127 2159/2159 2160/2160
f 2127/2127 2160/2160 2128/2128
f 2128/2128 2160/2160 2161/2161
f 2128/2128 2161/2161 2129/2129
f 2129/2129 2161/2161 2162/2162
f 2129/2129 2162/2162 2130/2130
f 2130/2130 2162/2162 2163/2163
f 2130/2130 2163/2163 2131/2131
f 2131/2131 2163/2163 2164/2164
f 2131/2131 2164/2164 2132/2132
f 2132/2132 2164/2164 2165/2165
f 2132/2132 2165/2165 2133/2133
f 2133/2133 2165/2165 2166/2166
f 2133/2133 2166/2166 2134/2134
f 2134/2134 2166/2166 2167/2167
f 2134/2134 2167/2167 2135/2135
f 2135/2135 2167/2167 2168/2168
f 2135/2135 2168/2168 1058/1058
f 1058/1058 2168/2168 1059/1059
f 2156/2156 2137/2137 2169/2169
f 2169/2169 2137/2137 2138/2138
f 2169/2169 2138/2138 2170/2170
f 2170/2170 2138/2138 2139/2139
f 2170/2170 2139/2139 2171/2171
f 2171/2171 2139/2139 2140/2140
f 2171/2171 2140/2140 2172/2172
f 2172/2172 2140/2140 2141/2141
f 2172/2172 2141/2141 2173/2173
f 2173/2173 2141/2141 2142/2142
f 2173/2173 2142/2142 2174/2174
f 2174/2174 2142/2142 2143/2143
f 2174/2174 2143/2143 2175/2175
f 2175/2175 2143/2143 2144/2144
f 2175/2175 2144/2144 2176/2176
f 2176/2176 2144/2144 2145/2145
f 2176/2176 2145/2145 2177/2177
f 2177/2177 2145/2145 2146/2146
f 2177/2177 2146/2146 2178/2178
f 2178/2178 2146/2146 2147/2147
f 2178/2178 2147/2147 2179/2179
f 2179/2179 2147/2147 2148/2148
f 2179/2179 2148/2148 2180/2180
f 2180/2180 2148/2148 2149/2149
f 2180/2180 2149/2149 2181/2181
f 2181/2181 2149/2149 2150/2150
f 2181/2181 2150/2150 2182/2182
f 2182/2182 2150/2150 2151/2151
f 2182/2182 2151/2151 995/995
f 995/995 2151/2151 997/997
f 2153/2153 1929/1929 2152/2152
f 2152/2152 1929/1929 1931/1931
f 2152/2152 1931/1931 1933/1933
f 1929/1929 2153/2153 1926/1926
f 1926/1926 2153/2153 2154/2154
f 1926/1926 2154/2154 2155/2155
f 2170/2170 2183/2183 2169/2169
f 2169/2169 2183/2183 2157/2157
f 2169/2169 2157/2157 2156/2156
f 2157/2157 2183/2183 2158/2158
f 2158/2158 2183/2183 2184/2184
f 2158/2158 2184/2184 2159/2159
f 2159/2159 2184/2184 2185/2185
f 2159/2159 2185/2185 2160/2160
f 2160/2160 2185/2185 2186/2186
f 2160/2160 2186/2186 2161/2161
f 2161/2161 2186/2186 2187/2187
f 2161/2161 2187/2187 2162/2162
f 2162/2162 2187/2187 2188/2188
f 2162/2162 2188/2188 2163/2163
f 2163/2163 2188/2188 2189/2189
f 2163/2163 2189/2189 2164/2164
f 2164/2164 2189/2189 2190/2190
f 2164/2164 2190/2190 2165/2165
f 2165/2165 2190/2190 2191/2191
f 2165/2165 2191/2191 2166/2166
f 2166/2166 2191/2191 2192/2192
f 2166/2166 2192/2192 2167/2167
f 2167/2167 2192/2192 2193/2193
f 2167/2167 2193/2193 2168/2168
f 2168/2168 2193/2193 2194/2194
f 2168/2168 2194/2194 1059/1059
f 1059/1059 2194/2194 1060/1060
f 2183/2183 2170/2170 2195/2195
f 2195/2195 2170/2170 2171/2171
f 2195/2195 2171/2171 2196/2196
f 2196/2196 2171/2171 2172/2172
f 2196/2196 2172/2172 2197/2197
f 2197/2197 2172/2172 2173/2173
f 2197/2197 2173/2173 2198/2198
f 2198/2198 2173/2173 2174/2174
f 2198/2198 2174/2174 2199/2199
f 2199/2199 2174/2174 2175/2175
f 2199/2199 2175/2175 2200/2200
f 2200/2200 2175/2175 2176/2176
f 2200/2200 2176/2176 2201/2201
f 2201/2201 2176/2176 2177/2177
f 2201/2201 2177/2177 2202/2202
f 2202/2202 2177/2177 2178/2178
f 2202/2202 2178/2178 2203/2203
f 2203/2203 2178/2178 2179/2179
f 2203/2203 2179/2179 2204/2204
f 2204/2204 2179/2179 2180/2180
f 2204/2204 2180/2180 2205/2205
f 2205/2205 2180/2180 2181/2181
f 2205/2205 2181/2181 2206/2206
f 2206/2206 2181/2181 2182/2182
f 2206/2206 2182/2182 993/993
f 993/993 2182/2182 995/995
f 2155/2155 1927/1927 1926/1926
f 2196/2196 2207/2207 2195/2195
f 2195/2195 2207/2207 2184/2184
f 2195/2195 2184/2184 2183/2183
f 2184/2184 2207/2207 2185/2185
f 2185/2185 2207/2207 2208/2208
f 2185/2185 2208/2208 2186/2186
f 2186/2186 2208/2208 2209/2209
f 2186/2186 2209/2209 2187/2187
f 2187/2187 2209/2209 2210/2210
f 2187/2187 2210/2210 2188/2188
f 2188/2188 2210/2210 2211/2211
f 2188/2188 2211/2211 2189/2189
f 2189/2189 2211/2211 2212/2212
f 2189/2189 2212/2212 2190/2190
f 2190/2190 2212/2212 2213/2213
f 2190/2190 2213/2213 2191/2191
f 2191/2191 2213/2213 2214/2214
f 2191/2191 2214/2214 2192/2192
f 2192/2192 2214/2214 2215/2215
f 2192/2192 2215/2215 2193/2193
f 2193/2193 2215/2215 2216/2216
f 2193/2193 2216/2216 2194/2194
f 2194/2194 2216/2216 2217/2217
f 2194/2194 2217/2217 1060/1060
f 1060/1060 2217/2217 969/969
f 2207/2207 2196/2196 2218/2218
f 2218/2218 2196/2196 2197/2197
f 2218/2218 2197/2197 2219/2219
f 2219/2219 2197/2197 2198/2198
f 2219/2219 2198/2198 2220/2220
f 2220/2220 2198/2198 2199/2199
f 2220/2220 2199/2199 2221/2221
f 2221/2221 2199/2199 2200/2200
f 2221/2221 2200/2200 2222/2222
f 2222/2222 2200/2200 2201/2201
f 2222/2222 2201/2201 2223/2223
f 2223/2223 2201/2201 2202/2202
f 2223/2223 2202/2202 2224/2224
f 2224/2224 2202/2202 2203/2203
f 2224/2224 2203/2203 2225/2225
f 2225/2225 2203/2203 2204/2204
f 2225/2225 2204/2204 2226/2226
f 2226/2226 2204/2204 2205/2205
f 2226/2226 2205/2205 2227/2227
f 2227/2227 2205/2205 2206/2206
f 2227/2227 2206/2206 991/991
f 991/991 2206/2206 993/993
f 1940/1940 942/942 944/944
f 2207/2207 2218/2218 2208/2208
f 2208/2208 2218/2218 2228/2228
f 2208/2208 2228/2228 2209/2209
f 2209/2209 2228/2228 2229/2229
f 2209/2209 2229/2229 2210/2210
f 2210/2210 2229/2229 2230/2230
f 2210/2210 2230/2230 2211/2211
f 2211/2211 2230/2230 2231/2231
f 2211/2211 2231/2231 2212/2212
f 2212/2212 2231/2231 2232/2232
f 2212/2212 2232/2232 2213/2213
f 2213/2213 2232/2232 2233/2233
f 2213/2213 2233/2233 2214/2214
f 2214/2214 2233/2233 2234/2234
f 2214/2214 2234/2234 2215/2215
f 2215/2215 2234/2234 2235/2235
f 2215/2215 2235/2235 2216/2216
f 2216/2216 2235/2235 2236/2236
f 2216/2216 2236/2236 2217/2217
f 2217/2217 2236/2236 971/971
f 2217/2217 971/971 969/969
f 2228/2228 2218/2218 2219/2219
f 1924/1924 1940/1940 944/944
f 1924/1924 944/944 946/946
f 2228/2228 2219/2219 2237/2237
f 2237/2237 2219/2219 2220/2220
f 2237/2237 2220/2220 2238/2238
f 2238/2238 2220/2220 2221/2221
f 2238/2238 2221/2221 2239/2239
f 2239/2239 2221/2221 2222/2222
f 2239/2239 2222/2222 2240/2240
f 2240/2240 2222/2222 2223/2223
f 2240/2240 2223/2223 2241/2241
f 2241/2241 2223/2223 2224/2224
f 2241/2241 2224/2224 2242/2242
f 2242/2242 2224/2224 2225/2225
f 2242/2242 2225/2225 2243/2243
f 2243/2243 2225/2225 2226/2226
f 2243/2243 2226/2226 2244/2244
f 2244/2244 2226/2226 2227/2227
f 2244/2244 2227/2227 989/989
f 989/989 2227/2227 991/991
f 2228/2228 2237/2237 2229/2229
f 2229/2229 2237/2237 2245/2245
f 2229/2229 2245/2245 2230/2230
f 2230/2230 2245/2245 2246/2246
f 2230/2230 2246/2246 2231/2231
f 2231/2231 2246/2246 2247/2247
f 2231/2231 2247/2247 2232/2232
f 2232/2232 2247/2247 2248/2248
f 2232/2232 2248/2248 2233/2233
f 2233/2233 2248/2248 2249/2249
f 2233/2233 2249/2249 2234/2234
f 2234/2234 2249/2249 2250/2250
f 2234/2234 2250/2250 2235/2235
f 2235/2235 2250/2250 2251/2251
f 2235/2235 2251/2251 2236/2236
f 2236/2236 2251/2251 973/973
f 2236/2236 973/973 971/971
f 2245/2245 2237/2237 2238/2238
f 2245/2245 2238/2238 2252/2252
f 2252/2252 2238/2238 2239/2239
f 2252/2252 2239/2239 2253/2253
f 2253/2253 2239/2239 2240/2240
f 2253/2253 2240/2240 2254/2254
f 2254/2254 2240/2240 2241/2241
f 2254/2254 2241/2241 2255/2255
f 2255/2255 2241/2241 2242/2242
f 2255/2255 2242/2242 2256/2256
f 2256/2256 2242/2242 2243/2243
f 2256/2256 2243/2243 2257/2257
f 2257/2257 2243/2243 2244/2244
f 2257/2257 2244/2244 987/987
f 987/987 2244/2244 989/989
f 2245/2245 2252/2252 2246/2246
f 2246/2246 2252/2252 2258/2258
f 2246/2246 2258/2258 2247/2247
f 2247/2247 2258/2258 2259/2259
f 2247/2247 2259/2259 2248/2248
f 2248/2248 2259/2259 2260/2260
f 2248/2248 2260/2260 2249/2249
f 2249/2249 2260/2260 2261/2261
f 2249/2249 2261/2261 2250/2250
f 2250/2250 2261/2261 2262/2262
f 2250/2250 2262/2262 2251/2251
f 2251/2251 2262/2262 975/975
f 2251/2251 975/975 973/973
f 2258/2258 2252/2252 2253/2253
f 2258/2258 2253/2253 2263/2263
f 2263/2263 2253/2253 2254/2254
f 2263/2263 2254/2254 2264/2264
f 2264/2264 2254/2254 2255/2255
f 2264/2264 2255/2255 2265/2265
f 2265/2265 2255/2255 2256/2256
f 2265/2265 2256/2256 2266/2266
f 2266/2266 2256/2256 2257/2257
f 2266/2266 2257/2257 985/985
f 985/985 2257/2257 987/987
f 2258/2258 2263/2263 2259/2259
f 2259/2259 2263/2263 2267/2267
f 2259/2259 2267/2267 2260/2260
f 2260/2260 2267/2267 2268/2268
f 2260/2260 2268/2268 2261/2261
f 2261/2261 2268/2268 2269/2269
f 2261/2261 2269/2269 2262/2262
f 2262/2262 2269/2269 977/977
f 2262/2262 977/977 975/975
f 2267/2267 2263/2263 2264/2264
f 2267/2267 2264/2264 2270/2270
f 2270/2270 2264/2264 2265/2265
f 2270/2270 2265/2265 2271/2271
f 2271/2271 2265/2265 2266/2266
f 2271/2271 2266/2266 983/983
f 983/983 2266/2266 985/985
f 2271/2271 2272/2272 2270/2270
f 2270/2270 2272/2272 2268/2268
f 2270/2270 2268/2268 2267/2267
f 2268/2268 2272/2272 2269/2269
f 2269/2269 2272/2272 979/979
f 2269/2269 979/979 977/977
f 983/983 981/981 2271/2271
f 2271/2271 981/981 2272/2272
f 981/981 979/979 2272/2272
f 1261/1261 1260/1260 1774/1774
f 1262/1262 1261/1261 2273/2273
f 2273/2273 1261/1261 1774/1774
f 2273/2273 1774/1774 1772/1772
f 1263/1263 1262/1262 2274/2274
f 2274/2274 1262/1262 2273/2273
f 2274/2274 2273/2273 2275/2275
f 2275/2275 2273/2273 1772/1772
f 2275/2275 1772/1772 1770/1770
f 1264/1264 1263/1263 2276/2276
f 2276/2276 1263/1263 2274/2274
f 2276/2276 2274/2274 2277/2277
f 2277/2277 2274/2274 2275/2275
f 2277/2277 2275/2275 2278/2278
f 2278/2278 2275/2275 1770/1770
f 2278/2278 1770/1770 1768/1768
f 1265/1265 1264/1264 2279/2279
f 2279/2279 1264/1264 2276/2276
f 2279/2279 2276/2276 2280/2280
f 2280/2280 2276/2276 2277/2277
f 2280/2280 2277/2277 2281/2281
f 2281/2281 2277/2277 2278/2278
f 2281/2281 2278/2278 2282/2282
f 2282/2282 2278/2278 1768/1768
f 2282/2282 1768/1768 1766/1766
f 1266/1266 1265/1265 2283/2283
f 2283/2283 1265/1265 2279/2279
f 2283/2283 2279/2279 2284/2284
f 2284/2284 2279/2279 2280/2280
f 2284/2284 2280/2280 2285/2285
f 2285/2285 2280/2280 2281/2281
f 2285/2285 2281/2281 2286/2286
f 2286/2286 2281/2281 2282/2282
f 2286/2286 2282/2282 1914/1914
f 1914/1914 2282/2282 1766/1766
f 1267/1267 1266/1266 2287/2287
f 2287/2287 1266/1266 2283/2283
f 2287/2287 2283/2283 2288/2288
f 2288/2288 2283/2283 2284/2284
f 2288/2288 2284/2284 2289/2289
f 2289/2289 2284/2284 2285/2285
f 2289/2289 2285/2285 2290/2290
f 2290/2290 2285/2285 2286/2286
f 2290/2290 2286/2286 1912/1912
f 1912/1912 2286/2286 1914/1914
f 1268/1268 1267/1267 2291/2291
f 2291/2291 1267/1267 2287/2287
f 2291/2291 2287/2287 2292/2292
f 2292/2292 2287/2287 2288/2288
f 2292/2292 2288/2288 2293/2293
f 2293/2293 2288/2288 2289/2289
f 2293/2293 2289/2289 2294/2294
f 2294/2294 2289/2289 2290/2290
f 2294/2294 2290/2290 1910/1910
f 1910/1910 2290/2290 1912/1912
f 1269/1269 1268/1268 2295/2295
f 2295/2295 1268/1268 2291/2291
f 2295/2295 2291/2291 2296/2296
f 2296/2296 2291/2291 2292/2292
f 2296/2296 2292/2292 2297/2297
f 2297/2297 2292/2292 2293/2293
f 2297/2297 2293/2293 2298/2298
f 2298/2298 2293/2293 2294/2294
f 2298/2298 2294/2294 1908/1908
f 1908/1908 2294/2294 1910/1910
f 1270/1270 1269/1269 2299/2299
f 2299/2299 1269/1269 2295/2295
f 2299/2299 2295/2295 2300/2300
f 2300/2300 2295/2295 2296/2296
f 2300/2300 2296/2296 2301/2301
f 2301/2301 2296/2296 2297/2297
f 2301/2301 2297/2297 2302/2302
f 2302/2302 2297/2297 2298/2298
f 2302/2302 2298/2298 1906/1906
f 1906/1906 2298/2298 1908/1908
f 1271/1271 1270/1270 2303/2303
f 2303/2303 1270/1270 2299/2299
f 2303/2303 2299/2299 2304/2304
f 2304/2304 2299/2299 2300/2300
f 2304/2304 2300/2300 2305/2305
f 2305/2305 2300/2300 2301/2301
f 2305/2305 2301/2301 2306/2306
f 2306/2306 2301/2301 2302/2302
f 2306/2306 2302/2302 1904/1904
f 1904/1904 2302/2302 1906/1906
f 1272/1272 1271/1271 2307/2307
f 2307/2307 1271/1271 2303/2303
f 2307/2307 2303/2303 2308/2308
f 2308/2308 2303/2303 2304/2304
f 2308/2308 2304/2304 2309/2309
f 2309/2309 2304/2304 2305/2305
f 2309/2309 2305/2305 2310/2310
f 2310/2310 2305/2305 2306/2306
f 2310/2310 2306/2306 1902/1902
f 1902/1902 2306/2306 1904/1904
f 1273/1273 1272/1272 2311/2311
f 2311/2311 1272/1272 2307/2307
f 2311/2311 2307/2307 2312/2312
f 2312/2312 2307/2307 2308/2308
f 2312/2312 2308/2308 2313/2313
f 2313/2313 2308/2308 2309/2309
f 2313/2313 2309/2309 2314/2314
f 2314/2314 2309/2309 2310/2310
f 2314/2314 2310/2310 1900/1900
f 1900/1900 2310/2310 1902/1902
f 1274/1274 1273/1273 2315/2315
f 2315/2315 1273/1273 2311/2311
f 2315/2315 2311/2311 2316/2316
f 2316/2316 2311/2311 2312/2312
f 2316/2316 2312/2312 2317/2317
f 2317/2317 2312/2312 2313/2313
f 2317/2317 2313/2313 2318/2318
f 2318/2318 2313/2313 2314/2314
f 2318/2318 2314/2314 1898/1898
f 1898/1898 2314/2314 1900/1900
f 1275/1275 1274/1274 2319/2319
f 2319/2319 1274/1274 2315/2315
f 2319/2319 2315/2315 2320/2320
f 2320/2320 2315/2315 2316/2316
f 2320/2320 2316/2316 2321/2321
f 2321/2321 2316/2316 2317/2317
f 2321/2321 2317/2317 2322/2322
f 2322/2322 2317/2317 2318/2318
f 2322/2322 2318/2318 1896/1896
f 1896/1896 2318/2318 1898/1898
f 1276/1276 1275/1275 2323/2323
f 2323/2323 1275/1275 2319/2319
f 2323/2323 2319/2319 2324/2324
f 2324/2324 2319/2319 2320/2320
f 2324/2324 2320/2320 2325/2325
f 2325/2325 2320/2320 2321/2321
f 2325/2325 2321/2321 2326/2326
f 2326/2326 2321/2321 2322/2322
f 2326/2326 2322/2322 1894/1894
f 1894/1894 2322/2322 1896/1896
f 1277/1277 1276/1276 2327/2327
f 2327/2327 1276/1276 2323/2323
f 2327/2327 2323/2323 2328/2328
f 2328/2328 2323/2323 2324/2324
f 2328/2328 2324/2324 2329/2329
f 2329/2329 2324/2324 2325/2325
f 2329/2329 2325/2325 2330/2330
f 2330/2330 2325/2325 2326/2326
f 2330/2330 2326/2326 1892/1892
f 1892/1892 2326/2326 1894/1894
f 1278/1278 1277/1277 2331/2331
f 2331/2331 1277/1277 2327/2327
f 2331/2331 2327/2327 2332/2332
f 2332/2332 2327/2327 2328/2328
f 2332/2332 2328/2328 2333/2333
f 2333/2333 2328/2328 2329/2329
f 2333/2333 2329/2329 2334/2334
f 2334/2334 2329/2329 2330/2330
f 2334/2334 2330/2330 1890/1890
f 1890/1890 2330/2330 1892/1892
f 1279/1279 1278/1278 2335/2335
f 2335/2335 1278/1278 2331/2331
f 2335/2335 2331/2331 2336/2336
f 2336/2336 2331/2331 2332/2332
f 2336/2336 2332/2332 2337/2337
f 2337/2337 2332/2332 2333/2333
f 2337/2337 2333/2333 2338/2338
f 2338/2338 2333/2333 2334/2334
f 2338/2338 2334/2334 1888/1888
f 1888/1888 2334/2334 1890/1890
f 1280/1280 1279/1279 2339/2339
f 2339/2339 1279/1279 2335/2335
f 2339/2339 2335/2335 2340/2340
f 2340/2340 2335/2335 2336/2336
f 2340/2340 2336/2336 2341/2341
f 2341/2341 2336/2336 2337/2337
f 2341/2341 2337/2337 2342/2342
f 2342/2342 2337/2337 2338/2338
f 2342/2342 2338/2338 1886/1886
f 1886/1886 2338/2338 1888/1888
f 1281/1281 1280/1280 2343/2343
f 2343/2343 1280/1280 2339/2339
f 2343/2343 2339/2339 2344/2344
f 2344/2344 2339/2339 2340/2340
f 2344/2344 2340/2340 2345/2345
f 2345/2345 2340/2340 2341/2341
f 2345/2345 2341/2341 2346/2346
f 2346/2346 2341/2341 2342/2342
f 2346/2346 2342/2342 1884/1884
f 1884/1884 2342/2342 1886/1886
f 1281/1281 2343/2343 1919/1919
f 1919/1919 2343/2343 2347/2347
f 1919/1919 2347/2347 1917/1917
f 1917/1917 2347/2347 1915/1915
f 2347/2347 2343/2343 2344/2344
f 1259/1259 1284/1284 1773/1773
f 1773/1773 1284/1284 2348/2348
f 1773/1773 2348/2348 1771/1771
f 1771/1771 2348/2348 2349/2349
f 1771/1771 2349/2349 1769/1769
f 1769/1769 2349/2349 2350/2350
f 1769/1769 2350/2350 1767/1767
f 1767/1767 2350/2350 2351/2351
f 1767/1767 2351/2351 1765/1765
f 1765/1765 2351/2351 2352/2352
f 1765/1765 2352/2352 1763/1763
f 1763/1763 2352/2352 2353/2353
f 1763/1763 2353/2353 1761/1761
f 1761/1761 2353/2353 2354/2354
f 1761/1761 2354/2354 1759/1759
f 1759/1759 2354/2354 2355/2355
f 1759/1759 2355/2355 1757/1757
f 1757/1757 2355/2355 2356/2356
f 1757/1757 2356/2356 1755/1755
f 1755/1755 2356/2356 2357/2357
f 1755/1755 2357/2357 1753/1753
f 1753/1753 2357/2357 2358/2358
f 1753/1753 2358/2358 1751/1751
f 1751/1751 2358/2358 2359/2359
f 1751/1751 2359/2359 1749/1749
f 1749/1749 2359/2359 2360/2360
f 1749/1749 2360/2360 1747/1747
f 1747/1747 2360/2360 2361/2361
f 1747/1747 2361/2361 1745/1745
f 1745/1745 2361/2361 2362/2362
f 1745/1745 2362/2362 1743/1743
f 1743/1743 2362/2362 2363/2363
f 1743/1743 2363/2363 1741/1741
f 1741/1741 2363/2363 2364/2364
f 1741/1741 2364/2364 1739/1739
f 1739/1739 2364/2364 2365/2365
f 1739/1739 2365/2365 1737/1737
f 1737/1737 2365/2365 2366/2366
f 1737/1737 2366/2366 1735/1735
f 1735/1735 2366/2366 2367/2367
f 1735/1735 2367/2367 1733/1733
f 1733/1733 2367/2367 2368/2368
f 1733/1733 2368/2368 1731/1731
f 1731/1731 2368/2368 2369/2369
f 1731/1731 2369/2369 1729/1729
f 1729/1729 2369/2369 2370/2370
f 1729/1729 2370/2370 1727/1727
f 1727/1727 2370/2370 2371/2371
f 1727/1727 2371/2371 1725/1725
f 1725/1725 2371/2371 2372/2372
f 1725/1725 2372/2372 1723/1723
f 1723/1723 2372/2372 2373/2373
f 1723/1723 2373/2373 1721/1721
f 1721/1721 2373/2373 2374/2374
f 1721/1721 2374/2374 1719/1719
f 1719/1719 2374/2374 2375/2375
f 1719/1719 2375/2375 1717/1717
f 1717/1717 2375/2375 2376/2376
f 1717/1717 2376/2376 1715/1715
f 1715/1715 2376/2376 1344/1344
f 1715/1715 1344/1344 1346/1346
f 2347/2347 2344/2344 2377/2377
f 2377/2377 2344/2344 2345/2345
f 2377/2377 2345/2345 2378/2378
f 2378/2378 2345/2345 2346/2346
f 2378/2378 2346/2346 1882/1882
f 1882/1882 2346/2346 1884/1884
f 1286/1286 1288/1288 2348/2348
f 2348/2348 1288/1288 2349/2349
f 2350/2350 2349/2349 1290/1290
f 1290/1290 2349/2349 1288/1288
f 2378/2378 1879/1879 2377/2377
f 2377/2377 1879/1879 1915/1915
f 2377/2377 1915/1915 2347/2347
f 1882/1882 1880/1880 2378/2378
f 2378/2378 1880/1880 1879/1879
f 1284/1284 1286/1286 2348/2348
f 1438/1438 1444/1444 1439/1439
f 1439/1439 1444/1444 2379/2379
f 1439/1439 2379/2379 1440/1440
f 1440/1440 2379/2379 2380/2380
f 1440/1440 2380/2380 1441/1441
f 1441/1441 2380/2380 2381/2381
f 1441/1441 2381/2381 1442/1442
f 1442/1442 2381/2381 2382/2382
f 1442/1442 2382/2382 1443/1443
f 1443/1443 2382/2382 1433/1433
f 1443/1443 1433/1433 1435/1435
f 2350/2350 1290/1290 1292/1292
f 2350/2350 1292/1292 2351/2351
f 2351/2351 1292/1292 1294/1294
f 2351/2351 1294/1294 2352/2352
f 2352/2352 1294/1294 1296/1296
f 2352/2352 1296/1296 2353/2353
f 2353/2353 1296/1296 1298/1298
f 2353/2353 1298/1298 2354/2354
f 2354/2354 1298/1298 1300/1300
f 2354/2354 1300/1300 2355/2355
f 2355/2355 1300/1300 1302/1302
f 2355/2355 1302/1302 2356/2356
f 2356/2356 1302/1302 1304/1304
f 2356/2356 1304/1304 2357/2357
f 2357/2357 1304/1304 1306/1306
f 2357/2357 1306/1306 2358/2358
f 2358/2358 1306/1306 1308/1308
f 2358/2358 1308/1308 2359/2359
f 2359/2359 1308/1308 1310/1310
f 2359/2359 1310/1310 2360/2360
f 2360/2360 1310/1310 1312/1312
f 2360/2360 1312/1312 2361/2361
f 2361/2361 1312/1312 1314/1314
f 2361/2361 1314/1314 2362/2362
f 2362/2362 1314/1314 1316/1316
f 2362/2362 1316/1316 2363/2363
f 2363/2363 1316/1316 1318/1318
f 2363/2363 1318/1318 2364/2364
f 2364/2364 1318/1318 1320/1320
f 2364/2364 1320/1320 2365/2365
f 2365/2365 1320/1320 1322/1322
f 2365/2365 1322/1322 2366/2366
f 2366/2366 1322/1322 1324/1324
f 2366/2366 1324/1324 2367/2367
f 2367/2367 1324/1324 1326/1326
f 2367/2367 1326/1326 2368/2368
f 2368/2368 1326/1326 1328/1328
f 2368/2368 1328/1328 2369/2369
f 2369/2369 1328/1328 1330/1330
f 2369/2369 1330/1330 2370/2370
f 2370/2370 1330/1330 1332/1332
f 2370/2370 1332/1332 2371/2371
f 2371/2371 1332/1332 1334/1334
f 2371/2371 1334/1334 2372/2372
f 2372/2372 1334/1334 1336/1336
f 2372/2372 1336/1336 2373/2373
f 2373/2373 1336/1336 1338/1338
f 2373/2373 1338/1338 2374/2374
f 2374/2374 1338/1338 1340/1340
f 2374/2374 1340/1340 2375/2375
f 2375/2375 1340/1340 1342/1342
f 2375/2375 1342/1342 2376/2376
f 2376/2376 1342/1342 1344/1344
f 1446/1446 1448/1448 2379/2379
f 2379/2379 1448/1448 2380/2380
f 2381/2381 2380/2380 1450/1450
f 1450/1450 2380/2380 1448/1448
f 1955/1955 1762/1762 1760/1760
f 1954/1954 1955/1955 1877/1877
f 1877/1877 1955/1955 1760/1760
f 1953/1953 1954/1954 1875/1875
f 1875/1875 1954/1954 1877/1877
f 1952/1952 1953/1953 1873/1873
f 1873/1873 1953/1953 1875/1875
f 1951/1951 1952/1952 1871/1871
f 1871/1871 1952/1952 1873/1873
f 1950/1950 1951/1951 1869/1869
f 1869/1869 1951/1951 1871/1871
f 1949/1949 1950/1950 1867/1867
f 1867/1867 1950/1950 1869/1869
f 1948/1948 1949/1949 1865/1865
f 1865/1865 1949/1949 1867/1867
f 1947/1947 1948/1948 1863/1863
f 1863/1863 1948/1948 1865/1865
f 1946/1946 1947/1947 1861/1861
f 1861/1861 1947/1947 1863/1863
f 1945/1945 1946/1946 1859/1859
f 1859/1859 1946/1946 1861/1861
f 1944/1944 1945/1945 1857/1857
f 1857/1857 1945/1945 1859/1859
f 1943/1943 1944/1944 1855/1855
f 1855/1855 1944/1944 1857/1857
f 1942/1942 1943/1943 1853/1853
f 1853/1853 1943/1943 1855/1855
f 1941/1941 1942/1942 1851/1851
f 1851/1851 1942/1942 1853/1853
f 1848/1848 1941/1941 1849/1849
f 1849/1849 1941/1941 1851/1851
f 1444/1444 1446/1446 2379/2379
f 2382/2382 2381/2381 1452/1452
f 1452/1452 2381/2381 1450/1450
f 1758/1758 1756/1756 1876/1876
f 1876/1876 1756/1756 2383/2383
f 1876/1876 2383/2383 1874/1874
f 1874/1874 2383/2383 2384/2384
f 1874/1874 2384/2384 1872/1872
f 1872/1872 2384/2384 2385/2385
f 1872/1872 2385/2385 1870/1870
f 1870/1870 2385/2385 2386/2386
f 1870/1870 2386/2386 1868/1868
f 1868/1868 2386/2386 2387/2387
f 1868/1868 2387/2387 1866/1866
f 1866/1866 2387/2387 2388/2388
f 1866/1866 2388/2388 1864/1864
f 1864/1864 2388/2388 2389/2389
f 1864/1864 2389/2389 1862/1862
f 1862/1862 2389/2389 2390/2390
f 1862/1862 2390/2390 1860/1860
f 1860/1860 2390/2390 2391/2391
f 1860/1860 2391/2391 1858/1858
f 1858/1858 2391/2391 2392/2392
f 1858/1858 2392/2392 1856/1856
f 1856/1856 2392/2392 2393/2393
f 1856/1856 2393/2393 1854/1854
f 1854/1854 2393/2393 2394/2394
f 1854/1854 2394/2394 1852/1852
f 1852/1852 2394/2394 1823/1823
f 1852/1852 1823/1823 1850/1850
f 1423/1423 1425/1425 1456/1456
f 1456/1456 1425/1425 1455/1455
f 1456/1456 1455/1455 1454/1454
f 1425/1425 1427/1427 1455/1455
f 2382/2382 1452/1452 1431/1431
f 1431/1431 1433/1433 2382/2382
f 2383/2383 1756/1756 1754/1754
f 2384/2384 2383/2383 1846/1846
f 1846/1846 2383/2383 1754/1754
f 2385/2385 2384/2384 1844/1844
f 1844/1844 2384/2384 1846/1846
f 2386/2386 2385/2385 1842/1842
f 1842/1842 2385/2385 1844/1844
f 2387/2387 2386/2386 1840/1840
f 1840/1840 2386/2386 1842/1842
f 2388/2388 2387/2387 1838/1838
f 1838/1838 2387/2387 1840/1840
f 2389/2389 2388/2388 1836/1836
f 1836/1836 2388/2388 1838/1838
f 2390/2390 2389/2389 1834/1834
f 1834/1834 2389/2389 1836/1836
f 2391/2391 2390/2390 1832/1832
f 1832/1832 2390/2390 1834/1834
f 2392/2392 2391/2391 1830/1830
f 1830/1830 2391/2391 1832/1832
f 2393/2393 2392/2392 1828/1828
f 1828/1828 2392/2392 1830/1830
f 2394/2394 2393/2393 1826/1826
f 1826/1826 2393/2393 1828/1828
f 1823/1823 2394/2394 1824/1824
f 1824/1824 2394/2394 1826/1826
f 1424/1424 1422/1422 2395/2395
f 2395/2395 1422/1422 1420/1420
f 2395/2395 1420/1420 2396/2396
f 2396/2396 1420/1420 1418/1418
f 2396/2396 1418/1418 1416/1416
f 1426/1426 1424/1424 2397/2397
f 2397/2397 1424/1424 2395/2395
f 2397/2397 2395/2395 2398/2398
f 2398/2398 2395/2395 2396/2396
f 2398/2398 2396/2396 2399/2399
f 2399/2399 2396/2396 1416/1416
f 2399/2399 1416/1416 1414/1414
f 1428/1428 1426/1426 2400/2400
f 2400/2400 1426/1426 2397/2397
f 2400/2400 2397/2397 2401/2401
f 2401/2401 2397/2397 2398/2398
f 2401/2401 2398/2398 2402/2402
f 2402/2402 2398/2398 2399/2399
f 2402/2402 2399/2399 2403/2403
f 2403/2403 2399/2399 1414/1414
f 2403/2403 1414/1414 1412/1412
f 1430/1430 1428/1428 2404/2404
f 2404/2404 1428/1428 2400/2400
f 2404/2404 2400/2400 2405/2405
f 2405/2405 2400/2400 2401/2401
f 2405/2405 2401/2401 2406/2406
f 2406/2406 2401/2401 2402/2402
f 2406/2406 2402/2402 2407/2407
f 2407/2407 2402/2402 2403/2403
f 2407/2407 2403/2403 2408/2408
f 2408/2408 2403/2403 1412/1412
f 2408/2408 1412/1412 1410/1410
f 1432/1432 1430/1430 2409/2409
f 2409/2409 1430/1430 2404/2404
f 2409/2409 2404/2404 2410/2410
f 2410/2410 2404/2404 2405/2405
f 2410/2410 2405/2405 2411/2411
f 2411/2411 2405/2405 2406/2406
f 2411/2411 2406/2406 2412/2412
f 2412/2412 2406/2406 2407/2407
f 2412/2412 2407/2407 2413/2413
f 2413/2413 2407/2407 2408/2408
f 2413/2413 2408/2408 2414/2414
f 2414/2414 2408/2408 1410/1410
f 2414/2414 1410/1410 1408/1408
f 1434/1434 1432/1432 2415/2415
f 2415/2415 1432/1432 2409/2409
f 2415/2415 2409/2409 2416/2416
f 2416/2416 2409/2409 2410/2410
f 2416/2416 2410/2410 2417/2417
f 2417/2417 2410/2410 2411/2411
f 2417/2417 2411/2411 2418/2418
f 2418/2418 2411/2411 2412/2412
f 2418/2418 2412/2412 2419/2419
f 2419/2419 2412/2412 2413/2413
f 2419/2419 2413/2413 2420/2420
f 2420/2420 2413/2413 2414/2414
f 2420/2420 2414/2414 2421/2421
f 2421/2421 2414/2414 1408/1408
f 2421/2421 1408/1408 1406/1406
f 1436/1436 1434/1434 2422/2422
f 2422/2422 1434/1434 2415/2415
f 2422/2422 2415/2415 2423/2423
f 2423/2423 2415/2415 2416/2416
f 2423/2423 2416/2416 2424/2424
f 2424/2424 2416/2416 2417/2417
f 2424/2424 2417/2417 2425/2425
f 2425/2425 2417/2417 2418/2418
f 2425/2425 2418/2418 2426/2426
f 2426/2426 2418/2418 2419/2419
f 2426/2426 2419/2419 2427/2427
f 2427/2427 2419/2419 2420/2420
f 2427/2427 2420/2420 2428/2428
f 2428/2428 2420/2420 2421/2421
f 2428/2428 2421/2421 2429/2429
f 2429/2429 2421/2421 1406/1406
f 2429/2429 1406/1406 1404/1404
f 1303/1303 1436/1436 2430/2430
f 2430/2430 1436/1436 2422/2422
f 2430/2430 2422/2422 2431/2431
f 2431/2431 2422/2422 2423/2423
f 2431/2431 2423/2423 2432/2432
f 2432/2432 2423/2423 2424/2424
f 2432/2432 2424/2424 2433/2433
f 2433/2433 2424/2424 2425/2425
f 2433/2433 2425/2425 2434/2434
f 2434/2434 2425/2425 2426/2426
f 2434/2434 2426/2426 2435/2435
f 2435/2435 2426/2426 2427/2427
f 2435/2435 2427/2427 2436/2436
f 2436/2436 2427/2427 2428/2428
f 2436/2436 2428/2428 2437/2437
f 2437/2437 2428/2428 2429/2429
f 2437/2437 2429/2429 2438/2438
f 2438/2438 2429/2429 1404/1404
f 2438/2438 1404/1404 1402/1402
f 1303/1303 2430/2430 1305/1305
f 1305/1305 2430/2430 2439/2439
f 1305/1305 2439/2439 1307/1307
f 1307/1307 2439/2439 2440/2440
f 1307/1307 2440/2440 1309/1309
f 1309/1309 2440/2440 2441/2441
f 1309/1309 2441/2441 1311/1311
f 1311/1311 2441/2441 2442/2442
f 1311/1311 2442/2442 1313/1313
f 1313/1313 2442/2442 2443/2443
f 1313/1313 2443/2443 1315/1315
f 1315/1315 2443/2443 2444/2444
f 1315/1315 2444/2444 1317/1317
f 1317/1317 2444/2444 2445/2445
f 1317/1317 2445/2445 1319/1319
f 1319/1319 2445/2445 2446/2446
f 1319/1319 2446/2446 1321/1321
f 1321/1321 2446/2446 2447/2447
f 1321/1321 2447/2447 1323/1323
f 1323/1323 2447/2447 2448/2448
f 1323/1323 2448/2448 1325/1325
f 1325/1325 2448/2448 2449/2449
f 1325/1325 2449/2449 1327/1327
f 1327/1327 2449/2449 2450/2450
f 1327/1327 2450/2450 1329/1329
f 1329/1329 2450/2450 2451/2451
f 1329/1329 2451/2451 1331/1331
f 1331/1331 2451/2451 2452/2452
f 1331/1331 2452/2452 1333/1333
f 1333/1333 2452/2452 2453/2453
f 1333/1333 2453/2453 1335/1335
f 1335/1335 2453/2453 2454/2454
f 1335/1335 2454/2454 1337/1337
f 1337/1337 2454/2454 2455/2455
f 1337/1337 2455/2455 1339/1339
f 1339/1339 2455/2455 2456/2456
f 1339/1339 2456/2456 1341/1341
f 1341/1341 2456/2456 2457/2457
f 1341/1341 2457/2457 1343/1343
f 1343/1343 2457/2457 2458/2458
f 1343/1343 2458/2458 1345/1345
f 1345/1345 2458/2458 2459/2459
f 1345/1345 2459/2459 1347/1347
f 1347/1347 2459/2459 1352/1352
f 1347/1347 1352/1352 1350/1350
f 2439/2439 2430/2430 2431/2431
f 1845/1845 1752/1752 1750/1750
f 1843/1843 1845/1845 2460/2460
f 2460/2460 1845/1845 1750/1750
f 2460/2460 1750/1750 1748/1748
f 1841/1841 1843/1843 2461/2461
f 2461/2461 1843/1843 2460/2460
f 2461/2461 2460/2460 1821/1821
f 1821/1821 2460/2460 1748/1748
f 1839/1839 1841/1841 2462/2462
f 2462/2462 1841/1841 2461/2461
f 2462/2462 2461/2461 1819/1819
f 1819/1819 2461/2461 1821/1821
f 1837/1837 1839/1839 2463/2463
f 2463/2463 1839/1839 2462/2462
f 2463/2463 2462/2462 1817/1817
f 1817/1817 2462/2462 1819/1819
f 1835/1835 1837/1837 2464/2464
f 2464/2464 1837/1837 2463/2463
f 2464/2464 2463/2463 1815/1815
f 1815/1815 2463/2463 1817/1817
f 1833/1833 1835/1835 2465/2465
f 2465/2465 1835/1835 2464/2464
f 2465/2465 2464/2464 1813/1813
f 1813/1813 2464/2464 1815/1815
f 1831/1831 1833/1833 2466/2466
f 2466/2466 1833/1833 2465/2465
f 2466/2466 2465/2465 1811/1811
f 1811/1811 2465/2465 1813/1813
f 1829/1829 1831/1831 2467/2467
f 2467/2467 1831/1831 2466/2466
f 2467/2467 2466/2466 1809/1809
f 1809/1809 2466/2466 1811/1811
f 1827/1827 1829/1829 2468/2468
f 2468/2468 1829/1829 2467/2467
f 2468/2468 2467/2467 1807/1807
f 1807/1807 2467/2467 1809/1809
f 1825/1825 1827/1827 1805/1805
f 1805/1805 1827/1827 2468/2468
f 1805/1805 2468/2468 1806/1806
f 1806/1806 2468/2468 1807/1807
f 2439/2439 2431/2431 2469/2469
f 2469/2469 2431/2431 2432/2432
f 2469/2469 2432/2432 2470/2470
f 2470/2470 2432/2432 2433/2433
f 2470/2470 2433/2433 2471/2471
f 2471/2471 2433/2433 2434/2434
f 2471/2471 2434/2434 2472/2472
f 2472/2472 2434/2434 2435/2435
f 2472/2472 2435/2435 2473/2473
f 2473/2473 2435/2435 2436/2436
f 2473/2473 2436/2436 2474/2474
f 2474/2474 2436/2436 2437/2437
f 2474/2474 2437/2437 2475/2475
f 2475/2475 2437/2437 2438/2438
f 2475/2475 2438/2438 2476/2476
f 2476/2476 2438/2438 1402/1402
f 2476/2476 1402/1402 1400/1400
f 2439/2439 2469/2469 2440/2440
f 2440/2440 2469/2469 2477/2477
f 2440/2440 2477/2477 2441/2441
f 2441/2441 2477/2477 2478/2478
f 2441/2441 2478/2478 2442/2442
f 2442/2442 2478/2478 2479/2479
f 2442/2442 2479/2479 2443/2443
f 2443/2443 2479/2479 2480/2480
f 2443/2443 2480/2480 2444/2444
f 2444/2444 2480/2480 2481/2481
f 2444/2444 2481/2481 2445/2445
f 2445/2445 2481/2481 2482/2482
f 2445/2445 2482/2482 2446/2446
f 2446/2446 2482/2482 2483/2483
f 2446/2446 2483/2483 2447/2447
f 2447/2447 2483/2483 2484/2484
f 2447/2447 2484/2484 2448/2448
f 2448/2448 2484/2484 2485/2485
f 2448/2448 2485/2485 2449/2449
f 2449/2449 2485/2485 2486/2486
f 2449/2449 2486/2486 2450/2450
f 2450/2450 2486/2486 2487/2487
f 2450/2450 2487/2487 2451/2451
f 2451/2451 2487/2487 2488/2488
f 2451/2451 2488/2488 2452/2452
f 2452/2452 2488/2488 2489/2489
f 2452/2452 2489/2489 2453/2453
f 2453/2453 2489/2489 2490/2490
f 2453/2453 2490/2490 2454/2454
f 2454/2454 2490/2490 2491/2491
f 2454/2454 2491/2491 2455/2455
f 2455/2455 2491/2491 2492/2492
f 2455/2455 2492/2492 2456/2456
f 2456/2456 2492/2492 2493/2493
f 2456/2456 2493/2493 2457/2457
f 2457/2457 2493/2493 2494/2494
f 2457/2457 2494/2494 2458/2458
f 2458/2458 2494/2494 2495/2495
f 2458/2458 2495/2495 2459/2459
f 2459/2459 2495/2495 2496/2496
f 2459/2459 2496/2496 1352/1352
f 1352/1352 2496/2496 1354/1354
f 2477/2477 2469/2469 2470/2470
f 1746/1746 1744/1744 1820/1820
f 1820/1820 1744/1744 2497/2497
f 1820/1820 2497/2497 1818/1818
f 1818/1818 2497/2497 2498/2498
f 1818/1818 2498/2498 1816/1816
f 1816/1816 2498/2498 2499/2499
f 1816/1816 2499/2499 1814/1814
f 1814/1814 2499/2499 2500/2500
f 1814/1814 2500/2500 1812/1812
f 1812/1812 2500/2500 2501/2501
f 1812/1812 2501/2501 1810/1810
f 1810/1810 2501/2501 2502/2502
f 1810/1810 2502/2502 1808/1808
f 1808/1808 2502/2502 1802/1802
f 1808/1808 1802/1802 1801/1801
f 2477/2477 2470/2470 2503/2503
f 2503/2503 2470/2470 2471/2471
f 2503/2503 2471/2471 2504/2504
f 2504/2504 2471/2471 2472/2472
f 2504/2504 2472/2472 2505/2505
f 2505/2505 2472/2472 2473/2473
f 2505/2505 2473/2473 2506/2506
f 2506/2506 2473/2473 2474/2474
f 2506/2506 2474/2474 2507/2507
f 2507/2507 2474/2474 2475/2475
f 2507/2507 2475/2475 2508/2508
f 2508/2508 2475/2475 2476/2476
f 2508/2508 2476/2476 2509/2509
f 2509/2509 2476/2476 1400/1400
f 2509/2509 1400/1400 1398/1398
f 1744/1744 1742/1742 2497/2497
f 2497/2497 1742/1742 2510/2510
f 2497/2497 2510/2510 2498/2498
f 2498/2498 2510/2510 2511/2511
f 2498/2498 2511/2511 2499/2499
f 2499/2499 2511/2511 2512/2512
f 2499/2499 2512/2512 2500/2500
f 2500/2500 2512/2512 2513/2513
f 2500/2500 2513/2513 2501/2501
f 2501/2501 2513/2513 2514/2514
f 2501/2501 2514/2514 2502/2502
f 2502/2502 2514/2514 1803/1803
f 2502/2502 1803/1803 1802/1802
f 1487/1487 2515/2515 1485/1485
f 1485/1485 2515/2515 1460/1460
f 1485/1485 1460/1460 1459/1459
f 1460/1460 2515/2515 1461/1461
f 1461/1461 2515/2515 2516/2516
f 1461/1461 2516/2516 1462/1462
f 1462/1462 2516/2516 2517/2517
f 1462/1462 2517/2517 1463/1463
f 1463/1463 2517/2517 2518/2518
f 1463/1463 2518/2518 1464/1464
f 1464/1464 2518/2518 2519/2519
f 1464/1464 2519/2519 1465/1465
f 1465/1465 2519/2519 2520/2520
f 1465/1465 2520/2520 1466/1466
f 1466/1466 2520/2520 2521/2521
f 1466/1466 2521/2521 1467/1467
f 1467/1467 2521/2521 2522/2522
f 1467/1467 2522/2522 1468/1468
f 1468/1468 2522/2522 2523/2523
f 1468/1468 2523/2523 1469/1469
f 1469/1469 2523/2523 2524/2524
f 1469/1469 2524/2524 1470/1470
f 1470/1470 2524/2524 2525/2525
f 1470/1470 2525/2525 1471/1471
f 1471/1471 2525/2525 2526/2526
f 1471/1471 2526/2526 1472/1472
f 1472/1472 2526/2526 2527/2527
f 1472/1472 2527/2527 1473/1473
f 1473/1473 2527/2527 2528/2528
f 1473/1473 2528/2528 1474/1474
f 1474/1474 2528/2528 2529/2529
f 1474/1474 2529/2529 1475/1475
f 1475/1475 2529/2529 2530/2530
f 1475/1475 2530/2530 1476/1476
f 1476/1476 2530/2530 2531/2531
f 1476/1476 2531/2531 1477/1477
f 1477/1477 2531/2531 1525/1525
f 1477/1477 1525/1525 1478/1478
f 2515/2515 1487/1487 2532/2532
f 2532/2532 1487/1487 1489/1489
f 2532/2532 1489/1489 1491/1491
f 2504/2504 2533/2533 2503/2503
f 2503/2503 2533/2533 2478/2478
f 2503/2503 2478/2478 2477/2477
f 2478/2478 2533/2533 2479/2479
f 2479/2479 2533/2533 2534/2534
f 2479/2479 2534/2534 2480/2480
f 2480/2480 2534/2534 2535/2535
f 2480/2480 2535/2535 2481/2481
f 2481/2481 2535/2535 2536/2536
f 2481/2481 2536/2536 2482/2482
f 2482/2482 2536/2536 2537/2537
f 2482/2482 2537/2537 2483/2483
f 2483/2483 2537/2537 2538/2538
f 2483/2483 2538/2538 2484/2484
f 2484/2484 2538/2538 2539/2539
f 2484/2484 2539/2539 2485/2485
f 2485/2485 2539/2539 2540/2540
f 2485/2485 2540/2540 2486/2486
f 2486/2486 2540/2540 2541/2541
f 2486/2486 2541/2541 2487/2487
f 2487/2487 2541/2541 2542/2542
f 2487/2487 2542/2542 2488/2488
f 2488/2488 2542/2542 2543/2543
f 2488/2488 2543/2543 2489/2489
f 2489/2489 2543/2543 2544/2544
f 2489/2489 2544/2544 2490/2490
f 2490/2490 2544/2544 2545/2545
f 2490/2490 2545/2545 2491/2491
f 2491/2491 2545/2545 2546/2546
f 2491/2491 2546/2546 2492/2492
f 2492/2492 2546/2546 2547/2547
f 2492/2492 2547/2547 2493/2493
f 2493/2493 2547/2547 2548/2548
f 2493/2493 2548/2548 2494/2494
f 2494/2494 2548/2548 2549/2549
f 2494/2494 2549/2549 2495/2495
f 2495/2495 2549/2549 2550/2550
f 2495/2495 2550/2550 2496/2496
f 2496/2496 2550/2550 2551/2551
f 2496/2496 2551/2551 1354/1354
f 1354/1354 2551/2551 1356/1356
f 2533/2533 2504/2504 2552/2552
f 2552/2552 2504/2504 2505/2505
f 2552/2552 2505/2505 2553/2553
f 2553/2553 2505/2505 2506/2506
f 2553/2553 2506/2506 2554/2554
f 2554/2554 2506/2506 2507/2507
f 2554/2554 2507/2507 2508/2508
f 2510/2510 1742/1742 1740/1740
f 2511/2511 2510/2510 1799/1799
f 1799/1799 2510/2510 1740/1740
f 2512/2512 2511/2511 1797/1797
f 1797/1797 2511/2511 1799/1799
f 2513/2513 2512/2512 1795/1795
f 1795/1795 2512/2512 1797/1797
f 2514/2514 2513/2513 1793/1793
f 1793/1793 2513/2513 1795/1795
f 1803/1803 2514/2514 1791/1791
f 1791/1791 2514/2514 1793/1793
f 1491/1491 2555/2555 2532/2532
f 2532/2532 2555/2555 2516/2516
f 2532/2532 2516/2516 2515/2515
f 2516/2516 2555/2555 2517/2517
f 2517/2517 2555/2555 2556/2556
f 2517/2517 2556/2556 2518/2518
f 2518/2518 2556/2556 2557/2557
f 2518/2518 2557/2557 2519/2519
f 2519/2519 2557/2557 2558/2558
f 2519/2519 2558/2558 2520/2520
f 2520/2520 2558/2558 2559/2559
f 2520/2520 2559/2559 2521/2521
f 2521/2521 2559/2559 2560/2560
f 2521/2521 2560/2560 2522/2522
f 2522/2522 2560/2560 2561/2561
f 2522/2522 2561/2561 2523/2523
f 2523/2523 2561/2561 2562/2562
f 2523/2523 2562/2562 2524/2524
f 2524/2524 2562/2562 2563/2563
f 2524/2524 2563/2563 2525/2525
f 2525/2525 2563/2563 2564/2564
f 2525/2525 2564/2564 2526/2526
f 2526/2526 2564/2564 2565/2565
f 2526/2526 2565/2565 2527/2527
f 2527/2527 2565/2565 2566/2566
f 2527/2527 2566/2566 2528/2528
f 2528/2528 2566/2566 2567/2567
f 2528/2528 2567/2567 2529/2529
f 2529/2529 2567/2567 2568/2568
f 2529/2529 2568/2568 2530/2530
f 2530/2530 2568/2568 2569/2569
f 2530/2530 2569/2569 2531/2531
f 2531/2531 2569/2569 1523/1523
f 2531/2531 1523/1523 1525/1525
f 2556/2556 2555/2555 1493/1493
f 1493/1493 2555/2555 1491/1491
f 2553/2553 2570/2570 2552/2552
f 2552/2552 2570/2570 2534/2534
f 2552/2552 2534/2534 2533/2533
f 2534/2534 2570/2570 2535/2535
f 2535/2535 2570/2570 2571/2571
f 2535/2535 2571/2571 2536/2536
f 2536/2536 2571/2571 2537/2537
f 2570/2570 2553/2553 2572/2572
f 2572/2572 2553/2553 2554/2554
f 2572/2572 2554/2554 2573/2573
f 2573/2573 2554/2554 2574/2574
f 2573/2573 2574/2574 2575/2575
f 2575/2575 2574/2574 2576/2576
f 2575/2575 2576/2576 2577/2577
f 2577/2577 2576/2576 2578/2578
f 2577/2577 2578/2578 2579/2579
f 2579/2579 2578/2578 1396/1396
f 2579/2579 1396/1396 1394/1394
f 1736/1736 1734/1734 1958/1958
f 1958/1958 1734/1734 2580/2580
f 1958/1958 2580/2580 1957/1957
f 1957/1957 2580/2580 2581/2581
f 1957/1957 2581/2581 1956/1956
f 1956/1956 2581/2581 2582/2582
f 1956/1956 2582/2582 1778/1778
f 1778/1778 2582/2582 1779/1779
f 1492/1492 1528/1528 1494/1494
f 1494/1494 1528/1528 2583/2583
f 1494/1494 2583/2583 1496/1496
f 1496/1496 2583/2583 2584/2584
f 1496/1496 2584/2584 1498/1498
f 1498/1498 2584/2584 2585/2585
f 1498/1498 2585/2585 1500/1500
f 1500/1500 2585/2585 2586/2586
f 1500/1500 2586/2586 1502/1502
f 1502/1502 2586/2586 2587/2587
f 1502/1502 2587/2587 1504/1504
f 1504/1504 2587/2587 2588/2588
f 1504/1504 2588/2588 1506/1506
f 1506/1506 2588/2588 2589/2589
f 1506/1506 2589/2589 1508/1508
f 1508/1508 2589/2589 2590/2590
f 1508/1508 2590/2590 1510/1510
f 1510/1510 2590/2590 2591/2591
f 1510/1510 2591/2591 1512/1512
f 1512/1512 2591/2591 2592/2592
f 1512/1512 2592/2592 1514/1514
f 1514/1514 2592/2592 2593/2593
f 1514/1514 2593/2593 1516/1516
f 1516/1516 2593/2593 2594/2594
f 1516/1516 2594/2594 1518/1518
f 1518/1518 2594/2594 2595/2595
f 1518/1518 2595/2595 1520/1520
f 1520/1520 2595/2595 2596/2596
f 1520/1520 2596/2596 1522/1522
f 1522/1522 2596/2596 2597/2597
f 1522/1522 2597/2597 2598/2598
f 2598/2598 2597/2597 2599/2599
f 2598/2598 2599/2599 2600/2600
f 2600/2600 2599/2599 2601/2601
f 2600/2600 2601/2601 2602/2602
f 2602/2602 2601/2601 2603/2603
f 2602/2602 2603/2603 1570/1570
f 1570/1570 2603/2603 1568/1568
f 2556/2556 1493/1493 1495/1495
f 2556/2556 1495/1495 2557/2557
f 2557/2557 1495/1495 1497/1497
f 2557/2557 1497/1497 2558/2558
f 2558/2558 1497/1497 1499/1499
f 2558/2558 1499/1499 2559/2559
f 2559/2559 1499/1499 1501/1501
f 2559/2559 1501/1501 2560/2560
f 2560/2560 1501/1501 1503/1503
f 2560/2560 1503/1503 2561/2561
f 2561/2561 1503/1503 1505/1505
f 2561/2561 1505/1505 2562/2562
f 2562/2562 1505/1505 1507/1507
f 2562/2562 1507/1507 2563/2563
f 2563/2563 1507/1507 1509/1509
f 2563/2563 1509/1509 2564/2564
f 2564/2564 1509/1509 1511/1511
f 2564/2564 1511/1511 2565/2565
f 2565/2565 1511/1511 1513/1513
f 2565/2565 1513/1513 2566/2566
f 2566/2566 1513/1513 1515/1515
f 2566/2566 1515/1515 2567/2567
f 2567/2567 1515/1515 1517/1517
f 2567/2567 1517/1517 2568/2568
f 2568/2568 1517/1517 1519/1519
f 2568/2568 1519/1519 2569/2569
f 2569/2569 1519/1519 1521/1521
f 2569/2569 1521/1521 1523/1523
f 2576/2576 2574/2574 2508/2508
f 2508/2508 2574/2574 2554/2554
f 2576/2576 2508/2508 2509/2509
f 2573/2573 2604/2604 2572/2572
f 2572/2572 2604/2604 2571/2571
f 2572/2572 2571/2571 2570/2570
f 2571/2571 2604/2604 2537/2537
f 2537/2537 2604/2604 2605/2605
f 2537/2537 2605/2605 2538/2538
f 2538/2538 2605/2605 2606/2606
f 2538/2538 2606/2606 2539/2539
f 2539/2539 2606/2606 2607/2607
f 2539/2539 2607/2607 2540/2540
f 2540/2540 2607/2607 2608/2608
f 2540/2540 2608/2608 2541/2541
f 2541/2541 2608/2608 2609/2609
f 2541/2541 2609/2609 2542/2542
f 2542/2542 2609/2609 2610/2610
f 2542/2542 2610/2610 2543/2543
f 2543/2543 2610/2610 2611/2611
f 2543/2543 2611/2611 2544/2544
f 2544/2544 2611/2611 2612/2612
f 2544/2544 2612/2612 2545/2545
f 2545/2545 2612/2612 2613/2613
f 2545/2545 2613/2613 2546/2546
f 2546/2546 2613/2613 2614/2614
f 2546/2546 2614/2614 2547/2547
f 2547/2547 2614/2614 2615/2615
f 2547/2547 2615/2615 2548/2548
f 2548/2548 2615/2615 2616/2616
f 2548/2548 2616/2616 2549/2549
f 2549/2549 2616/2616 2617/2617
f 2549/2549 2617/2617 2550/2550
f 2550/2550 2617/2617 2618/2618
f 2550/2550 2618/2618 2551/2551
f 2551/2551 2618/2618 2619/2619
f 2551/2551 2619/2619 1356/1356
f 1356/1356 2619/2619 1358/1358
f 2604/2604 2573/2573 2620/2620
f 2620/2620 2573/2573 2575/2575
f 2620/2620 2575/2575 2621/2621
f 2621/2621 2575/2575 2577/2577
f 2621/2621 2577/2577 2622/2622
f 2622/2622 2577/2577 2579/2579
f 2622/2622 2579/2579 2623/2623
f 2623/2623 2579/2579 1394/1394
f 2623/2623 1394/1394 1392/1392
f 2580/2580 1734/1734 1732/1732
f 2581/2581 2580/2580 2624/2624
f 2624/2624 2580/2580 1732/1732
f 2624/2624 1732/1732 1730/1730
f 2582/2582 2581/2581 2625/2625
f 2625/2625 2581/2581 2624/2624
f 2625/2625 2624/2624 2626/2626
f 2626/2626 2624/2624 1730/1730
f 2626/2626 1730/1730 1728/1728
f 1779/1779 2582/2582 1781/1781
f 1781/1781 2582/2582 2625/2625
f 1781/1781 2625/2625 1783/1783
f 1783/1783 2625/2625 2626/2626
f 1783/1783 2626/2626 1785/1785
f 1785/1785 2626/2626 1728/1728
f 1785/1785 1728/1728 1726/1726
f 1775/1775 1780/1780 1782/1782
f 1528/1528 1530/1530 2583/2583
f 2583/2583 1530/1530 1532/1532
f 2583/2583 1532/1532 2584/2584
f 2584/2584 1532/1532 1534/1534
f 2584/2584 1534/1534 2585/2585
f 2585/2585 1534/1534 1536/1536
f 2585/2585 1536/1536 2586/2586
f 2586/2586 1536/1536 1538/1538
f 2586/2586 1538/1538 2587/2587
f 2587/2587 1538/1538 1540/1540
f 2587/2587 1540/1540 2588/2588
f 2588/2588 1540/1540 1542/1542
f 2588/2588 1542/1542 2589/2589
f 2589/2589 1542/1542 1544/1544
f 2589/2589 1544/1544 2590/2590
f 2590/2590 1544/1544 1546/1546
f 2590/2590 1546/1546 2591/2591
f 2591/2591 1546/1546 1548/1548
f 2591/2591 1548/1548 2592/2592
f 2592/2592 1548/1548 1550/1550
f 2592/2592 1550/1550 2593/2593
f 2593/2593 1550/1550 1552/1552
f 2593/2593 1552/1552 2594/2594
f 2594/2594 1552/1552 1554/1554
f 2594/2594 1554/1554 2595/2595
f 2595/2595 1554/1554 1556/1556
f 2595/2595 1556/1556 2596/2596
f 2596/2596 1556/1556 1558/1558
f 2596/2596 1558/1558 2597/2597
f 2597/2597 1558/1558 1560/1560
f 2597/2597 1560/1560 2599/2599
f 2599/2599 1560/1560 1562/1562
f 2599/2599 1562/1562 2601/2601
f 2601/2601 1562/1562 1564/1564
f 2601/2601 1564/1564 2603/2603
f 2603/2603 1564/1564 1566/1566
f 2603/2603 1566/1566 1568/1568
f 2578/2578 2576/2576 2509/2509
f 2578/2578 2509/2509 1398/1398
f 2604/2604 2620/2620 2605/2605
f 2605/2605 2620/2620 2627/2627
f 2605/2605 2627/2627 2606/2606
f 2606/2606 2627/2627 2628/2628
f 2606/2606 2628/2628 2607/2607
f 2607/2607 2628/2628 2629/2629
f 2607/2607 2629/2629 2608/2608
f 2608/2608 2629/2629 2630/2630
f 2608/2608 2630/2630 2609/2609
f 2609/2609 2630/2630 2631/2631
f 2609/2609 2631/2631 2610/2610
f 2610/2610 2631/2631 2632/2632
f 2610/2610 2632/2632 2611/2611
f 2611/2611 2632/2632 2633/2633
f 2611/2611 2633/2633 2612/2612
f 2612/2612 2633/2633 2634/2634
f 2612/2612 2634/2634 2613/2613
f 2613/2613 2634/2634 2635/2635
f 2613/2613 2635/2635 2614/2614
f 2614/2614 2635/2635 2636/2636
f 2614/2614 2636/2636 2615/2615
f 2615/2615 2636/2636 2637/2637
f 2615/2615 2637/2637 2616/2616
f 2616/2616 2637/2637 2638/2638
f 2616/2616 2638/2638 2617/2617
f 2617/2617 2638/2638 2639/2639
f 2617/2617 2639/2639 2618/2618
f 2618/2618 2639/2639 2640/2640
f 2618/2618 2640/2640 2619/2619
f 2619/2619 2640/2640 2641/2641
f 2619/2619 2641/2641 1358/1358
f 1358/1358 2641/2641 1360/1360
f 2627/2627 2620/2620 2621/2621
f 2578/2578 1398/1398 1396/1396
f 2627/2627 2621/2621 2642/2642
f 2642/2642 2621/2621 2622/2622
f 2642/2642 2622/2622 2643/2643
f 2643/2643 2622/2622 2623/2623
f 2643/2643 2623/2623 2644/2644
f 2644/2644 2623/2623 1392/1392
f 2644/2644 1392/1392 1390/1390
f 2627/2627 2642/2642 2628/2628
f 2628/2628 2642/2642 2645/2645
f 2628/2628 2645/2645 2629/2629
f 2629/2629 2645/2645 2646/2646
f 2629/2629 2646/2646 2630/2630
f 2630/2630 2646/2646 2647/2647
f 2630/2630 2647/2647 2631/2631
f 2631/2631 2647/2647 2648/2648
f 2631/2631 2648/2648 2632/2632
f 2632/2632 2648/2648 2649/2649
f 2632/2632 2649/2649 2633/2633
f 2633/2633 2649/2649 2650/2650
f 2633/2633 2650/2650 2634/2634
f 2634/2634 2650/2650 2651/2651
f 2634/2634 2651/2651 2635/2635
f 2635/2635 2651/2651 2652/2652
f 2635/2635 2652/2652 2636/2636
f 2636/2636 2652/2652 2653/2653
f 2636/2636 2653/2653 2637/2637
f 2637/2637 2653/2653 2654/2654
f 2637/2637 2654/2654 2638/2638
f 2638/2638 2654/2654 2655/2655
f 2638/2638 2655/2655 2639/2639
f 2639/2639 2655/2655 2656/2656
f 2639/2639 2656/2656 2640/2640
f 2640/2640 2656/2656 2657/2657
f 2640/2640 2657/2657 2641/2641
f 2641/2641 2657/2657 2658/2658
f 2641/2641 2658/2658 1360/1360
f 1360/1360 2658/2658 1362/1362
f 2645/2645 2642/2642 2643/2643
f 1594/1594 1611/1611 1595/1595
f 1595/1595 1611/1611 1613/1613
f 1595/1595 1613/1613 1596/1596
f 1596/1596 1613/1613 1615/1615
f 1596/1596 1615/1615 1597/1597
f 1597/1597 1615/1615 1617/1617
f 1597/1597 1617/1617 1598/1598
f 1598/1598 1617/1617 1619/1619
f 1598/1598 1619/1619 1599/1599
f 1599/1599 1619/1619 1621/1621
f 1599/1599 1621/1621 1600/1600
f 1600/1600 1621/1621 1623/1623
f 1600/1600 1623/1623 1601/1601
f 1601/1601 1623/1623 1625/1625
f 1601/1601 1625/1625 1602/1602
f 1602/1602 1625/1625 1627/1627
f 1602/1602 1627/1627 1603/1603
f 1603/1603 1627/1627 1629/1629
f 1603/1603 1629/1629 1604/1604
f 1604/1604 1629/1629 1631/1631
f 1604/1604 1631/1631 1605/1605
f 1605/1605 1631/1631 1633/1633
f 1605/1605 1633/1633 1606/1606
f 1606/1606 1633/1633 1635/1635
f 1606/1606 1635/1635 1607/1607
f 1607/1607 1635/1635 1637/1637
f 1607/1607 1637/1637 1608/1608
f 1608/1608 1637/1637 1639/1639
f 1608/1608 1639/1639 1609/1609
f 1609/1609 1639/1639 1610/1610
f 2645/2645 2643/2643 2659/2659
f 2659/2659 2643/2643 2644/2644
f 2659/2659 2644/2644 2660/2660
f 2660/2660 2644/2644 1390/1390
f 2660/2660 1390/1390 1388/1388
f 2645/2645 2659/2659 2646/2646
f 2646/2646 2659/2659 2661/2661
f 2646/2646 2661/2661 2647/2647
f 2647/2647 2661/2661 2662/2662
f 2647/2647 2662/2662 2648/2648
f 2648/2648 2662/2662 2663/2663
f 2648/2648 2663/2663 2649/2649
f 2649/2649 2663/2663 2664/2664
f 2649/2649 2664/2664 2650/2650
f 2650/2650 2664/2664 2665/2665
f 2650/2650 2665/2665 2651/2651
f 2651/2651 2665/2665 2666/2666
f 2651/2651 2666/2666 2652/2652
f 2652/2652 2666/2666 2667/2667
f 2652/2652 2667/2667 2653/2653
f 2653/2653 2667/2667 2668/2668
f 2653/2653 2668/2668 2654/2654
f 2654/2654 2668/2668 2669/2669
f 2654/2654 2669/2669 2655/2655
f 2655/2655 2669/2669 2670/2670
f 2655/2655 2670/2670 2656/2656
f 2656/2656 2670/2670 2671/2671
f 2656/2656 2671/2671 2657/2657
f 2657/2657 2671/2671 2672/2672
f 2657/2657 2672/2672 2658/2658
f 2658/2658 2672/2672 1364/1364
f 2658/2658 1364/1364 1362/1362
f 2661/2661 2659/2659 2660/2660
f 2660/2660 1388/1388 2661/2661
f 2661/2661 1388/1388 2662/2662
f 2663/2663 2662/2662 1386/1386
f 1386/1386 2662/2662 1388/1388
f 2664/2664 2663/2663 1384/1384
f 1384/1384 2663/2663 1386/1386
f 1656/1656 2673/2673 1654/1654
f 1654/1654 2673/2673 1643/1643
f 1654/1654 1643/1643 1642/1642
f 1643/1643 2673/2673 1644/1644
f 1644/1644 2673/2673 2674/2674
f 1644/1644 2674/2674 1645/1645
f 1645/1645 2674/2674 2675/2675
f 1645/1645 2675/2675 1646/1646
f 1646/1646 2675/2675 2676/2676
f 1646/1646 2676/2676 1647/1647
f 1647/1647 2676/2676 2677/2677
f 1647/1647 2677/2677 1648/1648
f 1648/1648 2677/2677 2678/2678
f 1648/1648 2678/2678 1649/1649
f 1649/1649 2678/2678 2679/2679
f 1649/1649 2679/2679 1650/1650
f 1650/1650 2679/2679 2680/2680
f 1650/1650 2680/2680 1651/1651
f 1651/1651 2680/2680 2681/2681
f 1651/1651 2681/2681 1652/1652
f 1652/1652 2681/2681 1678/1678
f 2673/2673 1656/1656 2682/2682
f 2682/2682 1656/1656 1658/1658
f 2682/2682 1658/1658 1660/1660
f 2664/2664 1384/1384 1382/1382
f 2664/2664 1382/1382 2665/2665
f 2665/2665 1382/1382 1380/1380
f 2665/2665 1380/1380 2666/2666
f 2666/2666 1380/1380 1378/1378
f 2666/2666 1378/1378 2667/2667
f 2667/2667 1378/1378 1376/1376
f 2667/2667 1376/1376 2668/2668
f 2668/2668 1376/1376 1374/1374
f 2668/2668 1374/1374 2669/2669
f 2669/2669 1374/1374 1372/1372
f 2669/2669 1372/1372 2670/2670
f 2670/2670 1372/1372 1370/1370
f 2670/2670 1370/1370 2671/2671
f 2671/2671 1370/1370 1368/1368
f 2671/2671 1368/1368 2672/2672
f 2672/2672 1368/1368 1366/1366
f 2672/2672 1366/1366 1364/1364
f 1660/1660 2683/2683 2682/2682
f 2682/2682 2683/2683 2674/2674
f 2682/2682 2674/2674 2673/2673
f 2674/2674 2683/2683 2675/2675
f 2675/2675 2683/2683 2684/2684
f 2675/2675 2684/2684 2676/2676
f 2676/2676 2684/2684 2685/2685
f 2676/2676 2685/2685 2677/2677
f 2677/2677 2685/2685 2686/2686
f 2677/2677 2686/2686 2678/2678
f 2678/2678 2686/2686 2687/2687
f 2678/2678 2687/2687 2679/2679
f 2679/2679 2687/2687 2688/2688
f 2679/2679 2688/2688 2680/2680
f 2680/2680 2688/2688 2689/2689
f 2680/2680 2689/2689 2681/2681
f 2681/2681 2689/2689 1676/1676
f 2681/2681 1676/1676 1678/1678
f 2684/2684 2683/2683 1662/1662
f 1662/1662 2683/2683 1660/1660
f 1661/1661 1680/1680 1663/1663
f 1663/1663 1680/1680 2690/2690
f 1663/1663 2690/2690 1665/1665
f 1665/1665 2690/2690 2691/2691
f 1665/1665 2691/2691 1667/1667
f 1667/1667 2691/2691 2692/2692
f 1667/1667 2692/2692 1669/1669
f 1669/1669 2692/2692 2693/2693
f 1669/1669 2693/2693 1671/1671
f 1671/1671 2693/2693 1692/1692
f 1671/1671 1692/1692 1673/1673
f 2684/2684 1662/1662 1664/1664
f 2684/2684 1664/1664 2685/2685
f 2685/2685 1664/1664 1666/1666
f 2685/2685 1666/1666 2686/2686
f 2686/2686 1666/1666 1668/1668
f 2686/2686 1668/1668 2687/2687
f 2687/2687 1668/1668 1670/1670
f 2687/2687 1670/1670 2688/2688
f 2688/2688 1670/1670 1672/1672
f 2688/2688 1672/1672 2689/2689
f 2689/2689 1672/1672 1674/1674
f 2689/2689 1674/1674 1676/1676
f 1522/1522 2598/2598 1524/1524
f 1524/1524 2598/2598 2694/2694
f 1524/1524 2694/2694 1526/1526
f 1526/1526 2694/2694 2695/2695
f 1526/1526 2695/2695 1479/1479
f 1479/1479 2695/2695 1480/1480
f 1351/1351 1353/1353 2696/2696
f 2696/2696 1353/1353 1355/1355
f 2696/2696 1355/1355 1711/1711
f 1713/1713 1349/1349 1351/1351
f 1680/1680 1682/1682 2690/2690
f 2690/2690 1682/1682 1684/1684
f 2690/2690 1684/1684 2691/2691
f 2691/2691 1684/1684 1686/1686
f 2691/2691 1686/1686 2692/2692
f 2692/2692 1686/1686 1688/1688
f 2692/2692 1688/1688 2693/2693
f 2693/2693 1688/1688 1690/1690
f 2693/2693 1690/1690 1692/1692
f 2598/2598 2600/2600 2694/2694
f 2694/2694 2600/2600 2697/2697
f 2694/2694 2697/2697 2695/2695
f 2695/2695 2697/2697 1574/1574
f 2695/2695 1574/1574 1480/1480
f 1714/1714 1713/1713 2696/2696
f 2696/2696 1713/1713 1351/1351
f 1714/1714 2696/2696 1711/1711
f 2697/2697 2600/2600 2602/2602
f 1574/1574 2697/2697 1572/1572
f 1572/1572 2697/2697 2602/2602
f 1572/1572 2602/2602 1570/1570
f 1481/1481 1573/1573 1482/1482
f 1482/1482 1573/1573 1703/1703
f 1482/1482 1703/1703 1483/1483
f 1483/1483 1703/1703 1484/1484
f 1706/1706 1705/1705 1707/1707
f 1700/1700 1699/1699 1701/1701
f 1701/1701 1699/1699 1698/1698
f 2698/2698 2699/2699 2700/2700
f 2700/2700 2699/2699 2701/2701
f 2700/2700 2701/2701 2702/2702
f 2702/2702 2701/2701 2703/2703
f 2702/2702 2703/2703 2704/2704
f 2704/2704 2703/2703 2705/2705
f 2704/2704 2705/2705 2706/2706
f 2699/2699 2698/2698 2707/2707
f 2707/2707 2698/2698 2708/2708
f 2707/2707 2708/2708 2709/2709
f 2709/2709 2708/2708 2710/2710
f 2709/2709 2710/2710 2711/2711
f 2711/2711 2710/2710 2712/2712
f 2711/2711 2712/2712 2713/2713
f 2713/2713 2712/2712 2714/2714
f 2713/2713 2714/2714 2715/2715
f 2715/2715 2714/2714 2716/2716
f 2715/2715 2716/2716 2717/2717
f 2717/2717 2716/2716 2718/2718
f 2717/2717 2718/2718 2719/2719
f 2719/2719 2718/2718 2720/2720
f 2719/2719 2720/2720 2721/2721
f 2721/2721 2720/2720 2722/2722
f 2721/2721 2722/2722 2723/2723
f 2723/2723 2722/2722 2724/2724
f 2723/2723 2724/2724 2725/2725
f 2725/2725 2724/2724 2726/2726
f 2725/2725 2726/2726 2727/2727
f 2727/2727 2726/2726 2728/2728
f 2727/2727 2728/2728 2729/2729
f 2729/2729 2728/2728 2730/2730
f 2729/2729 2730/2730 2731/2731
f 2731/2731 2730/2730 2732/2732
f 2731/2731 2732/2732 2733/2733
f 2733/2733 2732/2732 2734/2734
f 2733/2733 2734/2734 2735/2735
f 2716/2716 2736/2736 2718/2718
f 2718/2718 2736/2736 2737/2737
f 2718/2718 2737/2737 2720/2720
f 2720/2720 2737/2737 2738/2738
f 2720/2720 2738/2738 2722/2722
f 2722/2722 2738/2738 2724/2724
f 2737/2737 2736/2736 2739/2739
f 2739/2739 2736/2736 2740/2740
f 2739/2739 2740/2740 2741/2741
f 2741/2741 2740/2740 2742/2742
f 2741/2741 2742/2742 2743/2743
f 2743/2743 2742/2742 2732/2732
f 2743/2743 2732/2732 2730/2730
f 2742/2742 2734/2734 2732/2732
f 2744/2744 2745/2745 2735/2735
f 2735/2735 2745/2745 2746/2746
f 2735/2735 2746/2746 2733/2733
f 2733/2733 2746/2746 2747/2747
f 2733/2733 2747/2747 2731/2731
f 2731/2731 2747/2747 2748/2748
f 2731/2731 2748/2748 2729/2729
f 2729/2729 2748/2748 2749/2749
f 2729/2729 2749/2749 2727/2727
f 2750/2750 2751/2751 2744/2744
f 2744/2744 2751/2751 2752/2752
f 2744/2744 2752/2752 2745/2745
f 2745/2745 2752/2752 2753/2753
f 2745/2745 2753/2753 2754/2754
f 2754/2754 2753/2753 2755/2755
f 2754/2754 2755/2755 2756/2756
f 2756/2756 2755/2755 2757/2757
f 2756/2756 2757/2757 2749/2749
f 2750/2750 2758/2758 2751/2751
f 2751/2751 2758/2758 2759/2759
f 2751/2751 2759/2759 2752/2752
f 2752/2752 2759/2759 2753/2753
f 2758/2758 2760/2760 2759/2759
f 2759/2759 2760/2760 2761/2761
f 2759/2759 2761/2761 2753/2753
f 2753/2753 2761/2761 2755/2755
f 2760/2760 2762/2762 2761/2761
f 2761/2761 2762/2762 2757/2757
f 2761/2761 2757/2757 2755/2755
f 2723/2723 2763/2763 2721/2721
f 2721/2721 2763/2763 2764/2764
f 2721/2721 2764/2764 2719/2719
f 2719/2719 2764/2764 2765/2765
f 2719/2719 2765/2765 2717/2717
f 2717/2717 2765/2765 2715/2715
f 2763/2763 2766/2766 2764/2764
f 2764/2764 2766/2766 2767/2767
f 2764/2764 2767/2767 2765/2765
f 2765/2765 2767/2767 2768/2768
f 2765/2765 2768/2768 2715/2715
f 2715/2715 2768/2768 2713/2713
f 2766/2766 2769/2769 2767/2767
f 2767/2767 2769/2769 2770/2770
f 2767/2767 2770/2770 2768/2768
f 2768/2768 2770/2770 2771/2771
f 2768/2768 2771/2771 2713/2713
f 2713/2713 2771/2771 2711/2711
f 2770/2770 2769/2769 2772/2772
f 2772/2772 2769/2769 2773/2773
f 2772/2772 2773/2773 2774/2774
f 2774/2774 2773/2773 2775/2775
f 2774/2774 2775/2775 2776/2776
f 2776/2776 2775/2775 2777/2777
f 2776/2776 2777/2777 2778/2778
f 2778/2778 2777/2777 2779/2779
f 2778/2778 2779/2779 2703/2703
f 2703/2703 2779/2779 2705/2705
f 2749/2749 2748/2748 2756/2756
f 2756/2756 2748/2748 2747/2747
f 2756/2756 2747/2747 2754/2754
f 2754/2754 2747/2747 2746/2746
f 2754/2754 2746/2746 2745/2745
f 2778/2778 2703/2703 2701/2701
f 2701/2701 2699/2699 2780/2780
f 2780/2780 2699/2699 2707/2707
f 2780/2780 2707/2707 2781/2781
f 2781/2781 2707/2707 2709/2709
f 2781/2781 2709/2709 2782/2782
f 2782/2782 2709/2709 2711/2711
f 2782/2782 2711/2711 2771/2771
f 2776/2776 2778/2778 2780/2780
f 2780/2780 2778/2778 2701/2701
f 2776/2776 2780/2780 2781/2781
f 2774/2774 2776/2776 2781/2781
f 2774/2774 2781/2781 2782/2782
f 2772/2772 2774/2774 2782/2782
f 2772/2772 2782/2782 2771/2771
f 2770/2770 2772/2772 2771/2771
f 2738/2738 2737/2737 2739/2739
f 2738/2738 2739/2739 2783/2783
f 2783/2783 2739/2739 2741/2741
f 2783/2783 2741/2741 2784/2784
f 2784/2784 2741/2741 2743/2743
f 2784/2784 2743/2743 2730/2730
f 2726/2726 2724/2724 2783/2783
f 2783/2783 2724/2724 2738/2738
f 2726/2726 2783/2783 2784/2784
f 2726/2726 2784/2784 2728/2728
f 2728/2728 2784/2784 2730/2730
f 2785/2785 2786/2786 2787/2787
f 2787/2787 2786/2786 2788/2788
f 2787/2787 2788/2788 2789/2789
f 2789/2789 2788/2788 2790/2790
f 2789/2789 2790/2790 2791/2791
f 2791/2791 2790/2790 2792/2792
f 2791/2791 2792/2792 2793/2793
f 2793/2793 2792/2792 2794/2794
f 2793/2793 2794/2794 2795/2795
f 2795/2795 2794/2794 2796/2796
f 2795/2795 2796/2796 2797/2797
f 2797/2797 2796/2796 2798/2798
f 2797/2797 2798/2798 2799/2799
f 2799/2799 2798/2798 2800/2800
f 2799/2799 2800/2800 2787/2787
f 2787/2787 2800/2800 2801/2801
f 2801/2801 2800/2800 2802/2802
f 2802/2802 2800/2800 2803/2803
f 2802/2802 2803/2803 2804/2804
f 2804/2804 2803/2803 2805/2805
f 2804/2804 2805/2805 2794/2794
f 2794/2794 2805/2805 2806/2806
f 2794/2794 2806/2806 2796/2796
f 2796/2796 2806/2806 2798/2798
f 2786/2786 2785/2785 2807/2807
f 2807/2807 2785/2785 2808/2808
f 2807/2807 2808/2808 2809/2809
f 2809/2809 2808/2808 2810/2810
f 2809/2809 2810/2810 2794/2794
f 2787/2787 2811/2811 2812/2812
f 2812/2812 2811/2811 2813/2813
f 2812/2812 2813/2813 2797/2797
f 2797/2797 2813/2813 2795/2795
f 2797/2797 2799/2799 2812/2812
f 2812/2812 2799/2799 2787/2787
f 2809/2809 2794/2794 2792/2792
f 2788/2788 2786/2786 2807/2807
f 2792/2792 2790/2790 2809/2809
f 2809/2809 2790/2790 2807/2807
f 2811/2811 2787/2787 2789/2789
f 2790/2790 2788/2788 2807/2807
f 2806/2806 2805/2805 2803/2803
f 2806/2806 2803/2803 2798/2798
f 2798/2798 2803/2803 2800/2800
f 2811/2811 2789/2789 2791/2791
f 2795/2795 2813/2813 2793/2793
f 2793/2793 2813/2813 2791/2791
f 2813/2813 2811/2811 2791/2791
f 2814/2814 2815/2815 2816/2816
f 2816/2816 2815/2815 2817/2817
f 2816/2816 2817/2817 2818/2818
f 2818/2818 2817/2817 2819/2819
f 2818/2818 2819/2819 2820/2820
f 2820/2820 2819/2819 2821/2821
f 2820/2820 2821/2821 2822/2822
f 2823/2823 2824/2824 2822/2822
f 2822/2822 2824/2824 2825/2825
f 2822/2822 2825/2825 2826/2826
f 2826/2826 2825/2825 2827/2827
f 2826/2826 2827/2827 2818/2818
f 2818/2818 2827/2827 2816/2816
f 2828/2828 2829/2829 2823/2823
f 2823/2823 2829/2829 2830/2830
f 2823/2823 2830/2830 2824/2824
f 2824/2824 2830/2830 2831/2831
f 2824/2824 2831/2831 2832/2832
f 2832/2832 2831/2831 2833/2833
f 2832/2832 2833/2833 2834/2834
f 2834/2834 2833/2833 2835/2835
f 2834/2834 2835/2835 2814/2814
f 2828/2828 2836/2836 2829/2829
f 2829/2829 2836/2836 2837/2837
f 2829/2829 2837/2837 2838/2838
f 2838/2838 2837/2837 2839/2839
f 2838/2838 2839/2839 2840/2840
f 2840/2840 2839/2839 2841/2841
f 2840/2840 2841/2841 2835/2835
f 2835/2835 2841/2841 2842/2842
f 2842/2842 2841/2841 2843/2843
f 2842/2842 2843/2843 2844/2844
f 2844/2844 2843/2843 2845/2845
f 2845/2845 2843/2843 2846/2846
f 2846/2846 2843/2843 2847/2847
f 2846/2846 2847/2847 2848/2848
f 2848/2848 2847/2847 2849/2849
f 2848/2848 2849/2849 2850/2850
f 2850/2850 2849/2849 2851/2851
f 2851/2851 2849/2849 2837/2837
f 2851/2851 2837/2837 2836/2836
f 2814/2814 2852/2852 2853/2853
f 2853/2853 2852/2852 2854/2854
f 2853/2853 2854/2854 2834/2834
f 2834/2834 2854/2854 2832/2832
f 2818/2818 2820/2820 2826/2826
f 2826/2826 2820/2820 2822/2822
f 2834/2834 2814/2814 2853/2853
f 2835/2835 2833/2833 2840/2840
f 2840/2840 2833/2833 2831/2831
f 2840/2840 2831/2831 2838/2838
f 2838/2838 2831/2831 2830/2830
f 2838/2838 2830/2830 2829/2829
f 2847/2847 2843/2843 2841/2841
f 2839/2839 2837/2837 2849/2849
f 2814/2814 2816/2816 2852/2852
f 2852/2852 2816/2816 2827/2827
f 2852/2852 2827/2827 2854/2854
f 2854/2854 2827/2827 2825/2825
f 2854/2854 2825/2825 2832/2832
f 2832/2832 2825/2825 2824/2824
f 2847/2847 2841/2841 2839/2839
f 2847/2847 2839/2839 2849/2849
f 2855/2855 2856/2856 2857/2857
f 2857/2857 2856/2856 2858/2858
f 2857/2857 2858/2858 2859/2859
f 2859/2859 2858/2858 2860/2860
f 2859/2859 2860/2860 2861/2861
f 2856/2856 2862/2862 2858/2858
f 2858/2858 2862/2862 2863/2863
f 2858/2858 2863/2863 2864/2864
f 2862/2862 2865/2865 2863/2863
f 2864/2864 2860/2860 2858/2858
f 2866/2866 2867/2867 2868/2868
f 2868/2868 2867/2867 2869/2869
f 2868/2868 2869/2869 2870/2870
f 2870/2870 2869/2869 2871/2871
f 2870/2870 2871/2871 2872/2872
f 2867/2867 2873/2873 2869/2869
f 2869/2869 2873/2873 2874/2874
f 2869/2869 2874/2874 2871/2871
f 2871/2871 2874/2874 2875/2875
f 2875/2875 2874/2874 2876/2876
f 2876/2876 2874/2874 2877/2877
f 2876/2876 2877/2877 2878/2878
f 2878/2878 2877/2877 2879/2879
f 2878/2878 2879/2879 2880/2880
f 2880/2880 2879/2879 2881/2881
f 2881/2881 2879/2879 2882/2882
f 2881/2881 2882/2882 2883/2883
f 2883/2883 2882/2882 2884/2884
f 2883/2883 2884/2884 2885/2885
f 2885/2885 2884/2884 2886/2886
f 2885/2885 2886/2886 2887/2887
f 2887/2887 2886/2886 2888/2888
f 2887/2887 2888/2888 2889/2889
f 2889/2889 2888/2888 2890/2890
f 2890/2890 2888/2888 2891/2891
f 2890/2890 2891/2891 2892/2892
f 2892/2892 2891/2891 2893/2893
f 2892/2892 2893/2893 2894/2894
f 2894/2894 2893/2893 2895/2895
f 2895/2895 2893/2893 2896/2896
f 2895/2895 2896/2896 2897/2897
f 2897/2897 2896/2896 2898/2898
f 2897/2897 2898/2898 2899/2899
f 2899/2899 2898/2898 2900/2900
f 2900/2900 2898/2898 2901/2901
f 2900/2900 2901/2901 2902/2902
f 2902/2902 2901/2901 2903/2903
f 2902/2902 2903/2903 2904/2904
f 2904/2904 2903/2903 2905/2905
f 2904/2904 2905/2905 2906/2906
f 2906/2906 2905/2905 2907/2907
f 2906/2906 2907/2907 2908/2908
f 2908/2908 2907/2907 2909/2909
f 2909/2909 2907/2907 2910/2910
f 2909/2909 2910/2910 2911/2911
f 2911/2911 2910/2910 2912/2912
f 2911/2911 2912/2912 2913/2913
f 2913/2913 2912/2912 2914/2914
f 2914/2914 2912/2912 2915/2915
f 2914/2914 2915/2915 2916/2916
f 2916/2916 2915/2915 2917/2917
f 2916/2916 2917/2917 2918/2918
f 2918/2918 2917/2917 2919/2919
f 2918/2918 2919/2919 2920/2920
f 2920/2920 2919/2919 2921/2921
f 2920/2920 2921/2921 2922/2922
f 2922/2922 2921/2921 2923/2923
f 2923/2923 2921/2921 2924/2924
f 2923/2923 2924/2924 2925/2925
f 2925/2925 2924/2924 2926/2926
f 2925/2925 2926/2926 2927/2927
f 2927/2927 2926/2926 2928/2928
f 2928/2928 2926/2926 2929/2929
f 2928/2928 2929/2929 2930/2930
f 2930/2930 2929/2929 2931/2931
f 2930/2930 2931/2931 2932/2932
f 2932/2932 2931/2931 2933/2933
f 2933/2933 2931/2931 2934/2934
f 2933/2933 2934/2934 2935/2935
f 2935/2935 2934/2934 2936/2936
f 2935/2935 2936/2936 2937/2937
f 2937/2937 2936/2936 2938/2938
f 2938/2938 2936/2936 2939/2939
f 2938/2938 2939/2939 2940/2940
f 2940/2940 2939/2939 2941/2941
f 2940/2940 2941/2941 2942/2942
f 2942/2942 2941/2941 2943/2943
f 2943/2943 2941/2941 2944/2944
f 2944/2944 2941/2941 2945/2945
f 2944/2944 2945/2945 2946/2946
f 2946/2946 2945/2945 2947/2947
f 2947/2947 2945/2945 2948/2948
f 2947/2947 2948/2948 2949/2949
f 2873/2873 2950/2950 2874/2874
f 2874/2874 2950/2950 2877/2877
f 2950/2950 2951/2951 2877/2877
f 2877/2877 2951/2951 2879/2879
f 2951/2951 2952/2952 2879/2879
f 2879/2879 2952/2952 2953/2953
f 2879/2879 2953/2953 2882/2882
f 2882/2882 2953/2953 2954/2954
f 2882/2882 2954/2954 2884/2884
f 2884/2884 2954/2954 2955/2955
f 2884/2884 2955/2955 2956/2956
f 2884/2884 2956/2956 2886/2886
f 2886/2886 2956/2956 2957/2957
f 2886/2886 2957/2957 2888/2888
f 2888/2888 2957/2957 2958/2958
f 2888/2888 2958/2958 2891/2891
f 2891/2891 2958/2958 2959/2959
f 2891/2891 2959/2959 2893/2893
f 2893/2893 2959/2959 2960/2960
f 2893/2893 2960/2960 2961/2961
f 2893/2893 2961/2961 2896/2896
f 2896/2896 2961/2961 2962/2962
f 2896/2896 2962/2962 2898/2898
f 2898/2898 2962/2962 2963/2963
f 2898/2898 2963/2963 2964/2964
f 2898/2898 2964/2964 2901/2901
f 2901/2901 2964/2964 2965/2965
f 2901/2901 2965/2965 2903/2903
f 2903/2903 2965/2965 2966/2966
f 2903/2903 2966/2966 2967/2967
f 2968/2968 2907/2907 2967/2967
f 2967/2967 2907/2907 2905/2905
f 2967/2967 2905/2905 2903/2903
f 2968/2968 2969/2969 2907/2907
f 2907/2907 2969/2969 2910/2910
f 2969/2969 2970/2970 2910/2910
f 2910/2910 2970/2970 2912/2912
f 2970/2970 2971/2971 2912/2912
f 2912/2912 2971/2971 2915/2915
f 2971/2971 2972/2972 2915/2915
f 2915/2915 2972/2972 2917/2917
f 2972/2972 2973/2973 2917/2917
f 2917/2917 2973/2973 2974/2974
f 2917/2917 2974/2974 2919/2919
f 2919/2919 2974/2974 2975/2975
f 2919/2919 2975/2975 2921/2921
f 2921/2921 2975/2975 2976/2976
f 2921/2921 2976/2976 2977/2977
f 2921/2921 2977/2977 2924/2924
f 2924/2924 2977/2977 2978/2978
f 2924/2924 2978/2978 2926/2926
f 2926/2926 2978/2978 2979/2979
f 2926/2926 2979/2979 2980/2980
f 2926/2926 2980/2980 2929/2929
f 2929/2929 2980/2980 2981/2981
f 2929/2929 2981/2981 2931/2931
f 2931/2931 2981/2981 2982/2982
f 2931/2931 2982/2982 2983/2983
f 2931/2931 2983/2983 2934/2934
f 2934/2934 2983/2983 2984/2984
f 2934/2934 2984/2984 2936/2936
f 2936/2936 2984/2984 2985/2985
f 2936/2936 2985/2985 2986/2986
f 2936/2936 2986/2986 2939/2939
f 2939/2939 2986/2986 2987/2987
f 2939/2939 2987/2987 2941/2941
f 2941/2941 2987/2987 2988/2988
f 2941/2941 2988/2988 2989/2989
f 2941/2941 2989/2989 2945/2945
f 2945/2945 2989/2989 2948/2948
f 2946/2946 2990/2990 2944/2944
f 2991/2991 2992/2992 2993/2993
f 2993/2993 2992/2992 2994/2994
f 2993/2993 2994/2994 2995/2995
f 2995/2995 2994/2994 2996/2996
f 2995/2995 2996/2996 2997/2997
f 2992/2992 2998/2998 2994/2994
f 2994/2994 2998/2998 2999/2999
f 2994/2994 2999/2999 3000/3000
f 3000/3000 2999/2999 3001/3001
f 3002/3002 3003/3003 2998/2998
f 2998/2998 3003/3003 2999/2999
f 3000/3000 2996/2996 2994/2994
f 3004/3004 3005/3005 3006/3006
f 3006/3006 3005/3005 3007/3007
f 3006/3006 3007/3007 3008/3008
f 3008/3008 3007/3007 3009/3009
f 3008/3008 3009/3009 3010/3010
f 3010/3010 3009/3009 3011/3011
f 3010/3010 3011/3011 3012/3012
f 3012/3012 3011/3011 3013/3013
f 3012/3012 3013/3013 3014/3014
f 3014/3014 3013/3013 3015/3015
f 3014/3014 3015/3015 3016/3016
f 3016/3016 3015/3015 3017/3017
f 3016/3016 3017/3017 3018/3018
f 3018/3018 3017/3017 3019/3019
f 3018/3018 3019/3019 3020/3020
f 3020/3020 3019/3019 3021/3021
f 3020/3020 3021/3021 3022/3022
f 3022/3022 3021/3021 3023/3023
f 3022/3022 3023/3023 3024/3024
f 3024/3024 3023/3023 3025/3025
f 3025/3025 3023/3023 3026/3026
f 3025/3025 3026/3026 3027/3027
f 3027/3027 3026/3026 3028/3028
f 3028/3028 3026/3026 3029/3029
f 3029/3029 3026/3026 3030/3030
f 3029/3029 3030/3030 3031/3031
f 3031/3031 3030/3030 3032/3032
f 3031/3031 3032/3032 3033/3033
f 3033/3033 3032/3032 3034/3034
f 3033/3033 3034/3034 3035/3035
f 3035/3035 3034/3034 3017/3017
f 3035/3035 3017/3017 3015/3015
f 3005/3005 3004/3004 3036/3036
f 3036/3036 3004/3004 3037/3037
f 3036/3036 3037/3037 3038/3038
f 3038/3038 3037/3037 3039/3039
f 3038/3038 3039/3039 3040/3040
f 3040/3040 3039/3039 3041/3041
f 3040/3040 3041/3041 3042/3042
f 3042/3042 3041/3041 3043/3043
f 3042/3042 3043/3043 3044/3044
f 3044/3044 3043/3043 3011/3011
f 3044/3044 3011/3011 3009/3009
f 3033/3033 3035/3035 3041/3041
f 3041/3041 3035/3035 3045/3045
f 3041/3041 3045/3045 3043/3043
f 3043/3043 3045/3045 3013/3013
f 3043/3043 3013/3013 3011/3011
f 3024/3024 3046/3046 3022/3022
f 3022/3022 3046/3046 3047/3047
f 3022/3022 3047/3047 3020/3020
f 3020/3020 3047/3047 3048/3048
f 3020/3020 3048/3048 3018/3018
f 3018/3018 3048/3048 3049/3049
f 3018/3018 3049/3049 3016/3016
f 3016/3016 3049/3049 3014/3014
f 3049/3049 3008/3008 3014/3014
f 3014/3014 3008/3008 3012/3012
f 3012/3012 3008/3008 3010/3010
f 3007/3007 3005/3005 3036/3036
f 3036/3036 3038/3038 3050/3050
f 3050/3050 3038/3038 3040/3040
f 3050/3050 3040/3040 3044/3044
f 3044/3044 3040/3040 3042/3042
f 3015/3015 3013/3013 3045/3045
f 3035/3035 3015/3015 3045/3045
f 3017/3017 3034/3034 3019/3019
f 3019/3019 3034/3034 3032/3032
f 3019/3019 3032/3032 3021/3021
f 3021/3021 3032/3032 3030/3030
f 3021/3021 3030/3030 3023/3023
f 3023/3023 3030/3030 3026/3026
f 3050/3050 3044/3044 3009/3009
f 3009/3009 3007/3007 3050/3050
f 3050/3050 3007/3007 3036/3036
f 3051/3051 3052/3052 3053/3053
f 3053/3053 3052/3052 3054/3054
f 3053/3053 3054/3054 3055/3055
f 3055/3055 3054/3054 3056/3056
f 3055/3055 3056/3056 3057/3057
f 3057/3057 3056/3056 3058/3058
f 3057/3057 3058/3058 3059/3059
f 3059/3059 3058/3058 3060/3060
f 3059/3059 3060/3060 3061/3061
f 3061/3061 3060/3060 3062/3062
f 3061/3061 3062/3062 3063/3063
f 3063/3063 3062/3062 3064/3064
f 3063/3063 3064/3064 3065/3065
f 3065/3065 3064/3064 3066/3066
f 3065/3065 3066/3066 3067/3067
f 3067/3067 3066/3066 3068/3068
f 3067/3067 3068/3068 3069/3069
f 3069/3069 3068/3068 3070/3070
f 3069/3069 3070/3070 3071/3071
f 3071/3071 3070/3070 3072/3072
f 3071/3071 3072/3072 3073/3073
f 3073/3073 3072/3072 3074/3074
f 3073/3073 3074/3074 3075/3075
f 3075/3075 3074/3074 3076/3076
f 3075/3075 3076/3076 3064/3064
f 3064/3064 3076/3076 3066/3066
f 3052/3052 3051/3051 3077/3077
f 3077/3077 3051/3051 3078/3078
f 3077/3077 3078/3078 3079/3079
f 3079/3079 3078/3078 3060/3060
f 3079/3079 3060/3060 3058/3058
f 3062/3062 3060/3060 3075/3075
f 3075/3075 3060/3060 3073/3073
f 3067/3067 3053/3053 3065/3065
f 3065/3065 3053/3053 3080/3080
f 3065/3065 3080/3080 3063/3063
f 3063/3063 3080/3080 3081/3081
f 3063/3063 3081/3081 3061/3061
f 3061/3061 3081/3081 3059/3059
f 3081/3081 3080/3080 3082/3082
f 3082/3082 3080/3080 3053/3053
f 3082/3082 3053/3053 3055/3055
f 3064/3064 3062/3062 3075/3075
f 3054/3054 3052/3052 3077/3077
f 3058/3058 3056/3056 3079/3079
f 3079/3079 3056/3056 3077/3077
f 3056/3056 3054/3054 3077/3077
f 3074/3074 3072/3072 3070/3070
f 3066/3066 3076/3076 3068/3068
f 3068/3068 3076/3076 3070/3070
f 3076/3076 3074/3074 3070/3070
f 3082/3082 3055/3055 3057/3057
f 3082/3082 3057/3057 3081/3081
f 3081/3081 3057/3057 3059/3059
f 3083/3083 3084/3084 3085/3085
f 3085/3085 3084/3084 3086/3086
f 3085/3085 3086/3086 3087/3087
f 3088/3088 3089/3089 3087/3087
f 3087/3087 3089/3089 3090/3090
f 3087/3087 3090/3090 3085/3085
f 3085/3085 3090/3090 3091/3091
f 3085/3085 3091/3091 3083/3083
f 3083/3083 3091/3091 3092/3092
f 3092/3092 3091/3091 3093/3093
f 3092/3092 3093/3093 3094/3094
f 3094/3094 3093/3093 3095/3095
f 3095/3095 3093/3093 3096/3096
f 3095/3095 3096/3096 3097/3097
f 3097/3097 3096/3096 3098/3098
f 3098/3098 3096/3096 3099/3099
f 3098/3098 3099/3099 3100/3100
f 3100/3100 3099/3099 3101/3101
f 3100/3100 3101/3101 3102/3102
f 3102/3102 3101/3101 3103/3103
f 3102/3102 3103/3103 3104/3104
f 3104/3104 3103/3103 3105/3105
f 3104/3104 3105/3105 3106/3106
f 3106/3106 3105/3105 3107/3107
f 3106/3106 3107/3107 3108/3108
f 3108/3108 3107/3107 3109/3109
f 3108/3108 3109/3109 3110/3110
f 3110/3110 3109/3109 3111/3111
f 3110/3110 3111/3111 3112/3112
f 3089/3089 3088/3088 3113/3113
f 3113/3113 3088/3088 3114/3114
f 3113/3113 3114/3114 3115/3115
f 3115/3115 3114/3114 3116/3116
f 3115/3115 3116/3116 3109/3109
f 3109/3109 3116/3116 3111/3111
f 3117/3117 3118/3118 3112/3112
f 3112/3112 3118/3118 3119/3119
f 3112/3112 3119/3119 3110/3110
f 3110/3110 3119/3119 3120/3120
f 3110/3110 3120/3120 3108/3108
f 3108/3108 3120/3120 3121/3121
f 3108/3108 3121/3121 3106/3106
f 3106/3106 3121/3121 3104/3104
f 3118/3118 3117/3117 3122/3122
f 3122/3122 3117/3117 3123/3123
f 3122/3122 3123/3123 3124/3124
f 3124/3124 3123/3123 3125/3125
f 3124/3124 3125/3125 3126/3126
f 3126/3126 3125/3125 3127/3127
f 3126/3126 3127/3127 3128/3128
f 3128/3128 3127/3127 3129/3129
f 3128/3128 3129/3129 3130/3130
f 3130/3130 3129/3129 3131/3131
f 3131/3131 3129/3129 3132/3132
f 3131/3131 3132/3132 3133/3133
f 3133/3133 3132/3132 3134/3134
f 3133/3133 3134/3134 3135/3135
f 3135/3135 3134/3134 3136/3136
f 3136/3136 3134/3134 3137/3137
f 3136/3136 3137/3137 3138/3138
f 3138/3138 3137/3137 3139/3139
f 3138/3138 3139/3139 3140/3140
f 3140/3140 3139/3139 3141/3141
f 3141/3141 3139/3139 3142/3142
f 3142/3142 3139/3139 3143/3143
f 3142/3142 3143/3143 3144/3144
f 3144/3144 3143/3143 3145/3145
f 3144/3144 3145/3145 3146/3146
f 3146/3146 3145/3145 3147/3147
f 3146/3146 3147/3147 3125/3125
f 3125/3125 3147/3147 3127/3127
f 3123/3123 3146/3146 3125/3125
f 3130/3130 3148/3148 3128/3128
f 3128/3128 3148/3148 3149/3149
f 3128/3128 3149/3149 3126/3126
f 3126/3126 3149/3149 3150/3150
f 3126/3126 3150/3150 3124/3124
f 3124/3124 3150/3150 3122/3122
f 3148/3148 3151/3151 3149/3149
f 3149/3149 3151/3151 3152/3152
f 3149/3149 3152/3152 3150/3150
f 3150/3150 3152/3152 3153/3153
f 3150/3150 3153/3153 3122/3122
f 3122/3122 3153/3153 3118/3118
f 3152/3152 3151/3151 3154/3154
f 3154/3154 3151/3151 3155/3155
f 3154/3154 3155/3155 3156/3156
f 3156/3156 3155/3155 3121/3121
f 3156/3156 3121/3121 3120/3120
f 3155/3155 3104/3104 3121/3121
f 3093/3093 3091/3091 3157/3157
f 3157/3157 3091/3091 3090/3090
f 3157/3157 3090/3090 3158/3158
f 3158/3158 3090/3090 3089/3089
f 3158/3158 3089/3089 3159/3159
f 3159/3159 3089/3089 3113/3113
f 3159/3159 3113/3113 3160/3160
f 3160/3160 3113/3113 3115/3115
f 3160/3160 3115/3115 3107/3107
f 3107/3107 3115/3115 3109/3109
f 3099/3099 3096/3096 3157/3157
f 3157/3157 3096/3096 3093/3093
f 3099/3099 3157/3157 3158/3158
f 3101/3101 3099/3099 3158/3158
f 3101/3101 3158/3158 3159/3159
f 3103/3103 3101/3101 3159/3159
f 3103/3103 3159/3159 3160/3160
f 3105/3105 3103/3103 3160/3160
f 3105/3105 3160/3160 3107/3107
f 3120/3120 3119/3119 3161/3161
f 3161/3161 3119/3119 3118/3118
f 3161/3161 3118/3118 3153/3153
f 3154/3154 3156/3156 3161/3161
f 3161/3161 3156/3156 3120/3120
f 3154/3154 3161/3161 3153/3153
f 3152/3152 3154/3154 3153/3153
f 3127/3127 3147/3147 3162/3162
f 3162/3162 3147/3147 3145/3145
f 3162/3162 3145/3145 3163/3163
f 3163/3163 3145/3145 3143/3143
f 3163/3163 3143/3143 3137/3137
f 3137/3137 3143/3143 3139/3139
f 3132/3132 3129/3129 3162/3162
f 3162/3162 3129/3129 3127/3127
f 3132/3132 3162/3162 3163/3163
f 3134/3134 3132/3132 3163/3163
f 3134/3134 3163/3163 3137/3137
f 3164/3164 3165/3165 3166/3166
f 3166/3166 3165/3165 3167/3167
f 3168/3168 3169/3169 3170/3170
f 3171/3171 3172/3172 3164/3164
f 3164/3164 3172/3172 3173/3173
f 3164/3164 3173/3173 3165/3165
f 3172/3172 3171/3171 3174/3174
f 3174/3174 3171/3171 3175/3175
f 3174/3174 3175/3175 3176/3176
f 3176/3176 3175/3175 3177/3177
f 3177/3177 3175/3175 3178/3178
f 3177/3177 3178/3178 3179/3179
f 3179/3179 3178/3178 3180/3180
f 3180/3180 3178/3178 3181/3181
f 3180/3180 3181/3181 3182/3182
f 3182/3182 3181/3181 3183/3183
f 3182/3182 3183/3183 3184/3184
f 3184/3184 3183/3183 3185/3185
f 3185/3185 3183/3183 3186/3186
f 3185/3185 3186/3186 3187/3187
f 3187/3187 3186/3186 3188/3188
f 3187/3187 3188/3188 3189/3189
f 3189/3189 3188/3188 3190/3190
f 3189/3189 3190/3190 3191/3191
f 3191/3191 3190/3190 3192/3192
f 3192/3192 3190/3190 3193/3193
f 3192/3192 3193/3193 3194/3194
f 3194/3194 3193/3193 3195/3195
f 3194/3194 3195/3195 3196/3196
f 3196/3196 3195/3195 3197/3197
f 3196/3196 3197/3197 3198/3198
f 3198/3198 3197/3197 3199/3199
f 3198/3198 3199/3199 3200/3200
f 3200/3200 3199/3199 3201/3201
f 3200/3200 3201/3201 3202/3202
f 3202/3202 3201/3201 3203/3203
f 3202/3202 3203/3203 3204/3204
f 3204/3204 3203/3203 3205/3205
f 3204/3204 3205/3205 3206/3206
f 3206/3206 3205/3205 3207/3207
f 3206/3206 3207/3207 3208/3208
f 3208/3208 3207/3207 3209/3209
f 3208/3208 3209/3209 3210/3210
f 3210/3210 3209/3209 3211/3211
f 3210/3210 3211/3211 3212/3212
f 3212/3212 3211/3211 3213/3213
f 3212/3212 3213/3213 3214/3214
f 3214/3214 3213/3213 3215/3215
f 3214/3214 3215/3215 3216/3216
f 3216/3216 3215/3215 3217/3217
f 3216/3216 3217/3217 3218/3218
f 3218/3218 3217/3217 3219/3219
f 3218/3218 3219/3219 3220/3220
f 3220/3220 3219/3219 3221/3221
f 3221/3221 3219/3219 3222/3222
f 3221/3221 3222/3222 3223/3223
f 3223/3223 3222/3222 3224/3224
f 3223/3223 3224/3224 3225/3225
f 3225/3225 3224/3224 3226/3226
f 3225/3225 3226/3226 3227/3227
f 3227/3227 3226/3226 3228/3228
f 3227/3227 3228/3228 3229/3229
f 3229/3229 3228/3228 3230/3230
f 3229/3229 3230/3230 3231/3231
f 3231/3231 3230/3230 3232/3232
f 3231/3231 3232/3232 3233/3233
f 3233/3233 3232/3232 3234/3234
f 3233/3233 3234/3234 3235/3235
f 3235/3235 3234/3234 3236/3236
f 3235/3235 3236/3236 3237/3237
f 3237/3237 3236/3236 3238/3238
f 3237/3237 3238/3238 3239/3239
f 3239/3239 3238/3238 3240/3240
f 3239/3239 3240/3240 3241/3241
f 3241/3241 3240/3240 3242/3242
f 3241/3241 3242/3242 3243/3243
f 3243/3243 3242/3242 3244/3244
f 3243/3243 3244/3244 3245/3245
f 3245/3245 3244/3244 3246/3246
f 3245/3245 3246/3246 3247/3247
f 3247/3247 3246/3246 3248/3248
f 3248/3248 3246/3246 3249/3249
f 3248/3248 3249/3249 3250/3250
f 3250/3250 3249/3249 3251/3251
f 3250/3250 3251/3251 3252/3252
f 3252/3252 3251/3251 3253/3253
f 3252/3252 3253/3253 3254/3254
f 3254/3254 3253/3253 3255/3255
f 3255/3255 3253/3253 3256/3256
f 3255/3255 3256/3256 3257/3257
f 3257/3257 3256/3256 3258/3258
f 3257/3257 3258/3258 3259/3259
f 3259/3259 3258/3258 3260/3260
f 3260/3260 3258/3258 3261/3261
f 3260/3260 3261/3261 3262/3262
f 3262/3262 3261/3261 3263/3263
f 3263/3263 3261/3261 3264/3264
f 3263/3263 3264/3264 3265/3265
f 3265/3265 3264/3264 3266/3266
f 3265/3265 3266/3266 3267/3267
f 3267/3267 3266/3266 3170/3170
f 3170/3170 3266/3266 3168/3168
f 3268/3268 3269/3269 3270/3270
f 3270/3270 3269/3269 3271/3271
f 3270/3270 3271/3271 3272/3272
f 3272/3272 3271/3271 3273/3273
f 3272/3272 3273/3273 3274/3274
f 3274/3274 3273/3273 3275/3275
f 3274/3274 3275/3275 3276/3276
f 3276/3276 3275/3275 3277/3277
f 3276/3276 3277/3277 3278/3278
f 3278/3278 3277/3277 3279/3279
f 3278/3278 3279/3279 3280/3280
f 3280/3280 3279/3279 3281/3281
f 3280/3280 3281/3281 3282/3282
f 3282/3282 3281/3281 3283/3283
f 3282/3282 3283/3283 3284/3284
f 3284/3284 3283/3283 3285/3285
f 3284/3284 3285/3285 3286/3286
f 3286/3286 3285/3285 3287/3287
f 3286/3286 3287/3287 3288/3288
f 3288/3288 3287/3287 3289/3289
f 3288/3288 3289/3289 3290/3290
f 3290/3290 3289/3289 3291/3291
f 3290/3290 3291/3291 3292/3292
f 3292/3292 3291/3291 3293/3293
f 3292/3292 3293/3293 3294/3294
f 3294/3294 3293/3293 3295/3295
f 3294/3294 3295/3295 3296/3296
f 3297/3297 3298/3298 3268/3268
f 3268/3268 3298/3298 3299/3299
f 3268/3268 3299/3299 3300/3300
f 3300/3300 3299/3299 3301/3301
f 3300/3300 3301/3301 3302/3302
f 3302/3302 3301/3301 3303/3303
f 3302/3302 3303/3303 3304/3304
f 3304/3304 3303/3303 3305/3305
f 3304/3304 3305/3305 3306/3306
f 3306/3306 3305/3305 3307/3307
f 3306/3306 3307/3307 3308/3308
f 3308/3308 3307/3307 3309/3309
f 3308/3308 3309/3309 3310/3310
f 3310/3310 3309/3309 3311/3311
f 3310/3310 3311/3311 3312/3312
f 3312/3312 3311/3311 3313/3313
f 3312/3312 3313/3313 3314/3314
f 3314/3314 3313/3313 3315/3315
f 3314/3314 3315/3315 3316/3316
f 3316/3316 3315/3315 3317/3317
f 3316/3316 3317/3317 3318/3318
f 3318/3318 3317/3317 3319/3319
f 3318/3318 3319/3319 3320/3320
f 3320/3320 3319/3319 3321/3321
f 3320/3320 3321/3321 3322/3322
f 3322/3322 3321/3321 3293/3293
f 3322/3322 3293/3293 3291/3291
f 3323/3323 3324/3324 3297/3297
f 3297/3297 3324/3324 3325/3325
f 3297/3297 3325/3325 3298/3298
f 3298/3298 3325/3325 3299/3299
f 3324/3324 3323/3323 3326/3326
f 3326/3326 3323/3323 3327/3327
f 3326/3326 3327/3327 3328/3328
f 3328/3328 3327/3327 3329/3329
f 3328/3328 3329/3329 3330/3330
f 3330/3330 3329/3329 3331/3331
f 3330/3330 3331/3331 3332/3332
f 3332/3332 3331/3331 3333/3333
f 3332/3332 3333/3333 3334/3334
f 3334/3334 3333/3333 3335/3335
f 3334/3334 3335/3335 3336/3336
f 3336/3336 3335/3335 3337/3337
f 3336/3336 3337/3337 3338/3338
f 3338/3338 3337/3337 3339/3339
f 3338/3338 3339/3339 3340/3340
f 3340/3340 3339/3339 3341/3341
f 3340/3340 3341/3341 3342/3342
f 3342/3342 3341/3341 3343/3343
f 3342/3342 3343/3343 3344/3344
f 3344/3344 3343/3343 3345/3345
f 3344/3344 3345/3345 3346/3346
f 3327/3327 3347/3347 3329/3329
f 3329/3329 3347/3347 3348/3348
f 3329/3329 3348/3348 3331/3331
f 3331/3331 3348/3348 3349/3349
f 3331/3331 3349/3349 3333/3333
f 3333/3333 3349/3349 3350/3350
f 3333/3333 3350/3350 3335/3335
f 3335/3335 3350/3350 3351/3351
f 3335/3335 3351/3351 3337/3337
f 3337/3337 3351/3351 3352/3352
f 3337/3337 3352/3352 3339/3339
f 3353/3353 3354/3354 3347/3347
f 3347/3347 3354/3354 3355/3355
f 3347/3347 3355/3355 3348/3348
f 3348/3348 3355/3355 3349/3349
f 3354/3354 3353/3353 3356/3356
f 3356/3356 3353/3353 3357/3357
f 3356/3356 3357/3357 3358/3358
f 3356/3356 3358/3358 3359/3359
f 3359/3359 3358/3358 3360/3360
f 3359/3359 3360/3360 3361/3361
f 3361/3361 3360/3360 3362/3362
f 3361/3361 3362/3362 3351/3351
f 3351/3351 3362/3362 3352/3352
f 3344/3344 3346/3346 3363/3363
f 3363/3363 3346/3346 3364/3364
f 3363/3363 3364/3364 3365/3365
f 3365/3365 3364/3364 3366/3366
f 3365/3365 3366/3366 3367/3367
f 3367/3367 3366/3366 3368/3368
f 3367/3367 3368/3368 3369/3369
f 3369/3369 3368/3368 3370/3370
f 3369/3369 3370/3370 3371/3371
f 3371/3371 3370/3370 3372/3372
f 3371/3371 3372/3372 3373/3373
f 3373/3373 3372/3372 3374/3374
f 3373/3373 3374/3374 3375/3375
f 3375/3375 3374/3374 3376/3376
f 3375/3375 3376/3376 3377/3377
f 3377/3377 3376/3376 3317/3317
f 3377/3377 3317/3317 3315/3315
f 3374/3374 3378/3378 3376/3376
f 3376/3376 3378/3378 3319/3319
f 3376/3376 3319/3319 3317/3317
f 3378/3378 3321/3321 3319/3319
f 3321/3321 3295/3295 3293/3293
f 3294/3294 3296/3296 3292/3292
f 3292/3292 3296/3296 3379/3379
f 3292/3292 3379/3379 3290/3290
f 3290/3290 3379/3379 3380/3380
f 3290/3290 3380/3380 3288/3288
f 3288/3288 3380/3380 3381/3381
f 3288/3288 3381/3381 3286/3286
f 3286/3286 3381/3381 3382/3382
f 3286/3286 3382/3382 3284/3284
f 3284/3284 3382/3382 3282/3282
f 3382/3382 3383/3383 3282/3282
f 3282/3282 3383/3383 3280/3280
f 3280/3280 3383/3383 3278/3278
f 3278/3278 3383/3383 3384/3384
f 3278/3278 3384/3384 3276/3276
f 3276/3276 3384/3384 3385/3385
f 3276/3276 3385/3385 3274/3274
f 3274/3274 3385/3385 3272/3272
f 3385/3385 3386/3386 3272/3272
f 3272/3272 3386/3386 3270/3270
f 3386/3386 3387/3387 3270/3270
f 3268/3268 3300/3300 3269/3269
f 3269/3269 3300/3300 3388/3388
f 3269/3269 3388/3388 3271/3271
f 3271/3271 3388/3388 3273/3273
f 3275/3275 3273/3273 3389/3389
f 3389/3389 3273/3273 3388/3388
f 3389/3389 3388/3388 3302/3302
f 3302/3302 3388/3388 3300/3300
f 3277/3277 3275/3275 3390/3390
f 3390/3390 3275/3275 3389/3389
f 3390/3390 3389/3389 3304/3304
f 3304/3304 3389/3389 3302/3302
f 3279/3279 3277/3277 3391/3391
f 3391/3391 3277/3277 3390/3390
f 3391/3391 3390/3390 3306/3306
f 3306/3306 3390/3390 3304/3304
f 3281/3281 3279/3279 3392/3392
f 3392/3392 3279/3279 3391/3391
f 3392/3392 3391/3391 3308/3308
f 3308/3308 3391/3391 3306/3306
f 3283/3283 3281/3281 3393/3393
f 3393/3393 3281/3281 3392/3392
f 3393/3393 3392/3392 3310/3310
f 3310/3310 3392/3392 3308/3308
f 3285/3285 3283/3283 3394/3394
f 3394/3394 3283/3283 3393/3393
f 3394/3394 3393/3393 3312/3312
f 3312/3312 3393/3393 3310/3310
f 3287/3287 3285/3285 3395/3395
f 3395/3395 3285/3285 3394/3394
f 3395/3395 3394/3394 3314/3314
f 3314/3314 3394/3394 3312/3312
f 3289/3289 3287/3287 3396/3396
f 3396/3396 3287/3287 3395/3395
f 3396/3396 3395/3395 3316/3316
f 3316/3316 3395/3395 3314/3314
f 3291/3291 3289/3289 3397/3397
f 3397/3397 3289/3289 3396/3396
f 3397/3397 3396/3396 3318/3318
f 3318/3318 3396/3396 3316/3316
f 3397/3397 3318/3318 3320/3320
f 3299/3299 3325/3325 3301/3301
f 3301/3301 3325/3325 3398/3398
f 3301/3301 3398/3398 3303/3303
f 3303/3303 3398/3398 3399/3399
f 3303/3303 3399/3399 3305/3305
f 3305/3305 3399/3399 3400/3400
f 3305/3305 3400/3400 3307/3307
f 3307/3307 3400/3400 3401/3401
f 3307/3307 3401/3401 3309/3309
f 3309/3309 3401/3401 3402/3402
f 3309/3309 3402/3402 3311/3311
f 3311/3311 3402/3402 3403/3403
f 3311/3311 3403/3403 3313/3313
f 3313/3313 3403/3403 3404/3404
f 3313/3313 3404/3404 3315/3315
f 3315/3315 3404/3404 3377/3377
f 3377/3377 3404/3404 3405/3405
f 3405/3405 3404/3404 3406/3406
f 3405/3405 3406/3406 3407/3407
f 3407/3407 3406/3406 3408/3408
f 3407/3407 3408/3408 3409/3409
f 3409/3409 3408/3408 3410/3410
f 3409/3409 3410/3410 3411/3411
f 3411/3411 3410/3410 3412/3412
f 3411/3411 3412/3412 3413/3413
f 3413/3413 3412/3412 3414/3414
f 3413/3413 3414/3414 3415/3415
f 3415/3415 3414/3414 3416/3416
f 3415/3415 3416/3416 3417/3417
f 3417/3417 3416/3416 3418/3418
f 3417/3417 3418/3418 3342/3342
f 3342/3342 3418/3418 3340/3340
f 3404/3404 3403/3403 3406/3406
f 3406/3406 3403/3403 3419/3419
f 3406/3406 3419/3419 3408/3408
f 3408/3408 3419/3419 3420/3420
f 3408/3408 3420/3420 3410/3410
f 3410/3410 3420/3420 3421/3421
f 3410/3410 3421/3421 3412/3412
f 3412/3412 3421/3421 3422/3422
f 3412/3412 3422/3422 3414/3414
f 3414/3414 3422/3422 3423/3423
f 3414/3414 3423/3423 3416/3416
f 3416/3416 3423/3423 3424/3424
f 3416/3416 3424/3424 3418/3418
f 3418/3418 3424/3424 3425/3425
f 3418/3418 3425/3425 3340/3340
f 3340/3340 3425/3425 3338/3338
f 3403/3403 3402/3402 3419/3419
f 3419/3419 3402/3402 3426/3426
f 3419/3419 3426/3426 3420/3420
f 3420/3420 3426/3426 3427/3427
f 3420/3420 3427/3427 3421/3421
f 3421/3421 3427/3427 3428/3428
f 3421/3421 3428/3428 3422/3422
f 3422/3422 3428/3428 3429/3429
f 3422/3422 3429/3429 3423/3423
f 3423/3423 3429/3429 3430/3430
f 3423/3423 3430/3430 3424/3424
f 3424/3424 3430/3430 3431/3431
f 3424/3424 3431/3431 3425/3425
f 3425/3425 3431/3431 3336/3336
f 3425/3425 3336/3336 3338/3338
f 3402/3402 3401/3401 3426/3426
f 3426/3426 3401/3401 3432/3432
f 3426/3426 3432/3432 3427/3427
f 3427/3427 3432/3432 3433/3433
f 3427/3427 3433/3433 3428/3428
f 3428/3428 3433/3433 3434/3434
f 3428/3428 3434/3434 3429/3429
f 3429/3429 3434/3434 3435/3435
f 3429/3429 3435/3435 3430/3430
f 3430/3430 3435/3435 3436/3436
f 3430/3430 3436/3436 3431/3431
f 3431/3431 3436/3436 3334/3334
f 3431/3431 3334/3334 3336/3336
f 3401/3401 3400/3400 3432/3432
f 3432/3432 3400/3400 3437/3437
f 3432/3432 3437/3437 3433/3433
f 3433/3433 3437/3437 3438/3438
f 3433/3433 3438/3438 3434/3434
f 3434/3434 3438/3438 3439/3439
f 3434/3434 3439/3439 3435/3435
f 3435/3435 3439/3439 3440/3440
f 3435/3435 3440/3440 3436/3436
f 3436/3436 3440/3440 3332/3332
f 3436/3436 3332/3332 3334/3334
f 3400/3400 3399/3399 3437/3437
f 3437/3437 3399/3399 3441/3441
f 3437/3437 3441/3441 3438/3438
f 3438/3438 3441/3441 3442/3442
f 3438/3438 3442/3442 3439/3439
f 3439/3439 3442/3442 3443/3443
f 3439/3439 3443/3443 3440/3440
f 3440/3440 3443/3443 3330/3330
f 3440/3440 3330/3330 3332/3332
f 3399/3399 3398/3398 3441/3441
f 3441/3441 3398/3398 3444/3444
f 3441/3441 3444/3444 3442/3442
f 3442/3442 3444/3444 3445/3445
f 3442/3442 3445/3445 3443/3443
f 3443/3443 3445/3445 3328/3328
f 3443/3443 3328/3328 3330/3330
f 3398/3398 3325/3325 3444/3444
f 3444/3444 3325/3325 3324/3324
f 3444/3444 3324/3324 3445/3445
f 3445/3445 3324/3324 3326/3326
f 3445/3445 3326/3326 3328/3328
f 3373/3373 3375/3375 3405/3405
f 3405/3405 3375/3375 3377/3377
f 3373/3373 3405/3405 3407/3407
f 3371/3371 3373/3373 3407/3407
f 3371/3371 3407/3407 3409/3409
f 3371/3371 3409/3409 3369/3369
f 3369/3369 3409/3409 3411/3411
f 3369/3369 3411/3411 3367/3367
f 3367/3367 3411/3411 3413/3413
f 3367/3367 3413/3413 3365/3365
f 3365/3365 3413/3413 3415/3415
f 3365/3365 3415/3415 3363/3363
f 3363/3363 3415/3415 3417/3417
f 3363/3363 3417/3417 3344/3344
f 3344/3344 3417/3417 3342/3342
f 3349/3349 3355/3355 3446/3446
f 3446/3446 3355/3355 3354/3354
f 3446/3446 3354/3354 3359/3359
f 3359/3359 3354/3354 3356/3356
f 3361/3361 3351/3351 3350/3350
f 3359/3359 3361/3361 3446/3446
f 3446/3446 3361/3361 3350/3350
f 3446/3446 3350/3350 3349/3349
f 3291/3291 3397/3397 3322/3322
f 3322/3322 3397/3397 3320/3320
f 3447/3447 3448/3448 3449/3449
f 3449/3449 3448/3448 3450/3450
f 3449/3449 3450/3450 3451/3451
f 3451/3451 3450/3450 3452/3452
f 3451/3451 3452/3452 3453/3453
f 3453/3453 3452/3452 3454/3454
f 3453/3453 3454/3454 3455/3455
f 3455/3455 3454/3454 3456/3456
f 3455/3455 3456/3456 3457/3457
f 3457/3457 3456/3456 3458/3458
f 3457/3457 3458/3458 3459/3459
f 3459/3459 3458/3458 3460/3460
f 3459/3459 3460/3460 3461/3461
f 3461/3461 3460/3460 3462/3462
f 3461/3461 3462/3462 3463/3463
f 3463/3463 3462/3462 3464/3464
f 3463/3463 3464/3464 3465/3465
f 3465/3465 3464/3464 3466/3466
f 3465/3465 3466/3466 3467/3467
f 3467/3467 3466/3466 3468/3468
f 3467/3467 3468/3468 3469/3469
f 3469/3469 3468/3468 3470/3470
f 3469/3469 3470/3470 3471/3471
f 3471/3471 3470/3470 3472/3472
f 3471/3471 3472/3472 3473/3473
f 3473/3473 3472/3472 3474/3474
f 3473/3473 3474/3474 3475/3475
f 3448/3448 3476/3476 3450/3450
f 3450/3450 3476/3476 3452/3452
f 3476/3476 3477/3477 3452/3452
f 3452/3452 3477/3477 3454/3454
f 3477/3477 3478/3478 3454/3454
f 3454/3454 3478/3478 3456/3456
f 3478/3478 3479/3479 3456/3456
f 3456/3456 3479/3479 3458/3458
f 3479/3479 3480/3480 3458/3458
f 3458/3458 3480/3480 3460/3460
f 3460/3460 3480/3480 3462/3462
f 3462/3462 3480/3480 3481/3481
f 3462/3462 3481/3481 3464/3464
f 3464/3464 3481/3481 3466/3466
f 3481/3481 3482/3482 3466/3466
f 3466/3466 3482/3482 3483/3483
f 3466/3466 3483/3483 3468/3468
f 3468/3468 3483/3483 3470/3470
f 3483/3483 3484/3484 3470/3470
f 3470/3470 3484/3484 3485/3485
f 3470/3470 3485/3485 3472/3472
f 3472/3472 3485/3485 3474/3474
f 3486/3486 3487/3487 3475/3475
f 3475/3475 3487/3487 3488/3488
f 3475/3475 3488/3488 3489/3489
f 3489/3489 3488/3488 3490/3490
f 3489/3489 3490/3490 3491/3491
f 3491/3491 3490/3490 3492/3492
f 3491/3491 3492/3492 3493/3493
f 3493/3493 3492/3492 3494/3494
f 3493/3493 3494/3494 3495/3495
f 3495/3495 3494/3494 3496/3496
f 3495/3495 3496/3496 3497/3497
f 3497/3497 3496/3496 3498/3498
f 3497/3497 3498/3498 3499/3499
f 3499/3499 3498/3498 3500/3500
f 3499/3499 3500/3500 3501/3501
f 3501/3501 3500/3500 3502/3502
f 3501/3501 3502/3502 3503/3503
f 3503/3503 3502/3502 3504/3504
f 3503/3503 3504/3504 3505/3505
f 3505/3505 3504/3504 3506/3506
f 3505/3505 3506/3506 3507/3507
f 3507/3507 3506/3506 3508/3508
f 3507/3507 3508/3508 3509/3509
f 3509/3509 3508/3508 3510/3510
f 3509/3509 3510/3510 3511/3511
f 3511/3511 3510/3510 3449/3449
f 3511/3511 3449/3449 3451/3451
f 3512/3512 3513/3513 3486/3486
f 3486/3486 3513/3513 3514/3514
f 3486/3486 3514/3514 3515/3515
f 3515/3515 3514/3514 3516/3516
f 3515/3515 3516/3516 3517/3517
f 3517/3517 3516/3516 3518/3518
f 3517/3517 3518/3518 3519/3519
f 3519/3519 3518/3518 3520/3520
f 3519/3519 3520/3520 3521/3521
f 3521/3521 3520/3520 3522/3522
f 3521/3521 3522/3522 3523/3523
f 3523/3523 3522/3522 3524/3524
f 3523/3523 3524/3524 3525/3525
f 3525/3525 3524/3524 3526/3526
f 3525/3525 3526/3526 3527/3527
f 3527/3527 3526/3526 3528/3528
f 3527/3527 3528/3528 3529/3529
f 3529/3529 3528/3528 3530/3530
f 3529/3529 3530/3530 3531/3531
f 3531/3531 3530/3530 3532/3532
f 3531/3531 3532/3532 3533/3533
f 3533/3533 3532/3532 3534/3534
f 3533/3533 3534/3534 3535/3535
f 3535/3535 3534/3534 3536/3536
f 3535/3535 3536/3536 3510/3510
f 3510/3510 3536/3536 3449/3449
f 3537/3537 3538/3538 3512/3512
f 3512/3512 3538/3538 3539/3539
f 3512/3512 3539/3539 3513/3513
f 3513/3513 3539/3539 3540/3540
f 3513/3513 3540/3540 3541/3541
f 3541/3541 3540/3540 3542/3542
f 3541/3541 3542/3542 3543/3543
f 3543/3543 3542/3542 3544/3544
f 3543/3543 3544/3544 3545/3545
f 3545/3545 3544/3544 3546/3546
f 3545/3545 3546/3546 3547/3547
f 3547/3547 3546/3546 3548/3548
f 3547/3547 3548/3548 3549/3549
f 3549/3549 3548/3548 3550/3550
f 3549/3549 3550/3550 3551/3551
f 3551/3551 3550/3550 3552/3552
f 3551/3551 3552/3552 3553/3553
f 3553/3553 3552/3552 3554/3554
f 3553/3553 3554/3554 3555/3555
f 3555/3555 3554/3554 3556/3556
f 3555/3555 3556/3556 3557/3557
f 3557/3557 3556/3556 3558/3558
f 3557/3557 3558/3558 3536/3536
f 3538/3538 3537/3537 3559/3559
f 3559/3559 3537/3537 3560/3560
f 3559/3559 3560/3560 3561/3561
f 3561/3561 3560/3560 3562/3562
f 3561/3561 3562/3562 3563/3563
f 3563/3563 3562/3562 3564/3564
f 3563/3563 3564/3564 3565/3565
f 3565/3565 3564/3564 3566/3566
f 3565/3565 3566/3566 3567/3567
f 3567/3567 3566/3566 3568/3568
f 3567/3567 3568/3568 3569/3569
f 3569/3569 3568/3568 3570/3570
f 3569/3569 3571/3571 3567/3567
f 3567/3567 3571/3571 3572/3572
f 3567/3567 3572/3572 3565/3565
f 3565/3565 3572/3572 3573/3573
f 3565/3565 3573/3573 3563/3563
f 3563/3563 3573/3573 3574/3574
f 3563/3563 3574/3574 3561/3561
f 3561/3561 3574/3574 3575/3575
f 3561/3561 3575/3575 3559/3559
f 3559/3559 3575/3575 3576/3576
f 3559/3559 3576/3576 3538/3538
f 3538/3538 3576/3576 3577/3577
f 3538/3538 3577/3577 3539/3539
f 3539/3539 3577/3577 3540/3540
f 3572/3572 3571/3571 3578/3578
f 3578/3578 3571/3571 3579/3579
f 3578/3578 3579/3579 3580/3580
f 3580/3580 3579/3579 3581/3581
f 3580/3580 3581/3581 3582/3582
f 3582/3582 3581/3581 3583/3583
f 3582/3582 3583/3583 3584/3584
f 3584/3584 3583/3583 3585/3585
f 3584/3584 3585/3585 3586/3586
f 3586/3586 3585/3585 3587/3587
f 3586/3586 3587/3587 3588/3588
f 3588/3588 3587/3587 3589/3589
f 3588/3588 3589/3589 3590/3590
f 3590/3590 3589/3589 3591/3591
f 3590/3590 3591/3591 3592/3592
f 3592/3592 3591/3591 3593/3593
f 3592/3592 3593/3593 3546/3546
f 3546/3546 3593/3593 3548/3548
f 3581/3581 3594/3594 3583/3583
f 3583/3583 3594/3594 3595/3595
f 3583/3583 3595/3595 3585/3585
f 3585/3585 3595/3595 3596/3596
f 3585/3585 3596/3596 3587/3587
f 3587/3587 3596/3596 3597/3597
f 3587/3587 3597/3597 3589/3589
f 3589/3589 3597/3597 3598/3598
f 3589/3589 3598/3598 3591/3591
f 3591/3591 3598/3598 3599/3599
f 3591/3591 3599/3599 3593/3593
f 3593/3593 3599/3599 3600/3600
f 3593/3593 3600/3600 3548/3548
f 3548/3548 3600/3600 3550/3550
f 3594/3594 3601/3601 3595/3595
f 3595/3595 3601/3601 3602/3602
f 3595/3595 3602/3602 3596/3596
f 3596/3596 3602/3602 3603/3603
f 3596/3596 3603/3603 3597/3597
f 3597/3597 3603/3603 3604/3604
f 3597/3597 3604/3604 3598/3598
f 3598/3598 3604/3604 3605/3605
f 3598/3598 3605/3605 3599/3599
f 3599/3599 3605/3605 3606/3606
f 3599/3599 3606/3606 3600/3600
f 3600/3600 3606/3606 3607/3607
f 3600/3600 3607/3607 3550/3550
f 3550/3550 3607/3607 3552/3552
f 3601/3601 3608/3608 3602/3602
f 3602/3602 3608/3608 3609/3609
f 3602/3602 3609/3609 3603/3603
f 3603/3603 3609/3609 3610/3610
f 3603/3603 3610/3610 3604/3604
f 3604/3604 3610/3610 3611/3611
f 3604/3604 3611/3611 3605/3605
f 3605/3605 3611/3611 3612/3612
f 3605/3605 3612/3612 3606/3606
f 3606/3606 3612/3612 3613/3613
f 3606/3606 3613/3613 3607/3607
f 3607/3607 3613/3613 3614/3614
f 3607/3607 3614/3614 3552/3552
f 3552/3552 3614/3614 3554/3554
f 3608/3608 3615/3615 3609/3609
f 3609/3609 3615/3615 3616/3616
f 3609/3609 3616/3616 3610/3610
f 3610/3610 3616/3616 3617/3617
f 3610/3610 3617/3617 3611/3611
f 3611/3611 3617/3617 3618/3618
f 3611/3611 3618/3618 3612/3612
f 3612/3612 3618/3618 3613/3613
f 3613/3613 3618/3618 3619/3619
f 3619/3619 3618/3618 3558/3558
f 3619/3619 3558/3558 3556/3556
f 3475/3475 3489/3489 3473/3473
f 3473/3473 3489/3489 3491/3491
f 3473/3473 3491/3491 3471/3471
f 3471/3471 3491/3491 3493/3493
f 3471/3471 3493/3493 3469/3469
f 3469/3469 3493/3493 3495/3495
f 3469/3469 3495/3495 3467/3467
f 3467/3467 3495/3495 3497/3497
f 3467/3467 3497/3497 3465/3465
f 3465/3465 3497/3497 3499/3499
f 3465/3465 3499/3499 3463/3463
f 3463/3463 3499/3499 3501/3501
f 3463/3463 3501/3501 3461/3461
f 3461/3461 3501/3501 3503/3503
f 3461/3461 3503/3503 3459/3459
f 3459/3459 3503/3503 3505/3505
f 3459/3459 3505/3505 3457/3457
f 3457/3457 3505/3505 3507/3507
f 3457/3457 3507/3507 3455/3455
f 3455/3455 3507/3507 3509/3509
f 3455/3455 3509/3509 3453/3453
f 3453/3453 3509/3509 3511/3511
f 3453/3453 3511/3511 3451/3451
f 3557/3557 3536/3536 3534/3534
f 3487/3487 3486/3486 3515/3515
f 3614/3614 3613/3613 3619/3619
f 3490/3490 3488/3488 3620/3620
f 3620/3620 3488/3488 3487/3487
f 3620/3620 3487/3487 3517/3517
f 3517/3517 3487/3487 3515/3515
f 3492/3492 3490/3490 3621/3621
f 3621/3621 3490/3490 3620/3620
f 3621/3621 3620/3620 3519/3519
f 3519/3519 3620/3620 3517/3517
f 3494/3494 3492/3492 3622/3622
f 3622/3622 3492/3492 3621/3621
f 3622/3622 3621/3621 3521/3521
f 3521/3521 3621/3621 3519/3519
f 3496/3496 3494/3494 3623/3623
f 3623/3623 3494/3494 3622/3622
f 3623/3623 3622/3622 3523/3523
f 3523/3523 3622/3622 3521/3521
f 3498/3498 3496/3496 3624/3624
f 3624/3624 3496/3496 3623/3623
f 3624/3624 3623/3623 3525/3525
f 3525/3525 3623/3623 3523/3523
f 3500/3500 3498/3498 3625/3625
f 3625/3625 3498/3498 3624/3624
f 3625/3625 3624/3624 3527/3527
f 3527/3527 3624/3624 3525/3525
f 3502/3502 3500/3500 3626/3626
f 3626/3626 3500/3500 3625/3625
f 3626/3626 3625/3625 3529/3529
f 3529/3529 3625/3625 3527/3527
f 3504/3504 3502/3502 3627/3627
f 3627/3627 3502/3502 3626/3626
f 3627/3627 3626/3626 3531/3531
f 3531/3531 3626/3626 3529/3529
f 3506/3506 3504/3504 3628/3628
f 3628/3628 3504/3504 3627/3627
f 3628/3628 3627/3627 3533/3533
f 3533/3533 3627/3627 3531/3531
f 3508/3508 3506/3506 3629/3629
f 3629/3629 3506/3506 3628/3628
f 3629/3629 3628/3628 3535/3535
f 3535/3535 3628/3628 3533/3533
f 3535/3535 3510/3510 3629/3629
f 3629/3629 3510/3510 3508/3508
f 3516/3516 3514/3514 3541/3541
f 3541/3541 3514/3514 3513/3513
f 3518/3518 3516/3516 3543/3543
f 3543/3543 3516/3516 3541/3541
f 3520/3520 3518/3518 3545/3545
f 3545/3545 3518/3518 3543/3543
f 3522/3522 3520/3520 3547/3547
f 3547/3547 3520/3520 3545/3545
f 3524/3524 3522/3522 3549/3549
f 3549/3549 3522/3522 3547/3547
f 3526/3526 3524/3524 3551/3551
f 3551/3551 3524/3524 3549/3549
f 3528/3528 3526/3526 3553/3553
f 3553/3553 3526/3526 3551/3551
f 3530/3530 3528/3528 3555/3555
f 3555/3555 3528/3528 3553/3553
f 3532/3532 3530/3530 3557/3557
f 3557/3557 3530/3530 3555/3555
f 3534/3534 3532/3532 3557/3557
f 3542/3542 3540/3540 3630/3630
f 3630/3630 3540/3540 3577/3577
f 3630/3630 3577/3577 3631/3631
f 3631/3631 3577/3577 3576/3576
f 3631/3631 3576/3576 3632/3632
f 3632/3632 3576/3576 3575/3575
f 3632/3632 3575/3575 3633/3633
f 3633/3633 3575/3575 3574/3574
f 3633/3633 3574/3574 3634/3634
f 3634/3634 3574/3574 3573/3573
f 3634/3634 3573/3573 3578/3578
f 3578/3578 3573/3573 3572/3572
f 3544/3544 3542/3542 3635/3635
f 3635/3635 3542/3542 3630/3630
f 3635/3635 3630/3630 3636/3636
f 3636/3636 3630/3630 3631/3631
f 3636/3636 3631/3631 3637/3637
f 3637/3637 3631/3631 3632/3632
f 3637/3637 3632/3632 3638/3638
f 3638/3638 3632/3632 3633/3633
f 3638/3638 3633/3633 3639/3639
f 3639/3639 3633/3633 3634/3634
f 3639/3639 3634/3634 3580/3580
f 3580/3580 3634/3634 3578/3578
f 3546/3546 3544/3544 3592/3592
f 3592/3592 3544/3544 3635/3635
f 3592/3592 3635/3635 3590/3590
f 3590/3590 3635/3635 3636/3636
f 3590/3590 3636/3636 3588/3588
f 3588/3588 3636/3636 3637/3637
f 3588/3588 3637/3637 3586/3586
f 3586/3586 3637/3637 3638/3638
f 3586/3586 3638/3638 3584/3584
f 3584/3584 3638/3638 3639/3639
f 3584/3584 3639/3639 3582/3582
f 3582/3582 3639/3639 3580/3580
f 3556/3556 3554/3554 3619/3619
f 3619/3619 3554/3554 3614/3614
f 3640/3640 3641/3641 3642/3642
f 3642/3642 3641/3641 3643/3643
f 3642/3642 3643/3643 3644/3644
f 3644/3644 3643/3643 3645/3645
f 3644/3644 3645/3645 3646/3646
f 3646/3646 3645/3645 3647/3647
f 3647/3647 3645/3645 3648/3648
f 3647/3647 3648/3648 3649/3649
f 3649/3649 3648/3648 3650/3650
f 3649/3649 3650/3650 3651/3651
f 3651/3651 3650/3650 3652/3652
f 3651/3651 3652/3652 3653/3653
f 3653/3653 3652/3652 3654/3654
f 3653/3653 3654/3654 3655/3655
f 3655/3655 3654/3654 3656/3656
f 3655/3655 3656/3656 3657/3657
f 3657/3657 3656/3656 3658/3658
f 3657/3657 3658/3658 3659/3659
f 3659/3659 3658/3658 3660/3660
f 3659/3659 3660/3660 3661/3661
f 3661/3661 3660/3660 3662/3662
f 3661/3661 3662/3662 3663/3663
f 3663/3663 3662/3662 3664/3664
f 3663/3663 3664/3664 3665/3665
f 3665/3665 3664/3664 3666/3666
f 3665/3665 3666/3666 3667/3667
f 3667/3667 3666/3666 3668/3668
f 3667/3667 3668/3668 3669/3669
f 3669/3669 3668/3668 3670/3670
f 3669/3669 3670/3670 3671/3671
f 3671/3671 3670/3670 3672/3672
f 3671/3671 3672/3672 3673/3673
f 3674/3674 3675/3675 3640/3640
f 3640/3640 3675/3675 3676/3676
f 3640/3640 3676/3676 3641/3641
f 3641/3641 3676/3676 3677/3677
f 3641/3641 3677/3677 3678/3678
f 3678/3678 3677/3677 3650/3650
f 3678/3678 3650/3650 3648/3648
f 3679/3679 3680/3680 3674/3674
f 3674/3674 3680/3680 3681/3681
f 3674/3674 3681/3681 3675/3675
f 3675/3675 3681/3681 3682/3682
f 3675/3675 3682/3682 3683/3683
f 3683/3683 3682/3682 3654/3654
f 3683/3683 3654/3654 3652/3652
f 3680/3680 3679/3679 3684/3684
f 3684/3684 3679/3679 3685/3685
f 3684/3684 3685/3685 3686/3686
f 3686/3686 3685/3685 3687/3687
f 3686/3686 3687/3687 3688/3688
f 3688/3688 3687/3687 3689/3689
f 3688/3688 3689/3689 3664/3664
f 3664/3664 3689/3689 3666/3666
f 3687/3687 3685/3685 3690/3690
f 3690/3690 3685/3685 3691/3691
f 3690/3690 3691/3691 3692/3692
f 3690/3690 3692/3692 3693/3693
f 3693/3693 3692/3692 3694/3694
f 3693/3693 3694/3694 3695/3695
f 3695/3695 3694/3694 3672/3672
f 3695/3695 3672/3672 3670/3670
f 3671/3671 3673/3673 3696/3696
f 3696/3696 3673/3673 3697/3697
f 3696/3696 3697/3697 3698/3698
f 3698/3698 3697/3697 3699/3699
f 3698/3698 3699/3699 3700/3700
f 3700/3700 3699/3699 3701/3701
f 3700/3700 3701/3701 3702/3702
f 3702/3702 3701/3701 3703/3703
f 3702/3702 3703/3703 3704/3704
f 3704/3704 3703/3703 3705/3705
f 3704/3704 3705/3705 3706/3706
f 3706/3706 3705/3705 3707/3707
f 3706/3706 3707/3707 3708/3708
f 3708/3708 3707/3707 3709/3709
f 3708/3708 3709/3709 3710/3710
f 3710/3710 3709/3709 3711/3711
f 3710/3710 3711/3711 3712/3712
f 3712/3712 3711/3711 3713/3713
f 3712/3712 3713/3713 3714/3714
f 3714/3714 3713/3713 3715/3715
f 3714/3714 3715/3715 3663/3663
f 3663/3663 3715/3715 3661/3661
f 3697/3697 3716/3716 3699/3699
f 3699/3699 3716/3716 3717/3717
f 3699/3699 3717/3717 3701/3701
f 3701/3701 3717/3717 3718/3718
f 3701/3701 3718/3718 3703/3703
f 3703/3703 3718/3718 3705/3705
f 3716/3716 3719/3719 3717/3717
f 3717/3717 3719/3719 3720/3720
f 3717/3717 3720/3720 3718/3718
f 3718/3718 3720/3720 3721/3721
f 3718/3718 3721/3721 3705/3705
f 3719/3719 3722/3722 3720/3720
f 3720/3720 3722/3722 3721/3721
f 3705/3705 3723/3723 3707/3707
f 3707/3707 3723/3723 3724/3724
f 3707/3707 3724/3724 3709/3709
f 3709/3709 3724/3724 3725/3725
f 3709/3709 3725/3725 3711/3711
f 3711/3711 3725/3725 3726/3726
f 3711/3711 3726/3726 3713/3713
f 3713/3713 3726/3726 3727/3727
f 3713/3713 3727/3727 3715/3715
f 3715/3715 3727/3727 3728/3728
f 3715/3715 3728/3728 3661/3661
f 3661/3661 3728/3728 3659/3659
f 3729/3729 3730/3730 3723/3723
f 3723/3723 3730/3730 3731/3731
f 3723/3723 3731/3731 3732/3732
f 3732/3732 3731/3731 3733/3733
f 3732/3732 3733/3733 3725/3725
f 3725/3725 3733/3733 3726/3726
f 3734/3734 3735/3735 3729/3729
f 3729/3729 3735/3735 3736/3736
f 3729/3729 3736/3736 3730/3730
f 3730/3730 3736/3736 3737/3737
f 3730/3730 3737/3737 3738/3738
f 3738/3738 3737/3737 3739/3739
f 3738/3738 3739/3739 3740/3740
f 3740/3740 3739/3739 3741/3741
f 3740/3740 3741/3741 3727/3727
f 3727/3727 3741/3741 3728/3728
f 3735/3735 3734/3734 3742/3742
f 3742/3742 3734/3734 3743/3743
f 3742/3742 3743/3743 3744/3744
f 3744/3744 3743/3743 3745/3745
f 3744/3744 3745/3745 3746/3746
f 3746/3746 3745/3745 3747/3747
f 3746/3746 3747/3747 3748/3748
f 3748/3748 3747/3747 3653/3653
f 3748/3748 3653/3653 3655/3655
f 3647/3647 3649/3649 3743/3743
f 3743/3743 3649/3649 3749/3749
f 3743/3743 3749/3749 3745/3745
f 3745/3745 3749/3749 3747/3747
f 3646/3646 3642/3642 3644/3644
f 3689/3689 3687/3687 3690/3690
f 3690/3690 3693/3693 3750/3750
f 3750/3750 3693/3693 3695/3695
f 3750/3750 3695/3695 3668/3668
f 3668/3668 3695/3695 3670/3670
f 3684/3684 3686/3686 3751/3751
f 3751/3751 3686/3686 3688/3688
f 3751/3751 3688/3688 3662/3662
f 3662/3662 3688/3688 3664/3664
f 3680/3680 3684/3684 3752/3752
f 3752/3752 3684/3684 3751/3751
f 3752/3752 3751/3751 3660/3660
f 3660/3660 3751/3751 3662/3662
f 3681/3681 3680/3680 3753/3753
f 3753/3753 3680/3680 3752/3752
f 3753/3753 3752/3752 3658/3658
f 3658/3658 3752/3752 3660/3660
f 3677/3677 3676/3676 3683/3683
f 3683/3683 3676/3676 3675/3675
f 3645/3645 3643/3643 3678/3678
f 3678/3678 3643/3643 3641/3641
f 3666/3666 3689/3689 3750/3750
f 3750/3750 3689/3689 3690/3690
f 3666/3666 3750/3750 3668/3668
f 3681/3681 3753/3753 3682/3682
f 3682/3682 3753/3753 3656/3656
f 3682/3682 3656/3656 3654/3654
f 3656/3656 3753/3753 3658/3658
f 3650/3650 3677/3677 3652/3652
f 3652/3652 3677/3677 3683/3683
f 3648/3648 3645/3645 3678/3678
f 3669/3669 3671/3671 3754/3754
f 3754/3754 3671/3671 3696/3696
f 3754/3754 3696/3696 3755/3755
f 3755/3755 3696/3696 3698/3698
f 3755/3755 3698/3698 3700/3700
f 3667/3667 3669/3669 3756/3756
f 3756/3756 3669/3669 3754/3754
f 3756/3756 3754/3754 3757/3757
f 3757/3757 3754/3754 3755/3755
f 3757/3757 3755/3755 3758/3758
f 3758/3758 3755/3755 3700/3700
f 3758/3758 3700/3700 3702/3702
f 3714/3714 3663/3663 3665/3665
f 3665/3665 3667/3667 3759/3759
f 3759/3759 3667/3667 3756/3756
f 3759/3759 3756/3756 3760/3760
f 3760/3760 3756/3756 3757/3757
f 3760/3760 3757/3757 3761/3761
f 3761/3761 3757/3757 3758/3758
f 3761/3761 3758/3758 3762/3762
f 3762/3762 3758/3758 3702/3702
f 3762/3762 3702/3702 3704/3704
f 3657/3657 3659/3659 3763/3763
f 3763/3763 3659/3659 3728/3728
f 3763/3763 3728/3728 3741/3741
f 3655/3655 3657/3657 3764/3764
f 3764/3764 3657/3657 3763/3763
f 3764/3764 3763/3763 3765/3765
f 3765/3765 3763/3763 3741/3741
f 3765/3765 3741/3741 3739/3739
f 3749/3749 3649/3649 3651/3651
f 3749/3749 3651/3651 3747/3747
f 3747/3747 3651/3651 3653/3653
f 3712/3712 3714/3714 3759/3759
f 3759/3759 3714/3714 3665/3665
f 3712/3712 3759/3759 3760/3760
f 3655/3655 3764/3764 3748/3748
f 3748/3748 3764/3764 3766/3766
f 3748/3748 3766/3766 3746/3746
f 3746/3746 3766/3766 3767/3767
f 3746/3746 3767/3767 3744/3744
f 3744/3744 3767/3767 3742/3742
f 3766/3766 3764/3764 3765/3765
f 3712/3712 3760/3760 3710/3710
f 3710/3710 3760/3760 3761/3761
f 3710/3710 3761/3761 3708/3708
f 3708/3708 3761/3761 3762/3762
f 3708/3708 3762/3762 3706/3706
f 3706/3706 3762/3762 3704/3704
f 3727/3727 3726/3726 3740/3740
f 3740/3740 3726/3726 3733/3733
f 3740/3740 3733/3733 3738/3738
f 3738/3738 3733/3733 3731/3731
f 3738/3738 3731/3731 3730/3730
f 3766/3766 3765/3765 3768/3768
f 3768/3768 3765/3765 3739/3739
f 3768/3768 3739/3739 3737/3737
f 3766/3766 3768/3768 3767/3767
f 3767/3767 3768/3768 3769/3769
f 3767/3767 3769/3769 3742/3742
f 3742/3742 3769/3769 3735/3735
f 3769/3769 3768/3768 3737/3737
f 3732/3732 3725/3725 3724/3724
f 3735/3735 3769/3769 3736/3736
f 3736/3736 3769/3769 3737/3737
f 3723/3723 3732/3732 3724/3724
f 3770/3770 3771/3771 3772/3772
f 3772/3772 3771/3771 3773/3773
f 3772/3772 3773/3773 3774/3774
f 3774/3774 3773/3773 3775/3775
f 3774/3774 3775/3775 3776/3776
f 3776/3776 3775/3775 3777/3777
f 3777/3777 3775/3775 3778/3778
f 3777/3777 3778/3778 3779/3779
f 3779/3779 3778/3778 3780/3780
f 3779/3779 3780/3780 3781/3781
f 3781/3781 3780/3780 3782/3782
f 3782/3782 3780/3780 3783/3783
f 3782/3782 3783/3783 3784/3784
f 3784/3784 3783/3783 3785/3785
f 3784/3784 3785/3785 3786/3786
f 3786/3786 3785/3785 3787/3787
f 3787/3787 3785/3785 3788/3788
f 3787/3787 3788/3788 3789/3789
f 3789/3789 3788/3788 3790/3790
f 3789/3789 3790/3790 3791/3791
f 3791/3791 3790/3790 3792/3792
f 3792/3792 3790/3790 3793/3793
f 3792/3792 3793/3793 3794/3794
f 3794/3794 3793/3793 3795/3795
f 3794/3794 3795/3795 3796/3796
f 3796/3796 3795/3795 3797/3797
f 3797/3797 3795/3795 3798/3798
f 3797/3797 3798/3798 3799/3799
f 3799/3799 3798/3798 3800/3800
f 3799/3799 3800/3800 3801/3801
f 3801/3801 3800/3800 3802/3802
f 3801/3801 3802/3802 3803/3803
f 3803/3803 3802/3802 3804/3804
f 3803/3803 3804/3804 3805/3805
f 3805/3805 3804/3804 3806/3806
f 3805/3805 3806/3806 3807/3807
f 3807/3807 3806/3806 3808/3808
f 3807/3807 3808/3808 3809/3809
f 3809/3809 3808/3808 3810/3810
f 3810/3810 3808/3808 3811/3811
f 3810/3810 3811/3811 3812/3812
f 3812/3812 3811/3811 3813/3813
f 3812/3812 3813/3813 3814/3814
f 3814/3814 3813/3813 3815/3815
f 3814/3814 3815/3815 3816/3816
f 3816/3816 3815/3815 3817/3817
f 3816/3816 3817/3817 3818/3818
f 3818/3818 3817/3817 3819/3819
f 3819/3819 3817/3817 3820/3820
f 3819/3819 3820/3820 3821/3821
f 3821/3821 3820/3820 3822/3822
f 3821/3821 3822/3822 3823/3823
f 3823/3823 3822/3822 3824/3824
f 3824/3824 3822/3822 3825/3825
f 3824/3824 3825/3825 3826/3826
f 3826/3826 3825/3825 3827/3827
f 3826/3826 3827/3827 3828/3828
f 3828/3828 3827/3827 3829/3829
f 3829/3829 3827/3827 3830/3830
f 3829/3829 3830/3830 3831/3831
f 3831/3831 3830/3830 3832/3832
f 3831/3831 3832/3832 3833/3833
f 3833/3833 3832/3832 3834/3834
f 3833/3833 3834/3834 3835/3835
f 3835/3835 3834/3834 3836/3836
f 3835/3835 3836/3836 3837/3837
f 3837/3837 3836/3836 3838/3838
f 3838/3838 3836/3836 3839/3839
f 3838/3838 3839/3839 3840/3840
f 3840/3840 3839/3839 3841/3841
f 3840/3840 3841/3841 3842/3842
f 3842/3842 3841/3841 3843/3843
f 3843/3843 3841/3841 3844/3844
f 3843/3843 3844/3844 3845/3845
f 3845/3845 3844/3844 3846/3846
f 3845/3845 3846/3846 3847/3847
f 3771/3771 3848/3848 3773/3773
f 3773/3773 3848/3848 3775/3775
f 3848/3848 3849/3849 3775/3775
f 3775/3775 3849/3849 3850/3850
f 3775/3775 3850/3850 3778/3778
f 3778/3778 3850/3850 3851/3851
f 3778/3778 3851/3851 3852/3852
f 3852/3852 3851/3851 3853/3853
f 3852/3852 3853/3853 3854/3854
f 3855/3855 3856/3856 3854/3854
f 3854/3854 3856/3856 3857/3857
f 3854/3854 3857/3857 3852/3852
f 3852/3852 3857/3857 3780/3780
f 3852/3852 3780/3780 3778/3778
f 3855/3855 3858/3858 3856/3856
f 3856/3856 3858/3858 3859/3859
f 3856/3856 3859/3859 3860/3860
f 3860/3860 3859/3859 3861/3861
f 3860/3860 3861/3861 3785/3785
f 3785/3785 3861/3861 3788/3788
f 3858/3858 3862/3862 3859/3859
f 3859/3859 3862/3862 3863/3863
f 3859/3859 3863/3863 3861/3861
f 3861/3861 3863/3863 3864/3864
f 3861/3861 3864/3864 3788/3788
f 3788/3788 3864/3864 3790/3790
f 3865/3865 3866/3866 3862/3862
f 3862/3862 3866/3866 3867/3867
f 3862/3862 3867/3867 3863/3863
f 3863/3863 3867/3867 3864/3864
f 3866/3866 3865/3865 3868/3868
f 3868/3868 3865/3865 3869/3869
f 3868/3868 3869/3869 3870/3870
f 3870/3870 3869/3869 3871/3871
f 3870/3870 3871/3871 3872/3872
f 3872/3872 3871/3871 3873/3873
f 3872/3872 3873/3873 3874/3874
f 3874/3874 3873/3873 3875/3875
f 3874/3874 3875/3875 3876/3876
f 3876/3876 3875/3875 3877/3877
f 3876/3876 3877/3877 3802/3802
f 3802/3802 3877/3877 3804/3804
f 3878/3878 3879/3879 3871/3871
f 3871/3871 3879/3879 3880/3880
f 3871/3871 3880/3880 3873/3873
f 3873/3873 3880/3880 3875/3875
f 3881/3881 3882/3882 3878/3878
f 3878/3878 3882/3882 3883/3883
f 3878/3878 3883/3883 3884/3884
f 3884/3884 3883/3883 3885/3885
f 3884/3884 3885/3885 3886/3886
f 3886/3886 3885/3885 3887/3887
f 3886/3886 3887/3887 3888/3888
f 3888/3888 3887/3887 3811/3811
f 3888/3888 3811/3811 3808/3808
f 3889/3889 3890/3890 3881/3881
f 3881/3881 3890/3890 3891/3891
f 3881/3881 3891/3891 3892/3892
f 3892/3892 3891/3891 3893/3893
f 3892/3892 3893/3893 3894/3894
f 3894/3894 3893/3893 3895/3895
f 3894/3894 3895/3895 3896/3896
f 3896/3896 3895/3895 3820/3820
f 3896/3896 3820/3820 3817/3817
f 3897/3897 3898/3898 3889/3889
f 3889/3889 3898/3898 3899/3899
f 3889/3889 3899/3899 3890/3890
f 3890/3890 3899/3899 3900/3900
f 3890/3890 3900/3900 3901/3901
f 3901/3901 3900/3900 3902/3902
f 3901/3901 3902/3902 3903/3903
f 3903/3903 3902/3902 3825/3825
f 3903/3903 3825/3825 3822/3822
f 3898/3898 3897/3897 3904/3904
f 3904/3904 3897/3897 3905/3905
f 3904/3904 3905/3905 3906/3906
f 3906/3906 3905/3905 3907/3907
f 3906/3906 3907/3907 3908/3908
f 3908/3908 3907/3907 3909/3909
f 3908/3908 3909/3909 3910/3910
f 3910/3910 3909/3909 3911/3911
f 3910/3910 3911/3911 3912/3912
f 3912/3912 3911/3911 3913/3913
f 3912/3912 3913/3913 3914/3914
f 3914/3914 3913/3913 3915/3915
f 3914/3914 3915/3915 3916/3916
f 3916/3916 3917/3917 3914/3914
f 3914/3914 3917/3917 3841/3841
f 3914/3914 3841/3841 3839/3839
f 3917/3917 3918/3918 3841/3841
f 3841/3841 3918/3918 3919/3919
f 3841/3841 3919/3919 3844/3844
f 3844/3844 3919/3919 3846/3846
f 3878/3878 3884/3884 3920/3920
f 3920/3920 3884/3884 3886/3886
f 3920/3920 3886/3886 3921/3921
f 3921/3921 3886/3886 3888/3888
f 3921/3921 3888/3888 3922/3922
f 3922/3922 3888/3888 3808/3808
f 3922/3922 3808/3808 3806/3806
f 3878/3878 3920/3920 3923/3923
f 3923/3923 3920/3920 3921/3921
f 3923/3923 3921/3921 3924/3924
f 3924/3924 3921/3921 3922/3922
f 3924/3924 3922/3922 3925/3925
f 3925/3925 3922/3922 3806/3806
f 3925/3925 3806/3806 3804/3804
f 3783/3783 3780/3780 3857/3857
f 3783/3783 3857/3857 3860/3860
f 3860/3860 3857/3857 3856/3856
f 3785/3785 3783/3783 3860/3860
f 3867/3867 3866/3866 3926/3926
f 3926/3926 3866/3866 3868/3868
f 3926/3926 3868/3868 3927/3927
f 3927/3927 3868/3868 3870/3870
f 3927/3927 3870/3870 3928/3928
f 3928/3928 3870/3870 3872/3872
f 3928/3928 3872/3872 3874/3874
f 3864/3864 3867/3867 3929/3929
f 3929/3929 3867/3867 3926/3926
f 3929/3929 3926/3926 3930/3930
f 3930/3930 3926/3926 3927/3927
f 3930/3930 3927/3927 3931/3931
f 3931/3931 3927/3927 3928/3928
f 3931/3931 3928/3928 3932/3932
f 3932/3932 3928/3928 3874/3874
f 3932/3932 3874/3874 3876/3876
f 3930/3930 3793/3793 3929/3929
f 3929/3929 3793/3793 3790/3790
f 3929/3929 3790/3790 3864/3864
f 3793/3793 3930/3930 3795/3795
f 3795/3795 3930/3930 3931/3931
f 3795/3795 3931/3931 3798/3798
f 3798/3798 3931/3931 3932/3932
f 3798/3798 3932/3932 3800/3800
f 3800/3800 3932/3932 3876/3876
f 3800/3800 3876/3876 3802/3802
f 3885/3885 3883/3883 3933/3933
f 3933/3933 3883/3883 3882/3882
f 3933/3933 3882/3882 3934/3934
f 3934/3934 3882/3882 3935/3935
f 3934/3934 3935/3935 3894/3894
f 3894/3894 3935/3935 3892/3892
f 3813/3813 3811/3811 3887/3887
f 3887/3887 3885/3885 3936/3936
f 3936/3936 3885/3885 3933/3933
f 3936/3936 3933/3933 3937/3937
f 3937/3937 3933/3933 3934/3934
f 3937/3937 3934/3934 3896/3896
f 3896/3896 3934/3934 3894/3894
f 3903/3903 3822/3822 3895/3895
f 3895/3895 3822/3822 3820/3820
f 3901/3901 3903/3903 3893/3893
f 3893/3893 3903/3903 3895/3895
f 3890/3890 3901/3901 3891/3891
f 3891/3891 3901/3901 3893/3893
f 3882/3882 3881/3881 3935/3935
f 3935/3935 3881/3881 3892/3892
f 3825/3825 3902/3902 3827/3827
f 3827/3827 3902/3902 3938/3938
f 3827/3827 3938/3938 3830/3830
f 3830/3830 3938/3938 3939/3939
f 3830/3830 3939/3939 3832/3832
f 3832/3832 3939/3939 3940/3940
f 3832/3832 3940/3940 3834/3834
f 3834/3834 3940/3940 3941/3941
f 3834/3834 3941/3941 3836/3836
f 3836/3836 3941/3941 3912/3912
f 3836/3836 3912/3912 3839/3839
f 3839/3839 3912/3912 3914/3914
f 3902/3902 3900/3900 3938/3938
f 3938/3938 3900/3900 3942/3942
f 3938/3938 3942/3942 3939/3939
f 3939/3939 3942/3942 3943/3943
f 3939/3939 3943/3943 3940/3940
f 3940/3940 3943/3943 3944/3944
f 3940/3940 3944/3944 3941/3941
f 3941/3941 3944/3944 3908/3908
f 3941/3941 3908/3908 3912/3912
f 3912/3912 3908/3908 3910/3910
f 3900/3900 3899/3899 3942/3942
f 3942/3942 3899/3899 3898/3898
f 3942/3942 3898/3898 3943/3943
f 3943/3943 3898/3898 3904/3904
f 3943/3943 3904/3904 3944/3944
f 3944/3944 3904/3904 3906/3906
f 3944/3944 3906/3906 3908/3908
f 3937/3937 3896/3896 3817/3817
f 3936/3936 3937/3937 3815/3815
f 3815/3815 3937/3937 3817/3817
f 3887/3887 3936/3936 3813/3813
f 3813/3813 3936/3936 3815/3815
f 3878/3878 3923/3923 3879/3879
f 3879/3879 3923/3923 3924/3924
f 3879/3879 3924/3924 3945/3945
f 3945/3945 3924/3924 3925/3925
f 3945/3945 3925/3925 3877/3877
f 3877/3877 3925/3925 3804/3804
f 3880/3880 3879/3879 3945/3945
f 3880/3880 3945/3945 3875/3875
f 3875/3875 3945/3945 3877/3877
f 3946/3946 3947/3947 3948/3948
f 3948/3948 3947/3947 3949/3949
f 3948/3948 3949/3949 3950/3950
f 3950/3950 3949/3949 3951/3951
f 3950/3950 3951/3951 3952/3952
f 3947/3947 3953/3953 3949/3949
f 3949/3949 3953/3953 3954/3954
f 3949/3949 3954/3954 3955/3955
f 3955/3955 3954/3954 3956/3956
f 3956/3956 3954/3954 3957/3957
f 3957/3957 3954/3954 3958/3958
f 3957/3957 3958/3958 3959/3959
f 3959/3959 3958/3958 3960/3960
f 3960/3960 3958/3958 3961/3961
f 3960/3960 3961/3961 3962/3962
f 3962/3962 3961/3961 3963/3963
f 3963/3963 3961/3961 3964/3964
f 3963/3963 3964/3964 3965/3965
f 3965/3965 3964/3964 3966/3966
f 3965/3965 3966/3966 3967/3967
f 3967/3967 3966/3966 3968/3968
f 3968/3968 3966/3966 3969/3969
f 3968/3968 3969/3969 3970/3970
f 3970/3970 3969/3969 3971/3971
f 3971/3971 3969/3969 3972/3972
f 3971/3971 3972/3972 3973/3973
f 3973/3973 3972/3972 3974/3974
f 3974/3974 3972/3972 3975/3975
f 3974/3974 3975/3975 3976/3976
f 3976/3976 3975/3975 3977/3977
f 3977/3977 3975/3975 3978/3978
f 3978/3978 3975/3975 3979/3979
f 3978/3978 3979/3979 3980/3980
f 3980/3980 3979/3979 3981/3981
f 3980/3980 3981/3981 3982/3982
f 3982/3982 3981/3981 3983/3983
f 3982/3982 3983/3983 3984/3984
f 3984/3984 3983/3983 3985/3985
f 3985/3985 3983/3983 3986/3986
f 3986/3986 3983/3983 3987/3987
f 3986/3986 3987/3987 3988/3988
f 3988/3988 3987/3987 3989/3989
f 3988/3988 3989/3989 3990/3990
f 3990/3990 3989/3989 3991/3991
f 3991/3991 3989/3989 3992/3992
f 3991/3991 3992/3992 3993/3993
f 3993/3993 3992/3992 3994/3994
f 3994/3994 3992/3992 3995/3995
f 3994/3994 3995/3995 3996/3996
f 3996/3996 3995/3995 3997/3997
f 3997/3997 3995/3995 3998/3998
f 3997/3997 3998/3998 3999/3999
f 3999/3999 3998/3998 4000/4000
f 4000/4000 3998/3998 4001/4001
f 4000/4000 4001/4001 4002/4002
f 4002/4002 4001/4001 4003/4003
f 4003/4003 4001/4001 4004/4004
f 4003/4003 4004/4004 4005/4005
f 4005/4005 4004/4004 4006/4006
f 4006/4006 4004/4004 4007/4007
f 4006/4006 4007/4007 4008/4008
f 4008/4008 4007/4007 4009/4009
f 4009/4009 4007/4007 4010/4010
f 4009/4009 4010/4010 4011/4011
f 4011/4011 4010/4010 4012/4012
f 4012/4012 4010/4010 4013/4013
f 4012/4012 4013/4013 4014/4014
f 4014/4014 4013/4013 4015/4015
f 4015/4015 4013/4013 4016/4016
f 4016/4016 4013/4013 4017/4017
f 4016/4016 4017/4017 4018/4018
f 4018/4018 4017/4017 4019/4019
f 4018/4018 4019/4019 4020/4020
f 4020/4020 4019/4019 4021/4021
f 4021/4021 4019/4019 4022/4022
f 3953/3953 4023/4023 3954/3954
f 3954/3954 4023/4023 3958/3958
f 4023/4023 4024/4024 3958/3958
f 3958/3958 4024/4024 3961/3961
f 4024/4024 4025/4025 3961/3961
f 3961/3961 4025/4025 3964/3964
f 4025/4025 4026/4026 3964/3964
f 3964/3964 4026/4026 3966/3966
f 4026/4026 4027/4027 3966/3966
f 3966/3966 4027/4027 3969/3969
f 4027/4027 4028/4028 3969/3969
f 3969/3969 4028/4028 3972/3972
f 4028/4028 4029/4029 3972/3972
f 3972/3972 4029/4029 3975/3975
f 4029/4029 4030/4030 3975/3975
f 3975/3975 4030/4030 3979/3979
f 4030/4030 4031/4031 3979/3979
f 3979/3979 4031/4031 3981/3981
f 4031/4031 4032/4032 3981/3981
f 3981/3981 4032/4032 3983/3983
f 4032/4032 4033/4033 3983/3983
f 3983/3983 4033/4033 3987/3987
f 4033/4033 4034/4034 3987/3987
f 3987/3987 4034/4034 3989/3989
f 4034/4034 4035/4035 3989/3989
f 3989/3989 4035/4035 3992/3992
f 4035/4035 4036/4036 3992/3992
f 3992/3992 4036/4036 3995/3995
f 4036/4036 4037/4037 3995/3995
f 3995/3995 4037/4037 3998/3998
f 4037/4037 4038/4038 3998/3998
f 3998/3998 4038/4038 4001/4001
f 4038/4038 4039/4039 4001/4001
f 4001/4001 4039/4039 4004/4004
f 4039/4039 4040/4040 4004/4004
f 4004/4004 4040/4040 4007/4007
f 4040/4040 4041/4041 4007/4007
f 4007/4007 4041/4041 4010/4010
f 4041/4041 4042/4042 4010/4010
f 4010/4010 4042/4042 4013/4013
f 4042/4042 4043/4043 4013/4013
f 4013/4013 4043/4043 4017/4017
f 4043/4043 4044/4044 4017/4017
f 4017/4017 4044/4044 4045/4045
f 4017/4017 4045/4045 4019/4019
f 4044/4044 4046/4046 4045/4045
f 3955/3955 4047/4047 3949/3949
f 3949/3949 4047/4047 3951/3951
f 3952/3952 4048/4048 3950/3950
f 3950/3950 4048/4048 4049/4049
f 4050/4050 4051/4051 4052/4052
f 4052/4052 4051/4051 4053/4053
f 4052/4052 4053/4053 4054/4054
f 4054/4054 4053/4053 4055/4055
f 4054/4054 4055/4055 4056/4056
f 4056/4056 4055/4055 4057/4057
f 4056/4056 4057/4057 4058/4058
f 4058/4058 4057/4057 4059/4059
f 4058/4058 4059/4059 4060/4060
f 4060/4060 4059/4059 4061/4061
f 4060/4060 4061/4061 4062/4062
f 4062/4062 4061/4061 4063/4063
f 4062/4062 4063/4063 4064/4064
f 4064/4064 4063/4063 4065/4065
f 4064/4064 4065/4065 4066/4066
f 4066/4066 4065/4065 4067/4067
f 4066/4066 4067/4067 4068/4068
f 4068/4068 4067/4067 4069/4069
f 4068/4068 4069/4069 4070/4070
f 4070/4070 4069/4069 4071/4071
f 4070/4070 4071/4071 4072/4072
f 4072/4072 4071/4071 4073/4073
f 4072/4072 4073/4073 4074/4074
f 4074/4074 4073/4073 4075/4075
f 4074/4074 4075/4075 4076/4076
f 4076/4076 4075/4075 4077/4077
f 4076/4076 4077/4077 4078/4078
f 4079/4079 4080/4080 4050/4050
f 4050/4050 4080/4080 4081/4081
f 4050/4050 4081/4081 4082/4082
f 4082/4082 4081/4081 4061/4061
f 4082/4082 4061/4061 4059/4059
f 4083/4083 4084/4084 4079/4079
f 4079/4079 4084/4084 4085/4085
f 4079/4079 4085/4085 4086/4086
f 4086/4086 4085/4085 4069/4069
f 4086/4086 4069/4069 4067/4067
f 4084/4084 4083/4083 4087/4087
f 4087/4087 4083/4083 4088/4088
f 4087/4087 4088/4088 4089/4089
f 4087/4087 4089/4089 4075/4075
f 4075/4075 4089/4089 4077/4077
f 4090/4090 4091/4091 4078/4078
f 4078/4078 4091/4091 4092/4092
f 4078/4078 4092/4092 4076/4076
f 4076/4076 4092/4092 4093/4093
f 4076/4076 4093/4093 4074/4074
f 4074/4074 4093/4093 4094/4094
f 4074/4074 4094/4094 4072/4072
f 4072/4072 4094/4094 4095/4095
f 4072/4072 4095/4095 4070/4070
f 4070/4070 4095/4095 4096/4096
f 4070/4070 4096/4096 4068/4068
f 4068/4068 4096/4096 4097/4097
f 4068/4068 4097/4097 4066/4066
f 4066/4066 4097/4097 4098/4098
f 4066/4066 4098/4098 4064/4064
f 4064/4064 4098/4098 4099/4099
f 4064/4064 4099/4099 4062/4062
f 4062/4062 4099/4099 4100/4100
f 4062/4062 4100/4100 4060/4060
f 4060/4060 4100/4100 4101/4101
f 4060/4060 4101/4101 4058/4058
f 4058/4058 4101/4101 4102/4102
f 4058/4058 4102/4102 4056/4056
f 4056/4056 4102/4102 4103/4103
f 4056/4056 4103/4103 4054/4054
f 4104/4104 4105/4105 4090/4090
f 4090/4090 4105/4105 4106/4106
f 4090/4090 4106/4106 4091/4091
f 4091/4091 4106/4106 4107/4107
f 4091/4091 4107/4107 4108/4108
f 4108/4108 4107/4107 4109/4109
f 4108/4108 4109/4109 4110/4110
f 4110/4110 4109/4109 4111/4111
f 4110/4110 4111/4111 4112/4112
f 4112/4112 4111/4111 4113/4113
f 4112/4112 4113/4113 4114/4114
f 4114/4114 4113/4113 4115/4115
f 4114/4114 4115/4115 4116/4116
f 4116/4116 4115/4115 4117/4117
f 4116/4116 4117/4117 4118/4118
f 4118/4118 4117/4117 4119/4119
f 4118/4118 4119/4119 4120/4120
f 4120/4120 4119/4119 4121/4121
f 4120/4120 4121/4121 4122/4122
f 4122/4122 4121/4121 4123/4123
f 4122/4122 4123/4123 4124/4124
f 4124/4124 4123/4123 4125/4125
f 4124/4124 4125/4125 4126/4126
f 4126/4126 4125/4125 4103/4103
f 4126/4126 4103/4103 4102/4102
f 4127/4127 4128/4128 4104/4104
f 4104/4104 4128/4128 4129/4129
f 4104/4104 4129/4129 4105/4105
f 4105/4105 4129/4129 4130/4130
f 4105/4105 4130/4130 4131/4131
f 4131/4131 4130/4130 4132/4132
f 4131/4131 4132/4132 4133/4133
f 4133/4133 4132/4132 4134/4134
f 4133/4133 4134/4134 4135/4135
f 4135/4135 4134/4134 4136/4136
f 4135/4135 4136/4136 4137/4137
f 4137/4137 4136/4136 4138/4138
f 4137/4137 4138/4138 4139/4139
f 4139/4139 4138/4138 4140/4140
f 4139/4139 4140/4140 4141/4141
f 4141/4141 4140/4140 4142/4142
f 4141/4141 4142/4142 4143/4143
f 4143/4143 4142/4142 4144/4144
f 4143/4143 4144/4144 4145/4145
f 4145/4145 4144/4144 4146/4146
f 4145/4145 4146/4146 4147/4147
f 4147/4147 4146/4146 4148/4148
f 4147/4147 4148/4148 4149/4149
f 4149/4149 4148/4148 4150/4150
f 4149/4149 4150/4150 4125/4125
f 4125/4125 4150/4150 4103/4103
f 4151/4151 4152/4152 4127/4127
f 4127/4127 4152/4152 4153/4153
f 4127/4127 4153/4153 4128/4128
f 4128/4128 4153/4153 4154/4154
f 4128/4128 4154/4154 4155/4155
f 4155/4155 4154/4154 4156/4156
f 4155/4155 4156/4156 4157/4157
f 4157/4157 4156/4156 4158/4158
f 4157/4157 4158/4158 4159/4159
f 4159/4159 4158/4158 4160/4160
f 4159/4159 4160/4160 4161/4161
f 4161/4161 4160/4160 4162/4162
f 4161/4161 4162/4162 4163/4163
f 4163/4163 4162/4162 4164/4164
f 4163/4163 4164/4164 4165/4165
f 4165/4165 4164/4164 4166/4166
f 4165/4165 4166/4166 4167/4167
f 4167/4167 4166/4166 4168/4168
f 4167/4167 4168/4168 4169/4169
f 4169/4169 4168/4168 4170/4170
f 4169/4169 4170/4170 4171/4171
f 4171/4171 4170/4170 4172/4172
f 4171/4171 4172/4172 4173/4173
f 4173/4173 4172/4172 4174/4174
f 4173/4173 4174/4174 4150/4150
f 4152/4152 4175/4175 4153/4153
f 4153/4153 4175/4175 4154/4154
f 4154/4154 4175/4175 4156/4156
f 4156/4156 4175/4175 4176/4176
f 4156/4156 4176/4176 4158/4158
f 4158/4158 4176/4176 4160/4160
f 4176/4176 4177/4177 4160/4160
f 4160/4160 4177/4177 4162/4162
f 4177/4177 4178/4178 4162/4162
f 4162/4162 4178/4178 4164/4164
f 4164/4164 4178/4178 4166/4166
f 4166/4166 4178/4178 4179/4179
f 4166/4166 4179/4179 4168/4168
f 4168/4168 4179/4179 4180/4180
f 4168/4168 4180/4180 4170/4170
f 4170/4170 4180/4180 4172/4172
f 4180/4180 4174/4174 4172/4172
f 4150/4150 4148/4148 4173/4173
f 4173/4173 4148/4148 4146/4146
f 4173/4173 4146/4146 4171/4171
f 4171/4171 4146/4146 4144/4144
f 4171/4171 4144/4144 4169/4169
f 4169/4169 4144/4144 4142/4142
f 4169/4169 4142/4142 4167/4167
f 4167/4167 4142/4142 4140/4140
f 4167/4167 4140/4140 4165/4165
f 4165/4165 4140/4140 4138/4138
f 4165/4165 4138/4138 4163/4163
f 4163/4163 4138/4138 4136/4136
f 4163/4163 4136/4136 4161/4161
f 4161/4161 4136/4136 4134/4134
f 4161/4161 4134/4134 4159/4159
f 4159/4159 4134/4134 4132/4132
f 4159/4159 4132/4132 4157/4157
f 4157/4157 4132/4132 4130/4130
f 4157/4157 4130/4130 4155/4155
f 4155/4155 4130/4130 4129/4129
f 4155/4155 4129/4129 4128/4128
f 4075/4075 4073/4073 4087/4087
f 4087/4087 4073/4073 4084/4084
f 4073/4073 4071/4071 4084/4084
f 4084/4084 4071/4071 4085/4085
f 4080/4080 4079/4079 4181/4181
f 4181/4181 4079/4079 4086/4086
f 4181/4181 4086/4086 4067/4067
f 4071/4071 4069/4069 4085/4085
f 4067/4067 4065/4065 4181/4181
f 4181/4181 4065/4065 4080/4080
f 4065/4065 4063/4063 4080/4080
f 4080/4080 4063/4063 4081/4081
f 4051/4051 4050/4050 4182/4182
f 4182/4182 4050/4050 4082/4082
f 4182/4182 4082/4082 4059/4059
f 4063/4063 4061/4061 4081/4081
f 4055/4055 4053/4053 4051/4051
f 4059/4059 4057/4057 4182/4182
f 4182/4182 4057/4057 4051/4051
f 4057/4057 4055/4055 4051/4051
f 4091/4091 4108/4108 4092/4092
f 4092/4092 4108/4108 4093/4093
f 4108/4108 4110/4110 4093/4093
f 4093/4093 4110/4110 4094/4094
f 4110/4110 4112/4112 4094/4094
f 4094/4094 4112/4112 4095/4095
f 4112/4112 4114/4114 4095/4095
f 4095/4095 4114/4114 4096/4096
f 4114/4114 4116/4116 4096/4096
f 4096/4096 4116/4116 4097/4097
f 4116/4116 4118/4118 4097/4097
f 4097/4097 4118/4118 4098/4098
f 4118/4118 4120/4120 4098/4098
f 4098/4098 4120/4120 4099/4099
f 4120/4120 4122/4122 4099/4099
f 4099/4099 4122/4122 4100/4100
f 4126/4126 4102/4102 4101/4101
f 4122/4122 4124/4124 4100/4100
f 4100/4100 4124/4124 4101/4101
f 4124/4124 4126/4126 4101/4101
f 4105/4105 4131/4131 4106/4106
f 4106/4106 4131/4131 4107/4107
f 4131/4131 4133/4133 4107/4107
f 4107/4107 4133/4133 4109/4109
f 4133/4133 4135/4135 4109/4109
f 4109/4109 4135/4135 4111/4111
f 4135/4135 4137/4137 4111/4111
f 4111/4111 4137/4137 4113/4113
f 4137/4137 4139/4139 4113/4113
f 4113/4113 4139/4139 4115/4115
f 4139/4139 4141/4141 4115/4115
f 4115/4115 4141/4141 4117/4117
f 4141/4141 4143/4143 4117/4117
f 4117/4117 4143/4143 4119/4119
f 4143/4143 4145/4145 4119/4119
f 4119/4119 4145/4145 4121/4121
f 4149/4149 4125/4125 4123/4123
f 4145/4145 4147/4147 4121/4121
f 4121/4121 4147/4147 4123/4123
f 4147/4147 4149/4149 4123/4123
f 4183/4183 4184/4184 4185/4185
f 4185/4185 4184/4184 4186/4186
f 4185/4185 4186/4186 4187/4187
f 4187/4187 4186/4186 4188/4188
f 4187/4187 4188/4188 4189/4189
f 4189/4189 4188/4188 4190/4190
f 4189/4189 4190/4190 4191/4191
f 4189/4189 4191/4191 4192/4192
f 4192/4192 4191/4191 4193/4193
f 4192/4192 4193/4193 4194/4194
f 4194/4194 4193/4193 4195/4195
f 4194/4194 4195/4195 4196/4196
f 4194/4194 4196/4196 4197/4197
f 4197/4197 4196/4196 4198/4198
f 4197/4197 4198/4198 4199/4199
f 4199/4199 4198/4198 4200/4200
f 4199/4199 4200/4200 4201/4201
f 4201/4201 4200/4200 4202/4202
f 4201/4201 4202/4202 4203/4203
f 4201/4201 4203/4203 4204/4204
f 4204/4204 4203/4203 4205/4205
f 4204/4204 4205/4205 4206/4206
f 4206/4206 4205/4205 4207/4207
f 4206/4206 4207/4207 4208/4208
f 4206/4206 4208/4208 4209/4209
f 4209/4209 4208/4208 4210/4210
f 4209/4209 4210/4210 4211/4211
f 4211/4211 4210/4210 4212/4212
f 4211/4211 4212/4212 4213/4213
f 4211/4211 4213/4213 4214/4214
f 4214/4214 4213/4213 4215/4215
f 4214/4214 4215/4215 4216/4216
f 4216/4216 4215/4215 4217/4217
f 4216/4216 4217/4217 4218/4218
f 4216/4216 4218/4218 4219/4219
f 4219/4219 4218/4218 4220/4220
f 4219/4219 4220/4220 4221/4221
f 4221/4221 4220/4220 4222/4222
f 4221/4221 4222/4222 4223/4223
f 4223/4223 4222/4222 4224/4224
f 4223/4223 4224/4224 4225/4225
f 4223/4223 4225/4225 4226/4226
f 4226/4226 4225/4225 4227/4227
f 4226/4226 4227/4227 4228/4228
f 4228/4228 4227/4227 4229/4229
f 4228/4228 4229/4229 4230/4230
f 4228/4228 4230/4230 4231/4231
f 4231/4231 4230/4230 4232/4232
f 4231/4231 4232/4232 4233/4233
f 4233/4233 4232/4232 4234/4234
f 4233/4233 4234/4234 4235/4235
f 4233/4233 4235/4235 4236/4236
f 4236/4236 4235/4235 4237/4237
f 4236/4236 4237/4237 4238/4238
f 4238/4238 4237/4237 4239/4239
f 4238/4238 4239/4239 4240/4240
f 4238/4238 4240/4240 4241/4241
f 4241/4241 4240/4240 4242/4242
f 4241/4241 4242/4242 4243/4243
f 4243/4243 4242/4242 4244/4244
f 4243/4243 4244/4244 4245/4245
f 4243/4243 4245/4245 4246/4246
f 4246/4246 4245/4245 4247/4247
f 4246/4246 4247/4247 4248/4248
f 4248/4248 4247/4247 4249/4249
f 4248/4248 4249/4249 4250/4250
f 4250/4250 4249/4249 4251/4251
f 4250/4250 4251/4251 4252/4252
f 4250/4250 4252/4252 4253/4253
f 4253/4253 4252/4252 4254/4254
f 4253/4253 4254/4254 4255/4255
f 4255/4255 4254/4254 4256/4256
f 4255/4255 4256/4256 4257/4257
f 4255/4255 4257/4257 4258/4258
f 4258/4258 4257/4257 4183/4183
f 4258/4258 4183/4183 4185/4185
f 4259/4259 4260/4260 4261/4261
f 4261/4261 4260/4260 4262/4262
f 4262/4262 4260/4260 4263/4263
f 4262/4262 4263/4263 4264/4264
f 4264/4264 4263/4263 4265/4265
f 4264/4264 4265/4265 4266/4266
f 4266/4266 4265/4265 4267/4267
f 4266/4266 4267/4267 4268/4268
f 4268/4268 4267/4267 4269/4269
f 4269/4269 4267/4267 4270/4270
f 4270/4270 4267/4267 4271/4271
f 4271/4271 4267/4267 4272/4272
f 4272/4272 4267/4267 4273/4273
f 4273/4273 4267/4267 4274/4274
f 4274/4274 4267/4267 4275/4275
f 4275/4275 4267/4267 4276/4276
f 4276/4276 4267/4267 4277/4277
f 4277/4277 4267/4267 4278/4278
f 4278/4278 4267/4267 4279/4279
f 4279/4279 4267/4267 4280/4280
f 4280/4280 4267/4267 4281/4281
f 4280/4280 4281/4281 4282/4282
f 4282/4282 4281/4281 4283/4283
f 4283/4283 4281/4281 4284/4284
f 4284/4284 4281/4281 4285/4285
f 4285/4285 4281/4281 4286/4286
f 4285/4285 4286/4286 4287/4287
f 4287/4287 4286/4286 4288/4288
f 4287/4287 4288/4288 4289/4289
f 4290/4290 4291/4291 4292/4292
f 4292/4292 4291/4291 4293/4293
f 4292/4292 4293/4293 4294/4294
f 4294/4294 4293/4293 4295/4295
f 4294/4294 4295/4295 4296/4296
f 4296/4296 4295/4295 4297/4297
f 4296/4296 4297/4297 4298/4298
f 4298/4298 4297/4297 4299/4299
f 4298/4298 4299/4299 4300/4300
f 4300/4300 4299/4299 4301/4301
f 4300/4300 4301/4301 4302/4302
f 4302/4302 4301/4301 4303/4303
f 4302/4302 4303/4303 4304/4304
f 4304/4304 4303/4303 4305/4305
f 4304/4304 4305/4305 4306/4306
f 4306/4306 4305/4305 4307/4307
f 4306/4306 4307/4307 4308/4308
f 4308/4308 4307/4307 4309/4309
f 4308/4308 4309/4309 4310/4310
f 4310/4310 4309/4309 4311/4311
f 4310/4310 4311/4311 4312/4312
f 4312/4312 4311/4311 4313/4313
f 4312/4312 4313/4313 4314/4314
f 4314/4314 4313/4313 4315/4315
f 4314/4314 4315/4315 4316/4316
f 4316/4316 4315/4315 4317/4317
f 4316/4316 4317/4317 4318/4318
f 4318/4318 4317/4317 4319/4319
f 4318/4318 4319/4319 4320/4320
f 4320/4320 4319/4319 4321/4321
f 4320/4320 4321/4321 4322/4322
f 4323/4323 4324/4324 4325/4325
f 4323/4323 4325/4325 4326/4326
f 4326/4326 4325/4325 4327/4327
f 4326/4326 4327/4327 4328/4328
f 4328/4328 4327/4327 4329/4329
f 4328/4328 4329/4329 4330/4330
f 4330/4330 4329/4329 4331/4331
f 4330/4330 4331/4331 4332/4332
f 4332/4332 4331/4331 4333/4333
f 4332/4332 4333/4333 4334/4334
f 4334/4334 4333/4333 4335/4335
f 4334/4334 4335/4335 4336/4336
f 4336/4336 4335/4335 4337/4337
f 4336/4336 4337/4337 4338/4338
f 4338/4338 4337/4337 4339/4339
f 4338/4338 4339/4339 4340/4340
f 4340/4340 4339/4339 4341/4341
f 4340/4340 4341/4341 4342/4342
f 4342/4342 4341/4341 4343/4343
f 4342/4342 4343/4343 4344/4344
f 4344/4344 4343/4343 4345/4345
f 4344/4344 4345/4345 4346/4346
f 4346/4346 4345/4345 4347/4347
f 4346/4346 4347/4347 4348/4348
f 4348/4348 4347/4347 4349/4349
f 4348/4348 4349/4349 4350/4350
f 4350/4350 4349/4349 4351/4351
f 4350/4350 4351/4351 4352/4352
f 4352/4352 4351/4351 4353/4353
f 4352/4352 4353/4353 4290/4290
f 4290/4290 4353/4353 4291/4291
f 4354/4354 4355/4355 4356/4356
f 4357/4357 4358/4358 4359/4359
f 4357/4357 4359/4359 4360/4360
f 4360/4360 4359/4359 4361/4361
f 4360/4360 4361/4361 4362/4362
f 4362/4362 4361/4361 4363/4363
f 4362/4362 4363/4363 4364/4364
f 4364/4364 4363/4363 4365/4365
f 4364/4364 4365/4365 4366/4366
f 4366/4366 4365/4365 4367/4367
f 4366/4366 4367/4367 4368/4368
f 4368/4368 4367/4367 4369/4369
f 4368/4368 4369/4369 4370/4370
f 4370/4370 4369/4369 4371/4371
f 4370/4370 4371/4371 4372/4372
f 4372/4372 4371/4371 4373/4373
f 4372/4372 4373/4373 4374/4374
f 4374/4374 4373/4373 4375/4375
f 4374/4374 4375/4375 4376/4376
f 4376/4376 4375/4375 4377/4377
f 4376/4376 4377/4377 4378/4378
f 4378/4378 4377/4377 4379/4379
f 4378/4378 4379/4379 4380/4380
f 4380/4380 4379/4379 4381/4381
f 4380/4380 4381/4381 4382/4382
f 4382/4382 4381/4381 4383/4383
f 4382/4382 4383/4383 4384/4384
f 4384/4384 4383/4383 4385/4385
f 4384/4384 4385/4385 4386/4386
f 4386/4386 4385/4385 4387/4387
f 4386/4386 4387/4387 4388/4388
f 4388/4388 4387/4387 4389/4389
f 4388/4388 4389/4389 4390/4390
f 4390/4390 4389/4389 4391/4391
f 4390/4390 4391/4391 4392/4392
f 4392/4392 4391/4391 4393/4393
f 4392/4392 4393/4393 4394/4394
f 4394/4394 4393/4393 4395/4395
f 4394/4394 4395/4395 4396/4396
f 4396/4396 4395/4395 4397/4397
f 4396/4396 4397/4397 4398/4398
f 4398/4398 4397/4397 4399/4399
f 4398/4398 4399/4399 4400/4400
f 4400/4400 4399/4399 4401/4401
f 4400/4400 4401/4401 4402/4402
f 4402/4402 4401/4401 4403/4403
f 4402/4402 4403/4403 4404/4404
f 4404/4404 4403/4403 4405/4405
f 4404/4404 4405/4405 4406/4406
f 4406/4406 4405/4405 4407/4407
f 4406/4406 4407/4407 4408/4408
f 4408/4408 4407/4407 4409/4409
f 4408/4408 4409/4409 4410/4410
f 4410/4410 4409/4409 4411/4411
f 4410/4410 4411/4411 4412/4412
f 4412/4412 4411/4411 4413/4413
f 4412/4412 4413/4413 4414/4414
f 4414/4414 4413/4413 4415/4415
f 4414/4414 4415/4415 4416/4416
f 4416/4416 4415/4415 4417/4417
f 4416/4416 4417/4417 4418/4418
f 4418/4418 4417/4417 4419/4419
f 4418/4418 4419/4419 4420/4420
f 4420/4420 4419/4419 4421/4421
f 4420/4420 4421/4421 4422/4422
f 4422/4422 4421/4421 4423/4423
f 4422/4422 4423/4423 4424/4424
f 4424/4424 4423/4423 4425/4425
f 4424/4424 4425/4425 4426/4426
f 4426/4426 4425/4425 4427/4427
f 4426/4426 4427/4427 4428/4428
f 4428/4428 4427/4427 4429/4429
f 4428/4428 4429/4429 4430/4430
f 4430/4430 4429/4429 4431/4431
f 4430/4430 4431/4431 4432/4432
f 4432/4432 4431/4431 4433/4433
f 4432/4432 4433/4433 4434/4434
f 4434/4434 4433/4433 4435/4435
f 4434/4434 4435/4435 4436/4436
f 4436/4436 4435/4435 4437/4437
f 4436/4436 4437/4437 4438/4438
f 4438/4438 4437/4437 4439/4439
f 4438/4438 4439/4439 4440/4440
f 4440/4440 4439/4439 4441/4441
f 4440/4440 4441/4441 4442/4442
f 4442/4442 4441/4441 4443/4443
f 4442/4442 4443/4443 4444/4444
f 4444/4444 4443/4443 4445/4445
f 4444/4444 4445/4445 4446/4446
f 4446/4446 4445/4445 4447/4447
f 4446/4446 4447/4447 4448/4448
f 4448/4448 4447/4447 4449/4449
f 4448/4448 4449/4449 4450/4450
f 4450/4450 4449/4449 4451/4451
f 4450/4450 4451/4451 4452/4452
f 4452/4452 4451/4451 4453/4453
f 4452/4452 4453/4453 4454/4454
f 4454/4454 4453/4453 4455/4455
f 4454/4454 4455/4455 4456/4456
f 4456/4456 4455/4455 4457/4457
f 4456/4456 4457/4457 4354/4354
f 4354/4354 4457/4457 4355/4355
f 4458/4458 4459/4459 4460/4460
f 4460/4460 4459/4459 4461/4461
f 4460/4460 4461/4461 4462/4462
f 4462/4462 4461/4461 4463/4463
f 4462/4462 4463/4463 4464/4464
f 4464/4464 4463/4463 4465/4465
f 4464/4464 4465/4465 4466/4466
f 4466/4466 4465/4465 4467/4467
f 4466/4466 4467/4467 4468/4468
f 4468/4468 4467/4467 4469/4469
f 4468/4468 4469/4469 4470/4470
f 4470/4470 4469/4469 4471/4471
f 4470/4470 4471/4471 4472/4472
f 4472/4472 4471/4471 4473/4473
f 4472/4472 4473/4473 4474/4474
f 4474/4474 4473/4473 4475/4475
f 4474/4474 4475/4475 4476/4476
f 4476/4476 4475/4475 4477/4477
f 4476/4476 4477/4477 4478/4478
f 4478/4478 4477/4477 4479/4479
f 4478/4478 4479/4479 4480/4480
f 4480/4480 4479/4479 4481/4481
f 4480/4480 4481/4481 4482/4482
f 4482/4482 4481/4481 4483/4483
f 4482/4482 4483/4483 4484/4484
f 4484/4484 4483/4483 4485/4485
f 4484/4484 4485/4485 4486/4486
f 4486/4486 4485/4485 4487/4487
f 4486/4486 4487/4487 4488/4488
f 4488/4488 4487/4487 4489/4489
f 4488/4488 4489/4489 4490/4490
f 4491/4491 4492/4492 4493/4493
f 4491/4491 4493/4493 4494/4494
f 4494/4494 4493/4493 4495/4495
f 4494/4494 4495/4495 4496/4496
f 4496/4496 4495/4495 4497/4497
f 4496/4496 4497/4497 4498/4498
f 4498/4498 4497/4497 4499/4499
f 4498/4498 4499/4499 4500/4500
f 4500/4500 4499/4499 4501/4501
f 4500/4500 4501/4501 4502/4502
f 4502/4502 4501/4501 4503/4503
f 4502/4502 4503/4503 4504/4504
f 4504/4504 4503/4503 4505/4505
f 4504/4504 4505/4505 4506/4506
f 4506/4506 4505/4505 4507/4507
f 4506/4506 4507/4507 4508/4508
f 4508/4508 4507/4507 4509/4509
f 4508/4508 4509/4509 4510/4510
f 4510/4510 4509/4509 4511/4511
f 4510/4510 4511/4511 4512/4512
f 4512/4512 4511/4511 4513/4513
f 4512/4512 4513/4513 4514/4514
f 4514/4514 4513/4513 4515/4515
f 4514/4514 4515/4515 4516/4516
f 4516/4516 4515/4515 4517/4517
f 4516/4516 4517/4517 4518/4518
f 4518/4518 4517/4517 4519/4519
f 4518/4518 4519/4519 4520/4520
f 4520/4520 4519/4519 4521/4521
f 4520/4520 4521/4521 4458/4458
f 4458/4458 4521/4521 4459/4459
f 4522/4522 4523/4523 4524/4524
f 4524/4524 4523/4523 4525/4525
f 4524/4524 4525/4525 4526/4526
f 4526/4526 4525/4525 4527/4527
f 4526/4526 4527/4527 4528/4528
f 4528/4528 4527/4527 4529/4529
f 4528/4528 4529/4529 4530/4530
f 4530/4530 4529/4529 4531/4531
f 4530/4530 4531/4531 4532/4532
f 4532/4532 4533/4533 4530/4530
f 4530/4530 4533/4533 4534/4534
f 4530/4530 4534/4534 4535/4535
f 4535/4535 4536/4536 4530/4530
f 4530/4530 4536/4536 4537/4537
f 4530/4530 4537/4537 4538/4538
f 4538/4538 4539/4539 4530/4530
f 4530/4530 4539/4539 4540/4540
f 4530/4530 4540/4540 4541/4541
f 4541/4541 4542/4542 4530/4530
f 4530/4530 4542/4542 4543/4543
f 4530/4530 4543/4543 4544/4544
f 4544/4544 4543/4543 4545/4545
f 4544/4544 4545/4545 4546/4546
f 4546/4546 4547/4547 4544/4544
f 4544/4544 4547/4547 4548/4548
f 4544/4544 4548/4548 4549/4549
f 4549/4549 4548/4548 4550/4550
f 4549/4549 4550/4550 4551/4551
f 4551/4551 4550/4550 4552/4552

