# https://github.com/mikedh/trimesh
v 0.94024277 -2.70000000 5.05000000
v 0.95699234 -2.69094715 5.05000000
v 0.91743193 -2.70000000 5.06612320
v 1.16676836 -2.51625004 5.72601089
v 1.18667088 -2.45499992 5.66630135
v 1.20000000 -2.45499992 5.66669655
v 1.17338858 -2.45499992 5.66511726
v 1.16019964 -2.45499992 5.66314850
v 1.13398619 -2.51625004 5.72023048
v 1.14715061 -2.45499992 5.66040154
v 1.13428726 -2.45499992 5.65688667
v 1.10209675 -2.51625004 5.71068344
v 1.12165461 -2.45499992 5.65261612
v 1.10929728 -2.45499992 5.64760437
v 1.15965767 -2.57749996 5.78684692
v 1.20000000 -2.70000000 5.91169662
v 1.07153120 -2.51625004 5.69749908
v 1.09725838 -2.45499992 5.64186935
v 1.08558054 -2.45499992 5.63543129
v 1.11986103 -2.57749996 5.77982979
v 1.04270306 -2.51625004 5.68085480
v 1.07430449 -2.45499992 5.62831268
v 1.06346998 -2.45499992 5.62053871
v 1.08114796 -2.57749996 5.76823959
v 1.15254698 -2.63875008 5.84768257
v 1.17207851 -2.70000000 5.91086655
v 1.14425573 -2.70000000 5.90837898
v 1.11662979 -2.70000000 5.90424309
v 1.01600208 -2.51625004 5.66097679
v 1.05311499 -2.45499992 5.61213646
v 1.04327602 -2.45499992 5.60313568
v 1.04404230 -2.57749996 5.75223389
v 1.10573578 -2.63875008 5.83942871
v 1.08929834 -2.70000000 5.89847336
v 1.06235790 -2.70000000 5.89109039
v 0.99178934 -2.51625004 5.63813324
v 1.03398752 -2.45499992 5.59356766
v 1.02528210 -2.45499992 5.58346634
v 1.00904560 -2.57749996 5.73202858
v 1.06019926 -2.63875008 5.82579575
v 1.03590374 -2.70000000 5.88211937
v 1.01002922 -2.70000000 5.87159309
v 0.97039223 -2.51625004 5.61263313
v 1.01719046 -2.45499992 5.57286682
v 1.00974092 -2.45499992 5.56180687
v 0.97663126 -2.57749996 5.70789719
v 1.01655331 -2.63875008 5.80696907
v 0.98482571 -2.70000000 5.85954819
v 0.96038227 -2.70000000 5.84602737
v 0.95210018 -2.51625004 5.58482170
v 1.00295963 -2.45499992 5.55032463
v 0.99687052 -2.45499992 5.53846130
v 0.94723768 -2.57749996 5.68016548
v 0.97538824 -2.63875008 5.78320236
v 0.93678522 -2.70000000 5.83107796
v 0.91411800 -2.70000000 5.81475334
v 0.93716068 -2.51625004 5.55507431
v 0.99149485 -2.45499992 5.52625771
v 0.98685160 -2.45499992 5.51375732
v 0.92126217 -2.57749996 5.64920921
v 0.93726053 -2.63875008 5.75481720
v 0.89246054 -2.70000000 5.79711113
v 0.87188950 -2.70000000 5.77821312
v 0.92577553 -2.51625004 5.52379417
v 0.98295698 -2.45499992 5.50100365
v 0.97982483 -2.45499992 5.48804169
v 0.89905615 -2.57749996 5.61544647
v 0.90268602 -2.63875008 5.72219772
v 0.85247736 -2.70000000 5.75812683
v 0.83429289 -2.70000000 5.73692245
v 0.91809874 -2.51625004 5.49140320
v 0.97746592 -2.45499992 5.47491722
v 0.97588882 -2.45499992 5.46167564
v 0.88091993 -2.57749996 5.57933426
v 0.87213211 -2.63875008 5.68578529
v 0.81740017 -2.70000000 5.71467514
v 0.80185900 -2.70000000 5.69146385
v 0.91423426 -2.51625004 5.45834045
v 0.97509880 -2.45499992 5.44836388
v 0.86709862 -2.57749996 5.54136086
v 0.84601212 -2.63875008 5.64607162
v 0.78772416 -2.70000000 5.66737022
v 0.77504563 -2.70000000 5.64247932
v 0.91423426 -2.51625004 5.42505264
v 0.97509880 -2.45499992 5.43502922
v 0.97588882 -2.45499992 5.42171745
v 0.85777931 -2.57749996 5.50203934
v 0.82467918 -2.63875008 5.60359421
v 0.76386819 -2.70000000 5.61687927
v 0.75423131 -2.70000000 5.59066048
v 0.91809874 -2.51625004 5.39198990
v 0.97746592 -2.45499992 5.40847626
v 0.97982483 -2.45499992 5.39535141
v 0.85308790 -2.57749996 5.46190186
v 0.80842180 -2.63875008 5.55892754
v 0.74616904 -2.70000000 5.56391563
v 0.73970990 -2.70000000 5.53673897
v 0.92577553 -2.51625004 5.35959930
v 0.98295698 -2.45499992 5.38238945
v 0.98685160 -2.45499992 5.36963577
v 0.85308790 -2.57749996 5.42149124
v 0.79745984 -2.63875008 5.51267509
v 0.73487663 -2.70000000 5.50922623
v 0.93716068 -2.51625004 5.32831879
v 0.99149485 -2.45499992 5.35713539
v 0.99687052 -2.45499992 5.34493179
v 0.85777931 -2.57749996 5.38135376
v 0.79194155 -2.63875008 5.46546326
v 0.73168635 -2.70000000 5.48147545
v 0.73015037 -2.70000000 5.45358391
v 0.95210018 -2.51625004 5.29857140
v 1.00295963 -2.45499992 5.33306847
v 1.00974092 -2.45499992 5.32158623
v 0.86709862 -2.57749996 5.34203262
v 0.79194155 -2.63875008 5.41792984
v 0.73027401 -2.70000000 5.42565002
v 0.73205690 -2.70000000 5.39777336
v 0.97039223 -2.51625004 5.27075996
v 1.01719046 -2.45499992 5.31052628
v 1.02528210 -2.45499992 5.29992676
v 0.88091993 -2.57749996 5.30405884
v 0.79745984 -2.63875008 5.37071800
v 0.73549271 -2.70000000 5.37005157
v 0.74056935 -2.70000000 5.34258308
v 0.99178934 -2.51625004 5.24525986
v 1.03398752 -2.45499992 5.28982544
v 1.04327602 -2.45499992 5.28025742
v 0.89905615 -2.57749996 5.26794662
v 0.80842180 -2.63875008 5.32446556
v 0.74726887 -2.70000000 5.31546440
v 0.75556760 -2.70000000 5.28879204
v 1.01600208 -2.51625004 5.22241631
v 1.05311499 -2.45499992 5.27125664
v 1.06346998 -2.45499992 5.26285439
v 0.92126217 -2.57749996 5.23418388
v 0.82467918 -2.63875008 5.27979889
v 0.76543622 -2.70000000 5.26265945
v 0.77683988 -2.70000000 5.23715935
v 1.04270306 -2.51625004 5.20253830
v 1.08558054 -2.45499992 5.24796181
v 1.07430449 -2.45499992 5.25508041
v 0.94723768 -2.57749996 5.20322762
v 0.84601212 -2.63875008 5.23732147
v 0.78973827 -2.70000000 5.21238174
v 0.80408583 -2.70000000 5.18841400
v 1.07153120 -2.51625004 5.18589439
v 1.09725838 -2.45499992 5.24152374
v 1.10929728 -2.45499992 5.23578873
v 0.97663126 -2.57749996 5.17549629
v 0.87213211 -2.63875008 5.19760780
v 0.81983194 -2.70000000 5.16534119
v 0.83692093 -2.70000000 5.14324455
v 1.10209675 -2.51625004 5.17270966
v 1.12165461 -2.45499992 5.23077698
v 1.13428726 -2.45499992 5.22650642
v 1.00904560 -2.57749996 5.15136452
v 0.90268602 -2.63875008 5.16119537
v 0.85529242 -2.70000000 5.12220230
v 0.87488155 -2.70000000 5.10228806
v 1.13398619 -2.51625004 5.16316261
v 1.14715061 -2.45499992 5.22299156
v 1.16019964 -2.45499992 5.22024460
v 1.04404230 -2.57749996 5.13115921
v 0.93726053 -2.63875008 5.12857590
v 0.89561920 -2.70000000 5.08357315
v 1.16676836 -2.51625004 5.15738220
v 1.20000000 -2.62169647 5.05000000
v 1.20000000 -2.45499992 5.21669655
v 1.17338858 -2.45499992 5.21827583
v 1.18667088 -2.45499992 5.21709175
v 1.08114796 -2.57749996 5.11515350
v 1.08713303 -2.63763885 5.05000000
v 1.10944052 -2.63203449 5.05000000
v 0.97538824 -2.63875008 5.10019073
v 0.97390223 -2.68224754 5.05000000
v 1.00133734 -2.66916370 5.05000000
v 1.11986103 -2.57749996 5.10356331
v 1.13190956 -2.62757072 5.05000000
v 1.01655331 -2.63875008 5.07642441
v 1.02225904 -2.66011181 5.05000000
v 1.04351187 -2.65178947 5.05000000
v 1.15965767 -2.57749996 5.09654617
v 1.17717113 -2.62236309 5.05000000
v 1.15447578 -2.62433491 5.05000000
v 1.06019926 -2.63875008 5.05759735
v 1.06512756 -2.64426651 5.05000000
v 1.20000000 -0.49000001 5.21669655
v 1.18978119 -0.58858967 5.21692886
v 1.20000000 -0.58847427 5.21669655
v 1.18667088 -0.49000001 5.21709175
v 1.17952976 -0.58893814 5.21762962
v 1.17338858 -0.49000001 5.21827583
v 1.16927786 -0.58952179 5.21880379
v 1.16019964 -0.49000001 5.22024460
v 1.14890404 -0.59139652 5.22257500
v 1.15905838 -0.59034152 5.22045288
v 1.14715061 -0.49000001 5.22299156
v 1.13884764 -0.59268456 5.22516632
v 1.13428726 -0.49000001 5.22650642
v 1.12892160 -0.59420190 5.22821846
v 1.12165461 -0.49000001 5.23077698
v 1.11915722 -0.59594331 5.23172188
v 1.10929728 -0.49000001 5.23578873
v 1.10023336 -0.60007062 5.24002457
v 1.10958490 -0.59790220 5.23566246
v 1.09725838 -0.49000001 5.24152374
v 1.09112978 -0.60243945 5.24478989
v 1.08558054 -0.49000001 5.24796181
v 1.08229923 -0.60499845 5.24993744
v 1.07430449 -0.49000001 5.25508041
v 1.06903019 -0.60521860 5.25874329
v 1.07567244 -0.60510416 5.25416603
v 1.06346998 -0.49000001 5.26285439
v 1.05708466 -0.60544786 5.26791458
v 1.06304846 -0.60532942 5.26317673
v 1.05311499 -0.49000001 5.27125664
v 1.04527845 -0.60570841 5.27833710
v 1.05115538 -0.60557413 5.27296524
v 1.04327602 -0.49000001 5.28025742
v 1.03947334 -0.60585093 5.28403816
v 1.03398752 -0.49000001 5.28982544
v 1.02816191 -0.60616126 5.29644966
v 1.03376045 -0.60600185 5.29007378
v 1.02528210 -0.49000001 5.29992676
v 1.02270079 -0.60632920 5.30316849
v 1.01719046 -0.49000001 5.31052628
v 1.01228952 -0.60669103 5.31764107
v 1.01740160 -0.60650582 5.31023254
v 1.00974092 -0.49000001 5.32158623
v 1.00739098 -0.60688481 5.32539177
v 1.00295963 -0.49000001 5.33306847
v 0.99834270 -0.60729752 5.34189987
v 1.00273285 -0.60708699 5.33348045
v 0.99687052 -0.49000001 5.34493179
v 0.99424820 -0.60751600 5.35064049
v 0.99149485 -0.49000001 5.35713539
v 0.99047709 -0.60774226 5.35968971
v 0.98685160 -0.49000001 5.36963577
v 0.98401346 -0.60821629 5.37865067
v 0.98705654 -0.60797582 5.36903229
v 0.98295698 -0.49000001 5.38238945
v 0.98137341 -0.60846310 5.38852348
v 0.97982483 -0.49000001 5.39535141
v 0.97916069 -0.60871568 5.39862709
v 0.97746592 -0.49000001 5.40847626
v 0.97610569 -0.60923543 5.41941795
v 0.97739792 -0.60897336 5.40893478
v 0.97588882 -0.49000001 5.42171745
v 0.97530193 -0.60950112 5.43004494
v 0.97509880 -0.49000001 5.43502922
v 0.97500181 -0.60976954 5.44078217
v 0.97509880 -0.49000001 5.44836388
v 0.97521782 -0.61003985 5.45159378
v 0.97588882 -0.49000001 5.46167564
v 0.97722931 -0.61058230 5.47329140
v 0.97595854 -0.61031108 5.46244278
v 0.97746592 -0.49000001 5.47491722
v 0.97903194 -0.61085253 5.48410072
v 0.97982483 -0.49000001 5.48804169
v 0.98136415 -0.61112080 5.49483185
v 0.98295698 -0.49000001 5.50100365
v 0.98421993 -0.61138616 5.50544586
v 0.98685160 -0.49000001 5.51375732
v 0.98758965 -0.61164761 5.51590462
v 0.99149485 -0.49000001 5.52625771
v 0.99191999 -0.61193247 5.52729874
v 0.99687052 -0.49000001 5.53846130
v 0.99742737 -0.61224055 5.53962173
v 1.00295963 -0.49000001 5.55032463
v 1.00362940 -0.61253829 5.55153084
v 1.00974092 -0.49000001 5.56180687
v 1.01048012 -0.61282425 5.56296997
v 1.01719046 -0.49000001 5.57286682
v 1.01792822 -0.61309724 5.57388916
v 1.02528210 -0.49000001 5.58346634
v 1.02591782 -0.61335616 5.58424606
v 1.03398752 -0.49000001 5.59356766
v 1.03438978 -0.61360016 5.59400635
v 1.04327602 -0.49000001 5.60313568
v 1.05253448 -0.61404085 5.61163445
v 1.04328270 -0.61382856 5.60314217
v 1.05311499 -0.49000001 5.61213646
v 1.06208267 -0.61423678 5.61947136
v 1.06346998 -0.49000001 5.62053871
v 1.07186642 -0.61441617 5.62664719
v 1.07430449 -0.49000001 5.62831268
v 1.08182650 -0.61457911 5.63316460
v 1.08558054 -0.49000001 5.63543129
v 1.09190655 -0.61472578 5.63903084
v 1.09725838 -0.49000001 5.64186935
v 1.10205345 -0.61485648 5.64425888
v 1.10929728 -0.49000001 5.64760437
v 1.11334648 -0.61498351 5.64934082
v 1.12165461 -0.49000001 5.65261612
v 1.12584515 -0.61510315 5.65412560
v 1.13428726 -0.49000001 5.65688667
v 1.13821974 -0.61520123 5.65804863
v 1.14715061 -0.49000001 5.66040154
v 1.15040512 -0.61527905 5.66116257
v 1.16019964 -0.49000001 5.66314850
v 1.16234636 -0.61533809 5.66352348
v 1.17338858 -0.49000001 5.66511726
v 1.17399788 -0.61537971 5.66518898
v 1.18667088 -0.49000001 5.66630135
v 1.20000000 -0.61541743 5.66669655
v 1.18656025 -0.61540737 5.66629486
v 1.20000000 -0.49000001 5.66669655
v 0.91743193 2.70000000 5.06612320
v 0.98071518 2.67887554 5.05000000
v 0.94024277 2.70000000 5.05000000
v 1.16676836 2.51625004 5.15738220
v 1.20000000 2.45499992 5.21669655
v 1.20000000 2.62169647 5.05000000
v 1.18667088 2.45499992 5.21709175
v 1.17338858 2.45499992 5.21827583
v 1.16019964 2.45499992 5.22024460
v 1.13398619 2.51625004 5.16316261
v 1.14715061 2.45499992 5.22299156
v 1.13428726 2.45499992 5.22650642
v 1.10209675 2.51625004 5.17270966
v 1.12165461 2.45499992 5.23077698
v 1.10929728 2.45499992 5.23578873
v 1.15965767 2.57749996 5.09654617
v 1.17159634 2.62272720 5.05000000
v 1.15027018 2.62484226 5.05000000
v 1.18577194 2.62195587 5.05000000
v 1.07153120 2.51625004 5.18589439
v 1.09725838 2.45499992 5.24152374
v 1.08558054 2.45499992 5.24796181
v 1.11986103 2.57749996 5.10356331
v 1.12772598 2.62830906 5.05000000
v 1.10386944 2.63332691 5.05000000
v 1.04270306 2.51625004 5.20253830
v 1.07430449 2.45499992 5.25508041
v 1.06346998 2.45499992 5.26285439
v 1.08114796 2.57749996 5.11515350
v 1.01600208 2.51625004 5.22241631
v 1.05311499 2.45499992 5.27125664
v 1.04327602 2.45499992 5.28025742
v 1.04404230 2.57749996 5.13115921
v 0.99178934 2.51625004 5.24525986
v 1.03398752 2.45499992 5.28982544
v 1.02528210 2.45499992 5.29992676
v 1.00904560 2.57749996 5.15136452
v 1.06019926 2.63875008 5.05759735
v 1.07762985 2.64036903 5.05000000
v 1.04905272 2.64976921 5.05000000
v 0.97039223 2.51625004 5.27075996
v 1.01719046 2.45499992 5.31052628
v 1.00974092 2.45499992 5.32158623
v 0.97663126 2.57749996 5.17549629
v 1.01655331 2.63875008 5.07642441
v 1.01804924 2.66186600 5.05000000
v 0.95210018 2.51625004 5.29857140
v 1.00295963 2.45499992 5.33306847
v 0.99687052 2.45499992 5.34493179
v 0.94723768 2.57749996 5.20322762
v 0.97538824 2.63875008 5.10019073
v 0.93716068 2.51625004 5.32831879
v 0.99149485 2.45499992 5.35713539
v 0.98685160 2.45499992 5.36963577
v 0.92126217 2.57749996 5.23418388
v 0.93726053 2.63875008 5.12857590
v 0.89561920 2.70000000 5.08357315
v 0.87488155 2.70000000 5.10228806
v 0.92577553 2.51625004 5.35959930
v 0.98295698 2.45499992 5.38238945
v 0.97982483 2.45499992 5.39535141
v 0.89905615 2.57749996 5.26794662
v 0.90268602 2.63875008 5.16119537
v 0.85529242 2.70000000 5.12220230
v 0.83692093 2.70000000 5.14324455
v 0.91809874 2.51625004 5.39198990
v 0.97746592 2.45499992 5.40847626
v 0.97588882 2.45499992 5.42171745
v 0.88091993 2.57749996 5.30405884
v 0.87213211 2.63875008 5.19760780
v 0.81983194 2.70000000 5.16534119
v 0.80408583 2.70000000 5.18841400
v 0.91423426 2.51625004 5.42505264
v 0.97509880 2.45499992 5.43502922
v 0.86709862 2.57749996 5.34203262
v 0.84601212 2.63875008 5.23732147
v 0.78973827 2.70000000 5.21238174
v 0.77683988 2.70000000 5.23715935
v 0.91423426 2.51625004 5.45834045
v 0.97509880 2.45499992 5.44836388
v 0.97588882 2.45499992 5.46167564
v 0.85777931 2.57749996 5.38135376
v 0.82467918 2.63875008 5.27979889
v 0.76543622 2.70000000 5.26265945
v 0.75556760 2.70000000 5.28879204
v 0.91809874 2.51625004 5.49140320
v 0.97746592 2.45499992 5.47491722
v 0.97982483 2.45499992 5.48804169
v 0.85308790 2.57749996 5.42149124
v 0.80842180 2.63875008 5.32446556
v 0.74726887 2.70000000 5.31546440
v 0.74056935 2.70000000 5.34258308
v 0.92577553 2.51625004 5.52379417
v 0.98295698 2.45499992 5.50100365
v 0.98685160 2.45499992 5.51375732
v 0.85308790 2.57749996 5.46190186
v 0.79745984 2.63875008 5.37071800
v 0.73549271 2.70000000 5.37005157
v 0.73205690 2.70000000 5.39777336
v 0.93716068 2.51625004 5.55507431
v 0.99149485 2.45499992 5.52625771
v 0.99687052 2.45499992 5.53846130
v 0.85777931 2.57749996 5.50203934
v 0.79194155 2.63875008 5.41792984
v 0.73027401 2.70000000 5.42565002
v 0.73015037 2.70000000 5.45358391
v 0.95210018 2.51625004 5.58482170
v 1.00295963 2.45499992 5.55032463
v 1.00974092 2.45499992 5.56180687
v 0.86709862 2.57749996 5.54136086
v 0.79194155 2.63875008 5.46546326
v 0.73168635 2.70000000 5.48147545
v 0.73487663 2.70000000 5.50922623
v 0.97039223 2.51625004 5.61263313
v 1.01719046 2.45499992 5.57286682
v 1.02528210 2.45499992 5.58346634
v 0.88091993 2.57749996 5.57933426
v 0.79745984 2.63875008 5.51267509
v 0.73970990 2.70000000 5.53673897
v 0.99178934 2.51625004 5.63813324
v 1.03398752 2.45499992 5.59356766
v 1.04327602 2.45499992 5.60313568
v 0.89905615 2.57749996 5.61544647
v 0.80842180 2.63875008 5.55892754
v 0.74616904 2.70000000 5.56391563
v 0.75423131 2.70000000 5.59066048
v 1.01600208 2.51625004 5.66097679
v 1.05311499 2.45499992 5.61213646
v 1.06346998 2.45499992 5.62053871
v 0.92126217 2.57749996 5.64920921
v 0.82467918 2.63875008 5.60359421
v 0.76386819 2.70000000 5.61687927
v 0.77504563 2.70000000 5.64247932
v 1.04270306 2.51625004 5.68085480
v 1.07430449 2.45499992 5.62831268
v 1.08558054 2.45499992 5.63543129
v 0.94723768 2.57749996 5.68016548
v 0.84601212 2.63875008 5.64607162
v 0.78772416 2.70000000 5.66737022
v 0.80185900 2.70000000 5.69146385
v 1.07153120 2.51625004 5.69749908
v 1.10929728 2.45499992 5.64760437
v 1.09725838 2.45499992 5.64186935
v 0.97663126 2.57749996 5.70789719
v 0.87213211 2.63875008 5.68578529
v 0.81740017 2.70000000 5.71467514
v 0.83429289 2.70000000 5.73692245
v 1.10209675 2.51625004 5.71068344
v 1.12165461 2.45499992 5.65261612
v 1.13428726 2.45499992 5.65688667
v 1.00904560 2.57749996 5.73202858
v 0.90268602 2.63875008 5.72219772
v 0.85247736 2.70000000 5.75812683
v 0.87188950 2.70000000 5.77821312
v 1.13398619 2.51625004 5.72023048
v 1.14715061 2.45499992 5.66040154
v 1.16019964 2.45499992 5.66314850
v 1.04404230 2.57749996 5.75223389
v 0.93726053 2.63875008 5.75481720
v 0.89246054 2.70000000 5.79711113
v 0.91411800 2.70000000 5.81475334
v 1.16676836 2.51625004 5.72601089
v 1.17338858 2.45499992 5.66511726
v 1.18667088 2.45499992 5.66630135
v 1.20000000 2.45499992 5.66669655
v 1.08114796 2.57749996 5.76823959
v 0.97538824 2.63875008 5.78320236
v 0.93678522 2.70000000 5.83107796
v 0.96038227 2.70000000 5.84602737
v 1.11986103 2.57749996 5.77982979
v 1.01655331 2.63875008 5.80696907
v 0.98482571 2.70000000 5.85954819
v 1.01002922 2.70000000 5.87159309
v 1.15965767 2.57749996 5.78684692
v 1.20000000 2.70000000 5.91169662
v 1.06019926 2.63875008 5.82579575
v 1.03590374 2.70000000 5.88211937
v 1.06235790 2.70000000 5.89109039
v 1.10573578 2.63875008 5.83942871
v 1.08929834 2.70000000 5.89847336
v 1.11662979 2.70000000 5.90424309
v 1.15254698 2.63875008 5.84768257
v 1.14425573 2.70000000 5.90837898
v 1.17207851 2.70000000 5.91086655
v 1.18668432 1.80000000 5.21709099
v 1.20000000 1.80000000 5.21669655
v 1.17341537 1.80000000 5.21827278
v 1.16023960 1.80000000 5.22023735
v 1.14720316 1.80000000 5.22297859
v 1.13435183 1.80000000 5.22648659
v 1.12173061 1.80000000 5.23074875
v 1.10938377 1.80000000 5.23575058
v 1.09735451 1.80000000 5.24147453
v 1.08568516 1.80000000 5.24790001
v 1.07441654 1.80000000 5.25500488
v 1.06358805 1.80000000 5.26276436
v 1.05323782 1.80000000 5.27115059
v 1.04340200 1.80000000 5.28013535
v 1.03411522 1.80000000 5.28968582
v 1.02540989 1.80000000 5.29976959
v 1.01731653 1.80000000 5.31035080
v 1.00986357 1.80000000 5.32139206
v 1.00307713 1.80000000 5.33285561
v 0.99698095 1.80000000 5.34470024
v 0.99159651 1.80000000 5.35688515
v 0.98694258 1.80000000 5.36936722
v 0.98303547 1.80000000 5.38210297
v 0.97988901 1.80000000 5.39504738
v 0.97751408 1.80000000 5.40815544
v 0.97591906 1.80000000 5.42138138
v 0.97510948 1.80000000 5.43467827
v 0.97508831 1.80000000 5.44799957
v 0.97585554 1.80000000 5.46129913
v 0.97740850 1.80000000 5.47452965
v 0.97974167 1.80000000 5.48764534
v 0.98284702 1.80000000 5.50059967
v 0.98671350 1.80000000 5.51334763
v 0.99132776 1.80000000 5.52584457
v 0.99667339 1.80000000 5.53804665
v 1.00273190 1.80000000 5.54991074
v 1.00948181 1.80000000 5.56139526
v 1.01689959 1.80000000 5.57246056
v 1.02495918 1.80000000 5.58306732
v 1.03363247 1.80000000 5.59317856
v 1.04288883 1.80000000 5.60275879
v 1.05269604 1.80000000 5.61177444
v 1.06301956 1.80000000 5.62019386
v 1.07382326 1.80000000 5.62798767
v 1.08506927 1.80000000 5.63512840
v 1.09671812 1.80000000 5.64159126
v 1.10872908 1.80000000 5.64735298
v 1.12105989 1.80000000 5.65239410
v 1.13366747 1.80000000 5.65669670
v 1.14126501 1.81522903 5.65890846
v 1.13896008 1.81103783 5.65826797
v 1.13621359 1.80557442 5.65746880
v 1.15510654 1.83458614 5.66217499
v 1.15200043 1.83096333 5.66152458
v 1.14907198 1.82720547 5.66086960
v 1.14631233 1.82332344 5.66021271
v 1.14371290 1.81932774 5.65955811
v 1.16798868 1.84630737 5.66440926
v 1.16470757 1.84378815 5.66391258
v 1.16177797 1.84127903 5.66342697
v 1.15839872 1.83806362 5.66281738
v 1.18006563 1.85318794 5.66581078
v 1.17719107 1.85187111 5.66553764
v 1.17409935 1.85023575 5.66520119
v 1.17111797 1.84843864 5.66483612
v 1.19443769 1.85704193 5.66662521
v 1.19164562 1.85663204 5.66653709
v 1.18883648 1.85605698 5.66641464
v 1.18602333 1.85531693 5.66625748
v 1.18301373 1.85433903 5.66605148
v 1.20000000 1.85737247 5.66669655
v 1.19717712 1.85728645 5.66667786
v 1.18977146 -0.76542120 5.21692924
v 1.20000000 -1.60000000 5.21669655
v 1.20000000 -0.76552963 5.21669655
v 1.18668432 -1.60000000 5.21709099
v 1.17951031 -0.76509371 5.21763153
v 1.17341537 -1.60000000 5.21827278
v 1.16924877 -0.76454511 5.21880798
v 1.16023960 -1.60000000 5.22023735
v 1.15901957 -0.76377473 5.22046013
v 1.14885578 -0.76278319 5.22258644
v 1.14720316 -1.60000000 5.22297859
v 1.13879023 -0.76157260 5.22518234
v 1.13435183 -1.60000000 5.22648659
v 1.12885532 -0.76014657 5.22824059
v 1.12173061 -1.60000000 5.23074875
v 1.11908264 -0.75850992 5.23175049
v 1.10938377 -1.60000000 5.23575058
v 1.10950251 -0.75666890 5.23569832
v 1.10014391 -0.75463099 5.24006882
v 1.09735451 -1.60000000 5.24147453
v 1.09103384 -0.75240479 5.24484291
v 1.08568516 -1.60000000 5.24790001
v 1.08219748 -0.75000000 5.25000000
v 1.07441654 -1.60000000 5.25500488
v 1.07112179 -0.75000000 5.25726395
v 1.06358805 -1.60000000 5.26276436
v 1.06049261 -0.75000000 5.26516685
v 1.05323782 -1.60000000 5.27115059
v 1.05034695 -0.75000000 5.27368164
v 1.04340200 -1.60000000 5.28013535
v 1.04071980 -0.75000000 5.28277893
v 1.03411522 -1.60000000 5.28968582
v 1.03164473 -0.75000000 5.29242668
v 1.02540989 -1.60000000 5.29976959
v 1.02315302 -0.75000000 5.30259171
v 1.01731653 -1.60000000 5.31035080
v 1.01527424 -0.75000000 5.31323891
v 1.00986357 -1.60000000 5.32139206
v 1.00803556 -0.75000000 5.32433128
v 1.00307713 -1.60000000 5.33285561
v 1.00146208 -0.75000000 5.33583031
v 0.99698095 -1.60000000 5.34470024
v 0.99557667 -0.75000000 5.34769592
v 0.99159651 -1.60000000 5.35688515
v 0.99039965 -0.75000000 5.35988770
v 0.98694258 -1.60000000 5.36936722
v 0.98594904 -0.75000000 5.37236290
v 0.98303547 -1.60000000 5.38210297
v 0.98224010 -0.75000000 5.38507805
v 0.97988901 -1.60000000 5.39504738
v 0.97928591 -0.75000000 5.39798965
v 0.97751408 -1.60000000 5.40815544
v 0.97709656 -0.75000000 5.41105270
v 0.97591906 -1.60000000 5.42138138
v 0.97567959 -0.75000000 5.42422218
v 0.97510948 -1.60000000 5.43467827
v 0.97504005 -0.75000000 5.43745193
v 0.97508831 -1.60000000 5.44799957
v 0.97518005 -0.75000000 5.45069656
v 0.97585554 -1.60000000 5.46129913
v 0.97609921 -0.75000000 5.46390991
v 0.97740850 -1.60000000 5.47452965
v 0.97779427 -0.75000000 5.47704620
v 0.97974167 -1.60000000 5.48764534
v 0.98025932 -0.75000000 5.49006004
v 0.98284702 -1.60000000 5.50059967
v 0.98348589 -0.75000000 5.50290642
v 0.98671350 -1.60000000 5.51334763
v 0.98746281 -0.75000000 5.51554031
v 0.99132776 -1.60000000 5.52584457
v 0.99217615 -0.75000000 5.52791862
v 0.99667339 -1.60000000 5.53804665
v 0.99760981 -0.75000000 5.53999825
v 1.00273190 -1.60000000 5.54991074
v 1.00374479 -0.75000000 5.55173683
v 1.00948181 -1.60000000 5.56139526
v 1.01055984 -0.75000000 5.56309433
v 1.01689959 -1.60000000 5.57246056
v 1.01803150 -0.75000000 5.57403107
v 1.02495918 -1.60000000 5.58306732
v 1.02613363 -0.75000000 5.58450928
v 1.03363247 -1.60000000 5.59317856
v 1.03483839 -0.75000000 5.59449272
v 1.04288883 -1.60000000 5.60275879
v 1.04411545 -0.75000000 5.60394630
v 1.05269604 -1.60000000 5.61177444
v 1.05393267 -0.75000000 5.61283798
v 1.06301956 -1.60000000 5.62019386
v 1.06425610 -0.75000000 5.62113609
v 1.07382326 -1.60000000 5.62798767
v 1.07504997 -0.75000000 5.62881279
v 1.08506927 -1.60000000 5.63512840
v 1.08627682 -0.75000000 5.63584099
v 1.09671812 -1.60000000 5.64159126
v 1.09789782 -0.75000000 5.64219627
v 1.10872908 -1.60000000 5.64735298
v 1.10987263 -0.75000000 5.64785690
v 1.12105989 -1.60000000 5.65239410
v 1.12215977 -0.75000000 5.65280304
v 1.13366747 -1.60000000 5.65669670
v 1.13471661 -0.75000000 5.65701752
v 1.14126501 -1.58477106 5.65890846
v 1.13896008 -1.58896217 5.65826797
v 1.13621359 -1.59442558 5.65746880
v 1.14749975 -0.75000000 5.66048584
v 1.15510654 -1.56541386 5.66217499
v 1.15200043 -1.56903677 5.66152458
v 1.14907198 -1.57279453 5.66086960
v 1.14631233 -1.57667665 5.66021271
v 1.14371290 -1.58067226 5.65955811
v 1.16046476 -0.75000000 5.66319580
v 1.16798868 -1.55369253 5.66440926
v 1.16470757 -1.55621176 5.66391258
v 1.16177797 -1.55872097 5.66342697
v 1.15839872 -1.56193638 5.66281738
v 1.17356682 -0.75000000 5.66513863
v 1.18006563 -1.54681206 5.66581078
v 1.17719107 -1.54812899 5.66553764
v 1.17409935 -1.54976435 5.66520119
v 1.17111797 -1.55156136 5.66483612
v 1.18676043 -0.75000000 5.66630669
v 1.19443769 -1.54295807 5.66662521
v 1.19164562 -1.54336796 5.66653709
v 1.18883648 -1.54394293 5.66641464
v 1.18602333 -1.54468307 5.66625748
v 1.18301373 -1.54566088 5.66605148
v 1.20000000 -0.75000000 5.66669655
v 1.20000000 -1.54262762 5.66669655
v 1.19717712 -1.54271345 5.66667786
v 1.20000000 1.60000000 5.21669655
v 1.18667088 1.10000000 5.21709175
v 1.20000000 1.10000000 5.21669655
v 1.18656874 1.60000000 5.21709785
v 1.17338858 1.10000000 5.21827583
v 1.17318535 1.60000000 5.21830025
v 1.16019964 1.10000000 5.22024460
v 1.15989761 1.60000000 5.22029915
v 1.14715061 1.10000000 5.22299156
v 1.14675293 1.60000000 5.22308807
v 1.13428726 1.10000000 5.22650642
v 1.13379812 1.60000000 5.22665634
v 1.12165461 1.10000000 5.23077698
v 1.12107944 1.60000000 5.23099174
v 1.10929728 1.10000000 5.23578873
v 1.10864220 1.60000000 5.23607864
v 1.09725838 1.10000000 5.24152374
v 1.09653082 1.60000000 5.24189873
v 1.08558054 1.10000000 5.24796181
v 1.08478851 1.60000000 5.24843178
v 1.07430449 1.10000000 5.25508041
v 1.07345715 1.60000000 5.25565376
v 1.06346998 1.10000000 5.26285439
v 1.06257706 1.60000000 5.26353951
v 1.05311499 1.10000000 5.27125664
v 1.05218706 1.60000000 5.27206078
v 1.04327602 1.10000000 5.28025742
v 1.04232435 1.60000000 5.28118668
v 1.03398752 1.10000000 5.28982544
v 1.03302393 1.60000000 5.29088554
v 1.02528210 1.10000000 5.29992676
v 1.02431917 1.60000000 5.30112190
v 1.01719046 1.10000000 5.31052628
v 1.01624088 1.60000000 5.31185989
v 1.00974092 1.10000000 5.32158623
v 1.00881805 1.60000000 5.32306061
v 1.00295963 1.10000000 5.33306847
v 1.00207701 1.60000000 5.33468475
v 0.99687052 1.10000000 5.34493179
v 0.99604197 1.60000000 5.34669075
v 0.99149485 1.10000000 5.35713539
v 0.99073439 1.60000000 5.35903511
v 0.98685160 1.10000000 5.36963577
v 0.98617315 1.60000000 5.37167473
v 0.98295698 1.10000000 5.38238945
v 0.98237448 1.60000000 5.38456383
v 0.97982483 1.10000000 5.39535141
v 0.97935209 1.60000000 5.39765663
v 0.97746592 1.10000000 5.40847626
v 0.97711668 1.60000000 5.41090698
v 0.97588882 1.10000000 5.42171745
v 0.97567616 1.60000000 5.42426682
v 0.97509880 1.10000000 5.43502922
v 0.97503567 1.60000000 5.43768883
v 0.97509880 1.10000000 5.44836388
v 0.97519760 1.60000000 5.45112495
v 0.97588882 1.10000000 5.46167564
v 0.97616138 1.60000000 5.46452751
v 0.97746592 1.10000000 5.47491722
v 0.97792339 1.60000000 5.47784882
v 0.97982483 1.10000000 5.48804169
v 0.98047752 1.60000000 5.49104118
v 0.98295698 1.10000000 5.50100365
v 0.98381462 1.60000000 5.50405731
v 0.98685160 1.10000000 5.51375732
v 0.98792276 1.60000000 5.51685143
v 0.99149485 1.10000000 5.52625771
v 0.99278727 1.60000000 5.52937737
v 0.99687052 1.10000000 5.53846130
v 0.99839087 1.60000000 5.54159012
v 1.00295963 1.10000000 5.55032463
v 1.00471354 1.60000000 5.55344696
v 1.00974092 1.10000000 5.56180687
v 1.01173267 1.60000000 5.56490555
v 1.01719046 1.10000000 5.57286682
v 1.01942329 1.60000000 5.57592430
v 1.02528210 1.10000000 5.58346634
v 1.02775803 1.60000000 5.58646431
v 1.03398752 1.10000000 5.59356766
v 1.03670702 1.60000000 5.59648819
v 1.04327602 1.10000000 5.60313568
v 1.04623842 1.60000000 5.60595970
v 1.05311499 1.10000000 5.61213646
v 1.05087719 1.59985561 5.61018333
v 1.05559273 1.59943647 5.61424332
v 1.06038561 1.59876318 5.61814461
v 1.06346998 1.10000000 5.62053871
v 1.06525631 1.59785662 5.62189102
v 1.07020531 1.59673758 5.62548637
v 1.07430449 1.10000000 5.62831268
v 1.07523317 1.59542685 5.62893486
v 1.08032656 1.59394388 5.63223038
v 1.08558054 1.10000000 5.63543129
v 1.08546705 1.59230337 5.63536339
v 1.09064760 1.59051838 5.63833504
v 1.09725838 1.10000000 5.64186935
v 1.09760475 1.58793659 5.64204597
v 1.10548029 1.58479223 5.64588051
v 1.10929728 1.10000000 5.64760437
v 1.11340351 1.58142681 5.64936523
v 1.12165461 1.10000000 5.65261612
v 1.12139082 1.57785082 5.65251846
v 1.12943792 1.57407675 5.65534630
v 1.13428726 1.10000000 5.65688667
v 1.13754034 1.57011719 5.65785332
v 1.14715061 1.10000000 5.66040154
v 1.14568205 1.56601601 5.66003952
v 1.15381098 1.56176586 5.66190033
v 1.16019964 1.10000000 5.66314850
v 1.16187067 1.55726633 5.66343956
v 1.16629753 1.55462179 5.66415710
v 1.17338858 1.10000000 5.66511726
v 1.17067604 1.55185184 5.66477737
v 1.17359695 1.55005960 5.66514053
v 1.17661209 1.54843502 5.66547356
v 1.17971115 1.54698849 5.66577263
v 1.18667088 1.10000000 5.66630135
v 1.18256388 1.54584751 5.66601105
v 1.18538723 1.54489193 5.66621208
v 1.18828697 1.54408627 5.66638298
v 1.19122372 1.54344997 5.66651917
v 1.19392605 1.54302349 5.66661072
v 1.20000000 1.10000000 5.66669655
v 1.19665079 1.54274874 5.66667023
v 1.19832335 1.54265814 5.66669006
v 1.20000000 1.54262762 5.66669655
v 1.20000000 -1.80000000 5.21669655
v 1.18656874 -1.80000000 5.21709785
v 1.17318535 -1.80000000 5.21830025
v 1.15989761 -1.80000000 5.22029915
v 1.14675293 -1.80000000 5.22308807
v 1.13379812 -1.80000000 5.22665634
v 1.12107944 -1.80000000 5.23099174
v 1.10864220 -1.80000000 5.23607864
v 1.09653082 -1.80000000 5.24189873
v 1.08478851 -1.80000000 5.24843178
v 1.07345715 -1.80000000 5.25565376
v 1.06257706 -1.80000000 5.26353951
v 1.05218706 -1.80000000 5.27206078
v 1.04232435 -1.80000000 5.28118668
v 1.03302393 -1.80000000 5.29088554
v 1.02431917 -1.80000000 5.30112190
v 1.01624088 -1.80000000 5.31185989
v 1.00881805 -1.80000000 5.32306061
v 1.00207701 -1.80000000 5.33468475
v 0.99604197 -1.80000000 5.34669075
v 0.99073439 -1.80000000 5.35903511
v 0.98617315 -1.80000000 5.37167473
v 0.98237448 -1.80000000 5.38456383
v 0.97935209 -1.80000000 5.39765663
v 0.97711668 -1.80000000 5.41090698
v 0.97567616 -1.80000000 5.42426682
v 0.97503567 -1.80000000 5.43768883
v 0.97519760 -1.80000000 5.45112495
v 0.97616138 -1.80000000 5.46452751
v 0.97792339 -1.80000000 5.47784882
v 0.98047752 -1.80000000 5.49104118
v 0.98381462 -1.80000000 5.50405731
v 0.98792276 -1.80000000 5.51685143
v 0.99278727 -1.80000000 5.52937737
v 0.99839087 -1.80000000 5.54159012
v 1.00471354 -1.80000000 5.55344696
v 1.01173267 -1.80000000 5.56490555
v 1.01942329 -1.80000000 5.57592430
v 1.02775803 -1.80000000 5.58646431
v 1.03670702 -1.80000000 5.59648819
v 1.04623842 -1.80000000 5.60595970
v 1.05087719 -1.80014439 5.61018333
v 1.05559273 -1.80056362 5.61424332
v 1.06038561 -1.80123672 5.61814461
v 1.06525631 -1.80214329 5.62189102
v 1.07020531 -1.80326233 5.62548637
v 1.07523317 -1.80457306 5.62893486
v 1.08032656 -1.80605602 5.63223038
v 1.08546705 -1.80769653 5.63536339
v 1.09064760 -1.80948162 5.63833504
v 1.09760475 -1.81206341 5.64204597
v 1.10548029 -1.81520786 5.64588051
v 1.11340351 -1.81857319 5.64936523
v 1.12139082 -1.82214928 5.65251846
v 1.12943792 -1.82592316 5.65534630
v 1.13754034 -1.82988281 5.65785332
v 1.14568205 -1.83398399 5.66003952
v 1.15381098 -1.83823414 5.66190033
v 1.16187067 -1.84273357 5.66343956
v 1.16629753 -1.84537811 5.66415710
v 1.17067604 -1.84814816 5.66477737
v 1.17359695 -1.84994049 5.66514053
v 1.17661209 -1.85156498 5.66547356
v 1.17971115 -1.85301151 5.66577263
v 1.18256388 -1.85415249 5.66601105
v 1.18538723 -1.85510807 5.66621208
v 1.18828697 -1.85591373 5.66638298
v 1.19122372 -1.85655003 5.66651917
v 1.19392605 -1.85697651 5.66661072
v 1.19665079 -1.85725136 5.66667023
v 1.19832335 -1.85734196 5.66669006
v 1.20000000 -1.85737247 5.66669655
v 1.40000000 1.25977468 12.81470947
v 1.55000000 1.25977468 12.81470947
v 1.55000000 1.25000000 12.81499939
v 1.40000000 1.25000000 12.81499939
v 1.40000000 1.26951504 12.81384125
v 1.55000000 1.26951504 12.81384125
v 1.40000000 1.27918692 12.81239777
v 1.55000000 1.27918692 12.81239777
v 1.40000000 1.28875618 12.81038361
v 1.55000000 1.28875618 12.81038361
v 1.40000000 1.29818935 12.80780640
v 1.55000000 1.29818935 12.80780640
v 1.40000000 1.30745325 12.80467377
v 1.55000000 1.30745325 12.80467377
v 1.40000000 1.31651535 12.80099945
v 1.55000000 1.31651535 12.80099945
v 1.40000000 1.32534380 12.79679337
v 1.55000000 1.32534380 12.79679337
v 1.40000000 1.33390760 12.79207230
v 1.55000000 1.33390760 12.79207230
v 1.40000000 1.34217672 12.78685226
v 1.55000000 1.34217672 12.78685226
v 1.40000000 1.35012207 12.78115082
v 1.55000000 1.35012207 12.78115082
v 1.40000000 1.35771561 12.77498932
v 1.55000000 1.35771561 12.77498932
v 1.40000000 1.36493092 12.76838837
v 1.55000000 1.36493092 12.76838837
v 1.40000000 1.37174253 12.76137238
v 1.55000000 1.37174253 12.76137238
v 1.40000000 1.37812643 12.75396423
v 1.55000000 1.37812643 12.75396423
v 1.40000000 1.38406029 12.74619141
v 1.55000000 1.38406029 12.74619141
v 1.40000000 1.38952332 12.73808060
v 1.55000000 1.38952332 12.73808060
v 1.40000000 1.39449625 12.72966080
v 1.55000000 1.39449625 12.72966080
v 1.40000000 1.39896164 12.72096100
v 1.55000000 1.39896164 12.72096100
v 1.40000000 1.40290375 12.71201172
v 1.55000000 1.40290375 12.71201172
v 1.40000000 1.40630884 12.70284424
v 1.55000000 1.40630884 12.70284424
v 1.40000000 1.40916491 12.69349213
v 1.55000000 1.40916491 12.69349213
v 1.40000000 1.41146183 12.68398666
v 1.55000000 1.41146183 12.68398666
v 1.40000000 1.41319160 12.67436142
v 1.55000000 1.41319160 12.67436142
v 1.40000000 1.41434822 12.66465149
v 1.55000000 1.41434822 12.66465149
v 1.40000000 1.41492758 12.65488968
v 1.55000000 1.41492758 12.65488968
v 1.40000000 1.41492758 12.64511032
v 1.55000000 1.41492758 12.64511032
v 1.40000000 1.41434822 12.63534851
v 1.55000000 1.41434822 12.63534851
v 1.40000000 1.41319160 12.62563858
v 1.55000000 1.41319160 12.62563858
v 1.40000000 1.41146183 12.61601334
v 1.55000000 1.41146183 12.61601334
v 1.40000000 1.40916491 12.60650787
v 1.55000000 1.40630884 12.59715576
v 1.55000000 1.40916491 12.60650787
v 1.40000000 1.40630884 12.59715576
v 1.40000000 1.40290375 12.58798828
v 1.55000000 1.40290375 12.58798828
v 1.40000000 1.39896164 12.57903900
v 1.55000000 1.39896164 12.57903900
v 1.40000000 1.39449625 12.57033920
v 1.55000000 1.38952332 12.56191940
v 1.55000000 1.39449625 12.57033920
v 1.40000000 1.38952332 12.56191940
v 1.40000000 1.38406029 12.55380859
v 1.55000000 1.38406029 12.55380859
v 1.40000000 1.37812643 12.54603577
v 1.55000000 1.37812643 12.54603577
v 1.40000000 1.37174253 12.53862762
v 1.55000000 1.37174253 12.53862762
v 1.40000000 1.36493092 12.53161163
v 1.55000000 1.36493092 12.53161163
v 1.40000000 1.35771561 12.52501068
v 1.55000000 1.35771561 12.52501068
v 1.40000000 1.35012207 12.51884918
v 1.55000000 1.35012207 12.51884918
v 1.40000000 1.34217672 12.51314774
v 1.55000000 1.34217672 12.51314774
v 1.40000000 1.33390760 12.50792770
v 1.55000000 1.33390760 12.50792770
v 1.40000000 1.32534380 12.50320663
v 1.55000000 1.31651535 12.49900131
v 1.55000000 1.32534380 12.50320663
v 1.40000000 1.31651535 12.49900131
v 1.40000000 1.30745325 12.49532547
v 1.55000000 1.30745325 12.49532547
v 1.40000000 1.29818935 12.49219360
v 1.55000000 1.28875618 12.48961639
v 1.55000000 1.29818935 12.49219360
v 1.40000000 1.28875618 12.48961639
v 1.40000000 1.27918692 12.48760223
v 1.55000000 1.27918692 12.48760223
v 1.40000000 1.26951504 12.48615799
v 1.55000000 1.26951504 12.48615799
v 1.40000000 1.25977468 12.48528976
v 1.55000000 1.25977468 12.48528976
v 1.40000000 1.25000000 12.48499985
v 1.55000000 1.25000000 12.48499985
v 1.40000000 -1.24022532 12.81470947
v 1.55000000 -1.24022532 12.81470947
v 1.55000000 -1.25000000 12.81499939
v 1.40000000 -1.25000000 12.81499939
v 1.40000000 -1.23048496 12.81384125
v 1.55000000 -1.23048496 12.81384125
v 1.40000000 -1.22081308 12.81239777
v 1.55000000 -1.22081308 12.81239777
v 1.40000000 -1.21124382 12.81038361
v 1.55000000 -1.21124382 12.81038361
v 1.40000000 -1.20181065 12.80780640
v 1.55000000 -1.20181065 12.80780640
v 1.40000000 -1.19254675 12.80467377
v 1.55000000 -1.19254675 12.80467377
v 1.40000000 -1.18348465 12.80099945
v 1.55000000 -1.18348465 12.80099945
v 1.40000000 -1.17465620 12.79679337
v 1.55000000 -1.17465620 12.79679337
v 1.40000000 -1.16609240 12.79207230
v 1.55000000 -1.16609240 12.79207230
v 1.40000000 -1.15782328 12.78685226
v 1.55000000 -1.15782328 12.78685226
v 1.40000000 -1.14987793 12.78115082
v 1.55000000 -1.14987793 12.78115082
v 1.40000000 -1.14228439 12.77498932
v 1.55000000 -1.14228439 12.77498932
v 1.40000000 -1.13506908 12.76838837
v 1.55000000 -1.13506908 12.76838837
v 1.40000000 -1.12825747 12.76137238
v 1.55000000 -1.12825747 12.76137238
v 1.40000000 -1.12187357 12.75396423
v 1.55000000 -1.12187357 12.75396423
v 1.40000000 -1.11593971 12.74619141
v 1.55000000 -1.11593971 12.74619141
v 1.40000000 -1.11047668 12.73808060
v 1.55000000 -1.11047668 12.73808060
v 1.40000000 -1.10550375 12.72966080
v 1.55000000 -1.10550375 12.72966080
v 1.40000000 -1.10103836 12.72096100
v 1.55000000 -1.10103836 12.72096100
v 1.40000000 -1.09709625 12.71201172
v 1.55000000 -1.09709625 12.71201172
v 1.40000000 -1.09369116 12.70284424
v 1.55000000 -1.09369116 12.70284424
v 1.40000000 -1.09083509 12.69349213
v 1.55000000 -1.09083509 12.69349213
v 1.40000000 -1.08853817 12.68398666
v 1.55000000 -1.08853817 12.68398666
v 1.40000000 -1.08680840 12.67436142
v 1.55000000 -1.08680840 12.67436142
v 1.40000000 -1.08565178 12.66465149
v 1.55000000 -1.08565178 12.66465149
v 1.40000000 -1.08507242 12.65488968
v 1.55000000 -1.08507242 12.65488968
v 1.40000000 -1.08507242 12.64511032
v 1.55000000 -1.08507242 12.64511032
v 1.40000000 -1.08565178 12.63534851
v 1.55000000 -1.08565178 12.63534851
v 1.40000000 -1.08680840 12.62563858
v 1.55000000 -1.08680840 12.62563858
v 1.40000000 -1.08853817 12.61601334
v 1.55000000 -1.08853817 12.61601334
v 1.40000000 -1.09083509 12.60650787
v 1.55000000 -1.09369116 12.59715576
v 1.55000000 -1.09083509 12.60650787
v 1.40000000 -1.09369116 12.59715576
v 1.40000000 -1.09709625 12.58798828
v 1.55000000 -1.09709625 12.58798828
v 1.40000000 -1.10103836 12.57903900
v 1.55000000 -1.10103836 12.57903900
v 1.40000000 -1.10550375 12.57033920
v 1.55000000 -1.11047668 12.56191940
v 1.55000000 -1.10550375 12.57033920
v 1.40000000 -1.11047668 12.56191940
v 1.40000000 -1.11593971 12.55380859
v 1.55000000 -1.11593971 12.55380859
v 1.40000000 -1.12187357 12.54603577
v 1.55000000 -1.12187357 12.54603577
v 1.40000000 -1.12825747 12.53862762
v 1.55000000 -1.12825747 12.53862762
v 1.40000000 -1.13506908 12.53161163
v 1.55000000 -1.13506908 12.53161163
v 1.40000000 -1.14228439 12.52501068
v 1.55000000 -1.14228439 12.52501068
v 1.40000000 -1.14987793 12.51884918
v 1.55000000 -1.14987793 12.51884918
v 1.40000000 -1.15782328 12.51314774
v 1.55000000 -1.15782328 12.51314774
v 1.40000000 -1.16609240 12.50792770
v 1.55000000 -1.16609240 12.50792770
v 1.40000000 -1.17465620 12.50320663
v 1.55000000 -1.18348465 12.49900131
v 1.55000000 -1.17465620 12.50320663
v 1.40000000 -1.18348465 12.49900131
v 1.40000000 -1.19254675 12.49532547
v 1.55000000 -1.19254675 12.49532547
v 1.40000000 -1.20181065 12.49219360
v 1.55000000 -1.21124382 12.48961639
v 1.55000000 -1.20181065 12.49219360
v 1.40000000 -1.21124382 12.48961639
v 1.40000000 -1.22081308 12.48760223
v 1.55000000 -1.22081308 12.48760223
v 1.40000000 -1.23048496 12.48615799
v 1.55000000 -1.23048496 12.48615799
v 1.40000000 -1.24022532 12.48528976
v 1.55000000 -1.24022532 12.48528976
v 1.40000000 -1.25000000 12.48499985
v 1.55000000 -1.25000000 12.48499985
v 1.40000000 -0.74330220 14.71470947
v 1.55000000 -0.74330220 14.71470947
v 1.55000000 -0.75307693 14.71499939
v 1.40000000 -0.75307693 14.71499939
v 1.40000000 -0.73356185 14.71384125
v 1.55000000 -0.73356185 14.71384125
v 1.40000000 -0.72389002 14.71239777
v 1.55000000 -0.72389002 14.71239777
v 1.40000000 -0.71432071 14.71038361
v 1.55000000 -0.71432071 14.71038361
v 1.40000000 -0.70488753 14.70780640
v 1.55000000 -0.70488753 14.70780640
v 1.40000000 -0.69562364 14.70467377
v 1.55000000 -0.69562364 14.70467377
v 1.40000000 -0.68656154 14.70099945
v 1.55000000 -0.68656154 14.70099945
v 1.40000000 -0.67773309 14.69679413
v 1.55000000 -0.67773309 14.69679413
v 1.40000000 -0.66916928 14.69207153
v 1.55000000 -0.66916928 14.69207153
v 1.40000000 -0.66090021 14.68685150
v 1.55000000 -0.66090021 14.68685150
v 1.40000000 -0.65295491 14.68115082
v 1.55000000 -0.65295491 14.68115082
v 1.40000000 -0.64536128 14.67498932
v 1.55000000 -0.64536128 14.67498932
v 1.40000000 -0.63814602 14.66838837
v 1.55000000 -0.63814602 14.66838837
v 1.40000000 -0.63133445 14.66137238
v 1.55000000 -0.63133445 14.66137238
v 1.40000000 -0.62495050 14.65396423
v 1.55000000 -0.62495050 14.65396423
v 1.40000000 -0.61901660 14.64619141
v 1.55000000 -0.61901660 14.64619141
v 1.40000000 -0.61355357 14.63808136
v 1.55000000 -0.61355357 14.63808136
v 1.40000000 -0.60858064 14.62966003
v 1.55000000 -0.60858064 14.62966003
v 1.40000000 -0.60411530 14.62096100
v 1.55000000 -0.60411530 14.62096100
v 1.40000000 -0.60017314 14.61201172
v 1.55000000 -0.60017314 14.61201172
v 1.40000000 -0.59676809 14.60284424
v 1.55000000 -0.59676809 14.60284424
v 1.40000000 -0.59391203 14.59349213
v 1.55000000 -0.59391203 14.59349213
v 1.40000000 -0.59161510 14.58398590
v 1.55000000 -0.59161510 14.58398590
v 1.40000000 -0.58988528 14.57436218
v 1.55000000 -0.58988528 14.57436218
v 1.40000000 -0.58872871 14.56465149
v 1.55000000 -0.58872871 14.56465149
v 1.40000000 -0.58814940 14.55488892
v 1.55000000 -0.58814940 14.55488892
v 1.40000000 -0.58814940 14.54511108
v 1.55000000 -0.58814940 14.54511108
v 1.40000000 -0.58872871 14.53534851
v 1.55000000 -0.58872871 14.53534851
v 1.40000000 -0.58988528 14.52563782
v 1.55000000 -0.58988528 14.52563782
v 1.40000000 -0.59161510 14.51601410
v 1.55000000 -0.59161510 14.51601410
v 1.40000000 -0.59391203 14.50650787
v 1.55000000 -0.59676809 14.49715576
v 1.55000000 -0.59391203 14.50650787
v 1.40000000 -0.59676809 14.49715576
v 1.40000000 -0.60017314 14.48798828
v 1.55000000 -0.60017314 14.48798828
v 1.40000000 -0.60411530 14.47903900
v 1.55000000 -0.60411530 14.47903900
v 1.40000000 -0.60858064 14.47033997
v 1.55000000 -0.61355357 14.46191864
v 1.55000000 -0.60858064 14.47033997
v 1.40000000 -0.61355357 14.46191864
v 1.40000000 -0.61901660 14.45380859
v 1.55000000 -0.61901660 14.45380859
v 1.40000000 -0.62495050 14.44603577
v 1.55000000 -0.62495050 14.44603577
v 1.40000000 -0.63133445 14.43862762
v 1.55000000 -0.63133445 14.43862762
v 1.40000000 -0.63814602 14.43161163
v 1.55000000 -0.63814602 14.43161163
v 1.40000000 -0.64536128 14.42501068
v 1.55000000 -0.64536128 14.42501068
v 1.40000000 -0.65295491 14.41884918
v 1.55000000 -0.65295491 14.41884918
v 1.40000000 -0.66090021 14.41314850
v 1.55000000 -0.66090021 14.41314850
v 1.40000000 -0.66916928 14.40792847
v 1.55000000 -0.66916928 14.40792847
v 1.40000000 -0.67773309 14.40320587
v 1.55000000 -0.68656154 14.39900055
v 1.55000000 -0.67773309 14.40320587
v 1.40000000 -0.68656154 14.39900055
v 1.40000000 -0.69562364 14.39532623
v 1.55000000 -0.69562364 14.39532623
v 1.40000000 -0.70488753 14.39219360
v 1.55000000 -0.71432071 14.38961639
v 1.55000000 -0.70488753 14.39219360
v 1.40000000 -0.71432071 14.38961639
v 1.40000000 -0.72389002 14.38760223
v 1.55000000 -0.72389002 14.38760223
v 1.40000000 -0.73356185 14.38615875
v 1.55000000 -0.73356185 14.38615875
v 1.40000000 -0.74330220 14.38529053
v 1.55000000 -0.74330220 14.38529053
v 1.40000000 -0.75307693 14.38500061
v 1.55000000 -0.75307693 14.38500061
v 1.40000000 0.76285162 14.71470947
v 1.55000000 0.76285162 14.71470947
v 1.55000000 0.75307693 14.71499939
v 1.40000000 0.75307693 14.71499939
v 1.40000000 0.77259202 14.71384125
v 1.55000000 0.77259202 14.71384125
v 1.40000000 0.78226380 14.71239777
v 1.55000000 0.78226380 14.71239777
v 1.40000000 0.79183311 14.71038361
v 1.55000000 0.79183311 14.71038361
v 1.40000000 0.80126629 14.70780640
v 1.55000000 0.80126629 14.70780640
v 1.40000000 0.81053019 14.70467377
v 1.55000000 0.81053019 14.70467377
v 1.40000000 0.81959229 14.70099945
v 1.55000000 0.81959229 14.70099945
v 1.40000000 0.82842073 14.69679413
v 1.55000000 0.82842073 14.69679413
v 1.40000000 0.83698454 14.69207153
v 1.55000000 0.83698454 14.69207153
v 1.40000000 0.84525366 14.68685150
v 1.55000000 0.84525366 14.68685150
v 1.40000000 0.85319891 14.68115082
v 1.55000000 0.85319891 14.68115082
v 1.40000000 0.86079254 14.67498932
v 1.55000000 0.86079254 14.67498932
v 1.40000000 0.86800785 14.66838837
v 1.55000000 0.86800785 14.66838837
v 1.40000000 0.87481937 14.66137238
v 1.55000000 0.87481937 14.66137238
v 1.40000000 0.88120337 14.65396423
v 1.55000000 0.88120337 14.65396423
v 1.40000000 0.88713722 14.64619141
v 1.55000000 0.88713722 14.64619141
v 1.40000000 0.89260025 14.63808136
v 1.55000000 0.89260025 14.63808136
v 1.40000000 0.89757318 14.62966003
v 1.55000000 0.89757318 14.62966003
v 1.40000000 0.90203857 14.62096100
v 1.55000000 0.90203857 14.62096100
v 1.40000000 0.90598068 14.61201172
v 1.55000000 0.90598068 14.61201172
v 1.40000000 0.90938578 14.60284424
v 1.55000000 0.90938578 14.60284424
v 1.40000000 0.91224184 14.59349213
v 1.55000000 0.91224184 14.59349213
v 1.40000000 0.91453876 14.58398590
v 1.55000000 0.91453876 14.58398590
v 1.40000000 0.91626854 14.57436218
v 1.55000000 0.91626854 14.57436218
v 1.40000000 0.91742516 14.56465149
v 1.55000000 0.91742516 14.56465149
v 1.40000000 0.91800442 14.55488892
v 1.55000000 0.91800442 14.55488892
v 1.40000000 0.91800442 14.54511108
v 1.55000000 0.91800442 14.54511108
v 1.40000000 0.91742516 14.53534851
v 1.55000000 0.91742516 14.53534851
v 1.40000000 0.91626854 14.52563782
v 1.55000000 0.91626854 14.52563782
v 1.40000000 0.91453876 14.51601410
v 1.55000000 0.91453876 14.51601410
v 1.40000000 0.91224184 14.50650787
v 1.55000000 0.90938578 14.49715576
v 1.55000000 0.91224184 14.50650787
v 1.40000000 0.90938578 14.49715576
v 1.40000000 0.90598068 14.48798828
v 1.55000000 0.90598068 14.48798828
v 1.40000000 0.90203857 14.47903900
v 1.55000000 0.90203857 14.47903900
v 1.40000000 0.89757318 14.47033997
v 1.55000000 0.89260025 14.46191864
v 1.55000000 0.89757318 14.47033997
v 1.40000000 0.89260025 14.46191864
v 1.40000000 0.88713722 14.45380859
v 1.55000000 0.88713722 14.45380859
v 1.40000000 0.88120337 14.44603577
v 1.55000000 0.88120337 14.44603577
v 1.40000000 0.87481937 14.43862762
v 1.55000000 0.87481937 14.43862762
v 1.40000000 0.86800785 14.43161163
v 1.55000000 0.86800785 14.43161163
v 1.40000000 0.86079254 14.42501068
v 1.55000000 0.86079254 14.42501068
v 1.40000000 0.85319891 14.41884918
v 1.55000000 0.85319891 14.41884918
v 1.40000000 0.84525366 14.41314850
v 1.55000000 0.84525366 14.41314850
v 1.40000000 0.83698454 14.40792847
v 1.55000000 0.83698454 14.40792847
v 1.40000000 0.82842073 14.40320587
v 1.55000000 0.81959229 14.39900055
v 1.55000000 0.82842073 14.40320587
v 1.40000000 0.81959229 14.39900055
v 1.40000000 0.81053019 14.39532623
v 1.55000000 0.81053019 14.39532623
v 1.40000000 0.80126629 14.39219360
v 1.55000000 0.79183311 14.38961639
v 1.55000000 0.80126629 14.39219360
v 1.40000000 0.79183311 14.38961639
v 1.40000000 0.78226380 14.38760223
v 1.55000000 0.78226380 14.38760223
v 1.40000000 0.77259202 14.38615875
v 1.55000000 0.77259202 14.38615875
v 1.40000000 0.76285162 14.38529053
v 1.55000000 0.76285162 14.38529053
v 1.40000000 0.75307693 14.38500061
v 1.55000000 0.75307693 14.38500061
v 2.40000000 0.89913206 8.76151657
v 1.40000000 1.05244942 8.17530289
v 2.40000000 1.05244942 8.17530289
v 1.40000000 0.29023771 11.08964157
v 2.14084568 0.29023771 11.08964157
v 2.40000000 2.50000000 8.76151657
v 2.40000000 1.05377159 8.16956177
v 2.40000000 1.05475340 8.16375275
v 2.40000000 1.05539131 8.15789566
v 2.40000000 1.05568333 8.15201187
v 2.40000000 1.05562830 8.14612045
v 2.40000000 1.05522642 8.14024277
v 2.40000000 2.20628414 6.95333176
v 2.40000000 2.23829536 6.92224350
v 2.40000000 2.26840096 6.88930588
v 2.40000000 2.17248077 6.98246155
v 2.40000000 2.29649448 6.85463638
v 2.40000000 2.13700504 7.00952988
v 2.40000000 2.32247639 6.81835785
v 2.40000000 2.09998207 7.03443985
v 2.40000000 2.34625473 6.78059769
v 2.40000000 2.06154327 7.05710449
v 2.40000000 2.36774540 6.74149094
v 2.40000000 2.02182465 7.07744293
v 2.40000000 2.38687229 6.70117493
v 2.40000000 1.98096695 7.09538269
v 2.40000000 2.40356789 6.65979309
v 2.40000000 1.93911438 7.11086197
v 2.40000000 2.41777267 6.61749115
v 2.40000000 1.89641552 7.12382355
v 2.40000000 2.42943668 6.57441940
v 2.40000000 1.85302124 7.13422394
v 2.40000000 2.43851852 6.53073044
v 2.40000000 1.80908546 7.14202423
v 2.40000000 1.05447912 8.13439865
v 2.40000000 2.44498596 6.48657837
v 2.40000000 1.76476345 7.14719849
v 2.40000000 1.05338898 8.12860947
v 2.40000000 1.05195971 8.12289352
v 2.40000000 2.44881630 6.44212036
v 2.40000000 1.72021198 7.14972763
v 2.40000000 1.05019646 8.11727219
v 2.40000000 1.04810514 8.11176453
v 2.40000000 1.67558918 7.14960251
v 2.40000000 1.04569321 8.10638962
v 2.40000000 1.04296885 8.10116577
v 2.40000000 1.63105278 7.14682388
v 2.40000000 1.03994160 8.09611206
v 2.40000000 1.03662205 8.09124451
v 2.40000000 1.58676043 7.14140167
v 2.40000000 1.03302155 8.08658142
v 2.40000000 1.02915277 8.08213806
v 2.40000000 1.54286890 7.13335495
v 2.40000000 1.02502899 8.07793045
v 2.40000000 1.02066469 8.07397308
v 2.40000000 1.49953365 7.12271271
v 2.40000000 1.01607485 8.07027969
v 2.40000000 1.01127539 8.06686325
v 2.40000000 1.45690794 7.10951157
v 2.40000000 1.00628319 8.06373444
v 2.40000000 1.00111532 8.06090622
v 2.40000000 1.41514282 7.09379883
v 2.40000000 0.99578991 8.05838623
v 2.40000000 0.99032526 8.05618439
v 2.40000000 1.37438612 7.07562943
v 2.40000000 0.98474054 8.05430832
v 2.40000000 0.97905502 8.05276489
v 2.40000000 1.33478203 7.05506897
v 2.40000000 0.97328844 8.05155792
v 2.40000000 0.96746082 8.05069351
v 2.40000000 1.29647083 7.03218994
v 2.40000000 0.96159239 8.05017319
v 2.40000000 0.95570354 8.05000000
v 2.40000000 1.25958805 7.00707245
v 2.40000000 1.22426434 6.97980652
v 2.40000000 1.19062471 6.95048752
v 2.40000000 1.15878820 6.91921997
v 2.40000000 1.12886753 6.88611526
v 2.40000000 2.50000000 5.25000000
v 2.40000000 2.09576530 5.76292076
v 2.40000000 2.05717716 5.74051208
v 2.40000000 2.13295269 5.78758507
v 2.40000000 2.16860733 5.81441727
v 2.40000000 2.20260296 5.84332237
v 2.40000000 2.23481960 5.87419777
v 2.40000000 2.26514301 5.90693474
v 2.40000000 2.29346581 5.94141693
v 2.40000000 2.31968784 5.97752266
v 2.40000000 2.34371624 6.01512413
v 2.40000000 2.36546574 6.05408783
v 2.40000000 2.38485966 6.09427605
v 2.40000000 2.40182934 6.13554649
v 2.40000000 2.41631432 6.17775307
v 2.40000000 2.42826385 6.22074623
v 2.40000000 2.43763523 6.26437416
v 2.40000000 2.44439545 6.30848236
v 2.40000000 2.44852047 6.35291405
v 2.40000000 2.44999580 6.39751282
v 2.40000000 2.01732445 5.72043762
v 2.40000000 1.84123211 5.66294899
v 2.40000000 1.84814816 5.66477737
v 2.40000000 1.84466286 5.66396637
v 2.40000000 1.83458271 5.66030998
v 2.40000000 1.83786793 5.66172867
v 2.40000000 1.82829475 5.65689850
v 2.40000000 1.83138771 5.65869827
v 2.40000000 1.82531433 5.65491791
v 2.40000000 1.82245731 5.65276299
v 2.40000000 1.81973400 5.65044174
v 2.40000000 1.81472607 5.64533310
v 2.40000000 1.81715374 5.64796219
v 2.40000000 1.81245937 5.64256401
v 2.40000000 1.80844059 5.63664589
v 2.40000000 1.81036167 5.63966484
v 2.40000000 1.80670300 5.63351746
v 2.40000000 1.80515499 5.63029099
v 2.40000000 1.80264893 5.62359085
v 2.40000000 1.80380192 5.62697830
v 2.40000000 1.80169983 5.62014046
v 2.40000000 1.80042648 5.61310081
v 2.40000000 1.80095806 5.61663971
v 2.40000000 1.80010662 5.60953674
v 2.40000000 1.80000000 5.60595970
v 2.40000000 1.89161034 5.67488937
v 2.40000000 1.93439426 5.68756790
v 2.40000000 0.73364244 6.63117447
v 2.40000000 1.01145163 6.69732285
v 2.40000000 0.73117452 6.63364258
v 2.40000000 0.72856727 6.63596268
v 2.40000000 0.73596268 6.62856750
v 2.40000000 0.99498816 6.65584793
v 2.40000000 0.72582951 6.63812714
v 2.40000000 1.03035240 6.73774567
v 2.40000000 0.73812737 6.62582932
v 2.40000000 0.72297053 6.64012909
v 2.40000000 0.74012928 6.62297058
v 2.40000000 0.71999998 6.64196167
v 2.40000000 0.74196153 6.61999969
v 2.40000000 0.74361796 6.61692810
v 2.40000000 0.98102045 6.61346741
v 2.40000000 0.71692796 6.64361801
v 2.40000000 0.74509296 6.61376495
v 2.40000000 0.71376476 6.64509277
v 2.40000000 1.05162373 6.77697220
v 2.40000000 0.74638157 6.61052094
v 2.40000000 0.71052122 6.64638138
v 2.40000000 0.70720820 6.64747925
v 2.40000000 0.74747939 6.60720825
v 2.40000000 0.74838271 6.60383682
v 2.40000000 0.70383697 6.64838257
v 2.40000000 1.07519035 6.81486511
v 2.40000000 0.70041890 6.64908829
v 2.40000000 0.74908848 6.60041885
v 2.40000000 0.96959791 6.57033157
v 2.40000000 0.69696555 6.64959412
v 2.40000000 0.74959431 6.59696579
v 2.40000000 0.69348869 6.64989853
v 2.40000000 1.10096865 6.85128860
v 2.40000000 0.74989848 6.59348831
v 2.40000000 0.69000001 6.65000000
v 2.40000000 0.75000000 6.59000015
v 2.40000000 0.95002985 6.39331245
v 2.40000000 0.95095949 6.43792572
v 2.40000000 0.96076088 6.52659225
v 2.40000000 0.95454073 6.48240433
v 2.40000000 0.95175495 6.34872246
v 2.40000000 0.95612888 6.30431442
v 2.40000000 0.96313601 6.26024513
v 2.40000000 0.97275162 6.21667023
v 2.40000000 1.80000000 5.25000000
v 2.40000000 1.97634850 5.70276871
v 2.40000000 -0.05900622 7.03381195
v 2.40000000 -0.05651591 7.03134155
v 2.40000000 -0.05417424 7.02873001
v 2.40000000 -0.06163664 7.03613281
v 2.40000000 -0.05198921 7.02598572
v 2.40000000 -0.06439820 7.03829575
v 2.40000000 -0.04996828 7.02311859
v 2.40000000 -0.06728144 7.04029388
v 2.40000000 -0.04811836 7.02013779
v 2.40000000 -0.07027653 7.04212036
v 2.40000000 -0.04644578 7.01705475
v 2.40000000 -0.07337320 7.04376831
v 2.40000000 -0.04495626 7.01387863
v 2.40000000 -0.07656090 7.04523239
v 2.40000000 -0.04365488 7.01062088
v 2.40000000 -0.07982870 7.04650803
v 2.40000000 -0.04254609 7.00729294
v 2.40000000 -0.08316546 7.04758987
v 2.40000000 -0.04163369 7.00390625
v 2.40000000 -0.08655976 7.04847565
v 2.40000000 -0.04092079 7.00047150
v 2.40000000 -0.09000000 7.04916077
v 2.40000000 -0.95570354 8.05000000
v 2.40000000 -0.04040982 6.99700089
v 2.40000000 -0.09344024 7.04847565
v 2.40000000 -0.04010254 6.99350662
v 2.40000000 -0.09683453 7.04758987
v 2.40000000 -0.04000000 6.99000015
v 2.40000000 -0.10017129 7.04650803
v 2.40000000 -0.10343910 7.04523239
v 2.40000000 1.60000000 5.25000000
v 2.40000000 1.42756081 5.70123177
v 2.40000000 1.38648653 5.71867104
v 2.40000000 1.46959953 5.68626633
v 2.40000000 1.51245375 5.67382774
v 2.40000000 1.55597200 5.66395912
v 2.40000000 1.60000000 5.65669670
v 2.40000000 -0.04000000 6.65000000
v 2.40000000 -0.65706887 7.03191528
v 2.40000000 -0.12348409 7.03134155
v 2.40000000 -0.12099378 7.03381195
v 2.40000000 -0.65963712 7.03439407
v 2.40000000 -0.11836336 7.03613281
v 2.40000000 -0.65465255 7.02928848
v 2.40000000 -0.12582576 7.02873001
v 2.40000000 -0.66234822 7.03671570
v 2.40000000 -0.11560180 7.03829575
v 2.40000000 -0.65239673 7.02652283
v 2.40000000 -0.12801080 7.02598572
v 2.40000000 -0.66519251 7.03887177
v 2.40000000 -0.11271856 7.04029388
v 2.40000000 -0.65030928 7.02362823
v 2.40000000 -0.13003172 7.02311859
v 2.40000000 -0.66815996 7.04085464
v 2.40000000 -0.10972347 7.04212036
v 2.40000000 -0.64839773 7.02061386
v 2.40000000 -0.13188164 7.02013779
v 2.40000000 -0.67124014 7.04265823
v 2.40000000 -0.10662680 7.04376831
v 2.40000000 -0.64666872 7.01749115
v 2.40000000 -0.13355422 7.01705475
v 2.40000000 -0.67442203 7.04427490
v 2.40000000 -0.64512844 7.01427155
v 2.40000000 -0.13504374 7.01387863
v 2.40000000 -0.67769446 7.04570007
v 2.40000000 -0.64378238 7.01096573
v 2.40000000 -0.13634512 7.01062088
v 2.40000000 -0.68104582 7.04692764
v 2.40000000 -0.64263520 7.00758667
v 2.40000000 -0.13745391 7.00729294
v 2.40000000 -0.68446422 7.04795380
v 2.40000000 -0.64169102 7.00414429
v 2.40000000 -0.13836632 7.00390625
v 2.40000000 -0.68793759 7.04877472
v 2.40000000 -0.64095316 7.00065231
v 2.40000000 -0.13907921 7.00047150
v 2.40000000 -0.69145370 7.04938812
v 2.40000000 -0.64042425 6.99712219
v 2.40000000 -0.13959018 6.99700089
v 2.40000000 -0.69499998 7.04979095
v 2.40000000 -0.64010615 6.99356766
v 2.40000000 -0.13989745 6.99350662
v 2.40000000 -0.69854631 7.04938812
v 2.40000000 -0.64000001 6.99000015
v 2.40000000 -0.14000000 6.99000015
v 2.40000000 -0.70206242 7.04877472
v 2.40000000 -0.70553579 7.04795380
v 2.40000000 -0.70895419 7.04692764
v 2.40000000 -0.71230555 7.04570007
v 2.40000000 -0.71557798 7.04427490
v 2.40000000 -0.71875987 7.04265823
v 2.40000000 -0.96159239 8.05017319
v 2.40000000 -0.72184000 7.04085464
v 2.40000000 -0.96746082 8.05069351
v 2.40000000 -2.50000000 8.76151657
v 2.40000000 -1.05522642 8.14024277
v 2.40000000 -1.05562830 8.14612045
v 2.40000000 -1.05568333 8.15201187
v 2.40000000 -1.05539131 8.15789566
v 2.40000000 -1.05475340 8.16375275
v 2.40000000 -1.05377159 8.16956177
v 2.40000000 -1.05244942 8.17530289
v 2.40000000 -0.89913206 8.76151657
v 2.40000000 -0.64000001 6.65000000
v 2.40000000 0.75000000 5.25000000
v 2.40000000 1.01686335 6.09044495
v 2.40000000 0.99966288 6.13161964
v 2.40000000 1.03648205 6.05036621
v 2.40000000 1.05844946 6.01152496
v 2.40000000 1.08268805 5.97405891
v 2.40000000 1.10911188 5.93810043
v 2.40000000 1.13762732 5.90377731
v 2.40000000 1.16813364 5.87121086
v 2.40000000 1.20052261 5.84051590
v 2.40000000 1.23467979 5.81180191
v 2.40000000 1.27048416 5.78516998
v 2.40000000 1.30780897 5.76071434
v 2.40000000 1.34652214 5.73852196
v 2.40000000 -1.16170464 6.92224350
v 2.40000000 -0.74830899 7.00414429
v 2.40000000 -0.74736481 7.00758667
v 2.40000000 -0.74621763 7.01096573
v 2.40000000 -0.74487152 7.01427155
v 2.40000000 -1.19371576 6.95333176
v 2.40000000 -0.74333129 7.01749115
v 2.40000000 -0.74160228 7.02061386
v 2.40000000 -0.73969073 7.02362823
v 2.40000000 -1.13159904 6.88930588
v 2.40000000 -0.74989386 6.99356766
v 2.40000000 -0.74957576 6.99712219
v 2.40000000 -0.74904685 7.00065231
v 2.40000000 -1.22751913 6.98246155
v 2.40000000 -0.73760328 7.02652283
v 2.40000000 -0.73534741 7.02928848
v 2.40000000 -0.73293109 7.03191528
v 2.40000000 -1.10350561 6.85463638
v 2.40000000 -0.75000000 6.99000015
v 2.40000000 -1.26299505 7.00952988
v 2.40000000 -0.73036284 7.03439407
v 2.40000000 -0.72765179 7.03671570
v 2.40000000 -1.07752371 6.81835785
v 2.40000000 -1.30001793 7.03443985
v 2.40000000 -0.72480750 7.03887177
v 2.40000000 -1.05374527 6.78059769
v 2.40000000 -1.33845663 7.05710449
v 2.40000000 -0.97328844 8.05155792
v 2.40000000 -0.97905502 8.05276489
v 2.40000000 -1.03225451 6.74149094
v 2.40000000 -1.37817526 7.07744293
v 2.40000000 -0.98474054 8.05430832
v 2.40000000 -0.99032526 8.05618439
v 2.40000000 -1.01312761 6.70117493
v 2.40000000 -1.41903315 7.09538269
v 2.40000000 -0.99578991 8.05838623
v 2.40000000 -1.00111532 8.06090622
v 2.40000000 -1.46088562 7.11086197
v 2.40000000 -1.00628319 8.06373444
v 2.40000000 -1.01127539 8.06686325
v 2.40000000 -1.01607485 8.07027969
v 2.40000000 -1.50358448 7.12382355
v 2.40000000 -1.02066469 8.07397308
v 2.40000000 -1.02502899 8.07793045
v 2.40000000 -1.54697866 7.13422394
v 2.40000000 -1.02915277 8.08213806
v 2.40000000 -1.03302155 8.08658142
v 2.40000000 -1.59091454 7.14202423
v 2.40000000 -1.03662205 8.09124451
v 2.40000000 -1.03994160 8.09611206
v 2.40000000 -1.63523655 7.14719849
v 2.40000000 -1.04296885 8.10116577
v 2.40000000 -1.67978802 7.14972763
v 2.40000000 -1.04569321 8.10638962
v 2.40000000 -1.04810514 8.11176453
v 2.40000000 -1.72441082 7.14960251
v 2.40000000 -1.05019646 8.11727219
v 2.40000000 -1.05195971 8.12289352
v 2.40000000 -1.76894722 7.14682388
v 2.40000000 -1.05338898 8.12860947
v 2.40000000 -1.05447912 8.13439865
v 2.40000000 -1.81323967 7.14140167
v 2.40000000 -1.85713120 7.13335495
v 2.40000000 -1.90046635 7.12271271
v 2.40000000 -1.94309196 7.10951157
v 2.40000000 -1.98485718 7.09379883
v 2.40000000 -2.02561378 7.07562943
v 2.40000000 -2.06521797 7.05506897
v 2.40000000 -2.10352917 7.03218994
v 2.40000000 -2.14041195 7.00707245
v 2.40000000 -2.17573566 6.97980652
v 2.40000000 -0.75000000 5.53284264
v 2.40000000 -1.01514034 6.09427605
v 2.40000000 -1.03453417 6.05408783
v 2.40000000 -0.99817076 6.13554649
v 2.40000000 -0.98368559 6.17775307
v 2.40000000 -0.97173624 6.22074623
v 2.40000000 -1.08031216 5.97752266
v 2.40000000 -1.10653410 5.94141693
v 2.40000000 -1.05628386 6.01512413
v 2.40000000 -0.60832472 5.38298798
v 2.40000000 -0.40496874 5.25000000
v 2.40000000 -0.14000000 5.25000000
v 2.40000000 -1.13485699 5.90693474
v 2.40000000 -2.20937538 6.95048752
v 2.40000000 -1.16518030 5.87419777
v 2.40000000 -2.24121189 6.91921997
v 2.40000000 -1.19739695 5.84332237
v 2.40000000 -2.27113247 6.88611526
v 2.40000000 -1.23139277 5.81441727
v 2.40000000 -2.29903126 6.85128860
v 2.40000000 -1.26704741 5.78758507
v 2.40000000 -2.32480965 6.81486511
v 2.40000000 -2.34837627 6.77697220
v 2.40000000 -0.84326153 5.25000000
v 2.40000000 -1.30423470 5.76292076
v 2.40000000 -1.34282293 5.74051208
v 2.40000000 -2.36964760 6.73774567
v 2.40000000 -1.38267555 5.72043762
v 2.40000000 -2.38854847 6.69732285
v 2.40000000 -2.40501175 6.65584793
v 2.40000000 -1.56213198 5.66172867
v 2.40000000 -1.55533724 5.66396637
v 2.40000000 -1.55876799 5.66294899
v 2.40000000 -1.56541729 5.66030998
v 2.40000000 -1.55185184 5.66477737
v 2.40000000 -1.57170534 5.65689850
v 2.40000000 -1.56861219 5.65869827
v 2.40000000 -1.58026600 5.65044174
v 2.40000000 -1.57468567 5.65491791
v 2.40000000 -1.57754259 5.65276299
v 2.40000000 -1.58754072 5.64256401
v 2.40000000 -1.58284616 5.64796219
v 2.40000000 -1.58527393 5.64533310
v 2.40000000 -1.59155931 5.63664589
v 2.40000000 -1.58963833 5.63966484
v 2.40000000 -1.59329700 5.63351746
v 2.40000000 -1.59484501 5.63029099
v 2.40000000 -1.59619799 5.62697830
v 2.40000000 -1.59904184 5.61663971
v 2.40000000 -1.59735107 5.62359085
v 2.40000000 -1.59830017 5.62014046
v 2.40000000 -1.59957352 5.61310081
v 2.40000000 -1.59989328 5.60953674
v 2.40000000 -1.60000000 5.60595970
v 2.40000000 -1.50838966 5.67488937
v 2.40000000 -1.46560564 5.68756790
v 2.40000000 -1.60000000 5.25000000
v 2.40000000 -1.42365150 5.70276871
v 2.40000000 -1.80000000 5.25000000
v 2.40000000 -1.97243919 5.70123177
v 2.40000000 -2.01351337 5.71867104
v 2.40000000 -1.93040047 5.68626633
v 2.40000000 -1.88754616 5.67382774
v 2.40000000 -1.84402809 5.66395912
v 2.40000000 -1.80000000 5.65669670
v 2.40000000 -2.50000000 5.25000000
v 2.40000000 -2.43686390 6.26024513
v 2.40000000 -2.44387112 6.30431442
v 2.40000000 -2.42724838 6.21667023
v 2.40000000 -2.41505833 6.17374458
v 2.40000000 -2.40033703 6.13161964
v 2.40000000 -2.38313675 6.09044495
v 2.40000000 -2.36351795 6.05036621
v 2.40000000 -2.34155045 6.01152496
v 2.40000000 -2.31731186 5.97405891
v 2.40000000 -2.29088821 5.93810043
v 2.40000000 -2.26237259 5.90377731
v 2.40000000 -2.23186646 5.87121086
v 2.40000000 -2.19947739 5.84051590
v 2.40000000 -2.16532021 5.81180191
v 2.40000000 -2.12951584 5.78516998
v 2.40000000 -2.09219093 5.76071434
v 2.40000000 -2.05347786 5.73852196
v 2.40000000 0.98494158 6.17374458
v 2.40000000 -0.96236486 6.26437416
v 2.40000000 -0.95560465 6.30848236
v 2.40000000 -0.95147953 6.35291405
v 2.40000000 -0.95000410 6.39751282
v 2.40000000 -0.95118370 6.44212036
v 2.40000000 -0.95501394 6.48657837
v 2.40000000 -0.96148148 6.53073044
v 2.40000000 -0.97056332 6.57441940
v 2.40000000 -0.98222733 6.61749115
v 2.40000000 -0.99643221 6.65979309
v 2.40000000 -2.44997025 6.39331245
v 2.40000000 -2.44904041 6.43792572
v 2.40000000 -2.44545918 6.48240433
v 2.40000000 -2.43923912 6.52659225
v 2.40000000 -2.43040218 6.57033157
v 2.40000000 -2.41897945 6.61346741
v 2.40000000 -2.44824505 6.34872246
v 1.55000000 0.74330220 14.38529053
v 1.40000000 0.74330220 14.38529053
v 1.55000000 0.73356185 14.38615875
v 1.40000000 0.73356185 14.38615875
v 1.55000000 0.72389002 14.38760223
v 1.40000000 0.72389002 14.38760223
v 1.55000000 0.71432071 14.38961639
v 1.40000000 0.71432071 14.38961639
v 1.55000000 0.70488753 14.39219360
v 1.40000000 0.70488753 14.39219360
v 1.55000000 0.69562364 14.39532623
v 1.40000000 0.69562364 14.39532623
v 1.55000000 0.68656154 14.39900055
v 1.40000000 0.68656154 14.39900055
v 1.55000000 0.67773309 14.40320587
v 1.40000000 0.67773309 14.40320587
v 1.55000000 0.66916928 14.40792847
v 1.40000000 0.66916928 14.40792847
v 1.55000000 0.66090021 14.41314850
v 1.40000000 0.66090021 14.41314850
v 1.55000000 0.65295491 14.41884918
v 1.40000000 0.65295491 14.41884918
v 1.40000000 0.64536128 14.42501068
v 1.55000000 0.64536128 14.42501068
v 1.40000000 0.63814602 14.43161163
v 1.55000000 0.63814602 14.43161163
v 1.40000000 0.63133445 14.43862762
v 1.55000000 0.63133445 14.43862762
v 1.40000000 0.62495050 14.44603577
v 1.55000000 0.62495050 14.44603577
v 1.40000000 0.61901660 14.45380859
v 1.55000000 0.61901660 14.45380859
v 1.40000000 0.61355357 14.46191864
v 1.55000000 0.61355357 14.46191864
v 1.40000000 0.60858064 14.47033997
v 1.55000000 0.60858064 14.47033997
v 1.40000000 0.60411530 14.47903900
v 1.55000000 0.60411530 14.47903900
v 1.40000000 0.60017314 14.48798828
v 1.55000000 0.60017314 14.48798828
v 1.40000000 0.59676809 14.49715576
v 1.55000000 0.59676809 14.49715576
v 1.40000000 0.59391203 14.50650787
v 1.55000000 0.59391203 14.50650787
v 1.40000000 0.59161510 14.51601410
v 1.55000000 0.59161510 14.51601410
v 1.40000000 0.58988528 14.52563782
v 1.55000000 0.58988528 14.52563782
v 1.40000000 0.58872871 14.53534851
v 1.55000000 0.58872871 14.53534851
v 1.40000000 0.58814940 14.54511108
v 1.55000000 0.58814940 14.54511108
v 1.40000000 0.58814940 14.55488892
v 1.55000000 0.58814940 14.55488892
v 1.40000000 0.58872871 14.56465149
v 1.55000000 0.58988528 14.57436218
v 1.55000000 0.58872871 14.56465149
v 1.40000000 0.58988528 14.57436218
v 1.40000000 0.59161510 14.58398590
v 1.55000000 0.59161510 14.58398590
v 1.40000000 0.59391203 14.59349213
v 1.55000000 0.59391203 14.59349213
v 1.40000000 0.59676809 14.60284424
v 1.55000000 0.59676809 14.60284424
v 1.40000000 0.60017314 14.61201172
v 1.55000000 0.60411530 14.62096100
v 1.55000000 0.60017314 14.61201172
v 1.40000000 0.60411530 14.62096100
v 1.40000000 0.60858064 14.62966003
v 1.55000000 0.60858064 14.62966003
v 1.40000000 0.61355357 14.63808136
v 1.55000000 0.61355357 14.63808136
v 1.40000000 0.61901660 14.64619141
v 1.55000000 0.61901660 14.64619141
v 1.40000000 0.62495050 14.65396423
v 1.55000000 0.63133445 14.66137238
v 1.55000000 0.62495050 14.65396423
v 1.40000000 0.63133445 14.66137238
v 1.55000000 0.63814602 14.66838837
v 1.40000000 0.63814602 14.66838837
v 1.40000000 0.64536128 14.67498932
v 1.55000000 0.64536128 14.67498932
v 1.40000000 0.65295491 14.68115082
v 1.55000000 0.65295491 14.68115082
v 1.40000000 0.66090021 14.68685150
v 1.55000000 0.66090021 14.68685150
v 1.40000000 0.66916928 14.69207153
v 1.55000000 0.66916928 14.69207153
v 1.40000000 0.67773309 14.69679413
v 1.55000000 0.67773309 14.69679413
v 1.40000000 0.68656154 14.70099945
v 1.55000000 0.68656154 14.70099945
v 1.40000000 0.69562364 14.70467377
v 1.55000000 0.70488753 14.70780640
v 1.55000000 0.69562364 14.70467377
v 1.40000000 0.70488753 14.70780640
v 1.55000000 0.71432071 14.71038361
v 1.40000000 0.71432071 14.71038361
v 1.55000000 0.72389002 14.71239777
v 1.40000000 0.72389002 14.71239777
v 1.40000000 0.73356185 14.71384125
v 1.55000000 0.73356185 14.71384125
v 1.40000000 0.74330220 14.71470947
v 1.55000000 0.74330220 14.71470947
v 1.55000000 -0.76285162 14.38529053
v 1.40000000 -0.76285162 14.38529053
v 1.55000000 -0.77259202 14.38615875
v 1.40000000 -0.77259202 14.38615875
v 1.55000000 -0.78226380 14.38760223
v 1.40000000 -0.78226380 14.38760223
v 1.55000000 -0.79183311 14.38961639
v 1.40000000 -0.79183311 14.38961639
v 1.55000000 -0.80126629 14.39219360
v 1.40000000 -0.80126629 14.39219360
v 1.55000000 -0.81053019 14.39532623
v 1.40000000 -0.81053019 14.39532623
v 1.55000000 -0.81959229 14.39900055
v 1.40000000 -0.81959229 14.39900055
v 1.55000000 -0.82842073 14.40320587
v 1.40000000 -0.82842073 14.40320587
v 1.55000000 -0.83698454 14.40792847
v 1.40000000 -0.83698454 14.40792847
v 1.55000000 -0.84525366 14.41314850
v 1.40000000 -0.84525366 14.41314850
v 1.55000000 -0.85319891 14.41884918
v 1.40000000 -0.85319891 14.41884918
v 1.40000000 -0.86079254 14.42501068
v 1.55000000 -0.86079254 14.42501068
v 1.40000000 -0.86800785 14.43161163
v 1.55000000 -0.86800785 14.43161163
v 1.40000000 -0.87481937 14.43862762
v 1.55000000 -0.87481937 14.43862762
v 1.40000000 -0.88120337 14.44603577
v 1.55000000 -0.88120337 14.44603577
v 1.40000000 -0.88713722 14.45380859
v 1.55000000 -0.88713722 14.45380859
v 1.40000000 -0.89260025 14.46191864
v 1.55000000 -0.89260025 14.46191864
v 1.40000000 -0.89757318 14.47033997
v 1.55000000 -0.89757318 14.47033997
v 1.40000000 -0.90203857 14.47903900
v 1.55000000 -0.90203857 14.47903900
v 1.40000000 -0.90598068 14.48798828
v 1.55000000 -0.90598068 14.48798828
v 1.40000000 -0.90938578 14.49715576
v 1.55000000 -0.90938578 14.49715576
v 1.40000000 -0.91224184 14.50650787
v 1.55000000 -0.91224184 14.50650787
v 1.40000000 -0.91453876 14.51601410
v 1.55000000 -0.91453876 14.51601410
v 1.40000000 -0.91626854 14.52563782
v 1.55000000 -0.91626854 14.52563782
v 1.40000000 -0.91742516 14.53534851
v 1.55000000 -0.91742516 14.53534851
v 1.40000000 -0.91800442 14.54511108
v 1.55000000 -0.91800442 14.54511108
v 1.40000000 -0.91800442 14.55488892
v 1.55000000 -0.91800442 14.55488892
v 1.40000000 -0.91742516 14.56465149
v 1.55000000 -0.91626854 14.57436218
v 1.55000000 -0.91742516 14.56465149
v 1.40000000 -0.91626854 14.57436218
v 1.40000000 -0.91453876 14.58398590
v 1.55000000 -0.91453876 14.58398590
v 1.40000000 -0.91224184 14.59349213
v 1.55000000 -0.91224184 14.59349213
v 1.40000000 -0.90938578 14.60284424
v 1.55000000 -0.90938578 14.60284424
v 1.40000000 -0.90598068 14.61201172
v 1.55000000 -0.90203857 14.62096100
v 1.55000000 -0.90598068 14.61201172
v 1.40000000 -0.90203857 14.62096100
v 1.40000000 -0.89757318 14.62966003
v 1.55000000 -0.89757318 14.62966003
v 1.40000000 -0.89260025 14.63808136
v 1.55000000 -0.89260025 14.63808136
v 1.40000000 -0.88713722 14.64619141
v 1.55000000 -0.88713722 14.64619141
v 1.40000000 -0.88120337 14.65396423
v 1.55000000 -0.87481937 14.66137238
v 1.55000000 -0.88120337 14.65396423
v 1.40000000 -0.87481937 14.66137238
v 1.55000000 -0.86800785 14.66838837
v 1.40000000 -0.86800785 14.66838837
v 1.40000000 -0.86079254 14.67498932
v 1.55000000 -0.86079254 14.67498932
v 1.40000000 -0.85319891 14.68115082
v 1.55000000 -0.85319891 14.68115082
v 1.40000000 -0.84525366 14.68685150
v 1.55000000 -0.84525366 14.68685150
v 1.40000000 -0.83698454 14.69207153
v 1.55000000 -0.83698454 14.69207153
v 1.40000000 -0.82842073 14.69679413
v 1.55000000 -0.82842073 14.69679413
v 1.40000000 -0.81959229 14.70099945
v 1.55000000 -0.81959229 14.70099945
v 1.40000000 -0.81053019 14.70467377
v 1.55000000 -0.80126629 14.70780640
v 1.55000000 -0.81053019 14.70467377
v 1.40000000 -0.80126629 14.70780640
v 1.55000000 -0.79183311 14.71038361
v 1.40000000 -0.79183311 14.71038361
v 1.55000000 -0.78226380 14.71239777
v 1.40000000 -0.78226380 14.71239777
v 1.40000000 -0.77259202 14.71384125
v 1.55000000 -0.77259202 14.71384125
v 1.40000000 -0.76285162 14.71470947
v 1.55000000 -0.76285162 14.71470947
v 1.55000000 -1.25977468 12.48528976
v 1.40000000 -1.25977468 12.48528976
v 1.55000000 -1.26951504 12.48615799
v 1.40000000 -1.26951504 12.48615799
v 1.55000000 -1.27918692 12.48760223
v 1.40000000 -1.27918692 12.48760223
v 1.55000000 -1.28875618 12.48961639
v 1.40000000 -1.28875618 12.48961639
v 1.55000000 -1.29818935 12.49219360
v 1.40000000 -1.29818935 12.49219360
v 1.55000000 -1.30745325 12.49532547
v 1.40000000 -1.30745325 12.49532547
v 1.55000000 -1.31651535 12.49900131
v 1.40000000 -1.31651535 12.49900131
v 1.55000000 -1.32534380 12.50320663
v 1.40000000 -1.32534380 12.50320663
v 1.55000000 -1.33390760 12.50792770
v 1.40000000 -1.33390760 12.50792770
v 1.55000000 -1.34217672 12.51314774
v 1.40000000 -1.34217672 12.51314774
v 1.55000000 -1.35012207 12.51884918
v 1.40000000 -1.35012207 12.51884918
v 1.40000000 -1.35771561 12.52501068
v 1.55000000 -1.35771561 12.52501068
v 1.40000000 -1.36493092 12.53161163
v 1.55000000 -1.36493092 12.53161163
v 1.40000000 -1.37174253 12.53862762
v 1.55000000 -1.37174253 12.53862762
v 1.40000000 -1.37812643 12.54603577
v 1.55000000 -1.37812643 12.54603577
v 1.40000000 -1.38406029 12.55380859
v 1.55000000 -1.38406029 12.55380859
v 1.40000000 -1.38952332 12.56191940
v 1.55000000 -1.38952332 12.56191940
v 1.40000000 -1.39449625 12.57033920
v 1.55000000 -1.39449625 12.57033920
v 1.40000000 -1.39896164 12.57903900
v 1.55000000 -1.39896164 12.57903900
v 1.40000000 -1.40290375 12.58798828
v 1.55000000 -1.40290375 12.58798828
v 1.40000000 -1.40630884 12.59715576
v 1.55000000 -1.40630884 12.59715576
v 1.40000000 -1.40916491 12.60650787
v 1.55000000 -1.40916491 12.60650787
v 1.40000000 -1.41146183 12.61601334
v 1.55000000 -1.41146183 12.61601334
v 1.40000000 -1.41319160 12.62563858
v 1.55000000 -1.41319160 12.62563858
v 1.40000000 -1.41434822 12.63534851
v 1.55000000 -1.41434822 12.63534851
v 1.40000000 -1.41492758 12.64511032
v 1.55000000 -1.41492758 12.64511032
v 1.40000000 -1.41492758 12.65488968
v 1.55000000 -1.41492758 12.65488968
v 1.40000000 -1.41434822 12.66465149
v 1.55000000 -1.41319160 12.67436142
v 1.55000000 -1.41434822 12.66465149
v 1.40000000 -1.41319160 12.67436142
v 1.40000000 -1.41146183 12.68398666
v 1.55000000 -1.41146183 12.68398666
v 1.40000000 -1.40916491 12.69349213
v 1.55000000 -1.40916491 12.69349213
v 1.40000000 -1.40630884 12.70284424
v 1.55000000 -1.40630884 12.70284424
v 1.40000000 -1.40290375 12.71201172
v 1.55000000 -1.39896164 12.72096100
v 1.55000000 -1.40290375 12.71201172
v 1.40000000 -1.39896164 12.72096100
v 1.40000000 -1.39449625 12.72966080
v 1.55000000 -1.39449625 12.72966080
v 1.40000000 -1.38952332 12.73808060
v 1.55000000 -1.38952332 12.73808060
v 1.40000000 -1.38406029 12.74619141
v 1.55000000 -1.38406029 12.74619141
v 1.40000000 -1.37812643 12.75396423
v 1.55000000 -1.37174253 12.76137238
v 1.55000000 -1.37812643 12.75396423
v 1.40000000 -1.37174253 12.76137238
v 1.55000000 -1.36493092 12.76838837
v 1.40000000 -1.36493092 12.76838837
v 1.40000000 -1.35771561 12.77498932
v 1.55000000 -1.35771561 12.77498932
v 1.40000000 -1.35012207 12.78115082
v 1.55000000 -1.35012207 12.78115082
v 1.40000000 -1.34217672 12.78685226
v 1.55000000 -1.34217672 12.78685226
v 1.40000000 -1.33390760 12.79207230
v 1.55000000 -1.33390760 12.79207230
v 1.40000000 -1.32534380 12.79679337
v 1.55000000 -1.32534380 12.79679337
v 1.40000000 -1.31651535 12.80099945
v 1.55000000 -1.31651535 12.80099945
v 1.40000000 -1.30745325 12.80467377
v 1.55000000 -1.29818935 12.80780640
v 1.55000000 -1.30745325 12.80467377
v 1.40000000 -1.29818935 12.80780640
v 1.55000000 -1.28875618 12.81038361
v 1.40000000 -1.28875618 12.81038361
v 1.55000000 -1.27918692 12.81239777
v 1.40000000 -1.27918692 12.81239777
v 1.40000000 -1.26951504 12.81384125
v 1.55000000 -1.26951504 12.81384125
v 1.40000000 -1.25977468 12.81470947
v 1.55000000 -1.25977468 12.81470947
v 1.55000000 1.24022532 12.48528976
v 1.40000000 1.24022532 12.48528976
v 1.55000000 1.23048496 12.48615799
v 1.40000000 1.23048496 12.48615799
v 1.55000000 1.22081308 12.48760223
v 1.40000000 1.22081308 12.48760223
v 1.55000000 1.21124382 12.48961639
v 1.40000000 1.21124382 12.48961639
v 1.55000000 1.20181065 12.49219360
v 1.40000000 1.20181065 12.49219360
v 1.55000000 1.19254675 12.49532547
v 1.40000000 1.19254675 12.49532547
v 1.55000000 1.18348465 12.49900131
v 1.40000000 1.18348465 12.49900131
v 1.55000000 1.17465620 12.50320663
v 1.40000000 1.17465620 12.50320663
v 1.55000000 1.16609240 12.50792770
v 1.40000000 1.16609240 12.50792770
v 1.55000000 1.15782328 12.51314774
v 1.40000000 1.15782328 12.51314774
v 1.55000000 1.14987793 12.51884918
v 1.40000000 1.14987793 12.51884918
v 1.40000000 1.14228439 12.52501068
v 1.55000000 1.14228439 12.52501068
v 1.40000000 1.13506908 12.53161163
v 1.55000000 1.13506908 12.53161163
v 1.40000000 1.12825747 12.53862762
v 1.55000000 1.12825747 12.53862762
v 1.40000000 1.12187357 12.54603577
v 1.55000000 1.12187357 12.54603577
v 1.40000000 1.11593971 12.55380859
v 1.55000000 1.11593971 12.55380859
v 1.40000000 1.11047668 12.56191940
v 1.55000000 1.11047668 12.56191940
v 1.40000000 1.10550375 12.57033920
v 1.55000000 1.10550375 12.57033920
v 1.40000000 1.10103836 12.57903900
v 1.55000000 1.10103836 12.57903900
v 1.40000000 1.09709625 12.58798828
v 1.55000000 1.09709625 12.58798828
v 1.40000000 1.09369116 12.59715576
v 1.55000000 1.09369116 12.59715576
v 1.40000000 1.09083509 12.60650787
v 1.55000000 1.09083509 12.60650787
v 1.40000000 1.08853817 12.61601334
v 1.55000000 1.08853817 12.61601334
v 1.40000000 1.08680840 12.62563858
v 1.55000000 1.08680840 12.62563858
v 1.40000000 1.08565178 12.63534851
v 1.55000000 1.08565178 12.63534851
v 1.40000000 1.08507242 12.64511032
v 1.55000000 1.08507242 12.64511032
v 1.40000000 1.08507242 12.65488968
v 1.55000000 1.08507242 12.65488968
v 1.40000000 1.08565178 12.66465149
v 1.55000000 1.08680840 12.67436142
v 1.55000000 1.08565178 12.66465149
v 1.40000000 1.08680840 12.67436142
v 1.40000000 1.08853817 12.68398666
v 1.55000000 1.08853817 12.68398666
v 1.40000000 1.09083509 12.69349213
v 1.55000000 1.09083509 12.69349213
v 1.40000000 1.09369116 12.70284424
v 1.55000000 1.09369116 12.70284424
v 1.40000000 1.09709625 12.71201172
v 1.55000000 1.10103836 12.72096100
v 1.55000000 1.09709625 12.71201172
v 1.40000000 1.10103836 12.72096100
v 1.40000000 1.10550375 12.72966080
v 1.55000000 1.10550375 12.72966080
v 1.40000000 1.11047668 12.73808060
v 1.55000000 1.11047668 12.73808060
v 1.40000000 1.11593971 12.74619141
v 1.55000000 1.11593971 12.74619141
v 1.40000000 1.12187357 12.75396423
v 1.55000000 1.12825747 12.76137238
v 1.55000000 1.12187357 12.75396423
v 1.40000000 1.12825747 12.76137238
v 1.55000000 1.13506908 12.76838837
v 1.40000000 1.13506908 12.76838837
v 1.40000000 1.14228439 12.77498932
v 1.55000000 1.14228439 12.77498932
v 1.40000000 1.14987793 12.78115082
v 1.55000000 1.14987793 12.78115082
v 1.40000000 1.15782328 12.78685226
v 1.55000000 1.15782328 12.78685226
v 1.40000000 1.16609240 12.79207230
v 1.55000000 1.16609240 12.79207230
v 1.40000000 1.17465620 12.79679337
v 1.55000000 1.17465620 12.79679337
v 1.40000000 1.18348465 12.80099945
v 1.55000000 1.18348465 12.80099945
v 1.40000000 1.19254675 12.80467377
v 1.55000000 1.20181065 12.80780640
v 1.55000000 1.19254675 12.80467377
v 1.40000000 1.20181065 12.80780640
v 1.55000000 1.21124382 12.81038361
v 1.40000000 1.21124382 12.81038361
v 1.55000000 1.22081308 12.81239777
v 1.40000000 1.22081308 12.81239777
v 1.40000000 1.23048496 12.81384125
v 1.55000000 1.23048496 12.81384125
v 1.40000000 1.24022532 12.81470947
v 1.55000000 1.24022532 12.81470947
v 2.20000000 2.70000000 8.55000000
v 0.20000000 2.70000000 7.35000000
v 0.20000000 2.70000000 7.55000000
v 0.46666665 2.70000000 8.55000000
v 0.20000000 2.70000000 5.05000000
v 1.22792149 2.70000000 5.91086655
v 1.25574427 2.70000000 5.90837898
v 1.28337021 2.70000000 5.90424309
v 1.31070166 2.70000000 5.89847336
v 1.33764210 2.70000000 5.89109039
v 1.36409626 2.70000000 5.88211937
v 1.38997078 2.70000000 5.87159309
v 1.41517429 2.70000000 5.85954819
v 1.43961773 2.70000000 5.84602737
v 1.46321478 2.70000000 5.83107796
v 1.48588200 2.70000000 5.81475334
v 1.50753946 2.70000000 5.79711113
v 1.52811050 2.70000000 5.77821312
v 1.54752264 2.70000000 5.75812683
v 1.56570711 2.70000000 5.73692245
v 1.58259983 2.70000000 5.71467514
v 1.59814100 2.70000000 5.69146385
v 2.20000000 2.70000000 5.05000000
v 1.61227589 2.70000000 5.66737022
v 1.62495441 2.70000000 5.64247932
v 1.63613186 2.70000000 5.61687927
v 1.64576874 2.70000000 5.59066048
v 1.65383091 2.70000000 5.56391563
v 1.66029015 2.70000000 5.53673897
v 1.66512337 2.70000000 5.50922623
v 1.66831360 2.70000000 5.48147545
v 1.66984959 2.70000000 5.45358391
v 1.66972599 2.70000000 5.42565002
v 1.66794319 2.70000000 5.39777336
v 1.66450729 2.70000000 5.37005157
v 1.65943069 2.70000000 5.34258308
v 1.65273113 2.70000000 5.31546440
v 1.64443245 2.70000000 5.28879204
v 1.63456383 2.70000000 5.26265945
v 1.62316017 2.70000000 5.23715935
v 1.61026173 2.70000000 5.21238174
v 1.59591417 2.70000000 5.18841400
v 1.58016806 2.70000000 5.16534119
v 1.56307907 2.70000000 5.14324455
v 1.54470758 2.70000000 5.12220230
v 1.52511845 2.70000000 5.10228806
v 1.50438080 2.70000000 5.08357315
v 1.48256807 2.70000000 5.06612320
v 1.45975723 2.70000000 5.05000000
v 2.35680599 2.54319401 9.14955215
v 1.40000000 1.78461533 12.05000000
v 1.70000000 1.00000000 15.05000000
v 1.40000000 1.00000000 15.05000000
v 0.90000000 2.50000000 7.55000000
v 0.45980768 2.50000000 8.52427902
v 0.20000000 2.50000000 7.55000000
v 1.40000000 2.50000000 8.05000000
v 1.40000000 2.50000000 8.52427902
v 1.40000000 1.57788830 12.05000000
v 1.40000000 1.02915277 8.08213806
v 1.40000000 1.02502899 8.07793045
v 1.40000000 1.02066469 8.07397308
v 1.40000000 1.03302155 8.08658142
v 1.40000000 1.01607485 8.07027969
v 1.40000000 1.03662205 8.09124451
v 1.40000000 1.01127539 8.06686325
v 1.40000000 1.03994160 8.09611206
v 1.40000000 1.00628319 8.06373444
v 1.40000000 1.04296885 8.10116577
v 1.40000000 1.00111532 8.06090622
v 1.40000000 1.04569321 8.10638962
v 1.40000000 0.99578991 8.05838623
v 1.40000000 1.04810514 8.11176453
v 1.40000000 0.99032526 8.05618439
v 1.40000000 1.05019646 8.11727219
v 1.40000000 0.98474054 8.05430832
v 1.40000000 1.05195971 8.12289352
v 1.40000000 0.97905502 8.05276489
v 1.40000000 1.05338898 8.12860947
v 1.40000000 0.97328844 8.05155792
v 1.40000000 1.05447912 8.13439865
v 1.40000000 0.96746082 8.05069351
v 1.40000000 1.05522642 8.14024277
v 1.40000000 1.05562830 8.14612045
v 1.40000000 1.05568333 8.15201187
v 1.40000000 1.05539131 8.15789566
v 1.40000000 1.05475340 8.16375275
v 1.40000000 1.05377159 8.16956177
v 1.40000000 -2.50000000 8.05000000
v 1.40000000 -1.05475340 8.16375275
v 1.40000000 -1.05539131 8.15789566
v 1.40000000 -1.05568333 8.15201187
v 1.40000000 -1.05562830 8.14612045
v 1.40000000 -1.05522642 8.14024277
v 1.40000000 -1.05447912 8.13439865
v 1.40000000 -1.05338898 8.12860947
v 1.40000000 -1.05195971 8.12289352
v 1.40000000 -1.05019646 8.11727219
v 1.40000000 -1.04810514 8.11176453
v 1.40000000 -1.04569321 8.10638962
v 1.40000000 -1.04296885 8.10116577
v 1.40000000 -1.03994160 8.09611206
v 1.40000000 -1.03662205 8.09124451
v 1.40000000 -1.03302155 8.08658142
v 1.40000000 -1.02915277 8.08213806
v 1.40000000 -1.02502899 8.07793045
v 1.40000000 -1.02066469 8.07397308
v 1.40000000 -1.01607485 8.07027969
v 1.40000000 -1.01127539 8.06686325
v 1.40000000 -1.00628319 8.06373444
v 1.40000000 -1.00111532 8.06090622
v 1.40000000 -0.99578991 8.05838623
v 1.40000000 -0.99032526 8.05618439
v 1.40000000 -0.98474054 8.05430832
v 1.40000000 -0.97905502 8.05276489
v 1.40000000 -0.97328844 8.05155792
v 1.40000000 -0.96746082 8.05069351
v 1.40000000 -0.96159239 8.05017319
v 1.40000000 0.28518488 11.10684433
v 1.40000000 0.27911348 11.12371368
v 1.40000000 0.27204521 11.14019089
v 1.40000000 0.26400526 11.15621567
v 1.40000000 0.25502238 11.17173233
v 1.40000000 0.24512866 11.18668442
v 1.40000000 0.23435941 11.20101852
v 1.40000000 0.22275312 11.21468353
v 1.40000000 -2.50000000 8.52427902
v 1.40000000 -1.05244942 8.17530289
v 1.40000000 -1.05377159 8.16956177
v 1.40000000 0.21035123 11.22763138
v 1.40000000 0.19719805 11.23981476
v 1.40000000 0.18334054 11.25119095
v 1.40000000 0.16882820 11.26171951
v 1.40000000 -0.29023771 11.08964157
v 1.40000000 0.15371287 11.27136154
v 1.40000000 0.13804852 11.28008423
v 1.40000000 0.12189112 11.28785477
v 1.40000000 0.10529836 11.29464645
v 1.40000000 0.08832952 11.30043488
v 1.40000000 0.07104520 11.30519943
v 1.40000000 0.05350713 11.30892334
v 1.40000000 0.03577794 11.31159210
v 1.40000000 0.01792098 11.31319733
v 1.40000000 0.00000000 11.31373367
v 1.40000000 -1.57788830 12.05000000
v 1.40000000 -0.22275312 11.21468353
v 1.40000000 -0.23435941 11.20101852
v 1.40000000 -0.24512866 11.18668442
v 1.40000000 -0.25502238 11.17173233
v 1.40000000 -0.26400526 11.15621567
v 1.40000000 -0.27204521 11.14019089
v 1.40000000 -0.27911348 11.12371368
v 1.40000000 -0.28518488 11.10684433
v 1.40000000 -0.15371287 11.27136154
v 1.40000000 -0.16882820 11.26171951
v 1.40000000 -0.13804852 11.28008423
v 1.40000000 -0.12189112 11.28785477
v 1.40000000 -0.18334054 11.25119095
v 1.40000000 -0.10529836 11.29464645
v 1.40000000 -0.19719805 11.23981476
v 1.40000000 -0.08832952 11.30043488
v 1.40000000 -0.21035123 11.22763138
v 1.40000000 -0.07104520 11.30519943
v 1.40000000 -0.05350713 11.30892334
v 1.40000000 -0.03577794 11.31159210
v 1.40000000 -0.01792098 11.31319733
v 1.40000000 -1.78461533 12.05000000
v 1.40000000 -1.00000000 15.05000000
v 1.40000000 0.95570354 8.05000000
v 1.40000000 0.96159239 8.05017319
v 1.40000000 -0.95570354 8.05000000
v 0.90000000 -2.50000000 7.55000000
v 2.20000000 0.75000000 5.05000000
v 0.20000000 1.60000000 5.05000000
v 2.20000000 1.60000000 5.05000000
v 0.20000000 0.75000000 5.05000000
v 2.20000000 -1.60000000 5.05000000
v 0.20000000 -0.84326153 5.05000000
v 2.20000000 -0.84326153 5.05000000
v 0.20000000 -1.60000000 5.05000000
v 0.20000000 1.80000000 5.05000000
v 2.20000000 1.80000000 5.05000000
v 1.22292290 2.62237682 5.05000000
v 1.24583588 2.62437916 5.05000000
v 1.26852951 2.62764626 5.05000000
v 1.29090538 2.63210678 5.05000000
v 1.31301746 2.63767509 5.05000000
v 1.33488483 2.64427052 5.05000000
v 1.35653067 2.65181732 5.05000000
v 1.37790308 2.66020622 5.05000000
v 1.39890890 2.66930733 5.05000000
v 1.42631111 2.68237247 5.05000000
v 1.44313698 2.69102116 5.05000000
v -0.00000000 2.20937538 6.95048752
v -0.00000000 2.50000000 7.35000000
v -0.00000000 2.24121189 6.91921997
v -0.00000000 2.27113247 6.88611526
v -0.00000000 2.17573566 6.97980652
v -0.00000000 2.29903126 6.85128860
v -0.00000000 2.14041195 7.00707245
v -0.00000000 2.32480965 6.81486511
v -0.00000000 2.10352917 7.03218994
v -0.00000000 2.34837627 6.77697220
v -0.00000000 2.06521797 7.05506897
v -0.00000000 2.36964760 6.73774567
v -0.00000000 2.02561378 7.07562943
v -0.00000000 2.38854847 6.69732285
v -0.00000000 1.98485718 7.09379883
v -0.00000000 2.40501175 6.65584793
v -0.00000000 1.94309196 7.10951157
v -0.00000000 2.41897945 6.61346741
v -0.00000000 1.90046635 7.12271271
v -0.00000000 2.43040218 6.57033157
v -0.00000000 1.85713120 7.13335495
v -0.00000000 2.43923912 6.52659225
v -0.00000000 1.81323967 7.14140167
v -0.00000000 2.44545918 6.48240433
v -0.00000000 1.76894722 7.14682388
v -0.00000000 2.44904041 6.43792572
v -0.00000000 1.72441082 7.14960251
v -0.00000000 2.44997025 6.39331245
v -0.00000000 1.67978802 7.14972763
v -0.00000000 1.63523655 7.14719849
v -0.00000000 1.59091454 7.14202423
v -0.00000000 2.50000000 5.25000000
v -0.00000000 2.29088821 5.93810043
v -0.00000000 2.31731186 5.97405891
v -0.00000000 2.34155045 6.01152496
v -0.00000000 2.36351795 6.05036621
v -0.00000000 2.38313675 6.09044495
v -0.00000000 2.40033703 6.13161964
v -0.00000000 2.41505833 6.17374458
v -0.00000000 2.42724838 6.21667023
v -0.00000000 2.43686390 6.26024513
v -0.00000000 2.44387112 6.30431442
v -0.00000000 2.44824505 6.34872246
v -0.00000000 2.05347786 5.73852196
v -0.00000000 2.09219093 5.76071434
v -0.00000000 2.12951584 5.78516998
v -0.00000000 2.16532021 5.81180191
v -0.00000000 2.19947739 5.84051590
v -0.00000000 2.23186646 5.87121086
v -0.00000000 2.26237259 5.90377731
v -0.00000000 2.01351337 5.71867104
v -0.00000000 0.73364244 6.63117447
v -0.00000000 0.73117452 6.63364258
v -0.00000000 1.01312761 6.70117493
v -0.00000000 0.99643221 6.65979309
v -0.00000000 0.73596268 6.62856750
v -0.00000000 0.72856727 6.63596268
v -0.00000000 0.73812737 6.62582932
v -0.00000000 0.72582951 6.63812714
v -0.00000000 0.72297053 6.64012909
v -0.00000000 1.03225451 6.74149094
v -0.00000000 0.74012928 6.62297058
v -0.00000000 0.74196153 6.61999969
v -0.00000000 0.71999998 6.64196167
v -0.00000000 0.71692796 6.64361801
v -0.00000000 0.74361796 6.61692810
v -0.00000000 0.98222733 6.61749115
v -0.00000000 0.71376476 6.64509277
v -0.00000000 1.05374527 6.78059769
v -0.00000000 0.74509296 6.61376495
v -0.00000000 0.71052122 6.64638138
v -0.00000000 0.74638157 6.61052094
v -0.00000000 0.70720820 6.64747925
v -0.00000000 0.74747939 6.60720825
v -0.00000000 0.70383697 6.64838257
v -0.00000000 1.07752371 6.81835785
v -0.00000000 0.74838271 6.60383682
v -0.00000000 0.97056332 6.57441940
v -0.00000000 0.70041890 6.64908829
v -0.00000000 0.74908848 6.60041885
v -0.00000000 0.69696555 6.64959412
v -0.00000000 0.74959431 6.59696579
v -0.00000000 0.74989848 6.59348831
v -0.00000000 0.69348869 6.64989853
v -0.00000000 1.10350561 6.85463638
v -0.00000000 0.69000001 6.65000000
v -0.00000000 1.13159904 6.88930588
v -0.00000000 0.75000000 6.59000015
v -0.00000000 0.96148148 6.53073044
v -0.00000000 0.95501394 6.48657837
v -0.00000000 0.95118370 6.44212036
v -0.00000000 0.95000410 6.39751282
v -0.00000000 0.95147953 6.35291405
v -0.00000000 0.95560465 6.30848236
v -0.00000000 1.58963833 5.63966484
v -0.00000000 1.57754259 5.65276299
v -0.00000000 1.58026600 5.65044174
v -0.00000000 1.58284616 5.64796219
v -0.00000000 1.58527393 5.64533310
v -0.00000000 1.58754072 5.64256401
v -0.00000000 1.59155931 5.63664589
v -0.00000000 1.57468567 5.65491791
v -0.00000000 0.96236486 6.26437416
v -0.00000000 1.56213198 5.66172867
v -0.00000000 1.56541729 5.66030998
v -0.00000000 1.56861219 5.65869827
v -0.00000000 1.59619799 5.62697830
v -0.00000000 1.59329700 5.63351746
v -0.00000000 1.59484501 5.63029099
v -0.00000000 1.55876799 5.66294899
v -0.00000000 1.57170534 5.65689850
v -0.00000000 1.59735107 5.62359085
v -0.00000000 1.55185184 5.66477737
v -0.00000000 1.55533724 5.66396637
v -0.00000000 1.59904184 5.61663971
v -0.00000000 1.59830017 5.62014046
v -0.00000000 1.59957352 5.61310081
v -0.00000000 1.60000000 5.60595970
v -0.00000000 1.59989328 5.60953674
v -0.00000000 0.97173624 6.22074623
v -0.00000000 1.50838966 5.67488937
v -0.00000000 1.46560564 5.68756790
v -0.00000000 1.80000000 5.25000000
v -0.00000000 1.80000000 5.65669670
v -0.00000000 1.84402809 5.66395912
v -0.00000000 1.88754616 5.67382774
v -0.00000000 1.93040047 5.68626633
v -0.00000000 1.97243919 5.70123177
v -0.00000000 -0.05651591 7.03134155
v -0.00000000 1.22751913 6.98246155
v -0.00000000 1.19371576 6.95333176
v -0.00000000 -0.05900622 7.03381195
v -0.00000000 -0.05417424 7.02873001
v -0.00000000 -0.06163664 7.03613281
v -0.00000000 1.26299505 7.00952988
v -0.00000000 -0.05198921 7.02598572
v -0.00000000 1.16170464 6.92224350
v -0.00000000 -0.06439820 7.03829575
v -0.00000000 1.30001793 7.03443985
v -0.00000000 -0.04996828 7.02311859
v -0.00000000 -0.06728144 7.04029388
v -0.00000000 -0.04811836 7.02013779
v -0.00000000 -0.07027653 7.04212036
v -0.00000000 1.33845663 7.05710449
v -0.00000000 -0.04644578 7.01705475
v -0.00000000 -0.07337320 7.04376831
v -0.00000000 1.37817526 7.07744293
v -0.00000000 -0.04495626 7.01387863
v -0.00000000 -0.07656090 7.04523239
v -0.00000000 -0.04365488 7.01062088
v -0.00000000 -0.07982870 7.04650803
v -0.00000000 1.41903315 7.09538269
v -0.00000000 -0.04254609 7.00729294
v -0.00000000 -0.08316546 7.04758987
v -0.00000000 1.46088562 7.11086197
v -0.00000000 -0.04163369 7.00390625
v -0.00000000 -0.08655976 7.04847565
v -0.00000000 1.50358448 7.12382355
v -0.00000000 -0.04092079 7.00047150
v -0.00000000 -0.09000000 7.04916077
v -0.00000000 1.54697866 7.13422394
v -0.00000000 -0.04040982 6.99700089
v -0.00000000 -0.04010254 6.99350662
v -0.00000000 -0.04000000 6.99000015
v -0.00000000 1.60000000 5.25000000
v -0.00000000 1.38267555 5.72043762
v -0.00000000 1.42365150 5.70276871
v -0.00000000 -0.04000000 6.65000000
v -0.00000000 -0.65706887 7.03191528
v -0.00000000 -0.12099378 7.03381195
v -0.00000000 -0.12348409 7.03134155
v -0.00000000 -0.65963712 7.03439407
v -0.00000000 -0.11836336 7.03613281
v -0.00000000 -0.65465255 7.02928848
v -0.00000000 -0.12582576 7.02873001
v -0.00000000 -0.66234822 7.03671570
v -0.00000000 -0.11560180 7.03829575
v -0.00000000 -0.65239673 7.02652283
v -0.00000000 -0.12801080 7.02598572
v -0.00000000 -0.66519251 7.03887177
v -0.00000000 -0.11271856 7.04029388
v -0.00000000 -0.65030928 7.02362823
v -0.00000000 -0.13003172 7.02311859
v -0.00000000 -0.66815996 7.04085464
v -0.00000000 -0.10972347 7.04212036
v -0.00000000 -0.64839773 7.02061386
v -0.00000000 -0.13188164 7.02013779
v -0.00000000 -0.67124014 7.04265823
v -0.00000000 -0.10662680 7.04376831
v -0.00000000 -0.64666872 7.01749115
v -0.00000000 -0.13355422 7.01705475
v -0.00000000 -0.67442203 7.04427490
v -0.00000000 -0.10343910 7.04523239
v -0.00000000 -0.64512844 7.01427155
v -0.00000000 -0.13504374 7.01387863
v -0.00000000 -0.67769446 7.04570007
v -0.00000000 -0.10017129 7.04650803
v -0.00000000 -0.64378238 7.01096573
v -0.00000000 -0.13634512 7.01062088
v -0.00000000 -0.68104582 7.04692764
v -0.00000000 -0.09683453 7.04758987
v -0.00000000 -0.64263520 7.00758667
v -0.00000000 -0.13745391 7.00729294
v -0.00000000 -0.68446422 7.04795380
v -0.00000000 -0.09344024 7.04847565
v -0.00000000 -0.64169102 7.00414429
v -0.00000000 -0.13836632 7.00390625
v -0.00000000 -0.68793759 7.04877472
v -0.00000000 -0.64095316 7.00065231
v -0.00000000 -0.13907921 7.00047150
v -0.00000000 -0.69145370 7.04938812
v -0.00000000 -0.64042425 6.99712219
v -0.00000000 -0.13959018 6.99700089
v -0.00000000 -0.69499998 7.04979095
v -0.00000000 -0.64010615 6.99356766
v -0.00000000 -0.13989745 6.99350662
v -0.00000000 -0.64000001 6.99000015
v -0.00000000 -0.14000000 6.99000015
v -0.00000000 -0.64000001 6.65000000
v -0.00000000 0.75000000 5.25000000
v -0.00000000 0.99817076 6.13554649
v -0.00000000 1.01514034 6.09427605
v -0.00000000 1.03453417 6.05408783
v -0.00000000 1.05628386 6.01512413
v -0.00000000 1.08031216 5.97752266
v -0.00000000 1.10653410 5.94141693
v -0.00000000 1.13485699 5.90693474
v -0.00000000 1.16518030 5.87419777
v -0.00000000 1.19739695 5.84332237
v -0.00000000 1.23139277 5.81441727
v -0.00000000 1.26704741 5.78758507
v -0.00000000 1.30423470 5.76292076
v -0.00000000 1.34282293 5.74051208
v -0.00000000 -1.15878820 6.91921997
v -0.00000000 -0.74487152 7.01427155
v -0.00000000 -0.74621763 7.01096573
v -0.00000000 -0.74736481 7.00758667
v -0.00000000 -0.74830899 7.00414429
v -0.00000000 -1.19062471 6.95048752
v -0.00000000 -0.73969073 7.02362823
v -0.00000000 -0.74160228 7.02061386
v -0.00000000 -0.74333129 7.01749115
v -0.00000000 -1.12886753 6.88611526
v -0.00000000 -0.74904685 7.00065231
v -0.00000000 -0.74957576 6.99712219
v -0.00000000 -0.74989386 6.99356766
v -0.00000000 -0.75000000 6.99000015
v -0.00000000 -1.22426434 6.97980652
v -0.00000000 -0.73293109 7.03191528
v -0.00000000 -0.73534741 7.02928848
v -0.00000000 -0.73760328 7.02652283
v -0.00000000 -1.10096865 6.85128860
v -0.00000000 -1.25958805 7.00707245
v -0.00000000 -0.72765179 7.03671570
v -0.00000000 -0.73036284 7.03439407
v -0.00000000 -1.07519035 6.81486511
v -0.00000000 -1.29647083 7.03218994
v -0.00000000 -0.72184000 7.04085464
v -0.00000000 -0.72480750 7.03887177
v -0.00000000 -1.05162373 6.77697220
v -0.00000000 -1.33478203 7.05506897
v -0.00000000 -0.71557798 7.04427490
v -0.00000000 -0.71875987 7.04265823
v -0.00000000 -1.03035240 6.73774567
v -0.00000000 -1.37438612 7.07562943
v -0.00000000 -0.70895419 7.04692764
v -0.00000000 -0.71230555 7.04570007
v -0.00000000 -1.01145163 6.69732285
v -0.00000000 -1.41514282 7.09379883
v -0.00000000 -0.70206242 7.04877472
v -0.00000000 -0.70553579 7.04795380
v -0.00000000 -1.45690794 7.10951157
v -0.00000000 -0.69854631 7.04938812
v -0.00000000 -1.49953365 7.12271271
v -0.00000000 -1.54286890 7.13335495
v -0.00000000 -1.58676043 7.14140167
v -0.00000000 -2.50000000 7.35000000
v -0.00000000 -1.63105278 7.14682388
v -0.00000000 -1.67558918 7.14960251
v -0.00000000 -1.72021198 7.14972763
v -0.00000000 -1.76476345 7.14719849
v -0.00000000 -1.80908546 7.14202423
v -0.00000000 -1.85302124 7.13422394
v -0.00000000 -1.89641552 7.12382355
v -0.00000000 -1.93911438 7.11086197
v -0.00000000 -1.98096695 7.09538269
v -0.00000000 -2.02182465 7.07744293
v -0.00000000 -2.06154327 7.05710449
v -0.00000000 -2.09998207 7.03443985
v -0.00000000 -2.13700504 7.00952988
v -0.00000000 -2.17248077 6.98246155
v -0.00000000 -0.75000000 5.53284264
v -0.00000000 -1.10911188 5.93810043
v -0.00000000 -1.08268805 5.97405891
v -0.00000000 -1.05844946 6.01152496
v -0.00000000 -1.03648205 6.05036621
v -0.00000000 -1.01686335 6.09044495
v -0.00000000 -0.99966288 6.13161964
v -0.00000000 -0.98494158 6.17374458
v -0.00000000 -0.97275162 6.21667023
v -0.00000000 -0.60832472 5.38298798
v -0.00000000 -0.14000000 5.25000000
v -0.00000000 -0.40496874 5.25000000
v -0.00000000 -1.13762732 5.90377731
v -0.00000000 -2.20628414 6.95333176
v -0.00000000 -1.16813364 5.87121086
v -0.00000000 -2.23829536 6.92224350
v -0.00000000 -1.20052261 5.84051590
v -0.00000000 -2.26840096 6.88930588
v -0.00000000 -1.23467979 5.81180191
v -0.00000000 -2.29649448 6.85463638
v -0.00000000 -1.27048416 5.78516998
v -0.00000000 -2.32247639 6.81835785
v -0.00000000 -2.34625473 6.78059769
v -0.00000000 -0.84326153 5.25000000
v -0.00000000 -1.30780897 5.76071434
v -0.00000000 -1.34652214 5.73852196
v -0.00000000 -2.36774540 6.74149094
v -0.00000000 -1.38648653 5.71867104
v -0.00000000 -2.38687229 6.70117493
v -0.00000000 -2.40356789 6.65979309
v -0.00000000 -2.41777267 6.61749115
v -0.00000000 -2.42943668 6.57441940
v -0.00000000 -2.43851852 6.53073044
v -0.00000000 -2.44498596 6.48657837
v -0.00000000 -1.81036167 5.63966484
v -0.00000000 -1.81715374 5.64796219
v -0.00000000 -1.81472607 5.64533310
v -0.00000000 -1.81245937 5.64256401
v -0.00000000 -1.83458271 5.66030998
v -0.00000000 -1.83138771 5.65869827
v -0.00000000 -1.82829475 5.65689850
v -0.00000000 -1.82531433 5.65491791
v -0.00000000 -1.82245731 5.65276299
v -0.00000000 -1.81973400 5.65044174
v -0.00000000 -1.80264893 5.62359085
v -0.00000000 -1.80844059 5.63664589
v -0.00000000 -1.80670300 5.63351746
v -0.00000000 -1.80515499 5.63029099
v -0.00000000 -1.80380192 5.62697830
v -0.00000000 -1.84466286 5.66396637
v -0.00000000 -1.84123211 5.66294899
v -0.00000000 -1.83786793 5.66172867
v -0.00000000 -1.84814816 5.66477737
v -0.00000000 -1.80095806 5.61663971
v -0.00000000 -1.80169983 5.62014046
v -0.00000000 -1.80042648 5.61310081
v -0.00000000 -1.80000000 5.60595970
v -0.00000000 -1.80010662 5.60953674
v -0.00000000 -1.89161034 5.67488937
v -0.00000000 -1.93439426 5.68756790
v -0.00000000 -1.60000000 5.25000000
v -0.00000000 -1.60000000 5.65669670
v -0.00000000 -1.55597200 5.66395912
v -0.00000000 -1.51245375 5.67382774
v -0.00000000 -1.46959953 5.68626633
v -0.00000000 -1.42756081 5.70123177
v -0.00000000 -1.80000000 5.25000000
v -0.00000000 -2.01732445 5.72043762
v -0.00000000 -1.97634850 5.70276871
v -0.00000000 -2.50000000 5.25000000
v -0.00000000 -2.44439545 6.30848236
v -0.00000000 -2.43763523 6.26437416
v -0.00000000 -2.42826385 6.22074623
v -0.00000000 -2.41631432 6.17775307
v -0.00000000 -2.40182934 6.13554649
v -0.00000000 -2.38485966 6.09427605
v -0.00000000 -2.36546574 6.05408783
v -0.00000000 -2.34371624 6.01512413
v -0.00000000 -2.31968784 5.97752266
v -0.00000000 -2.29346581 5.94141693
v -0.00000000 -2.26514301 5.90693474
v -0.00000000 -2.23481960 5.87419777
v -0.00000000 -2.20260296 5.84332237
v -0.00000000 -2.16860733 5.81441727
v -0.00000000 -2.13295269 5.78758507
v -0.00000000 -2.09576530 5.76292076
v -0.00000000 -2.05717716 5.74051208
v -0.00000000 -0.95002985 6.39331245
v -0.00000000 -0.95175495 6.34872246
v -0.00000000 -0.95612888 6.30431442
v -0.00000000 -0.96313601 6.26024513
v -0.00000000 -0.95095949 6.43792572
v -0.00000000 -0.95454073 6.48240433
v -0.00000000 -0.96076088 6.52659225
v -0.00000000 -0.96959791 6.57033157
v -0.00000000 -0.98102045 6.61346741
v -0.00000000 -0.99498816 6.65584793
v -0.00000000 -2.44999580 6.39751282
v -0.00000000 -2.44881630 6.44212036
v -0.00000000 -2.44852047 6.35291405
v -0.00000000 0.98368559 6.17775307
v 0.20000000 -2.50000000 7.55000000
v 0.20000000 -2.70000000 5.05000000
v 2.20000000 -2.70000000 5.05000000
v 1.48256807 -2.70000000 5.06612320
v 1.45975723 -2.70000000 5.05000000
v 1.50438080 -2.70000000 5.08357315
v 1.52511845 -2.70000000 5.10228806
v 1.54470758 -2.70000000 5.12220230
v 1.56307907 -2.70000000 5.14324455
v 1.58016806 -2.70000000 5.16534119
v 1.59591417 -2.70000000 5.18841400
v 1.61026173 -2.70000000 5.21238174
v 1.62316017 -2.70000000 5.23715935
v 1.63456383 -2.70000000 5.26265945
v 1.64443245 -2.70000000 5.28879204
v 1.65273113 -2.70000000 5.31546440
v 1.65943069 -2.70000000 5.34258308
v 1.66450729 -2.70000000 5.37005157
v 1.66794319 -2.70000000 5.39777336
v 1.66972599 -2.70000000 5.42565002
v 1.66984959 -2.70000000 5.45358391
v 1.66831360 -2.70000000 5.48147545
v 1.66512337 -2.70000000 5.50922623
v 1.66029015 -2.70000000 5.53673897
v 1.65383091 -2.70000000 5.56391563
v 1.64576874 -2.70000000 5.59066048
v 1.63613186 -2.70000000 5.61687927
v 1.62495441 -2.70000000 5.64247932
v 1.61227589 -2.70000000 5.66737022
v 1.59814100 -2.70000000 5.69146385
v 0.20000000 -2.70000000 7.35000000
v 1.28337021 -2.70000000 5.90424309
v 1.31070166 -2.70000000 5.89847336
v 1.25574427 -2.70000000 5.90837898
v 1.22792149 -2.70000000 5.91086655
v 2.20000000 -2.70000000 8.55000000
v 1.58259983 -2.70000000 5.71467514
v 1.56570711 -2.70000000 5.73692245
v 1.54752264 -2.70000000 5.75812683
v 1.52811050 -2.70000000 5.77821312
v 1.50753946 -2.70000000 5.79711113
v 1.48588200 -2.70000000 5.81475334
v 1.46321478 -2.70000000 5.83107796
v 1.43961773 -2.70000000 5.84602737
v 1.41517429 -2.70000000 5.85954819
v 1.38997078 -2.70000000 5.87159309
v 1.36409626 -2.70000000 5.88211937
v 1.33764210 -2.70000000 5.89109039
v 0.20000000 -2.70000057 7.55000000
v 0.46666665 -2.70000000 8.55000000
v 0.20000000 -1.80000000 5.05000000
v 2.20000000 -1.80000000 5.05000000
v 1.34746733 -2.64853764 5.05000000
v 1.32572908 -2.64138050 5.05000000
v 1.29900589 -2.63401508 5.05000000
v 1.27463179 -2.62874317 5.05000000
v 1.25238857 -2.62519112 5.05000000
v 1.22988071 -2.62284698 5.05000000
v 1.21492701 -2.62198677 5.05000000
v 1.38213654 -2.66197357 5.05000000
v 1.41951838 -2.67901325 5.05000000
v 1.26378641 1.59442558 5.65746880
v 1.26633253 1.60000000 5.65669670
v 1.26103992 1.58896217 5.65826797
v 1.25873499 1.58477106 5.65890846
v 1.25628710 1.58067226 5.65955811
v 1.25368767 1.57667665 5.66021271
v 1.25092802 1.57279453 5.66086960
v 1.24799957 1.56903677 5.66152458
v 1.24489346 1.56541386 5.66217499
v 1.24160128 1.56193638 5.66281738
v 1.23822203 1.55872097 5.66342697
v 1.23529243 1.55621176 5.66391258
v 1.23201132 1.55369253 5.66440926
v 1.22888203 1.55156136 5.66483612
v 1.22590065 1.54976435 5.66520119
v 1.22280893 1.54812899 5.66553764
v 1.21993437 1.54681206 5.66581078
v 1.21698627 1.54566088 5.66605148
v 1.21397667 1.54468307 5.66625748
v 1.21116352 1.54394293 5.66641464
v 1.20835438 1.54336796 5.66653709
v 1.20556231 1.54295807 5.66662521
v 1.20282288 1.54271345 5.66667786
v 1.20334921 1.85725136 5.66667023
v 1.20167665 1.85734196 5.66669006
v 1.20607395 1.85697651 5.66661072
v 1.20877628 1.85655003 5.66651917
v 1.21171303 1.85591373 5.66638298
v 1.21461277 1.85510807 5.66621208
v 1.21743612 1.85415249 5.66601105
v 1.22028885 1.85301151 5.66577263
v 1.22338791 1.85156498 5.66547356
v 1.22640305 1.84994049 5.66514053
v 1.22932396 1.84814816 5.66477737
v 1.26378641 -1.80557442 5.65746880
v 1.26633253 -1.80000000 5.65669670
v 1.26103992 -1.81103783 5.65826797
v 1.25873499 -1.81522903 5.65890846
v 1.25628710 -1.81932774 5.65955811
v 1.25368767 -1.82332344 5.66021271
v 1.25092802 -1.82720547 5.66086960
v 1.24799957 -1.83096333 5.66152458
v 1.24489346 -1.83458614 5.66217499
v 1.24160128 -1.83806362 5.66281738
v 1.23822203 -1.84127903 5.66342697
v 1.23529243 -1.84378815 5.66391258
v 1.23201132 -1.84630737 5.66440926
v 1.22888203 -1.84843864 5.66483612
v 1.22590065 -1.85023575 5.66520119
v 1.22280893 -1.85187111 5.66553764
v 1.21993437 -1.85318794 5.66581078
v 1.21698627 -1.85433903 5.66605148
v 1.21397667 -1.85531693 5.66625748
v 1.21116352 -1.85605698 5.66641464
v 1.20835438 -1.85663204 5.66653709
v 1.20556231 -1.85704193 5.66662521
v 1.20282288 -1.85728645 5.66667786
v 1.20334921 -1.54274874 5.66667023
v 1.20167665 -1.54265814 5.66669006
v 1.20607395 -1.54302349 5.66661072
v 1.20877628 -1.54344997 5.66651917
v 1.21171303 -1.54408627 5.66638298
v 1.21461277 -1.54489193 5.66621208
v 1.21743612 -1.54584751 5.66601105
v 1.22028885 -1.54698849 5.66577263
v 1.22338791 -1.54843502 5.66547356
v 1.22640305 -1.55005960 5.66514053
v 1.22932396 -1.55185184 5.66477737
v 1.70000000 -1.00000000 15.05000000
v 2.35680599 -2.54319401 9.14955215
v 2.14084568 -0.29023771 11.08964157
v 0.78142104 0.75000000 5.44169655
v 0.99071054 0.75000000 5.07919655
v 0.99071054 0.75000000 5.80419655
v 1.61857891 0.75000000 5.44169655
v 1.40928946 0.75000000 5.07919655
v 1.40928946 0.75000000 5.80419655
v 0.28284271 -0.75000000 5.25000000
v 1.21323957 -0.75000000 5.66630669
v 1.22643318 -0.75000000 5.66513863
v 1.23953524 -0.75000000 5.66319580
v 1.25250025 -0.75000000 5.66048584
v 1.26528339 -0.75000000 5.65701752
v 1.27784023 -0.75000000 5.65280304
v 1.29012737 -0.75000000 5.64785690
v 1.30210218 -0.75000000 5.64219627
v 1.31372318 -0.75000000 5.63584099
v 1.32495003 -0.75000000 5.62881279
v 1.33574390 -0.75000000 5.62113609
v 1.34606733 -0.75000000 5.61283798
v 2.11715736 -0.75000000 5.25000000
v 1.31780252 -0.75000000 5.25000000
v 1.32887821 -0.75000000 5.25726395
v 1.33950739 -0.75000000 5.26516685
v 1.34965305 -0.75000000 5.27368164
v 1.35928020 -0.75000000 5.28277893
v 1.36835527 -0.75000000 5.29242668
v 1.37684698 -0.75000000 5.30259171
v 1.38472576 -0.75000000 5.31323891
v 1.39196444 -0.75000000 5.32433128
v 1.39853792 -0.75000000 5.33583031
v 1.40442333 -0.75000000 5.34769592
v 1.40960035 -0.75000000 5.35988770
v 1.41405096 -0.75000000 5.37236290
v 1.41775990 -0.75000000 5.38507805
v 1.42071409 -0.75000000 5.39798965
v 1.42290344 -0.75000000 5.41105270
v 1.42432041 -0.75000000 5.42422218
v 1.42495995 -0.75000000 5.43745193
v 1.42481995 -0.75000000 5.45069656
v 1.42390079 -0.75000000 5.46390991
v 1.42220573 -0.75000000 5.47704620
v 1.41974068 -0.75000000 5.49006004
v 1.41651411 -0.75000000 5.50290642
v 1.41253719 -0.75000000 5.51554031
v 1.40782385 -0.75000000 5.52791862
v 1.40239019 -0.75000000 5.53999825
v 1.39625521 -0.75000000 5.55173683
v 1.38944016 -0.75000000 5.56309433
v 1.38196850 -0.75000000 5.57403107
v 1.37386637 -0.75000000 5.58450928
v 1.36516161 -0.75000000 5.59449272
v 1.35588455 -0.75000000 5.60394630
v 0.13305027 -0.60499845 5.24993744
v 1.34347200 -0.61412549 5.61501923
v 1.35109692 -0.61396036 5.60841408
v 1.33566952 -0.61427979 5.62119255
v 1.32772179 -0.61442332 5.62693214
v 1.31965990 -0.61455598 5.63223915
v 1.31151400 -0.61467795 5.63711815
v 1.30331278 -0.61478939 5.64157524
v 1.29508333 -0.61489048 5.64561844
v 1.28685093 -0.61498146 5.64925842
v 1.27863941 -0.61506267 5.65250664
v 1.27047033 -0.61513438 5.65537605
v 1.26236372 -0.61519704 5.65788116
v 1.25433741 -0.61525092 5.66003685
v 1.24640770 -0.61529646 5.66185875
v 1.23858881 -0.61533408 5.66336288
v 1.23089342 -0.61536412 5.66456566
v 1.22333241 -0.61538711 5.66548347
v 1.21591511 -0.61540332 5.66613312
v 1.20785980 -0.61541400 5.66655922
v 1.35851154 -0.61378450 5.60138092
v 1.36568270 -0.61359820 5.59392738
v 1.37257719 -0.61340160 5.58606453
v 1.37916250 -0.61319513 5.57780609
v 1.40638676 -0.61203260 5.53130417
v 1.41050501 -0.61177874 5.52114868
v 1.40179482 -0.61228037 5.54121475
v 1.39675074 -0.61252122 5.55084839
v 1.39127903 -0.61275439 5.56017570
v 1.38540668 -0.61297922 5.56916962
v 2.26694965 -0.60499845 5.24993744
v 1.32894478 -0.60518274 5.25731049
v 1.31770077 -0.60499845 5.24993744
v 1.33907280 -0.60537062 5.26482430
v 1.34813175 -0.60555849 5.27233887
v 1.35707378 -0.60576496 5.28059769
v 1.36582994 -0.60599065 5.28962593
v 1.37432404 -0.60623608 5.29944267
v 1.38247328 -0.60650148 5.31005898
v 1.38943939 -0.60675745 5.32029762
v 1.39535246 -0.60700154 5.33006134
v 1.40087461 -0.60725837 5.34033394
v 1.40595388 -0.60752745 5.35109863
v 1.41053820 -0.60780830 5.36233253
v 1.41457634 -0.60810018 5.37400627
v 1.41801882 -0.60840211 5.38608360
v 1.42081881 -0.60871305 5.39852180
v 1.42293348 -0.60903177 5.41127167
v 1.42432480 -0.60935698 5.42427826
v 1.42496052 -0.60968699 5.43748055
v 1.42481527 -0.61002035 5.45081329
v 1.42387114 -0.61035519 5.46420746
v 1.42211847 -0.61068978 5.47759094
v 1.41984863 -0.61098919 5.48956680
v 1.41724939 -0.61125607 5.50024300
v 1.41413097 -0.61151958 5.51078300
v 0.20000000 -0.14000000 5.05000000
v 0.27023332 -0.50560894 5.05000000
v 0.20000000 -0.39996874 5.05000000
v 2.12976665 -0.50560894 5.05000000
v 2.20000000 -0.14000000 5.05000000
v 2.20000000 -0.39996874 5.05000000
v 0.78142104 -0.14000000 5.44169655
v 0.99071054 -0.14000000 5.07919655
v 0.99071054 -0.14000000 5.80419655
v 1.40928946 -0.14000000 5.07919655
v 1.61857891 -0.14000000 5.44169655
v 1.40928946 -0.14000000 5.80419655
v 1.42491169 -1.80000000 5.44799957
v 1.42414446 -1.80000000 5.46129913
v 1.42259150 -1.80000000 5.47452965
v 1.42025833 -1.80000000 5.48764534
v 1.41715298 -1.80000000 5.50059967
v 1.41328650 -1.80000000 5.51334763
v 1.40867224 -1.80000000 5.52584457
v 1.40332661 -1.80000000 5.53804665
v 1.39726810 -1.80000000 5.54991074
v 1.39051819 -1.80000000 5.56139526
v 1.38310041 -1.80000000 5.57246056
v 1.37504082 -1.80000000 5.58306732
v 1.36636753 -1.80000000 5.59317856
v 1.35711117 -1.80000000 5.60275879
v 1.34730396 -1.80000000 5.61177444
v 1.33698044 -1.80000000 5.62019386
v 1.32617674 -1.80000000 5.62798767
v 1.31493073 -1.80000000 5.63512840
v 1.30328188 -1.80000000 5.64159126
v 1.29127092 -1.80000000 5.64735298
v 1.27894011 -1.80000000 5.65239410
v 1.21331568 -1.80000000 5.21709099
v 1.22658463 -1.80000000 5.21827278
v 1.23976040 -1.80000000 5.22023735
v 1.25279684 -1.80000000 5.22297859
v 1.26564817 -1.80000000 5.22648659
v 1.27826939 -1.80000000 5.23074875
v 1.29061623 -1.80000000 5.23575058
v 1.30264549 -1.80000000 5.24147453
v 1.31431484 -1.80000000 5.24790001
v 1.32558346 -1.80000000 5.25500488
v 1.33641195 -1.80000000 5.26276436
v 1.34676218 -1.80000000 5.27115059
v 1.35659800 -1.80000000 5.28013535
v 1.36588478 -1.80000000 5.28968582
v 1.37459011 -1.80000000 5.29976959
v 1.38268347 -1.80000000 5.31035080
v 1.39013643 -1.80000000 5.32139206
v 1.39692287 -1.80000000 5.33285561
v 1.40301905 -1.80000000 5.34470024
v 1.40840349 -1.80000000 5.35688515
v 1.41305742 -1.80000000 5.36936722
v 1.41696453 -1.80000000 5.38210297
v 1.42011099 -1.80000000 5.39504738
v 1.42248592 -1.80000000 5.40815544
v 1.42408094 -1.80000000 5.42138138
v 1.42489052 -1.80000000 5.43467827
v 1.42480240 -1.60000000 5.45112495
v 1.42496433 -1.60000000 5.43768883
v 1.42432384 -1.60000000 5.42426682
v 1.42288332 -1.60000000 5.41090698
v 1.42064791 -1.60000000 5.39765663
v 1.41762552 -1.60000000 5.38456383
v 1.41382685 -1.60000000 5.37167473
v 1.40926561 -1.60000000 5.35903511
v 1.40395803 -1.60000000 5.34669075
v 1.39792299 -1.60000000 5.33468475
v 1.39118195 -1.60000000 5.32306061
v 1.38375912 -1.60000000 5.31185989
v 1.37568083 -1.60000000 5.30112190
v 1.36697607 -1.60000000 5.29088554
v 1.35767565 -1.60000000 5.28118668
v 1.34781294 -1.60000000 5.27206078
v 1.33742294 -1.60000000 5.26353951
v 1.32654285 -1.60000000 5.25565376
v 1.31521149 -1.60000000 5.24843178
v 1.30346918 -1.60000000 5.24189873
v 1.29135780 -1.60000000 5.23607864
v 1.27892056 -1.60000000 5.23099174
v 1.26620188 -1.60000000 5.22665634
v 1.25324707 -1.60000000 5.22308807
v 1.24010239 -1.60000000 5.22029915
v 1.22681465 -1.60000000 5.21830025
v 1.21343126 -1.60000000 5.21709785
v 1.35376158 -1.60000000 5.60595970
v 1.36329298 -1.60000000 5.59648819
v 1.37224197 -1.60000000 5.58646431
v 1.38057671 -1.60000000 5.57592430
v 1.38826733 -1.60000000 5.56490555
v 1.39528646 -1.60000000 5.55344696
v 1.40160913 -1.60000000 5.54159012
v 1.40721273 -1.60000000 5.52937737
v 1.41207724 -1.60000000 5.51685143
v 1.41618538 -1.60000000 5.50405731
v 1.41952248 -1.60000000 5.49104118
v 1.42207661 -1.60000000 5.47784882
v 1.42383862 -1.60000000 5.46452751
v 1.42480240 1.80000000 5.45112495
v 1.42496433 1.80000000 5.43768883
v 1.42432384 1.80000000 5.42426682
v 1.42288332 1.80000000 5.41090698
v 1.42064791 1.80000000 5.39765663
v 1.41762552 1.80000000 5.38456383
v 1.41382685 1.80000000 5.37167473
v 1.40926561 1.80000000 5.35903511
v 1.40395803 1.80000000 5.34669075
v 1.39792299 1.80000000 5.33468475
v 1.39118195 1.80000000 5.32306061
v 1.38375912 1.80000000 5.31185989
v 1.37568083 1.80000000 5.30112190
v 1.36697607 1.80000000 5.29088554
v 1.35767565 1.80000000 5.28118668
v 1.34781294 1.80000000 5.27206078
v 1.33742294 1.80000000 5.26353951
v 1.32654285 1.80000000 5.25565376
v 1.31521149 1.80000000 5.24843178
v 1.30346918 1.80000000 5.24189873
v 1.29135780 1.80000000 5.23607864
v 1.27892056 1.80000000 5.23099174
v 1.26620188 1.80000000 5.22665634
v 1.25324707 1.80000000 5.22308807
v 1.24010239 1.80000000 5.22029915
v 1.22681465 1.80000000 5.21830025
v 1.21343126 1.80000000 5.21709785
v 1.35376158 1.80000000 5.60595970
v 1.36329298 1.80000000 5.59648819
v 1.37224197 1.80000000 5.58646431
v 1.38057671 1.80000000 5.57592430
v 1.38826733 1.80000000 5.56490555
v 1.39528646 1.80000000 5.55344696
v 1.40160913 1.80000000 5.54159012
v 1.40721273 1.80000000 5.52937737
v 1.41207724 1.80000000 5.51685143
v 1.41618538 1.80000000 5.50405731
v 1.41952248 1.80000000 5.49104118
v 1.42207661 1.80000000 5.47784882
v 1.42383862 1.80000000 5.46452751
v 1.42491169 1.60000000 5.44799957
v 1.42414446 1.60000000 5.46129913
v 1.42259150 1.60000000 5.47452965
v 1.42025833 1.60000000 5.48764534
v 1.41715298 1.60000000 5.50059967
v 1.41328650 1.60000000 5.51334763
v 1.40867224 1.60000000 5.52584457
v 1.40332661 1.60000000 5.53804665
v 1.39726810 1.60000000 5.54991074
v 1.39051819 1.60000000 5.56139526
v 1.38310041 1.60000000 5.57246056
v 1.37504082 1.60000000 5.58306732
v 1.36636753 1.60000000 5.59317856
v 1.35711117 1.60000000 5.60275879
v 1.34730396 1.60000000 5.61177444
v 1.33698044 1.60000000 5.62019386
v 1.32617674 1.60000000 5.62798767
v 1.31493073 1.60000000 5.63512840
v 1.30328188 1.60000000 5.64159126
v 1.29127092 1.60000000 5.64735298
v 1.27894011 1.60000000 5.65239410
v 1.21331568 1.60000000 5.21709099
v 1.22658463 1.60000000 5.21827278
v 1.23976040 1.60000000 5.22023735
v 1.25279684 1.60000000 5.22297859
v 1.26564817 1.60000000 5.22648659
v 1.27826939 1.60000000 5.23074875
v 1.29061623 1.60000000 5.23575058
v 1.30264549 1.60000000 5.24147453
v 1.31431484 1.60000000 5.24790001
v 1.32558346 1.60000000 5.25500488
v 1.33641195 1.60000000 5.26276436
v 1.34676218 1.60000000 5.27115059
v 1.35659800 1.60000000 5.28013535
v 1.36588478 1.60000000 5.28968582
v 1.37459011 1.60000000 5.29976959
v 1.38268347 1.60000000 5.31035080
v 1.39013643 1.60000000 5.32139206
v 1.39692287 1.60000000 5.33285561
v 1.40301905 1.60000000 5.34470024
v 1.40840349 1.60000000 5.35688515
v 1.41305742 1.60000000 5.36936722
v 1.41696453 1.60000000 5.38210297
v 1.42011099 1.60000000 5.39504738
v 1.42248592 1.60000000 5.40815544
v 1.42408094 1.60000000 5.42138138
v 1.42489052 1.60000000 5.43467827
v 0.99071054 -0.49000001 5.07919655
v 0.78142104 -0.49000001 5.44169655
v 1.40928946 -0.49000001 5.07919655
v 1.23980036 -0.49000001 5.22024460
v 1.25284939 -0.49000001 5.22299156
v 1.22661142 -0.49000001 5.21827583
v 1.21332912 -0.49000001 5.21709175
v 1.26571274 -0.49000001 5.22650642
v 1.27834539 -0.49000001 5.23077698
v 1.29070272 -0.49000001 5.23578873
v 1.30274162 -0.49000001 5.24152374
v 1.31441946 -0.49000001 5.24796181
v 1.32569551 -0.49000001 5.25508041
v 1.33653002 -0.49000001 5.26285439
v 1.34688501 -0.49000001 5.27125664
v 1.35672398 -0.49000001 5.28025742
v 1.36601248 -0.49000001 5.28982544
v 1.37471790 -0.49000001 5.29992676
v 1.38280954 -0.49000001 5.31052628
v 1.39025908 -0.49000001 5.32158623
v 1.39704037 -0.49000001 5.33306847
v 0.99071054 -0.49000001 5.80419655
v 1.61857891 -0.49000001 5.44169655
v 1.40312948 -0.49000001 5.53846130
v 1.39704037 -0.49000001 5.55032463
v 1.40850515 -0.49000001 5.52625771
v 1.41314840 -0.49000001 5.51375732
v 1.41704302 -0.49000001 5.50100365
v 1.42017517 -0.49000001 5.48804169
v 1.42253408 -0.49000001 5.47491722
v 1.42411118 -0.49000001 5.46167564
v 1.42490120 -0.49000001 5.44836388
v 1.42490120 -0.49000001 5.43502922
v 1.42411118 -0.49000001 5.42171745
v 1.42253408 -0.49000001 5.40847626
v 1.42017517 -0.49000001 5.39535141
v 1.41704302 -0.49000001 5.38238945
v 1.41314840 -0.49000001 5.36963577
v 1.40850515 -0.49000001 5.35713539
v 1.40312948 -0.49000001 5.34493179
v 1.40928946 -0.49000001 5.80419655
v 1.21332912 -0.49000001 5.66630135
v 1.22661142 -0.49000001 5.66511726
v 1.23980036 -0.49000001 5.66314850
v 1.25284939 -0.49000001 5.66040154
v 1.26571274 -0.49000001 5.65688667
v 1.27834539 -0.49000001 5.65261612
v 1.29070272 -0.49000001 5.64760437
v 1.30274162 -0.49000001 5.64186935
v 1.31441946 -0.49000001 5.63543129
v 1.32569551 -0.49000001 5.62831268
v 1.33653002 -0.49000001 5.62053871
v 1.34688501 -0.49000001 5.61213646
v 1.35672398 -0.49000001 5.60313568
v 1.36601248 -0.49000001 5.59356766
v 1.37471790 -0.49000001 5.58346634
v 1.38280954 -0.49000001 5.57286682
v 1.39025908 -0.49000001 5.56180687
v 0.99071054 1.10000000 5.80419655
v 0.78142104 1.10000000 5.44169655
v 1.40928946 1.10000000 5.80419655
v 1.23980036 1.10000000 5.66314850
v 1.25284939 1.10000000 5.66040154
v 1.22661142 1.10000000 5.66511726
v 1.21332912 1.10000000 5.66630135
v 1.26571274 1.10000000 5.65688667
v 1.27834539 1.10000000 5.65261612
v 1.29070272 1.10000000 5.64760437
v 1.30274162 1.10000000 5.64186935
v 1.31441946 1.10000000 5.63543129
v 1.32569551 1.10000000 5.62831268
v 1.33653002 1.10000000 5.62053871
v 1.34688501 1.10000000 5.61213646
v 1.35672398 1.10000000 5.60313568
v 1.36601248 1.10000000 5.59356766
v 1.37471790 1.10000000 5.58346634
v 1.38280954 1.10000000 5.57286682
v 1.39025908 1.10000000 5.56180687
v 1.39704037 1.10000000 5.55032463
v 0.99071054 1.10000000 5.07919655
v 1.61857891 1.10000000 5.44169655
v 1.40312948 1.10000000 5.34493179
v 1.39704037 1.10000000 5.33306847
v 1.40850515 1.10000000 5.35713539
v 1.41314840 1.10000000 5.36963577
v 1.41704302 1.10000000 5.38238945
v 1.42017517 1.10000000 5.39535141
v 1.42253408 1.10000000 5.40847626
v 1.42411118 1.10000000 5.42171745
v 1.42490120 1.10000000 5.43502922
v 1.42490120 1.10000000 5.44836388
v 1.42411118 1.10000000 5.46167564
v 1.42253408 1.10000000 5.47491722
v 1.42017517 1.10000000 5.48804169
v 1.41704302 1.10000000 5.50100365
v 1.41314840 1.10000000 5.51375732
v 1.40850515 1.10000000 5.52625771
v 1.40312948 1.10000000 5.53846130
v 1.40928946 1.10000000 5.07919655
v 1.21332912 1.10000000 5.21709175
v 1.22661142 1.10000000 5.21827583
v 1.23980036 1.10000000 5.22024460
v 1.25284939 1.10000000 5.22299156
v 1.26571274 1.10000000 5.22650642
v 1.27834539 1.10000000 5.23077698
v 1.29070272 1.10000000 5.23578873
v 1.30274162 1.10000000 5.24152374
v 1.31441946 1.10000000 5.24796181
v 1.32569551 1.10000000 5.25508041
v 1.33653002 1.10000000 5.26285439
v 1.34688501 1.10000000 5.27125664
v 1.35672398 1.10000000 5.28025742
v 1.36601248 1.10000000 5.28982544
v 1.37471790 1.10000000 5.29992676
v 1.38280954 1.10000000 5.31052628
v 1.39025908 1.10000000 5.32158623
v 1.21332912 -2.45499992 5.66630135
v 1.22661142 -2.45499992 5.66511726
v 1.23980036 -2.45499992 5.66314850
v 1.25284939 -2.45499992 5.66040154
v 1.26571274 -2.45499992 5.65688667
v 1.27834539 -2.45499992 5.65261612
v 1.29070272 -2.45499992 5.64760437
v 1.30274162 -2.45499992 5.64186935
v 1.31441946 -2.45499992 5.63543129
v 1.32569551 -2.45499992 5.62831268
v 1.33653002 -2.45499992 5.62053871
v 1.34688501 -2.45499992 5.61213646
v 1.35672398 -2.45499992 5.60313568
v 1.36601248 -2.45499992 5.59356766
v 1.37471790 -2.45499992 5.58346634
v 1.38280954 -2.45499992 5.57286682
v 1.39025908 -2.45499992 5.56180687
v 1.39704037 -2.45499992 5.55032463
v 1.40312948 -2.45499992 5.53846130
v 1.40850515 -2.45499992 5.52625771
v 1.41314840 -2.45499992 5.51375732
v 1.41704302 -2.45499992 5.50100365
v 1.42017517 -2.45499992 5.48804169
v 1.42253408 -2.45499992 5.47491722
v 1.42411118 -2.45499992 5.46167564
v 1.42490120 -2.45499992 5.44836388
v 1.42490120 -2.45499992 5.43502922
v 1.42411118 -2.45499992 5.42171745
v 1.42253408 -2.45499992 5.40847626
v 1.42017517 -2.45499992 5.39535141
v 1.41704302 -2.45499992 5.38238945
v 1.41314840 -2.45499992 5.36963577
v 1.40850515 -2.45499992 5.35713539
v 1.40312948 -2.45499992 5.34493179
v 1.39704037 -2.45499992 5.33306847
v 1.39025908 -2.45499992 5.32158623
v 1.38280954 -2.45499992 5.31052628
v 1.37471790 -2.45499992 5.29992676
v 1.36601248 -2.45499992 5.28982544
v 1.35672398 -2.45499992 5.28025742
v 1.34688501 -2.45499992 5.27125664
v 1.33653002 -2.45499992 5.26285439
v 1.32569551 -2.45499992 5.25508041
v 1.31441946 -2.45499992 5.24796181
v 1.30274162 -2.45499992 5.24152374
v 1.29070272 -2.45499992 5.23578873
v 1.27834539 -2.45499992 5.23077698
v 1.26571274 -2.45499992 5.22650642
v 1.25284939 -2.45499992 5.22299156
v 1.23980036 -2.45499992 5.22024460
v 1.22661142 -2.45499992 5.21827583
v 1.21332912 -2.45499992 5.21709175
v 1.23370247 -1.55462179 5.66415710
v 1.24618902 -1.56176586 5.66190033
v 1.23812933 -1.55726633 5.66343956
v 1.26245966 -1.57011719 5.65785332
v 1.25431795 -1.56601601 5.66003952
v 1.27056208 -1.57407675 5.65534630
v 1.28659649 -1.58142681 5.64936523
v 1.27860918 -1.57785082 5.65251846
v 1.29451971 -1.58479223 5.64588051
v 1.30935240 -1.59051838 5.63833504
v 1.30239525 -1.58793659 5.64204597
v 1.31967344 -1.59394388 5.63223038
v 1.31453295 -1.59230337 5.63536339
v 1.32979469 -1.59673758 5.62548637
v 1.32476683 -1.59542685 5.62893486
v 1.33961439 -1.59876318 5.61814461
v 1.33474369 -1.59785662 5.62189102
v 1.34912281 -1.59985561 5.61018333
v 1.34440727 -1.59943647 5.61424332
v 1.30896616 -0.75240479 5.24484291
v 1.29985609 -0.75463099 5.24006882
v 1.29049749 -0.75666890 5.23569832
v 1.28091736 -0.75850992 5.23175049
v 1.27114468 -0.76014657 5.22824059
v 1.26120977 -0.76157260 5.22518234
v 1.25114422 -0.76278319 5.22258644
v 1.24098043 -0.76377473 5.22046013
v 1.23075123 -0.76454511 5.21880798
v 1.22048969 -0.76509371 5.21763153
v 1.21022854 -0.76542120 5.21692924
v 1.21332912 2.45499992 5.66630135
v 1.22661142 2.45499992 5.66511726
v 1.23370247 1.84537811 5.66415710
v 1.23980036 2.45499992 5.66314850
v 1.24618902 1.83823414 5.66190033
v 1.23812933 1.84273357 5.66343956
v 1.25284939 2.45499992 5.66040154
v 1.26245966 1.82988281 5.65785332
v 1.25431795 1.83398399 5.66003952
v 1.26571274 2.45499992 5.65688667
v 1.27056208 1.82592316 5.65534630
v 1.27834539 2.45499992 5.65261612
v 1.28659649 1.81857319 5.64936523
v 1.27860918 1.82214928 5.65251846
v 1.29070272 2.45499992 5.64760437
v 1.29451971 1.81520786 5.64588051
v 1.30274162 2.45499992 5.64186935
v 1.30935240 1.80948162 5.63833504
v 1.30239525 1.81206341 5.64204597
v 1.31441946 2.45499992 5.63543129
v 1.31967344 1.80605602 5.63223038
v 1.31453295 1.80769653 5.63536339
v 1.32569551 2.45499992 5.62831268
v 1.32979469 1.80326233 5.62548637
v 1.32476683 1.80457306 5.62893486
v 1.33653002 2.45499992 5.62053871
v 1.33961439 1.80123672 5.61814461
v 1.33474369 1.80214329 5.62189102
v 1.34688501 2.45499992 5.61213646
v 1.34912281 1.80014439 5.61018333
v 1.34440727 1.80056362 5.61424332
v 1.35672398 2.45499992 5.60313568
v 1.36601248 2.45499992 5.59356766
v 1.37471790 2.45499992 5.58346634
v 1.38280954 2.45499992 5.57286682
v 1.39025908 2.45499992 5.56180687
v 1.39704037 2.45499992 5.55032463
v 1.40312948 2.45499992 5.53846130
v 1.40850515 2.45499992 5.52625771
v 1.41314840 2.45499992 5.51375732
v 1.41704302 2.45499992 5.50100365
v 1.42017517 2.45499992 5.48804169
v 1.42253408 2.45499992 5.47491722
v 1.42411118 2.45499992 5.46167564
v 1.42490120 2.45499992 5.44836388
v 1.42490120 2.45499992 5.43502922
v 1.42411118 2.45499992 5.42171745
v 1.42253408 2.45499992 5.40847626
v 1.42017517 2.45499992 5.39535141
v 1.41704302 2.45499992 5.38238945
v 1.41314840 2.45499992 5.36963577
v 1.40850515 2.45499992 5.35713539
v 1.40312948 2.45499992 5.34493179
v 1.39704037 2.45499992 5.33306847
v 1.39025908 2.45499992 5.32158623
v 1.38280954 2.45499992 5.31052628
v 1.37471790 2.45499992 5.29992676
v 1.36601248 2.45499992 5.28982544
v 1.35672398 2.45499992 5.28025742
v 1.34688501 2.45499992 5.27125664
v 1.33653002 2.45499992 5.26285439
v 1.32569551 2.45499992 5.25508041
v 1.31441946 2.45499992 5.24796181
v 1.30274162 2.45499992 5.24152374
v 1.29070272 2.45499992 5.23578873
v 1.27834539 2.45499992 5.23077698
v 1.26571274 2.45499992 5.22650642
v 1.25284939 2.45499992 5.22299156
v 1.23980036 2.45499992 5.22024460
v 1.22661142 2.45499992 5.21827583
v 1.21332912 2.45499992 5.21709175
v 1.23323164 2.51625004 5.72601089
v 1.26601381 2.51625004 5.72023048
v 1.29790325 2.51625004 5.71068344
v 1.24034233 2.57749996 5.78684692
v 1.32846880 2.51625004 5.69749908
v 1.28013897 2.57749996 5.77982979
v 1.35729694 2.51625004 5.68085480
v 1.31885204 2.57749996 5.76823959
v 1.24745302 2.63875008 5.84768257
v 1.38399792 2.51625004 5.66097679
v 1.35595770 2.57749996 5.75223389
v 1.29426422 2.63875008 5.83942871
v 1.40821066 2.51625004 5.63813324
v 1.39095440 2.57749996 5.73202858
v 1.33980074 2.63875008 5.82579575
v 1.42960777 2.51625004 5.61263313
v 1.42336874 2.57749996 5.70789719
v 1.38344669 2.63875008 5.80696907
v 1.44789982 2.51625004 5.58482170
v 1.45276232 2.57749996 5.68016548
v 1.42461176 2.63875008 5.78320236
v 1.46283932 2.51625004 5.55507431
v 1.47873783 2.57749996 5.64920921
v 1.46273947 2.63875008 5.75481720
v 1.47422447 2.51625004 5.52379417
v 1.50094385 2.57749996 5.61544647
v 1.49731398 2.63875008 5.72219772
v 1.48190126 2.51625004 5.49140320
v 1.51908007 2.57749996 5.57933426
v 1.52786789 2.63875008 5.68578529
v 1.48576574 2.51625004 5.45834045
v 1.53290138 2.57749996 5.54136086
v 1.55398788 2.63875008 5.64607162
v 1.48576574 2.51625004 5.42505264
v 1.54222069 2.57749996 5.50203934
v 1.57532082 2.63875008 5.60359421
v 1.48190126 2.51625004 5.39198990
v 1.54691210 2.57749996 5.46190186
v 1.59157820 2.63875008 5.55892754
v 1.47422447 2.51625004 5.35959930
v 1.54691210 2.57749996 5.42149124
v 1.60254021 2.63875008 5.51267509
v 1.46283932 2.51625004 5.32831879
v 1.54222069 2.57749996 5.38135376
v 1.60805855 2.63875008 5.46546326
v 1.44789982 2.51625004 5.29857140
v 1.53290138 2.57749996 5.34203262
v 1.60805855 2.63875008 5.41792984
v 1.42960777 2.51625004 5.27075996
v 1.51908007 2.57749996 5.30405884
v 1.60254021 2.63875008 5.37071800
v 1.40821066 2.51625004 5.24525986
v 1.50094385 2.57749996 5.26794662
v 1.59157820 2.63875008 5.32446556
v 1.38399792 2.51625004 5.22241631
v 1.47873783 2.57749996 5.23418388
v 1.57532082 2.63875008 5.27979889
v 1.35729694 2.51625004 5.20253830
v 1.45276232 2.57749996 5.20322762
v 1.55398788 2.63875008 5.23732147
v 1.32846880 2.51625004 5.18589439
v 1.42336874 2.57749996 5.17549629
v 1.52786789 2.63875008 5.19760780
v 1.29790325 2.51625004 5.17270966
v 1.39095440 2.57749996 5.15136452
v 1.49731398 2.63875008 5.16119537
v 1.26601381 2.51625004 5.16316261
v 1.35595770 2.57749996 5.13115921
v 1.46273947 2.63875008 5.12857590
v 1.23323164 2.51625004 5.15738220
v 1.31885204 2.57749996 5.11515350
v 1.42461176 2.63875008 5.10019073
v 1.28013897 2.57749996 5.10356331
v 1.38344669 2.63875008 5.07642441
v 1.24034233 2.57749996 5.09654617
v 1.33980074 2.63875008 5.05759735
v 1.30887022 -0.60243945 5.24478989
v 1.29976664 -0.60007062 5.24002457
v 1.28084278 -0.59594331 5.23172188
v 1.29041510 -0.59790220 5.23566246
v 1.27107840 -0.59420190 5.22821846
v 1.26115236 -0.59268456 5.22516632
v 1.25109596 -0.59139652 5.22257500
v 1.23072214 -0.58952179 5.21880379
v 1.24094162 -0.59034152 5.22045288
v 1.22047024 -0.58893814 5.21762962
v 1.21021881 -0.58858967 5.21692886
v 1.23323164 -2.51625004 5.15738220
v 1.26601381 -2.51625004 5.16316261
v 1.29790325 -2.51625004 5.17270966
v 1.24034233 -2.57749996 5.09654617
v 1.32846880 -2.51625004 5.18589439
v 1.28013897 -2.57749996 5.10356331
v 1.35729694 -2.51625004 5.20253830
v 1.31885204 -2.57749996 5.11515350
v 1.38399792 -2.51625004 5.22241631
v 1.35595770 -2.57749996 5.13115921
v 1.40821066 -2.51625004 5.24525986
v 1.39095440 -2.57749996 5.15136452
v 1.33980074 -2.63875008 5.05759735
v 1.42960777 -2.51625004 5.27075996
v 1.42336874 -2.57749996 5.17549629
v 1.38344669 -2.63875008 5.07642441
v 1.44789982 -2.51625004 5.29857140
v 1.45276232 -2.57749996 5.20322762
v 1.42461176 -2.63875008 5.10019073
v 1.46283932 -2.51625004 5.32831879
v 1.47873783 -2.57749996 5.23418388
v 1.46273947 -2.63875008 5.12857590
v 1.47422447 -2.51625004 5.35959930
v 1.50094385 -2.57749996 5.26794662
v 1.49731398 -2.63875008 5.16119537
v 1.48190126 -2.51625004 5.39198990
v 1.51908007 -2.57749996 5.30405884
v 1.52786789 -2.63875008 5.19760780
v 1.48576574 -2.51625004 5.42505264
v 1.53290138 -2.57749996 5.34203262
v 1.55398788 -2.63875008 5.23732147
v 1.48576574 -2.51625004 5.45834045
v 1.54222069 -2.57749996 5.38135376
v 1.57532082 -2.63875008 5.27979889
v 1.48190126 -2.51625004 5.49140320
v 1.54691210 -2.57749996 5.42149124
v 1.59157820 -2.63875008 5.32446556
v 1.47422447 -2.51625004 5.52379417
v 1.54691210 -2.57749996 5.46190186
v 1.60254021 -2.63875008 5.37071800
v 1.46283932 -2.51625004 5.55507431
v 1.54222069 -2.57749996 5.50203934
v 1.60805855 -2.63875008 5.41792984
v 1.44789982 -2.51625004 5.58482170
v 1.53290138 -2.57749996 5.54136086
v 1.60805855 -2.63875008 5.46546326
v 1.42960777 -2.51625004 5.61263313
v 1.51908007 -2.57749996 5.57933426
v 1.60254021 -2.63875008 5.51267509
v 1.40821066 -2.51625004 5.63813324
v 1.50094385 -2.57749996 5.61544647
v 1.59157820 -2.63875008 5.55892754
v 1.38399792 -2.51625004 5.66097679
v 1.47873783 -2.57749996 5.64920921
v 1.57532082 -2.63875008 5.60359421
v 1.35729694 -2.51625004 5.68085480
v 1.45276232 -2.57749996 5.68016548
v 1.55398788 -2.63875008 5.64607162
v 1.32846880 -2.51625004 5.69749908
v 1.42336874 -2.57749996 5.70789719
v 1.52786789 -2.63875008 5.68578529
v 1.29790325 -2.51625004 5.71068344
v 1.39095440 -2.57749996 5.73202858
v 1.49731398 -2.63875008 5.72219772
v 1.26601381 -2.51625004 5.72023048
v 1.35595770 -2.57749996 5.75223389
v 1.46273947 -2.63875008 5.75481720
v 1.23323164 -2.51625004 5.72601089
v 1.31885204 -2.57749996 5.76823959
v 1.42461176 -2.63875008 5.78320236
v 1.28013897 -2.57749996 5.77982979
v 1.38344669 -2.63875008 5.80696907
v 1.24034233 -2.57749996 5.78684692
v 1.33980074 -2.63875008 5.82579575
v 1.29426422 -2.63875008 5.83942871
v 1.24745302 -2.63875008 5.84768257
v 0.45980768 -2.50000000 8.52427902
v 1.99776649 1.40877132 12.37500000
v 1.55000000 1.40877132 12.37500000
v 1.55000000 1.09122868 12.37500000
v 1.99776649 1.09122868 12.37500000
v 1.96715508 0.93245735 12.65000000
v 1.55000000 0.93245735 12.65000000
v 1.93654346 1.09122868 12.92500000
v 1.55000000 1.09122868 12.92500000
v 1.93654346 1.40877132 12.92500000
v 1.55000000 1.40877132 12.92500000
v 1.55000000 1.56754265 12.65000000
v 1.96715508 1.56754265 12.65000000
v 1.99776649 -1.09122868 12.37500000
v 1.55000000 -1.09122868 12.37500000
v 1.55000000 -1.40877132 12.37500000
v 1.99776649 -1.40877132 12.37500000
v 1.96715508 -1.56754265 12.65000000
v 1.55000000 -1.56754265 12.65000000
v 1.93654346 -1.40877132 12.92500000
v 1.55000000 -1.40877132 12.92500000
v 1.93654346 -1.09122868 12.92500000
v 1.55000000 -1.09122868 12.92500000
v 1.55000000 -0.93245735 12.65000000
v 1.96715508 -0.93245735 12.65000000
v 1.78626881 -0.91184826 14.27500000
v 1.78626881 -0.59430561 14.27500000
v 1.55000000 -0.59430561 14.27500000
v 1.55000000 -0.91184826 14.27500000
v 1.75565739 -1.07061958 14.55000000
v 1.55000000 -1.07061958 14.55000000
v 1.72504578 -0.91184826 14.82500000
v 1.55000000 -0.91184826 14.82500000
v 1.72504578 -0.59430561 14.82500000
v 1.55000000 -0.59430561 14.82500000
v 1.55000000 -0.43553429 14.55000000
v 1.75565739 -0.43553429 14.55000000
v 1.78626881 0.59430561 14.27500000
v 1.78626881 0.91184826 14.27500000
v 1.55000000 0.91184826 14.27500000
v 1.55000000 0.59430561 14.27500000
v 1.75565739 0.43553429 14.55000000
v 1.55000000 0.43553429 14.55000000
v 1.72504578 0.59430561 14.82500000
v 1.55000000 0.59430561 14.82500000
v 1.55000000 0.91184826 14.82500000
v 1.72504578 0.91184826 14.82500000
v 1.55000000 1.07061958 14.55000000
v 1.75565739 1.07061958 14.55000000
v 2.12660542 0.22011583 11.21756897
v 2.12559090 0.21131115 11.22668304
v 2.12460194 0.20196354 11.23556824
v 2.12764111 0.22837892 11.20826645
v 2.12364292 0.19207513 11.24418335
v 2.12869339 0.23610497 11.19881287
v 2.12271881 0.18165182 11.25248566
v 2.12975826 0.24330130 11.18924561
v 2.12183418 0.17070353 11.26043243
v 2.13083229 0.24997780 11.17959824
v 2.12099400 0.15924441 11.26797943
v 2.13191147 0.25614655 11.16990280
v 2.12020302 0.14729300 11.27508545
v 2.13299255 0.26182144 11.16018982
v 2.13407269 0.26701794 11.15048676
v 2.11946602 0.13487233 11.28170624
v 2.13514900 0.27175276 11.14081802
v 2.11878757 0.12200992 11.28780212
v 2.13621883 0.27604358 11.13120651
v 2.11817188 0.10873773 11.29333344
v 2.13728008 0.27990882 11.12167358
v 2.13833046 0.28336742 11.11223679
v 2.11762295 0.09509202 11.29826355
v 2.13959885 0.28707509 11.10084229
v 2.11714478 0.08111312 11.30255966
v 2.11674061 0.06684510 11.30619125
v 2.11641312 0.05233535 11.30913315
v 2.11616478 0.03763416 11.31136322
v 2.11599751 0.02279410 11.31286621
v 2.11591244 0.00786943 11.31362991
v 2.11591034 -0.00708454 11.31364975
v 2.11599102 -0.02201213 11.31292496
v 2.11615391 -0.03685800 11.31146088
v 2.11639805 -0.05156781 11.30926819
v 2.11672134 -0.06608887 11.30636368
v 2.11712170 -0.08037080 11.30276718
v 2.11759605 -0.09436601 11.29850540
v 2.11820602 -0.10952626 11.29302521
v 2.11898022 -0.12582483 11.28607178
v 2.11984806 -0.14148417 11.27827530
v 2.12080135 -0.15644751 11.26971054
v 2.12183151 -0.17066855 11.26045609
v 2.12292938 -0.18411139 11.25059433
v 2.12408581 -0.19675028 11.24020462
v 2.12529202 -0.20856924 11.22936935
v 2.12653904 -0.21956131 11.21816635
v 2.12781849 -0.22972784 11.20667191
v 2.12912254 -0.23907762 11.19495697
v 2.13059101 -0.24852705 11.18176422
v 2.13223591 -0.25790126 11.16698761
v 2.13388329 -0.26613905 11.15218887
v 2.13552265 -0.27329760 11.13746033
v 2.13714542 -0.27943964 11.12288208
v 2.13891983 -0.28515253 11.10694275
v -0.00000000 1.72369633 6.79929733
v 2.40000000 1.74730930 6.79719238
v 2.40000000 1.72369633 6.79929733
v 2.40000000 1.70000000 6.80000000
v -0.00000000 1.70000000 6.80000000
v -0.00000000 1.74730930 6.79719238
v -0.00000000 1.77075615 6.79369202
v 2.40000000 1.77075615 6.79369202
v -0.00000000 1.79395447 6.78880920
v 2.40000000 1.79395447 6.78880920
v -0.00000000 1.81682262 6.78256073
v 2.40000000 1.81682262 6.78256073
v -0.00000000 1.83928070 6.77496796
v 2.40000000 1.83928070 6.77496796
v -0.00000000 1.86124935 6.76605835
v 2.40000000 1.86124935 6.76605835
v -0.00000000 1.88265171 6.75586319
v 2.40000000 1.88265171 6.75586319
v -0.00000000 1.90341244 6.74441757
v 2.40000000 1.90341244 6.74441757
v -0.00000000 1.92345867 6.73176193
v 2.40000000 1.94272003 6.71794205
v 2.40000000 1.92345867 6.73176193
v -0.00000000 1.94272003 6.71794205
v -0.00000000 1.96112881 6.70300446
v 2.40000000 1.96112881 6.70300446
v -0.00000000 1.97862034 6.68700256
v 2.40000000 1.97862034 6.68700256
v -0.00000000 1.99513340 6.66999283
v 2.40000000 2.01060963 6.65203476
v 2.40000000 1.99513340 6.66999283
v -0.00000000 2.01060963 6.65203476
v -0.00000000 2.02499466 6.63319168
v 2.40000000 2.02499466 6.63319168
v -0.00000000 2.03823833 6.61352921
v 2.40000000 2.03823833 6.61352921
v -0.00000000 2.05029392 6.59311676
v 2.40000000 2.06111908 6.57202606
v 2.40000000 2.05029392 6.59311676
v -0.00000000 2.06111908 6.57202606
v -0.00000000 2.07067585 6.55033112
v 2.40000000 2.07893047 6.52810822
v 2.40000000 2.07067585 6.55033112
v -0.00000000 2.07893047 6.52810822
v -0.00000000 2.08585415 6.50543518
v 2.40000000 2.08585415 6.50543518
v -0.00000000 2.09142265 6.48239136
v 2.40000000 2.09142265 6.48239136
v -0.00000000 2.09561615 6.45905838
v 2.40000000 2.09561615 6.45905838
v -0.00000000 2.09841995 6.43551865
v 2.40000000 2.09982433 6.41185303
v 2.40000000 2.09841995 6.43551865
v -0.00000000 2.09982433 6.41185303
v 2.40000000 2.09982433 6.38814659
v -0.00000000 2.09982433 6.38814659
v 2.40000000 2.09841995 6.36448174
v -0.00000000 2.09841995 6.36448174
v -0.00000000 2.09561615 6.34094124
v 2.40000000 2.09142265 6.31760864
v 2.40000000 2.09561615 6.34094124
v -0.00000000 2.09142265 6.31760864
v -0.00000000 2.08585415 6.29456520
v 2.40000000 2.07893047 6.27189217
v 2.40000000 2.08585415 6.29456520
v -0.00000000 2.07893047 6.27189217
v 2.40000000 2.07067585 6.24966888
v -0.00000000 2.07067585 6.24966888
v -0.00000000 2.06111908 6.22797394
v 2.40000000 2.06111908 6.22797394
v -0.00000000 2.05029392 6.20688324
v 2.40000000 2.03823833 6.18647079
v 2.40000000 2.05029392 6.20688324
v -0.00000000 2.03823833 6.18647079
v -0.00000000 2.02499466 6.16680832
v 2.40000000 2.02499466 6.16680832
v -0.00000000 2.01060963 6.14796486
v 2.40000000 2.01060963 6.14796486
v -0.00000000 1.99513340 6.13000679
v 2.40000000 1.99513340 6.13000679
v -0.00000000 1.97862034 6.11299706
v 2.40000000 1.97862034 6.11299706
v -0.00000000 1.96112881 6.09699554
v 2.40000000 1.96112881 6.09699554
v -0.00000000 1.94272003 6.08205833
v 2.40000000 1.94272003 6.08205833
v -0.00000000 1.92345867 6.06823769
v 2.40000000 1.92345867 6.06823769
v -0.00000000 1.90341244 6.05558243
v 2.40000000 1.90341244 6.05558243
v -0.00000000 1.88265171 6.04413719
v 2.40000000 1.88265171 6.04413719
v -0.00000000 1.86124935 6.03394165
v 2.40000000 1.86124935 6.03394165
v -0.00000000 1.83928070 6.02503204
v 2.40000000 1.83928070 6.02503204
v -0.00000000 1.81682262 6.01743965
v 2.40000000 1.79395447 6.01119080
v 2.40000000 1.81682262 6.01743965
v -0.00000000 1.79395447 6.01119080
v -0.00000000 1.77075615 6.00630760
v 2.40000000 1.77075615 6.00630760
v -0.00000000 1.74730930 6.00280762
v 2.40000000 1.74730930 6.00280762
v -0.00000000 1.72369633 6.00070267
v 2.40000000 1.72369633 6.00070267
v -0.00000000 1.70000000 6.00000000
v 2.40000000 1.70000000 6.00000000
v -0.00000000 1.65556946 5.65131721
v -0.00000000 1.70000000 5.65000000
v 2.40000000 1.70000000 5.65000000
v 2.40000000 1.65556946 5.65131721
v 2.40000000 1.61129513 5.65526428
v -0.00000000 1.61129513 5.65526428
v -0.00000000 1.56733227 5.66182709
v 2.40000000 1.56733227 5.66182709
v -0.00000000 1.52383547 5.67098274
v 2.40000000 1.52383547 5.67098274
v -0.00000000 1.48095741 5.68269920
v 2.40000000 1.48095741 5.68269920
v -0.00000000 1.43884878 5.69693527
v 2.40000000 1.43884878 5.69693527
v -0.00000000 1.39765739 5.71364098
v 2.40000000 1.39765739 5.71364098
v -0.00000000 1.35752811 5.73275719
v 2.40000000 1.35752811 5.73275719
v -0.00000000 1.31860170 5.75421715
v 2.40000000 1.31860170 5.75421715
v -0.00000000 1.28101492 5.77794571
v 2.40000000 1.28101492 5.77794571
v 2.40000000 1.24489985 5.80385933
v -0.00000000 1.24489985 5.80385933
v -0.00000000 1.21038342 5.83186646
v 2.40000000 1.21038342 5.83186646
v -0.00000000 1.17758675 5.86186943
v 2.40000000 1.17758675 5.86186943
v -0.00000000 1.14662504 5.89376259
v 2.40000000 1.14662504 5.89376259
v -0.00000000 1.11760712 5.92743416
v 2.40000000 1.11760712 5.92743416
v 2.40000000 1.09063482 5.96276550
v -0.00000000 1.09063482 5.96276550
v -0.00000000 1.06580296 5.99963264
v 2.40000000 1.06580296 5.99963264
v -0.00000000 1.04319878 6.03790588
v 2.40000000 1.04319878 6.03790588
v 2.40000000 1.02290163 6.07745094
v -0.00000000 1.02290163 6.07745094
v -0.00000000 1.00498276 6.11812935
v 2.40000000 1.00498276 6.11812935
v -0.00000000 0.98950520 6.15979767
v 2.40000000 0.98950520 6.15979767
v -0.00000000 0.97652330 6.20230980
v 2.40000000 0.97652330 6.20230980
v -0.00000000 0.96608267 6.24551620
v 2.40000000 0.96608267 6.24551620
v 2.40000000 0.95821981 6.28926506
v -0.00000000 0.95821981 6.28926506
v -0.00000000 0.95296259 6.33340302
v 2.40000000 0.95296259 6.33340302
v -0.00000000 0.95032940 6.37777519
v 2.40000000 0.95032940 6.37777519
v -0.00000000 0.95032940 6.42222519
v 2.40000000 0.95032940 6.42222519
v -0.00000000 0.95296259 6.46659698
v 2.40000000 0.95296259 6.46659698
v -0.00000000 0.95821981 6.51073456
v 2.40000000 0.95821981 6.51073456
v -0.00000000 0.96608267 6.55448380
v 2.40000000 0.96608267 6.55448380
v 2.40000000 0.97652330 6.59769058
v -0.00000000 0.97652330 6.59769058
v -0.00000000 0.98950520 6.64020233
v 2.40000000 0.98950520 6.64020233
v -0.00000000 1.00498276 6.68187103
v 2.40000000 1.00498276 6.68187103
v -0.00000000 1.02290163 6.72254868
v 2.40000000 1.02290163 6.72254868
v 2.40000000 1.04319878 6.76209412
v -0.00000000 1.04319878 6.76209412
v 2.40000000 1.06580296 6.80036774
v -0.00000000 1.06580296 6.80036774
v -0.00000000 1.09063482 6.83723450
v 2.40000000 1.09063482 6.83723450
v -0.00000000 1.11760712 6.87256622
v 2.40000000 1.11760712 6.87256622
v -0.00000000 1.14662504 6.90623703
v 2.40000000 1.14662504 6.90623703
v 2.40000000 1.17758675 6.93813019
v -0.00000000 1.17758675 6.93813019
v -0.00000000 1.21038342 6.96813354
v 2.40000000 1.21038342 6.96813354
v -0.00000000 1.24489985 6.99614105
v 2.40000000 1.24489985 6.99614105
v -0.00000000 1.28101492 7.02205429
v 2.40000000 1.28101492 7.02205429
v -0.00000000 1.31860170 7.04578247
v 2.40000000 1.31860170 7.04578247
v -0.00000000 1.35752811 7.06724319
v 2.40000000 1.35752811 7.06724319
v -0.00000000 1.39765739 7.08635941
v 2.40000000 1.39765739 7.08635941
v -0.00000000 1.43884878 7.10306473
v 2.40000000 1.43884878 7.10306473
v 2.40000000 1.48095741 7.11730042
v -0.00000000 1.48095741 7.11730042
v -0.00000000 1.52383547 7.12901688
v 2.40000000 1.52383547 7.12901688
v -0.00000000 1.56733227 7.13817291
v 2.40000000 1.56733227 7.13817291
v -0.00000000 1.61129513 7.14473572
v 2.40000000 1.61129513 7.14473572
v -0.00000000 1.65556946 7.14868317
v 2.40000000 1.65556946 7.14868317
v -0.00000000 1.70000000 7.15000000
v 2.40000000 1.70000000 7.15000000
v 2.40000000 2.22241325 5.86186943
v 2.40000000 2.25337505 5.89376259
v 2.40000000 2.18961658 5.83186646
v 2.40000000 2.28239288 5.92743416
v 2.40000000 2.30936508 5.96276550
v 2.40000000 2.15510006 5.80385933
v 2.40000000 2.08139839 5.75421715
v 2.40000000 2.11898499 5.77794571
v 2.40000000 2.33419704 5.99963264
v 2.40000000 2.35680122 6.03790588
v 2.40000000 2.04247189 5.73275719
v 2.40000000 2.37709846 6.07745094
v 2.40000000 2.39501724 6.11812935
v 2.40000000 2.00234261 5.71364098
v 2.40000000 2.41049480 6.15979767
v 2.40000000 1.96115131 5.69693527
v 2.40000000 1.91904259 5.68269920
v 2.40000000 2.42347660 6.20230980
v 2.40000000 2.43391743 6.24551620
v 2.40000000 1.87616463 5.67098274
v 2.40000000 1.83266773 5.66182709
v 2.40000000 2.44178009 6.28926506
v 2.40000000 1.78870487 5.65526428
v 2.40000000 2.44703732 6.33340302
v 2.40000000 2.44967060 6.37777519
v 2.40000000 1.74443054 5.65131721
v 2.40000000 2.44967060 6.42222519
v 2.40000000 2.44703732 6.46659698
v 2.40000000 1.67630367 6.00070267
v 2.40000000 1.65269070 6.00280762
v 2.40000000 2.44178009 6.51073456
v 2.40000000 2.43391743 6.55448380
v 2.40000000 1.62924385 6.00630760
v 2.40000000 1.60604553 6.01119080
v 2.40000000 2.42347660 6.59769058
v 2.40000000 1.58317728 6.01743965
v 2.40000000 2.41049480 6.64020233
v 2.40000000 1.56071930 6.02503204
v 2.40000000 2.39501724 6.68187103
v 2.40000000 1.53875065 6.03394165
v 2.40000000 2.37709846 6.72254868
v 2.40000000 1.51734829 6.04413719
v 2.40000000 2.35680122 6.76209412
v 2.40000000 1.49658756 6.05558243
v 2.40000000 2.33419704 6.80036774
v 2.40000000 2.30936508 6.83723450
v 2.40000000 1.47654133 6.06823769
v 2.40000000 1.45727997 6.08205833
v 2.40000000 2.28239288 6.87256622
v 2.40000000 2.25337505 6.90623703
v 2.40000000 1.43887119 6.09699554
v 2.40000000 1.42137957 6.11299706
v 2.40000000 2.22241325 6.93813019
v 2.40000000 1.40486670 6.13000679
v 2.40000000 2.18961658 6.96813354
v 2.40000000 1.38939047 6.14796486
v 2.40000000 1.37500525 6.16680832
v 2.40000000 2.15510006 6.99614105
v 2.40000000 2.11898499 7.02205429
v 2.40000000 1.36176157 6.18647079
v 2.40000000 2.08139839 7.04578247
v 2.40000000 1.34970598 6.20688324
v 2.40000000 2.04247189 7.06724319
v 2.40000000 1.33888083 6.22797394
v 2.40000000 2.00234261 7.08635941
v 2.40000000 1.32932415 6.24966888
v 2.40000000 1.32106943 6.27189217
v 2.40000000 1.96115131 7.10306473
v 2.40000000 1.91904259 7.11730042
v 2.40000000 1.31414576 6.29456520
v 2.40000000 1.30857744 6.31760864
v 2.40000000 1.87616463 7.12901688
v 2.40000000 1.30438395 6.34094124
v 2.40000000 1.83266773 7.13817291
v 2.40000000 1.30158005 6.36448174
v 2.40000000 1.78870487 7.14473572
v 2.40000000 1.74443054 7.14868317
v 2.40000000 1.30017567 6.38814659
v 2.40000000 1.30017567 6.41185303
v 2.40000000 1.67630367 6.79929733
v 2.40000000 1.65269070 6.79719238
v 2.40000000 1.30158005 6.43551865
v 2.40000000 1.62924385 6.79369202
v 2.40000000 1.30438395 6.45905838
v 2.40000000 1.30857744 6.48239136
v 2.40000000 1.31414576 6.50543518
v 2.40000000 1.60604553 6.78880920
v 2.40000000 1.58317728 6.78256073
v 2.40000000 1.32106943 6.52810822
v 2.40000000 1.56071930 6.77496796
v 2.40000000 1.32932415 6.55033112
v 2.40000000 1.53875065 6.76605835
v 2.40000000 1.33888083 6.57202606
v 2.40000000 1.51734829 6.75586319
v 2.40000000 1.34970598 6.59311676
v 2.40000000 1.49658756 6.74441757
v 2.40000000 1.36176157 6.61352921
v 2.40000000 1.47654133 6.73176193
v 2.40000000 1.37500525 6.63319168
v 2.40000000 1.38939047 6.65203476
v 2.40000000 1.45727997 6.71794205
v 2.40000000 1.43887119 6.70300446
v 2.40000000 1.40486670 6.66999283
v 2.40000000 1.42137957 6.68700256
v -0.00000000 2.25337505 5.89376259
v -0.00000000 2.22241325 5.86186943
v -0.00000000 2.18961658 5.83186646
v -0.00000000 2.28239288 5.92743416
v -0.00000000 2.15510006 5.80385933
v -0.00000000 2.30936508 5.96276550
v -0.00000000 2.11898499 5.77794571
v -0.00000000 2.08139839 5.75421715
v -0.00000000 2.33419704 5.99963264
v -0.00000000 2.35680122 6.03790588
v -0.00000000 2.04247189 5.73275719
v -0.00000000 2.37709846 6.07745094
v -0.00000000 2.39501724 6.11812935
v -0.00000000 2.00234261 5.71364098
v -0.00000000 1.96115131 5.69693527
v -0.00000000 2.41049480 6.15979767
v -0.00000000 1.91904259 5.68269920
v -0.00000000 2.42347660 6.20230980
v -0.00000000 1.87616463 5.67098274
v -0.00000000 1.83266773 5.66182709
v -0.00000000 2.43391743 6.24551620
v -0.00000000 2.44178009 6.28926506
v -0.00000000 2.44703732 6.33340302
v -0.00000000 1.78870487 5.65526428
v -0.00000000 2.44967060 6.37777519
v -0.00000000 1.74443054 5.65131721
v -0.00000000 2.44967060 6.42222519
v -0.00000000 1.67630367 6.00070267
v -0.00000000 2.44703732 6.46659698
v -0.00000000 1.65269070 6.00280762
v -0.00000000 2.44178009 6.51073456
v -0.00000000 1.62924385 6.00630760
v -0.00000000 2.43391743 6.55448380
v -0.00000000 1.60604553 6.01119080
v -0.00000000 2.42347660 6.59769058
v -0.00000000 2.41049480 6.64020233
v -0.00000000 1.58317728 6.01743965
v -0.00000000 1.56071930 6.02503204
v -0.00000000 2.39501724 6.68187103
v -0.00000000 1.53875065 6.03394165
v -0.00000000 2.37709846 6.72254868
v -0.00000000 1.51734829 6.04413719
v -0.00000000 2.35680122 6.76209412
v -0.00000000 1.49658756 6.05558243
v -0.00000000 2.33419704 6.80036774
v -0.00000000 1.47654133 6.06823769
v -0.00000000 2.30936508 6.83723450
v -0.00000000 1.45727997 6.08205833
v -0.00000000 2.28239288 6.87256622
v -0.00000000 2.25337505 6.90623703
v -0.00000000 1.43887119 6.09699554
v -0.00000000 1.42137957 6.11299706
v -0.00000000 2.22241325 6.93813019
v -0.00000000 1.40486670 6.13000679
v -0.00000000 2.18961658 6.96813354
v -0.00000000 1.37500525 6.16680832
v -0.00000000 1.38939047 6.14796486
v -0.00000000 2.15510006 6.99614105
v -0.00000000 2.11898499 7.02205429
v -0.00000000 1.36176157 6.18647079
v -0.00000000 2.08139839 7.04578247
v -0.00000000 1.34970598 6.20688324
v -0.00000000 2.04247189 7.06724319
v -0.00000000 1.33888083 6.22797394
v -0.00000000 2.00234261 7.08635941
v -0.00000000 1.32106943 6.27189217
v -0.00000000 1.32932415 6.24966888
v -0.00000000 1.96115131 7.10306473
v -0.00000000 1.31414576 6.29456520
v -0.00000000 1.91904259 7.11730042
v -0.00000000 1.87616463 7.12901688
v -0.00000000 1.30857744 6.31760864
v -0.00000000 1.83266773 7.13817291
v -0.00000000 1.30158005 6.36448174
v -0.00000000 1.30438395 6.34094124
v -0.00000000 1.78870487 7.14473572
v -0.00000000 1.30017567 6.38814659
v -0.00000000 1.74443054 7.14868317
v -0.00000000 1.30017567 6.41185303
v -0.00000000 1.67630367 6.79929733
v -0.00000000 1.65269070 6.79719238
v -0.00000000 1.30158005 6.43551865
v -0.00000000 1.30438395 6.45905838
v -0.00000000 1.62924385 6.79369202
v -0.00000000 1.31414576 6.50543518
v -0.00000000 1.30857744 6.48239136
v -0.00000000 1.60604553 6.78880920
v -0.00000000 1.58317728 6.78256073
v -0.00000000 1.32106943 6.52810822
v -0.00000000 1.56071930 6.77496796
v -0.00000000 1.32932415 6.55033112
v -0.00000000 1.53875065 6.76605835
v -0.00000000 1.34970598 6.59311676
v -0.00000000 1.33888083 6.57202606
v -0.00000000 1.51734829 6.75586319
v -0.00000000 1.49658756 6.74441757
v -0.00000000 1.37500525 6.63319168
v -0.00000000 1.36176157 6.61352921
v -0.00000000 1.47654133 6.73176193
v -0.00000000 1.45727997 6.71794205
v -0.00000000 1.40486670 6.66999283
v -0.00000000 1.38939047 6.65203476
v -0.00000000 1.43887119 6.70300446
v -0.00000000 1.42137957 6.68700256
v -0.00000000 -1.67630367 6.79929733
v 2.40000000 -1.65269070 6.79719238
v 2.40000000 -1.67630367 6.79929733
v 2.40000000 -1.70000000 6.80000000
v -0.00000000 -1.70000000 6.80000000
v -0.00000000 -1.65269070 6.79719238
v -0.00000000 -1.62924385 6.79369202
v 2.40000000 -1.62924385 6.79369202
v -0.00000000 -1.60604553 6.78880920
v 2.40000000 -1.60604553 6.78880920
v -0.00000000 -1.58317728 6.78256073
v 2.40000000 -1.58317728 6.78256073
v -0.00000000 -1.56071930 6.77496796
v 2.40000000 -1.56071930 6.77496796
v -0.00000000 -1.53875065 6.76605835
v 2.40000000 -1.53875065 6.76605835
v -0.00000000 -1.51734829 6.75586319
v 2.40000000 -1.51734829 6.75586319
v -0.00000000 -1.49658756 6.74441757
v 2.40000000 -1.49658756 6.74441757
v -0.00000000 -1.47654133 6.73176193
v 2.40000000 -1.45727997 6.71794205
v 2.40000000 -1.47654133 6.73176193
v -0.00000000 -1.45727997 6.71794205
v -0.00000000 -1.43887119 6.70300446
v 2.40000000 -1.43887119 6.70300446
v -0.00000000 -1.42137957 6.68700256
v 2.40000000 -1.42137957 6.68700256
v -0.00000000 -1.40486670 6.66999283
v 2.40000000 -1.38939047 6.65203476
v 2.40000000 -1.40486670 6.66999283
v -0.00000000 -1.38939047 6.65203476
v -0.00000000 -1.37500525 6.63319168
v 2.40000000 -1.37500525 6.63319168
v -0.00000000 -1.36176157 6.61352921
v 2.40000000 -1.36176157 6.61352921
v -0.00000000 -1.34970598 6.59311676
v 2.40000000 -1.33888083 6.57202606
v 2.40000000 -1.34970598 6.59311676
v -0.00000000 -1.33888083 6.57202606
v -0.00000000 -1.32932415 6.55033112
v 2.40000000 -1.32106943 6.52810822
v 2.40000000 -1.32932415 6.55033112
v -0.00000000 -1.32106943 6.52810822
v -0.00000000 -1.31414576 6.50543518
v 2.40000000 -1.31414576 6.50543518
v -0.00000000 -1.30857744 6.48239136
v 2.40000000 -1.30857744 6.48239136
v -0.00000000 -1.30438395 6.45905838
v 2.40000000 -1.30438395 6.45905838
v -0.00000000 -1.30158005 6.43551865
v 2.40000000 -1.30017567 6.41185303
v 2.40000000 -1.30158005 6.43551865
v -0.00000000 -1.30017567 6.41185303
v 2.40000000 -1.30017567 6.38814659
v -0.00000000 -1.30017567 6.38814659
v 2.40000000 -1.30158005 6.36448174
v -0.00000000 -1.30158005 6.36448174
v -0.00000000 -1.30438395 6.34094124
v 2.40000000 -1.30857744 6.31760864
v 2.40000000 -1.30438395 6.34094124
v -0.00000000 -1.30857744 6.31760864
v -0.00000000 -1.31414576 6.29456520
v 2.40000000 -1.32106943 6.27189217
v 2.40000000 -1.31414576 6.29456520
v -0.00000000 -1.32106943 6.27189217
v 2.40000000 -1.32932415 6.24966888
v -0.00000000 -1.32932415 6.24966888
v -0.00000000 -1.33888083 6.22797394
v 2.40000000 -1.33888083 6.22797394
v -0.00000000 -1.34970598 6.20688324
v 2.40000000 -1.36176157 6.18647079
v 2.40000000 -1.34970598 6.20688324
v -0.00000000 -1.36176157 6.18647079
v -0.00000000 -1.37500525 6.16680832
v 2.40000000 -1.37500525 6.16680832
v -0.00000000 -1.38939047 6.14796486
v 2.40000000 -1.38939047 6.14796486
v -0.00000000 -1.40486670 6.13000679
v 2.40000000 -1.40486670 6.13000679
v -0.00000000 -1.42137957 6.11299706
v 2.40000000 -1.42137957 6.11299706
v -0.00000000 -1.43887119 6.09699554
v 2.40000000 -1.43887119 6.09699554
v -0.00000000 -1.45727997 6.08205833
v 2.40000000 -1.45727997 6.08205833
v -0.00000000 -1.47654133 6.06823769
v 2.40000000 -1.47654133 6.06823769
v -0.00000000 -1.49658756 6.05558243
v 2.40000000 -1.49658756 6.05558243
v -0.00000000 -1.51734829 6.04413719
v 2.40000000 -1.51734829 6.04413719
v -0.00000000 -1.53875065 6.03394165
v 2.40000000 -1.53875065 6.03394165
v -0.00000000 -1.56071930 6.02503204
v 2.40000000 -1.56071930 6.02503204
v -0.00000000 -1.58317728 6.01743965
v 2.40000000 -1.60604553 6.01119080
v 2.40000000 -1.58317728 6.01743965
v -0.00000000 -1.60604553 6.01119080
v -0.00000000 -1.62924385 6.00630760
v 2.40000000 -1.62924385 6.00630760
v -0.00000000 -1.65269070 6.00280762
v 2.40000000 -1.65269070 6.00280762
v -0.00000000 -1.67630367 6.00070267
v 2.40000000 -1.67630367 6.00070267
v -0.00000000 -1.70000000 6.00000000
v 2.40000000 -1.70000000 6.00000000
v -0.00000000 -1.74443054 5.65131721
v -0.00000000 -1.70000000 5.65000000
v 2.40000000 -1.70000000 5.65000000
v 2.40000000 -1.74443054 5.65131721
v 2.40000000 -1.78870487 5.65526428
v -0.00000000 -1.78870487 5.65526428
v -0.00000000 -1.83266773 5.66182709
v 2.40000000 -1.83266773 5.66182709
v -0.00000000 -1.87616463 5.67098274
v 2.40000000 -1.87616463 5.67098274
v -0.00000000 -1.91904259 5.68269920
v 2.40000000 -1.91904259 5.68269920
v -0.00000000 -1.96115131 5.69693527
v 2.40000000 -1.96115131 5.69693527
v -0.00000000 -2.00234261 5.71364098
v 2.40000000 -2.00234261 5.71364098
v -0.00000000 -2.04247189 5.73275719
v 2.40000000 -2.04247189 5.73275719
v -0.00000000 -2.08139839 5.75421715
v 2.40000000 -2.08139839 5.75421715
v -0.00000000 -2.11898499 5.77794571
v 2.40000000 -2.11898499 5.77794571
v 2.40000000 -2.15510006 5.80385933
v -0.00000000 -2.15510006 5.80385933
v -0.00000000 -2.18961658 5.83186646
v 2.40000000 -2.18961658 5.83186646
v -0.00000000 -2.22241325 5.86186943
v 2.40000000 -2.22241325 5.86186943
v -0.00000000 -2.25337505 5.89376259
v 2.40000000 -2.25337505 5.89376259
v -0.00000000 -2.28239288 5.92743416
v 2.40000000 -2.28239288 5.92743416
v 2.40000000 -2.30936508 5.96276550
v -0.00000000 -2.30936508 5.96276550
v -0.00000000 -2.33419704 5.99963264
v 2.40000000 -2.33419704 5.99963264
v -0.00000000 -2.35680122 6.03790588
v 2.40000000 -2.35680122 6.03790588
v 2.40000000 -2.37709846 6.07745094
v -0.00000000 -2.37709846 6.07745094
v -0.00000000 -2.39501724 6.11812935
v 2.40000000 -2.39501724 6.11812935
v -0.00000000 -2.41049480 6.15979767
v 2.40000000 -2.41049480 6.15979767
v -0.00000000 -2.42347660 6.20230980
v 2.40000000 -2.42347660 6.20230980
v -0.00000000 -2.43391743 6.24551620
v 2.40000000 -2.43391743 6.24551620
v 2.40000000 -2.44178009 6.28926506
v -0.00000000 -2.44178009 6.28926506
v -0.00000000 -2.44703732 6.33340302
v 2.40000000 -2.44703732 6.33340302
v -0.00000000 -2.44967060 6.37777519
v 2.40000000 -2.44967060 6.37777519
v -0.00000000 -2.44967060 6.42222519
v 2.40000000 -2.44967060 6.42222519
v -0.00000000 -2.44703732 6.46659698
v 2.40000000 -2.44703732 6.46659698
v -0.00000000 -2.44178009 6.51073456
v 2.40000000 -2.44178009 6.51073456
v -0.00000000 -2.43391743 6.55448380
v 2.40000000 -2.43391743 6.55448380
v 2.40000000 -2.42347660 6.59769058
v -0.00000000 -2.42347660 6.59769058
v -0.00000000 -2.41049480 6.64020233
v 2.40000000 -2.41049480 6.64020233
v -0.00000000 -2.39501724 6.68187103
v 2.40000000 -2.39501724 6.68187103
v -0.00000000 -2.37709846 6.72254868
v 2.40000000 -2.37709846 6.72254868
v 2.40000000 -2.35680122 6.76209412
v -0.00000000 -2.35680122 6.76209412
v 2.40000000 -2.33419704 6.80036774
v -0.00000000 -2.33419704 6.80036774
v -0.00000000 -2.30936508 6.83723450
v 2.40000000 -2.30936508 6.83723450
v -0.00000000 -2.28239288 6.87256622
v 2.40000000 -2.28239288 6.87256622
v -0.00000000 -2.25337505 6.90623703
v 2.40000000 -2.25337505 6.90623703
v 2.40000000 -2.22241325 6.93813019
v -0.00000000 -2.22241325 6.93813019
v -0.00000000 -2.18961658 6.96813354
v 2.40000000 -2.18961658 6.96813354
v -0.00000000 -2.15510006 6.99614105
v 2.40000000 -2.15510006 6.99614105
v -0.00000000 -2.11898499 7.02205429
v 2.40000000 -2.11898499 7.02205429
v -0.00000000 -2.08139839 7.04578247
v 2.40000000 -2.08139839 7.04578247
v -0.00000000 -2.04247189 7.06724319
v 2.40000000 -2.04247189 7.06724319
v -0.00000000 -2.00234261 7.08635941
v 2.40000000 -2.00234261 7.08635941
v -0.00000000 -1.96115131 7.10306473
v 2.40000000 -1.96115131 7.10306473
v 2.40000000 -1.91904259 7.11730042
v -0.00000000 -1.91904259 7.11730042
v -0.00000000 -1.87616463 7.12901688
v 2.40000000 -1.87616463 7.12901688
v -0.00000000 -1.83266773 7.13817291
v 2.40000000 -1.83266773 7.13817291
v -0.00000000 -1.78870487 7.14473572
v 2.40000000 -1.78870487 7.14473572
v -0.00000000 -1.74443054 7.14868317
v 2.40000000 -1.74443054 7.14868317
v -0.00000000 -1.70000000 7.15000000
v 2.40000000 -1.70000000 7.15000000
v 2.40000000 -1.17758675 5.86186943
v 2.40000000 -1.14662504 5.89376259
v 2.40000000 -1.21038342 5.83186646
v 2.40000000 -1.11760712 5.92743416
v 2.40000000 -1.09063482 5.96276550
v 2.40000000 -1.24489985 5.80385933
v 2.40000000 -1.31860170 5.75421715
v 2.40000000 -1.28101492 5.77794571
v 2.40000000 -1.06580296 5.99963264
v 2.40000000 -1.04319878 6.03790588
v 2.40000000 -1.35752811 5.73275719
v 2.40000000 -1.02290163 6.07745094
v 2.40000000 -1.00498276 6.11812935
v 2.40000000 -1.39765739 5.71364098
v 2.40000000 -0.98950520 6.15979767
v 2.40000000 -1.43884878 5.69693527
v 2.40000000 -1.48095741 5.68269920
v 2.40000000 -0.97652330 6.20230980
v 2.40000000 -0.96608267 6.24551620
v 2.40000000 -1.52383547 5.67098274
v 2.40000000 -1.56733227 5.66182709
v 2.40000000 -0.95821981 6.28926506
v 2.40000000 -1.61129513 5.65526428
v 2.40000000 -0.95296259 6.33340302
v 2.40000000 -0.95032940 6.37777519
v 2.40000000 -1.65556946 5.65131721
v 2.40000000 -0.95032940 6.42222519
v 2.40000000 -0.95296259 6.46659698
v 2.40000000 -1.72369633 6.00070267
v 2.40000000 -1.74730930 6.00280762
v 2.40000000 -0.95821981 6.51073456
v 2.40000000 -0.96608267 6.55448380
v 2.40000000 -1.77075615 6.00630760
v 2.40000000 -1.79395447 6.01119080
v 2.40000000 -0.97652330 6.59769058
v 2.40000000 -1.81682262 6.01743965
v 2.40000000 -0.98950520 6.64020233
v 2.40000000 -1.83928070 6.02503204
v 2.40000000 -1.00498276 6.68187103
v 2.40000000 -1.86124935 6.03394165
v 2.40000000 -1.02290163 6.72254868
v 2.40000000 -1.88265171 6.04413719
v 2.40000000 -1.04319878 6.76209412
v 2.40000000 -1.90341244 6.05558243
v 2.40000000 -1.06580296 6.80036774
v 2.40000000 -1.09063482 6.83723450
v 2.40000000 -1.92345867 6.06823769
v 2.40000000 -1.94272003 6.08205833
v 2.40000000 -1.11760712 6.87256622
v 2.40000000 -1.14662504 6.90623703
v 2.40000000 -1.96112881 6.09699554
v 2.40000000 -1.97862034 6.11299706
v 2.40000000 -1.17758675 6.93813019
v 2.40000000 -1.99513340 6.13000679
v 2.40000000 -1.21038342 6.96813354
v 2.40000000 -2.01060963 6.14796486
v 2.40000000 -2.02499466 6.16680832
v 2.40000000 -1.24489985 6.99614105
v 2.40000000 -1.28101492 7.02205429
v 2.40000000 -2.03823833 6.18647079
v 2.40000000 -1.31860170 7.04578247
v 2.40000000 -2.05029392 6.20688324
v 2.40000000 -1.35752811 7.06724319
v 2.40000000 -2.06111908 6.22797394
v 2.40000000 -1.39765739 7.08635941
v 2.40000000 -2.07067585 6.24966888
v 2.40000000 -2.07893047 6.27189217
v 2.40000000 -1.43884878 7.10306473
v 2.40000000 -1.48095741 7.11730042
v 2.40000000 -2.08585415 6.29456520
v 2.40000000 -2.09142265 6.31760864
v 2.40000000 -1.52383547 7.12901688
v 2.40000000 -2.09561615 6.34094124
v 2.40000000 -1.56733227 7.13817291
v 2.40000000 -2.09841995 6.36448174
v 2.40000000 -1.61129513 7.14473572
v 2.40000000 -1.65556946 7.14868317
v 2.40000000 -2.09982433 6.38814659
v 2.40000000 -2.09982433 6.41185303
v 2.40000000 -1.72369633 6.79929733
v 2.40000000 -1.74730930 6.79719238
v 2.40000000 -2.09841995 6.43551865
v 2.40000000 -1.77075615 6.79369202
v 2.40000000 -2.09561615 6.45905838
v 2.40000000 -2.09142265 6.48239136
v 2.40000000 -2.08585415 6.50543518
v 2.40000000 -1.79395447 6.78880920
v 2.40000000 -1.81682262 6.78256073
v 2.40000000 -2.07893047 6.52810822
v 2.40000000 -1.83928070 6.77496796
v 2.40000000 -2.07067585 6.55033112
v 2.40000000 -1.86124935 6.76605835
v 2.40000000 -2.06111908 6.57202606
v 2.40000000 -1.88265171 6.75586319
v 2.40000000 -2.05029392 6.59311676
v 2.40000000 -1.90341244 6.74441757
v 2.40000000 -2.03823833 6.61352921
v 2.40000000 -1.92345867 6.73176193
v 2.40000000 -2.02499466 6.63319168
v 2.40000000 -2.01060963 6.65203476
v 2.40000000 -1.94272003 6.71794205
v 2.40000000 -1.96112881 6.70300446
v 2.40000000 -1.99513340 6.66999283
v 2.40000000 -1.97862034 6.68700256
v -0.00000000 -1.14662504 5.89376259
v -0.00000000 -1.17758675 5.86186943
v -0.00000000 -1.21038342 5.83186646
v -0.00000000 -1.11760712 5.92743416
v -0.00000000 -1.09063482 5.96276550
v -0.00000000 -1.24489985 5.80385933
v -0.00000000 -1.28101492 5.77794571
v -0.00000000 -1.31860170 5.75421715
v -0.00000000 -1.06580296 5.99963264
v -0.00000000 -1.04319878 6.03790588
v -0.00000000 -1.35752811 5.73275719
v -0.00000000 -1.02290163 6.07745094
v -0.00000000 -1.00498276 6.11812935
v -0.00000000 -1.39765739 5.71364098
v -0.00000000 -0.98950520 6.15979767
v -0.00000000 -1.43884878 5.69693527
v -0.00000000 -1.48095741 5.68269920
v -0.00000000 -0.97652330 6.20230980
v -0.00000000 -0.96608267 6.24551620
v -0.00000000 -1.52383547 5.67098274
v -0.00000000 -1.56733227 5.66182709
v -0.00000000 -0.95821981 6.28926506
v -0.00000000 -1.61129513 5.65526428
v -0.00000000 -0.95296259 6.33340302
v -0.00000000 -0.95032940 6.37777519
v -0.00000000 -1.65556946 5.65131721
v -0.00000000 -0.95032940 6.42222519
v -0.00000000 -0.95296259 6.46659698
v -0.00000000 -1.72369633 6.00070267
v -0.00000000 -1.74730930 6.00280762
v -0.00000000 -0.95821981 6.51073456
v -0.00000000 -0.96608267 6.55448380
v -0.00000000 -1.77075615 6.00630760
v -0.00000000 -1.79395447 6.01119080
v -0.00000000 -0.97652330 6.59769058
v -0.00000000 -1.81682262 6.01743965
v -0.00000000 -0.98950520 6.64020233
v -0.00000000 -1.83928070 6.02503204
v -0.00000000 -1.00498276 6.68187103
v -0.00000000 -1.86124935 6.03394165
v -0.00000000 -1.02290163 6.72254868
v -0.00000000 -1.88265171 6.04413719
v -0.00000000 -1.04319878 6.76209412
v -0.00000000 -1.90341244 6.05558243
v -0.00000000 -1.06580296 6.80036774
v -0.00000000 -1.09063482 6.83723450
v -0.00000000 -1.92345867 6.06823769
v -0.00000000 -1.94272003 6.08205833
v -0.00000000 -1.11760712 6.87256622
v -0.00000000 -1.14662504 6.90623703
v -0.00000000 -1.96112881 6.09699554
v -0.00000000 -1.97862034 6.11299706
v -0.00000000 -1.17758675 6.93813019
v -0.00000000 -1.99513340 6.13000679
v -0.00000000 -1.21038342 6.96813354
v -0.00000000 -2.02499466 6.16680832
v -0.00000000 -2.01060963 6.14796486
v -0.00000000 -1.24489985 6.99614105
v -0.00000000 -1.28101492 7.02205429
v -0.00000000 -2.03823833 6.18647079
v -0.00000000 -1.31860170 7.04578247
v -0.00000000 -2.05029392 6.20688324
v -0.00000000 -1.35752811 7.06724319
v -0.00000000 -2.06111908 6.22797394
v -0.00000000 -1.39765739 7.08635941
v -0.00000000 -2.07893047 6.27189217
v -0.00000000 -2.07067585 6.24966888
v -0.00000000 -1.43884878 7.10306473
v -0.00000000 -1.48095741 7.11730042
v -0.00000000 -2.09142265 6.31760864
v -0.00000000 -2.08585415 6.29456520
v -0.00000000 -1.52383547 7.12901688
v -0.00000000 -2.09561615 6.34094124
v -0.00000000 -1.56733227 7.13817291
v -0.00000000 -2.09841995 6.36448174
v -0.00000000 -1.61129513 7.14473572
v -0.00000000 -1.65556946 7.14868317
v -0.00000000 -2.09982433 6.41185303
v -0.00000000 -2.09982433 6.38814659
v -0.00000000 -1.72369633 6.79929733
v -0.00000000 -1.74730930 6.79719238
v -0.00000000 -2.09841995 6.43551865
v -0.00000000 -1.77075615 6.79369202
v -0.00000000 -2.09561615 6.45905838
v -0.00000000 -2.08585415 6.50543518
v -0.00000000 -2.09142265 6.48239136
v -0.00000000 -1.79395447 6.78880920
v -0.00000000 -1.81682262 6.78256073
v -0.00000000 -2.07893047 6.52810822
v -0.00000000 -1.83928070 6.77496796
v -0.00000000 -2.07067585 6.55033112
v -0.00000000 -1.86124935 6.76605835
v -0.00000000 -2.06111908 6.57202606
v -0.00000000 -1.88265171 6.75586319
v -0.00000000 -2.05029392 6.59311676
v -0.00000000 -1.90341244 6.74441757
v -0.00000000 -2.03823833 6.61352921
v -0.00000000 -1.92345867 6.73176193
v -0.00000000 -2.01060963 6.65203476
v -0.00000000 -2.02499466 6.63319168
v -0.00000000 -1.94272003 6.71794205
v -0.00000000 -1.96112881 6.70300446
v -0.00000000 -1.99513340 6.66999283
v -0.00000000 -1.97862034 6.68700256
v 0.60000000 -0.75285716 14.87495117
v 1.30000000 -0.73360395 14.87438202
v 1.30000000 -0.75285716 14.87495117
v 0.60000000 -0.73360395 14.87438202
v 1.30000000 -0.71441832 14.87267151
v 0.60000000 -0.71441832 14.87267151
v 1.30000000 -0.69536767 14.86982880
v 0.60000000 -0.69536767 14.86982880
v 1.30000000 -0.67651892 14.86586151
v 0.60000000 -0.67651892 14.86586151
v 1.30000000 -0.65793824 14.86078491
v 0.60000000 -0.65793824 14.86078491
v 1.30000000 -0.63969097 14.85461731
v 0.60000000 -0.63969097 14.85461731
v 1.30000000 -0.62184114 14.84737854
v 0.60000000 -0.62184114 14.84737854
v 1.30000000 -0.60445151 14.83909454
v 0.60000000 -0.60445151 14.83909454
v 1.30000000 -0.58758311 14.82979584
v 0.60000000 -0.58758311 14.82979584
v 1.30000000 -0.57129517 14.81951447
v 0.60000000 -0.57129517 14.81951447
v 1.30000000 -0.55564499 14.80828552
v 0.60000000 -0.55564499 14.80828552
v 1.30000000 -0.54068747 14.79615021
v 0.60000000 -0.54068747 14.79615021
v 1.30000000 -0.52647514 14.78314819
v 0.60000000 -0.52647514 14.78314819
v 1.30000000 -0.51305795 14.76932831
v 0.60000000 -0.51305795 14.76932831
v 1.30000000 -0.50048304 14.75473785
v 0.60000000 -0.50048304 14.75473785
v 1.30000000 -0.48879457 14.73942871
v 0.60000000 -0.48879457 14.73942871
v 1.30000000 -0.47803359 14.72345276
v 0.60000000 -0.47803359 14.72345276
v 1.30000000 -0.46823792 14.70686798
v 0.60000000 -0.46823792 14.70686798
v 0.60000000 -0.45944190 14.68973236
v 1.30000000 -0.45944190 14.68973236
v 0.60000000 -0.45167651 14.67210541
v 1.30000000 -0.44496899 14.65404968
v 1.30000000 -0.45167651 14.67210541
v 0.60000000 -0.44496899 14.65404968
v 0.60000000 -0.43934288 14.63562775
v 1.30000000 -0.43481798 14.61690521
v 1.30000000 -0.43934288 14.63562775
v 0.60000000 -0.43481798 14.61690521
v 0.60000000 -0.43141017 14.59794769
v 1.30000000 -0.43141017 14.59794769
v 0.60000000 -0.42913141 14.57882080
v 1.30000000 -0.42913141 14.57882080
v 0.60000000 -0.42798972 14.55959320
v 1.30000000 -0.42798972 14.55959320
v 0.60000000 -0.42798910 14.54033051
v 1.30000000 -0.42798910 14.54033051
v 0.60000000 -0.42912960 14.52110291
v 1.30000000 -0.42912960 14.52110291
v 0.60000000 -0.43140712 14.50197601
v 1.30000000 -0.43140712 14.50197601
v 0.60000000 -0.43481369 14.48301849
v 1.30000000 -0.43481369 14.48301849
v 0.60000000 -0.43933740 14.46429596
v 1.30000000 -0.43933740 14.46429596
v 0.60000000 -0.44496231 14.44587402
v 1.30000000 -0.44496231 14.44587402
v 0.60000000 -0.45166864 14.42781677
v 1.30000000 -0.45166864 14.42781677
v 0.60000000 -0.45943289 14.41018982
v 1.30000000 -0.45943289 14.41018982
v 0.60000000 -0.46822782 14.39305267
v 1.30000000 -0.46822782 14.39305267
v 0.60000000 -0.47802243 14.37646790
v 1.30000000 -0.47802243 14.37646790
v 0.60000000 -0.48878236 14.36049194
v 1.30000000 -0.48878236 14.36049194
v 0.60000000 -0.50046988 14.34518127
v 1.30000000 -0.50046988 14.34518127
v 0.60000000 -0.51304383 14.33058929
v 1.30000000 -0.51304383 14.33058929
v 0.60000000 -0.52646012 14.31676941
v 1.30000000 -0.52646012 14.31676941
v 0.60000000 -0.54067159 14.30376740
v 1.30000000 -0.54067159 14.30376740
v 0.60000000 -0.55562835 14.29163055
v 1.30000000 -0.55562835 14.29163055
v 0.60000000 -0.57127781 14.28040009
v 1.30000000 -0.57127781 14.28040009
v 0.60000000 -0.58756509 14.27011719
v 1.30000000 -0.58756509 14.27011719
v 0.60000000 -0.60443292 14.26081848
v 1.30000000 -0.60443292 14.26081848
v 0.60000000 -0.62182202 14.25253296
v 1.30000000 -0.62182202 14.25253296
v 0.60000000 -0.63967137 14.24529419
v 1.30000000 -0.63967137 14.24529419
v 0.60000000 -0.65791826 14.23912354
v 1.30000000 -0.65791826 14.23912354
v 0.60000000 -0.67649856 14.23404694
v 1.30000000 -0.67649856 14.23404694
v 0.60000000 -0.69534707 14.23007813
v 1.30000000 -0.69534707 14.23007813
v 0.60000000 -0.71439753 14.22723389
v 1.30000000 -0.71439753 14.22723389
v 0.60000000 -0.73358307 14.22552338
v 1.30000000 -0.73358307 14.22552338
v 0.60000000 -0.75283623 14.22495117
v 1.30000000 -0.75283623 14.22495117
v 0.60000000 -1.24983416 12.97493591
v 1.30000000 -1.23058100 12.97436523
v 1.30000000 -1.24983416 12.97493591
v 0.60000000 -1.23058100 12.97436523
v 1.30000000 -1.21139536 12.97265625
v 0.60000000 -1.21139536 12.97265625
v 1.30000000 -1.19234467 12.96981201
v 0.60000000 -1.19234467 12.96981201
v 1.30000000 -1.17349596 12.96584473
v 0.60000000 -1.17349596 12.96584473
v 1.30000000 -1.15491524 12.96076813
v 0.60000000 -1.15491524 12.96076813
v 1.30000000 -1.13666801 12.95460052
v 0.60000000 -1.13666801 12.95460052
v 1.30000000 -1.11881819 12.94736176
v 0.60000000 -1.11881819 12.94736176
v 1.30000000 -1.10142851 12.93907928
v 0.60000000 -1.10142851 12.93907928
v 1.30000000 -1.08456011 12.92978058
v 0.60000000 -1.08456011 12.92978058
v 1.30000000 -1.06827221 12.91949768
v 0.60000000 -1.06827221 12.91949768
v 1.30000000 -1.05262203 12.90827026
v 0.60000000 -1.05262203 12.90827026
v 1.30000000 -1.03766441 12.89613342
v 0.60000000 -1.03766441 12.89613342
v 1.30000000 -1.02345219 12.88313293
v 0.60000000 -1.02345219 12.88313293
v 1.30000000 -1.01003494 12.86931305
v 0.60000000 -1.01003494 12.86931305
v 1.30000000 -0.99746008 12.85472260
v 0.60000000 -0.99746008 12.85472260
v 1.30000000 -0.98577156 12.83941193
v 0.60000000 -0.98577156 12.83941193
v 1.30000000 -0.97501059 12.82343750
v 0.60000000 -0.97501059 12.82343750
v 1.30000000 -0.96521492 12.80685272
v 0.60000000 -0.96521492 12.80685272
v 0.60000000 -0.95641890 12.78971634
v 1.30000000 -0.95641890 12.78971634
v 0.60000000 -0.94865351 12.77208939
v 1.30000000 -0.94194603 12.75403290
v 1.30000000 -0.94865351 12.77208939
v 0.60000000 -0.94194603 12.75403290
v 0.60000000 -0.93631992 12.73561172
v 1.30000000 -0.93179502 12.71688843
v 1.30000000 -0.93631992 12.73561172
v 0.60000000 -0.93179502 12.71688843
v 0.60000000 -0.92838717 12.69793091
v 1.30000000 -0.92838717 12.69793091
v 0.60000000 -0.92610846 12.67880478
v 1.30000000 -0.92610846 12.67880478
v 0.60000000 -0.92496672 12.65957718
v 1.30000000 -0.92496672 12.65957718
v 0.60000000 -0.92496614 12.64031525
v 1.30000000 -0.92496614 12.64031525
v 0.60000000 -0.92610655 12.62108765
v 1.30000000 -0.92610655 12.62108765
v 0.60000000 -0.92838411 12.60196075
v 1.30000000 -0.92838411 12.60196075
v 0.60000000 -0.93179073 12.58300247
v 1.30000000 -0.93179073 12.58300247
v 0.60000000 -0.93631439 12.56427994
v 1.30000000 -0.93631439 12.56427994
v 0.60000000 -0.94193926 12.54585800
v 1.30000000 -0.94193926 12.54585800
v 0.60000000 -0.94864569 12.52780151
v 1.30000000 -0.94864569 12.52780151
v 0.60000000 -0.95640993 12.51017380
v 1.30000000 -0.95640993 12.51017380
v 0.60000000 -0.96520481 12.49303741
v 1.30000000 -0.96520481 12.49303741
v 0.60000000 -0.97499943 12.47645187
v 1.30000000 -0.97499943 12.47645187
v 0.60000000 -0.98575935 12.46047592
v 1.30000000 -0.98575935 12.46047592
v 0.60000000 -0.99744682 12.44516525
v 1.30000000 -0.99744682 12.44516525
v 0.60000000 -1.01002083 12.43057404
v 1.30000000 -1.01002083 12.43057404
v 0.60000000 -1.02343712 12.41675262
v 1.30000000 -1.02343712 12.41675262
v 0.60000000 -1.03764858 12.40375137
v 1.30000000 -1.03764858 12.40375137
v 0.60000000 -1.05260534 12.39161453
v 1.30000000 -1.05260534 12.39161453
v 0.60000000 -1.06825485 12.38038483
v 1.30000000 -1.06825485 12.38038483
v 0.60000000 -1.08454208 12.37010193
v 1.30000000 -1.08454208 12.37010193
v 0.60000000 -1.10140991 12.36080170
v 1.30000000 -1.10140991 12.36080170
v 0.60000000 -1.11879902 12.35251770
v 1.30000000 -1.11879902 12.35251770
v 0.60000000 -1.13664837 12.34527740
v 1.30000000 -1.13664837 12.34527740
v 0.60000000 -1.15489531 12.33910828
v 1.30000000 -1.15489531 12.33910828
v 0.60000000 -1.17347555 12.33403015
v 1.30000000 -1.17347555 12.33403015
v 0.60000000 -1.19232407 12.33006210
v 1.30000000 -1.19232407 12.33006210
v 0.60000000 -1.21137457 12.32721786
v 1.30000000 -1.21137457 12.32721786
v 0.60000000 -1.23056011 12.32550659
v 1.30000000 -1.23056011 12.32550659
v 0.60000000 -1.24981327 12.32493515
v 1.30000000 -1.24981327 12.32493515
v 0.60000000 0.75306644 14.87500000
v 1.30000000 0.77231970 14.87442932
v 1.30000000 0.75306644 14.87500000
v 0.60000000 0.77231970 14.87442932
v 1.30000000 0.79150534 14.87272034
v 0.60000000 0.79150534 14.87272034
v 1.30000000 0.81055593 14.86987610
v 0.60000000 0.81055593 14.86987610
v 1.30000000 0.82940474 14.86591034
v 0.60000000 0.82940474 14.86591034
v 1.30000000 0.84798536 14.86083374
v 0.60000000 0.84798536 14.86083374
v 1.30000000 0.86623268 14.85466461
v 0.60000000 0.86623268 14.85466461
v 1.30000000 0.88408251 14.84742584
v 0.60000000 0.88408251 14.84742584
v 1.30000000 0.90147209 14.83914337
v 0.60000000 0.90147209 14.83914337
v 1.30000000 0.91834049 14.82984467
v 0.60000000 0.91834049 14.82984467
v 1.30000000 0.93462849 14.81956329
v 0.60000000 0.93462849 14.81956329
v 1.30000000 0.95027866 14.80833435
v 0.60000000 0.95027866 14.80833435
v 1.30000000 0.96523619 14.79619751
v 0.60000000 0.96523619 14.79619751
v 1.30000000 0.97944851 14.78319702
v 0.60000000 0.97944851 14.78319702
v 1.30000000 0.99286566 14.76937714
v 0.60000000 0.99286566 14.76937714
v 1.30000000 1.00544062 14.75478668
v 0.60000000 1.00544062 14.75478668
v 1.30000000 1.01712904 14.73947754
v 0.60000000 1.01712904 14.73947754
v 1.30000000 1.02789001 14.72350159
v 0.60000000 1.02789001 14.72350159
v 1.30000000 1.03768568 14.70691681
v 0.60000000 1.03768568 14.70691681
v 0.60000000 1.04648170 14.68978119
v 1.30000000 1.04648170 14.68978119
v 0.60000000 1.05424709 14.67215424
v 1.30000000 1.06095467 14.65409698
v 1.30000000 1.05424709 14.67215424
v 0.60000000 1.06095467 14.65409698
v 0.60000000 1.06658077 14.63567657
v 1.30000000 1.07110567 14.61695404
v 1.30000000 1.06658077 14.63567657
v 0.60000000 1.07110567 14.61695404
v 0.60000000 1.07451344 14.59799500
v 1.30000000 1.07451344 14.59799500
v 0.60000000 1.07679224 14.57886963
v 1.30000000 1.07679224 14.57886963
v 0.60000000 1.07793388 14.55964203
v 1.30000000 1.07793388 14.55964203
v 0.60000000 1.07793455 14.54037933
v 1.30000000 1.07793455 14.54037933
v 0.60000000 1.07679405 14.52115173
v 1.30000000 1.07679405 14.52115173
v 0.60000000 1.07451649 14.50202484
v 1.30000000 1.07451649 14.50202484
v 0.60000000 1.07110996 14.48306732
v 1.30000000 1.07110996 14.48306732
v 0.60000000 1.06658621 14.46434479
v 1.30000000 1.06658621 14.46434479
v 0.60000000 1.06096134 14.44592285
v 1.30000000 1.06096134 14.44592285
v 0.60000000 1.05425501 14.42786560
v 1.30000000 1.05425501 14.42786560
v 0.60000000 1.04649076 14.41023865
v 1.30000000 1.04649076 14.41023865
v 0.60000000 1.03769579 14.39310150
v 1.30000000 1.03769579 14.39310150
v 0.60000000 1.02790117 14.37651672
v 1.30000000 1.02790117 14.37651672
v 0.60000000 1.01714125 14.36054077
v 1.30000000 1.01714125 14.36054077
v 0.60000000 1.00545378 14.34523010
v 1.30000000 1.00545378 14.34523010
v 0.60000000 0.99287977 14.33063812
v 1.30000000 0.99287977 14.33063812
v 0.60000000 0.97946348 14.31681671
v 1.30000000 0.97946348 14.31681671
v 0.60000000 0.96525202 14.30381622
v 1.30000000 0.96525202 14.30381622
v 0.60000000 0.95029526 14.29167938
v 1.30000000 0.95029526 14.29167938
v 0.60000000 0.93464584 14.28044891
v 1.30000000 0.93464584 14.28044891
v 0.60000000 0.91835852 14.27016602
v 1.30000000 0.91835852 14.27016602
v 0.60000000 0.90149069 14.26086578
v 1.30000000 0.90149069 14.26086578
v 0.60000000 0.88410158 14.25258179
v 1.30000000 0.88410158 14.25258179
v 0.60000000 0.86625223 14.24534149
v 1.30000000 0.86625223 14.24534149
v 0.60000000 0.84800539 14.23917236
v 1.30000000 0.84800539 14.23917236
v 0.60000000 0.82942505 14.23409576
v 1.30000000 0.82942505 14.23409576
v 0.60000000 0.81057653 14.23012695
v 1.30000000 0.81057653 14.23012695
v 0.60000000 0.79152608 14.22728271
v 1.30000000 0.79152608 14.22728271
v 0.60000000 0.77234058 14.22557068
v 1.30000000 0.77234058 14.22557068
v 0.60000000 0.75308738 14.22500000
v 1.30000000 0.75308738 14.22500000
v 0.60000000 1.25016584 12.97501526
v 1.30000000 1.26941900 12.97444611
v 1.30000000 1.25016584 12.97501526
v 0.60000000 1.26941900 12.97444611
v 1.30000000 1.28860464 12.97273560
v 0.60000000 1.28860464 12.97273560
v 1.30000000 1.30765533 12.96989288
v 0.60000000 1.30765533 12.96989288
v 1.30000000 1.32650404 12.96592560
v 0.60000000 1.32650404 12.96592560
v 1.30000000 1.34508476 12.96084900
v 0.60000000 1.34508476 12.96084900
v 1.30000000 1.36333199 12.95468140
v 0.60000000 1.36333199 12.95468140
v 1.30000000 1.38118181 12.94744263
v 0.60000000 1.38118181 12.94744263
v 1.30000000 1.39857149 12.93915863
v 0.60000000 1.39857149 12.93915863
v 1.30000000 1.41543989 12.92985992
v 0.60000000 1.41543989 12.92985992
v 1.30000000 1.43172779 12.91957855
v 0.60000000 1.43172779 12.91957855
v 1.30000000 1.44737797 12.90834961
v 0.60000000 1.44737797 12.90834961
v 1.30000000 1.46233559 12.89621429
v 0.60000000 1.46233559 12.89621429
v 1.30000000 1.47654781 12.88321381
v 0.60000000 1.47654781 12.88321381
v 1.30000000 1.48996506 12.86939392
v 0.60000000 1.48996506 12.86939392
v 1.30000000 1.50253992 12.85480194
v 0.60000000 1.50253992 12.85480194
v 1.30000000 1.51422844 12.83949280
v 0.60000000 1.51422844 12.83949280
v 1.30000000 1.52498941 12.82351685
v 0.60000000 1.52498941 12.82351685
v 1.30000000 1.53478508 12.80693207
v 0.60000000 1.53478508 12.80693207
v 0.60000000 1.54358110 12.78979645
v 1.30000000 1.54358110 12.78979645
v 0.60000000 1.55134649 12.77216949
v 1.30000000 1.55805397 12.75411377
v 1.30000000 1.55134649 12.77216949
v 0.60000000 1.55805397 12.75411377
v 0.60000000 1.56368008 12.73569183
v 1.30000000 1.56820498 12.71696930
v 1.30000000 1.56368008 12.73569183
v 0.60000000 1.56820498 12.71696930
v 0.60000000 1.57161283 12.69801178
v 1.30000000 1.57161283 12.69801178
v 0.60000000 1.57389154 12.67888489
v 1.30000000 1.57389154 12.67888489
v 0.60000000 1.57503328 12.65965729
v 1.30000000 1.57503328 12.65965729
v 0.60000000 1.57503386 12.64039536
v 1.30000000 1.57503386 12.64039536
v 0.60000000 1.57389345 12.62116776
v 1.30000000 1.57389345 12.62116776
v 0.60000000 1.57161589 12.60204086
v 1.30000000 1.57161589 12.60204086
v 0.60000000 1.56820927 12.58308334
v 1.30000000 1.56820927 12.58308334
v 0.60000000 1.56368561 12.56436005
v 1.30000000 1.56368561 12.56436005
v 0.60000000 1.55806074 12.54593811
v 1.30000000 1.55806074 12.54593811
v 0.60000000 1.55135431 12.52788162
v 1.30000000 1.55135431 12.52788162
v 0.60000000 1.54359007 12.51025391
v 1.30000000 1.54359007 12.51025391
v 0.60000000 1.53479519 12.49311752
v 1.30000000 1.53479519 12.49311752
v 0.60000000 1.52500057 12.47653198
v 1.30000000 1.52500057 12.47653198
v 0.60000000 1.51424065 12.46055603
v 1.30000000 1.51424065 12.46055603
v 0.60000000 1.50255318 12.44524536
v 1.30000000 1.50255318 12.44524536
v 0.60000000 1.48997917 12.43065414
v 1.30000000 1.48997917 12.43065414
v 0.60000000 1.47656288 12.41683350
v 1.30000000 1.47656288 12.41683350
v 0.60000000 1.46235142 12.40383148
v 1.30000000 1.46235142 12.40383148
v 0.60000000 1.44739466 12.39169464
v 1.30000000 1.44739466 12.39169464
v 0.60000000 1.43174515 12.38046494
v 1.30000000 1.43174515 12.38046494
v 0.60000000 1.41545792 12.37018204
v 1.30000000 1.41545792 12.37018204
v 0.60000000 1.39859009 12.36088257
v 1.30000000 1.39859009 12.36088257
v 0.60000000 1.38120098 12.35259781
v 1.30000000 1.38120098 12.35259781
v 0.60000000 1.36335163 12.34535828
v 1.30000000 1.36335163 12.34535828
v 0.60000000 1.34510469 12.33918839
v 1.30000000 1.34510469 12.33918839
v 0.60000000 1.32652445 12.33411102
v 1.30000000 1.32652445 12.33411102
v 0.60000000 1.30767593 12.33014297
v 1.30000000 1.30767593 12.33014297
v 0.60000000 1.28862543 12.32729874
v 1.30000000 1.28862543 12.32729874
v 0.60000000 1.26943989 12.32558746
v 1.30000000 1.26943989 12.32558746
v 0.60000000 1.25018673 12.32501602
v 1.30000000 1.25018673 12.32501602
v 1.40000000 1.25995626 12.48530579
v 1.30000000 1.25995626 12.48530579
v 1.30000000 1.25018158 12.48501587
v 1.40000000 1.25018158 12.48501587
v 1.40000000 1.26969662 12.48617477
v 1.30000000 1.26969662 12.48617477
v 1.40000000 1.27936840 12.48761902
v 1.30000000 1.27936840 12.48761902
v 1.40000000 1.28893766 12.48963318
v 1.30000000 1.28893766 12.48963318
v 1.40000000 1.29837074 12.49221115
v 1.30000000 1.29837074 12.49221115
v 1.40000000 1.30763454 12.49534378
v 1.30000000 1.30763454 12.49534378
v 1.40000000 1.31669655 12.49901886
v 1.30000000 1.31669655 12.49901886
v 1.40000000 1.32552481 12.50322495
v 1.30000000 1.32552481 12.50322495
v 1.30000000 1.33408852 12.50794678
v 1.40000000 1.33408852 12.50794678
v 1.40000000 1.34235744 12.51316681
v 1.30000000 1.34235744 12.51316681
v 1.40000000 1.35030251 12.51886826
v 1.30000000 1.35030251 12.51886826
v 1.40000000 1.35789595 12.52502975
v 1.30000000 1.35789595 12.52502975
v 1.40000000 1.36511097 12.53163071
v 1.30000000 1.36511097 12.53163071
v 1.40000000 1.37192240 12.53864746
v 1.30000000 1.37192240 12.53864746
v 1.40000000 1.37830610 12.54605560
v 1.30000000 1.37830610 12.54605560
v 1.40000000 1.38423967 12.55382843
v 1.30000000 1.38423967 12.55382843
v 1.40000000 1.38970242 12.56194000
v 1.30000000 1.38970242 12.56194000
v 1.40000000 1.39467506 12.57035980
v 1.30000000 1.39914017 12.57906036
v 1.30000000 1.39467506 12.57035980
v 1.40000000 1.39914017 12.57906036
v 1.40000000 1.40308208 12.58800964
v 1.30000000 1.40648680 12.59717636
v 1.30000000 1.40308208 12.58800964
v 1.40000000 1.40648680 12.59717636
v 1.40000000 1.40934258 12.60652924
v 1.30000000 1.41163921 12.61603470
v 1.30000000 1.40934258 12.60652924
v 1.40000000 1.41163921 12.61603470
v 1.40000000 1.41336870 12.62565994
v 1.30000000 1.41336870 12.62565994
v 1.40000000 1.41452494 12.63536987
v 1.30000000 1.41510401 12.64513168
v 1.30000000 1.41452494 12.63536987
v 1.40000000 1.41510401 12.64513168
v 1.30000000 1.41510363 12.65491104
v 1.40000000 1.41510363 12.65491104
v 1.40000000 1.41452408 12.66467285
v 1.30000000 1.41452408 12.66467285
v 1.40000000 1.41336708 12.67438278
v 1.30000000 1.41163702 12.68400803
v 1.30000000 1.41336708 12.67438278
v 1.40000000 1.41163702 12.68400803
v 1.30000000 1.40933971 12.69351273
v 1.40000000 1.40933971 12.69351273
v 1.40000000 1.40648346 12.70286560
v 1.30000000 1.40307808 12.71203232
v 1.30000000 1.40648346 12.70286560
v 1.40000000 1.40307808 12.71203232
v 1.40000000 1.39913568 12.72098160
v 1.30000000 1.39467001 12.72968140
v 1.30000000 1.39913568 12.72098160
v 1.40000000 1.39467001 12.72968140
v 1.40000000 1.38969679 12.73810120
v 1.30000000 1.38423347 12.74621201
v 1.30000000 1.38969679 12.73810120
v 1.40000000 1.38423347 12.74621201
v 1.40000000 1.37829933 12.75398483
v 1.30000000 1.37829933 12.75398483
v 1.40000000 1.37191515 12.76139221
v 1.30000000 1.37191515 12.76139221
v 1.40000000 1.36510344 12.76840820
v 1.30000000 1.35788794 12.77500916
v 1.30000000 1.36510344 12.76840820
v 1.40000000 1.35788794 12.77500916
v 1.40000000 1.35029411 12.78116989
v 1.30000000 1.35029411 12.78116989
v 1.40000000 1.34234858 12.78687057
v 1.30000000 1.34234858 12.78687057
v 1.40000000 1.33407936 12.79209061
v 1.30000000 1.32551537 12.79681168
v 1.30000000 1.33407936 12.79209061
v 1.40000000 1.32551537 12.79681168
v 1.40000000 1.31668682 12.80101776
v 1.30000000 1.30762453 12.80469208
v 1.30000000 1.31668682 12.80101776
v 1.40000000 1.30762453 12.80469208
v 1.40000000 1.29836054 12.80782318
v 1.30000000 1.29836054 12.80782318
v 1.40000000 1.28892727 12.81040039
v 1.30000000 1.28892727 12.81040039
v 1.40000000 1.27935791 12.81241455
v 1.30000000 1.27935791 12.81241455
v 1.40000000 1.26968613 12.81385803
v 1.30000000 1.26968613 12.81385803
v 1.40000000 1.25994568 12.81472626
v 1.30000000 1.25994568 12.81472626
v 1.40000000 1.25017099 12.81501617
v 1.30000000 1.25017099 12.81501617
v 1.40000000 0.76285691 14.38529053
v 1.30000000 0.76285691 14.38529053
v 1.30000000 0.75308223 14.38500061
v 1.40000000 0.75308223 14.38500061
v 1.40000000 0.77259727 14.38615875
v 1.30000000 0.77259727 14.38615875
v 1.40000000 0.78226905 14.38760223
v 1.30000000 0.78226905 14.38760223
v 1.40000000 0.79183826 14.38961792
v 1.30000000 0.79183826 14.38961792
v 1.40000000 0.80127134 14.39219513
v 1.30000000 0.80127134 14.39219513
v 1.40000000 0.81053514 14.39532776
v 1.30000000 0.81053514 14.39532776
v 1.40000000 0.81959715 14.39900360
v 1.30000000 0.81959715 14.39900360
v 1.40000000 0.82842550 14.40320892
v 1.30000000 0.82842550 14.40320892
v 1.30000000 0.83698912 14.40792999
v 1.40000000 0.83698912 14.40792999
v 1.40000000 0.84525805 14.41315155
v 1.30000000 0.84525805 14.41315155
v 1.40000000 0.85320320 14.41885223
v 1.30000000 0.85320320 14.41885223
v 1.40000000 0.86079664 14.42501373
v 1.30000000 0.86079664 14.42501373
v 1.40000000 0.86801167 14.43161469
v 1.30000000 0.86801167 14.43161469
v 1.40000000 0.87482300 14.43863220
v 1.30000000 0.87482300 14.43863220
v 1.40000000 0.88120670 14.44604034
v 1.30000000 0.88120670 14.44604034
v 1.40000000 0.88714037 14.45381317
v 1.30000000 0.88714037 14.45381317
v 1.40000000 0.89260311 14.46192322
v 1.30000000 0.89260311 14.46192322
v 1.40000000 0.89757576 14.47034454
v 1.30000000 0.90204086 14.47904358
v 1.30000000 0.89757576 14.47034454
v 1.40000000 0.90204086 14.47904358
v 1.40000000 0.90598269 14.48799286
v 1.30000000 0.90938749 14.49716034
v 1.30000000 0.90598269 14.48799286
v 1.40000000 0.90938749 14.49716034
v 1.40000000 0.91224318 14.50651398
v 1.30000000 0.91453981 14.51601868
v 1.30000000 0.91224318 14.50651398
v 1.40000000 0.91453981 14.51601868
v 1.40000000 0.91626930 14.52564392
v 1.30000000 0.91626930 14.52564392
v 1.40000000 0.91742563 14.53535461
v 1.30000000 0.91800461 14.54511566
v 1.30000000 0.91742563 14.53535461
v 1.40000000 0.91800461 14.54511566
v 1.30000000 0.91800432 14.55489502
v 1.40000000 0.91800432 14.55489502
v 1.40000000 0.91742468 14.56465607
v 1.30000000 0.91742468 14.56465607
v 1.40000000 0.91626778 14.57436676
v 1.30000000 0.91453762 14.58399200
v 1.30000000 0.91626778 14.57436676
v 1.40000000 0.91453762 14.58399200
v 1.30000000 0.91224041 14.59349670
v 1.40000000 0.91224041 14.59349670
v 1.40000000 0.90938406 14.60284882
v 1.30000000 0.90597868 14.61201630
v 1.30000000 0.90938406 14.60284882
v 1.40000000 0.90597868 14.61201630
v 1.40000000 0.90203629 14.62096558
v 1.30000000 0.89757061 14.62966461
v 1.30000000 0.90203629 14.62096558
v 1.40000000 0.89757061 14.62966461
v 1.40000000 0.89259739 14.63808594
v 1.30000000 0.88713417 14.64619598
v 1.30000000 0.89259739 14.63808594
v 1.40000000 0.88713417 14.64619598
v 1.40000000 0.88120003 14.65396881
v 1.30000000 0.88120003 14.65396881
v 1.40000000 0.87481585 14.66137543
v 1.30000000 0.87481585 14.66137543
v 1.40000000 0.86800404 14.66839294
v 1.30000000 0.86078854 14.67499237
v 1.30000000 0.86800404 14.66839294
v 1.40000000 0.86078854 14.67499237
v 1.40000000 0.85319471 14.68115387
v 1.30000000 0.85319471 14.68115387
v 1.40000000 0.84524927 14.68685455
v 1.30000000 0.84524927 14.68685455
v 1.40000000 0.83697996 14.69207458
v 1.30000000 0.82841606 14.69679565
v 1.30000000 0.83697996 14.69207458
v 1.40000000 0.82841606 14.69679565
v 1.40000000 0.81958742 14.70100098
v 1.30000000 0.81052523 14.70467682
v 1.30000000 0.81958742 14.70100098
v 1.40000000 0.81052523 14.70467682
v 1.40000000 0.80126123 14.70780792
v 1.30000000 0.80126123 14.70780792
v 1.40000000 0.79182796 14.71038513
v 1.30000000 0.79182796 14.71038513
v 1.40000000 0.78225861 14.71239929
v 1.30000000 0.78225861 14.71239929
v 1.40000000 0.77258673 14.71384277
v 1.30000000 0.77258673 14.71384277
v 1.40000000 0.76284633 14.71471100
v 1.30000000 0.76284633 14.71471100
v 1.40000000 0.75307159 14.71499939
v 1.30000000 0.75307159 14.71499939
v 1.40000000 -1.24004374 12.48522568
v 1.30000000 -1.24004374 12.48522568
v 1.30000000 -1.24981842 12.48493576
v 1.40000000 -1.24981842 12.48493576
v 1.40000000 -1.23030338 12.48609390
v 1.30000000 -1.23030338 12.48609390
v 1.40000000 -1.22063160 12.48753815
v 1.30000000 -1.22063160 12.48753815
v 1.40000000 -1.21106234 12.48955307
v 1.30000000 -1.21106234 12.48955307
v 1.40000000 -1.20162926 12.49213104
v 1.30000000 -1.20162926 12.49213104
v 1.40000000 -1.19236546 12.49526291
v 1.30000000 -1.19236546 12.49526291
v 1.40000000 -1.18330345 12.49893875
v 1.30000000 -1.18330345 12.49893875
v 1.40000000 -1.17447519 12.50314484
v 1.30000000 -1.17447519 12.50314484
v 1.30000000 -1.16591148 12.50786591
v 1.40000000 -1.16591148 12.50786591
v 1.40000000 -1.15764256 12.51308670
v 1.30000000 -1.15764256 12.51308670
v 1.40000000 -1.14969749 12.51878738
v 1.30000000 -1.14969749 12.51878738
v 1.40000000 -1.14210405 12.52494965
v 1.30000000 -1.14210405 12.52494965
v 1.40000000 -1.13488903 12.53155060
v 1.30000000 -1.13488903 12.53155060
v 1.40000000 -1.12807760 12.53856735
v 1.30000000 -1.12807760 12.53856735
v 1.40000000 -1.12169390 12.54597549
v 1.30000000 -1.12169390 12.54597549
v 1.40000000 -1.11576033 12.55374832
v 1.30000000 -1.11576033 12.55374832
v 1.40000000 -1.11029758 12.56185913
v 1.30000000 -1.11029758 12.56185913
v 1.40000000 -1.10532484 12.57027969
v 1.30000000 -1.10085983 12.57897949
v 1.30000000 -1.10532484 12.57027969
v 1.40000000 -1.10085983 12.57897949
v 1.40000000 -1.09691792 12.58792877
v 1.30000000 -1.09351320 12.59709625
v 1.30000000 -1.09691792 12.58792877
v 1.40000000 -1.09351320 12.59709625
v 1.40000000 -1.09065742 12.60644913
v 1.30000000 -1.08836079 12.61595459
v 1.30000000 -1.09065742 12.60644913
v 1.40000000 -1.08836079 12.61595459
v 1.40000000 -1.08663130 12.62557907
v 1.30000000 -1.08663130 12.62557907
v 1.40000000 -1.08547506 12.63528976
v 1.30000000 -1.08489599 12.64505157
v 1.30000000 -1.08547506 12.63528976
v 1.40000000 -1.08489599 12.64505157
v 1.30000000 -1.08489637 12.65483017
v 1.40000000 -1.08489637 12.65483017
v 1.40000000 -1.08547592 12.66459198
v 1.30000000 -1.08547592 12.66459198
v 1.40000000 -1.08663282 12.67430267
v 1.30000000 -1.08836298 12.68392715
v 1.30000000 -1.08663282 12.67430267
v 1.40000000 -1.08836298 12.68392715
v 1.30000000 -1.09066029 12.69343262
v 1.40000000 -1.09066029 12.69343262
v 1.40000000 -1.09351654 12.70278473
v 1.30000000 -1.09692192 12.71195221
v 1.30000000 -1.09351654 12.70278473
v 1.40000000 -1.09692192 12.71195221
v 1.40000000 -1.10086432 12.72090073
v 1.30000000 -1.10532999 12.72960052
v 1.30000000 -1.10086432 12.72090073
v 1.40000000 -1.10532999 12.72960052
v 1.40000000 -1.11030321 12.73802109
v 1.30000000 -1.11576653 12.74613113
v 1.30000000 -1.11030321 12.73802109
v 1.40000000 -1.11576653 12.74613113
v 1.40000000 -1.12170067 12.75390396
v 1.30000000 -1.12170067 12.75390396
v 1.40000000 -1.12808485 12.76131134
v 1.30000000 -1.12808485 12.76131134
v 1.40000000 -1.13489656 12.76832809
v 1.30000000 -1.14211206 12.77492828
v 1.30000000 -1.13489656 12.76832809
v 1.40000000 -1.14211206 12.77492828
v 1.40000000 -1.14970589 12.78108978
v 1.30000000 -1.14970589 12.78108978
v 1.40000000 -1.15765142 12.78679047
v 1.30000000 -1.15765142 12.78679047
v 1.40000000 -1.16592064 12.79201050
v 1.30000000 -1.17448463 12.79673157
v 1.30000000 -1.16592064 12.79201050
v 1.40000000 -1.17448463 12.79673157
v 1.40000000 -1.18331318 12.80093689
v 1.30000000 -1.19237547 12.80461121
v 1.30000000 -1.18331318 12.80093689
v 1.40000000 -1.19237547 12.80461121
v 1.40000000 -1.20163946 12.80774384
v 1.30000000 -1.20163946 12.80774384
v 1.40000000 -1.21107273 12.81032104
v 1.30000000 -1.21107273 12.81032104
v 1.40000000 -1.22064209 12.81233521
v 1.30000000 -1.22064209 12.81233521
v 1.40000000 -1.23031387 12.81377869
v 1.30000000 -1.23031387 12.81377869
v 1.40000000 -1.24005432 12.81464539
v 1.30000000 -1.24005432 12.81464539
v 1.40000000 -1.24982901 12.81493530
v 1.30000000 -1.24982901 12.81493530
v 1.40000000 -0.74306669 14.38524170
v 1.30000000 -0.74306669 14.38524170
v 1.30000000 -0.75284138 14.38495178
v 1.40000000 -0.75284138 14.38495178
v 1.40000000 -0.73332634 14.38610992
v 1.30000000 -0.73332634 14.38610992
v 1.40000000 -0.72365460 14.38755493
v 1.30000000 -0.72365460 14.38755493
v 1.40000000 -0.71408534 14.38956909
v 1.30000000 -0.71408534 14.38956909
v 1.40000000 -0.70465226 14.39214630
v 1.30000000 -0.70465226 14.39214630
v 1.40000000 -0.69538846 14.39527893
v 1.30000000 -0.69538846 14.39527893
v 1.40000000 -0.68632646 14.39895477
v 1.30000000 -0.68632646 14.39895477
v 1.40000000 -0.67749815 14.40316010
v 1.30000000 -0.67749815 14.40316010
v 1.30000000 -0.66893449 14.40788269
v 1.40000000 -0.66893449 14.40788269
v 1.40000000 -0.66066556 14.41310272
v 1.30000000 -0.66066556 14.41310272
v 1.40000000 -0.65272045 14.41880341
v 1.30000000 -0.65272045 14.41880341
v 1.40000000 -0.64512701 14.42496490
v 1.30000000 -0.64512701 14.42496490
v 1.40000000 -0.63791199 14.43156586
v 1.30000000 -0.63791199 14.43156586
v 1.40000000 -0.63110061 14.43858337
v 1.30000000 -0.63110061 14.43858337
v 1.40000000 -0.62471690 14.44599152
v 1.30000000 -0.62471690 14.44599152
v 1.40000000 -0.61878328 14.45376434
v 1.30000000 -0.61878328 14.45376434
v 1.40000000 -0.61332054 14.46187439
v 1.30000000 -0.61332054 14.46187439
v 1.40000000 -0.60834789 14.47029572
v 1.30000000 -0.60388279 14.47899628
v 1.30000000 -0.60834789 14.47029572
v 1.40000000 -0.60388279 14.47899628
v 1.40000000 -0.59994092 14.48794556
v 1.30000000 -0.59653616 14.49711151
v 1.30000000 -0.59994092 14.48794556
v 1.40000000 -0.59653616 14.49711151
v 1.40000000 -0.59368043 14.50646515
v 1.30000000 -0.59138379 14.51596985
v 1.30000000 -0.59368043 14.50646515
v 1.40000000 -0.59138379 14.51596985
v 1.40000000 -0.58965430 14.52559509
v 1.30000000 -0.58965430 14.52559509
v 1.40000000 -0.58849802 14.53530579
v 1.30000000 -0.58791900 14.54506683
v 1.30000000 -0.58849802 14.53530579
v 1.40000000 -0.58791900 14.54506683
v 1.30000000 -0.58791933 14.55484619
v 1.40000000 -0.58791933 14.55484619
v 1.40000000 -0.58849897 14.56460876
v 1.30000000 -0.58849897 14.56460876
v 1.40000000 -0.58965588 14.57431793
v 1.30000000 -0.59138598 14.58394318
v 1.30000000 -0.58965588 14.57431793
v 1.40000000 -0.59138598 14.58394318
v 1.30000000 -0.59368324 14.59344788
v 1.40000000 -0.59368324 14.59344788
v 1.40000000 -0.59653955 14.60280151
v 1.30000000 -0.59994493 14.61196747
v 1.30000000 -0.59653955 14.60280151
v 1.40000000 -0.59994493 14.61196747
v 1.40000000 -0.60388737 14.62091675
v 1.30000000 -0.60835299 14.62961731
v 1.30000000 -0.60388737 14.62091675
v 1.40000000 -0.60835299 14.62961731
v 1.40000000 -0.61332622 14.63803711
v 1.30000000 -0.61878948 14.64614716
v 1.30000000 -0.61332622 14.63803711
v 1.40000000 -0.61878948 14.64614716
v 1.40000000 -0.62472363 14.65391998
v 1.30000000 -0.62472363 14.65391998
v 1.40000000 -0.63110781 14.66132813
v 1.30000000 -0.63110781 14.66132813
v 1.40000000 -0.63791962 14.66834412
v 1.30000000 -0.64513507 14.67494507
v 1.30000000 -0.63791962 14.66834412
v 1.40000000 -0.64513507 14.67494507
v 1.40000000 -0.65272889 14.68110504
v 1.30000000 -0.65272889 14.68110504
v 1.40000000 -0.66067438 14.68680573
v 1.30000000 -0.66067438 14.68680573
v 1.40000000 -0.66894364 14.69202576
v 1.30000000 -0.67750759 14.69674683
v 1.30000000 -0.66894364 14.69202576
v 1.40000000 -0.67750759 14.69674683
v 1.40000000 -0.68633618 14.70095215
v 1.30000000 -0.69539843 14.70462799
v 1.30000000 -0.68633618 14.70095215
v 1.40000000 -0.69539843 14.70462799
v 1.40000000 -0.70466242 14.70775909
v 1.30000000 -0.70466242 14.70775909
v 1.40000000 -0.71409569 14.71033630
v 1.30000000 -0.71409569 14.71033630
v 1.40000000 -0.72366505 14.71235046
v 1.30000000 -0.72366505 14.71235046
v 1.40000000 -0.73333693 14.71379395
v 1.30000000 -0.73333693 14.71379395
v 1.40000000 -0.74307733 14.71466217
v 1.30000000 -0.74307733 14.71466217
v 1.40000000 -0.75285201 14.71495209
v 1.30000000 -0.75285201 14.71495209
v 1.40000000 -0.76262670 14.71466217
v 1.30000000 -0.76262670 14.71466217
v 1.40000000 -0.77236705 14.71379242
v 1.30000000 -0.77236705 14.71379242
v 1.40000000 -0.78203883 14.71234894
v 1.30000000 -0.78203883 14.71234894
v 1.40000000 -0.79160805 14.71033478
v 1.30000000 -0.79160805 14.71033478
v 1.40000000 -0.80104113 14.70775604
v 1.30000000 -0.80104113 14.70775604
v 1.40000000 -0.81030493 14.70462341
v 1.30000000 -0.81030493 14.70462341
v 1.40000000 -0.81936693 14.70094910
v 1.30000000 -0.81936693 14.70094910
v 1.40000000 -0.82819529 14.69674225
v 1.30000000 -0.82819529 14.69674225
v 1.40000000 -0.83675890 14.69202118
v 1.30000000 -0.83675890 14.69202118
v 1.40000000 -0.84502783 14.68680115
v 1.30000000 -0.84502783 14.68680115
v 1.40000000 -0.85297298 14.68109894
v 1.30000000 -0.85297298 14.68109894
v 1.40000000 -0.86056643 14.67493744
v 1.30000000 -0.86056643 14.67493744
v 1.40000000 -0.86778145 14.66833649
v 1.30000000 -0.86778145 14.66833649
v 1.40000000 -0.87459278 14.66132050
v 1.30000000 -0.87459278 14.66132050
v 1.40000000 -0.88097649 14.65391235
v 1.30000000 -0.88097649 14.65391235
v 1.40000000 -0.88691015 14.64613953
v 1.30000000 -0.88691015 14.64613953
v 1.40000000 -0.89237289 14.63802795
v 1.30000000 -0.89237289 14.63802795
v 1.40000000 -0.89734554 14.62960815
v 1.30000000 -0.89734554 14.62960815
v 1.40000000 -0.90181065 14.62090759
v 1.30000000 -0.90181065 14.62090759
v 1.40000000 -0.90575247 14.61195831
v 1.30000000 -0.90575247 14.61195831
v 1.40000000 -0.90915728 14.60279083
v 1.30000000 -0.90915728 14.60279083
v 1.40000000 -0.91201296 14.59343872
v 1.30000000 -0.91201296 14.59343872
v 1.40000000 -0.91430960 14.58393250
v 1.30000000 -0.91603909 14.57430725
v 1.30000000 -0.91430960 14.58393250
v 1.40000000 -0.91603909 14.57430725
v 1.30000000 -0.91719542 14.56459808
v 1.40000000 -0.91719542 14.56459808
v 1.40000000 -0.91777439 14.55483551
v 1.30000000 -0.91777439 14.55483551
v 1.40000000 -0.91777411 14.54505615
v 1.30000000 -0.91719446 14.53529510
v 1.30000000 -0.91777411 14.54505615
v 1.40000000 -0.91719446 14.53529510
v 1.40000000 -0.91603756 14.52558441
v 1.30000000 -0.91430740 14.51595917
v 1.30000000 -0.91603756 14.52558441
v 1.40000000 -0.91430740 14.51595917
v 1.40000000 -0.91201019 14.50645447
v 1.30000000 -0.91201019 14.50645447
v 1.40000000 -0.90915384 14.49710236
v 1.30000000 -0.90574846 14.48793488
v 1.30000000 -0.90915384 14.49710236
v 1.40000000 -0.90574846 14.48793488
v 1.40000000 -0.90180607 14.47898560
v 1.30000000 -0.90180607 14.47898560
v 1.40000000 -0.89734039 14.47028656
v 1.30000000 -0.89236717 14.46186676
v 1.30000000 -0.89734039 14.47028656
v 1.40000000 -0.89236717 14.46186676
v 1.30000000 -0.88690395 14.45375519
v 1.40000000 -0.88690395 14.45375519
v 1.40000000 -0.88096981 14.44598236
v 1.30000000 -0.87458563 14.43857574
v 1.30000000 -0.88096981 14.44598236
v 1.40000000 -0.87458563 14.43857574
v 1.40000000 -0.86777382 14.43155975
v 1.30000000 -0.86777382 14.43155975
v 1.40000000 -0.86055832 14.42495880
v 1.30000000 -0.86055832 14.42495880
v 1.40000000 -0.85296450 14.41879730
v 1.30000000 -0.85296450 14.41879730
v 1.40000000 -0.84501905 14.41309662
v 1.30000000 -0.83674974 14.40787659
v 1.30000000 -0.84501905 14.41309662
v 1.40000000 -0.83674974 14.40787659
v 1.40000000 -0.82818584 14.40315552
v 1.30000000 -0.82818584 14.40315552
v 1.40000000 -0.81935720 14.39895020
v 1.30000000 -0.81029501 14.39527588
v 1.30000000 -0.81935720 14.39895020
v 1.40000000 -0.81029501 14.39527588
v 1.40000000 -0.80103102 14.39214325
v 1.30000000 -0.79159775 14.38956604
v 1.30000000 -0.80103102 14.39214325
v 1.40000000 -0.79159775 14.38956604
v 1.40000000 -0.78202839 14.38755188
v 1.30000000 -0.78202839 14.38755188
v 1.40000000 -0.77235651 14.38610840
v 1.30000000 -0.77235651 14.38610840
v 1.40000000 -0.76261611 14.38524170
v 1.30000000 -0.76261611 14.38524170
v 1.40000000 -1.25960369 12.81464539
v 1.30000000 -1.25960369 12.81464539
v 1.40000000 -1.26934404 12.81377716
v 1.30000000 -1.26934404 12.81377716
v 1.40000000 -1.27901583 12.81233215
v 1.30000000 -1.27901583 12.81233215
v 1.40000000 -1.28858509 12.81031799
v 1.30000000 -1.28858509 12.81031799
v 1.40000000 -1.29801817 12.80774078
v 1.30000000 -1.29801817 12.80774078
v 1.40000000 -1.30728197 12.80460815
v 1.30000000 -1.30728197 12.80460815
v 1.40000000 -1.31634398 12.80093231
v 1.30000000 -1.31634398 12.80093231
v 1.40000000 -1.32517223 12.79672623
v 1.30000000 -1.32517223 12.79672623
v 1.40000000 -1.33373594 12.79200516
v 1.30000000 -1.33373594 12.79200516
v 1.40000000 -1.34200487 12.78678436
v 1.30000000 -1.34200487 12.78678436
v 1.40000000 -1.34994993 12.78108292
v 1.30000000 -1.34994993 12.78108292
v 1.40000000 -1.35754337 12.77492142
v 1.30000000 -1.35754337 12.77492142
v 1.40000000 -1.36475849 12.76832047
v 1.30000000 -1.36475849 12.76832047
v 1.40000000 -1.37156982 12.76130371
v 1.30000000 -1.37156982 12.76130371
v 1.40000000 -1.37795353 12.75389557
v 1.30000000 -1.37795353 12.75389557
v 1.40000000 -1.38388720 12.74612274
v 1.30000000 -1.38388720 12.74612274
v 1.40000000 -1.38934994 12.73801193
v 1.30000000 -1.38934994 12.73801193
v 1.40000000 -1.39432259 12.72959137
v 1.30000000 -1.39432259 12.72959137
v 1.40000000 -1.39878769 12.72089157
v 1.30000000 -1.39878769 12.72089157
v 1.40000000 -1.40272951 12.71194229
v 1.30000000 -1.40272951 12.71194229
v 1.40000000 -1.40613422 12.70277481
v 1.30000000 -1.40613422 12.70277481
v 1.40000000 -1.40899000 12.69342194
v 1.30000000 -1.40899000 12.69342194
v 1.40000000 -1.41128664 12.68391647
v 1.30000000 -1.41301613 12.67429199
v 1.30000000 -1.41128664 12.68391647
v 1.40000000 -1.41301613 12.67429199
v 1.30000000 -1.41417246 12.66458130
v 1.40000000 -1.41417246 12.66458130
v 1.40000000 -1.41475143 12.65481949
v 1.30000000 -1.41475143 12.65481949
v 1.40000000 -1.41475105 12.64504089
v 1.30000000 -1.41417150 12.63527908
v 1.30000000 -1.41475105 12.64504089
v 1.40000000 -1.41417150 12.63527908
v 1.40000000 -1.41301460 12.62556839
v 1.30000000 -1.41128445 12.61594391
v 1.30000000 -1.41301460 12.62556839
v 1.40000000 -1.41128445 12.61594391
v 1.40000000 -1.40898714 12.60643845
v 1.30000000 -1.40898714 12.60643845
v 1.40000000 -1.40613089 12.59708633
v 1.30000000 -1.40272551 12.58791885
v 1.30000000 -1.40613089 12.59708633
v 1.40000000 -1.40272551 12.58791885
v 1.40000000 -1.39878311 12.57897034
v 1.30000000 -1.39878311 12.57897034
v 1.40000000 -1.39431744 12.57026978
v 1.30000000 -1.38934422 12.56184998
v 1.30000000 -1.39431744 12.57026978
v 1.40000000 -1.38934422 12.56184998
v 1.30000000 -1.38388100 12.55373993
v 1.40000000 -1.38388100 12.55373993
v 1.40000000 -1.37794685 12.54596710
v 1.30000000 -1.37156258 12.53855972
v 1.30000000 -1.37794685 12.54596710
v 1.40000000 -1.37156258 12.53855972
v 1.40000000 -1.36475086 12.53154297
v 1.30000000 -1.36475086 12.53154297
v 1.40000000 -1.35753536 12.52494278
v 1.30000000 -1.35753536 12.52494278
v 1.40000000 -1.34994154 12.51878128
v 1.30000000 -1.34994154 12.51878128
v 1.40000000 -1.34199600 12.51308060
v 1.30000000 -1.33372679 12.50786057
v 1.30000000 -1.34199600 12.51308060
v 1.40000000 -1.33372679 12.50786057
v 1.40000000 -1.32516279 12.50313950
v 1.30000000 -1.32516279 12.50313950
v 1.40000000 -1.31633425 12.49893417
v 1.30000000 -1.30727205 12.49525909
v 1.30000000 -1.31633425 12.49893417
v 1.40000000 -1.30727205 12.49525909
v 1.40000000 -1.29800797 12.49212799
v 1.30000000 -1.28857479 12.48955078
v 1.30000000 -1.29800797 12.49212799
v 1.40000000 -1.28857479 12.48955078
v 1.40000000 -1.27900534 12.48753662
v 1.30000000 -1.27900534 12.48753662
v 1.40000000 -1.26933355 12.48609314
v 1.30000000 -1.26933355 12.48609314
v 1.40000000 -1.25959311 12.48522491
v 1.30000000 -1.25959311 12.48522491
v 1.40000000 0.74329691 14.71470947
v 1.30000000 0.74329691 14.71470947
v 1.40000000 0.73355656 14.71384125
v 1.30000000 0.73355656 14.71384125
v 1.40000000 0.72388482 14.71239777
v 1.30000000 0.72388482 14.71239777
v 1.40000000 0.71431556 14.71038208
v 1.30000000 0.71431556 14.71038208
v 1.40000000 0.70488248 14.70780487
v 1.30000000 0.70488248 14.70780487
v 1.40000000 0.69561868 14.70467224
v 1.30000000 0.69561868 14.70467224
v 1.40000000 0.68655667 14.70099640
v 1.30000000 0.68655667 14.70099640
v 1.40000000 0.67772837 14.69679108
v 1.30000000 0.67772837 14.69679108
v 1.40000000 0.66916471 14.69207001
v 1.30000000 0.66916471 14.69207001
v 1.40000000 0.66089582 14.68684845
v 1.30000000 0.66089582 14.68684845
v 1.40000000 0.65295067 14.68114777
v 1.30000000 0.65295067 14.68114777
v 1.40000000 0.64535723 14.67498627
v 1.30000000 0.64535723 14.67498627
v 1.40000000 0.63814220 14.66838531
v 1.30000000 0.63814220 14.66838531
v 1.40000000 0.63133082 14.66136780
v 1.30000000 0.63133082 14.66136780
v 1.40000000 0.62494712 14.65395966
v 1.30000000 0.62494712 14.65395966
v 1.40000000 0.61901350 14.64618683
v 1.30000000 0.61901350 14.64618683
v 1.40000000 0.61355076 14.63807678
v 1.30000000 0.61355076 14.63807678
v 1.40000000 0.60857811 14.62965546
v 1.30000000 0.60857811 14.62965546
v 1.40000000 0.60411301 14.62095642
v 1.30000000 0.60411301 14.62095642
v 1.40000000 0.60017114 14.61200714
v 1.30000000 0.60017114 14.61200714
v 1.40000000 0.59676638 14.60283966
v 1.30000000 0.59676638 14.60283966
v 1.40000000 0.59391065 14.59348602
v 1.30000000 0.59391065 14.59348602
v 1.40000000 0.59161401 14.58398132
v 1.30000000 0.58988452 14.57435608
v 1.30000000 0.59161401 14.58398132
v 1.40000000 0.58988452 14.57435608
v 1.30000000 0.58872824 14.56464539
v 1.40000000 0.58872824 14.56464539
v 1.40000000 0.58814921 14.55488434
v 1.30000000 0.58814921 14.55488434
v 1.40000000 0.58814955 14.54510498
v 1.30000000 0.58872919 14.53534393
v 1.30000000 0.58814955 14.54510498
v 1.40000000 0.58872919 14.53534393
v 1.40000000 0.58988609 14.52563324
v 1.30000000 0.59161620 14.51600800
v 1.30000000 0.58988609 14.52563324
v 1.40000000 0.59161620 14.51600800
v 1.40000000 0.59391346 14.50650330
v 1.30000000 0.59391346 14.50650330
v 1.40000000 0.59676976 14.49715118
v 1.30000000 0.60017514 14.48798370
v 1.30000000 0.59676976 14.49715118
v 1.40000000 0.60017514 14.48798370
v 1.40000000 0.60411758 14.47903442
v 1.30000000 0.60411758 14.47903442
v 1.40000000 0.60858321 14.47033539
v 1.30000000 0.61355643 14.46191406
v 1.30000000 0.60858321 14.47033539
v 1.40000000 0.61355643 14.46191406
v 1.30000000 0.61901970 14.45380402
v 1.40000000 0.61901970 14.45380402
v 1.40000000 0.62495384 14.44603119
v 1.30000000 0.63133802 14.43862457
v 1.30000000 0.62495384 14.44603119
v 1.40000000 0.63133802 14.43862457
v 1.40000000 0.63814983 14.43160706
v 1.30000000 0.63814983 14.43160706
v 1.40000000 0.64536529 14.42500763
v 1.30000000 0.64536529 14.42500763
v 1.40000000 0.65295911 14.41884613
v 1.30000000 0.65295911 14.41884613
v 1.40000000 0.66090460 14.41314545
v 1.30000000 0.66917386 14.40792542
v 1.30000000 0.66090460 14.41314545
v 1.40000000 0.66917386 14.40792542
v 1.40000000 0.67773781 14.40320435
v 1.30000000 0.67773781 14.40320435
v 1.40000000 0.68656640 14.39899902
v 1.30000000 0.69562864 14.39532318
v 1.30000000 0.68656640 14.39899902
v 1.40000000 0.69562864 14.39532318
v 1.40000000 0.70489264 14.39219208
v 1.30000000 0.71432590 14.38961487
v 1.30000000 0.70489264 14.39219208
v 1.40000000 0.71432590 14.38961487
v 1.40000000 0.72389526 14.38760071
v 1.30000000 0.72389526 14.38760071
v 1.40000000 0.73356714 14.38615723
v 1.30000000 0.73356714 14.38615723
v 1.40000000 0.74330754 14.38528900
v 1.30000000 0.74330754 14.38528900
v 1.40000000 1.24039631 12.81472626
v 1.30000000 1.24039631 12.81472626
v 1.40000000 1.23065596 12.81385651
v 1.30000000 1.23065596 12.81385651
v 1.40000000 1.22098417 12.81241302
v 1.30000000 1.22098417 12.81241302
v 1.40000000 1.21141491 12.81039886
v 1.30000000 1.21141491 12.81039886
v 1.40000000 1.20198183 12.80782013
v 1.30000000 1.20198183 12.80782013
v 1.40000000 1.19271803 12.80468903
v 1.30000000 1.19271803 12.80468903
v 1.40000000 1.18365602 12.80101318
v 1.30000000 1.18365602 12.80101318
v 1.40000000 1.17482777 12.79680710
v 1.30000000 1.17482777 12.79680710
v 1.40000000 1.16626406 12.79208527
v 1.30000000 1.16626406 12.79208527
v 1.40000000 1.15799513 12.78686523
v 1.30000000 1.15799513 12.78686523
v 1.40000000 1.15005007 12.78116379
v 1.30000000 1.15005007 12.78116379
v 1.40000000 1.14245663 12.77500153
v 1.30000000 1.14245663 12.77500153
v 1.40000000 1.13524151 12.76840134
v 1.30000000 1.13524151 12.76840134
v 1.40000000 1.12843018 12.76138458
v 1.30000000 1.12843018 12.76138458
v 1.40000000 1.12204647 12.75397644
v 1.30000000 1.12204647 12.75397644
v 1.40000000 1.11611280 12.74620361
v 1.30000000 1.11611280 12.74620361
v 1.40000000 1.11065006 12.73809204
v 1.30000000 1.11065006 12.73809204
v 1.40000000 1.10567741 12.72967224
v 1.30000000 1.10567741 12.72967224
v 1.40000000 1.10121231 12.72097168
v 1.30000000 1.10121231 12.72097168
v 1.40000000 1.09727049 12.71202240
v 1.30000000 1.09727049 12.71202240
v 1.40000000 1.09386578 12.70285568
v 1.30000000 1.09386578 12.70285568
v 1.40000000 1.09101000 12.69350281
v 1.30000000 1.09101000 12.69350281
v 1.40000000 1.08871336 12.68399734
v 1.30000000 1.08698387 12.67437210
v 1.30000000 1.08871336 12.68399734
v 1.40000000 1.08698387 12.67437210
v 1.30000000 1.08582754 12.66466217
v 1.40000000 1.08582754 12.66466217
v 1.40000000 1.08524857 12.65490036
v 1.30000000 1.08524857 12.65490036
v 1.40000000 1.08524895 12.64512100
v 1.30000000 1.08582850 12.63535919
v 1.30000000 1.08524895 12.64512100
v 1.40000000 1.08582850 12.63535919
v 1.40000000 1.08698540 12.62564926
v 1.30000000 1.08871555 12.61602402
v 1.30000000 1.08698540 12.62564926
v 1.40000000 1.08871555 12.61602402
v 1.40000000 1.09101276 12.60651932
v 1.30000000 1.09101276 12.60651932
v 1.40000000 1.09386911 12.59716644
v 1.30000000 1.09727449 12.58799973
v 1.30000000 1.09386911 12.59716644
v 1.40000000 1.09727449 12.58799973
v 1.40000000 1.10121689 12.57905045
v 1.30000000 1.10121689 12.57905045
v 1.40000000 1.10568256 12.57035065
v 1.30000000 1.11065578 12.56193085
v 1.30000000 1.10568256 12.57035065
v 1.40000000 1.11065578 12.56193085
v 1.30000000 1.11611900 12.55382004
v 1.40000000 1.11611900 12.55382004
v 1.40000000 1.12205315 12.54604721
v 1.30000000 1.12843733 12.53863983
v 1.30000000 1.12205315 12.54604721
v 1.40000000 1.12843733 12.53863983
v 1.40000000 1.13524914 12.53162384
v 1.30000000 1.13524914 12.53162384
v 1.40000000 1.14246464 12.52502289
v 1.30000000 1.14246464 12.52502289
v 1.40000000 1.15005846 12.51886215
v 1.30000000 1.15005846 12.51886215
v 1.40000000 1.15800400 12.51316147
v 1.30000000 1.16627321 12.50794144
v 1.30000000 1.15800400 12.51316147
v 1.40000000 1.16627321 12.50794144
v 1.40000000 1.17483721 12.50322037
v 1.30000000 1.17483721 12.50322037
v 1.40000000 1.18366575 12.49901505
v 1.30000000 1.19272795 12.49533997
v 1.30000000 1.18366575 12.49901505
v 1.40000000 1.19272795 12.49533997
v 1.40000000 1.20199203 12.49220810
v 1.30000000 1.21142521 12.48963089
v 1.30000000 1.20199203 12.49220810
v 1.40000000 1.21142521 12.48963089
v 1.40000000 1.22099457 12.48761673
v 1.30000000 1.22099457 12.48761673
v 1.40000000 1.23066645 12.48617325
v 1.30000000 1.23066645 12.48617325
v 1.40000000 1.24040689 12.48530579
v 1.30000000 1.24040689 12.48530579
v 0.60000000 1.00009899 15.05000763
v 0.60000000 0.73381329 14.87442932
v 0.60000000 0.71462774 14.87271729
v 0.60000000 0.69557729 14.86987305
v 0.60000000 0.67672877 14.86590424
v 0.60000000 0.65814848 14.86082764
v 0.60000000 0.63990159 14.85465851
v 0.60000000 0.52669034 14.78318329
v 0.60000000 0.51327405 14.76936188
v 0.60000000 0.54090180 14.79618378
v 0.60000000 0.55585856 14.80832062
v 0.60000000 0.50070009 14.75476990
v 0.60000000 0.48901258 14.73945923
v 0.60000000 0.57150803 14.81955109
v 0.60000000 0.47825265 14.72348328
v 0.60000000 0.58779531 14.82983398
v 0.60000000 0.60466313 14.83913422
v 0.60000000 0.46845803 14.70689850
v 0.60000000 0.45966311 14.68976135
v 0.60000000 0.62205224 14.84741821
v 0.60000000 0.45189886 14.67213440
v 0.60000000 0.44519253 14.65407715
v 0.60000000 1.23091259 12.97444458
v 0.60000000 0.43956761 14.63565521
v 0.60000000 1.21172714 12.97273407
v 0.60000000 0.43504391 14.61693268
v 0.60000000 0.43163733 14.59797516
v 0.60000000 1.19267664 12.96988983
v 0.60000000 0.42935982 14.57884827
v 0.60000000 1.17382812 12.96592102
v 0.60000000 0.42821932 14.55962067
v 0.60000000 1.15524778 12.96084290
v 0.60000000 0.42821994 14.54035797
v 0.60000000 0.42936168 14.52113037
v 0.60000000 0.43164039 14.50200500
v 0.60000000 1.13700094 12.95467377
v 0.60000000 1.11915159 12.94743347
v 0.60000000 -0.99990101 15.04994354
v 0.60000000 -0.79129586 14.87266846
v 0.60000000 -0.81034632 14.86982422
v 0.60000000 -0.77211037 14.87438049
v 0.60000000 0.43504820 14.48304596
v 0.60000000 1.10176249 12.93914948
v 0.60000000 -0.82919483 14.86585693
v 0.60000000 0.43957310 14.46432343
v 0.60000000 1.08489466 12.92984924
v 0.60000000 0.73383417 14.22557068
v 0.60000000 -0.84777517 14.86077881
v 0.60000000 0.44519920 14.44590302
v 0.60000000 -0.86602201 14.85460968
v 0.60000000 1.06860743 12.91956635
v 0.60000000 0.71464853 14.22727966
v 0.60000000 0.45190673 14.42784576
v 0.60000000 -0.88387136 14.84736938
v 0.60000000 1.05295792 12.90833740
v 0.60000000 0.69559789 14.23012390
v 0.60000000 0.45967212 14.41021881
v 0.60000000 -0.90126047 14.83908539
v 0.60000000 1.03800116 12.89620056
v 0.60000000 0.67674913 14.23408966
v 0.60000000 0.46846814 14.39308319
v 0.60000000 -0.91812830 14.82978516
v 0.60000000 1.02378969 12.88319855
v 0.60000000 0.65816846 14.23916626
v 0.60000000 0.47826381 14.37649841
v 0.60000000 0.48902478 14.36052246
v 0.60000000 -0.93441563 14.81950226
v 0.60000000 1.01037340 12.86937714
v 0.60000000 0.63992119 14.24533539
v 0.60000000 0.50071325 14.34521332
v 0.60000000 -0.95006504 14.80827332
v 0.60000000 0.99779940 12.85478668
v 0.60000000 0.62207136 14.25257416
v 0.60000000 1.78499279 12.05003357
v 0.60000000 -0.96502180 14.79613647
v 0.60000000 0.98611193 12.83947601
v 0.60000000 0.60468173 14.26085663
v 0.60000000 0.51328816 14.33062286
v 0.60000000 -0.97923326 14.78313446
v 0.60000000 0.97535200 12.82350006
v 0.60000000 0.58781333 14.27015533
v 0.60000000 0.52670536 14.31680298
v 0.60000000 -0.99264956 14.76931305
v 0.60000000 0.96555738 12.80691376
v 0.60000000 0.54091768 14.30380249
v 0.60000000 -1.00522356 14.75472260
v 0.60000000 0.55587521 14.29166565
v 0.60000000 0.57152538 14.28043671
v 0.60000000 -1.01691103 14.73941193
v 0.60000000 -1.02767096 14.72343597
v 0.60000000 -1.03746557 14.70684967
v 0.60000000 -1.04626055 14.68971252
v 0.60000000 -1.05402479 14.67208557
v 0.60000000 -1.06073112 14.65402985
v 0.60000000 -1.06635599 14.63560791
v 0.60000000 1.23093348 12.32558594
v 0.60000000 1.21174793 12.32729568
v 0.60000000 1.19269724 12.33013916
v 0.60000000 1.17384853 12.33410645
v 0.60000000 1.15526781 12.33918228
v 0.60000000 1.13702059 12.34535065
v 0.60000000 0.95676250 12.78977737
v 0.60000000 -0.77208948 14.22552185
v 0.60000000 -0.79127507 14.22723083
v 0.60000000 0.94899826 12.77215042
v 0.60000000 -0.81032572 14.23007507
v 0.60000000 0.94229183 12.75409393
v 0.60000000 0.93666697 12.73567200
v 0.60000000 -0.82917452 14.23404236
v 0.60000000 -0.84775515 14.23911743
v 0.60000000 0.93214331 12.71694870
v 0.60000000 0.92873669 12.69799042
v 0.60000000 -0.86600246 14.24528656
v 0.60000000 -0.88385229 14.25252533
v 0.60000000 0.92645912 12.67886429
v 0.60000000 0.92531872 12.65963669
v 0.60000000 -0.90124187 14.26080780
v 0.60000000 -0.91811028 14.27010651
v 0.60000000 0.92531929 12.64037476
v 0.60000000 0.92646103 12.62114716
v 0.60000000 -1.26908741 12.97436371
v 0.60000000 -0.93439827 14.28038940
v 0.60000000 -1.28827286 12.97265320
v 0.60000000 -0.95004845 14.29161682
v 0.60000000 0.92873974 12.60202026
v 0.60000000 -1.30732336 12.96980896
v 0.60000000 -0.96500597 14.30375366
v 0.60000000 0.93214760 12.58306274
v 0.60000000 -1.32617188 12.96584015
v 0.60000000 -0.97921829 14.31675415
v 0.60000000 0.93667250 12.56434021
v 0.60000000 -1.34475222 12.96076202
v 0.60000000 -0.99263544 14.33057404
v 0.60000000 0.94229860 12.54591827
v 0.60000000 -1.36299906 12.95459290
v 0.60000000 -1.00521040 14.34516449
v 0.60000000 0.94900608 12.52786255
v 0.60000000 -1.38084841 12.94735413
v 0.60000000 -1.01689882 14.36047516
v 0.60000000 0.95677147 12.51023560
v 0.60000000 0.96556749 12.49309921
v 0.60000000 -1.39823751 12.93906860
v 0.60000000 -1.02765980 14.37644958
v 0.60000000 0.97536316 12.47651443
v 0.60000000 -1.41510534 12.92976990
v 0.60000000 -1.03745546 14.39303436
v 0.60000000 0.98612413 12.46053925
v 0.60000000 -1.43139257 12.91948700
v 0.60000000 -1.04625149 14.41017151
v 0.60000000 0.99781265 12.44522934
v 0.60000000 -1.44704208 12.90825653
v 0.60000000 -1.05401688 14.42779846
v 0.60000000 1.01038752 12.43063889
v 0.60000000 -1.46199884 12.89611969
v 0.60000000 -1.06072445 14.44585419
v 0.60000000 1.02380466 12.41681900
v 0.60000000 -1.47621031 12.88311768
v 0.60000000 -1.06635056 14.46427612
v 0.60000000 1.03801699 12.40381775
v 0.60000000 -1.48962660 12.86929779
v 0.60000000 -1.07087545 14.48299866
v 0.60000000 -1.50220060 12.85470581
v 0.60000000 -1.07428322 14.50195618
v 0.60000000 1.05297451 12.39168167
v 0.60000000 1.06862478 12.38045349
v 0.60000000 1.08491268 12.37017136
v 0.60000000 1.10178108 12.36087265
v 0.60000000 1.11917076 12.35258942
v 0.60000000 -1.78460159 12.04991837
v 0.60000000 -1.26906643 12.32550583
v 0.60000000 -1.28825207 12.32721558
v 0.60000000 -1.30730276 12.33005905
v 0.60000000 -1.32615147 12.33402557
v 0.60000000 -1.34473219 12.33910217
v 0.60000000 -1.36297941 12.34527054
v 0.60000000 -1.38082924 12.35250931
v 0.60000000 -1.39821892 12.36079254
v 0.60000000 -1.41508732 12.37009125
v 0.60000000 -1.43137522 12.38037262
v 0.60000000 -1.44702549 12.39160156
v 0.60000000 -1.46198301 12.40373764
v 0.60000000 -1.47619534 12.41673813
v 0.60000000 -1.48961248 12.43055801
v 0.60000000 -1.50218735 12.44514847
v 0.60000000 -1.51387587 12.46045837
v 0.60000000 -1.52463684 12.47643433
v 0.60000000 -1.53443251 12.49301910
v 0.60000000 -1.54322853 12.51015472
v 0.60000000 -1.55099392 12.52778168
v 0.60000000 -1.55770140 12.54583817
v 0.60000000 -1.56332750 12.56425934
v 0.60000000 -1.56785240 12.58298187
v 0.60000000 -1.57126026 12.60194016
v 0.60000000 -1.57353897 12.62106628
v 0.60000000 -1.57468071 12.64029388
v 0.60000000 -1.57468128 12.65955582
v 0.60000000 -1.57354088 12.67878342
v 0.60000000 -1.57126331 12.69791031
v 0.60000000 -1.07087975 14.61688385
v 0.60000000 -1.07428627 14.59792633
v 0.60000000 -1.07656384 14.57879944
v 0.60000000 -1.07770433 14.55957184
v 0.60000000 -1.07770367 14.54031067
v 0.60000000 -1.07656193 14.52108307
v 0.60000000 -1.56333303 12.73559113
v 0.60000000 -1.55770817 12.75401306
v 0.60000000 -1.55100174 12.77206955
v 0.60000000 -1.54323750 12.78969727
v 0.60000000 -1.53444262 12.80683441
v 0.60000000 -1.52464800 12.82341919
v 0.60000000 -1.51388807 12.83939514
v 0.60000000 -1.56785669 12.71686859
v 1.40000000 1.00009899 15.05000763
v 1.40000000 -0.99990101 15.04994354
v 1.40000000 1.78499279 12.05003357
v 1.40000000 -1.78460159 12.04991837
v 1.30000000 1.23093348 12.32558594
v 1.30000000 1.21174793 12.32729568
v 1.30000000 1.19269724 12.33013916
v 1.30000000 1.17384853 12.33410645
v 1.30000000 1.15526781 12.33918228
v 1.30000000 1.13702059 12.34535065
v 1.30000000 1.11917076 12.35258942
v 1.30000000 1.10178108 12.36087265
v 1.30000000 1.08491268 12.37017136
v 1.30000000 1.06862478 12.38045349
v 1.30000000 1.05297451 12.39168167
v 1.30000000 1.03801699 12.40381775
v 1.30000000 1.02380466 12.41681900
v 1.30000000 1.01038752 12.43063889
v 1.30000000 0.99781265 12.44522934
v 1.30000000 0.98612413 12.46053925
v 1.30000000 0.97536316 12.47651443
v 1.30000000 0.96556749 12.49309921
v 1.30000000 0.95677147 12.51023560
v 1.30000000 0.94900608 12.52786255
v 1.30000000 0.94229860 12.54591827
v 1.30000000 0.93667250 12.56434021
v 1.30000000 0.93214760 12.58306274
v 1.30000000 0.92873974 12.60202026
v 1.30000000 0.92646103 12.62114716
v 1.30000000 0.92531929 12.64037476
v 1.30000000 0.92531872 12.65963669
v 1.30000000 0.92645912 12.67886429
v 1.30000000 0.92873669 12.69799042
v 1.30000000 0.93214331 12.71694870
v 1.30000000 0.94229183 12.75409393
v 1.30000000 0.93666697 12.73567200
v 1.30000000 0.94899826 12.77215042
v 1.30000000 0.95676250 12.78977737
v 1.30000000 0.97535200 12.82350006
v 1.30000000 0.96555738 12.80691376
v 1.30000000 0.98611193 12.83947601
v 1.30000000 1.01037340 12.86937714
v 1.30000000 0.99779940 12.85478668
v 1.30000000 1.03800116 12.89620056
v 1.30000000 1.02378969 12.88319855
v 1.30000000 1.05295792 12.90833740
v 1.30000000 1.08489466 12.92984924
v 1.30000000 1.06860743 12.91956635
v 1.30000000 1.10176249 12.93914948
v 1.30000000 1.11915159 12.94743347
v 1.30000000 1.13700094 12.95467377
v 1.30000000 1.15524778 12.96084290
v 1.30000000 1.17382812 12.96592102
v 1.30000000 1.19267664 12.96988983
v 1.30000000 1.21172714 12.97273407
v 1.30000000 1.23091259 12.97444458
v 1.30000000 0.73383417 14.22557068
v 1.30000000 0.71464853 14.22727966
v 1.30000000 0.69559789 14.23012390
v 1.30000000 0.67674913 14.23408966
v 1.30000000 0.65816846 14.23916626
v 1.30000000 0.63992119 14.24533539
v 1.30000000 0.62207136 14.25257416
v 1.30000000 0.60468173 14.26085663
v 1.30000000 0.58781333 14.27015533
v 1.30000000 0.57152538 14.28043671
v 1.30000000 0.55587521 14.29166565
v 1.30000000 0.54091768 14.30380249
v 1.30000000 0.52670536 14.31680298
v 1.30000000 0.51328816 14.33062286
v 1.30000000 0.50071325 14.34521332
v 1.30000000 0.48902478 14.36052246
v 1.30000000 0.47826381 14.37649841
v 1.30000000 0.46846814 14.39308319
v 1.30000000 0.45967212 14.41021881
v 1.30000000 0.45190673 14.42784576
v 1.30000000 0.44519920 14.44590302
v 1.30000000 0.43957310 14.46432343
v 1.30000000 0.43504820 14.48304596
v 1.30000000 0.43164039 14.50200500
v 1.30000000 0.42936168 14.52113037
v 1.30000000 0.42821994 14.54035797
v 1.30000000 0.42821932 14.55962067
v 1.30000000 0.42935982 14.57884827
v 1.30000000 0.43163733 14.59797516
v 1.30000000 0.43504391 14.61693268
v 1.30000000 0.44519253 14.65407715
v 1.30000000 0.43956761 14.63565521
v 1.30000000 0.45189886 14.67213440
v 1.30000000 0.45966311 14.68976135
v 1.30000000 0.47825265 14.72348328
v 1.30000000 0.46845803 14.70689850
v 1.30000000 0.48901258 14.73945923
v 1.30000000 0.51327405 14.76936188
v 1.30000000 0.50070009 14.75476990
v 1.30000000 0.54090180 14.79618378
v 1.30000000 0.52669034 14.78318329
v 1.30000000 0.55585856 14.80832062
v 1.30000000 0.58779531 14.82983398
v 1.30000000 0.57150803 14.81955109
v 1.30000000 0.60466313 14.83913422
v 1.30000000 0.62205224 14.84741821
v 1.30000000 0.63990159 14.85465851
v 1.30000000 0.65814848 14.86082764
v 1.30000000 0.67672877 14.86590424
v 1.30000000 0.69557729 14.86987305
v 1.30000000 0.71462774 14.87271729
v 1.30000000 0.73381329 14.87442932
v 1.30000000 -1.26906643 12.32550583
v 1.30000000 -1.28825207 12.32721558
v 1.30000000 -1.30730276 12.33005905
v 1.30000000 -1.32615147 12.33402557
v 1.30000000 -1.34473219 12.33910217
v 1.30000000 -1.36297941 12.34527054
v 1.30000000 -1.38082924 12.35250931
v 1.30000000 -1.39821892 12.36079254
v 1.30000000 -1.41508732 12.37009125
v 1.30000000 -1.43137522 12.38037262
v 1.30000000 -1.44702549 12.39160156
v 1.30000000 -1.46198301 12.40373764
v 1.30000000 -1.47619534 12.41673813
v 1.30000000 -1.48961248 12.43055801
v 1.30000000 -1.50218735 12.44514847
v 1.30000000 -1.51387587 12.46045837
v 1.30000000 -1.52463684 12.47643433
v 1.30000000 -1.53443251 12.49301910
v 1.30000000 -1.54322853 12.51015472
v 1.30000000 -1.55099392 12.52778168
v 1.30000000 -1.55770140 12.54583817
v 1.30000000 -1.56332750 12.56425934
v 1.30000000 -1.56785240 12.58298187
v 1.30000000 -1.57126026 12.60194016
v 1.30000000 -1.57353897 12.62106628
v 1.30000000 -1.57468071 12.64029388
v 1.30000000 -1.57468128 12.65955582
v 1.30000000 -1.57354088 12.67878342
v 1.30000000 -1.57126331 12.69791031
v 1.30000000 -1.56785669 12.71686859
v 1.30000000 -1.55770817 12.75401306
v 1.30000000 -1.56333303 12.73559113
v 1.30000000 -1.55100174 12.77206955
v 1.30000000 -1.54323750 12.78969727
v 1.30000000 -1.52464800 12.82341919
v 1.30000000 -1.53444262 12.80683441
v 1.30000000 -1.51388807 12.83939514
v 1.30000000 -1.48962660 12.86929779
v 1.30000000 -1.50220060 12.85470581
v 1.30000000 -1.46199884 12.89611969
v 1.30000000 -1.47621031 12.88311768
v 1.30000000 -1.44704208 12.90825653
v 1.30000000 -1.41510534 12.92976990
v 1.30000000 -1.43139257 12.91948700
v 1.30000000 -1.39823751 12.93906860
v 1.30000000 -1.38084841 12.94735413
v 1.30000000 -1.36299906 12.95459290
v 1.30000000 -1.34475222 12.96076202
v 1.30000000 -1.32617188 12.96584015
v 1.30000000 -1.30732336 12.96980896
v 1.30000000 -1.28827286 12.97265320
v 1.30000000 -1.26908741 12.97436371
v 1.30000000 -0.77208948 14.22552185
v 1.30000000 -0.79127507 14.22723083
v 1.30000000 -0.81032572 14.23007507
v 1.30000000 -0.82917452 14.23404236
v 1.30000000 -0.84775515 14.23911743
v 1.30000000 -0.86600246 14.24528656
v 1.30000000 -0.88385229 14.25252533
v 1.30000000 -0.90124187 14.26080780
v 1.30000000 -0.91811028 14.27010651
v 1.30000000 -0.93439827 14.28038940
v 1.30000000 -0.95004845 14.29161682
v 1.30000000 -0.96500597 14.30375366
v 1.30000000 -0.97921829 14.31675415
v 1.30000000 -0.99263544 14.33057404
v 1.30000000 -1.00521040 14.34516449
v 1.30000000 -1.01689882 14.36047516
v 1.30000000 -1.02765980 14.37644958
v 1.30000000 -1.03745546 14.39303436
v 1.30000000 -1.04625149 14.41017151
v 1.30000000 -1.05401688 14.42779846
v 1.30000000 -1.06072445 14.44585419
v 1.30000000 -1.06635056 14.46427612
v 1.30000000 -1.07087545 14.48299866
v 1.30000000 -1.07428322 14.50195618
v 1.30000000 -1.07656193 14.52108307
v 1.30000000 -1.07770367 14.54031067
v 1.30000000 -1.07770433 14.55957184
v 1.30000000 -1.07656384 14.57879944
v 1.30000000 -1.07428627 14.59792633
v 1.30000000 -1.07087975 14.61688385
v 1.30000000 -1.06073112 14.65402985
v 1.30000000 -1.06635599 14.63560791
v 1.30000000 -1.05402479 14.67208557
v 1.30000000 -1.04626055 14.68971252
v 1.30000000 -1.02767096 14.72343597
v 1.30000000 -1.03746557 14.70684967
v 1.30000000 -1.01691103 14.73941193
v 1.30000000 -0.99264956 14.76931305
v 1.30000000 -1.00522356 14.75472260
v 1.30000000 -0.96502180 14.79613647
v 1.30000000 -0.97923326 14.78313446
v 1.30000000 -0.95006504 14.80827332
v 1.30000000 -0.91812830 14.82978516
v 1.30000000 -0.93441563 14.81950226
v 1.30000000 -0.90126047 14.83908539
v 1.30000000 -0.88387136 14.84736938
v 1.30000000 -0.86602201 14.85460968
v 1.30000000 -0.84777517 14.86077881
v 1.30000000 -0.82919483 14.86585693
v 1.30000000 -0.81034632 14.86982422
v 1.30000000 -0.79129586 14.87266846
v 1.30000000 -0.77211037 14.87438049
f 1 2 3
f 4 5 6
f 4 7 5
f 4 8 7
f 9 8 4
f 9 10 8
f 9 11 10
f 12 11 9
f 12 13 11
f 12 14 13
f 15 4 6
f 15 6 16
f 17 18 14
f 17 19 18
f 17 14 12
f 20 9 4
f 20 4 15
f 21 19 17
f 21 22 19
f 21 23 22
f 24 12 9
f 24 9 20
f 25 16 26
f 25 26 27
f 25 27 28
f 25 15 16
f 29 23 21
f 29 30 23
f 29 31 30
f 32 17 12
f 32 12 24
f 33 28 34
f 33 34 35
f 33 15 25
f 33 25 28
f 33 20 15
f 36 31 29
f 36 37 31
f 36 38 37
f 39 21 17
f 39 17 32
f 40 33 35
f 40 35 41
f 40 41 42
f 40 24 20
f 40 20 33
f 43 38 36
f 43 44 38
f 43 45 44
f 46 29 21
f 46 21 39
f 47 32 24
f 47 42 48
f 47 48 49
f 47 40 42
f 47 24 40
f 50 45 43
f 50 51 45
f 50 52 51
f 53 29 46
f 53 36 29
f 54 47 49
f 54 49 55
f 54 55 56
f 54 32 47
f 54 39 32
f 57 52 50
f 57 58 52
f 57 59 58
f 60 36 53
f 60 43 36
f 60 50 43
f 61 56 62
f 61 62 63
f 61 39 54
f 61 54 56
f 61 46 39
f 64 59 57
f 64 65 59
f 64 66 65
f 67 50 60
f 68 60 53
f 68 63 69
f 68 69 70
f 68 46 61
f 68 61 63
f 68 53 46
f 71 66 64
f 71 72 66
f 71 73 72
f 74 57 50
f 74 50 67
f 75 70 76
f 75 76 77
f 75 60 68
f 75 68 70
f 78 73 71
f 78 79 73
f 80 64 57
f 80 57 74
f 81 77 82
f 81 82 83
f 81 75 77
f 81 60 75
f 81 67 60
f 84 79 78
f 84 85 79
f 84 86 85
f 87 71 64
f 87 64 80
f 88 83 89
f 88 89 90
f 88 74 67
f 88 81 83
f 88 67 81
f 91 86 84
f 91 92 86
f 91 93 92
f 94 71 87
f 94 78 71
f 95 80 74
f 95 90 96
f 95 96 97
f 95 88 90
f 95 74 88
f 98 93 91
f 98 99 93
f 98 100 99
f 101 84 78
f 101 78 94
f 102 95 97
f 102 97 103
f 102 87 80
f 102 80 95
f 104 105 100
f 104 106 105
f 104 100 98
f 107 84 101
f 107 91 84
f 108 103 109
f 108 109 110
f 108 87 102
f 108 102 103
f 108 94 87
f 111 106 104
f 111 112 106
f 111 113 112
f 114 91 107
f 114 98 91
f 115 108 110
f 115 110 116
f 115 116 117
f 115 94 108
f 115 101 94
f 118 113 111
f 118 119 113
f 118 120 119
f 121 104 98
f 121 98 114
f 122 117 123
f 122 123 124
f 122 107 101
f 122 114 107
f 122 101 115
f 122 115 117
f 125 120 118
f 125 126 120
f 125 127 126
f 128 111 104
f 128 104 121
f 129 114 122
f 129 122 124
f 129 124 130
f 129 130 131
f 132 127 125
f 132 133 127
f 132 134 133
f 135 111 128
f 135 118 111
f 136 114 129
f 136 131 137
f 136 137 138
f 136 121 114
f 136 129 131
f 139 140 141
f 139 134 132
f 139 141 134
f 142 118 135
f 142 125 118
f 143 138 144
f 143 144 145
f 143 128 121
f 143 135 128
f 143 136 138
f 143 121 136
f 146 147 140
f 146 148 147
f 146 140 139
f 149 132 125
f 149 125 142
f 150 143 145
f 150 145 151
f 150 151 152
f 150 135 143
f 153 154 148
f 153 155 154
f 153 148 146
f 156 139 132
f 156 132 149
f 157 135 150
f 157 152 158
f 157 158 159
f 157 150 152
f 157 142 135
f 157 149 142
f 160 161 155
f 160 162 161
f 160 155 153
f 163 139 156
f 163 146 139
f 164 157 159
f 164 159 165
f 164 165 3
f 164 3 2
f 164 149 157
f 166 167 168
f 166 169 162
f 166 170 169
f 166 168 170
f 166 162 160
f 171 153 146
f 171 172 173
f 171 146 163
f 174 156 149
f 174 175 176
f 174 2 175
f 174 164 2
f 174 149 164
f 177 173 178
f 177 160 153
f 177 153 171
f 177 171 173
f 179 163 156
f 179 180 181
f 179 156 174
f 179 176 180
f 179 174 176
f 179 171 163
f 182 183 167
f 182 184 183
f 182 178 184
f 182 167 166
f 182 177 178
f 182 166 160
f 182 160 177
f 185 186 172
f 185 181 186
f 185 179 181
f 185 171 179
f 185 172 171
f 187 188 189
f 190 191 188
f 190 188 187
f 192 193 191
f 192 191 190
f 194 195 196
f 194 196 193
f 194 193 192
f 197 198 195
f 197 195 194
f 199 200 198
f 199 198 197
f 201 202 200
f 201 200 199
f 203 204 205
f 203 205 202
f 203 202 201
f 206 207 204
f 206 204 203
f 208 209 207
f 208 207 206
f 210 211 212
f 210 212 209
f 210 209 208
f 213 214 215
f 213 215 211
f 213 211 210
f 216 217 218
f 216 218 214
f 216 214 213
f 219 220 217
f 219 217 216
f 221 222 223
f 221 223 220
f 221 220 219
f 224 225 222
f 224 222 221
f 226 225 224
f 226 227 228
f 226 228 225
f 229 227 226
f 229 230 227
f 231 230 229
f 231 232 233
f 231 233 230
f 234 232 231
f 234 235 232
f 236 235 234
f 236 237 235
f 238 237 236
f 238 239 240
f 238 240 237
f 241 239 238
f 241 242 239
f 243 244 242
f 243 242 241
f 245 246 247
f 245 247 244
f 245 244 243
f 248 249 246
f 248 246 245
f 250 251 249
f 250 249 248
f 252 253 251
f 252 251 250
f 254 255 256
f 254 256 253
f 254 253 252
f 257 258 255
f 257 255 254
f 259 260 258
f 259 258 257
f 261 262 260
f 261 260 259
f 263 264 262
f 263 262 261
f 265 266 264
f 265 264 263
f 267 268 266
f 267 266 265
f 269 270 268
f 269 268 267
f 271 272 270
f 271 270 269
f 273 274 272
f 273 272 271
f 275 276 274
f 275 274 273
f 277 276 275
f 277 278 276
f 279 278 277
f 279 280 281
f 279 281 278
f 282 280 279
f 282 283 280
f 284 285 283
f 284 283 282
f 286 287 285
f 286 285 284
f 288 289 287
f 288 287 286
f 290 291 289
f 290 289 288
f 292 293 291
f 292 291 290
f 294 295 293
f 294 293 292
f 296 297 295
f 296 295 294
f 298 299 297
f 298 297 296
f 300 301 299
f 300 299 298
f 302 303 301
f 302 301 300
f 304 305 306
f 304 306 303
f 304 303 302
f 307 305 304
f 308 309 310
f 311 312 313
f 311 314 312
f 311 315 314
f 311 316 315
f 317 316 311
f 317 318 316
f 317 319 318
f 320 321 319
f 320 322 321
f 320 319 317
f 323 311 313
f 323 324 325
f 323 326 324
f 323 313 326
f 327 322 320
f 327 328 322
f 327 329 328
f 330 323 325
f 330 311 323
f 330 331 332
f 330 325 331
f 330 317 311
f 333 329 327
f 333 334 329
f 333 335 334
f 336 317 330
f 336 320 317
f 336 330 332
f 337 335 333
f 337 338 335
f 337 339 338
f 340 320 336
f 340 327 320
f 341 339 337
f 341 342 339
f 341 343 342
f 344 327 340
f 344 333 327
f 345 336 332
f 345 346 347
f 345 332 346
f 348 343 341
f 348 349 343
f 348 350 349
f 351 337 333
f 351 333 344
f 352 345 347
f 352 336 345
f 352 347 353
f 352 340 336
f 354 350 348
f 354 355 350
f 354 356 355
f 357 337 351
f 357 341 337
f 358 344 340
f 358 340 352
f 358 353 309
f 358 352 353
f 358 309 308
f 359 356 354
f 359 360 356
f 359 361 360
f 362 348 341
f 362 341 357
f 362 354 348
f 363 308 364
f 363 364 365
f 363 351 344
f 363 344 358
f 363 358 308
f 366 361 359
f 366 367 361
f 366 368 367
f 369 354 362
f 370 365 371
f 370 371 372
f 370 357 351
f 370 351 363
f 370 363 365
f 373 374 368
f 373 375 374
f 373 368 366
f 376 354 369
f 376 359 354
f 377 372 378
f 377 378 379
f 377 357 370
f 377 369 362
f 377 362 357
f 377 370 372
f 380 375 373
f 380 381 375
f 382 366 359
f 382 359 376
f 383 379 384
f 383 384 385
f 383 377 379
f 383 369 377
f 386 381 380
f 386 387 381
f 386 388 387
f 389 373 366
f 389 366 382
f 389 380 373
f 390 385 391
f 390 391 392
f 390 376 369
f 390 383 385
f 390 369 383
f 393 388 386
f 393 394 388
f 393 395 394
f 396 380 389
f 396 386 380
f 397 392 398
f 397 398 399
f 397 376 390
f 397 390 392
f 397 382 376
f 400 395 393
f 400 401 395
f 400 402 401
f 403 386 396
f 404 399 405
f 404 405 406
f 404 397 399
f 404 389 382
f 404 382 397
f 404 396 389
f 407 402 400
f 407 408 402
f 407 409 408
f 410 386 403
f 410 400 393
f 410 393 386
f 411 406 412
f 411 412 413
f 411 396 404
f 411 404 406
f 414 409 407
f 414 415 409
f 414 416 415
f 417 400 410
f 418 413 419
f 418 419 420
f 418 396 411
f 418 403 396
f 418 411 413
f 421 416 414
f 421 422 416
f 421 423 422
f 424 400 417
f 424 407 400
f 424 414 407
f 425 420 426
f 425 403 418
f 425 410 403
f 425 418 420
f 427 423 421
f 427 428 423
f 427 429 428
f 430 414 424
f 431 426 432
f 431 432 433
f 431 417 410
f 431 410 425
f 431 425 426
f 434 429 427
f 434 435 429
f 434 436 435
f 437 414 430
f 437 421 414
f 438 433 439
f 438 439 440
f 438 431 433
f 438 424 417
f 438 430 424
f 438 417 431
f 441 436 434
f 441 442 436
f 441 443 442
f 444 427 421
f 444 421 437
f 445 440 446
f 445 446 447
f 445 430 438
f 445 438 440
f 448 449 450
f 448 443 441
f 448 450 443
f 451 427 444
f 451 434 427
f 452 445 447
f 452 447 453
f 452 453 454
f 452 430 445
f 452 437 430
f 455 456 449
f 455 457 456
f 455 449 448
f 458 441 434
f 458 434 451
f 459 451 444
f 459 454 460
f 459 460 461
f 459 452 454
f 459 444 437
f 459 437 452
f 462 463 457
f 462 464 463
f 462 457 455
f 465 448 441
f 465 441 458
f 466 461 467
f 466 467 468
f 466 459 461
f 466 458 451
f 466 451 459
f 469 470 464
f 469 471 470
f 469 472 471
f 469 464 462
f 473 448 465
f 473 455 448
f 474 468 475
f 474 475 476
f 474 458 466
f 474 466 468
f 477 462 455
f 477 455 473
f 478 473 465
f 478 465 458
f 478 458 474
f 478 476 479
f 478 479 480
f 478 474 476
f 481 482 472
f 481 469 462
f 481 472 469
f 481 462 477
f 483 473 478
f 483 478 480
f 483 480 484
f 483 484 485
f 486 477 473
f 486 481 477
f 486 483 485
f 486 485 487
f 486 487 488
f 486 473 483
f 489 482 481
f 489 481 486
f 489 486 488
f 489 488 490
f 489 490 491
f 489 491 482
f 312 492 493
f 314 492 312
f 314 494 492
f 315 494 314
f 315 495 494
f 316 495 315
f 316 496 495
f 318 496 316
f 318 497 496
f 319 497 318
f 319 498 497
f 321 498 319
f 321 499 498
f 322 499 321
f 322 500 499
f 328 500 322
f 328 501 500
f 329 501 328
f 329 502 501
f 334 502 329
f 334 503 502
f 335 503 334
f 335 504 503
f 338 504 335
f 338 505 504
f 339 505 338
f 339 506 505
f 342 506 339
f 342 507 506
f 343 507 342
f 343 508 507
f 349 509 508
f 349 508 343
f 350 510 509
f 350 509 349
f 355 510 350
f 355 511 510
f 356 511 355
f 356 512 511
f 360 512 356
f 360 513 512
f 361 513 360
f 361 514 513
f 367 515 514
f 367 514 361
f 368 516 515
f 368 515 367
f 374 517 516
f 374 516 368
f 375 518 517
f 375 517 374
f 381 519 518
f 381 518 375
f 387 520 519
f 387 519 381
f 388 521 520
f 388 520 387
f 394 522 521
f 394 521 388
f 395 523 522
f 395 522 394
f 401 524 523
f 401 523 395
f 402 525 524
f 402 524 401
f 408 526 525
f 408 525 402
f 409 527 526
f 409 526 408
f 415 528 527
f 415 527 409
f 416 529 528
f 416 528 415
f 422 530 529
f 422 529 416
f 423 531 530
f 423 530 422
f 428 532 531
f 428 531 423
f 429 533 532
f 429 532 428
f 435 534 533
f 435 533 429
f 436 535 534
f 436 534 435
f 442 535 436
f 442 536 535
f 443 536 442
f 443 537 536
f 450 537 443
f 450 538 537
f 449 538 450
f 449 539 538
f 456 539 449
f 456 540 539
f 457 541 542
f 457 542 543
f 457 543 540
f 457 540 456
f 463 544 545
f 463 545 546
f 463 541 457
f 463 546 547
f 463 547 548
f 463 548 541
f 464 549 550
f 464 550 551
f 464 551 552
f 464 552 544
f 464 544 463
f 470 553 554
f 470 554 555
f 470 555 556
f 470 556 549
f 470 549 464
f 471 557 558
f 471 558 559
f 471 559 560
f 471 560 561
f 471 561 553
f 471 553 470
f 472 562 563
f 472 563 557
f 472 557 471
f 564 565 566
f 564 567 565
f 568 567 564
f 568 569 567
f 570 569 568
f 570 571 569
f 572 571 570
f 573 571 572
f 573 574 571
f 575 574 573
f 575 576 574
f 577 576 575
f 577 578 576
f 579 578 577
f 579 580 578
f 581 580 579
f 582 580 581
f 582 583 580
f 584 583 582
f 584 585 583
f 586 585 584
f 586 587 585
f 588 587 586
f 588 589 587
f 590 589 588
f 590 591 589
f 592 591 590
f 592 593 591
f 594 593 592
f 594 595 593
f 596 597 595
f 596 595 594
f 598 599 597
f 598 597 596
f 600 599 598
f 600 601 599
f 602 601 600
f 602 603 601
f 604 603 602
f 604 605 603
f 606 607 605
f 606 605 604
f 608 609 607
f 608 607 606
f 610 611 609
f 610 609 608
f 612 613 611
f 612 611 610
f 614 615 613
f 614 613 612
f 616 617 615
f 616 615 614
f 618 619 617
f 618 617 616
f 620 621 619
f 620 619 618
f 622 623 621
f 622 621 620
f 624 625 623
f 624 623 622
f 626 627 625
f 626 625 624
f 628 629 627
f 628 627 626
f 630 631 629
f 630 629 628
f 632 633 631
f 632 631 630
f 634 635 633
f 634 633 632
f 636 637 635
f 636 635 634
f 638 639 637
f 638 637 636
f 640 641 639
f 640 639 638
f 642 643 641
f 642 641 640
f 644 645 643
f 644 643 642
f 646 647 645
f 646 645 644
f 648 649 647
f 648 647 646
f 650 649 648
f 650 651 649
f 652 651 650
f 652 653 651
f 654 653 652
f 654 655 653
f 656 655 654
f 656 657 655
f 658 657 656
f 658 659 657
f 660 659 658
f 660 661 659
f 662 663 661
f 662 661 660
f 664 665 666
f 664 666 667
f 664 667 663
f 664 663 662
f 668 669 670
f 668 670 671
f 668 671 672
f 668 672 673
f 668 673 665
f 668 665 664
f 674 675 676
f 674 676 677
f 674 677 678
f 674 678 669
f 674 669 668
f 679 680 681
f 679 681 682
f 679 682 683
f 679 683 675
f 679 675 674
f 684 685 686
f 684 686 687
f 684 687 688
f 684 688 689
f 684 689 680
f 684 680 679
f 690 691 692
f 690 692 685
f 690 685 684
f 693 694 695
f 696 697 694
f 696 694 693
f 698 699 697
f 698 697 696
f 700 701 699
f 700 699 698
f 702 703 701
f 702 701 700
f 704 705 703
f 704 703 702
f 706 707 705
f 706 705 704
f 708 709 707
f 708 707 706
f 710 711 709
f 710 709 708
f 712 713 711
f 712 711 710
f 714 715 713
f 714 713 712
f 716 717 715
f 716 715 714
f 718 719 717
f 718 717 716
f 720 721 719
f 720 719 718
f 722 723 721
f 722 721 720
f 724 725 723
f 724 723 722
f 726 727 725
f 726 725 724
f 728 729 727
f 728 727 726
f 730 731 729
f 730 729 728
f 732 731 730
f 732 733 731
f 734 733 732
f 734 735 733
f 736 737 735
f 736 735 734
f 738 739 737
f 738 737 736
f 740 741 739
f 740 739 738
f 742 743 741
f 742 741 740
f 744 745 743
f 744 743 742
f 746 745 744
f 746 747 745
f 748 747 746
f 748 749 747
f 750 749 748
f 750 751 749
f 752 751 750
f 752 753 751
f 754 753 752
f 754 755 753
f 756 755 754
f 756 757 755
f 758 757 756
f 758 759 757
f 760 759 758
f 760 761 759
f 762 761 760
f 762 763 761
f 764 763 762
f 764 765 763
f 766 765 764
f 766 767 765
f 768 767 766
f 768 769 767
f 770 769 768
f 770 771 769
f 772 773 771
f 772 771 770
f 774 775 773
f 774 773 772
f 776 775 774
f 777 775 776
f 778 775 777
f 778 779 775
f 780 779 778
f 781 779 780
f 781 782 779
f 783 782 781
f 784 782 783
f 784 785 782
f 786 785 784
f 787 785 786
f 787 788 785
f 789 788 787
f 790 788 789
f 790 791 788
f 792 791 790
f 792 793 791
f 794 793 792
f 795 793 794
f 795 796 793
f 797 796 795
f 797 798 796
f 799 798 797
f 800 798 799
f 800 801 798
f 802 801 800
f 803 801 802
f 803 804 801
f 805 804 803
f 806 804 805
f 807 804 806
f 808 804 807
f 808 809 804
f 810 809 808
f 811 809 810
f 812 809 811
f 813 809 812
f 814 809 813
f 814 815 809
f 816 815 814
f 817 815 816
f 818 815 817
f 819 170 168
f 820 169 170
f 820 170 819
f 821 162 169
f 821 169 820
f 822 161 162
f 822 162 821
f 823 155 161
f 823 161 822
f 824 154 155
f 824 155 823
f 825 148 154
f 825 154 824
f 826 147 148
f 826 148 825
f 827 140 147
f 827 147 826
f 828 141 140
f 828 140 827
f 829 134 141
f 829 141 828
f 830 133 134
f 830 134 829
f 831 127 133
f 831 133 830
f 832 126 127
f 832 127 831
f 833 120 126
f 833 126 832
f 834 119 120
f 834 120 833
f 835 113 119
f 835 119 834
f 836 112 113
f 836 113 835
f 837 106 112
f 837 112 836
f 838 106 837
f 838 105 106
f 839 105 838
f 839 100 105
f 840 99 100
f 840 100 839
f 841 93 99
f 841 99 840
f 842 92 93
f 842 93 841
f 843 86 92
f 843 92 842
f 844 85 86
f 844 86 843
f 845 85 844
f 845 79 85
f 846 79 845
f 846 73 79
f 847 73 846
f 847 72 73
f 848 72 847
f 848 66 72
f 849 66 848
f 849 65 66
f 850 65 849
f 850 59 65
f 851 59 850
f 851 58 59
f 852 58 851
f 852 52 58
f 853 52 852
f 853 51 52
f 854 51 853
f 854 45 51
f 855 45 854
f 855 44 45
f 856 44 855
f 856 38 44
f 857 38 856
f 857 37 38
f 858 31 37
f 858 37 857
f 859 30 31
f 859 31 858
f 860 30 859
f 861 30 860
f 862 30 861
f 862 23 30
f 863 23 862
f 864 23 863
f 864 22 23
f 865 22 864
f 866 22 865
f 866 19 22
f 867 19 866
f 868 19 867
f 868 18 19
f 869 18 868
f 870 18 869
f 870 14 18
f 871 14 870
f 871 13 14
f 872 13 871
f 873 13 872
f 873 11 13
f 874 11 873
f 874 10 11
f 875 10 874
f 876 10 875
f 876 8 10
f 877 8 876
f 878 8 877
f 878 7 8
f 879 7 878
f 880 7 879
f 881 7 880
f 882 7 881
f 882 5 7
f 883 5 882
f 884 5 883
f 885 5 884
f 886 5 885
f 887 5 886
f 887 6 5
f 888 6 887
f 889 6 888
f 890 6 889
f 891 892 893
f 891 893 894
f 895 896 892
f 895 892 891
f 897 898 896
f 897 896 895
f 899 900 898
f 899 898 897
f 901 902 900
f 901 900 899
f 903 904 902
f 903 902 901
f 905 906 904
f 905 904 903
f 907 908 906
f 907 906 905
f 909 908 907
f 909 910 908
f 911 910 909
f 911 912 910
f 913 912 911
f 913 914 912
f 915 914 913
f 915 916 914
f 917 916 915
f 917 918 916
f 919 918 917
f 919 920 918
f 921 920 919
f 921 922 920
f 923 922 921
f 923 924 922
f 925 924 923
f 925 926 924
f 927 926 925
f 927 928 926
f 929 930 928
f 929 928 927
f 931 932 930
f 931 930 929
f 933 934 932
f 933 932 931
f 935 936 934
f 935 934 933
f 937 936 935
f 937 938 936
f 939 938 937
f 939 940 938
f 941 940 939
f 941 942 940
f 943 942 941
f 943 944 942
f 945 944 943
f 945 946 944
f 947 946 945
f 947 948 946
f 949 948 947
f 949 950 948
f 951 950 949
f 951 952 950
f 953 952 951
f 953 954 955
f 953 955 952
f 956 954 953
f 957 954 956
f 957 958 954
f 959 958 957
f 959 960 958
f 961 960 959
f 961 962 963
f 961 963 960
f 964 962 961
f 965 962 964
f 965 966 962
f 967 966 965
f 967 968 966
f 969 970 968
f 969 968 967
f 971 972 970
f 971 970 969
f 973 974 972
f 973 972 971
f 975 976 974
f 975 974 973
f 977 978 976
f 977 976 975
f 979 980 978
f 979 978 977
f 981 982 983
f 981 983 980
f 981 980 979
f 984 982 981
f 985 982 984
f 985 986 982
f 987 986 985
f 987 988 989
f 987 989 986
f 990 988 987
f 991 988 990
f 991 992 988
f 993 992 991
f 993 994 992
f 995 994 993
f 995 996 994
f 997 996 995
f 997 998 996
f 999 1000 1001
f 999 1001 1002
f 1003 1004 1000
f 1003 1000 999
f 1005 1006 1004
f 1005 1004 1003
f 1007 1008 1006
f 1007 1006 1005
f 1009 1010 1008
f 1009 1008 1007
f 1011 1012 1010
f 1011 1010 1009
f 1013 1014 1012
f 1013 1012 1011
f 1015 1016 1014
f 1015 1014 1013
f 1017 1016 1015
f 1017 1018 1016
f 1019 1018 1017
f 1019 1020 1018
f 1021 1020 1019
f 1021 1022 1020
f 1023 1022 1021
f 1023 1024 1022
f 1025 1024 1023
f 1025 1026 1024
f 1027 1026 1025
f 1027 1028 1026
f 1029 1028 1027
f 1029 1030 1028
f 1031 1030 1029
f 1031 1032 1030
f 1033 1032 1031
f 1033 1034 1032
f 1035 1034 1033
f 1035 1036 1034
f 1037 1038 1036
f 1037 1036 1035
f 1039 1040 1038
f 1039 1038 1037
f 1041 1042 1040
f 1041 1040 1039
f 1043 1044 1042
f 1043 1042 1041
f 1045 1044 1043
f 1045 1046 1044
f 1047 1046 1045
f 1047 1048 1046
f 1049 1048 1047
f 1049 1050 1048
f 1051 1050 1049
f 1051 1052 1050
f 1053 1052 1051
f 1053 1054 1052
f 1055 1054 1053
f 1055 1056 1054
f 1057 1056 1055
f 1057 1058 1056
f 1059 1058 1057
f 1059 1060 1058
f 1061 1060 1059
f 1061 1062 1063
f 1061 1063 1060
f 1064 1062 1061
f 1065 1062 1064
f 1065 1066 1062
f 1067 1066 1065
f 1067 1068 1066
f 1069 1068 1067
f 1069 1070 1071
f 1069 1071 1068
f 1072 1070 1069
f 1073 1070 1072
f 1073 1074 1070
f 1075 1074 1073
f 1075 1076 1074
f 1077 1078 1076
f 1077 1076 1075
f 1079 1080 1078
f 1079 1078 1077
f 1081 1082 1080
f 1081 1080 1079
f 1083 1084 1082
f 1083 1082 1081
f 1085 1086 1084
f 1085 1084 1083
f 1087 1088 1086
f 1087 1086 1085
f 1089 1090 1091
f 1089 1091 1088
f 1089 1088 1087
f 1092 1090 1089
f 1093 1090 1092
f 1093 1094 1090
f 1095 1094 1093
f 1095 1096 1097
f 1095 1097 1094
f 1098 1096 1095
f 1099 1096 1098
f 1099 1100 1096
f 1101 1100 1099
f 1101 1102 1100
f 1103 1102 1101
f 1103 1104 1102
f 1105 1104 1103
f 1105 1106 1104
f 1107 1108 1109
f 1107 1109 1110
f 1111 1112 1108
f 1111 1108 1107
f 1113 1114 1112
f 1113 1112 1111
f 1115 1116 1114
f 1115 1114 1113
f 1117 1118 1116
f 1117 1116 1115
f 1119 1120 1118
f 1119 1118 1117
f 1121 1122 1120
f 1121 1120 1119
f 1123 1124 1122
f 1123 1122 1121
f 1125 1124 1123
f 1125 1126 1124
f 1127 1126 1125
f 1127 1128 1126
f 1129 1128 1127
f 1129 1130 1128
f 1131 1130 1129
f 1131 1132 1130
f 1133 1132 1131
f 1133 1134 1132
f 1135 1134 1133
f 1135 1136 1134
f 1137 1136 1135
f 1137 1138 1136
f 1139 1138 1137
f 1139 1140 1138
f 1141 1140 1139
f 1141 1142 1140
f 1143 1142 1141
f 1143 1144 1142
f 1145 1146 1144
f 1145 1144 1143
f 1147 1148 1146
f 1147 1146 1145
f 1149 1150 1148
f 1149 1148 1147
f 1151 1152 1150
f 1151 1150 1149
f 1153 1152 1151
f 1153 1154 1152
f 1155 1154 1153
f 1155 1156 1154
f 1157 1156 1155
f 1157 1158 1156
f 1159 1158 1157
f 1159 1160 1158
f 1161 1160 1159
f 1161 1162 1160
f 1163 1162 1161
f 1163 1164 1162
f 1165 1164 1163
f 1165 1166 1164
f 1167 1166 1165
f 1167 1168 1166
f 1169 1168 1167
f 1169 1170 1171
f 1169 1171 1168
f 1172 1170 1169
f 1173 1170 1172
f 1173 1174 1170
f 1175 1174 1173
f 1175 1176 1174
f 1177 1176 1175
f 1177 1178 1179
f 1177 1179 1176
f 1180 1178 1177
f 1181 1178 1180
f 1181 1182 1178
f 1183 1182 1181
f 1183 1184 1182
f 1185 1186 1184
f 1185 1184 1183
f 1187 1188 1186
f 1187 1186 1185
f 1189 1190 1188
f 1189 1188 1187
f 1191 1192 1190
f 1191 1190 1189
f 1193 1194 1192
f 1193 1192 1191
f 1195 1196 1194
f 1195 1194 1193
f 1197 1198 1199
f 1197 1199 1196
f 1197 1196 1195
f 1200 1198 1197
f 1201 1198 1200
f 1201 1202 1198
f 1203 1202 1201
f 1203 1204 1205
f 1203 1205 1202
f 1206 1204 1203
f 1207 1204 1206
f 1207 1208 1204
f 1209 1208 1207
f 1209 1210 1208
f 1211 1210 1209
f 1211 1212 1210
f 1213 1212 1211
f 1213 1214 1212
f 1215 1216 1217
f 1215 1217 1218
f 1219 1220 1216
f 1219 1216 1215
f 1221 1222 1220
f 1221 1220 1219
f 1223 1224 1222
f 1223 1222 1221
f 1225 1226 1224
f 1225 1224 1223
f 1227 1228 1226
f 1227 1226 1225
f 1229 1230 1228
f 1229 1228 1227
f 1231 1232 1230
f 1231 1230 1229
f 1233 1232 1231
f 1233 1234 1232
f 1235 1234 1233
f 1235 1236 1234
f 1237 1236 1235
f 1237 1238 1236
f 1239 1238 1237
f 1239 1240 1238
f 1241 1240 1239
f 1241 1242 1240
f 1243 1242 1241
f 1243 1244 1242
f 1245 1244 1243
f 1245 1246 1244
f 1247 1246 1245
f 1247 1248 1246
f 1249 1248 1247
f 1249 1250 1248
f 1251 1250 1249
f 1251 1252 1250
f 1253 1254 1252
f 1253 1252 1251
f 1255 1256 1254
f 1255 1254 1253
f 1257 1258 1256
f 1257 1256 1255
f 1259 1260 1258
f 1259 1258 1257
f 1261 1260 1259
f 1261 1262 1260
f 1263 1262 1261
f 1263 1264 1262
f 1265 1264 1263
f 1265 1266 1264
f 1267 1266 1265
f 1267 1268 1266
f 1269 1268 1267
f 1269 1270 1268
f 1271 1270 1269
f 1271 1272 1270
f 1273 1272 1271
f 1273 1274 1272
f 1275 1274 1273
f 1275 1276 1274
f 1277 1276 1275
f 1277 1278 1279
f 1277 1279 1276
f 1280 1278 1277
f 1281 1278 1280
f 1281 1282 1278
f 1283 1282 1281
f 1283 1284 1282
f 1285 1284 1283
f 1285 1286 1287
f 1285 1287 1284
f 1288 1286 1285
f 1289 1286 1288
f 1289 1290 1286
f 1291 1290 1289
f 1291 1292 1290
f 1293 1294 1292
f 1293 1292 1291
f 1295 1296 1294
f 1295 1294 1293
f 1297 1298 1296
f 1297 1296 1295
f 1299 1300 1298
f 1299 1298 1297
f 1301 1302 1300
f 1301 1300 1299
f 1303 1304 1302
f 1303 1302 1301
f 1305 1306 1307
f 1305 1307 1304
f 1305 1304 1303
f 1308 1306 1305
f 1309 1306 1308
f 1309 1310 1306
f 1311 1310 1309
f 1311 1312 1313
f 1311 1313 1310
f 1314 1312 1311
f 1315 1312 1314
f 1315 1316 1312
f 1317 1316 1315
f 1317 1318 1316
f 1319 1318 1317
f 1319 1320 1318
f 1321 1320 1319
f 1321 1322 1320
f 1323 1324 1325
f 1326 1324 1323
f 1327 1326 1323
f 1325 1328 1323
f 1329 1328 1325
f 1330 1328 1329
f 1331 1328 1330
f 1332 1328 1331
f 1333 1328 1332
f 1334 1328 1333
f 1335 1336 1328
f 1337 1328 1336
f 1338 1335 1328
f 1339 1328 1337
f 1340 1338 1328
f 1341 1328 1339
f 1342 1340 1328
f 1343 1328 1341
f 1344 1342 1328
f 1345 1328 1343
f 1346 1344 1328
f 1347 1328 1345
f 1348 1346 1328
f 1349 1328 1347
f 1350 1348 1328
f 1351 1328 1349
f 1352 1350 1328
f 1353 1328 1351
f 1354 1352 1328
f 1355 1328 1353
f 1356 1334 1357
f 1356 1354 1328
f 1356 1328 1334
f 1358 1328 1355
f 1359 1357 1360
f 1359 1360 1361
f 1359 1356 1357
f 1362 1328 1358
f 1363 1361 1364
f 1363 1364 1365
f 1363 1359 1361
f 1366 1365 1367
f 1366 1367 1368
f 1366 1363 1365
f 1369 1366 1368
f 1369 1368 1370
f 1369 1370 1371
f 1372 1369 1371
f 1372 1371 1373
f 1372 1373 1374
f 1375 1372 1374
f 1375 1374 1376
f 1375 1376 1377
f 1378 1377 1379
f 1378 1379 1380
f 1378 1375 1377
f 1381 1380 1382
f 1381 1382 1383
f 1381 1378 1380
f 1384 1383 1385
f 1384 1385 1386
f 1384 1381 1383
f 1387 1384 1386
f 1387 1386 1388
f 1387 1388 1389
f 1390 1387 1389
f 1390 1389 1391
f 1390 1391 1392
f 1393 1390 1392
f 1393 1392 1394
f 1393 1394 1395
f 1396 1393 1395
f 1397 1396 1395
f 1398 1397 1395
f 1399 1398 1395
f 1400 1399 1395
f 1401 1402 1403
f 1401 1404 1402
f 1401 1405 1404
f 1401 1406 1405
f 1401 1407 1406
f 1401 1408 1407
f 1401 1409 1408
f 1401 1410 1409
f 1401 1411 1410
f 1401 1412 1411
f 1401 1413 1412
f 1401 1414 1413
f 1401 1415 1414
f 1401 1416 1415
f 1401 1417 1416
f 1401 1418 1417
f 1401 1419 1418
f 1401 1420 1419
f 1421 1401 1403
f 1422 1423 1424
f 1425 1422 1426
f 1425 1423 1422
f 1427 1425 1428
f 1429 1425 1427
f 1430 1423 1425
f 1430 1425 1429
f 1431 1423 1430
f 1432 1431 1433
f 1432 1423 1431
f 1434 1423 1432
f 1435 1434 1436
f 1437 1434 1435
f 1438 1434 1437
f 1438 1423 1434
f 1439 1438 1440
f 1441 1438 1439
f 1442 1438 1441
f 1442 1441 1443
f 1444 1438 1442
f 1445 1423 1438
f 1445 1438 1444
f 1445 1446 1423
f 1445 1447 1446
f 1448 1449 1450
f 1451 1450 1449
f 1452 1449 1448
f 1452 1453 1449
f 1454 1451 1449
f 1454 1449 1455
f 1456 1453 1452
f 1457 1454 1455
f 1458 1453 1456
f 1459 1457 1455
f 1460 1453 1458
f 1461 1453 1460
f 1461 1462 1453
f 1463 1459 1455
f 1464 1462 1461
f 1465 1463 1455
f 1465 1455 1466
f 1467 1462 1464
f 1468 1465 1466
f 1469 1468 1466
f 1470 1462 1467
f 1471 1462 1470
f 1472 1469 1466
f 1472 1466 1473
f 1474 1472 1473
f 1475 1462 1471
f 1475 1476 1462
f 1477 1474 1473
f 1478 1476 1475
f 1479 1477 1473
f 1479 1473 1480
f 1481 1476 1478
f 1482 1479 1480
f 1482 1480 1400
f 1483 1484 1485
f 1483 1476 1481
f 1483 1486 1476
f 1483 1487 1486
f 1483 1485 1487
f 1488 1484 1483
f 1489 1488 1483
f 1490 1489 1483
f 1491 1490 1483
f 1492 1447 1445
f 1492 1493 1447
f 1492 1421 1493
f 1492 1401 1421
f 1494 1495 1395
f 1496 1395 1495
f 1497 1494 1395
f 1498 1395 1496
f 1499 1497 1395
f 1500 1395 1498
f 1501 1499 1395
f 1502 1395 1500
f 1502 1400 1395
f 1502 1482 1400
f 1503 1501 1395
f 1504 1482 1502
f 1505 1503 1395
f 1506 1482 1504
f 1507 1505 1395
f 1508 1482 1506
f 1509 1507 1395
f 1510 1482 1508
f 1511 1509 1395
f 1512 1482 1510
f 1513 1511 1395
f 1514 1482 1512
f 1515 1513 1395
f 1515 1395 1516
f 1517 1482 1514
f 1518 1515 1516
f 1519 1482 1517
f 1520 1518 1516
f 1521 1482 1519
f 1522 1520 1516
f 1523 1522 1516
f 1524 1525 1526
f 1524 1527 1525
f 1524 1528 1527
f 1524 1529 1528
f 1524 1530 1529
f 1531 1482 1521
f 1532 1533 1534
f 1535 1532 1534
f 1535 1534 1536
f 1537 1533 1532
f 1537 1538 1533
f 1539 1535 1536
f 1539 1536 1540
f 1541 1538 1537
f 1541 1542 1538
f 1543 1539 1540
f 1543 1540 1544
f 1545 1542 1541
f 1545 1546 1542
f 1547 1543 1544
f 1547 1544 1548
f 1549 1546 1545
f 1549 1550 1546
f 1551 1547 1548
f 1551 1548 1552
f 1553 1550 1549
f 1553 1554 1550
f 1555 1551 1552
f 1555 1523 1516
f 1555 1552 1523
f 1556 1554 1553
f 1556 1557 1554
f 1558 1555 1516
f 1559 1557 1556
f 1559 1560 1557
f 1561 1558 1516
f 1562 1560 1559
f 1562 1563 1560
f 1564 1561 1516
f 1565 1563 1562
f 1565 1566 1563
f 1567 1564 1516
f 1568 1566 1565
f 1568 1569 1566
f 1570 1567 1516
f 1571 1569 1568
f 1571 1572 1569
f 1573 1570 1516
f 1574 1572 1571
f 1574 1575 1572
f 1576 1573 1516
f 1577 1575 1574
f 1577 1578 1575
f 1579 1576 1516
f 1580 1579 1516
f 1581 1580 1516
f 1582 1581 1516
f 1583 1582 1516
f 1584 1583 1516
f 1584 1516 1585
f 1586 1584 1585
f 1586 1585 1587
f 1588 1589 1590
f 1588 1590 1591
f 1588 1591 1592
f 1588 1592 1593
f 1588 1593 1594
f 1588 1594 1595
f 1588 1595 1596
f 1597 1578 1577
f 1598 1599 1600
f 1598 1601 1599
f 1598 1602 1601
f 1598 1603 1602
f 1598 1604 1603
f 1598 1605 1604
f 1598 1606 1605
f 1598 1607 1606
f 1598 1608 1607
f 1598 1609 1608
f 1598 1610 1609
f 1598 1611 1610
f 1598 1526 1611
f 1598 1524 1526
f 1612 1613 1614
f 1612 1614 1615
f 1612 1615 1616
f 1617 1616 1618
f 1617 1618 1619
f 1617 1619 1620
f 1617 1612 1616
f 1621 1622 1623
f 1621 1623 1624
f 1621 1624 1613
f 1621 1613 1612
f 1625 1617 1620
f 1625 1620 1626
f 1625 1626 1627
f 1625 1627 1628
f 1629 1630 1622
f 1629 1622 1621
f 1631 1625 1628
f 1631 1628 1632
f 1631 1632 1633
f 1634 1630 1629
f 1635 1633 1636
f 1635 1636 1586
f 1635 1586 1587
f 1635 1631 1633
f 1637 1630 1634
f 1638 1635 1587
f 1638 1587 1639
f 1638 1639 1640
f 1641 1630 1637
f 1642 1638 1640
f 1642 1640 1643
f 1642 1643 1644
f 1645 1630 1641
f 1646 1642 1644
f 1646 1644 1647
f 1646 1647 1648
f 1649 1646 1648
f 1649 1648 1650
f 1649 1650 1651
f 1649 1651 1652
f 1653 1652 1654
f 1653 1654 1655
f 1653 1649 1652
f 1656 1655 1657
f 1656 1657 1658
f 1656 1653 1655
f 1659 1658 1660
f 1659 1660 1661
f 1659 1656 1658
f 1662 1661 1663
f 1662 1659 1661
f 1664 1663 1665
f 1664 1665 1666
f 1664 1662 1663
f 1667 1666 1668
f 1667 1668 1669
f 1667 1664 1666
f 1670 1669 1671
f 1670 1671 1672
f 1670 1667 1669
f 1673 1672 1589
f 1673 1589 1588
f 1673 1670 1672
f 1674 1673 1588
f 1675 1674 1588
f 1676 1675 1588
f 1677 1676 1588
f 1678 1677 1588
f 1679 1678 1588
f 1680 1679 1588
f 1681 1680 1588
f 1682 1681 1588
f 1683 1684 1685
f 1683 1686 1684
f 1683 1687 1686
f 1683 1688 1687
f 1683 1689 1690
f 1683 1691 1689
f 1683 1685 1691
f 1692 1693 1694
f 1695 1683 1690
f 1696 1682 1588
f 1697 1683 1695
f 1698 1696 1588
f 1699 1683 1697
f 1700 1698 1588
f 1701 1683 1699
f 1702 1700 1588
f 1703 1683 1701
f 1704 1702 1588
f 1705 1704 1588
f 1706 1683 1703
f 1706 1703 1707
f 1708 1706 1707
f 1709 1705 1588
f 1710 1706 1708
f 1711 1709 1588
f 1712 1711 1588
f 1713 1714 1715
f 1716 1717 1714
f 1716 1714 1713
f 1718 1716 1719
f 1718 1717 1716
f 1720 1718 1721
f 1720 1721 1722
f 1720 1717 1718
f 1723 1720 1724
f 1723 1724 1725
f 1723 1717 1720
f 1726 1723 1727
f 1728 1723 1726
f 1729 1723 1728
f 1730 1717 1723
f 1730 1723 1729
f 1731 1730 1732
f 1731 1732 1733
f 1734 1730 1731
f 1734 1717 1730
f 1735 1717 1734
f 1736 1717 1735
f 1736 1737 1717
f 1736 1738 1737
f 1739 1738 1736
f 1739 1706 1710
f 1739 1740 1738
f 1739 1710 1740
f 1741 1742 1743
f 1741 1744 1742
f 1741 1745 1744
f 1741 1746 1745
f 1741 1747 1746
f 1748 1749 1750
f 1748 1751 1749
f 1748 1752 1751
f 1748 1741 1743
f 1748 1753 1752
f 1748 1754 1753
f 1748 1755 1754
f 1748 1756 1755
f 1748 1757 1756
f 1748 1758 1757
f 1748 1759 1758
f 1748 1760 1759
f 1748 1761 1760
f 1748 1762 1761
f 1748 1763 1762
f 1748 1764 1763
f 1748 1765 1764
f 1748 1743 1765
f 1598 1491 1483
f 1598 1766 1491
f 1598 1600 1766
f 1578 1597 1694
f 1692 1694 1597
f 1688 1630 1767
f 1630 1768 1767
f 1630 1769 1768
f 1630 1770 1769
f 1630 1771 1770
f 1630 1772 1771
f 1630 1773 1772
f 1630 1774 1773
f 1630 1775 1774
f 1630 1776 1775
f 1630 1645 1776
f 1688 1683 1630
f 1748 1777 1588
f 1777 1778 1588
f 1778 1779 1588
f 1779 1780 1588
f 1780 1781 1588
f 1781 1782 1588
f 1782 1712 1588
f 1748 1783 1777
f 1748 1750 1783
f 1328 1420 1401
f 1328 1362 1420
f 1321 1784 1322
f 1785 1786 1784
f 1785 1784 1321
f 1787 1788 1786
f 1787 1786 1785
f 1789 1790 1788
f 1789 1788 1787
f 1791 1792 1790
f 1791 1790 1789
f 1793 1794 1792
f 1793 1792 1791
f 1795 1796 1794
f 1795 1794 1793
f 1797 1796 1795
f 1797 1798 1796
f 1799 1798 1797
f 1799 1800 1798
f 1801 1800 1799
f 1801 1802 1800
f 1803 1802 1801
f 1803 1804 1802
f 1805 1804 1803
f 1806 1804 1805
f 1806 1807 1804
f 1808 1807 1806
f 1808 1809 1807
f 1810 1809 1808
f 1810 1811 1809
f 1812 1811 1810
f 1812 1813 1811
f 1814 1813 1812
f 1814 1815 1813
f 1816 1815 1814
f 1816 1817 1815
f 1818 1817 1816
f 1818 1819 1817
f 1820 1821 1819
f 1820 1819 1818
f 1822 1821 1820
f 1822 1823 1821
f 1824 1825 1823
f 1824 1823 1822
f 1826 1827 1825
f 1826 1825 1824
f 1828 1827 1826
f 1828 1829 1827
f 1830 1829 1828
f 1830 1831 1829
f 1832 1831 1830
f 1832 1833 1831
f 1834 1833 1832
f 1834 1835 1833
f 1836 1835 1834
f 1836 1837 1835
f 1838 1837 1836
f 1838 1839 1840
f 1838 1840 1837
f 1841 1839 1838
f 1842 1839 1841
f 1842 1843 1839
f 1844 1843 1842
f 1844 1845 1843
f 1846 1845 1844
f 1846 1847 1845
f 1848 1847 1846
f 1848 1849 1850
f 1848 1850 1847
f 1851 1849 1848
f 1852 1849 1851
f 1852 1853 1849
f 1854 1853 1852
f 1854 1855 1853
f 1856 1855 1854
f 1856 1857 1855
f 1858 1857 1856
f 1858 1859 1860
f 1858 1860 1857
f 1861 1862 1859
f 1861 1859 1858
f 1863 1862 1861
f 1864 1865 1862
f 1864 1862 1863
f 1866 1867 1865
f 1866 1865 1864
f 1868 1869 1867
f 1868 1867 1866
f 1870 1871 1869
f 1870 1869 1868
f 1872 1873 1871
f 1872 1871 1870
f 1874 1875 1873
f 1874 1873 1872
f 1876 1875 1874
f 1876 1877 1878
f 1876 1878 1875
f 1879 1880 1877
f 1879 1877 1876
f 1881 1880 1879
f 1881 1882 1880
f 1883 1882 1881
f 1884 1882 1883
f 1884 1885 1882
f 1886 1885 1884
f 1886 1887 1885
f 1218 1887 1886
f 1218 1217 1887
f 1213 1888 1214
f 1889 1890 1888
f 1889 1888 1213
f 1891 1892 1890
f 1891 1890 1889
f 1893 1894 1892
f 1893 1892 1891
f 1895 1896 1894
f 1895 1894 1893
f 1897 1898 1896
f 1897 1896 1895
f 1899 1900 1898
f 1899 1898 1897
f 1901 1900 1899
f 1901 1902 1900
f 1903 1902 1901
f 1903 1904 1902
f 1905 1904 1903
f 1905 1906 1904
f 1907 1906 1905
f 1907 1908 1906
f 1909 1908 1907
f 1910 1908 1909
f 1910 1911 1908
f 1912 1911 1910
f 1912 1913 1911
f 1914 1913 1912
f 1914 1915 1913
f 1916 1915 1914
f 1916 1917 1915
f 1918 1917 1916
f 1918 1919 1917
f 1920 1919 1918
f 1920 1921 1919
f 1922 1921 1920
f 1922 1923 1921
f 1924 1925 1923
f 1924 1923 1922
f 1926 1925 1924
f 1926 1927 1925
f 1928 1929 1927
f 1928 1927 1926
f 1930 1931 1929
f 1930 1929 1928
f 1932 1931 1930
f 1932 1933 1931
f 1934 1933 1932
f 1934 1935 1933
f 1936 1935 1934
f 1936 1937 1935
f 1938 1937 1936
f 1938 1939 1937
f 1940 1939 1938
f 1940 1941 1939
f 1942 1941 1940
f 1942 1943 1944
f 1942 1944 1941
f 1945 1943 1942
f 1946 1943 1945
f 1946 1947 1943
f 1948 1947 1946
f 1948 1949 1947
f 1950 1949 1948
f 1950 1951 1949
f 1952 1951 1950
f 1952 1953 1954
f 1952 1954 1951
f 1955 1953 1952
f 1956 1953 1955
f 1956 1957 1953
f 1958 1957 1956
f 1958 1959 1957
f 1960 1959 1958
f 1960 1961 1959
f 1962 1961 1960
f 1962 1963 1964
f 1962 1964 1961
f 1965 1966 1963
f 1965 1963 1962
f 1967 1966 1965
f 1968 1969 1966
f 1968 1966 1967
f 1970 1971 1969
f 1970 1969 1968
f 1972 1973 1971
f 1972 1971 1970
f 1974 1975 1973
f 1974 1973 1972
f 1976 1977 1975
f 1976 1975 1974
f 1978 1979 1977
f 1978 1977 1976
f 1980 1979 1978
f 1980 1981 1982
f 1980 1982 1979
f 1983 1984 1981
f 1983 1981 1980
f 1985 1984 1983
f 1985 1986 1984
f 1987 1986 1985
f 1988 1986 1987
f 1988 1989 1986
f 1990 1989 1988
f 1990 1991 1989
f 1110 1991 1990
f 1110 1109 1991
f 1105 1992 1106
f 1993 1994 1992
f 1993 1992 1105
f 1995 1996 1994
f 1995 1994 1993
f 1997 1998 1996
f 1997 1996 1995
f 1999 2000 1998
f 1999 1998 1997
f 2001 2002 2000
f 2001 2000 1999
f 2003 2004 2002
f 2003 2002 2001
f 2005 2004 2003
f 2005 2006 2004
f 2007 2006 2005
f 2007 2008 2006
f 2009 2008 2007
f 2009 2010 2008
f 2011 2010 2009
f 2011 2012 2010
f 2013 2012 2011
f 2014 2012 2013
f 2014 2015 2012
f 2016 2015 2014
f 2016 2017 2015
f 2018 2017 2016
f 2018 2019 2017
f 2020 2019 2018
f 2020 2021 2019
f 2022 2021 2020
f 2022 2023 2021
f 2024 2023 2022
f 2024 2025 2023
f 2026 2025 2024
f 2026 2027 2025
f 2028 2029 2027
f 2028 2027 2026
f 2030 2029 2028
f 2030 2031 2029
f 2032 2033 2031
f 2032 2031 2030
f 2034 2035 2033
f 2034 2033 2032
f 2036 2035 2034
f 2036 2037 2035
f 2038 2037 2036
f 2038 2039 2037
f 2040 2039 2038
f 2040 2041 2039
f 2042 2041 2040
f 2042 2043 2041
f 2044 2043 2042
f 2044 2045 2043
f 2046 2045 2044
f 2046 2047 2048
f 2046 2048 2045
f 2049 2047 2046
f 2050 2047 2049
f 2050 2051 2047
f 2052 2051 2050
f 2052 2053 2051
f 2054 2053 2052
f 2054 2055 2053
f 2056 2055 2054
f 2056 2057 2058
f 2056 2058 2055
f 2059 2057 2056
f 2060 2057 2059
f 2060 2061 2057
f 2062 2061 2060
f 2062 2063 2061
f 2064 2063 2062
f 2064 2065 2063
f 2066 2065 2064
f 2066 2067 2068
f 2066 2068 2065
f 2069 2070 2067
f 2069 2067 2066
f 2071 2070 2069
f 2072 2073 2070
f 2072 2070 2071
f 2074 2075 2073
f 2074 2073 2072
f 2076 2077 2075
f 2076 2075 2074
f 2078 2079 2077
f 2078 2077 2076
f 2080 2081 2079
f 2080 2079 2078
f 2082 2083 2081
f 2082 2081 2080
f 2084 2083 2082
f 2084 2085 2086
f 2084 2086 2083
f 2087 2088 2085
f 2087 2085 2084
f 2089 2088 2087
f 2089 2090 2088
f 2091 2090 2089
f 2092 2090 2091
f 2092 2093 2090
f 2094 2093 2092
f 2094 2095 2093
f 1002 2095 2094
f 1002 1001 2095
f 997 2096 998
f 2097 2098 2096
f 2097 2096 997
f 2099 2100 2098
f 2099 2098 2097
f 2101 2102 2100
f 2101 2100 2099
f 2103 2104 2102
f 2103 2102 2101
f 2105 2106 2104
f 2105 2104 2103
f 2107 2108 2106
f 2107 2106 2105
f 2109 2108 2107
f 2109 2110 2108
f 2111 2110 2109
f 2111 2112 2110
f 2113 2112 2111
f 2113 2114 2112
f 2115 2114 2113
f 2115 2116 2114
f 2117 2116 2115
f 2118 2116 2117
f 2118 2119 2116
f 2120 2119 2118
f 2120 2121 2119
f 2122 2121 2120
f 2122 2123 2121
f 2124 2123 2122
f 2124 2125 2123
f 2126 2125 2124
f 2126 2127 2125
f 2128 2127 2126
f 2128 2129 2127
f 2130 2129 2128
f 2130 2131 2129
f 2132 2133 2131
f 2132 2131 2130
f 2134 2133 2132
f 2134 2135 2133
f 2136 2137 2135
f 2136 2135 2134
f 2138 2139 2137
f 2138 2137 2136
f 2140 2139 2138
f 2140 2141 2139
f 2142 2141 2140
f 2142 2143 2141
f 2144 2143 2142
f 2144 2145 2143
f 2146 2145 2144
f 2146 2147 2145
f 2148 2147 2146
f 2148 2149 2147
f 2150 2149 2148
f 2150 2151 2152
f 2150 2152 2149
f 2153 2151 2150
f 2154 2151 2153
f 2154 2155 2151
f 2156 2155 2154
f 2156 2157 2155
f 2158 2157 2156
f 2158 2159 2157
f 2160 2159 2158
f 2160 2161 2162
f 2160 2162 2159
f 2163 2161 2160
f 2164 2161 2163
f 2164 2165 2161
f 2166 2165 2164
f 2166 2167 2165
f 2168 2167 2166
f 2168 2169 2167
f 2170 2169 2168
f 2170 2171 2172
f 2170 2172 2169
f 2173 2174 2171
f 2173 2171 2170
f 2175 2174 2173
f 2176 2177 2174
f 2176 2174 2175
f 2178 2179 2177
f 2178 2177 2176
f 2180 2181 2179
f 2180 2179 2178
f 2182 2183 2181
f 2182 2181 2180
f 2184 2185 2183
f 2184 2183 2182
f 2186 2187 2185
f 2186 2185 2184
f 2188 2187 2186
f 2188 2189 2190
f 2188 2190 2187
f 2191 2192 2189
f 2191 2189 2188
f 2193 2192 2191
f 2193 2194 2192
f 2195 2194 2193
f 2196 2194 2195
f 2196 2197 2194
f 2198 2197 2196
f 2198 2199 2197
f 894 2199 2198
f 894 893 2199
f 2200 2201 2202
f 2200 2202 2203
f 460 2201 461
f 467 461 2201
f 454 2201 460
f 468 467 2201
f 453 2201 454
f 475 468 2201
f 447 2201 453
f 476 475 2201
f 446 2201 447
f 479 476 2201
f 440 2201 446
f 480 479 2201
f 2204 2201 440
f 2204 440 439
f 484 480 2201
f 433 2204 439
f 485 484 2201
f 432 2204 433
f 487 485 2201
f 426 2204 432
f 488 487 2201
f 420 2204 426
f 490 488 2201
f 419 2204 420
f 491 490 2201
f 413 2204 419
f 482 491 2201
f 412 2204 413
f 2205 482 2201
f 406 2204 412
f 2206 2205 2201
f 405 2204 406
f 2207 2206 2201
f 399 2204 405
f 2208 2201 2200
f 2208 2207 2201
f 398 2204 399
f 2209 2208 2200
f 392 2204 398
f 2210 2209 2200
f 391 2204 392
f 2211 2210 2200
f 385 2204 391
f 2212 2211 2200
f 384 2204 385
f 2213 2212 2200
f 379 2204 384
f 2214 2213 2200
f 378 2204 379
f 2215 2214 2200
f 372 2204 378
f 2216 2215 2200
f 371 2204 372
f 2217 2216 2200
f 365 2204 371
f 2218 2217 2200
f 364 2204 365
f 2219 2218 2200
f 308 2204 364
f 2220 2219 2200
f 310 2204 308
f 2221 2220 2200
f 2222 2221 2200
f 2222 2223 2221
f 2222 2224 2223
f 2222 2225 2224
f 2222 2226 2225
f 2222 2227 2226
f 2222 2228 2227
f 2222 2229 2228
f 2222 2230 2229
f 2222 2231 2230
f 2222 2232 2231
f 2222 2233 2232
f 2222 2234 2233
f 2222 2235 2234
f 2222 2236 2235
f 2222 2237 2236
f 2222 2238 2237
f 2222 2239 2238
f 2222 2240 2239
f 2222 2241 2240
f 2222 2242 2241
f 2222 2243 2242
f 2222 2244 2243
f 2222 2245 2244
f 2222 2246 2245
f 2222 2247 2246
f 2222 2248 2247
f 2249 2200 2203
f 2250 2249 2203
f 2251 2250 2252
f 2251 2249 2250
f 2253 2254 2255
f 2256 2257 2254
f 2256 2254 2253
f 2257 2258 2254
f 2255 2202 2201
f 2259 2256 2260
f 2261 2260 2256
f 2262 2256 2259
f 2263 2261 2256
f 2264 2256 2262
f 2265 2263 2256
f 2266 2256 2264
f 2267 2265 2256
f 2268 2256 2266
f 2269 2267 2256
f 2270 2256 2268
f 2271 2269 2256
f 2272 2256 2270
f 2273 2271 2256
f 2274 2256 2272
f 2275 2273 2256
f 2276 2256 2274
f 2277 2275 2256
f 2278 2256 2276
f 2279 2277 2256
f 2280 2256 2278
f 2281 2279 2256
f 2282 2256 2280
f 2283 2256 2282
f 2284 2256 2283
f 2285 2256 2284
f 2286 2257 2256
f 2286 2256 2285
f 2287 2257 2286
f 1324 2257 2287
f 2288 2289 2290
f 2288 2290 2291
f 2288 2291 2292
f 2288 2292 2293
f 2288 2293 2294
f 2288 2294 2295
f 2288 2295 2296
f 2288 2296 2297
f 2288 2297 2298
f 2288 2298 2299
f 2288 2299 2300
f 2288 2300 2301
f 2288 2301 2302
f 2288 2302 2303
f 2288 2303 2304
f 2288 2304 2305
f 2288 2305 2306
f 2288 2306 2307
f 2288 2307 2308
f 2288 2308 2309
f 2288 2309 2310
f 2288 2310 2311
f 2288 2311 2312
f 2288 2312 2313
f 2288 2313 2314
f 2288 2314 2315
f 2288 2315 2316
f 2288 2316 2317
f 1326 2257 1324
f 2318 2258 1326
f 2319 2258 2318
f 2320 2258 2319
f 2321 2258 2320
f 2322 2258 2321
f 2323 2258 2322
f 2324 2258 2323
f 2325 2258 2324
f 2326 2289 2288
f 2326 2327 2328
f 2326 2328 2289
f 969 2258 971
f 973 971 2258
f 967 2258 969
f 975 973 2258
f 965 2258 967
f 977 975 2258
f 964 2250 2258
f 964 2258 965
f 979 977 2258
f 961 2250 964
f 981 979 2258
f 959 2250 961
f 984 981 2258
f 957 2250 959
f 985 984 2258
f 956 2250 957
f 987 985 2258
f 953 2250 956
f 990 987 2258
f 951 2250 953
f 991 990 2258
f 949 2250 951
f 993 991 2258
f 947 2250 949
f 995 993 2258
f 945 2250 947
f 997 995 2258
f 943 2250 945
f 2097 997 2258
f 941 2250 943
f 2099 2097 2258
f 939 2250 941
f 2101 2099 2258
f 937 2250 939
f 2103 2101 2258
f 935 2250 937
f 2105 2103 2258
f 933 2250 935
f 2107 2105 2258
f 931 2250 933
f 2109 2107 2258
f 929 2250 931
f 2111 2109 2258
f 2111 2325 2329
f 2111 2258 2325
f 2113 2329 2330
f 2113 2111 2329
f 2115 2113 2330
f 2115 2330 2331
f 2117 2115 2331
f 2117 2331 2332
f 2333 2327 2326
f 2118 2117 2332
f 2120 2118 2332
f 2120 2332 2334
f 2122 2120 2334
f 2122 2334 2335
f 2124 2122 2335
f 2124 2335 2336
f 2126 2336 2337
f 2126 2124 2336
f 2128 2126 2337
f 2128 2337 2338
f 2130 2128 2338
f 2130 2338 2339
f 2132 2130 2339
f 2132 2339 2340
f 2134 2132 2340
f 2136 2134 2340
f 2136 2340 2341
f 2138 2136 2341
f 2138 2341 2342
f 2140 2138 2342
f 2140 2342 2343
f 1295 901 899
f 1293 903 901
f 1293 901 1295
f 1297 899 897
f 1297 1295 899
f 1291 905 903
f 1291 903 1293
f 1299 897 895
f 1299 1297 897
f 1289 907 905
f 1289 905 1291
f 1301 1299 895
f 1301 895 891
f 1288 909 907
f 1288 907 1289
f 1303 891 894
f 1303 1301 891
f 1285 911 909
f 1285 909 1288
f 1305 894 2198
f 1305 1303 894
f 1283 913 911
f 1283 911 1285
f 1308 2198 2196
f 1308 1305 2198
f 1281 915 913
f 1281 913 1283
f 1309 2196 2195
f 1309 1308 2196
f 1280 917 915
f 1280 915 1281
f 1311 2195 2193
f 1311 1309 2195
f 1277 917 1280
f 1277 919 917
f 1314 2193 2191
f 1314 1311 2193
f 1275 919 1277
f 1275 921 919
f 1315 2191 2188
f 1315 1314 2191
f 1273 923 921
f 1273 921 1275
f 1317 2188 2186
f 1317 1315 2188
f 1271 925 923
f 1271 923 1273
f 1319 2186 2184
f 1319 1317 2186
f 2344 2345 2346
f 2344 2346 2347
f 2344 2347 2348
f 2344 2348 2349
f 2344 2349 2350
f 2344 2350 2351
f 2344 2351 2352
f 2344 2352 2333
f 1321 2184 2182
f 1321 1319 2184
f 1785 2182 2180
f 1785 1321 2182
f 1787 2180 2178
f 1787 1785 2180
f 1789 2178 2176
f 1789 1787 2178
f 1079 2353 2354
f 1077 2355 2353
f 1077 2353 1079
f 1081 1079 2354
f 1075 2356 2355
f 1075 2355 1077
f 1083 2354 2357
f 1083 1081 2354
f 1073 2358 2356
f 1073 2356 1075
f 1085 2357 2359
f 1085 1083 2357
f 1072 2360 2358
f 1072 2358 1073
f 1087 2359 2361
f 1087 1085 2359
f 1791 2176 2175
f 1791 1789 2176
f 1069 2362 2360
f 1069 2360 1072
f 1089 2361 2345
f 1089 2345 2344
f 1089 1087 2361
f 1067 2363 2362
f 1067 2362 1069
f 1092 1089 2344
f 1065 2363 1067
f 1793 2175 2173
f 1793 1791 2175
f 1093 1092 2344
f 1064 2363 1065
f 1064 2364 2363
f 1095 1093 2344
f 1061 2364 1064
f 1061 2365 2364
f 1795 2173 2170
f 1795 1793 2173
f 1098 1095 2344
f 1059 2140 2343
f 1059 2365 1061
f 1059 2142 2140
f 1059 2343 2365
f 1099 1098 2344
f 1797 2170 2168
f 1797 1795 2170
f 1057 2142 1059
f 1057 2144 2142
f 1101 1099 2344
f 1055 2144 1057
f 1055 2146 2144
f 1799 2168 2166
f 1799 1797 2168
f 1103 1101 2344
f 1053 2146 1055
f 1105 1103 2344
f 1801 1799 2166
f 1801 2166 2164
f 1051 2146 1053
f 1051 2148 2146
f 1993 1105 2344
f 1049 2148 1051
f 1049 2150 2148
f 1995 1993 2344
f 1047 2150 1049
f 1047 2153 2150
f 1997 1995 2344
f 1045 2154 2153
f 1045 2156 2154
f 1045 2153 1047
f 1999 1997 2344
f 1043 2156 1045
f 2001 1999 2344
f 1041 2158 2156
f 1041 2156 1043
f 2003 2001 2344
f 1039 2158 1041
f 1039 2160 2158
f 2005 2003 2344
f 1037 2163 2160
f 1037 2160 1039
f 2007 2005 2344
f 1035 2164 2163
f 1035 2163 1037
f 2009 2007 2344
f 2011 2009 2344
f 2013 2011 2344
f 2014 2013 2344
f 2016 2014 2344
f 2018 2016 2344
f 2020 2018 2344
f 2022 2020 2344
f 2024 2344 2366
f 2024 2022 2344
f 2026 2024 2366
f 2028 2026 2366
f 2030 2028 2366
f 2032 2030 2366
f 2034 2032 2366
f 2036 2034 2366
f 2038 2036 2366
f 2040 2038 2366
f 2252 925 1271
f 2252 2250 929
f 2252 1870 1868
f 2252 1872 1870
f 2252 1874 1872
f 2252 1876 1874
f 2252 1879 1876
f 2252 1881 1879
f 2252 1215 1218
f 2252 1883 1881
f 2252 1219 1215
f 2252 927 925
f 2252 1884 1883
f 2252 1221 1219
f 2252 929 927
f 2252 1886 1884
f 2252 1223 1221
f 2252 1218 1886
f 2252 1225 1223
f 2252 1227 1225
f 2252 1229 1227
f 2252 1231 1229
f 2252 1233 1231
f 2252 1235 1233
f 2252 1237 1235
f 2252 1239 1237
f 2252 1241 1239
f 2252 1243 1241
f 2252 1245 1243
f 2252 1247 1245
f 2252 1249 1247
f 2252 1251 1249
f 2252 1253 1251
f 2252 1255 1253
f 2252 1257 1255
f 2252 1259 1257
f 2252 1261 1259
f 2252 1263 1261
f 2252 1265 1263
f 2252 1267 1265
f 2252 1269 1267
f 2252 1271 1269
f 2042 2040 2366
f 2044 2042 2366
f 2046 2044 2366
f 2049 2046 2366
f 2050 2049 2366
f 2052 2050 2366
f 2054 2052 2366
f 2056 2054 2366
f 2059 2056 2366
f 1185 1808 1187
f 1185 1810 1808
f 1189 1187 1808
f 1189 1808 1806
f 1183 1812 1810
f 1183 1814 1812
f 1183 1810 1185
f 1191 1189 1806
f 1191 1806 1805
f 1181 1816 1814
f 1181 1814 1183
f 1193 1191 1805
f 1193 1805 1803
f 1180 1816 1181
f 1195 2164 1035
f 1195 1193 1803
f 1195 1035 1033
f 1195 1803 1801
f 1195 1801 2164
f 1177 1818 1816
f 1177 1816 1180
f 1197 1195 1033
f 1197 1033 1031
f 1175 1820 1818
f 1175 1818 1177
f 1200 1031 1029
f 1200 1197 1031
f 1173 1822 1820
f 1173 1824 1822
f 1173 1820 1175
f 1201 1029 1027
f 1201 1200 1029
f 1172 1824 1173
f 1203 1027 1025
f 1203 1201 1027
f 1169 1826 1824
f 1169 1828 1826
f 1169 1824 1172
f 1206 1025 1023
f 1206 1203 1025
f 1167 1830 1828
f 1167 1828 1169
f 1207 1206 1023
f 1207 1023 1021
f 1165 1830 1167
f 1209 1021 1019
f 1209 1207 1021
f 1163 1832 1830
f 1163 1834 1832
f 1163 1830 1165
f 1211 1209 1019
f 1211 1019 1017
f 1161 1836 1834
f 1161 1834 1163
f 1213 1017 1015
f 1213 1211 1017
f 1159 1836 1161
f 1889 1213 1015
f 1889 1015 1013
f 1157 1838 1836
f 1157 1841 1838
f 1157 1836 1159
f 1891 1889 1013
f 1891 1013 1011
f 1155 1842 1841
f 1155 1841 1157
f 1893 1891 1011
f 1893 1011 1009
f 1153 1844 1842
f 1153 1842 1155
f 1895 1893 1009
f 1895 1009 1007
f 1151 1844 1153
f 1897 1007 1005
f 1897 1895 1007
f 1149 1846 1844
f 1149 1844 1151
f 1899 1897 1005
f 1899 1005 1003
f 1147 1848 1846
f 1147 1846 1149
f 1901 1003 999
f 1901 1899 1003
f 1145 1851 1848
f 1145 1848 1147
f 1903 999 1002
f 1903 1901 999
f 1143 1852 1851
f 1143 1854 1852
f 1143 1851 1145
f 1905 1002 2094
f 1905 1903 1002
f 1141 1856 1854
f 1141 1854 1143
f 1907 2094 2092
f 1907 1905 2094
f 1139 1856 1141
f 1909 2092 2091
f 1909 1907 2092
f 1137 1856 1139
f 1137 1858 1856
f 1910 1909 2091
f 1910 2091 2089
f 1135 1861 1858
f 1135 1858 1137
f 1912 1910 2089
f 1912 2089 2087
f 1133 1861 1135
f 1133 1863 1861
f 1133 1864 1863
f 1914 1912 2087
f 1914 2087 2084
f 1131 1864 1133
f 1131 1866 1864
f 1916 1914 2084
f 1916 2084 2082
f 1129 1866 1131
f 1918 2082 2080
f 1918 1916 2082
f 1127 1866 1129
f 1127 1868 1866
f 1127 2252 1868
f 1920 2080 2078
f 1920 1918 2080
f 1922 2078 2076
f 1922 1920 2078
f 1924 2076 2074
f 1924 1922 2076
f 1926 2074 2072
f 1926 1924 2074
f 1928 2072 2071
f 1928 1926 2072
f 1930 2071 2069
f 1930 1928 2071
f 1932 1930 2069
f 1932 2069 2066
f 1934 2066 2064
f 1934 1932 2066
f 1936 2064 2062
f 1936 1934 2064
f 2367 1938 1936
f 2367 1940 1938
f 2367 2252 1127
f 2367 1942 1940
f 2367 1945 1942
f 2367 2060 2059
f 2367 1946 1945
f 2367 2062 2060
f 2367 1948 1946
f 2367 1950 1948
f 2367 1952 1950
f 2367 1955 1952
f 2367 1956 1955
f 2367 1958 1956
f 2367 1960 1958
f 2367 1962 1960
f 2367 1965 1962
f 2367 1967 1965
f 2367 1968 1967
f 2367 1970 1968
f 2367 1972 1970
f 2367 1974 1972
f 2367 1976 1974
f 2367 1978 1976
f 2367 1980 1978
f 2367 1983 1980
f 2367 1107 1110
f 2367 1985 1983
f 2367 1111 1107
f 2367 1987 1985
f 2367 1113 1111
f 2367 1988 1987
f 2367 1115 1113
f 2367 1990 1988
f 2367 1117 1115
f 2367 1110 1990
f 2367 1119 1117
f 2367 1121 1119
f 2367 1123 1121
f 2367 1125 1123
f 2367 1127 1125
f 2367 1936 2062
f 2367 2059 2366
f 2368 2369 2256
f 2369 2281 2256
f 2257 1326 2258
f 2344 2333 2326
f 2288 2317 2370
f 2368 2256 2253
f 2371 2370 2368
f 2371 2368 2253
f 2288 2370 2371
f 2372 2373 2374
f 2372 2375 2373
f 2376 2377 2378
f 2376 2379 2377
f 2380 310 309
f 2380 309 353
f 2380 353 347
f 2380 2204 310
f 346 2380 347
f 332 2380 346
f 331 2380 332
f 325 2380 331
f 324 2380 325
f 326 2380 324
f 313 2380 326
f 2381 313 2382
f 2381 2382 2383
f 2381 2383 2384
f 2381 2384 2385
f 2381 2385 2386
f 2381 2386 2387
f 2381 2387 2388
f 2381 2388 2389
f 2381 2389 2390
f 2381 2390 2391
f 2381 2391 2392
f 2381 2392 2248
f 2381 2248 2222
f 2381 2380 313
f 2393 2394 2395
f 2396 2395 2394
f 2397 2394 2393
f 2398 2396 2394
f 2399 2394 2397
f 2400 2398 2394
f 2401 2394 2399
f 2402 2400 2394
f 2403 2394 2401
f 2404 2402 2394
f 2405 2394 2403
f 2406 2404 2394
f 2407 2394 2405
f 2408 2406 2394
f 2409 2394 2407
f 2410 2408 2394
f 2411 2394 2409
f 2412 2410 2394
f 2413 2394 2411
f 2414 2412 2394
f 2415 2394 2413
f 2416 2414 2394
f 2417 2394 2415
f 2418 2416 2394
f 2419 2394 2417
f 2420 2418 2394
f 2421 2394 2419
f 2422 2394 2421
f 2423 2394 2422
f 2424 2425 2426
f 2424 2426 2427
f 2424 2427 2428
f 2424 2428 2429
f 2424 2429 2430
f 2424 2430 2431
f 2424 2431 2432
f 2424 2432 2433
f 2424 2433 2434
f 2424 2434 2435
f 2424 2435 2420
f 2424 2420 2394
f 2424 2436 2437
f 2424 2437 2438
f 2424 2438 2439
f 2424 2439 2440
f 2424 2440 2441
f 2424 2441 2442
f 2424 2442 2425
f 2443 2436 2424
f 2444 2445 2446
f 2444 2446 2447
f 2448 2444 2447
f 2449 2446 2445
f 2450 2448 2447
f 2451 2446 2449
f 2452 2453 2446
f 2452 2446 2451
f 2454 2450 2447
f 2455 2454 2447
f 2456 2453 2452
f 2457 2453 2456
f 2458 2455 2447
f 2458 2447 2459
f 2460 2453 2457
f 2460 2461 2453
f 2462 2458 2459
f 2463 2461 2460
f 2464 2462 2459
f 2465 2461 2463
f 2466 2464 2459
f 2467 2468 2461
f 2467 2461 2465
f 2469 2459 2470
f 2469 2466 2459
f 2471 2468 2467
f 2472 2469 2470
f 2473 2468 2471
f 2474 2472 2470
f 2475 2474 2470
f 2476 2477 2468
f 2476 2468 2473
f 2478 2479 2477
f 2478 2477 2476
f 2480 2470 2481
f 2480 2481 2482
f 2480 2482 2483
f 2480 2483 2484
f 2480 2475 2470
f 2485 2480 2484
f 2486 2480 2485
f 2487 2488 2489
f 2487 2489 2490
f 2487 2490 2491
f 2487 2491 2492
f 2493 2488 2487
f 2493 2494 2488
f 2495 2480 2486
f 2496 2497 2498
f 2499 2493 2500
f 2499 2500 2501
f 2502 2494 2493
f 2502 2496 2498
f 2502 2498 2503
f 2502 2503 2494
f 2504 2493 2499
f 2505 2506 2502
f 2507 2504 2508
f 2509 2502 2493
f 2509 2504 2507
f 2509 2493 2504
f 2509 2505 2502
f 2510 2509 2511
f 2510 2505 2509
f 2512 2480 2495
f 2513 2505 2510
f 2514 2513 2510
f 2515 2443 2424
f 2515 2516 2517
f 2515 2517 2518
f 2515 2518 2519
f 2515 2519 2520
f 2515 2520 2443
f 2521 2522 2523
f 2524 2522 2521
f 2525 2521 2523
f 2526 2522 2524
f 2526 2527 2522
f 2528 2525 2523
f 2528 2523 2529
f 2530 2531 2527
f 2530 2527 2526
f 2532 2528 2529
f 2533 2531 2530
f 2534 2529 2479
f 2534 2532 2529
f 2534 2479 2478
f 2535 2531 2533
f 2535 2536 2531
f 2537 2534 2478
f 2538 2536 2535
f 2538 2539 2536
f 2540 2537 2478
f 2541 2539 2538
f 2542 2540 2478
f 2543 2544 2539
f 2543 2539 2541
f 2545 2542 2478
f 2546 2544 2543
f 2546 2547 2544
f 2548 2545 2478
f 2549 2547 2546
f 2549 2550 2547
f 2551 2548 2478
f 2552 2550 2549
f 2552 2553 2550
f 2554 2551 2478
f 2555 2554 2478
f 2556 2555 2478
f 2557 2514 2510
f 2557 2558 2559
f 2557 2559 2514
f 2560 2556 2478
f 2561 2562 2563
f 2564 2565 2562
f 2564 2562 2561
f 2566 2563 2567
f 2566 2561 2563
f 2568 2565 2564
f 2568 2569 2565
f 2570 2566 2567
f 2570 2567 2571
f 2572 2569 2568
f 2572 2573 2569
f 2574 2571 2575
f 2574 2570 2571
f 2576 2573 2572
f 2576 2577 2573
f 2578 2574 2575
f 2578 2575 2579
f 2580 2577 2576
f 2580 2581 2577
f 2582 2578 2579
f 2582 2579 2583
f 2584 2581 2580
f 2584 2585 2581
f 2586 2582 2583
f 2586 2583 2587
f 2588 2585 2584
f 2588 2589 2585
f 2590 2586 2587
f 2590 2587 2591
f 2592 2589 2588
f 2592 2593 2589
f 2594 2590 2591
f 2594 2591 2595
f 2596 2593 2592
f 2596 2597 2593
f 2598 2594 2595
f 2598 2595 2599
f 2600 2597 2596
f 2600 2552 2597
f 2601 2598 2599
f 2601 2599 2602
f 2603 2552 2600
f 2604 2601 2602
f 2604 2602 2605
f 2606 2552 2603
f 2607 2604 2605
f 2607 2605 2608
f 2609 2607 2608
f 2609 2608 2610
f 2611 2609 2610
f 2612 2558 2557
f 2612 2613 2614
f 2612 2614 2615
f 2612 2615 2616
f 2612 2616 2617
f 2612 2617 2618
f 2612 2618 2619
f 2612 2619 2620
f 2612 2620 2621
f 2612 2621 2622
f 2612 2622 2623
f 2612 2623 2624
f 2612 2624 2625
f 2612 2625 2558
f 2626 2627 2628
f 2626 2628 2629
f 2626 2629 2630
f 2631 2632 2633
f 2631 2633 2634
f 2631 2634 2627
f 2631 2627 2626
f 2635 2630 2636
f 2635 2636 2637
f 2635 2637 2638
f 2635 2638 2639
f 2635 2626 2630
f 2640 2641 2642
f 2640 2642 2643
f 2640 2643 2632
f 2640 2632 2631
f 2644 2635 2639
f 2645 2646 2647
f 2645 2647 2641
f 2645 2641 2640
f 2648 2644 2639
f 2649 2650 2651
f 2649 2651 2646
f 2649 2646 2645
f 2652 2648 2639
f 2653 2654 2655
f 2653 2655 2650
f 2653 2650 2649
f 2656 2652 2639
f 2657 2654 2653
f 2657 2658 2659
f 2657 2659 2654
f 2660 2656 2639
f 2661 2662 2663
f 2661 2663 2658
f 2661 2658 2657
f 2664 2662 2661
f 2664 2665 2662
f 2666 2665 2664
f 2666 2606 2665
f 2667 2606 2666
f 2668 2606 2667
f 2669 2668 2670
f 2669 2670 2671
f 2669 2671 2672
f 2669 2672 2673
f 2669 2673 2674
f 2669 2674 2675
f 2669 2675 2676
f 2669 2676 2677
f 2669 2677 2678
f 2669 2678 2679
f 2669 2679 2680
f 2669 2680 2681
f 2669 2681 2682
f 2683 2669 2682
f 2684 2685 2686
f 2684 2686 2687
f 2684 2687 2688
f 2684 2688 2689
f 2684 2689 2690
f 2684 2690 2691
f 2684 2691 2692
f 2693 2694 2695
f 2696 2685 2684
f 2697 2669 2683
f 2698 2696 2684
f 2699 2669 2697
f 2700 2698 2684
f 2701 2669 2699
f 2702 2700 2684
f 2703 2669 2701
f 2704 2702 2684
f 2705 2669 2703
f 2706 2669 2705
f 2707 2704 2684
f 2707 2708 2704
f 2709 2708 2707
f 2710 2669 2706
f 2711 2709 2707
f 2712 2669 2710
f 2713 2669 2712
f 2714 2669 2713
f 2715 2669 2714
f 2716 2669 2715
f 2717 2669 2716
f 2718 2719 2720
f 2718 2720 2721
f 2722 2723 2724
f 2722 2724 2725
f 2722 2725 2726
f 2722 2726 2727
f 2722 2727 2719
f 2728 2718 2729
f 2728 2729 2730
f 2728 2730 2731
f 2728 2731 2732
f 2733 2734 2735
f 2736 2733 2735
f 2737 2735 2722
f 2737 2728 2738
f 2737 2718 2728
f 2737 2719 2718
f 2737 2722 2719
f 2739 2735 2737
f 2739 2736 2735
f 2740 2736 2739
f 2740 2739 2741
f 2742 2736 2740
f 2743 2742 2740
f 2744 2711 2707
f 2744 2745 2746
f 2744 2746 2747
f 2744 2747 2748
f 2744 2748 2749
f 2744 2749 2711
f 2750 2743 2740
f 2750 2751 2752
f 2750 2752 2743
f 2753 2754 2755
f 2753 2755 2756
f 2753 2756 2757
f 2753 2751 2750
f 2753 2757 2758
f 2753 2758 2759
f 2753 2759 2760
f 2753 2760 2761
f 2753 2761 2762
f 2753 2762 2763
f 2753 2763 2764
f 2753 2764 2765
f 2753 2765 2766
f 2753 2766 2767
f 2753 2767 2768
f 2753 2768 2769
f 2753 2769 2770
f 2753 2770 2751
f 2693 2611 2694
f 2639 2684 2771
f 2771 2684 2772
f 2772 2684 2773
f 2773 2684 2774
f 2774 2684 2692
f 2639 2771 2775
f 2639 2775 2776
f 2639 2776 2777
f 2639 2777 2778
f 2639 2778 2779
f 2639 2779 2780
f 2639 2780 2660
f 2753 2669 2781
f 2781 2669 2782
f 2782 2669 2717
f 2753 2781 2783
f 2753 2783 2754
f 2669 2394 2423
f 2669 2423 2553
f 2669 2553 2668
f 2668 2553 2552
f 2668 2552 2606
f 2612 2480 2512
f 2612 2512 2784
f 2612 2784 2613
f 2610 2694 2611
f 2255 2785 2371
f 2253 2255 2371
f 158 2786 159
f 165 159 2786
f 152 2786 158
f 3 165 2786
f 151 2786 152
f 1 3 2786
f 145 2786 151
f 144 2786 145
f 138 2786 144
f 137 2786 138
f 131 2786 137
f 130 2786 131
f 124 2786 130
f 123 2786 124
f 117 2786 123
f 116 2786 117
f 110 2786 116
f 109 2786 110
f 103 2786 109
f 97 2786 103
f 96 2786 97
f 90 2786 96
f 89 2786 90
f 83 2786 89
f 2787 2788 2789
f 2787 2790 2788
f 2787 2791 2790
f 2787 2792 2791
f 2787 2793 2792
f 2787 2794 2793
f 2787 2795 2794
f 2787 2796 2795
f 2787 2797 2796
f 2787 2798 2797
f 2787 2799 2798
f 2787 2800 2799
f 2787 2801 2800
f 2787 2802 2801
f 2787 2803 2802
f 2787 2804 2803
f 2787 2805 2804
f 2787 2806 2805
f 2787 2807 2806
f 2787 2808 2807
f 2787 2809 2808
f 2787 2810 2809
f 2811 2810 2787
f 2812 2811 2787
f 2813 2812 2787
f 2814 2813 2787
f 2815 2816 2817
f 2815 2818 2816
f 2815 2819 2818
f 2815 16 2819
f 2815 26 16
f 2815 2786 83
f 2815 27 26
f 2815 28 27
f 2815 34 28
f 2815 35 34
f 2815 41 35
f 2815 42 41
f 2815 48 42
f 2815 49 48
f 2815 55 49
f 2815 56 55
f 2815 62 56
f 2815 63 62
f 2815 69 63
f 2815 70 69
f 2815 76 70
f 2815 77 76
f 2815 82 77
f 2815 83 82
f 2820 2821 2814
f 2820 2822 2821
f 2820 2823 2822
f 2820 2824 2823
f 2820 2825 2824
f 2820 2826 2825
f 2820 2827 2826
f 2820 2828 2827
f 2820 2829 2828
f 2820 2830 2829
f 2820 2831 2830
f 2820 2814 2787
f 2820 2832 2831
f 2820 2817 2832
f 2820 2815 2817
f 2820 2833 2815
f 2820 2834 2833
f 1 2786 2835
f 2 1 2835
f 175 2 2835
f 176 175 2835
f 180 176 2835
f 181 180 2835
f 186 181 2835
f 172 186 2835
f 173 172 2835
f 178 173 2835
f 184 178 2835
f 183 184 2835
f 167 183 2835
f 2836 2837 2838
f 2836 2838 2839
f 2836 2839 2840
f 2836 2840 2841
f 2836 2841 2842
f 2836 2842 2843
f 2836 2843 167
f 2836 167 2835
f 2844 2837 2836
f 2845 2844 2836
f 2789 2845 2836
f 2787 2789 2836
f 2846 1530 2847
f 2848 1530 2846
f 2849 1530 2848
f 2850 1530 2849
f 2851 1529 1530
f 2851 1530 2850
f 2852 1529 2851
f 2853 1529 2852
f 2854 1529 2853
f 2855 1529 2854
f 2856 1529 2855
f 2857 1529 2856
f 2858 1529 2857
f 2859 1529 2858
f 2860 1529 2859
f 2861 1529 2860
f 2862 1529 2861
f 2863 1529 2862
f 2864 1529 2863
f 2865 1529 2864
f 2866 1529 2865
f 2867 1528 1529
f 2867 1529 2866
f 2868 1528 2867
f 818 1528 2868
f 2505 806 805
f 2505 807 806
f 2505 808 807
f 2505 810 808
f 2505 811 810
f 2505 812 811
f 2505 813 812
f 2505 814 813
f 2505 816 814
f 2513 1527 1528
f 2513 1528 818
f 2513 816 2505
f 2513 817 816
f 2513 818 817
f 2514 1527 2513
f 2514 1525 1527
f 2559 1525 2514
f 2559 1526 1525
f 2558 1611 1526
f 2558 1526 2559
f 2625 1610 1611
f 2625 1611 2558
f 2624 1609 1610
f 2624 1610 2625
f 2623 1608 1609
f 2623 1609 2624
f 2622 1607 1608
f 2622 1608 2623
f 2621 1606 1607
f 2621 1607 2622
f 2620 1605 1606
f 2620 1606 2621
f 2619 1604 1605
f 2619 1605 2620
f 2618 1603 1604
f 2618 1604 2619
f 2617 1602 1603
f 2617 1603 2618
f 2616 1601 1602
f 2616 1602 2617
f 2615 1599 1601
f 2615 1601 2616
f 2614 1600 1599
f 2614 1599 2615
f 2613 1766 1600
f 2613 1600 2614
f 2784 1491 1766
f 2784 1766 2613
f 2512 1490 1491
f 2512 1491 2784
f 2495 1489 1490
f 2495 1490 2512
f 2486 1488 1489
f 2486 1489 2495
f 2485 1484 1488
f 2485 1488 2486
f 2484 1484 2485
f 2484 1485 1484
f 2483 1485 2484
f 2483 1487 1485
f 2482 1487 2483
f 2482 1486 1487
f 2481 1486 2482
f 2481 1476 1486
f 2470 1476 2481
f 2470 1462 1476
f 2459 1462 2470
f 2459 1453 1462
f 2447 1453 2459
f 2447 1449 1453
f 2446 1449 2447
f 2446 1455 1449
f 2453 1455 2446
f 2453 1466 1455
f 2461 1466 2453
f 2461 1473 1466
f 2468 1473 2461
f 2468 1480 1473
f 2477 1480 2468
f 2477 1400 1480
f 2479 1399 1400
f 2479 1400 2477
f 2529 1398 1399
f 2529 1399 2479
f 2523 1397 1398
f 2523 1398 2529
f 2522 1396 1397
f 2522 1397 2523
f 2527 1396 2522
f 2527 1393 1396
f 2531 1393 2527
f 2531 1390 1393
f 2536 1390 2531
f 2536 1387 1390
f 2539 1387 2536
f 2539 1384 1387
f 2544 1384 2539
f 2544 1381 1384
f 2547 1381 2544
f 2547 1378 1381
f 2550 1378 2547
f 2550 1375 1378
f 2553 1375 2550
f 2553 1372 1375
f 2423 1372 2553
f 2423 1369 1372
f 2422 1369 2423
f 2422 1366 1369
f 2421 1366 2422
f 2421 1363 1366
f 2419 1363 2421
f 2419 1359 1363
f 2417 1359 2419
f 2417 1356 1359
f 2415 1356 2417
f 2415 1354 1356
f 2413 1354 2415
f 2413 1352 1354
f 2411 1352 2413
f 2411 1350 1352
f 2409 1350 2411
f 2409 1348 1350
f 2407 1346 1348
f 2407 1348 2409
f 2405 1344 1346
f 2405 1346 2407
f 2403 1342 1344
f 2403 1344 2405
f 2401 1340 1342
f 2401 1342 2403
f 2399 1338 1340
f 2399 1340 2401
f 2397 1335 1338
f 2397 1338 2399
f 2393 1336 1335
f 2393 1335 2397
f 2395 1337 1336
f 2395 1336 2393
f 2396 1337 2395
f 2396 1339 1337
f 2398 1339 2396
f 2398 1341 1339
f 2400 1341 2398
f 2400 1343 1341
f 2402 1343 2400
f 2402 1345 1343
f 2404 1345 2402
f 2404 1347 1345
f 2406 1347 2404
f 2406 1349 1347
f 2408 1349 2406
f 2408 1351 1349
f 2410 1351 2408
f 2410 1353 1351
f 2412 1353 2410
f 2412 1355 1353
f 2414 1355 2412
f 2414 1358 1355
f 2416 1358 2414
f 2416 1362 1358
f 2418 1362 2416
f 2418 1420 1362
f 2420 1420 2418
f 2420 1419 1420
f 2435 1418 1419
f 2435 1419 2420
f 2434 1417 1418
f 2434 1418 2435
f 2433 1416 1417
f 2433 1417 2434
f 2432 1415 1416
f 2432 1416 2433
f 2431 1414 1415
f 2431 1415 2432
f 2430 1413 1414
f 2430 1414 2431
f 2429 1412 1413
f 2429 1413 2430
f 2428 1411 1412
f 2428 1412 2429
f 2427 1410 1411
f 2427 1411 2428
f 2426 1409 1410
f 2426 1410 2427
f 2425 1408 1409
f 2425 1409 2426
f 2442 1407 1408
f 2442 1408 2425
f 2441 1406 1407
f 2441 1407 2442
f 2440 1406 2441
f 2440 1405 1406
f 2439 1405 2440
f 2439 1404 1405
f 2438 1404 2439
f 2438 1402 1404
f 2437 1402 2438
f 2437 1403 1402
f 2436 1403 2437
f 2436 1421 1403
f 2443 1421 2436
f 2443 1493 1421
f 2520 1493 2443
f 2520 1447 1493
f 2519 1446 1447
f 2519 1447 2520
f 2869 1423 1446
f 2869 1446 2870
f 562 2870 1446
f 2871 1423 2869
f 2872 1423 2871
f 2873 1423 2872
f 2874 1423 2873
f 2875 1423 2874
f 2876 1423 2875
f 2877 1423 2876
f 2878 1423 2877
f 2879 1423 2878
f 2518 1446 2519
f 2518 563 562
f 2518 557 563
f 2518 562 1446
f 2517 558 557
f 2517 559 558
f 2517 560 559
f 2517 561 560
f 2517 553 561
f 2517 554 553
f 2517 555 554
f 2517 556 555
f 2517 549 556
f 2517 550 549
f 2517 551 550
f 2517 552 551
f 2517 544 552
f 2517 545 544
f 2517 546 545
f 2517 547 546
f 2517 557 2518
f 2516 548 547
f 2516 541 548
f 2516 542 541
f 2516 543 542
f 2516 540 543
f 2516 547 2517
f 2880 1747 2881
f 2882 1747 2880
f 2883 1747 2882
f 2884 1747 2883
f 2885 1746 1747
f 2885 1747 2884
f 2886 1746 2885
f 2887 1746 2886
f 2888 1746 2887
f 2889 1746 2888
f 2890 1746 2889
f 2891 1746 2890
f 2892 1746 2891
f 2893 1746 2892
f 2894 1746 2893
f 2895 1746 2894
f 2896 1746 2895
f 2897 1746 2896
f 2898 1746 2897
f 2899 1746 2898
f 2900 1746 2899
f 2901 1746 2900
f 2901 1745 1746
f 2902 1745 2901
f 890 1745 2902
f 2736 880 879
f 2736 881 880
f 2736 882 881
f 2736 883 882
f 2736 884 883
f 2736 885 884
f 2736 886 885
f 2736 887 886
f 2736 888 887
f 2742 889 888
f 2742 890 889
f 2742 1745 890
f 2742 888 2736
f 2742 1744 1745
f 2743 1742 1744
f 2743 1744 2742
f 2752 1743 1742
f 2752 1742 2743
f 2751 1743 2752
f 2751 1765 1743
f 2770 1764 1765
f 2770 1765 2751
f 2769 1763 1764
f 2769 1764 2770
f 2768 1762 1763
f 2768 1763 2769
f 2767 1761 1762
f 2767 1762 2768
f 2766 1760 1761
f 2766 1761 2767
f 2765 1759 1760
f 2765 1760 2766
f 2764 1758 1759
f 2764 1759 2765
f 2763 1757 1758
f 2763 1758 2764
f 2762 1756 1757
f 2762 1757 2763
f 2761 1755 1756
f 2761 1756 2762
f 2760 1755 2761
f 2760 1754 1755
f 2759 1754 2760
f 2759 1753 1754
f 2758 1753 2759
f 2758 1752 1753
f 2757 1752 2758
f 2757 1751 1752
f 2756 1751 2757
f 2756 1749 1751
f 2755 1749 2756
f 2755 1750 1749
f 2754 1750 2755
f 2754 1783 1750
f 2783 1777 1783
f 2783 1783 2754
f 2781 1777 2783
f 2781 1778 1777
f 2782 1779 1778
f 2782 1778 2781
f 2717 1780 1779
f 2717 1779 2782
f 2716 1781 1780
f 2716 1780 2717
f 2715 1782 1781
f 2715 1781 2716
f 2714 1712 1782
f 2714 1782 2715
f 2713 1711 1712
f 2713 1712 2714
f 2712 1709 1711
f 2712 1711 2713
f 2710 1705 1709
f 2710 1709 2712
f 2706 1704 1705
f 2706 1705 2710
f 2705 1702 1704
f 2705 1704 2706
f 2703 1700 1702
f 2703 1702 2705
f 2701 1698 1700
f 2701 1700 2703
f 2699 1696 1698
f 2699 1698 2701
f 2697 1682 1696
f 2697 1696 2699
f 2683 1681 1682
f 2683 1682 2697
f 2682 1681 2683
f 2682 1680 1681
f 2681 1680 2682
f 2681 1679 1680
f 2680 1679 2681
f 2680 1678 1679
f 2679 1677 1678
f 2679 1678 2680
f 2678 1676 1677
f 2678 1677 2679
f 2677 1675 1676
f 2677 1676 2678
f 2676 1674 1675
f 2676 1675 2677
f 2675 1673 1674
f 2675 1674 2676
f 2674 1670 1673
f 2674 1673 2675
f 2673 1667 1670
f 2673 1670 2674
f 2672 1664 1667
f 2672 1667 2673
f 2671 1662 1664
f 2671 1664 2672
f 2670 1659 1662
f 2670 1662 2671
f 2668 1656 1659
f 2668 1659 2670
f 2667 1653 1656
f 2667 1656 2668
f 2666 1649 1653
f 2666 1653 2667
f 2664 1646 1649
f 2664 1649 2666
f 2661 1642 1646
f 2661 1646 2664
f 2657 1638 1642
f 2657 1642 2661
f 2653 1638 2657
f 2653 1635 1638
f 2649 1635 2653
f 2649 1631 1635
f 2645 1631 2649
f 2645 1625 1631
f 2640 1625 2645
f 2640 1617 1625
f 2631 1617 2640
f 2631 1612 1617
f 2626 1621 1612
f 2626 1612 2631
f 2635 1621 2626
f 2635 1629 1621
f 2644 1629 2635
f 2644 1634 1629
f 2648 1634 2644
f 2648 1637 1634
f 2652 1637 2648
f 2652 1641 1637
f 2656 1641 2652
f 2656 1645 1641
f 2660 1645 2656
f 2660 1776 1645
f 2780 1776 2660
f 2780 1775 1776
f 2779 1775 2780
f 2779 1774 1775
f 2778 1774 2779
f 2778 1773 1774
f 2777 1773 2778
f 2777 1772 1773
f 2776 1772 2777
f 2776 1771 1772
f 2775 1771 2776
f 2775 1770 1771
f 2771 1770 2775
f 2771 1769 1770
f 2772 1769 2771
f 2772 1768 1769
f 2773 1768 2772
f 2773 1767 1768
f 2774 1767 2773
f 2774 1688 1767
f 2692 1688 2774
f 2692 1687 1688
f 2691 1687 2692
f 2691 1686 1687
f 2690 1686 2691
f 2690 1684 1686
f 2689 1685 1684
f 2689 1684 2690
f 2688 1691 1685
f 2688 1685 2689
f 2687 1689 1691
f 2687 1691 2688
f 2686 1690 1689
f 2686 1689 2687
f 2685 1695 1690
f 2685 1690 2686
f 2696 1697 1695
f 2696 1695 2685
f 2698 1699 1697
f 2698 1697 2696
f 2700 1699 2698
f 2700 1701 1699
f 2702 1701 2700
f 2702 1703 1701
f 2704 1703 2702
f 2704 1707 1703
f 2708 1707 2704
f 2708 1708 1707
f 2709 1708 2708
f 2709 1710 1708
f 2711 1710 2709
f 2711 1740 1710
f 2749 1740 2711
f 2749 1738 1740
f 2748 1738 2749
f 2748 1737 1738
f 2903 1737 2904
f 2903 1717 1737
f 691 2904 1737
f 2905 1717 2903
f 2906 1717 2905
f 2907 1717 2906
f 2908 1717 2907
f 2909 1717 2908
f 2910 1717 2909
f 2911 1717 2910
f 2912 1717 2911
f 2913 1717 2912
f 2747 691 1737
f 2747 692 691
f 2747 685 692
f 2747 1737 2748
f 2746 686 685
f 2746 687 686
f 2746 688 687
f 2746 689 688
f 2746 680 689
f 2746 681 680
f 2746 682 681
f 2746 683 682
f 2746 675 683
f 2746 676 675
f 2746 677 676
f 2746 678 677
f 2746 669 678
f 2746 670 669
f 2746 671 670
f 2746 672 671
f 2746 685 2747
f 2745 673 672
f 2745 665 673
f 2745 666 665
f 2745 667 666
f 2745 663 667
f 2745 672 2746
f 2366 2914 2367
f 2915 2366 2834
f 2820 2915 2834
f 2915 2914 2366
f 2367 2251 2252
f 2914 2251 2367
f 1395 2370 1516
f 1395 2368 2370
f 1596 2333 2916
f 1596 2327 2333
f 1595 2327 1596
f 2917 2612 2375
f 2917 2375 2918
f 2480 2612 2917
f 2919 2480 2917
f 2372 2920 2921
f 1598 2920 2372
f 1483 2919 2922
f 1483 2922 2920
f 1483 2480 2919
f 1483 2920 1598
f 2372 2921 2375
f 2921 2918 2375
f 1531 2478 1482
f 1531 2560 2478
f 646 2684 648
f 650 2684 2639
f 650 648 2684
f 644 2684 646
f 652 650 2639
f 642 2684 644
f 654 652 2639
f 640 2684 642
f 656 654 2639
f 638 2684 640
f 658 656 2639
f 636 2684 638
f 660 658 2639
f 634 2923 2684
f 634 2684 636
f 662 660 2639
f 632 2923 634
f 664 662 2639
f 630 2923 632
f 668 664 2639
f 628 2923 630
f 674 668 2639
f 626 2923 628
f 679 674 2639
f 624 2923 626
f 684 679 2639
f 622 2923 624
f 690 2639 1630
f 690 684 2639
f 620 2923 622
f 2924 690 1630
f 618 2923 620
f 2925 2924 1630
f 616 2923 618
f 2926 2925 1630
f 614 2923 616
f 2927 2926 1630
f 612 2923 614
f 2928 2927 1630
f 610 2923 612
f 2929 2928 1630
f 608 2923 610
f 2930 2929 1630
f 606 2923 608
f 2931 2930 1630
f 604 2923 606
f 2932 2931 1630
f 602 2923 604
f 2933 2932 1630
f 600 2923 602
f 2934 2933 1630
f 598 2923 600
f 2935 2934 1630
f 596 2923 598
f 594 2923 596
f 592 2923 594
f 590 2923 592
f 588 2923 590
f 586 2923 588
f 2936 2937 2938
f 2936 2938 2939
f 2936 2939 2940
f 2936 2940 2941
f 2936 2941 2942
f 2936 2942 2943
f 2936 2943 2944
f 2936 2944 2945
f 2936 2945 2946
f 2936 2946 2947
f 2936 2947 2948
f 2936 2948 2949
f 2936 2949 2950
f 2936 2950 2951
f 2936 2951 2952
f 2936 2952 2953
f 2936 2953 2954
f 2936 2954 2955
f 2936 2955 2956
f 2936 2956 2957
f 2936 2957 2958
f 2936 2958 2959
f 2936 2959 2960
f 2936 2960 2961
f 1683 2935 1630
f 1683 2936 2961
f 1683 2961 2962
f 1683 2962 2963
f 1683 2963 2964
f 1683 2964 2965
f 1683 2965 2966
f 1683 2966 2967
f 1683 2967 2968
f 1683 2968 2935
f 278 281 2611
f 280 2611 281
f 276 278 2611
f 283 2611 280
f 274 276 2611
f 274 2611 2693
f 285 2611 283
f 272 274 2693
f 287 2611 285
f 270 272 2693
f 289 2611 287
f 291 2611 289
f 268 270 2693
f 293 2611 291
f 266 268 2693
f 295 2611 293
f 264 266 2693
f 264 2693 2969
f 262 264 2969
f 297 2611 295
f 260 262 2969
f 299 2611 297
f 258 260 2969
f 301 2611 299
f 255 258 2969
f 303 2611 301
f 256 255 2969
f 306 2611 303
f 253 256 2969
f 305 2611 306
f 251 253 2969
f 249 251 2969
f 246 249 2969
f 247 246 2969
f 244 247 2969
f 242 244 2969
f 239 242 2969
f 240 239 2969
f 237 240 2969
f 235 237 2969
f 232 235 2969
f 233 232 2969
f 230 233 2969
f 227 230 2969
f 228 227 2969
f 225 228 2969
f 222 225 2969
f 223 222 2969
f 1597 2970 2971
f 1597 2972 2970
f 1597 2973 2972
f 1597 2974 2973
f 1597 2975 2974
f 1597 2976 2975
f 1597 2977 2976
f 1597 2978 2977
f 1597 2979 2978
f 1597 2980 2979
f 1597 2981 2980
f 1597 2982 2981
f 1597 2983 2982
f 1597 2984 2983
f 1597 2985 2984
f 1597 2986 2985
f 1597 2987 2986
f 1597 2988 2987
f 1597 305 2988
f 1597 2611 305
f 220 223 2969
f 2989 1597 2971
f 217 220 2969
f 2990 1597 2989
f 218 217 2969
f 2991 1597 2990
f 214 218 2969
f 215 214 2969
f 2992 1597 2991
f 211 215 2969
f 212 211 2969
f 209 212 2969
f 1692 2993 2994
f 1692 2995 2993
f 1692 2996 2995
f 1692 2997 2996
f 1692 2998 2997
f 1692 2992 2998
f 1692 1597 2992
f 2999 3000 3001
f 2999 3002 3000
f 2999 3003 3002
f 2999 3004 3003
f 2999 3005 3004
f 2999 3006 3005
f 2999 3007 3006
f 2999 3008 3007
f 2999 3009 3008
f 2999 3010 3009
f 2999 3011 3010
f 2999 3012 3011
f 2999 3013 3012
f 2999 3014 3013
f 2999 3015 3014
f 2999 3016 3015
f 2999 3017 3016
f 2999 3018 3017
f 2999 3019 3018
f 2999 3020 3019
f 2999 3021 3020
f 2999 3022 3021
f 2999 3023 3022
f 2999 3024 3023
f 2999 2994 3024
f 2999 1692 2994
f 3025 3026 3027
f 3028 3026 3025
f 3029 3030 3028
f 3029 3028 3025
f 3031 3025 2694
f 3031 3032 3025
f 3033 3031 2694
f 2610 3033 2694
f 3029 3034 3035
f 1694 3035 3036
f 1694 3029 3035
f 1578 3036 3033
f 1578 3033 2610
f 1578 1694 3036
f 3029 3025 3032
f 3029 3032 3034
f 2835 2750 2740
f 859 858 2740
f 857 2740 858
f 856 2740 857
f 855 2740 856
f 854 2740 855
f 853 2740 854
f 852 2740 853
f 851 2740 852
f 850 2740 851
f 849 2740 850
f 848 2740 849
f 847 2740 848
f 846 2835 2740
f 846 2740 847
f 845 2835 846
f 844 2835 845
f 843 2835 844
f 842 2835 843
f 841 2835 842
f 840 2835 841
f 839 2835 840
f 838 2835 839
f 837 2835 838
f 836 2835 837
f 835 2835 836
f 834 2835 835
f 833 2835 834
f 832 2835 833
f 831 2835 832
f 830 2835 831
f 829 2835 830
f 828 2835 829
f 827 2835 828
f 826 2835 827
f 825 2835 826
f 824 2835 825
f 823 2835 824
f 822 2835 823
f 821 2835 822
f 820 2835 821
f 1747 3037 3038
f 1747 3038 3039
f 1747 3039 3040
f 1747 3040 3041
f 1747 3041 3042
f 1747 3042 3043
f 1747 3043 3044
f 1747 3044 3045
f 1747 3045 3046
f 1747 3046 3047
f 1747 3047 3048
f 1747 3048 3049
f 1747 3049 3050
f 1747 3050 3051
f 1747 3051 3052
f 1747 3052 3053
f 1747 3053 3054
f 1747 3054 3055
f 1747 3055 3056
f 1747 3056 3057
f 1747 3057 2881
f 2836 3058 3059
f 2836 3059 3060
f 2836 3060 3061
f 2836 3061 3062
f 2836 3062 3063
f 2836 3063 3064
f 2836 3064 3065
f 2836 3065 3066
f 2836 3037 1747
f 2836 3066 3067
f 2836 3067 3068
f 2836 3068 3069
f 2836 3069 3070
f 2836 3070 3071
f 2836 3071 3072
f 2836 3072 3073
f 2836 3073 3074
f 2836 3074 3075
f 2836 3075 3076
f 2836 3076 3077
f 2836 3077 3078
f 2836 3078 3079
f 2836 3079 3080
f 2836 3080 3081
f 2836 3081 3082
f 2836 3082 3083
f 2836 3083 3037
f 1741 2836 1747
f 2835 819 2836
f 819 3058 2836
f 2835 820 819
f 2745 2744 2379
f 595 2379 593
f 591 593 2379
f 597 2379 595
f 589 591 2379
f 599 2379 597
f 587 589 2379
f 601 2379 599
f 585 587 2379
f 603 2379 601
f 583 585 2379
f 605 2379 603
f 580 583 2379
f 607 2379 605
f 578 580 2379
f 609 2379 607
f 576 578 2379
f 611 2379 609
f 574 576 2379
f 613 2379 611
f 571 574 2379
f 615 2379 613
f 569 571 2379
f 617 2379 615
f 567 569 2379
f 619 2379 617
f 621 2745 2379
f 621 2379 619
f 623 2745 621
f 625 2745 623
f 627 2745 625
f 629 2745 627
f 631 2745 629
f 633 2745 631
f 635 2745 633
f 637 2745 635
f 639 2745 637
f 641 2745 639
f 643 2745 641
f 645 2745 643
f 647 2745 645
f 649 2745 647
f 651 2745 649
f 653 2745 651
f 655 2745 653
f 657 2745 655
f 659 2745 657
f 661 2745 659
f 663 2745 661
f 2376 3084 3085
f 2376 3085 3086
f 2376 3086 3087
f 2376 3087 3088
f 2376 3088 3089
f 2376 3089 3090
f 2376 3090 3091
f 2376 3091 3092
f 2376 3092 3093
f 2376 3093 3094
f 2376 3094 3095
f 2376 3095 3096
f 2376 3096 3097
f 2376 3097 3098
f 2376 3098 3099
f 2376 3099 3100
f 2376 3100 3101
f 2376 3101 3102
f 2376 3102 3103
f 2376 3103 3104
f 2376 3104 3105
f 2376 3105 3106
f 2376 3106 3107
f 2376 3107 3108
f 2376 3108 3109
f 2376 3109 3110
f 1736 2376 1739
f 1736 3084 2376
f 1736 3111 3112
f 1736 3112 3113
f 1736 3113 3114
f 1736 3114 3115
f 1736 3115 3116
f 1736 3116 3117
f 1736 3117 3118
f 1736 3118 3119
f 1736 3119 3120
f 1736 3120 3121
f 1736 3121 3122
f 1736 3122 3123
f 1736 3123 3084
f 2376 565 2379
f 565 567 2379
f 2376 3110 565
f 2516 2515 2380
f 506 2380 505
f 504 505 2380
f 507 2380 506
f 503 504 2380
f 508 2380 507
f 502 503 2380
f 509 2380 508
f 501 502 2380
f 510 2380 509
f 500 501 2380
f 511 2380 510
f 499 500 2380
f 512 2380 511
f 498 499 2380
f 513 2380 512
f 497 498 2380
f 514 2380 513
f 496 497 2380
f 515 2380 514
f 495 496 2380
f 516 2380 515
f 494 495 2380
f 517 2380 516
f 492 494 2380
f 518 2380 517
f 519 2516 2380
f 519 2380 518
f 520 2516 519
f 521 2516 520
f 522 2516 521
f 523 2516 522
f 524 2516 523
f 525 2516 524
f 526 2516 525
f 527 2516 526
f 528 2516 527
f 529 2516 528
f 530 2516 529
f 531 2516 530
f 532 2516 531
f 533 2516 532
f 534 2516 533
f 535 2516 534
f 536 2516 535
f 537 2516 536
f 538 2516 537
f 539 2516 538
f 540 2516 539
f 2381 3124 3125
f 2381 3125 3126
f 2381 3126 3127
f 2381 3127 3128
f 2381 3128 3129
f 2381 3129 3130
f 2381 3130 3131
f 2381 3131 3132
f 2381 3132 3133
f 2381 3133 3134
f 2381 3134 3135
f 2381 3135 3136
f 2381 3136 3137
f 2381 3137 3138
f 2381 3138 3139
f 2381 3139 3140
f 2381 3140 3141
f 2381 3141 3142
f 2381 3142 3143
f 2381 3143 3144
f 2381 3144 3145
f 2381 3145 3146
f 2381 3146 3147
f 2381 3147 3148
f 2381 3148 3149
f 2381 3149 3150
f 1445 2381 1492
f 1445 3124 2381
f 1445 3151 3152
f 1445 3152 3153
f 1445 3153 3154
f 1445 3154 3155
f 1445 3155 3156
f 1445 3156 3157
f 1445 3157 3158
f 1445 3158 3159
f 1445 3159 3160
f 1445 3160 3161
f 1445 3161 3162
f 1445 3162 3163
f 1445 3163 3124
f 2381 493 2380
f 493 492 2380
f 2381 3150 493
f 2373 2557 2510
f 774 772 2510
f 770 2510 772
f 768 2510 770
f 766 2510 768
f 764 2510 766
f 762 2510 764
f 760 2510 762
f 758 2510 760
f 756 2510 758
f 754 2510 756
f 752 2510 754
f 750 2510 752
f 748 2373 2510
f 748 2510 750
f 746 2373 748
f 744 2373 746
f 742 2373 744
f 740 2373 742
f 738 2373 740
f 736 2373 738
f 734 2373 736
f 732 2373 734
f 730 2373 732
f 728 2373 730
f 726 2373 728
f 724 2373 726
f 722 2373 724
f 720 2373 722
f 718 2373 720
f 716 2373 718
f 714 2373 716
f 712 2373 714
f 710 2373 712
f 708 2373 710
f 706 2373 708
f 704 2373 706
f 702 2373 704
f 700 2373 702
f 698 2373 700
f 696 2373 698
f 1530 3164 3165
f 1530 3165 3166
f 1530 3166 3167
f 1530 3167 3168
f 1530 3168 3169
f 1530 3169 3170
f 1530 3170 3171
f 1530 3171 3172
f 1530 3172 3173
f 1530 3173 3174
f 1530 3174 3175
f 1530 3175 3176
f 1530 3176 3177
f 1530 3177 3178
f 1530 3178 3179
f 1530 3179 3180
f 1530 3180 3181
f 1530 3181 3182
f 1530 3182 3183
f 1530 3183 3184
f 1530 3184 2847
f 2374 3185 3186
f 2374 3186 3187
f 2374 3187 3188
f 2374 3188 3189
f 2374 3189 3190
f 2374 3190 3191
f 2374 3191 3192
f 2374 3192 3193
f 2374 3193 3194
f 2374 3194 3195
f 2374 3195 3196
f 2374 3196 3197
f 2374 3197 3198
f 2374 3198 3199
f 2374 3199 3200
f 2374 3200 3201
f 2374 3201 3202
f 2374 3202 3203
f 2374 3203 3204
f 2374 3204 3205
f 2374 3205 3206
f 2374 3206 3207
f 2374 3207 3208
f 2374 3208 3209
f 2374 3209 3210
f 2374 3210 3164
f 2374 3164 1530
f 1524 2374 1530
f 2373 693 2374
f 693 3185 2374
f 2373 696 693
f 221 219 3211
f 216 3211 219
f 224 221 3211
f 213 3211 216
f 226 224 3211
f 210 3211 213
f 229 226 3211
f 208 3211 210
f 231 3211 3212
f 231 229 3211
f 206 3211 208
f 234 231 3212
f 203 3211 206
f 236 234 3212
f 201 3211 203
f 238 236 3212
f 199 3211 201
f 241 238 3212
f 197 3211 199
f 243 241 3212
f 194 3211 197
f 245 243 3212
f 192 3211 194
f 248 245 3212
f 190 3211 192
f 250 248 3212
f 187 3211 190
f 252 250 3212
f 254 252 3212
f 257 254 3212
f 259 257 3212
f 261 259 3212
f 3213 3214 3215
f 3213 3216 3214
f 3213 3217 3216
f 3213 187 3217
f 3213 3211 187
f 3218 3213 3215
f 263 261 3212
f 3219 3213 3218
f 265 263 3212
f 3220 3213 3219
f 267 265 3212
f 3221 3213 3220
f 269 267 3212
f 3222 3213 3221
f 3223 3213 3222
f 3224 3213 3223
f 3225 3213 3224
f 3226 3213 3225
f 3227 3213 3226
f 3228 3213 3227
f 3229 3213 3228
f 3230 3213 3229
f 3231 3213 3230
f 3232 284 282
f 3232 286 284
f 3232 288 286
f 3232 290 288
f 3232 292 290
f 3232 294 292
f 3232 296 294
f 3232 269 3212
f 3232 271 269
f 3232 273 271
f 3232 275 273
f 3232 277 275
f 3232 279 277
f 3232 282 279
f 298 296 3232
f 300 298 3232
f 302 300 3232
f 304 302 3232
f 307 304 3232
f 3233 3234 3235
f 3233 3236 3234
f 3233 3237 3236
f 3233 3238 3237
f 3233 3239 3238
f 3233 3240 3239
f 3233 3241 3240
f 3233 3242 3241
f 3233 3243 3242
f 3233 3244 3243
f 3233 3245 3244
f 3233 3246 3245
f 3233 3247 3246
f 3233 3248 3247
f 3233 3249 3248
f 3233 3250 3249
f 3233 3231 3250
f 3233 3213 3231
f 3251 3252 307
f 3251 3253 3252
f 3251 3254 3253
f 3251 3255 3254
f 3251 3256 3255
f 3251 3233 3235
f 3251 3257 3256
f 3251 3258 3257
f 3251 3259 3258
f 3251 3260 3259
f 3251 3261 3260
f 3251 3262 3261
f 3251 3263 3262
f 3251 3264 3263
f 3251 3265 3264
f 3251 3266 3265
f 3251 3267 3266
f 3251 3268 3267
f 3251 3235 3268
f 3251 307 3232
f 3211 3031 3212
f 3211 3032 3031
f 3034 3211 3213
f 3034 3032 3211
f 3233 3034 3213
f 3233 3035 3034
f 3251 3035 3233
f 3251 3036 3035
f 3251 3232 3033
f 3251 3033 3036
f 3031 3033 3232
f 3212 3031 3232
f 771 773 3269
f 775 3269 773
f 769 771 3269
f 779 3269 775
f 767 769 3269
f 782 3269 779
f 765 767 3269
f 785 3269 782
f 763 3269 3270
f 763 765 3269
f 788 3269 785
f 761 763 3270
f 791 3269 788
f 759 761 3270
f 793 3269 791
f 757 759 3270
f 796 3269 793
f 755 757 3270
f 798 3269 796
f 753 755 3270
f 801 3269 798
f 751 753 3270
f 804 3269 801
f 749 751 3270
f 809 3269 804
f 747 749 3270
f 815 3269 809
f 745 747 3270
f 743 745 3270
f 741 743 3270
f 739 741 3270
f 737 739 3270
f 3271 3272 3273
f 3271 3274 3272
f 3271 3275 3274
f 3271 815 3275
f 3271 3269 815
f 3276 3271 3273
f 735 737 3270
f 3277 3271 3276
f 733 735 3270
f 3278 3271 3277
f 731 733 3270
f 3279 3271 3278
f 729 731 3270
f 3280 3271 3279
f 3281 3271 3280
f 3282 3271 3281
f 3283 3271 3282
f 3284 3271 3283
f 3285 3271 3284
f 3286 3271 3285
f 3287 3271 3286
f 3288 3271 3287
f 3289 3271 3288
f 3290 729 3270
f 3290 727 729
f 3290 725 727
f 3290 723 725
f 3290 721 723
f 3290 719 721
f 3290 717 719
f 3290 715 717
f 3290 713 715
f 3290 711 713
f 3290 709 711
f 3290 707 709
f 3290 705 707
f 3290 703 705
f 701 703 3290
f 699 701 3290
f 697 699 3290
f 694 697 3290
f 695 694 3290
f 3291 3271 3289
f 3291 3292 3293
f 3291 3294 3292
f 3291 3295 3294
f 3291 3296 3295
f 3291 3297 3296
f 3291 3298 3297
f 3291 3299 3298
f 3291 3300 3299
f 3291 3301 3300
f 3291 3302 3301
f 3291 3303 3302
f 3291 3304 3303
f 3291 3305 3304
f 3291 3306 3305
f 3291 3307 3306
f 3291 3308 3307
f 3291 3289 3308
f 3309 3291 3293
f 3309 3310 695
f 3309 3311 3310
f 3309 3312 3311
f 3309 3313 3312
f 3309 3314 3313
f 3309 3315 3314
f 3309 3316 3315
f 3309 3317 3316
f 3309 3318 3317
f 3309 3319 3318
f 3309 3320 3319
f 3309 3321 3320
f 3309 3322 3321
f 3309 3323 3322
f 3309 3324 3323
f 3309 3325 3324
f 3309 3326 3325
f 3309 3293 3326
f 3309 695 3290
f 2920 3309 2921
f 2920 3291 3309
f 3309 3290 2918
f 3309 2918 2921
f 2918 3270 2917
f 2918 3290 3270
f 2917 3269 2919
f 2917 3270 3269
f 2922 3269 3271
f 2922 2919 3269
f 2922 3291 2920
f 2922 3271 3291
f 1521 2560 1531
f 1521 2556 2560
f 1577 2611 1597
f 1577 2609 2611
f 2902 6 890
f 2901 3327 6
f 2901 6 2902
f 2900 3327 2901
f 2899 3327 2900
f 2898 3327 2899
f 2897 3327 2898
f 2896 3328 3327
f 2896 3327 2897
f 2895 3328 2896
f 2894 3328 2895
f 2893 3328 2894
f 2892 3329 3328
f 2892 3328 2893
f 2891 3329 2892
f 2890 3329 2891
f 2889 3329 2890
f 2888 3330 3329
f 2888 3329 2889
f 2887 3330 2888
f 2886 3330 2887
f 2885 3330 2886
f 2884 3330 2885
f 2883 3331 3330
f 2883 3330 2884
f 2882 3331 2883
f 2880 3331 2882
f 2881 3332 3331
f 2881 3331 2880
f 3057 3333 3332
f 3057 3332 2881
f 3056 3334 3333
f 3056 3333 3057
f 3055 3335 3334
f 3055 3334 3056
f 3054 3336 3335
f 3054 3335 3055
f 3053 3336 3054
f 3053 3337 3336
f 3052 3337 3053
f 3052 3338 3337
f 3051 3339 3338
f 3051 3338 3052
f 3050 3339 3051
f 3050 3340 3339
f 3049 3341 3340
f 3049 3340 3050
f 3048 3342 3341
f 3048 3341 3049
f 3047 3343 3342
f 3047 3342 3048
f 3046 3344 3343
f 3046 3343 3047
f 3045 3345 3344
f 3045 3344 3046
f 3044 3346 3345
f 3044 3345 3045
f 3043 3347 3346
f 3043 3346 3044
f 3042 3348 3347
f 3042 3347 3043
f 3041 3349 3348
f 3041 3348 3042
f 3040 3350 3349
f 3040 3349 3041
f 3039 3351 3350
f 3039 3350 3040
f 3038 3351 3039
f 3038 3352 3351
f 3037 3352 3038
f 3037 3353 3352
f 3083 3353 3037
f 3083 3354 3353
f 3082 3354 3083
f 3082 3355 3354
f 3081 3355 3082
f 3081 3356 3355
f 3080 3356 3081
f 3080 3357 3356
f 3079 3357 3080
f 3079 3358 3357
f 3078 3359 3358
f 3078 3358 3079
f 3077 3360 3359
f 3077 3359 3078
f 3076 3360 3077
f 3076 3361 3360
f 3075 3361 3076
f 3075 3362 3361
f 3074 3362 3075
f 3074 3363 3362
f 3073 3363 3074
f 3073 3364 3363
f 3072 3364 3073
f 3072 3365 3364
f 3071 3365 3072
f 3071 3366 3365
f 3070 3366 3071
f 3070 3367 3366
f 3069 3367 3070
f 3069 3368 3367
f 3068 3368 3069
f 3068 3369 3368
f 3067 3369 3068
f 3067 3370 3369
f 3066 3370 3067
f 3066 3371 3370
f 3065 3371 3066
f 3065 3372 3371
f 3064 3372 3065
f 3064 3373 3372
f 3063 3373 3064
f 3063 3374 3373
f 3062 3374 3063
f 3062 3375 3374
f 3061 3375 3062
f 3061 3376 3375
f 3060 3376 3061
f 3060 3377 3376
f 3059 3377 3060
f 3059 3378 3377
f 3058 168 3378
f 3058 3378 3059
f 819 168 3058
f 2868 815 818
f 2867 3275 815
f 2867 815 2868
f 2866 3275 2867
f 2865 3275 2866
f 2864 3275 2865
f 2863 3275 2864
f 2862 3274 3275
f 2862 3275 2863
f 2861 3274 2862
f 2860 3274 2861
f 2859 3274 2860
f 2858 3272 3274
f 2858 3274 2859
f 2857 3272 2858
f 2856 3272 2857
f 2855 3272 2856
f 2854 3273 3272
f 2854 3272 2855
f 2853 3273 2854
f 2852 3273 2853
f 2851 3273 2852
f 2850 3273 2851
f 2849 3276 3273
f 2849 3273 2850
f 2848 3276 2849
f 2846 3276 2848
f 2847 3277 3276
f 2847 3276 2846
f 3184 3278 3277
f 3184 3277 2847
f 3183 3279 3278
f 3183 3278 3184
f 3182 3280 3279
f 3182 3279 3183
f 3181 3281 3280
f 3181 3280 3182
f 3180 3281 3181
f 3180 3282 3281
f 3179 3282 3180
f 3179 3283 3282
f 3178 3284 3283
f 3178 3283 3179
f 3177 3284 3178
f 3177 3285 3284
f 3176 3286 3285
f 3176 3285 3177
f 3175 3287 3286
f 3175 3286 3176
f 3174 3288 3287
f 3174 3287 3175
f 3173 3289 3288
f 3173 3288 3174
f 3172 3308 3289
f 3172 3289 3173
f 3171 3307 3308
f 3171 3308 3172
f 3170 3306 3307
f 3170 3307 3171
f 3169 3305 3306
f 3169 3306 3170
f 3168 3304 3305
f 3168 3305 3169
f 3167 3303 3304
f 3167 3304 3168
f 3166 3302 3303
f 3166 3303 3167
f 3165 3302 3166
f 3165 3301 3302
f 3164 3301 3165
f 3164 3300 3301
f 3210 3300 3164
f 3210 3299 3300
f 3209 3299 3210
f 3209 3298 3299
f 3208 3298 3209
f 3208 3297 3298
f 3207 3297 3208
f 3207 3296 3297
f 3206 3296 3207
f 3206 3295 3296
f 3205 3294 3295
f 3205 3295 3206
f 3204 3292 3294
f 3204 3294 3205
f 3203 3292 3204
f 3203 3293 3292
f 3202 3293 3203
f 3202 3326 3293
f 3201 3326 3202
f 3201 3325 3326
f 3200 3325 3201
f 3200 3324 3325
f 3199 3324 3200
f 3199 3323 3324
f 3198 3323 3199
f 3198 3322 3323
f 3197 3322 3198
f 3197 3321 3322
f 3196 3321 3197
f 3196 3320 3321
f 3195 3320 3196
f 3195 3319 3320
f 3194 3319 3195
f 3194 3318 3319
f 3193 3318 3194
f 3193 3317 3318
f 3192 3317 3193
f 3192 3316 3317
f 3191 3316 3192
f 3191 3315 3316
f 3190 3315 3191
f 3190 3314 3315
f 3189 3314 3190
f 3189 3313 3314
f 3188 3313 3189
f 3188 3312 3313
f 3187 3312 3188
f 3187 3311 3312
f 3186 3311 3187
f 3186 3310 3311
f 3185 695 3310
f 3185 3310 3186
f 693 695 3185
f 690 2905 2903
f 690 2903 2904
f 690 2904 691
f 2924 2905 690
f 2924 2910 2909
f 2924 2909 2908
f 2924 2908 2907
f 2924 2907 2906
f 2924 2906 2905
f 2925 2910 2924
f 2925 2913 2912
f 2925 2912 2911
f 2925 2911 2910
f 2925 3379 2913
f 2926 3379 2925
f 2926 3380 3381
f 2926 3381 3379
f 2927 3380 2926
f 2927 3382 3383
f 2927 3383 3380
f 2928 3382 2927
f 2928 3384 3382
f 2929 3385 3386
f 2929 3386 3384
f 2929 3384 2928
f 2930 3387 3385
f 2930 3385 2929
f 2931 3388 3389
f 2931 3389 3387
f 2931 3387 2930
f 2932 3390 3391
f 2932 3391 3388
f 2932 3388 2931
f 2933 3392 3393
f 2933 3393 3390
f 2933 3390 2932
f 2934 3394 3395
f 2934 3395 3392
f 2934 3392 2933
f 2935 3396 3397
f 2935 3397 3394
f 2935 3394 2934
f 2968 3396 2935
f 2968 3111 3396
f 2968 3112 3111
f 2967 3112 2968
f 2967 3113 3112
f 2966 3113 2967
f 2966 3114 3113
f 2965 3114 2966
f 2965 3115 3114
f 2964 3115 2965
f 2964 3116 3115
f 2963 3116 2964
f 2963 3117 3116
f 2962 3117 2963
f 2962 3118 3117
f 2961 3118 2962
f 2961 3119 3118
f 2960 3119 2961
f 2960 3120 3119
f 2959 3120 2960
f 2959 3121 3120
f 2958 3121 2959
f 2958 3122 3121
f 2957 3122 2958
f 2957 3123 3122
f 2956 3084 3123
f 2956 3123 2957
f 2955 3085 3084
f 2955 3084 2956
f 2954 3086 3085
f 2954 3085 2955
f 2953 3086 2954
f 2952 3087 3086
f 2952 3086 2953
f 2951 3088 3087
f 2951 3087 2952
f 2950 3089 3088
f 2950 3088 2951
f 2949 3090 3089
f 2949 3089 2950
f 2948 3091 3090
f 2948 3090 2949
f 2947 3091 2948
f 2947 3092 3091
f 2946 3092 2947
f 2946 3093 3092
f 2945 3094 3093
f 2945 3093 2946
f 2944 3095 3094
f 2944 3094 2945
f 2943 3096 3095
f 2943 3095 2944
f 2942 3097 3096
f 2942 3096 2943
f 2941 3098 3097
f 2941 3097 2942
f 2940 3099 3098
f 2940 3098 2941
f 2939 3100 3099
f 2939 3099 2940
f 2938 3101 3100
f 2938 3100 2939
f 2937 3102 3101
f 2937 3101 2938
f 3398 3103 3102
f 3398 3102 2937
f 3399 3104 3103
f 3399 3103 3398
f 3400 3104 3399
f 3401 3105 3104
f 3401 3104 3400
f 3402 3105 3401
f 3402 3106 3105
f 3403 3107 3106
f 3403 3106 3402
f 3404 3108 3107
f 3404 3107 3403
f 3405 3108 3404
f 3406 3109 3108
f 3406 3108 3405
f 3407 3110 3109
f 3407 3109 3406
f 3408 565 3110
f 3408 3110 3407
f 566 565 3408
f 472 2871 2869
f 472 2869 2870
f 472 2870 562
f 3409 2871 472
f 3409 2876 2875
f 3409 2875 2874
f 3409 2874 2873
f 3409 2873 2872
f 3409 2872 2871
f 3410 2876 3409
f 3410 2879 2878
f 3410 2878 2877
f 3410 2877 2876
f 3410 3411 2879
f 3412 3411 3410
f 3412 3413 3414
f 3412 3414 3411
f 3415 3413 3412
f 3415 3416 3417
f 3415 3417 3413
f 3418 3416 3415
f 3418 3419 3416
f 3420 3421 3422
f 3420 3422 3419
f 3420 3419 3418
f 3423 3424 3421
f 3423 3421 3420
f 3425 3426 3427
f 3425 3427 3424
f 3425 3424 3423
f 3428 3429 3430
f 3428 3430 3426
f 3428 3426 3425
f 3431 3432 3433
f 3431 3433 3429
f 3431 3429 3428
f 3434 3435 3436
f 3434 3436 3432
f 3434 3432 3431
f 3437 3151 3438
f 3437 3438 3439
f 3437 3439 3435
f 3437 3435 3434
f 3440 3152 3151
f 3440 3151 3437
f 3441 3152 3440
f 3441 3153 3152
f 3442 3153 3441
f 3442 3154 3153
f 3443 3154 3442
f 3443 3155 3154
f 3444 3155 3443
f 3444 3156 3155
f 3445 3156 3444
f 3445 3157 3156
f 3446 3157 3445
f 3446 3158 3157
f 3447 3158 3446
f 3447 3159 3158
f 3448 3159 3447
f 3448 3160 3159
f 3449 3160 3448
f 3449 3161 3160
f 3450 3161 3449
f 3450 3162 3161
f 3451 3162 3450
f 3451 3163 3162
f 3452 3163 3451
f 3452 3124 3163
f 3453 3124 3452
f 3453 3125 3124
f 3454 3125 3453
f 3454 3126 3125
f 3455 3127 3126
f 3455 3126 3454
f 3456 3128 3127
f 3456 3127 3455
f 3457 3129 3128
f 3457 3128 3456
f 3458 3130 3129
f 3458 3129 3457
f 3459 3131 3130
f 3459 3130 3458
f 3460 3132 3131
f 3460 3131 3459
f 3461 3132 3460
f 3461 3133 3132
f 3462 3134 3133
f 3462 3133 3461
f 3463 3135 3134
f 3463 3134 3462
f 3464 3136 3135
f 3464 3135 3463
f 3465 3137 3136
f 3465 3136 3464
f 3466 3138 3137
f 3466 3137 3465
f 3467 3139 3138
f 3467 3138 3466
f 3468 3140 3139
f 3468 3139 3467
f 3469 3141 3140
f 3469 3140 3468
f 3470 3142 3141
f 3470 3141 3469
f 3471 3143 3142
f 3471 3142 3470
f 3472 3144 3143
f 3472 3143 3471
f 3473 3145 3144
f 3473 3144 3472
f 3474 3146 3145
f 3474 3145 3473
f 3475 3147 3146
f 3475 3146 3474
f 3476 3148 3147
f 3476 3147 3475
f 3477 3149 3148
f 3477 3148 3476
f 3478 3150 3149
f 3478 3149 3477
f 3479 493 3150
f 3479 3150 3478
f 312 493 3479
f 2248 2392 2247
f 3480 3409 472
f 3480 3410 3409
f 3480 3412 3410
f 3481 3412 3480
f 3481 3415 3412
f 3481 3418 3415
f 3482 3418 3481
f 3482 3420 3418
f 3482 3423 3420
f 3483 3480 472
f 3483 472 482
f 3484 3425 3423
f 3484 3428 3425
f 3484 3423 3482
f 3485 3480 3483
f 3485 3481 3480
f 3486 3428 3484
f 3486 3431 3428
f 3486 3434 3431
f 3487 3482 3481
f 3487 3481 3485
f 3488 482 2205
f 3488 2205 2206
f 3488 2206 2207
f 3488 3483 482
f 3489 3434 3486
f 3489 3437 3434
f 3489 3440 3437
f 3490 3484 3482
f 3490 3482 3487
f 3491 2207 2208
f 3491 2208 2209
f 3491 3488 2207
f 3491 3483 3488
f 3491 3485 3483
f 3492 3440 3489
f 3492 3441 3440
f 3492 3442 3441
f 3493 3484 3490
f 3493 3486 3484
f 3494 2209 2210
f 3494 2210 2211
f 3494 3487 3485
f 3494 3491 2209
f 3494 3485 3491
f 3495 3442 3492
f 3495 3443 3442
f 3495 3444 3443
f 3496 3486 3493
f 3496 3489 3486
f 3497 2211 2212
f 3497 2212 2213
f 3497 3487 3494
f 3497 3494 2211
f 3497 3490 3487
f 3497 3493 3490
f 3498 3444 3495
f 3498 3445 3444
f 3498 3446 3445
f 3499 3489 3496
f 3499 3492 3489
f 3500 2213 2214
f 3500 2214 2215
f 3500 3497 2213
f 3500 3493 3497
f 3501 3446 3498
f 3501 3447 3446
f 3501 3448 3447
f 3502 3492 3499
f 3502 3498 3495
f 3502 3495 3492
f 3503 2215 2216
f 3503 2216 2217
f 3503 3493 3500
f 3503 3500 2215
f 3503 3496 3493
f 3504 3448 3501
f 3504 3449 3448
f 3504 3450 3449
f 3505 3498 3502
f 3506 3499 3496
f 3506 2217 2218
f 3506 2218 2219
f 3506 3496 3503
f 3506 3502 3499
f 3506 3503 2217
f 3507 3450 3504
f 3507 3451 3450
f 3507 3452 3451
f 3508 3498 3505
f 3508 3501 3498
f 3509 2219 2220
f 3509 2220 2221
f 3509 3502 3506
f 3509 3506 2219
f 3510 3452 3507
f 3510 3453 3452
f 3510 3454 3453
f 3511 3504 3501
f 3511 3501 3508
f 3512 3502 3509
f 3512 2221 2223
f 3512 2223 2224
f 3512 3509 2221
f 3512 3508 3505
f 3512 3505 3502
f 3513 3455 3454
f 3513 3454 3510
f 3514 3507 3504
f 3514 3504 3511
f 3515 2224 2225
f 3515 2225 2226
f 3515 3512 2224
f 3515 3508 3512
f 3516 3455 3513
f 3516 3456 3455
f 3516 3457 3456
f 3517 3507 3514
f 3517 3510 3507
f 3518 2226 2227
f 3518 2227 2228
f 3518 3511 3508
f 3518 3508 3515
f 3518 3514 3511
f 3518 3515 2226
f 3519 3457 3516
f 3519 3458 3457
f 3519 3459 3458
f 3520 3513 3510
f 3520 3510 3517
f 3521 3514 3518
f 3521 2228 2229
f 3521 3518 2228
f 3522 3460 3459
f 3522 3461 3460
f 3522 3459 3519
f 3523 3516 3513
f 3523 3513 3520
f 3524 2229 2230
f 3524 2230 2231
f 3524 3514 3521
f 3524 3521 2229
f 3524 3517 3514
f 3525 3462 3461
f 3525 3463 3462
f 3525 3461 3522
f 3526 3516 3523
f 3526 3519 3516
f 3527 3520 3517
f 3527 3517 3524
f 3527 2231 2232
f 3527 2232 2233
f 3527 3523 3520
f 3527 3524 2231
f 3528 3463 3525
f 3528 3464 3463
f 3528 3465 3464
f 3529 3522 3519
f 3529 3519 3526
f 3530 3523 3527
f 3530 3527 2233
f 3530 2233 2234
f 3530 2234 2235
f 3531 3465 3528
f 3531 3466 3465
f 3531 3467 3466
f 3532 3522 3529
f 3532 3525 3522
f 3533 3526 3523
f 3533 2235 2236
f 3533 3523 3530
f 3533 2236 2237
f 3533 3530 2235
f 3534 3467 3531
f 3534 3468 3467
f 3534 3469 3468
f 3535 3528 3525
f 3535 3525 3532
f 3536 2237 2238
f 3536 2238 2239
f 3536 3526 3533
f 3536 3532 3529
f 3536 3533 2237
f 3536 3529 3526
f 3537 3469 3534
f 3537 3470 3469
f 3537 3471 3470
f 3538 3531 3528
f 3538 3528 3535
f 3539 3532 3536
f 3539 2239 2240
f 3539 2240 2241
f 3539 3536 2239
f 3540 3472 3471
f 3540 3473 3472
f 3540 3471 3537
f 3541 3531 3538
f 3541 3534 3531
f 3542 3535 3532
f 3542 3532 3539
f 3542 2241 2242
f 3542 2242 2243
f 3542 3538 3535
f 3542 3539 2241
f 3543 3474 3473
f 3543 3475 3474
f 3543 3473 3540
f 3544 3537 3534
f 3544 3540 3537
f 3544 3534 3541
f 3545 3538 3542
f 3545 3542 2243
f 3545 2243 2244
f 3545 2244 2245
f 3546 3476 3475
f 3546 3477 3476
f 3546 3475 3543
f 3547 3543 3540
f 3547 3540 3544
f 3548 2247 2392
f 3548 3545 2245
f 3548 2245 2246
f 3548 2246 2247
f 3548 3541 3538
f 3548 3538 3545
f 3549 3478 3477
f 3549 3479 3478
f 3549 312 3479
f 3549 313 312
f 3549 3477 3546
f 3550 2386 2385
f 3550 3543 3547
f 3551 3544 3541
f 3551 2391 2390
f 3551 2392 2391
f 3551 3547 3544
f 3551 3541 3548
f 3551 3548 2392
f 3552 2385 2384
f 3552 3546 3543
f 3552 3549 3546
f 3552 3543 3550
f 3552 3550 2385
f 3553 2389 2388
f 3553 2390 2389
f 3553 3547 3551
f 3553 3551 2390
f 3553 3550 3547
f 3554 2382 313
f 3554 2383 2382
f 3554 2384 2383
f 3554 3549 3552
f 3554 313 3549
f 3554 3552 2384
f 3555 2387 2386
f 3555 2388 2387
f 3555 3553 2388
f 3555 3550 3553
f 3555 2386 3550
f 307 2988 305
f 3252 2986 2987
f 3252 2987 2988
f 3252 2988 307
f 3253 2985 2986
f 3253 2986 3252
f 3254 2983 2984
f 3254 2984 2985
f 3254 2985 3253
f 3255 2981 2982
f 3255 2982 2983
f 3255 2983 3254
f 3256 2981 3255
f 3256 2980 2981
f 3257 2980 3256
f 3257 2978 2979
f 3257 2979 2980
f 3258 2978 3257
f 3258 2977 2978
f 3259 2977 3258
f 3259 2975 2976
f 3259 2976 2977
f 3260 2975 3259
f 3260 2974 2975
f 3261 2974 3260
f 3261 2973 2974
f 3262 2973 3261
f 3262 2970 2972
f 3262 2972 2973
f 3263 2970 3262
f 3263 2971 2970
f 3264 2989 2971
f 3264 2971 3263
f 3265 2989 3264
f 3265 2991 2990
f 3265 2990 2989
f 3266 2992 2991
f 3266 2991 3265
f 3267 2998 2992
f 3267 2992 3266
f 3268 2998 3267
f 3268 2997 2998
f 3235 2997 3268
f 3235 2995 2996
f 3235 2996 2997
f 3234 2995 3235
f 3234 2993 2995
f 3236 2993 3234
f 3236 2994 2993
f 3237 2994 3236
f 3237 3024 2994
f 3238 3024 3237
f 3238 3022 3023
f 3238 3023 3024
f 3239 3022 3238
f 3239 3021 3022
f 3240 3021 3239
f 3240 3020 3021
f 3241 3020 3240
f 3241 3019 3020
f 3242 3019 3241
f 3242 3018 3019
f 3243 3018 3242
f 3243 3017 3018
f 3244 3017 3243
f 3244 3016 3017
f 3245 3016 3244
f 3245 3015 3016
f 3246 3015 3245
f 3246 3014 3015
f 3247 3013 3014
f 3247 3014 3246
f 3248 3012 3013
f 3248 3013 3247
f 3249 3011 3012
f 3249 3012 3248
f 3250 3010 3011
f 3250 3011 3249
f 3231 3009 3010
f 3231 3010 3250
f 3230 3008 3009
f 3230 3009 3231
f 3229 3007 3008
f 3229 3008 3230
f 3228 3006 3007
f 3228 3007 3229
f 3227 3004 3005
f 3227 3005 3006
f 3227 3006 3228
f 3226 3004 3227
f 3226 3003 3004
f 3225 3003 3226
f 3225 3002 3003
f 3224 3002 3225
f 3224 3000 3002
f 3223 3000 3224
f 3223 3001 3000
f 3222 3001 3223
f 3222 3556 3001
f 3221 3557 3556
f 3221 3556 3222
f 3220 3558 3559
f 3220 3559 3557
f 3220 3557 3221
f 3219 3560 3558
f 3219 3558 3220
f 3218 3561 3560
f 3218 3560 3219
f 3215 3562 3561
f 3215 3561 3218
f 3214 3563 3564
f 3214 3564 3562
f 3214 3562 3215
f 3216 3565 3563
f 3216 3563 3214
f 3217 3566 3565
f 3217 3565 3216
f 187 189 3566
f 187 3566 3217
f 2788 2845 2789
f 3567 168 167
f 3567 3378 168
f 3567 3377 3378
f 3567 3376 3377
f 3568 3376 3567
f 3568 3375 3376
f 3568 3374 3375
f 3569 3373 3374
f 3569 3372 3373
f 3569 3374 3568
f 3570 3567 167
f 3570 2842 2841
f 3570 2843 2842
f 3570 167 2843
f 3571 3372 3569
f 3571 3371 3372
f 3571 3370 3371
f 3572 3570 2841
f 3572 2840 2839
f 3572 3567 3570
f 3572 2841 2840
f 3572 3568 3567
f 3573 3370 3571
f 3573 3369 3370
f 3573 3368 3369
f 3574 3568 3572
f 3574 3571 3569
f 3574 3569 3568
f 3574 3572 2839
f 3575 3368 3573
f 3575 3367 3368
f 3575 3366 3367
f 3576 3571 3574
f 3577 3366 3575
f 3577 3365 3366
f 3577 3364 3365
f 3578 3573 3571
f 3578 3571 3576
f 3579 3574 2839
f 3579 2838 2837
f 3579 2839 2838
f 3580 3363 3364
f 3580 3362 3363
f 3580 3364 3577
f 3581 3573 3578
f 3581 3575 3573
f 3581 3577 3575
f 3582 3574 3579
f 3582 2837 2844
f 3582 3576 3574
f 3582 3579 2837
f 3583 3362 3580
f 3583 3361 3362
f 3583 3360 3361
f 3584 3577 3581
f 3584 3580 3577
f 3585 3582 2844
f 3585 2844 2845
f 3585 3576 3582
f 3585 3581 3578
f 3585 2845 2788
f 3585 3578 3576
f 3586 3360 3583
f 3586 3359 3360
f 3586 3358 3359
f 3587 3580 3584
f 3588 2788 2790
f 3588 2790 2791
f 3588 3585 2788
f 3588 3581 3585
f 3589 3358 3586
f 3589 3357 3358
f 3589 3356 3357
f 3590 3580 3587
f 3590 3586 3583
f 3590 3583 3580
f 3591 2791 2792
f 3591 2792 2793
f 3591 3584 3581
f 3591 3581 3588
f 3591 3588 2791
f 3591 3587 3584
f 3592 3356 3589
f 3592 3355 3356
f 3592 3354 3355
f 3593 3586 3590
f 3594 3587 3591
f 3594 2793 2794
f 3594 2794 2795
f 3594 3591 2793
f 3595 3354 3592
f 3595 3353 3354
f 3595 3352 3353
f 3596 3589 3586
f 3596 3586 3593
f 3597 2795 2796
f 3597 2796 2797
f 3597 3587 3594
f 3597 3590 3587
f 3597 3594 2795
f 3597 3593 3590
f 3598 3352 3595
f 3598 3351 3352
f 3599 3592 3589
f 3599 3595 3592
f 3599 3589 3596
f 3600 2797 2798
f 3600 2798 2799
f 3600 3597 2797
f 3600 3593 3597
f 3601 3351 3598
f 3601 3350 3351
f 3601 3349 3350
f 3602 3598 3595
f 3602 3595 3599
f 3603 2799 2800
f 3603 2800 2801
f 3603 3596 3593
f 3603 3593 3600
f 3603 3600 2799
f 3604 3349 3601
f 3604 3348 3349
f 3604 3347 3348
f 3605 3598 3602
f 3605 3601 3598
f 3606 3599 3596
f 3606 2801 2802
f 3606 2802 2803
f 3606 3603 2801
f 3606 3596 3603
f 3606 3602 3599
f 3607 3347 3604
f 3607 3346 3347
f 3607 3345 3346
f 3608 3601 3605
f 3609 2803 2804
f 3609 2804 2805
f 3609 3602 3606
f 3609 3606 2803
f 3610 3345 3607
f 3610 3344 3345
f 3610 3343 3344
f 3611 3604 3601
f 3611 3601 3608
f 3612 2805 2806
f 3612 2806 2807
f 3612 3605 3602
f 3612 3602 3609
f 3612 3609 2805
f 3613 3343 3610
f 3613 3342 3343
f 3613 3341 3342
f 3614 3604 3611
f 3614 3607 3604
f 3615 3605 3612
f 3615 2807 2808
f 3615 3612 2807
f 3615 3608 3605
f 3616 3341 3613
f 3616 3340 3341
f 3616 3339 3340
f 3617 3607 3614
f 3617 3610 3607
f 3618 2808 2809
f 3618 2809 2810
f 3618 3614 3611
f 3618 3615 2808
f 3618 3611 3608
f 3618 3608 3615
f 3619 3339 3616
f 3619 3338 3339
f 3619 3337 3338
f 3620 3610 3617
f 3620 3613 3610
f 3621 2810 2811
f 3621 2811 2812
f 3621 3618 2810
f 3621 3614 3618
f 3622 3337 3619
f 3622 3336 3337
f 3622 3335 3336
f 3623 3616 3613
f 3623 3613 3620
f 3623 3619 3616
f 3624 2812 2813
f 3624 2813 2814
f 3624 3621 2812
f 3624 3620 3617
f 3624 3617 3614
f 3624 3614 3621
f 3625 3335 3622
f 3625 3334 3335
f 3625 3333 3334
f 3626 3619 3623
f 3627 2814 2821
f 3627 2821 2822
f 3627 3624 2814
f 3627 3620 3624
f 3627 3623 3620
f 3628 3332 3333
f 3628 3331 3332
f 3628 3333 3625
f 3629 3622 3619
f 3629 3619 3626
f 3630 2822 2823
f 3630 2823 2824
f 3630 3623 3627
f 3630 3627 2822
f 3631 3330 3331
f 3631 3329 3330
f 3631 3331 3628
f 3632 3625 3622
f 3632 3622 3629
f 3633 3623 3630
f 3633 2824 2825
f 3633 2825 2826
f 3633 3626 3623
f 3633 3630 2824
f 3634 3328 3329
f 3634 3327 3328
f 3634 6 3327
f 3634 3329 3631
f 3635 3625 3632
f 3635 3628 3625
f 3636 3626 3633
f 3636 2826 2827
f 3636 2827 2828
f 3636 3633 2826
f 3636 3629 3626
f 3637 3631 3628
f 3637 3628 3635
f 3638 3632 3629
f 3638 3629 3636
f 3638 3635 3632
f 3638 3636 2828
f 3638 2828 2829
f 3638 2829 2830
f 3639 16 6
f 3639 6 3634
f 3639 3631 3637
f 3639 3634 3631
f 3640 3637 3635
f 3640 3638 2830
f 3640 2830 2831
f 3640 2831 2832
f 3640 3635 3638
f 3641 3637 3640
f 3641 3639 3637
f 3641 3640 2832
f 3641 2832 2817
f 3641 2817 2816
f 3642 16 3639
f 3642 3639 3641
f 3642 3641 2816
f 3642 2816 2818
f 3642 2818 2819
f 3642 2819 16
f 2379 2707 2377
f 2744 2707 2379
f 3027 2694 3025
f 3027 2695 2694
f 2612 2557 2373
f 2612 2373 2375
f 2836 1748 2787
f 2836 1741 1748
f 2820 1588 2915
f 1748 1588 2820
f 2787 1748 2820
f 2378 1739 2376
f 2378 1706 1739
f 3030 1694 1693
f 3030 3029 1694
f 1524 1598 2372
f 2374 1524 2372
f 1401 1492 2381
f 2222 1401 2381
f 2200 1401 2222
f 2200 1328 1401
f 2249 1328 2200
f 2380 2424 2204
f 2515 2424 2380
f 2424 2394 2201
f 2424 2201 2204
f 2753 2750 2835
f 2753 2835 2786
f 2255 2201 2394
f 2815 2753 2786
f 2669 2753 2815
f 2255 2669 2785
f 2394 2669 2255
f 2815 2785 2669
f 2371 2785 3643
f 2288 3643 2326
f 2288 2371 3643
f 2326 3643 2344
f 2815 2833 2785
f 3643 2785 2833
f 2834 3643 2833
f 2366 2344 3643
f 2366 3643 2834
f 2254 2258 2250
f 2254 2250 2203
f 2202 2254 2203
f 2255 2254 2202
f 3644 3645 3646
f 3647 3644 3646
f 3648 3647 3646
f 3648 3646 3649
f 3650 3648 3649
f 3650 3649 3651
f 3652 3650 3651
f 3652 3651 3653
f 3652 3653 3654
f 3655 3652 3654
f 3655 3654 3645
f 3644 3655 3645
f 970 972 3645
f 974 3645 972
f 968 970 3645
f 976 3645 974
f 966 968 3645
f 978 3645 976
f 962 966 3645
f 980 3645 978
f 963 3645 3654
f 963 962 3645
f 983 3645 980
f 960 963 3654
f 982 3645 983
f 958 960 3654
f 986 3645 982
f 954 958 3654
f 989 3645 986
f 955 954 3654
f 988 3645 989
f 952 955 3654
f 992 3645 988
f 950 952 3654
f 994 3645 992
f 948 950 3654
f 996 3645 994
f 946 948 3654
f 998 3645 996
f 944 946 3654
f 942 944 3654
f 940 942 3654
f 938 940 3654
f 3646 2100 2102
f 3646 2098 2100
f 3646 2096 2098
f 3646 998 2096
f 3646 3645 998
f 936 938 3654
f 2104 3646 2102
f 934 936 3654
f 2106 3646 2104
f 932 934 3654
f 2108 3646 2106
f 930 932 3654
f 2110 3646 2108
f 928 930 3654
f 2112 3646 2110
f 2114 3646 2112
f 2116 3646 2114
f 2119 3646 2116
f 2121 3646 2119
f 2123 3646 2121
f 2125 3646 2123
f 2127 3646 2125
f 2129 3646 2127
f 2131 3646 2129
f 3653 928 3654
f 3653 926 928
f 3653 924 926
f 3653 922 924
f 3653 920 922
f 3653 918 920
f 3653 916 918
f 3653 914 916
f 3653 912 914
f 3653 910 912
f 3653 908 910
f 3653 906 908
f 3653 904 906
f 3653 902 904
f 900 902 3653
f 898 900 3653
f 896 898 3653
f 892 896 3653
f 893 892 3653
f 3649 3646 2131
f 3649 2161 2165
f 3649 2162 2161
f 3649 2159 2162
f 3649 2157 2159
f 3649 2155 2157
f 3649 2151 2155
f 3649 2152 2151
f 3649 2149 2152
f 3649 2147 2149
f 3649 2145 2147
f 3649 2143 2145
f 3649 2141 2143
f 3649 2139 2141
f 3649 2137 2139
f 3649 2135 2137
f 3649 2133 2135
f 3649 2131 2133
f 3651 3649 2165
f 3651 2199 893
f 3651 2197 2199
f 3651 2194 2197
f 3651 2192 2194
f 3651 2189 2192
f 3651 2190 2189
f 3651 2187 2190
f 3651 2185 2187
f 3651 2183 2185
f 3651 2181 2183
f 3651 2179 2181
f 3651 2177 2179
f 3651 2174 2177
f 3651 2171 2174
f 3651 2172 2171
f 3651 2169 2172
f 3651 2167 2169
f 3651 2165 2167
f 3651 893 3653
f 3656 3657 3658
f 3659 3656 3658
f 3660 3659 3658
f 3660 3658 3661
f 3662 3660 3661
f 3662 3661 3663
f 3664 3662 3663
f 3664 3663 3665
f 3664 3665 3666
f 3667 3664 3666
f 3667 3666 3657
f 3656 3667 3657
f 1078 1080 3657
f 1082 3657 1080
f 1076 1078 3657
f 1084 3657 1082
f 1074 1076 3657
f 1086 3657 1084
f 1070 1074 3657
f 1088 3657 1086
f 1071 3657 3666
f 1071 1070 3657
f 1091 3657 1088
f 1068 1071 3666
f 1090 3657 1091
f 1066 1068 3666
f 1094 3657 1090
f 1062 1066 3666
f 1097 3657 1094
f 1063 1062 3666
f 1096 3657 1097
f 1060 1063 3666
f 1100 3657 1096
f 1058 1060 3666
f 1102 3657 1100
f 1056 1058 3666
f 1104 3657 1102
f 1054 1056 3666
f 1106 3657 1104
f 1052 1054 3666
f 1050 1052 3666
f 1048 1050 3666
f 1046 1048 3666
f 3658 1996 1998
f 3658 1994 1996
f 3658 1992 1994
f 3658 1106 1992
f 3658 3657 1106
f 1044 1046 3666
f 2000 3658 1998
f 1042 1044 3666
f 2002 3658 2000
f 1040 1042 3666
f 2004 3658 2002
f 1038 1040 3666
f 2006 3658 2004
f 1036 1038 3666
f 2008 3658 2006
f 2010 3658 2008
f 2012 3658 2010
f 2015 3658 2012
f 2017 3658 2015
f 2019 3658 2017
f 2021 3658 2019
f 2023 3658 2021
f 2025 3658 2023
f 2027 3658 2025
f 3665 1034 1036
f 3665 1032 1034
f 3665 1030 1032
f 3665 1028 1030
f 3665 1026 1028
f 3665 1024 1026
f 3665 1022 1024
f 3665 1020 1022
f 3665 1018 1020
f 3665 1016 1018
f 3665 1014 1016
f 3665 1012 1014
f 3665 1010 1012
f 3665 1036 3666
f 1008 1010 3665
f 1006 1008 3665
f 1004 1006 3665
f 1000 1004 3665
f 1001 1000 3665
f 3661 3658 2027
f 3661 2057 2061
f 3661 2058 2057
f 3661 2055 2058
f 3661 2053 2055
f 3661 2051 2053
f 3661 2047 2051
f 3661 2048 2047
f 3661 2045 2048
f 3661 2043 2045
f 3661 2041 2043
f 3661 2039 2041
f 3661 2037 2039
f 3661 2035 2037
f 3661 2033 2035
f 3661 2031 2033
f 3661 2029 2031
f 3661 2027 2029
f 3663 3661 2061
f 3663 2095 1001
f 3663 2093 2095
f 3663 2090 2093
f 3663 2088 2090
f 3663 2085 2088
f 3663 2086 2085
f 3663 2083 2086
f 3663 2081 2083
f 3663 2079 2081
f 3663 2077 2079
f 3663 2075 2077
f 3663 2073 2075
f 3663 2070 2073
f 3663 2067 2070
f 3663 2068 2067
f 3663 2065 2068
f 3663 2063 2065
f 3663 2061 2063
f 3663 1001 3665
f 3668 3669 3670
f 3668 3670 3671
f 3672 3668 3671
f 3672 3671 3673
f 3674 3672 3673
f 3674 3673 3675
f 3676 3674 3675
f 3676 3675 3677
f 3678 3676 3677
f 3679 3676 3678
f 3670 3679 3678
f 3669 3679 3670
f 1186 1188 3670
f 1190 3670 1188
f 1184 1186 3670
f 1192 3670 1190
f 1182 1184 3670
f 1194 3670 1192
f 1178 1182 3670
f 1196 3670 1194
f 1179 3670 3678
f 1179 1178 3670
f 1199 3670 1196
f 1176 1179 3678
f 1198 3670 1199
f 1174 1176 3678
f 1202 3670 1198
f 1170 1174 3678
f 1205 3670 1202
f 1171 1170 3678
f 1204 3670 1205
f 1168 1171 3678
f 1208 3670 1204
f 1166 1168 3678
f 1210 3670 1208
f 1164 1166 3678
f 1212 3670 1210
f 1162 1164 3678
f 1214 3670 1212
f 1160 1162 3678
f 1158 1160 3678
f 1156 1158 3678
f 1154 1156 3678
f 3671 1892 1894
f 3671 1890 1892
f 3671 1888 1890
f 3671 1214 1888
f 3671 3670 1214
f 1152 1154 3678
f 1896 3671 1894
f 1150 1152 3678
f 1898 3671 1896
f 1148 1150 3678
f 1900 3671 1898
f 1146 1148 3678
f 1902 3671 1900
f 1144 1146 3678
f 1904 3671 1902
f 1906 3671 1904
f 1908 3671 1906
f 1911 3671 1908
f 1913 3671 1911
f 1915 3671 1913
f 1917 3671 1915
f 1919 3671 1917
f 1921 3671 1919
f 1923 3671 1921
f 3677 1144 3678
f 3677 1142 1144
f 3677 1140 1142
f 3677 1138 1140
f 3677 1136 1138
f 3677 1134 1136
f 3677 1132 1134
f 3677 1130 1132
f 3677 1128 1130
f 3677 1126 1128
f 3677 1124 1126
f 3677 1122 1124
f 3677 1120 1122
f 3677 1118 1120
f 1116 1118 3677
f 1114 1116 3677
f 1112 1114 3677
f 1108 1112 3677
f 1109 1108 3677
f 3673 3671 1923
f 3673 1953 1957
f 3673 1954 1953
f 3673 1951 1954
f 3673 1949 1951
f 3673 1947 1949
f 3673 1943 1947
f 3673 1944 1943
f 3673 1941 1944
f 3673 1939 1941
f 3673 1937 1939
f 3673 1935 1937
f 3673 1933 1935
f 3673 1931 1933
f 3673 1929 1931
f 3673 1927 1929
f 3673 1925 1927
f 3673 1923 1925
f 3675 3673 1957
f 3675 1991 1109
f 3675 1989 1991
f 3675 1986 1989
f 3675 1984 1986
f 3675 1981 1984
f 3675 1982 1981
f 3675 1979 1982
f 3675 1977 1979
f 3675 1975 1977
f 3675 1973 1975
f 3675 1971 1973
f 3675 1969 1971
f 3675 1966 1969
f 3675 1963 1966
f 3675 1964 1963
f 3675 1961 1964
f 3675 1959 1961
f 3675 1957 1959
f 3675 1109 3677
f 3680 3681 3682
f 3680 3682 3683
f 3684 3680 3683
f 3684 3683 3685
f 3686 3684 3685
f 3686 3685 3687
f 3688 3686 3687
f 3689 3686 3688
f 3690 3689 3688
f 3691 3689 3690
f 3682 3691 3690
f 3681 3691 3682
f 1294 1296 3682
f 1298 3682 1296
f 1292 1294 3682
f 1300 3682 1298
f 1290 1292 3682
f 1302 3682 1300
f 1286 1290 3682
f 1304 3682 1302
f 1287 3682 3690
f 1287 1286 3682
f 1307 3682 1304
f 1284 1287 3690
f 1306 3682 1307
f 1282 1284 3690
f 1310 3682 1306
f 1278 1282 3690
f 1313 3682 1310
f 1279 1278 3690
f 1312 3682 1313
f 1276 1279 3690
f 1316 3682 1312
f 1274 1276 3690
f 1318 3682 1316
f 1272 1274 3690
f 1320 3682 1318
f 1270 1272 3690
f 1322 3682 1320
f 1268 1270 3690
f 1266 1268 3690
f 1264 1266 3690
f 1262 1264 3690
f 3683 1788 1790
f 3683 1786 1788
f 3683 1784 1786
f 3683 1322 1784
f 3683 3682 1322
f 1260 1262 3690
f 1792 3683 1790
f 1258 1260 3690
f 1794 3683 1792
f 1256 1258 3690
f 1796 3683 1794
f 1254 1256 3690
f 1798 3683 1796
f 1252 1254 3690
f 1800 3683 1798
f 1802 3683 1800
f 1804 3683 1802
f 1807 3683 1804
f 1809 3683 1807
f 1811 3683 1809
f 1813 3683 1811
f 1815 3683 1813
f 1817 3683 1815
f 1819 3683 1817
f 3688 1250 1252
f 3688 1248 1250
f 3688 1246 1248
f 3688 1244 1246
f 3688 1242 1244
f 3688 1240 1242
f 3688 1238 1240
f 3688 1236 1238
f 3688 1234 1236
f 3688 1232 1234
f 3688 1230 1232
f 3688 1228 1230
f 3688 1226 1228
f 3688 1252 3690
f 1224 1226 3688
f 1222 1224 3688
f 1220 1222 3688
f 1216 1220 3688
f 1217 1216 3688
f 3685 3683 1819
f 3685 1849 1853
f 3685 1850 1849
f 3685 1847 1850
f 3685 1845 1847
f 3685 1843 1845
f 3685 1839 1843
f 3685 1840 1839
f 3685 1837 1840
f 3685 1835 1837
f 3685 1833 1835
f 3685 1831 1833
f 3685 1829 1831
f 3685 1827 1829
f 3685 1825 1827
f 3685 1823 1825
f 3685 1821 1823
f 3685 1819 1821
f 3687 1887 1217
f 3687 1885 1887
f 3687 1882 1885
f 3687 1880 1882
f 3687 1877 1880
f 3687 1878 1877
f 3687 1875 1878
f 3687 1873 1875
f 3687 1871 1873
f 3687 1869 1871
f 3687 1867 1869
f 3687 1865 1867
f 3687 1862 1865
f 3687 1859 1862
f 3687 1860 1859
f 3687 1857 1860
f 3687 1855 1857
f 3687 1853 1855
f 3687 1217 3688
f 3687 3685 1853
f 2287 1325 1324
f 2287 1329 1325
f 2286 1330 1329
f 2286 1329 2287
f 2285 1331 1330
f 2285 1330 2286
f 2284 1332 1331
f 2284 1331 2285
f 2283 1333 1332
f 2283 1332 2284
f 2282 1334 1333
f 2282 1333 2283
f 2280 1357 1334
f 2280 1334 2282
f 2278 1357 2280
f 2278 1360 1357
f 2276 1360 2278
f 2276 1361 1360
f 2274 1361 2276
f 2274 1364 1361
f 2272 1365 1364
f 2272 1364 2274
f 2270 1367 1365
f 2270 1365 2272
f 2268 1368 1367
f 2268 1367 2270
f 2266 1370 1368
f 2266 1368 2268
f 2264 1371 1370
f 2264 1370 2266
f 2262 1373 1371
f 2262 1371 2264
f 2259 1374 1373
f 2259 1373 2262
f 2260 1376 1374
f 2260 1374 2259
f 2261 1377 1376
f 2261 1376 2260
f 2263 1379 1377
f 2263 1377 2261
f 2265 1380 1379
f 2265 1379 2263
f 2267 1382 1380
f 2267 1380 2265
f 2269 1383 1382
f 2269 1382 2267
f 2271 1385 1383
f 2271 1383 2269
f 2273 1386 1385
f 2273 1385 2271
f 2275 1388 1386
f 2275 1386 2273
f 2277 1389 1388
f 2277 1388 2275
f 2279 1391 1389
f 2279 1389 2277
f 2281 1392 1391
f 2281 1391 2279
f 2369 1394 1392
f 2369 1392 2281
f 2368 1395 1394
f 2368 1394 2369
f 2370 1585 1516
f 2317 1587 1585
f 2317 1585 2370
f 2316 1639 1587
f 2316 1587 2317
f 2315 1640 1639
f 2315 1639 2316
f 2314 1643 1640
f 2314 1640 2315
f 2313 1644 1643
f 2313 1643 2314
f 2312 1647 1644
f 2312 1644 2313
f 2311 1648 1647
f 2311 1647 2312
f 2310 1648 2311
f 2310 1650 1648
f 2309 1650 2310
f 2309 1651 1650
f 2308 1651 2309
f 2308 1652 1651
f 2307 1654 1652
f 2307 1652 2308
f 2306 1655 1654
f 2306 1654 2307
f 2305 1657 1655
f 2305 1655 2306
f 2304 1658 1657
f 2304 1657 2305
f 2303 1660 1658
f 2303 1658 2304
f 2302 1661 1660
f 2302 1660 2303
f 2301 1661 2302
f 2300 1663 1661
f 2300 1665 1663
f 2300 1661 2301
f 2299 1666 1665
f 2299 1665 2300
f 2298 1668 1666
f 2298 1666 2299
f 2297 1669 1668
f 2297 1668 2298
f 2296 1669 2297
f 2295 1669 2296
f 2295 1671 1669
f 2295 1672 1671
f 2294 1589 1672
f 2294 1672 2295
f 2293 1590 1589
f 2293 1589 2294
f 2292 1590 2293
f 2291 1591 1590
f 2291 1590 2292
f 2290 1592 1591
f 2290 1593 1592
f 2290 1591 2291
f 2289 1593 2290
f 2328 1594 1593
f 2328 1595 1594
f 2328 1593 2289
f 2327 1595 2328
f 3111 1736 1735
f 3396 1735 1734
f 3396 3111 1735
f 3397 1734 1731
f 3397 3396 1734
f 3394 1731 1733
f 3394 3397 1731
f 3395 1733 1732
f 3395 3394 1733
f 3392 1732 1730
f 3392 3395 1732
f 3393 1730 1729
f 3393 3392 1730
f 3390 1729 1728
f 3390 3393 1729
f 3391 1728 1726
f 3391 3390 1728
f 3388 1726 1727
f 3388 3391 1726
f 3389 1723 1725
f 3389 1727 1723
f 3389 3388 1727
f 3387 1725 1724
f 3387 3389 1725
f 3385 3387 1724
f 3385 1724 1720
f 3386 3385 1720
f 3386 1722 1721
f 3386 1720 1722
f 3384 1721 1718
f 3384 3386 1721
f 3382 1718 1719
f 3382 3384 1718
f 3383 1719 1716
f 3383 3382 1719
f 3380 1713 1715
f 3380 1716 1713
f 3380 3383 1716
f 3381 1715 1714
f 3381 3380 1715
f 3379 1714 1717
f 3379 3381 1714
f 2913 3379 1717
f 2736 879 878
f 2733 878 877
f 2733 2736 878
f 2734 877 876
f 2734 2733 877
f 2735 2734 876
f 2722 876 875
f 2722 2735 876
f 2723 875 874
f 2723 2722 875
f 2724 874 873
f 2724 2723 874
f 2725 873 872
f 2725 2724 873
f 2726 2725 872
f 2727 872 871
f 2727 2726 872
f 2719 871 870
f 2719 2727 871
f 2720 870 869
f 2720 2719 870
f 2721 2720 869
f 2718 869 868
f 2718 2721 869
f 2729 2718 868
f 2729 868 867
f 2730 2729 867
f 2730 867 866
f 2731 2730 866
f 2731 866 865
f 2732 2731 865
f 2732 865 864
f 2728 2732 864
f 2728 864 863
f 2738 2728 863
f 2738 863 862
f 2737 2738 862
f 2737 862 861
f 2739 2737 861
f 2739 861 860
f 2741 860 859
f 2741 2739 860
f 2740 2741 859
f 2505 805 803
f 2506 803 802
f 2506 2505 803
f 2502 802 800
f 2502 2506 802
f 2496 2502 800
f 2497 800 799
f 2497 2496 800
f 2498 799 797
f 2498 2497 799
f 2503 797 795
f 2503 2498 797
f 2494 795 794
f 2494 2503 795
f 2488 2494 794
f 2489 794 792
f 2489 2488 794
f 2490 792 790
f 2490 2489 792
f 2491 790 789
f 2491 2490 790
f 2492 2491 789
f 2487 789 787
f 2487 2492 789
f 2493 2487 787
f 2493 787 786
f 2500 2493 786
f 2500 786 784
f 2501 2500 784
f 2501 784 783
f 2499 2501 783
f 2499 783 781
f 2504 2499 781
f 2504 781 780
f 2508 2504 780
f 2508 780 778
f 2507 2508 778
f 2507 778 777
f 2509 2507 777
f 2509 777 776
f 2511 776 774
f 2511 2509 776
f 2510 2511 774
f 3151 1445 1444
f 3438 1444 1442
f 3438 3151 1444
f 3439 1442 1443
f 3439 3438 1442
f 3435 1443 1441
f 3435 3439 1443
f 3436 1441 1439
f 3436 3435 1441
f 3432 1439 1440
f 3432 3436 1439
f 3433 1440 1438
f 3433 3432 1440
f 3429 1438 1437
f 3429 3433 1438
f 3430 1437 1435
f 3430 3429 1437
f 3426 1435 1436
f 3426 3430 1435
f 3427 1434 1432
f 3427 1436 1434
f 3427 3426 1436
f 3424 1432 1433
f 3424 3427 1432
f 3421 3424 1433
f 3421 1433 1431
f 3422 3421 1431
f 3422 1430 1429
f 3422 1431 1430
f 3419 1429 1427
f 3419 3422 1429
f 3416 1427 1428
f 3416 3419 1427
f 3417 1428 1425
f 3417 3416 1428
f 3413 1426 1422
f 3413 1425 1426
f 3413 3417 1425
f 3414 1422 1424
f 3414 3413 1422
f 3411 1424 1423
f 3411 3414 1424
f 2879 3411 1423
f 1481 2480 1483
f 1481 2475 2480
f 1478 2474 2475
f 1478 2472 2474
f 1478 2475 1481
f 1475 2469 2472
f 1475 2472 1478
f 1471 2466 2469
f 1471 2469 1475
f 1470 2464 2466
f 1470 2466 1471
f 1467 2462 2464
f 1467 2464 1470
f 1464 2458 2462
f 1464 2462 1467
f 1461 2455 2458
f 1461 2458 1464
f 1460 2454 2455
f 1460 2455 1461
f 1458 2454 1460
f 1458 2450 2454
f 1456 2450 1458
f 1456 2448 2450
f 1452 2448 1456
f 1452 2444 2448
f 1448 2445 2444
f 1448 2444 1452
f 1450 2449 2445
f 1450 2445 1448
f 1451 2449 1450
f 1454 2451 2449
f 1454 2452 2451
f 1454 2449 1451
f 1457 2456 2452
f 1457 2452 1454
f 1459 2457 2456
f 1459 2456 1457
f 1463 2460 2457
f 1463 2457 1459
f 1465 2463 2460
f 1465 2460 1463
f 1468 2465 2463
f 1468 2463 1465
f 1469 2467 2465
f 1469 2465 1468
f 1472 2471 2467
f 1472 2467 1469
f 1474 2473 2471
f 1474 2471 1472
f 1477 2476 2473
f 1477 2473 1474
f 1479 2476 1477
f 1482 2478 2476
f 1482 2476 1479
f 1515 2597 2552
f 1518 2593 2597
f 1518 2597 1515
f 1520 2589 2593
f 1520 2593 1518
f 1522 2585 2589
f 1522 2589 1520
f 1523 2581 2585
f 1523 2585 1522
f 1552 2577 2581
f 1552 2581 1523
f 1548 2573 2577
f 1548 2577 1552
f 1544 2569 2573
f 1544 2573 1548
f 1540 2565 2569
f 1540 2569 1544
f 1536 2562 2565
f 1536 2565 1540
f 1534 2563 2562
f 1534 2562 1536
f 1533 2567 2563
f 1533 2563 1534
f 1538 2567 1533
f 1538 2571 2567
f 1542 2571 1538
f 1542 2575 2571
f 1546 2575 1542
f 1550 2575 1546
f 1550 2579 2575
f 1554 2579 1550
f 1554 2583 2579
f 1554 2587 2583
f 1557 2587 1554
f 1560 2587 1557
f 1560 2591 2587
f 1563 2591 1560
f 1563 2595 2591
f 1566 2595 1563
f 1566 2599 2595
f 1569 2599 1566
f 1569 2602 2599
f 1572 2602 1569
f 1572 2605 2602
f 1575 2605 1572
f 1575 2608 2605
f 1578 2610 2608
f 1578 2608 1575
f 2549 1515 2552
f 2549 1513 1515
f 2546 1511 1513
f 2546 1513 2549
f 2543 1509 1511
f 2543 1511 2546
f 2541 1507 1509
f 2541 1509 2543
f 2538 1505 1507
f 2538 1507 2541
f 2535 1503 1505
f 2535 1505 2538
f 2533 1501 1503
f 2533 1503 2535
f 2530 1499 1501
f 2530 1501 2533
f 2526 1497 1499
f 2526 1499 2530
f 2524 1494 1497
f 2524 1497 2526
f 2521 1495 1494
f 2521 1494 2524
f 2525 1495 2521
f 2525 1496 1495
f 2528 1496 2525
f 2528 1498 1496
f 2532 1498 2528
f 2532 1500 1498
f 2534 1502 1500
f 2534 1500 2532
f 2537 1504 1502
f 2537 1502 2534
f 2537 1506 1504
f 2540 1508 1506
f 2540 1506 2537
f 2542 1510 1508
f 2542 1508 2540
f 2545 1512 1510
f 2545 1510 2542
f 2548 1512 2545
f 2551 1514 1512
f 2551 1517 1514
f 2551 1512 2548
f 2554 1519 1517
f 2554 1517 2551
f 2555 1519 2554
f 2556 1521 1519
f 2556 1519 2555
f 2603 1570 1573
f 2603 1573 2606
f 2600 1567 1570
f 2600 1570 2603
f 2596 1564 1567
f 2596 1567 2600
f 2592 1561 1564
f 2592 1564 2596
f 2588 1558 1561
f 2588 1561 2592
f 2584 1555 1558
f 2584 1558 2588
f 2580 1551 1555
f 2580 1555 2584
f 2576 1547 1551
f 2576 1551 2580
f 2572 1543 1547
f 2572 1547 2576
f 2568 1539 1543
f 2568 1543 2572
f 2564 1539 2568
f 2564 1535 1539
f 2561 1535 2564
f 2561 1532 1535
f 2566 1532 2561
f 2566 1537 1532
f 2570 1541 1537
f 2570 1537 2566
f 2574 1545 1541
f 2574 1541 2570
f 2578 1549 1545
f 2578 1545 2574
f 2582 1553 1549
f 2582 1549 2578
f 2586 1556 1553
f 2586 1553 2582
f 2590 1559 1556
f 2590 1556 2586
f 2594 1562 1559
f 2594 1559 2590
f 2598 1565 1562
f 2598 1562 2594
f 2601 1568 1565
f 2601 1565 2598
f 2604 1571 1568
f 2604 1568 2601
f 2607 1574 1571
f 2607 1571 2604
f 2609 1577 1574
f 2609 1574 2607
f 2638 1630 2639
f 2638 1622 1630
f 2637 1623 1622
f 2637 1622 2638
f 2636 1624 1623
f 2636 1623 2637
f 2630 1613 1624
f 2630 1624 2636
f 2629 1614 1613
f 2629 1613 2630
f 2628 1615 1614
f 2628 1614 2629
f 2627 1616 1615
f 2627 1615 2628
f 2634 1618 1616
f 2634 1616 2627
f 2633 1619 1618
f 2633 1618 2634
f 2632 1620 1619
f 2632 1619 2633
f 2643 1620 2632
f 2643 1626 1620
f 2642 1626 2643
f 2642 1627 1626
f 2641 1627 2642
f 2641 1628 1627
f 2647 1628 2641
f 2647 1632 1628
f 2646 1632 2647
f 2646 1633 1632
f 2651 1636 1633
f 2651 1633 2646
f 2650 1586 1636
f 2650 1636 2651
f 2655 1584 1586
f 2655 1586 2650
f 2654 1583 1584
f 2654 1584 2655
f 2659 1582 1583
f 2659 1583 2654
f 2658 1581 1582
f 2658 1582 2659
f 2663 1580 1581
f 2663 1581 2658
f 2662 1579 1580
f 2662 1580 2663
f 2665 1576 1579
f 2665 1579 2662
f 2606 1573 1576
f 2606 1576 2665
f 3030 2999 3028
f 1693 1692 2999
f 1693 2999 3030
f 3027 3026 2969
f 2695 2969 2693
f 2695 3027 2969
f 3001 3028 2999
f 3556 3028 3001
f 3557 3028 3556
f 3559 3028 3557
f 3558 3028 3559
f 3560 3028 3558
f 3561 3028 3560
f 3562 3028 3561
f 3564 3028 3562
f 3563 3028 3564
f 3565 3028 3563
f 3566 3028 3565
f 189 3028 3566
f 3026 207 209
f 3026 204 207
f 3026 205 204
f 3026 202 205
f 3026 200 202
f 3026 198 200
f 3026 195 198
f 3026 196 195
f 3026 193 196
f 3026 191 193
f 3026 188 191
f 3026 189 188
f 3026 3028 189
f 2969 3026 209
f 2707 2684 2923
f 2377 2707 2923
f 2937 2936 2378
f 3398 2937 2378
f 3399 3398 2378
f 3400 3399 2378
f 3401 3400 2378
f 3402 3401 2378
f 3403 3402 2378
f 3404 3403 2378
f 2377 575 573
f 2377 577 575
f 2377 579 577
f 2377 581 579
f 2377 582 581
f 2377 584 582
f 2377 586 584
f 2377 2923 586
f 2377 566 2378
f 566 3408 2378
f 3408 3407 2378
f 3407 3406 2378
f 3406 3405 2378
f 3405 3404 2378
f 2377 564 566
f 2377 568 564
f 2377 570 568
f 2377 572 570
f 2377 573 572
f 1706 2936 1683
f 2378 2936 1706
f 3691 2251 3689
f 3686 3689 2251
f 3652 3691 3681
f 3676 3686 2251
f 3655 3691 3652
f 3655 2251 3691
f 3679 3684 3686
f 3679 3680 3684
f 3679 3686 3676
f 2914 3676 2251
f 3650 3681 3680
f 3650 3652 3681
f 3674 3676 2914
f 3669 3680 3679
f 3648 3680 3669
f 3648 3650 3680
f 3672 3674 2914
f 3664 3669 3668
f 3667 3669 3664
f 3667 3648 3669
f 2249 3655 3644
f 3662 3664 3668
f 3662 3668 3672
f 3692 3647 3693
f 3694 3693 3647
f 3695 3647 3692
f 3696 3694 3647
f 3697 3647 3695
f 3698 3696 3647
f 3699 3647 3697
f 3700 3698 3647
f 3701 3647 3699
f 3702 3700 3647
f 3703 3647 3701
f 3704 3702 3647
f 3705 3647 3703
f 3706 3647 3705
f 3707 3704 3647
f 3708 3647 3706
f 3709 3707 3647
f 3710 3647 3708
f 3711 3709 3647
f 3712 3647 3710
f 3713 3647 3712
f 3714 3711 3647
f 3715 3644 3647
f 3715 3647 3713
f 3716 3647 3648
f 3716 3714 3647
f 1327 2249 3644
f 1327 3644 3715
f 3717 3716 3648
f 3718 3717 3648
f 3719 3718 3648
f 3720 3719 3648
f 3721 3720 3648
f 3722 3648 3667
f 3722 3721 3648
f 3723 3722 3667
f 3724 3723 3667
f 3725 3724 3667
f 3726 3725 3667
f 3727 3726 3667
f 3727 3667 3656
f 3728 3727 3656
f 3729 3728 3656
f 3730 3729 3656
f 3731 3730 3656
f 3732 3731 3656
f 3660 3662 3672
f 3733 3732 3656
f 3734 3733 3656
f 3735 3734 3656
f 3736 3735 3656
f 3737 3736 3656
f 3738 3737 3656
f 3739 3738 3656
f 3740 3739 3656
f 3741 3740 3656
f 3742 3741 3656
f 3743 3742 3656
f 3744 3743 3656
f 3745 3744 3656
f 3745 3656 3659
f 2916 3745 3659
f 1323 1328 2249
f 1323 2249 1327
f 2915 1596 2916
f 2915 2916 3659
f 2915 3659 3660
f 1588 1596 2915
f 2915 3660 2914
f 3660 3672 2914
f 2251 3655 2249
f 2333 3745 2916
f 2352 3745 2333
f 2352 3744 3745
f 2351 3744 2352
f 2351 3743 3744
f 2350 3743 2351
f 2350 3742 3743
f 2349 3742 2350
f 2349 3741 3742
f 2348 3741 2349
f 2348 3740 3741
f 2347 3740 2348
f 2347 3739 3740
f 2346 3739 2347
f 2346 3738 3739
f 2345 3738 2346
f 2345 3737 3738
f 2361 3737 2345
f 2361 3736 3737
f 2359 3736 2361
f 2359 3735 3736
f 2359 3734 3735
f 2357 3734 2359
f 2357 3733 3734
f 2354 3733 2357
f 2354 3732 3733
f 2353 3731 3732
f 2353 3732 2354
f 2355 3730 3731
f 2355 3731 2353
f 2356 3729 3730
f 2356 3730 2355
f 2358 3728 3729
f 2358 3729 2356
f 2360 3727 3728
f 2360 3728 2358
f 2362 3726 3727
f 2362 3727 2360
f 2363 3725 3726
f 2363 3726 2362
f 2364 3724 3725
f 2364 3723 3724
f 2364 3725 2363
f 2365 3722 3723
f 2365 3723 2364
f 2343 3721 3722
f 2343 3722 2365
f 2342 3721 2343
f 2342 3720 3721
f 2341 3720 2342
f 2341 3719 3720
f 2340 3719 2341
f 2340 3718 3719
f 2340 3717 3718
f 2339 3717 2340
f 2339 3716 3717
f 2338 3716 2339
f 2338 3714 3716
f 2337 3714 2338
f 2337 3711 3714
f 2336 3711 2337
f 2336 3709 3711
f 2336 3707 3709
f 2335 3707 2336
f 2335 3704 3707
f 2334 3704 2335
f 2334 3702 3704
f 2332 3702 2334
f 2332 3700 3702
f 2331 3700 2332
f 2331 3698 3700
f 2331 3696 3698
f 2330 3696 2331
f 2330 3694 3696
f 2329 3694 2330
f 2329 3693 3694
f 2329 3692 3693
f 2325 3692 2329
f 2325 3695 3692
f 2324 3695 2325
f 2324 3697 3695
f 2324 3699 3697
f 2323 3699 2324
f 2323 3701 3699
f 2322 3701 2323
f 2322 3703 3701
f 2322 3705 3703
f 2321 3705 2322
f 2321 3706 3705
f 2320 3706 2321
f 2320 3708 3706
f 2320 3710 3708
f 2319 3710 2320
f 2319 3712 3710
f 2319 3713 3712
f 2318 3713 2319
f 2318 3715 3713
f 1326 1327 3715
f 1326 3715 2318
f 3746 3747 3748
f 3746 3748 3749
f 3746 3749 3750
f 3751 3747 3746
f 3752 3753 3747
f 3752 3747 3751
f 3754 3755 3753
f 3754 3753 3752
f 3756 3757 3755
f 3756 3755 3754
f 3758 3759 3757
f 3758 3757 3756
f 3760 3761 3759
f 3760 3759 3758
f 3762 3763 3761
f 3762 3761 3760
f 3764 3763 3762
f 3764 3765 3763
f 3766 3765 3764
f 3766 3767 3768
f 3766 3768 3765
f 3769 3767 3766
f 3770 3767 3769
f 3770 3771 3767
f 3772 3771 3770
f 3772 3773 3771
f 3774 3773 3772
f 3774 3775 3776
f 3774 3776 3773
f 3777 3775 3774
f 3778 3775 3777
f 3778 3779 3775
f 3780 3779 3778
f 3780 3781 3779
f 3782 3781 3780
f 3782 3783 3784
f 3782 3784 3781
f 3785 3783 3782
f 3786 3787 3788
f 3786 3788 3783
f 3786 3783 3785
f 3789 3787 3786
f 3790 3787 3789
f 3790 3791 3787
f 3792 3791 3790
f 3792 3793 3791
f 3794 3793 3792
f 3794 3795 3793
f 3796 3795 3794
f 3796 3797 3798
f 3796 3798 3795
f 3799 3797 3796
f 3799 3800 3797
f 3801 3800 3799
f 3801 3802 3800
f 3803 3802 3801
f 3804 3802 3803
f 3804 3805 3806
f 3804 3806 3802
f 3807 3805 3804
f 3808 3805 3807
f 3808 3809 3810
f 3808 3810 3805
f 3811 3809 3808
f 3811 3812 3809
f 3813 3812 3811
f 3814 3812 3813
f 3814 3815 3812
f 3816 3815 3814
f 3816 3817 3818
f 3816 3818 3815
f 3819 3817 3816
f 3820 3817 3819
f 3820 3821 3817
f 3822 3821 3820
f 3822 3823 3821
f 3824 3825 3823
f 3824 3823 3822
f 3826 3827 3825
f 3826 3825 3824
f 3828 3829 3827
f 3828 3827 3826
f 3830 3831 3829
f 3830 3829 3828
f 3832 3833 3831
f 3832 3831 3830
f 3834 3835 3833
f 3834 3833 3832
f 3836 3837 3835
f 3836 3835 3834
f 3838 3839 3837
f 3838 3837 3836
f 3840 3839 3838
f 3840 3841 3839
f 3842 3841 3840
f 3842 3843 3844
f 3842 3844 3841
f 3845 3843 3842
f 3846 3843 3845
f 3846 3847 3843
f 3848 3847 3846
f 3848 3849 3847
f 3850 3849 3848
f 3850 3851 3849
f 3852 3851 3850
f 3852 3853 3851
f 3854 3855 3856
f 3854 3857 3858
f 3854 3856 3857
f 3859 3854 3858
f 3860 3859 3858
f 3860 3858 3861
f 3862 3860 3861
f 3862 3861 3863
f 3864 3862 3863
f 3864 3863 3865
f 3866 3864 3865
f 3866 3865 3867
f 3868 3866 3867
f 3868 3867 3869
f 3870 3869 3871
f 3870 3868 3869
f 3872 3871 3873
f 3872 3870 3871
f 3874 3875 3876
f 3874 3873 3875
f 3874 3872 3873
f 3877 3874 3876
f 3878 3876 3879
f 3878 3877 3876
f 3880 3879 3881
f 3880 3878 3879
f 3882 3881 3883
f 3882 3880 3881
f 3884 3885 3886
f 3884 3883 3885
f 3884 3882 3883
f 3887 3884 3886
f 3888 3886 3889
f 3888 3887 3886
f 3890 3891 3892
f 3890 3889 3891
f 3890 3888 3889
f 3893 3890 3892
f 3894 3892 3895
f 3894 3893 3892
f 3896 3895 3897
f 3896 3894 3895
f 3898 3897 3899
f 3898 3896 3897
f 3900 3898 3899
f 3900 3901 3902
f 3900 3899 3901
f 3903 3900 3902
f 3904 3903 3902
f 3904 3902 3905
f 3906 3904 3905
f 3906 3905 3907
f 3908 3906 3907
f 3908 3907 3909
f 3910 3909 3911
f 3910 3908 3909
f 3912 3911 3913
f 3912 3910 3911
f 3914 3915 3916
f 3914 3913 3915
f 3914 3912 3913
f 3917 3914 3916
f 3918 3916 3919
f 3918 3917 3916
f 3920 3919 3921
f 3920 3918 3919
f 3922 3923 3924
f 3922 3921 3923
f 3922 3920 3921
f 3925 3924 3926
f 3925 3922 3924
f 3927 3925 3926
f 3928 3926 3929
f 3928 3927 3926
f 3930 3929 3931
f 3930 3928 3929
f 3932 3933 3934
f 3932 3931 3933
f 3932 3930 3931
f 3935 3932 3934
f 3936 3934 3937
f 3936 3935 3934
f 3938 3937 3939
f 3938 3936 3937
f 3940 3939 3941
f 3940 3938 3939
f 3942 3941 3943
f 3942 3940 3941
f 3944 3943 3945
f 3944 3942 3943
f 3946 3945 3947
f 3946 3944 3945
f 3948 3949 3950
f 3948 3947 3949
f 3948 3946 3947
f 3951 3948 3950
f 3952 3950 3953
f 3952 3951 3950
f 3954 3952 3953
f 3954 3953 3955
f 3956 3955 3957
f 3956 3954 3955
f 3958 3957 3959
f 3958 3956 3957
f 3960 3959 3961
f 3960 3958 3959
f 3825 3962 3963
f 3825 3827 3962
f 3829 3964 3962
f 3829 3962 3827
f 3823 3963 3965
f 3823 3965 3966
f 3823 3825 3963
f 3831 3967 3964
f 3831 3964 3829
f 3821 3823 3966
f 3833 3968 3969
f 3833 3969 3967
f 3833 3967 3831
f 3817 3966 3970
f 3817 3821 3966
f 3835 3968 3833
f 3818 3970 3971
f 3818 3817 3970
f 3837 3972 3968
f 3837 3968 3835
f 3815 3971 3973
f 3815 3973 3974
f 3815 3818 3971
f 3839 3975 3972
f 3839 3972 3837
f 3812 3974 3976
f 3812 3815 3974
f 3841 3975 3839
f 3841 3977 3975
f 3809 3812 3976
f 3844 3977 3841
f 3844 3978 3977
f 3810 3976 3979
f 3810 3979 3980
f 3810 3809 3976
f 3843 3981 3978
f 3843 3978 3844
f 3805 3810 3980
f 3847 3981 3843
f 3847 3982 3981
f 3806 3980 3983
f 3806 3805 3980
f 3849 3984 3982
f 3849 3982 3847
f 3802 3983 3985
f 3802 3985 3986
f 3802 3806 3983
f 3851 3856 3987
f 3851 3987 3984
f 3851 3984 3849
f 3800 3986 3988
f 3800 3802 3986
f 3853 3856 3851
f 3797 3988 3989
f 3797 3800 3988
f 3990 3857 3856
f 3990 3856 3853
f 3798 3797 3989
f 3991 3858 3857
f 3991 3857 3990
f 3795 3989 3992
f 3795 3992 3993
f 3795 3798 3989
f 3994 3861 3858
f 3994 3858 3991
f 3793 3795 3993
f 3995 3863 3861
f 3995 3861 3994
f 3791 3993 3996
f 3791 3793 3993
f 3997 3865 3863
f 3997 3863 3995
f 3787 3996 3998
f 3787 3791 3996
f 3999 3867 3865
f 3999 3865 3997
f 3788 3998 4000
f 3788 3787 3998
f 4001 3867 3999
f 4001 3869 3867
f 3783 4000 4002
f 3783 3788 4000
f 4003 3869 4001
f 4003 3873 3871
f 4003 3871 3869
f 3784 4002 4004
f 3784 3783 4002
f 4005 3873 4003
f 3781 4004 4006
f 3781 4006 4007
f 3781 3784 4004
f 4008 3873 4005
f 4008 3875 3873
f 3779 3781 4007
f 4009 3875 4008
f 4009 3879 3876
f 4009 3876 3875
f 3775 3779 4007
f 3775 4007 4010
f 4011 3775 4010
f 4012 3879 4009
f 3776 3775 4011
f 4013 3879 4012
f 4013 3881 3879
f 4014 3773 3776
f 4014 3776 4011
f 3771 3773 4014
f 3883 3881 4013
f 3883 4013 4015
f 4016 3771 4014
f 3885 3883 4015
f 3885 4017 4018
f 3885 4015 4017
f 4019 3771 4016
f 4019 3767 3771
f 3886 3885 4018
f 4020 3767 4019
f 4020 3768 3767
f 3889 3886 4018
f 3889 4018 4021
f 4022 3765 3768
f 4022 3763 3765
f 4022 3768 4020
f 3891 3889 4021
f 3891 4021 4023
f 4024 3763 4022
f 3892 3891 4023
f 3892 4023 4025
f 4026 3761 3763
f 4026 3759 3761
f 4026 3763 4024
f 3895 4027 4028
f 3895 4025 4027
f 3895 3892 4025
f 4029 3759 4026
f 3897 3895 4028
f 4030 3757 3759
f 4030 3755 3757
f 4030 3759 4029
f 3899 3897 4028
f 3899 4031 4032
f 3899 4028 4031
f 4033 3755 4030
f 4033 3753 3755
f 3901 3899 4032
f 3901 4032 4034
f 4035 3753 4033
f 4035 3747 3753
f 3902 3901 4034
f 3902 4034 4036
f 4037 3747 4035
f 3905 3902 4036
f 4038 3748 3747
f 4038 3747 4037
f 3907 4039 4040
f 3907 4036 4039
f 3907 3905 4036
f 3961 3749 3748
f 3961 4041 3749
f 3961 3748 4038
f 3909 3907 4040
f 3959 4042 4041
f 3959 4041 3961
f 3911 3909 4040
f 3911 4040 4043
f 3957 4042 3959
f 3957 4044 4042
f 3913 4043 4045
f 3913 3911 4043
f 3955 4044 3957
f 3915 4046 4047
f 3915 4045 4046
f 3915 3913 4045
f 3953 4048 4044
f 3953 4049 4048
f 3953 4044 3955
f 3916 3915 4047
f 3950 4049 3953
f 3919 3916 4047
f 3919 4047 4050
f 3949 4051 4049
f 3949 4049 3950
f 3921 3919 4050
f 3921 4050 4052
f 3947 4051 3949
f 3947 4053 4051
f 3923 3921 4052
f 3923 4052 4054
f 3945 4053 3947
f 3945 4055 4053
f 3924 3923 4054
f 3924 4054 4056
f 3943 4055 3945
f 3943 4057 4055
f 3926 3924 4056
f 3926 4056 4058
f 3941 4059 4057
f 3941 4057 3943
f 3929 3926 4058
f 3929 4060 4061
f 3929 4058 4060
f 3939 4059 3941
f 3939 4062 4059
f 3939 4063 4062
f 3931 3929 4061
f 3937 4063 3939
f 3933 3931 4061
f 3933 4061 4064
f 3934 4063 3937
f 3934 3933 4064
f 3934 4065 4063
f 3934 4064 4065
f 3826 4066 4067
f 3824 4066 3826
f 3828 3826 4067
f 3828 4067 4068
f 3822 4069 4066
f 3822 4066 3824
f 3830 4068 4070
f 3830 3828 4068
f 3820 4071 4069
f 3820 4069 3822
f 3832 3830 4070
f 3832 4072 4073
f 3832 4070 4072
f 3819 4074 4071
f 3819 4071 3820
f 3834 3832 4073
f 3816 4075 4074
f 3816 4074 3819
f 3836 3834 4073
f 3836 4073 4076
f 3814 4077 4075
f 3814 4078 4077
f 3814 4075 3816
f 3838 3836 4076
f 3838 4076 4079
f 3813 4078 3814
f 3840 3838 4079
f 3840 4079 4080
f 3811 4078 3813
f 3811 4081 4078
f 3842 3840 4080
f 3842 4080 4082
f 3808 4083 4081
f 3808 4081 3811
f 3845 3842 4082
f 3845 4084 4085
f 3845 4082 4084
f 3807 4086 4083
f 3807 4083 3808
f 3846 3845 4085
f 3804 4086 3807
f 3804 4087 4086
f 3804 4088 4087
f 3848 3846 4085
f 3848 4085 4089
f 3803 4088 3804
f 3803 4090 4088
f 3850 3848 4089
f 3850 4091 3855
f 3850 4089 4091
f 3801 4090 3803
f 3801 4092 4090
f 3852 3850 3855
f 3799 4092 3801
f 4093 3852 3855
f 4093 3855 3854
f 3796 4092 3799
f 3796 4094 4092
f 4095 3854 3859
f 4095 4093 3854
f 3794 4096 4094
f 3794 4094 3796
f 4097 3859 3860
f 4097 4095 3859
f 3792 4096 3794
f 3792 4098 4096
f 4099 4097 3860
f 4099 3860 3862
f 3790 4098 3792
f 3790 4100 4098
f 3790 4101 4100
f 4102 3862 3864
f 4102 4099 3862
f 3789 4101 3790
f 4103 3866 3868
f 4103 3864 3866
f 4103 4102 3864
f 3786 4101 3789
f 3786 4104 4101
f 4105 4103 3868
f 3785 4104 3786
f 3785 4106 4104
f 4107 3868 3870
f 4107 4105 3868
f 3782 4108 4106
f 3782 4106 3785
f 4109 3870 3872
f 4109 4107 3870
f 3780 4108 3782
f 3780 4110 4108
f 4111 3872 3874
f 4111 4109 3872
f 3778 4110 3780
f 3778 4112 4110
f 4113 4111 3874
f 4113 3874 3877
f 3777 4112 3778
f 3777 4114 4112
f 4115 4114 3777
f 4116 3877 3878
f 4116 4113 3877
f 3774 4115 3777
f 4117 4116 3878
f 4117 3878 3880
f 3772 4115 3774
f 4118 4115 3772
f 3882 4117 3880
f 3882 4119 4117
f 4120 4118 3772
f 4120 3772 3770
f 3884 4119 3882
f 3884 4121 4122
f 3884 4122 4119
f 4123 4120 3770
f 4123 3770 3769
f 3887 4121 3884
f 4124 3769 3766
f 4124 4123 3769
f 3888 4125 4121
f 3888 4121 3887
f 4126 3766 3764
f 4126 3764 3762
f 4126 4124 3766
f 3890 4127 4125
f 3890 4125 3888
f 4128 4126 3762
f 3893 4129 4127
f 3893 4127 3890
f 4130 3762 3760
f 4130 4128 3762
f 3894 4131 4132
f 3894 4132 4129
f 3894 4129 3893
f 4133 3760 3758
f 4133 4130 3760
f 3896 4134 4131
f 3896 4131 3894
f 4135 4133 3758
f 4135 3758 3756
f 3898 4134 3896
f 4136 3756 3754
f 4136 4135 3756
f 3900 4134 3898
f 3900 4137 4134
f 4138 3754 3752
f 4138 4136 3754
f 3903 4139 4140
f 3903 4140 4137
f 3903 4137 3900
f 4141 3752 3751
f 4141 3751 3746
f 4141 4138 3752
f 3904 4142 4139
f 3904 4139 3903
f 4143 4141 3746
f 3906 4142 3904
f 3960 3746 3750
f 3960 4143 3746
f 3908 4144 4142
f 3908 4142 3906
f 3958 3750 4145
f 3958 4145 4146
f 3958 3960 3750
f 3910 4147 4144
f 3910 4144 3908
f 3956 3958 4146
f 3912 4148 4147
f 3912 4147 3910
f 3954 4146 4149
f 3954 3956 4146
f 3914 4150 4151
f 3914 4151 4148
f 3914 4148 3912
f 3952 3954 4149
f 3952 4149 4152
f 3917 4150 3914
f 3951 4152 4153
f 3951 3952 4152
f 3918 4154 4150
f 3918 4150 3917
f 3948 4153 4155
f 3948 3951 4153
f 3920 4154 3918
f 3920 4156 4154
f 3946 4155 4157
f 3946 3948 4155
f 3922 4156 3920
f 3922 4158 4159
f 3922 4159 4156
f 3944 4157 4160
f 3944 4160 4161
f 3944 3946 4157
f 3925 4158 3922
f 3942 3944 4161
f 3927 4162 4163
f 3927 4163 4158
f 3927 4158 3925
f 3940 4161 4164
f 3940 4164 4165
f 3940 3942 4161
f 3928 4162 3927
f 3938 3940 4165
f 3930 4162 3928
f 3930 4166 4167
f 3930 4167 4162
f 3936 4165 4168
f 3936 3938 4165
f 3932 4166 3930
f 3935 4168 4169
f 3935 4169 4166
f 3935 3936 4168
f 3935 4166 3932
f 4143 3960 3961
f 4143 4038 4037
f 4143 3961 4038
f 4141 4143 4037
f 4138 4141 4037
f 4138 4037 4035
f 4136 4138 4035
f 4136 4035 4033
f 4135 4136 4033
f 4135 4033 4030
f 4133 4135 4030
f 4133 4030 4029
f 4130 4133 4029
f 4130 4029 4026
f 4128 4026 4024
f 4128 4130 4026
f 4126 4024 4022
f 4126 4128 4024
f 4124 4020 4019
f 4124 4022 4020
f 4124 4126 4022
f 4123 4124 4019
f 4120 4019 4016
f 4120 4123 4019
f 4118 4016 4014
f 4118 4120 4016
f 4115 4011 4010
f 4115 4014 4011
f 4115 4118 4014
f 4114 4115 4010
f 4112 4010 4007
f 4112 4114 4010
f 4110 4007 4006
f 4110 4112 4007
f 4108 4004 4002
f 4108 4006 4004
f 4108 4110 4006
f 4106 4108 4002
f 4104 4000 3998
f 4104 4002 4000
f 4104 4106 4002
f 4101 4104 3998
f 4100 4101 3998
f 4100 3998 3996
f 4098 4100 3996
f 4098 3996 3993
f 4096 4098 3993
f 4096 3993 3992
f 4094 4096 3992
f 4094 3989 3988
f 4094 3992 3989
f 4092 4094 3988
f 4092 3988 3986
f 4090 4092 3986
f 4090 3986 3985
f 4088 4090 3985
f 4087 3983 3980
f 4087 3985 3983
f 4087 4088 3985
f 4086 4087 3980
f 4083 3979 3976
f 4083 3980 3979
f 4083 4086 3980
f 4081 3976 3974
f 4081 4083 3976
f 4078 4081 3974
f 4077 3974 3973
f 4077 4078 3974
f 4075 3971 3970
f 4075 3973 3971
f 4075 4077 3973
f 4074 4075 3970
f 4071 3970 3966
f 4071 4074 3970
f 4069 3966 3965
f 4069 4071 3966
f 4066 3965 3963
f 4066 4069 3965
f 4067 3963 3962
f 4067 4066 3963
f 4068 3962 3964
f 4068 4067 3962
f 4070 3964 3967
f 4070 4068 3964
f 4072 3967 3969
f 4072 4070 3967
f 4073 3969 3968
f 4073 4072 3969
f 4076 3968 3972
f 4076 4073 3968
f 4079 3972 3975
f 4079 4076 3972
f 4080 3975 3977
f 4080 4079 3975
f 4082 4080 3977
f 4082 3978 3981
f 4082 3977 3978
f 4084 4082 3981
f 4085 3981 3982
f 4085 4084 3981
f 4089 3982 3984
f 4089 4085 3982
f 4091 3984 3987
f 4091 4089 3984
f 3855 3987 3856
f 3855 4091 3987
f 4093 3991 3990
f 4093 3990 3853
f 4093 3853 3852
f 4095 3991 4093
f 4097 3994 3991
f 4097 3991 4095
f 4099 3995 3994
f 4099 3994 4097
f 4102 3997 3995
f 4102 3995 4099
f 4103 3999 3997
f 4103 3997 4102
f 4105 4001 3999
f 4105 3999 4103
f 4107 4001 4105
f 4107 4003 4001
f 4109 4003 4107
f 4109 4005 4003
f 4111 4005 4109
f 4111 4009 4008
f 4111 4008 4005
f 4113 4009 4111
f 4116 4009 4113
f 4116 4012 4009
f 4117 4012 4116
f 4117 4013 4012
f 4119 4013 4117
f 4119 4015 4013
f 4122 4015 4119
f 4122 4018 4017
f 4122 4017 4015
f 4121 4018 4122
f 4125 4018 4121
f 4125 4021 4018
f 4127 4021 4125
f 4127 4025 4023
f 4127 4023 4021
f 4129 4025 4127
f 4132 4027 4025
f 4132 4025 4129
f 4131 4028 4027
f 4131 4027 4132
f 4134 4031 4028
f 4134 4028 4131
f 4137 4031 4134
f 4137 4034 4032
f 4137 4032 4031
f 4140 4034 4137
f 4139 4034 4140
f 4139 4036 4034
f 4142 4036 4139
f 4142 4039 4036
f 4144 4039 4142
f 4144 4040 4039
f 4147 4040 4144
f 4147 4043 4040
f 4148 4043 4147
f 4148 4045 4043
f 4151 4045 4148
f 4151 4047 4046
f 4151 4046 4045
f 4150 4047 4151
f 4154 4047 4150
f 4154 4050 4047
f 4156 4050 4154
f 4156 4052 4050
f 4159 4052 4156
f 4159 4056 4054
f 4159 4054 4052
f 4158 4056 4159
f 4158 4058 4056
f 4163 4058 4158
f 4162 4058 4163
f 4162 4060 4058
f 4167 4060 4162
f 4167 4061 4060
f 4166 4065 4064
f 4166 4064 4061
f 4166 4061 4167
f 4169 4065 4166
f 4168 4063 4065
f 4168 4065 4169
f 4165 4062 4063
f 4165 4063 4168
f 4164 4059 4062
f 4164 4062 4165
f 4161 4057 4059
f 4161 4059 4164
f 4160 4055 4057
f 4160 4057 4161
f 4157 4053 4055
f 4157 4055 4160
f 4155 4053 4157
f 4155 4049 4051
f 4155 4051 4053
f 4153 4049 4155
f 4152 4049 4153
f 4152 4048 4049
f 4149 4048 4152
f 4149 4044 4048
f 4146 4044 4149
f 4146 4042 4044
f 4145 4042 4146
f 4145 4041 4042
f 3750 4041 4145
f 3750 3749 4041
f 4170 4171 4172
f 4170 4172 4173
f 4170 4173 4174
f 4175 4171 4170
f 4176 4177 4171
f 4176 4171 4175
f 4178 4179 4177
f 4178 4177 4176
f 4180 4181 4179
f 4180 4179 4178
f 4182 4183 4181
f 4182 4181 4180
f 4184 4185 4183
f 4184 4183 4182
f 4186 4187 4185
f 4186 4185 4184
f 4188 4187 4186
f 4188 4189 4187
f 4190 4189 4188
f 4190 4191 4192
f 4190 4192 4189
f 4193 4191 4190
f 4194 4191 4193
f 4194 4195 4191
f 4196 4195 4194
f 4196 4197 4195
f 4198 4197 4196
f 4198 4199 4200
f 4198 4200 4197
f 4201 4199 4198
f 4202 4199 4201
f 4202 4203 4199
f 4204 4203 4202
f 4204 4205 4203
f 4206 4205 4204
f 4206 4207 4208
f 4206 4208 4205
f 4209 4207 4206
f 4210 4211 4212
f 4210 4212 4207
f 4210 4207 4209
f 4213 4211 4210
f 4214 4211 4213
f 4214 4215 4211
f 4216 4215 4214
f 4216 4217 4215
f 4218 4217 4216
f 4218 4219 4217
f 4220 4219 4218
f 4220 4221 4222
f 4220 4222 4219
f 4223 4221 4220
f 4223 4224 4221
f 4225 4224 4223
f 4225 4226 4224
f 4227 4226 4225
f 4228 4226 4227
f 4228 4229 4230
f 4228 4230 4226
f 4231 4229 4228
f 4232 4229 4231
f 4232 4233 4234
f 4232 4234 4229
f 4235 4233 4232
f 4235 4236 4233
f 4237 4236 4235
f 4238 4236 4237
f 4238 4239 4236
f 4240 4239 4238
f 4240 4241 4242
f 4240 4242 4239
f 4243 4241 4240
f 4244 4241 4243
f 4244 4245 4241
f 4246 4245 4244
f 4246 4247 4245
f 4248 4249 4247
f 4248 4247 4246
f 4250 4251 4249
f 4250 4249 4248
f 4252 4253 4251
f 4252 4251 4250
f 4254 4255 4253
f 4254 4253 4252
f 4256 4257 4255
f 4256 4255 4254
f 4258 4259 4257
f 4258 4257 4256
f 4260 4261 4259
f 4260 4259 4258
f 4262 4263 4261
f 4262 4261 4260
f 4264 4263 4262
f 4264 4265 4263
f 4266 4265 4264
f 4266 4267 4268
f 4266 4268 4265
f 4269 4267 4266
f 4270 4267 4269
f 4270 4271 4267
f 4272 4271 4270
f 4272 4273 4271
f 4274 4273 4272
f 4274 4275 4273
f 4276 4275 4274
f 4276 4277 4275
f 4278 4279 4280
f 4278 4281 4282
f 4278 4280 4281
f 4283 4278 4282
f 4284 4283 4282
f 4284 4282 4285
f 4286 4284 4285
f 4286 4285 4287
f 4288 4286 4287
f 4288 4287 4289
f 4290 4288 4289
f 4290 4289 4291
f 4292 4290 4291
f 4292 4291 4293
f 4294 4293 4295
f 4294 4292 4293
f 4296 4295 4297
f 4296 4294 4295
f 4298 4299 4300
f 4298 4297 4299
f 4298 4296 4297
f 4301 4298 4300
f 4302 4300 4303
f 4302 4301 4300
f 4304 4303 4305
f 4304 4302 4303
f 4306 4305 4307
f 4306 4304 4305
f 4308 4309 4310
f 4308 4307 4309
f 4308 4306 4307
f 4311 4308 4310
f 4312 4310 4313
f 4312 4311 4310
f 4314 4315 4316
f 4314 4313 4315
f 4314 4312 4313
f 4317 4314 4316
f 4318 4316 4319
f 4318 4317 4316
f 4320 4319 4321
f 4320 4318 4319
f 4322 4321 4323
f 4322 4320 4321
f 4324 4322 4323
f 4324 4325 4326
f 4324 4323 4325
f 4327 4324 4326
f 4328 4327 4326
f 4328 4326 4329
f 4330 4328 4329
f 4330 4329 4331
f 4332 4330 4331
f 4332 4331 4333
f 4334 4333 4335
f 4334 4332 4333
f 4336 4335 4337
f 4336 4334 4335
f 4338 4339 4340
f 4338 4337 4339
f 4338 4336 4337
f 4341 4338 4340
f 4342 4340 4343
f 4342 4341 4340
f 4344 4343 4345
f 4344 4342 4343
f 4346 4347 4348
f 4346 4345 4347
f 4346 4344 4345
f 4349 4348 4350
f 4349 4346 4348
f 4351 4349 4350
f 4352 4350 4353
f 4352 4351 4350
f 4354 4353 4355
f 4354 4352 4353
f 4356 4357 4358
f 4356 4355 4357
f 4356 4354 4355
f 4359 4356 4358
f 4360 4358 4361
f 4360 4359 4358
f 4362 4361 4363
f 4362 4360 4361
f 4364 4363 4365
f 4364 4362 4363
f 4366 4365 4367
f 4366 4364 4365
f 4368 4367 4369
f 4368 4366 4367
f 4370 4369 4371
f 4370 4368 4369
f 4372 4373 4374
f 4372 4371 4373
f 4372 4370 4371
f 4375 4372 4374
f 4376 4374 4377
f 4376 4375 4374
f 4378 4376 4377
f 4378 4377 4379
f 4380 4379 4381
f 4380 4378 4379
f 4382 4381 4383
f 4382 4380 4381
f 4384 4383 4385
f 4384 4382 4383
f 4249 4386 4387
f 4249 4251 4386
f 4253 4388 4386
f 4253 4386 4251
f 4247 4387 4389
f 4247 4389 4390
f 4247 4249 4387
f 4255 4391 4388
f 4255 4388 4253
f 4245 4247 4390
f 4257 4392 4393
f 4257 4393 4391
f 4257 4391 4255
f 4241 4390 4394
f 4241 4245 4390
f 4259 4392 4257
f 4242 4394 4395
f 4242 4241 4394
f 4261 4396 4392
f 4261 4392 4259
f 4239 4395 4397
f 4239 4397 4398
f 4239 4242 4395
f 4263 4399 4396
f 4263 4396 4261
f 4236 4398 4400
f 4236 4239 4398
f 4265 4399 4263
f 4265 4401 4399
f 4233 4236 4400
f 4268 4401 4265
f 4268 4402 4401
f 4234 4400 4403
f 4234 4403 4404
f 4234 4233 4400
f 4267 4405 4402
f 4267 4402 4268
f 4229 4234 4404
f 4271 4405 4267
f 4271 4406 4405
f 4230 4404 4407
f 4230 4229 4404
f 4273 4408 4406
f 4273 4406 4271
f 4226 4407 4409
f 4226 4409 4410
f 4226 4230 4407
f 4275 4280 4411
f 4275 4411 4408
f 4275 4408 4273
f 4224 4410 4412
f 4224 4226 4410
f 4277 4280 4275
f 4221 4412 4413
f 4221 4224 4412
f 4414 4281 4280
f 4414 4280 4277
f 4222 4221 4413
f 4415 4282 4281
f 4415 4281 4414
f 4219 4413 4416
f 4219 4416 4417
f 4219 4222 4413
f 4418 4285 4282
f 4418 4282 4415
f 4217 4219 4417
f 4419 4287 4285
f 4419 4285 4418
f 4215 4417 4420
f 4215 4217 4417
f 4421 4289 4287
f 4421 4287 4419
f 4211 4420 4422
f 4211 4215 4420
f 4423 4291 4289
f 4423 4289 4421
f 4212 4422 4424
f 4212 4211 4422
f 4425 4291 4423
f 4425 4293 4291
f 4207 4424 4426
f 4207 4212 4424
f 4427 4293 4425
f 4427 4297 4295
f 4427 4295 4293
f 4208 4426 4428
f 4208 4207 4426
f 4429 4297 4427
f 4205 4428 4430
f 4205 4430 4431
f 4205 4208 4428
f 4432 4297 4429
f 4432 4299 4297
f 4203 4205 4431
f 4433 4299 4432
f 4433 4303 4300
f 4433 4300 4299
f 4199 4203 4431
f 4199 4431 4434
f 4435 4199 4434
f 4436 4303 4433
f 4200 4199 4435
f 4437 4303 4436
f 4437 4305 4303
f 4438 4197 4200
f 4438 4200 4435
f 4195 4197 4438
f 4307 4305 4437
f 4307 4437 4439
f 4440 4195 4438
f 4309 4307 4439
f 4309 4441 4442
f 4309 4439 4441
f 4443 4195 4440
f 4443 4191 4195
f 4310 4309 4442
f 4444 4191 4443
f 4444 4192 4191
f 4313 4310 4442
f 4313 4442 4445
f 4446 4189 4192
f 4446 4187 4189
f 4446 4192 4444
f 4315 4313 4445
f 4315 4445 4447
f 4448 4187 4446
f 4316 4315 4447
f 4316 4447 4449
f 4450 4185 4187
f 4450 4183 4185
f 4450 4187 4448
f 4319 4451 4452
f 4319 4449 4451
f 4319 4316 4449
f 4453 4183 4450
f 4321 4319 4452
f 4454 4181 4183
f 4454 4179 4181
f 4454 4183 4453
f 4323 4321 4452
f 4323 4455 4456
f 4323 4452 4455
f 4457 4179 4454
f 4457 4177 4179
f 4325 4323 4456
f 4325 4456 4458
f 4459 4177 4457
f 4459 4171 4177
f 4326 4325 4458
f 4326 4458 4460
f 4461 4171 4459
f 4329 4326 4460
f 4462 4172 4171
f 4462 4171 4461
f 4331 4463 4464
f 4331 4460 4463
f 4331 4329 4460
f 4385 4173 4172
f 4385 4465 4173
f 4385 4172 4462
f 4333 4331 4464
f 4383 4466 4465
f 4383 4465 4385
f 4335 4333 4464
f 4335 4464 4467
f 4381 4466 4383
f 4381 4468 4466
f 4337 4467 4469
f 4337 4335 4467
f 4379 4468 4381
f 4339 4470 4471
f 4339 4469 4470
f 4339 4337 4469
f 4377 4472 4468
f 4377 4473 4472
f 4377 4468 4379
f 4340 4339 4471
f 4374 4473 4377
f 4343 4340 4471
f 4343 4471 4474
f 4373 4475 4473
f 4373 4473 4374
f 4345 4343 4474
f 4345 4474 4476
f 4371 4475 4373
f 4371 4477 4475
f 4347 4345 4476
f 4347 4476 4478
f 4369 4477 4371
f 4369 4479 4477
f 4348 4347 4478
f 4348 4478 4480
f 4367 4479 4369
f 4367 4481 4479
f 4350 4348 4480
f 4350 4480 4482
f 4365 4483 4481
f 4365 4481 4367
f 4353 4350 4482
f 4353 4484 4485
f 4353 4482 4484
f 4363 4483 4365
f 4363 4486 4483
f 4363 4487 4486
f 4355 4353 4485
f 4361 4487 4363
f 4357 4355 4485
f 4357 4485 4488
f 4358 4487 4361
f 4358 4357 4488
f 4358 4489 4487
f 4358 4488 4489
f 4248 4490 4491
f 4248 4491 4250
f 4252 4491 4492
f 4252 4250 4491
f 4246 4493 4490
f 4246 4494 4493
f 4246 4490 4248
f 4254 4492 4495
f 4254 4252 4492
f 4244 4494 4246
f 4256 4496 4497
f 4256 4495 4496
f 4256 4254 4495
f 4243 4494 4244
f 4243 4498 4494
f 4258 4256 4497
f 4240 4499 4498
f 4240 4498 4243
f 4260 4258 4497
f 4260 4497 4500
f 4238 4499 4240
f 4238 4501 4499
f 4238 4502 4501
f 4262 4260 4500
f 4262 4500 4503
f 4237 4502 4238
f 4237 4504 4502
f 4264 4262 4503
f 4264 4503 4505
f 4235 4504 4237
f 4266 4264 4505
f 4266 4505 4506
f 4232 4504 4235
f 4232 4507 4504
f 4232 4508 4507
f 4269 4266 4506
f 4269 4506 4509
f 4231 4508 4232
f 4270 4269 4509
f 4270 4509 4510
f 4228 4508 4231
f 4228 4511 4508
f 4272 4270 4510
f 4272 4510 4512
f 4227 4511 4228
f 4227 4513 4511
f 4227 4514 4513
f 4274 4272 4512
f 4274 4515 4279
f 4274 4512 4515
f 4225 4514 4227
f 4225 4516 4514
f 4276 4274 4279
f 4223 4516 4225
f 4223 4517 4516
f 4518 4276 4279
f 4518 4279 4278
f 4220 4517 4223
f 4519 4278 4283
f 4519 4518 4278
f 4218 4517 4220
f 4218 4520 4517
f 4218 4521 4520
f 4522 4283 4284
f 4522 4519 4283
f 4216 4521 4218
f 4523 4522 4284
f 4523 4284 4286
f 4214 4521 4216
f 4214 4524 4521
f 4525 4286 4288
f 4525 4523 4286
f 4213 4524 4214
f 4213 4526 4524
f 4527 4525 4288
f 4527 4288 4290
f 4210 4526 4213
f 4210 4528 4526
f 4529 4527 4290
f 4529 4290 4292
f 4209 4528 4210
f 4209 4530 4528
f 4531 4294 4296
f 4531 4292 4294
f 4531 4529 4292
f 4206 4532 4530
f 4206 4530 4209
f 4533 4531 4296
f 4204 4532 4206
f 4204 4534 4532
f 4204 4535 4534
f 4536 4533 4296
f 4536 4296 4298
f 4202 4535 4204
f 4537 4301 4302
f 4537 4298 4301
f 4537 4536 4298
f 4201 4538 4535
f 4201 4535 4202
f 4539 4538 4201
f 4540 4537 4302
f 4198 4539 4201
f 4541 4540 4302
f 4541 4302 4304
f 4542 4539 4198
f 4542 4198 4196
f 4194 4542 4196
f 4306 4541 4304
f 4306 4543 4541
f 4544 4542 4194
f 4308 4543 4306
f 4308 4545 4546
f 4308 4546 4543
f 4547 4544 4194
f 4547 4194 4193
f 4311 4545 4308
f 4548 4193 4190
f 4548 4547 4193
f 4312 4549 4545
f 4312 4545 4311
f 4550 4190 4188
f 4550 4188 4186
f 4550 4548 4190
f 4314 4551 4549
f 4314 4549 4312
f 4552 4550 4186
f 4317 4553 4551
f 4317 4551 4314
f 4554 4186 4184
f 4554 4184 4182
f 4554 4552 4186
f 4318 4555 4556
f 4318 4556 4553
f 4318 4553 4317
f 4557 4554 4182
f 4320 4555 4318
f 4558 4557 4182
f 4558 4182 4180
f 4558 4180 4178
f 4322 4555 4320
f 4322 4559 4560
f 4322 4560 4555
f 4561 4178 4176
f 4561 4558 4178
f 4324 4562 4559
f 4324 4559 4322
f 4563 4176 4175
f 4563 4561 4176
f 4327 4564 4562
f 4327 4562 4324
f 4565 4563 4175
f 4328 4564 4327
f 4566 4175 4170
f 4566 4565 4175
f 4330 4567 4568
f 4330 4568 4564
f 4330 4564 4328
f 4384 4170 4174
f 4384 4566 4170
f 4332 4567 4330
f 4382 4174 4569
f 4382 4569 4570
f 4382 4384 4174
f 4334 4571 4567
f 4334 4567 4332
f 4380 4570 4572
f 4380 4382 4570
f 4336 4571 4334
f 4336 4573 4571
f 4378 4380 4572
f 4338 4574 4575
f 4338 4575 4573
f 4338 4573 4336
f 4376 4572 4576
f 4376 4576 4577
f 4376 4378 4572
f 4341 4574 4338
f 4375 4376 4577
f 4342 4578 4574
f 4342 4574 4341
f 4372 4577 4579
f 4372 4375 4577
f 4344 4578 4342
f 4344 4580 4578
f 4370 4579 4581
f 4370 4372 4579
f 4346 4580 4344
f 4346 4582 4580
f 4368 4370 4581
f 4368 4581 4583
f 4349 4582 4346
f 4349 4584 4582
f 4366 4368 4583
f 4366 4583 4585
f 4351 4584 4349
f 4351 4586 4584
f 4364 4585 4587
f 4364 4366 4585
f 4352 4586 4351
f 4352 4588 4589
f 4352 4589 4586
f 4362 4587 4590
f 4362 4590 4591
f 4362 4364 4587
f 4354 4588 4352
f 4360 4362 4591
f 4356 4592 4588
f 4356 4588 4354
f 4359 4591 4593
f 4359 4593 4592
f 4359 4592 4356
f 4359 4360 4591
f 4566 4384 4385
f 4566 4462 4461
f 4566 4385 4462
f 4565 4566 4461
f 4563 4565 4461
f 4563 4461 4459
f 4561 4563 4459
f 4561 4459 4457
f 4558 4561 4457
f 4558 4457 4454
f 4557 4558 4454
f 4557 4454 4453
f 4554 4557 4453
f 4554 4453 4450
f 4552 4450 4448
f 4552 4554 4450
f 4550 4448 4446
f 4550 4552 4448
f 4548 4444 4443
f 4548 4446 4444
f 4548 4550 4446
f 4547 4548 4443
f 4544 4443 4440
f 4544 4547 4443
f 4542 4440 4438
f 4542 4544 4440
f 4539 4435 4434
f 4539 4438 4435
f 4539 4542 4438
f 4538 4539 4434
f 4535 4434 4431
f 4535 4538 4434
f 4534 4431 4430
f 4534 4535 4431
f 4532 4428 4426
f 4532 4430 4428
f 4532 4534 4430
f 4530 4532 4426
f 4528 4424 4422
f 4528 4426 4424
f 4528 4530 4426
f 4526 4528 4422
f 4524 4526 4422
f 4524 4422 4420
f 4521 4524 4420
f 4521 4420 4417
f 4520 4521 4417
f 4520 4417 4416
f 4517 4520 4416
f 4517 4413 4412
f 4517 4416 4413
f 4516 4517 4412
f 4516 4412 4410
f 4514 4516 4410
f 4514 4410 4409
f 4513 4514 4409
f 4511 4407 4404
f 4511 4409 4407
f 4511 4513 4409
f 4508 4511 4404
f 4507 4403 4400
f 4507 4404 4403
f 4507 4508 4404
f 4504 4400 4398
f 4504 4507 4400
f 4502 4504 4398
f 4501 4398 4397
f 4501 4502 4398
f 4499 4395 4394
f 4499 4397 4395
f 4499 4501 4397
f 4498 4499 4394
f 4494 4394 4390
f 4494 4498 4394
f 4493 4390 4389
f 4493 4494 4390
f 4490 4389 4387
f 4490 4493 4389
f 4491 4387 4386
f 4491 4490 4387
f 4492 4386 4388
f 4492 4491 4386
f 4495 4388 4391
f 4495 4492 4388
f 4496 4391 4393
f 4496 4495 4391
f 4497 4393 4392
f 4497 4496 4393
f 4500 4392 4396
f 4500 4497 4392
f 4503 4396 4399
f 4503 4500 4396
f 4505 4399 4401
f 4505 4503 4399
f 4506 4505 4401
f 4506 4402 4405
f 4506 4401 4402
f 4509 4506 4405
f 4510 4405 4406
f 4510 4509 4405
f 4512 4406 4408
f 4512 4510 4406
f 4515 4408 4411
f 4515 4512 4408
f 4279 4411 4280
f 4279 4515 4411
f 4518 4415 4414
f 4518 4414 4277
f 4518 4277 4276
f 4519 4415 4518
f 4522 4418 4415
f 4522 4415 4519
f 4523 4419 4418
f 4523 4418 4522
f 4525 4421 4419
f 4525 4419 4523
f 4527 4423 4421
f 4527 4421 4525
f 4529 4425 4423
f 4529 4423 4527
f 4531 4425 4529
f 4531 4427 4425
f 4533 4427 4531
f 4533 4429 4427
f 4536 4429 4533
f 4536 4433 4432
f 4536 4432 4429
f 4537 4433 4536
f 4540 4433 4537
f 4540 4436 4433
f 4541 4436 4540
f 4541 4437 4436
f 4543 4437 4541
f 4543 4439 4437
f 4546 4439 4543
f 4546 4442 4441
f 4546 4441 4439
f 4545 4442 4546
f 4549 4442 4545
f 4549 4445 4442
f 4551 4445 4549
f 4551 4449 4447
f 4551 4447 4445
f 4553 4449 4551
f 4556 4451 4449
f 4556 4449 4553
f 4555 4452 4451
f 4555 4451 4556
f 4560 4455 4452
f 4560 4452 4555
f 4559 4455 4560
f 4559 4458 4456
f 4559 4456 4455
f 4562 4458 4559
f 4564 4458 4562
f 4564 4460 4458
f 4568 4460 4564
f 4568 4463 4460
f 4567 4463 4568
f 4567 4464 4463
f 4571 4464 4567
f 4571 4467 4464
f 4573 4467 4571
f 4573 4469 4467
f 4575 4469 4573
f 4575 4471 4470
f 4575 4470 4469
f 4574 4471 4575
f 4578 4471 4574
f 4578 4474 4471
f 4580 4474 4578
f 4580 4476 4474
f 4582 4476 4580
f 4582 4480 4478
f 4582 4478 4476
f 4584 4480 4582
f 4584 4482 4480
f 4586 4482 4584
f 4589 4482 4586
f 4589 4484 4482
f 4588 4484 4589
f 4588 4485 4484
f 4592 4489 4488
f 4592 4488 4485
f 4592 4485 4588
f 4593 4489 4592
f 4591 4487 4489
f 4591 4489 4593
f 4590 4486 4487
f 4590 4487 4591
f 4587 4483 4486
f 4587 4486 4590
f 4585 4481 4483
f 4585 4483 4587
f 4583 4479 4481
f 4583 4481 4585
f 4581 4477 4479
f 4581 4479 4583
f 4579 4477 4581
f 4579 4473 4475
f 4579 4475 4477
f 4577 4473 4579
f 4576 4473 4577
f 4576 4472 4473
f 4572 4472 4576
f 4572 4468 4472
f 4570 4468 4572
f 4570 4466 4468
f 4569 4466 4570
f 4569 4465 4466
f 4174 4465 4569
f 4174 4173 4465
f 4594 4595 4596
f 4597 4598 4595
f 4597 4595 4594
f 4599 4600 4598
f 4599 4598 4597
f 4601 4602 4600
f 4601 4600 4599
f 4603 4604 4602
f 4603 4602 4601
f 4605 4606 4604
f 4605 4604 4603
f 4607 4608 4606
f 4607 4606 4605
f 4609 4610 4608
f 4609 4608 4607
f 4611 4610 4609
f 4611 4612 4610
f 4613 4612 4611
f 4613 4614 4612
f 4615 4614 4613
f 4615 4616 4614
f 4617 4616 4615
f 4617 4618 4616
f 4619 4618 4617
f 4619 4620 4618
f 4621 4620 4619
f 4621 4622 4620
f 4623 4622 4621
f 4623 4624 4622
f 4625 4624 4623
f 4625 4626 4624
f 4627 4626 4625
f 4627 4628 4626
f 4629 4628 4627
f 4629 4630 4628
f 4631 4630 4629
f 4632 4630 4631
f 4632 4633 4630
f 4634 4635 4636
f 4634 4636 4633
f 4634 4633 4632
f 4637 4635 4634
f 4638 4635 4637
f 4638 4639 4640
f 4638 4640 4635
f 4641 4639 4638
f 4642 4639 4641
f 4642 4643 4639
f 4644 4643 4642
f 4644 4645 4643
f 4646 4645 4644
f 4646 4647 4645
f 4648 4647 4646
f 4648 4649 4647
f 4650 4649 4648
f 4650 4651 4649
f 4652 4651 4650
f 4652 4653 4651
f 4654 4653 4652
f 4654 4655 4653
f 4656 4655 4654
f 4656 4657 4655
f 4658 4657 4656
f 4658 4659 4657
f 4660 4659 4658
f 4660 4661 4659
f 4662 4661 4660
f 4662 4663 4661
f 4664 4663 4662
f 4664 4665 4663
f 4666 4665 4664
f 4666 4667 4665
f 4668 4667 4666
f 4668 4669 4667
f 4670 4669 4668
f 4670 4671 4669
f 4672 4673 4671
f 4672 4671 4670
f 4674 4675 4673
f 4674 4673 4672
f 4676 4677 4675
f 4676 4675 4674
f 4678 4679 4677
f 4678 4677 4676
f 4680 4681 4679
f 4680 4679 4678
f 4682 4683 4681
f 4682 4681 4680
f 4684 4685 4683
f 4684 4683 4682
f 4686 4687 4685
f 4686 4685 4684
f 4688 4687 4686
f 4688 4689 4687
f 4690 4689 4688
f 4690 4691 4689
f 4692 4691 4690
f 4692 4693 4691
f 4694 4693 4692
f 4694 4695 4693
f 4696 4695 4694
f 4696 4697 4695
f 4698 4697 4696
f 4698 4699 4697
f 4700 4699 4698
f 4700 4701 4699
f 4702 4703 4704
f 4705 4706 4703
f 4705 4703 4702
f 4707 4708 4706
f 4707 4706 4705
f 4709 4710 4708
f 4709 4708 4707
f 4711 4712 4710
f 4711 4710 4709
f 4713 4714 4712
f 4713 4712 4711
f 4715 4716 4714
f 4715 4714 4713
f 4717 4718 4716
f 4717 4716 4715
f 4719 4718 4717
f 4719 4720 4718
f 4721 4720 4719
f 4721 4722 4720
f 4723 4722 4721
f 4723 4724 4722
f 4725 4724 4723
f 4725 4726 4724
f 4727 4726 4725
f 4727 4728 4726
f 4729 4728 4727
f 4729 4730 4728
f 4731 4730 4729
f 4731 4732 4730
f 4733 4732 4731
f 4733 4734 4732
f 4735 4734 4733
f 4735 4736 4734
f 4737 4736 4735
f 4737 4738 4736
f 4739 4738 4737
f 4740 4738 4739
f 4740 4741 4738
f 4742 4743 4744
f 4742 4744 4741
f 4742 4741 4740
f 4745 4743 4742
f 4746 4743 4745
f 4746 4747 4748
f 4746 4748 4743
f 4749 4747 4746
f 4750 4747 4749
f 4750 4751 4747
f 4752 4751 4750
f 4752 4753 4751
f 4754 4753 4752
f 4754 4755 4753
f 4756 4755 4754
f 4756 4757 4755
f 4758 4757 4756
f 4758 4759 4757
f 4760 4759 4758
f 4760 4761 4759
f 4762 4761 4760
f 4762 4763 4761
f 4764 4763 4762
f 4764 4765 4763
f 4766 4765 4764
f 4766 4767 4765
f 4768 4767 4766
f 4768 4769 4767
f 4770 4769 4768
f 4770 4771 4769
f 4772 4771 4770
f 4772 4773 4771
f 4774 4773 4772
f 4774 4775 4773
f 4776 4775 4774
f 4776 4777 4775
f 4778 4777 4776
f 4778 4779 4777
f 4780 4781 4779
f 4780 4779 4778
f 4782 4783 4781
f 4782 4781 4780
f 4784 4785 4783
f 4784 4783 4782
f 4786 4787 4785
f 4786 4785 4784
f 4788 4789 4787
f 4788 4787 4786
f 4790 4791 4789
f 4790 4789 4788
f 4792 4793 4791
f 4792 4791 4790
f 4794 4795 4793
f 4794 4793 4792
f 4796 4795 4794
f 4796 4797 4795
f 4798 4797 4796
f 4798 4799 4797
f 4800 4799 4798
f 4800 4801 4799
f 4802 4801 4800
f 4802 4803 4801
f 4804 4803 4802
f 4804 4805 4803
f 4806 4805 4804
f 4806 4807 4805
f 4808 4807 4806
f 4808 4809 4807
f 4810 4811 4812
f 4813 4814 4811
f 4813 4811 4810
f 4815 4816 4814
f 4815 4814 4813
f 4817 4818 4816
f 4817 4816 4815
f 4819 4820 4818
f 4819 4818 4817
f 4821 4822 4820
f 4821 4820 4819
f 4823 4824 4822
f 4823 4822 4821
f 4825 4826 4824
f 4825 4824 4823
f 4827 4826 4825
f 4827 4828 4826
f 4829 4828 4827
f 4829 4830 4828
f 4831 4830 4829
f 4831 4832 4830
f 4833 4832 4831
f 4833 4834 4832
f 4835 4834 4833
f 4835 4836 4834
f 4837 4836 4835
f 4837 4838 4836
f 4839 4838 4837
f 4839 4840 4838
f 4841 4840 4839
f 4841 4842 4840
f 4843 4842 4841
f 4843 4844 4842
f 4845 4844 4843
f 4845 4846 4844
f 4847 4846 4845
f 4848 4846 4847
f 4848 4849 4846
f 4850 4851 4852
f 4850 4852 4849
f 4850 4849 4848
f 4853 4851 4850
f 4854 4851 4853
f 4854 4855 4856
f 4854 4856 4851
f 4857 4855 4854
f 4858 4855 4857
f 4858 4859 4855
f 4860 4859 4858
f 4860 4861 4859
f 4862 4861 4860
f 4862 4863 4861
f 4864 4863 4862
f 4864 4865 4863
f 4866 4865 4864
f 4866 4867 4865
f 4868 4867 4866
f 4868 4869 4867
f 4870 4869 4868
f 4870 4871 4869
f 4872 4871 4870
f 4872 4873 4871
f 4874 4873 4872
f 4874 4875 4873
f 4876 4875 4874
f 4876 4877 4875
f 4878 4877 4876
f 4878 4879 4877
f 4880 4879 4878
f 4880 4881 4879
f 4882 4881 4880
f 4882 4883 4881
f 4884 4883 4882
f 4884 4885 4883
f 4886 4885 4884
f 4886 4887 4885
f 4888 4889 4887
f 4888 4887 4886
f 4890 4891 4889
f 4890 4889 4888
f 4892 4893 4891
f 4892 4891 4890
f 4894 4895 4893
f 4894 4893 4892
f 4896 4897 4895
f 4896 4895 4894
f 4898 4899 4897
f 4898 4897 4896
f 4900 4901 4899
f 4900 4899 4898
f 4902 4903 4901
f 4902 4901 4900
f 4904 4903 4902
f 4904 4905 4903
f 4906 4905 4904
f 4906 4907 4905
f 4908 4907 4906
f 4908 4909 4907
f 4910 4909 4908
f 4910 4911 4909
f 4912 4911 4910
f 4912 4913 4911
f 4914 4913 4912
f 4914 4915 4913
f 4916 4915 4914
f 4916 4917 4915
f 4918 4919 4920
f 4921 4922 4919
f 4921 4919 4918
f 4923 4924 4922
f 4923 4922 4921
f 4925 4926 4924
f 4925 4924 4923
f 4927 4928 4926
f 4927 4926 4925
f 4929 4930 4928
f 4929 4928 4927
f 4931 4932 4930
f 4931 4930 4929
f 4933 4934 4932
f 4933 4932 4931
f 4935 4934 4933
f 4935 4936 4934
f 4937 4936 4935
f 4937 4938 4936
f 4939 4938 4937
f 4939 4940 4938
f 4941 4940 4939
f 4941 4942 4940
f 4943 4942 4941
f 4943 4944 4942
f 4945 4944 4943
f 4945 4946 4944
f 4947 4946 4945
f 4947 4948 4946
f 4949 4948 4947
f 4949 4950 4948
f 4951 4950 4949
f 4951 4952 4950
f 4953 4952 4951
f 4953 4954 4952
f 4955 4954 4953
f 4956 4954 4955
f 4956 4957 4954
f 4958 4959 4960
f 4958 4960 4957
f 4958 4957 4956
f 4961 4959 4958
f 4962 4959 4961
f 4962 4963 4964
f 4962 4964 4959
f 4965 4963 4962
f 4966 4963 4965
f 4966 4967 4963
f 4968 4967 4966
f 4968 4969 4967
f 4970 4969 4968
f 4970 4971 4969
f 4972 4971 4970
f 4972 4973 4971
f 4974 4973 4972
f 4974 4975 4973
f 4976 4975 4974
f 4976 4977 4975
f 4978 4977 4976
f 4978 4979 4977
f 4980 4979 4978
f 4980 4981 4979
f 4982 4981 4980
f 4982 4983 4981
f 4984 4983 4982
f 4984 4985 4983
f 4986 4985 4984
f 4986 4987 4985
f 4988 4987 4986
f 4988 4989 4987
f 4990 4989 4988
f 4990 4991 4989
f 4992 4991 4990
f 4992 4993 4991
f 4994 4993 4992
f 4994 4995 4993
f 4996 4997 4995
f 4996 4995 4994
f 4998 4999 4997
f 4998 4997 4996
f 5000 5001 4999
f 5000 4999 4998
f 5002 5003 5001
f 5002 5001 5000
f 5004 5005 5003
f 5004 5003 5002
f 5006 5007 5005
f 5006 5005 5004
f 5008 5009 5007
f 5008 5007 5006
f 5010 5011 5009
f 5010 5009 5008
f 5012 5011 5010
f 5012 5013 5011
f 5014 5013 5012
f 5014 5015 5013
f 5016 5015 5014
f 5016 5017 5015
f 5018 5017 5016
f 5018 5019 5017
f 5020 5019 5018
f 5020 5021 5019
f 5022 5021 5020
f 5022 5023 5021
f 5024 5023 5022
f 5024 5025 5023
f 5026 5027 5028
f 5026 5028 5029
f 5030 5031 5027
f 5030 5027 5026
f 5032 5033 5031
f 5032 5031 5030
f 5034 5035 5033
f 5034 5033 5032
f 5036 5037 5035
f 5036 5035 5034
f 5038 5039 5037
f 5038 5037 5036
f 5040 5041 5039
f 5040 5039 5038
f 5042 5043 5041
f 5042 5041 5040
f 5042 5044 5043
f 5045 5044 5042
f 5046 5044 5045
f 5046 5047 5044
f 5048 5047 5046
f 5048 5049 5047
f 5050 5049 5048
f 5050 5051 5049
f 5052 5051 5050
f 5052 5053 5051
f 5054 5053 5052
f 5054 5055 5053
f 5056 5055 5054
f 5056 5057 5055
f 5058 5057 5056
f 5058 5059 5057
f 5060 5059 5058
f 5060 5061 5059
f 5062 5061 5060
f 5062 5063 5064
f 5062 5064 5061
f 5065 5063 5062
f 5066 5067 5068
f 5066 5068 5063
f 5066 5063 5065
f 5069 5067 5066
f 5070 5067 5069
f 5070 5071 5072
f 5070 5072 5067
f 5073 5071 5070
f 5074 5071 5073
f 5074 5075 5071
f 5076 5075 5074
f 5076 5077 5078
f 5076 5078 5075
f 5079 5077 5076
f 5079 5080 5077
f 5081 5080 5079
f 5082 5080 5081
f 5082 5083 5080
f 5084 5083 5082
f 5084 5085 5086
f 5084 5086 5083
f 5087 5085 5084
f 5087 5088 5085
f 5089 5088 5087
f 5090 5088 5089
f 5090 5091 5092
f 5090 5092 5088
f 5093 5091 5090
f 5094 5091 5093
f 5094 5095 5096
f 5094 5096 5091
f 5097 5095 5094
f 5098 5095 5097
f 5098 5099 5100
f 5098 5100 5095
f 5101 5099 5098
f 5102 5099 5101
f 5102 5103 5099
f 5104 5105 5103
f 5104 5103 5102
f 5106 5107 5108
f 5106 5108 5105
f 5106 5105 5104
f 5109 5107 5106
f 5110 5111 5107
f 5110 5107 5109
f 5112 5113 5111
f 5112 5111 5110
f 5114 5115 5116
f 5114 5116 5113
f 5114 5113 5112
f 5117 5115 5114
f 5118 5119 5120
f 5118 5120 5115
f 5118 5115 5117
f 5121 5119 5118
f 5122 5119 5121
f 5122 5123 5119
f 5124 5123 5122
f 5124 5125 5123
f 5126 5125 5124
f 5126 5127 5125
f 5128 5127 5126
f 5128 5129 5127
f 5130 5129 5128
f 5130 5131 5129
f 5132 5131 5130
f 5132 5133 5131
f 5134 5135 5136
f 5134 5136 5137
f 5138 5139 5135
f 5138 5135 5134
f 5140 5141 5139
f 5140 5139 5138
f 5142 5143 5141
f 5142 5141 5140
f 5144 5145 5143
f 5144 5143 5142
f 5146 5147 5145
f 5146 5145 5144
f 5148 5149 5147
f 5148 5147 5146
f 5150 5151 5149
f 5150 5149 5148
f 5150 5152 5151
f 5153 5152 5150
f 5154 5152 5153
f 5154 5155 5152
f 5156 5155 5154
f 5156 5157 5155
f 5158 5157 5156
f 5158 5159 5157
f 5160 5159 5158
f 5160 5161 5159
f 5162 5161 5160
f 5162 5163 5161
f 5164 5163 5162
f 5164 5165 5163
f 5166 5165 5164
f 5166 5167 5165
f 5168 5167 5166
f 5168 5169 5167
f 5170 5169 5168
f 5170 5171 5172
f 5170 5172 5169
f 5173 5171 5170
f 5174 5175 5176
f 5174 5176 5171
f 5174 5171 5173
f 5177 5175 5174
f 5178 5175 5177
f 5178 5179 5180
f 5178 5180 5175
f 5181 5179 5178
f 5182 5179 5181
f 5182 5183 5179
f 5184 5183 5182
f 5184 5185 5186
f 5184 5186 5183
f 5187 5185 5184
f 5187 5188 5185
f 5189 5188 5187
f 5190 5188 5189
f 5190 5191 5188
f 5192 5191 5190
f 5192 5193 5194
f 5192 5194 5191
f 5195 5193 5192
f 5195 5196 5193
f 5197 5196 5195
f 5198 5196 5197
f 5198 5199 5200
f 5198 5200 5196
f 5201 5199 5198
f 5202 5199 5201
f 5202 5203 5204
f 5202 5204 5199
f 5205 5203 5202
f 5206 5203 5205
f 5206 5207 5208
f 5206 5208 5203
f 5209 5207 5206
f 5210 5207 5209
f 5210 5211 5207
f 5212 5213 5211
f 5212 5211 5210
f 5214 5215 5216
f 5214 5216 5213
f 5214 5213 5212
f 5217 5215 5214
f 5218 5219 5215
f 5218 5215 5217
f 5220 5221 5219
f 5220 5219 5218
f 5222 5223 5224
f 5222 5224 5221
f 5222 5221 5220
f 5225 5223 5222
f 5226 5227 5228
f 5226 5228 5223
f 5226 5223 5225
f 5229 5227 5226
f 5230 5227 5229
f 5230 5231 5227
f 5232 5231 5230
f 5232 5233 5231
f 5234 5233 5232
f 5234 5235 5233
f 5236 5235 5234
f 5236 5237 5235
f 5238 5237 5236
f 5238 5239 5237
f 5240 5239 5238
f 5240 5241 5239
f 5242 5243 5244
f 5242 5244 5245
f 5246 5247 5243
f 5246 5243 5242
f 5248 5249 5247
f 5248 5247 5246
f 5250 5251 5249
f 5250 5249 5248
f 5252 5253 5251
f 5252 5251 5250
f 5254 5255 5253
f 5254 5253 5252
f 5256 5257 5255
f 5256 5255 5254
f 5258 5259 5257
f 5258 5257 5256
f 5258 5260 5259
f 5261 5260 5258
f 5262 5260 5261
f 5262 5263 5260
f 5264 5263 5262
f 5264 5265 5263
f 5266 5265 5264
f 5266 5267 5265
f 5268 5267 5266
f 5268 5269 5267
f 5270 5269 5268
f 5270 5271 5269
f 5272 5271 5270
f 5272 5273 5271
f 5274 5273 5272
f 5274 5275 5273
f 5276 5275 5274
f 5276 5277 5275
f 5278 5277 5276
f 5278 5279 5280
f 5278 5280 5277
f 5281 5279 5278
f 5282 5283 5284
f 5282 5284 5279
f 5282 5279 5281
f 5285 5283 5282
f 5286 5283 5285
f 5286 5287 5288
f 5286 5288 5283
f 5289 5287 5286
f 5290 5287 5289
f 5290 5291 5287
f 5292 5291 5290
f 5292 5293 5294
f 5292 5294 5291
f 5295 5293 5292
f 5295 5296 5293
f 5297 5296 5295
f 5298 5296 5297
f 5298 5299 5296
f 5300 5299 5298
f 5300 5301 5302
f 5300 5302 5299
f 5303 5301 5300
f 5303 5304 5301
f 5305 5304 5303
f 5306 5304 5305
f 5306 5307 5308
f 5306 5308 5304
f 5309 5307 5306
f 5310 5307 5309
f 5310 5311 5312
f 5310 5312 5307
f 5313 5311 5310
f 5314 5311 5313
f 5314 5315 5316
f 5314 5316 5311
f 5317 5315 5314
f 5318 5315 5317
f 5318 5319 5315
f 5320 5321 5319
f 5320 5319 5318
f 5322 5323 5324
f 5322 5324 5321
f 5322 5321 5320
f 5325 5323 5322
f 5326 5327 5323
f 5326 5323 5325
f 5328 5329 5327
f 5328 5327 5326
f 5330 5331 5332
f 5330 5332 5329
f 5330 5329 5328
f 5333 5331 5330
f 5334 5335 5336
f 5334 5336 5331
f 5334 5331 5333
f 5337 5335 5334
f 5338 5335 5337
f 5338 5339 5335
f 5340 5339 5338
f 5340 5341 5339
f 5342 5341 5340
f 5342 5343 5341
f 5344 5343 5342
f 5344 5345 5343
f 5346 5345 5344
f 5346 5347 5345
f 5348 5347 5346
f 5348 5349 5347
f 5350 5351 5352
f 5350 5352 5353
f 5354 5355 5351
f 5354 5351 5350
f 5356 5357 5355
f 5356 5355 5354
f 5358 5359 5357
f 5358 5357 5356
f 5360 5361 5359
f 5360 5359 5358
f 5362 5363 5361
f 5362 5361 5360
f 5364 5365 5363
f 5364 5363 5362
f 5366 5367 5365
f 5366 5365 5364
f 5366 5368 5367
f 5369 5368 5366
f 5370 5368 5369
f 5370 5371 5368
f 5372 5371 5370
f 5372 5373 5371
f 5374 5373 5372
f 5374 5375 5373
f 5376 5375 5374
f 5376 5377 5375
f 5378 5377 5376
f 5378 5379 5377
f 5380 5379 5378
f 5380 5381 5379
f 5382 5381 5380
f 5382 5383 5381
f 5384 5383 5382
f 5384 5385 5383
f 5386 5385 5384
f 5386 5387 5388
f 5386 5388 5385
f 5389 5387 5386
f 5390 5391 5392
f 5390 5392 5387
f 5390 5387 5389
f 5393 5391 5390
f 5394 5391 5393
f 5394 5395 5396
f 5394 5396 5391
f 5397 5395 5394
f 5398 5395 5397
f 5398 5399 5395
f 5400 5399 5398
f 5400 5401 5402
f 5400 5402 5399
f 5403 5401 5400
f 5403 5404 5401
f 5405 5404 5403
f 5406 5404 5405
f 5406 5407 5404
f 5408 5407 5406
f 5408 5409 5410
f 5408 5410 5407
f 5411 5409 5408
f 5411 5412 5409
f 5413 5412 5411
f 5414 5412 5413
f 5414 5415 5416
f 5414 5416 5412
f 5417 5415 5414
f 5418 5415 5417
f 5418 5419 5420
f 5418 5420 5415
f 5421 5419 5418
f 5422 5419 5421
f 5422 5423 5424
f 5422 5424 5419
f 5425 5423 5422
f 5426 5423 5425
f 5426 5427 5423
f 5428 5429 5427
f 5428 5427 5426
f 5430 5431 5432
f 5430 5432 5429
f 5430 5429 5428
f 5433 5431 5430
f 5434 5435 5431
f 5434 5431 5433
f 5436 5437 5435
f 5436 5435 5434
f 5438 5439 5440
f 5438 5440 5437
f 5438 5437 5436
f 5441 5439 5438
f 5442 5443 5444
f 5442 5444 5439
f 5442 5439 5441
f 5445 5443 5442
f 5446 5443 5445
f 5446 5447 5443
f 5448 5447 5446
f 5448 5449 5447
f 5450 5449 5448
f 5450 5451 5449
f 5452 5451 5450
f 5452 5453 5451
f 5454 5453 5452
f 5454 5455 5453
f 5456 5455 5454
f 5456 5457 5455
f 5458 5459 5457
f 5458 5457 5456
f 5460 5461 5459
f 5460 5459 5458
f 5462 5463 5461
f 5462 5461 5460
f 5464 5465 5463
f 5464 5463 5462
f 5466 5467 5465
f 5466 5465 5464
f 5468 5469 5467
f 5468 5467 5466
f 5470 5471 5469
f 5470 5469 5468
f 5472 5471 5470
f 5472 5473 5471
f 5474 5473 5472
f 5474 5475 5473
f 5476 5475 5474
f 5476 5477 5475
f 5478 5477 5476
f 5478 5479 5477
f 5480 5479 5478
f 5480 5481 5479
f 5482 5481 5480
f 5482 5483 5481
f 5484 5483 5482
f 5484 5485 5483
f 5486 5485 5484
f 5486 5487 5485
f 5488 5487 5486
f 5488 5489 5487
f 5490 5489 5488
f 5490 5491 5489
f 5492 5491 5490
f 5492 5493 5491
f 5494 5495 5493
f 5494 5493 5492
f 5496 5495 5494
f 5496 5497 5495
f 5498 5499 5497
f 5498 5497 5496
f 5500 5501 5499
f 5500 5499 5498
f 5502 5501 5500
f 5502 5503 5504
f 5502 5504 5501
f 5505 5503 5502
f 5505 5506 5503
f 5507 5506 5505
f 5508 5506 5507
f 5508 5509 5506
f 5510 5509 5508
f 5510 5511 5512
f 5510 5512 5509
f 5513 5511 5510
f 5514 5511 5513
f 5514 5515 5516
f 5514 5516 5511
f 5517 5515 5514
f 5518 5515 5517
f 5518 5519 5515
f 5520 5519 5518
f 5520 5521 5522
f 5520 5522 5519
f 5523 5521 5520
f 5524 5521 5523
f 5524 5525 5521
f 5526 5525 5524
f 5526 5527 5528
f 5526 5528 5525
f 5529 5527 5526
f 5529 5530 5527
f 5531 5530 5529
f 5532 5530 5531
f 5532 5533 5534
f 5532 5534 5530
f 5535 5533 5532
f 5536 5537 5533
f 5536 5533 5535
f 5538 5539 5537
f 5538 5537 5536
f 5540 5541 5539
f 5540 5539 5538
f 5542 5543 5544
f 5542 5544 5541
f 5542 5541 5540
f 5545 5543 5542
f 5546 5547 5543
f 5546 5543 5545
f 5548 5549 5550
f 5548 5550 5547
f 5548 5547 5546
f 5551 5549 5548
f 5552 5549 5551
f 5552 5553 5554
f 5552 5554 5549
f 5555 5553 5552
f 5556 5553 5555
f 5556 5557 5553
f 5558 5557 5556
f 5558 5559 5557
f 5560 5559 5558
f 5560 5561 5559
f 5353 5561 5560
f 5353 5352 5561
f 5562 5563 5349
f 5562 5349 5348
f 5564 5565 5563
f 5564 5563 5562
f 5566 5567 5565
f 5566 5565 5564
f 5568 5569 5567
f 5568 5567 5566
f 5570 5571 5569
f 5570 5569 5568
f 5572 5573 5571
f 5572 5571 5570
f 5574 5575 5573
f 5574 5573 5572
f 5576 5575 5574
f 5576 5577 5575
f 5578 5577 5576
f 5578 5579 5577
f 5580 5579 5578
f 5580 5581 5579
f 5582 5581 5580
f 5582 5583 5581
f 5584 5583 5582
f 5584 5585 5583
f 5586 5585 5584
f 5586 5587 5585
f 5588 5587 5586
f 5588 5589 5587
f 5590 5589 5588
f 5590 5591 5589
f 5592 5591 5590
f 5592 5593 5591
f 5594 5593 5592
f 5594 5595 5593
f 5596 5595 5594
f 5596 5597 5595
f 5598 5599 5597
f 5598 5597 5596
f 5600 5599 5598
f 5600 5601 5599
f 5602 5603 5601
f 5602 5601 5600
f 5604 5605 5603
f 5604 5603 5602
f 5606 5605 5604
f 5606 5607 5608
f 5606 5608 5605
f 5609 5607 5606
f 5609 5610 5607
f 5611 5610 5609
f 5612 5610 5611
f 5612 5613 5610
f 5614 5613 5612
f 5614 5615 5616
f 5614 5616 5613
f 5617 5615 5614
f 5618 5615 5617
f 5618 5619 5620
f 5618 5620 5615
f 5621 5619 5618
f 5622 5619 5621
f 5622 5623 5619
f 5624 5623 5622
f 5624 5625 5626
f 5624 5626 5623
f 5627 5625 5624
f 5628 5625 5627
f 5628 5629 5625
f 5630 5629 5628
f 5630 5631 5632
f 5630 5632 5629
f 5633 5631 5630
f 5633 5634 5631
f 5635 5634 5633
f 5636 5634 5635
f 5636 5637 5638
f 5636 5638 5634
f 5639 5637 5636
f 5640 5641 5637
f 5640 5637 5639
f 5642 5643 5641
f 5642 5641 5640
f 5644 5645 5643
f 5644 5643 5642
f 5646 5647 5648
f 5646 5648 5645
f 5646 5645 5644
f 5649 5647 5646
f 5650 5651 5647
f 5650 5647 5649
f 5652 5653 5654
f 5652 5654 5651
f 5652 5651 5650
f 5655 5653 5652
f 5656 5653 5655
f 5656 5657 5658
f 5656 5658 5653
f 5659 5657 5656
f 5660 5657 5659
f 5660 5661 5657
f 5662 5661 5660
f 5662 5663 5661
f 5664 5663 5662
f 5664 5665 5663
f 5245 5665 5664
f 5245 5244 5665
f 5666 5667 5241
f 5666 5241 5240
f 5668 5669 5667
f 5668 5667 5666
f 5670 5671 5669
f 5670 5669 5668
f 5672 5673 5671
f 5672 5671 5670
f 5674 5675 5673
f 5674 5673 5672
f 5676 5677 5675
f 5676 5675 5674
f 5678 5679 5677
f 5678 5677 5676
f 5680 5679 5678
f 5680 5681 5679
f 5682 5681 5680
f 5682 5683 5681
f 5684 5683 5682
f 5684 5685 5683
f 5686 5685 5684
f 5686 5687 5685
f 5688 5687 5686
f 5688 5689 5687
f 5690 5689 5688
f 5690 5691 5689
f 5692 5691 5690
f 5692 5693 5691
f 5694 5693 5692
f 5694 5695 5693
f 5696 5695 5694
f 5696 5697 5695
f 5698 5697 5696
f 5698 5699 5697
f 5700 5699 5698
f 5700 5701 5699
f 5702 5703 5701
f 5702 5701 5700
f 5704 5703 5702
f 5704 5705 5703
f 5706 5707 5705
f 5706 5705 5704
f 5708 5709 5707
f 5708 5707 5706
f 5710 5709 5708
f 5710 5711 5712
f 5710 5712 5709
f 5713 5711 5710
f 5713 5714 5711
f 5715 5714 5713
f 5716 5714 5715
f 5716 5717 5714
f 5718 5717 5716
f 5718 5719 5720
f 5718 5720 5717
f 5721 5719 5718
f 5722 5719 5721
f 5722 5723 5724
f 5722 5724 5719
f 5725 5723 5722
f 5726 5723 5725
f 5726 5727 5723
f 5728 5727 5726
f 5728 5729 5730
f 5728 5730 5727
f 5731 5729 5728
f 5732 5729 5731
f 5732 5733 5729
f 5734 5733 5732
f 5734 5735 5736
f 5734 5736 5733
f 5737 5735 5734
f 5737 5738 5735
f 5739 5738 5737
f 5740 5738 5739
f 5740 5741 5742
f 5740 5742 5738
f 5743 5741 5740
f 5744 5745 5741
f 5744 5741 5743
f 5746 5747 5745
f 5746 5745 5744
f 5748 5749 5747
f 5748 5747 5746
f 5750 5751 5752
f 5750 5752 5749
f 5750 5749 5748
f 5753 5751 5750
f 5754 5755 5751
f 5754 5751 5753
f 5756 5757 5758
f 5756 5758 5755
f 5756 5755 5754
f 5759 5757 5756
f 5760 5757 5759
f 5760 5761 5762
f 5760 5762 5757
f 5763 5761 5760
f 5764 5761 5763
f 5764 5765 5761
f 5766 5765 5764
f 5766 5767 5765
f 5768 5767 5766
f 5768 5769 5767
f 5137 5769 5768
f 5137 5136 5769
f 5770 5771 5133
f 5770 5133 5132
f 5772 5773 5771
f 5772 5771 5770
f 5774 5775 5773
f 5774 5773 5772
f 5776 5777 5775
f 5776 5775 5774
f 5778 5779 5777
f 5778 5777 5776
f 5780 5781 5779
f 5780 5779 5778
f 5782 5783 5781
f 5782 5781 5780
f 5784 5783 5782
f 5784 5785 5783
f 5786 5785 5784
f 5786 5787 5785
f 5788 5787 5786
f 5788 5789 5787
f 5790 5789 5788
f 5790 5791 5789
f 5792 5791 5790
f 5792 5793 5791
f 5794 5793 5792
f 5794 5795 5793
f 5796 5795 5794
f 5796 5797 5795
f 5798 5797 5796
f 5798 5799 5797
f 5800 5799 5798
f 5800 5801 5799
f 5802 5801 5800
f 5802 5803 5801
f 5804 5803 5802
f 5804 5805 5803
f 5806 5807 5805
f 5806 5805 5804
f 5808 5807 5806
f 5808 5809 5807
f 5810 5811 5809
f 5810 5809 5808
f 5812 5813 5811
f 5812 5811 5810
f 5814 5813 5812
f 5814 5815 5816
f 5814 5816 5813
f 5817 5815 5814
f 5817 5818 5815
f 5819 5818 5817
f 5820 5818 5819
f 5820 5821 5818
f 5822 5821 5820
f 5822 5823 5824
f 5822 5824 5821
f 5825 5823 5822
f 5826 5823 5825
f 5826 5827 5828
f 5826 5828 5823
f 5829 5827 5826
f 5830 5827 5829
f 5830 5831 5827
f 5832 5831 5830
f 5832 5833 5834
f 5832 5834 5831
f 5835 5833 5832
f 5836 5833 5835
f 5836 5837 5833
f 5838 5837 5836
f 5838 5839 5840
f 5838 5840 5837
f 5841 5839 5838
f 5841 5842 5839
f 5843 5842 5841
f 5844 5842 5843
f 5844 5845 5846
f 5844 5846 5842
f 5847 5845 5844
f 5848 5849 5845
f 5848 5845 5847
f 5850 5851 5849
f 5850 5849 5848
f 5852 5853 5851
f 5852 5851 5850
f 5854 5855 5856
f 5854 5856 5853
f 5854 5853 5852
f 5857 5855 5854
f 5858 5859 5855
f 5858 5855 5857
f 5860 5861 5862
f 5860 5862 5859
f 5860 5859 5858
f 5863 5861 5860
f 5864 5861 5863
f 5864 5865 5866
f 5864 5866 5861
f 5867 5865 5864
f 5868 5865 5867
f 5868 5869 5865
f 5870 5869 5868
f 5870 5871 5869
f 5872 5871 5870
f 5872 5873 5871
f 5029 5873 5872
f 5029 5028 5873
f 4839 4837 5874
f 4835 5874 4837
f 4841 4839 5874
f 4833 5874 4835
f 4843 4841 5874
f 4831 5874 4833
f 4845 4843 5874
f 4829 5874 4831
f 4847 4845 5874
f 4827 5874 4829
f 4848 4847 5874
f 4825 5874 4827
f 4850 4848 5874
f 4823 5874 4825
f 4853 4850 5874
f 4821 5874 4823
f 4854 4853 5874
f 4819 5874 4821
f 4857 4854 5874
f 4817 5874 4819
f 4815 5874 4817
f 4813 5874 4815
f 4810 5874 4813
f 5875 5874 4810
f 5876 5874 5875
f 5877 5874 5876
f 5878 5874 5877
f 5879 5874 5878
f 5880 5874 5879
f 4945 4874 4872
f 4947 4872 4870
f 4947 4945 4872
f 4943 4876 4874
f 4943 4874 4945
f 4949 4870 4868
f 4949 4947 4870
f 4941 4878 4876
f 4941 4876 4943
f 4951 4868 4866
f 4951 4949 4868
f 4939 4880 4878
f 4939 4878 4941
f 4953 4951 4866
f 4953 4866 4864
f 4937 4882 4880
f 4937 4880 4939
f 4955 4953 4864
f 4955 4864 4862
f 4935 4884 4882
f 4935 4882 4937
f 4956 4955 4862
f 4956 4862 4860
f 4933 4886 4884
f 4933 4884 4935
f 4958 4956 4860
f 4958 4860 4858
f 4931 4888 4886
f 4931 4886 4933
f 4929 4890 4888
f 4929 4888 4931
f 4927 4890 4929
f 4927 4892 4890
f 4925 4894 4892
f 4925 4892 4927
f 4923 4896 4894
f 4923 4894 4925
f 4623 4621 5881
f 4623 5881 5882
f 4619 5881 4621
f 4619 5883 5881
f 4619 5884 5883
f 4625 5882 5885
f 4625 4623 5882
f 4617 5884 4619
f 4627 5885 5886
f 4627 4625 5885
f 4615 5884 4617
f 4615 5887 5884
f 4629 4627 5886
f 4629 5886 5888
f 4921 4898 4896
f 4921 4896 4923
f 4613 5889 5887
f 4613 5890 5889
f 4613 5887 4615
f 4631 4629 5888
f 4631 5888 5891
f 4611 5890 4613
f 4632 5891 5892
f 4632 4631 5891
f 4609 5890 4611
f 4609 5893 5890
f 4918 4900 4898
f 4918 4898 4921
f 4634 4632 5892
f 4634 5894 5895
f 4634 5892 5894
f 4607 5893 4609
f 4607 5880 5893
f 4637 4634 5895
f 5896 4900 4918
f 5896 4902 4900
f 4638 4637 5895
f 4638 5895 5897
f 5898 4902 5896
f 5898 4904 4902
f 4641 4638 5897
f 4641 5897 5899
f 4642 4641 5899
f 4642 5899 5900
f 5901 4906 4904
f 5901 4904 5898
f 4644 5900 5902
f 4644 4642 5900
f 5903 4908 4906
f 5903 4906 5901
f 4646 4644 5902
f 4646 5902 5904
f 5905 4910 4908
f 5905 4908 5903
f 4648 5904 5906
f 4648 4646 5904
f 4650 5907 5908
f 4650 5906 5907
f 4650 4648 5906
f 5909 4912 4910
f 5909 4910 5905
f 4652 4650 5908
f 5910 4914 4912
f 5910 4912 5909
f 5911 5874 5880
f 5911 5880 4607
f 5911 5912 5913
f 5911 5914 5912
f 5911 4594 5914
f 5911 4597 4594
f 5911 4599 4597
f 5911 4601 4599
f 5911 4603 4601
f 5911 4605 4603
f 5911 4607 4605
f 4654 5908 5915
f 4654 4652 5908
f 5916 4916 4914
f 5916 4914 5910
f 5917 5911 5913
f 4656 4654 5915
f 4656 5915 5918
f 5919 5920 4916
f 5919 4916 5916
f 5921 5911 5917
f 4658 4656 5918
f 4658 5918 5922
f 5923 5911 5921
f 5924 5925 5920
f 5924 5920 5919
f 4660 4658 5922
f 4660 5922 5926
f 5927 5911 5923
f 5928 5929 5925
f 5928 5925 5924
f 4662 4660 5926
f 4662 5926 5930
f 5931 5911 5927
f 5932 5933 5929
f 5932 5929 5928
f 4664 4662 5930
f 4664 5930 5934
f 5935 5911 5931
f 5936 5933 5932
f 5936 5937 5933
f 4666 4664 5934
f 4666 5938 5939
f 4666 5934 5938
f 5940 5911 5935
f 5941 5937 5936
f 5941 5942 5937
f 4668 5939 5943
f 4668 4666 5939
f 5944 5911 5940
f 5945 5942 5941
f 5945 5946 5942
f 4670 4668 5943
f 5947 4965 4962
f 5947 4966 4965
f 5947 4968 4966
f 5947 4970 4968
f 5947 4972 4970
f 5947 4974 4972
f 5947 4976 4974
f 5947 4978 4976
f 5947 4980 4978
f 5947 4982 4980
f 5947 4984 4982
f 5947 4986 4984
f 5947 4988 4986
f 5947 4990 4988
f 5947 4992 4990
f 5947 4994 4992
f 5947 4996 4994
f 5947 4998 4996
f 5947 5000 4998
f 5947 5002 5000
f 5948 5911 5944
f 5949 5950 5946
f 5949 5946 5945
f 4672 4670 5943
f 4672 5943 5951
f 5004 5002 5947
f 5952 5911 5948
f 5953 5954 5950
f 5953 5950 5949
f 4674 4672 5951
f 4674 5951 5955
f 5006 5004 5947
f 5956 5911 5952
f 5957 5954 5953
f 4676 5955 5958
f 4676 4674 5955
f 5008 5006 5947
f 5959 5911 5956
f 4678 5960 5961
f 4678 5958 5960
f 4678 4676 5958
f 5010 5008 5947
f 5962 5911 5959
f 4680 4678 5961
f 5012 5010 5947
f 5963 5911 5962
f 5014 5012 5947
f 4682 5961 5954
f 4682 4680 5961
f 5964 5911 5963
f 5016 5014 5947
f 5965 5911 5964
f 5018 5016 5947
f 5966 5911 5965
f 5020 5018 5947
f 5022 5020 5947
f 5967 5911 5966
f 5024 5022 5947
f 5968 5911 5967
f 5969 5024 5947
f 5970 5969 5947
f 5971 5970 5947
f 5972 5971 5947
f 5973 5972 5947
f 5974 5973 5947
f 4729 4692 4690
f 4731 4690 4688
f 4731 4729 4690
f 4727 4694 4692
f 4727 4692 4729
f 4733 4688 4686
f 4733 4731 4688
f 4725 4694 4727
f 4725 4696 4694
f 4735 4686 4684
f 4735 4733 4686
f 4723 4698 4696
f 4723 4696 4725
f 4737 4684 4682
f 4737 4735 4684
f 4721 4700 4698
f 4721 4698 4723
f 4739 4682 5954
f 4739 5957 5975
f 4739 5954 5957
f 4739 4737 4682
f 4719 5976 4700
f 4719 4700 4721
f 4740 4739 5975
f 4717 5977 5976
f 4717 5976 4719
f 4742 5975 5978
f 4742 4740 5975
f 4715 5979 5977
f 4715 5977 4717
f 4745 5980 5981
f 4745 5978 5980
f 4745 4742 5978
f 4713 5982 5979
f 4713 5979 4715
f 4746 4745 5981
f 4711 5983 5982
f 4711 5982 4713
f 4749 5984 5985
f 4749 5981 5984
f 4749 4746 5981
f 4709 5983 4711
f 4709 5986 5983
f 4750 4749 5985
f 4707 5987 5986
f 4707 5986 4709
f 4752 5988 5989
f 4752 5985 5988
f 4752 4750 5985
f 4705 5987 4707
f 4705 5990 5987
f 4754 4752 5989
f 4702 5990 4705
f 4702 5991 5990
f 4756 4754 5989
f 4756 5992 5993
f 4756 5989 5992
f 5994 5991 4702
f 5994 5995 5991
f 4758 4756 5993
f 5996 5997 5995
f 5996 5995 5994
f 4760 5993 5998
f 4760 4758 5993
f 5999 5997 5996
f 5999 6000 5997
f 4762 5998 6001
f 4762 4760 5998
f 6002 6003 6000
f 6002 6000 5999
f 4764 6001 6004
f 4764 4762 6001
f 6005 6003 6002
f 6005 6006 6003
f 4766 4764 6004
f 4766 6004 6007
f 6008 6006 6005
f 6008 6009 6006
f 4768 4766 6007
f 4768 6007 6010
f 6011 6012 6009
f 6011 6009 6008
f 4770 6013 6014
f 4770 6010 6013
f 4770 4768 6010
f 6015 6012 6011
f 6015 6016 6012
f 4772 6014 6017
f 4772 4770 6014
f 6018 6016 6015
f 6018 6019 6016
f 4774 6017 6020
f 4774 4772 6017
f 6021 6022 6019
f 6021 6019 6018
f 4776 6020 6023
f 4776 4774 6020
f 6024 6025 6022
f 6024 6022 6021
f 4778 6023 6026
f 4778 4776 6023
f 6027 6028 6025
f 6027 6025 6024
f 4780 6026 6029
f 4780 4778 6026
f 6030 6031 6028
f 6030 6028 6027
f 4782 6029 6032
f 4782 4780 6029
f 6033 6034 6031
f 6033 6031 6030
f 4784 4782 6032
f 6035 6036 6034
f 6035 6034 6033
f 4786 6032 6037
f 4786 4784 6032
f 4788 6037 6038
f 4788 4786 6037
f 4790 6039 6040
f 4790 6038 6039
f 4790 4788 6038
f 4792 6040 6041
f 4792 4790 6040
f 4794 6041 5974
f 4794 4792 6041
f 4796 4794 5974
f 6042 4796 5974
f 6042 4798 4796
f 6042 4800 4798
f 6042 6043 4808
f 6042 4802 4800
f 6042 6044 6043
f 6042 4804 4802
f 6042 6045 6044
f 6042 4806 4804
f 6042 6046 6045
f 6042 4808 4806
f 6042 6047 6046
f 6042 6048 6047
f 6042 6049 6048
f 6042 6050 6049
f 6042 6051 6050
f 6042 6052 6051
f 6042 6053 6052
f 6042 6054 6053
f 6042 6055 6054
f 6042 6056 6055
f 6042 6057 6056
f 6042 6058 6057
f 6042 6059 6058
f 6042 6060 6059
f 6042 6061 6060
f 6042 6062 6061
f 6042 6063 6062
f 6042 6064 6063
f 6042 6065 6064
f 6042 6066 6065
f 6042 6067 6066
f 6042 6068 6067
f 6042 6069 6068
f 6042 6070 6069
f 6042 6071 6070
f 6042 5974 5947
f 5874 5947 4962
f 5874 4962 4961
f 5874 4961 4958
f 5874 4958 4857
f 4857 4958 4858
f 6042 5911 5968
f 6042 5968 6072
f 6042 6072 6073
f 6042 6073 6074
f 6042 6074 6075
f 6042 6075 6076
f 6042 6076 6077
f 6042 6077 6036
f 6042 6036 6078
f 6078 6036 6079
f 6079 6036 6080
f 6080 6036 6081
f 6081 6036 6082
f 6082 6036 6083
f 6083 6036 6084
f 6084 6036 6035
f 6042 6078 6085
f 6042 6085 6071
f 5212 6086 5214
f 5217 5214 6086
f 5210 6086 5212
f 5218 5217 6086
f 5209 6086 5210
f 5220 5218 6086
f 5206 6086 5209
f 5222 5220 6086
f 5205 6086 5206
f 5225 5222 6086
f 5202 6086 5205
f 5226 5225 6086
f 5201 6086 5202
f 5229 5226 6086
f 5198 6086 5201
f 5230 5229 6086
f 5197 6086 5198
f 5232 5230 6086
f 5195 6086 5197
f 5234 5232 6086
f 5192 6086 5195
f 5236 5234 6086
f 5190 6086 5192
f 5238 5236 6086
f 5189 6086 5190
f 5240 5238 6086
f 5187 6086 5189
f 5666 5240 6086
f 5184 6086 5187
f 5668 5666 6086
f 5670 5668 6086
f 5672 5670 6086
f 5674 5672 6086
f 5676 5674 6086
f 5678 5676 6086
f 5680 5678 6086
f 5682 5680 6086
f 5684 5682 6086
f 5106 5178 5177
f 5104 5178 5106
f 5104 5181 5178
f 5109 5106 5177
f 5109 5177 5174
f 5102 5181 5104
f 5102 5182 5181
f 5110 5174 5173
f 5110 5109 5174
f 5101 5182 5102
f 5101 5184 5182
f 5112 5173 5170
f 5112 5110 5173
f 5098 5184 5101
f 5098 6086 5184
f 5114 5170 5168
f 5114 5112 5170
f 5097 6086 5098
f 5117 5168 5166
f 5117 5114 5168
f 5094 6086 5097
f 5118 5166 5164
f 5118 5117 5166
f 5121 5164 5162
f 5121 5118 5164
f 5122 5162 5160
f 5122 5121 5162
f 5124 5160 5158
f 5124 5122 5160
f 5126 5158 5156
f 5126 5124 5158
f 5128 5156 5154
f 5128 5126 5156
f 5130 5128 5154
f 5130 5154 5153
f 5132 5153 5150
f 5132 5130 5153
f 5770 5150 5148
f 5770 5132 5150
f 6087 5684 6086
f 5772 5148 5146
f 5772 5770 5148
f 5774 5146 5144
f 5774 5772 5146
f 5428 5690 5430
f 5428 5694 5692
f 5428 5692 5690
f 5433 5430 5690
f 5433 5690 5688
f 5426 5694 5428
f 5434 5433 5688
f 5434 5688 5686
f 5425 5694 5426
f 5425 5696 5694
f 5436 5434 5686
f 5436 5684 6087
f 5436 5686 5684
f 5422 5696 5425
f 5422 5698 5696
f 5438 5436 6087
f 5776 5144 5142
f 5776 5774 5144
f 5421 5698 5422
f 5421 5700 5698
f 5441 5438 6087
f 5418 5700 5421
f 5418 5702 5700
f 5442 5441 6087
f 5417 5702 5418
f 5417 5704 5702
f 5778 5142 5140
f 5778 5776 5142
f 5445 5442 6087
f 5414 5704 5417
f 5414 5706 5704
f 5446 5445 6087
f 5413 5706 5414
f 5413 5708 5706
f 5780 5778 5140
f 5780 5140 5138
f 5448 5446 6087
f 5411 5713 5710
f 5411 5710 5708
f 5411 5708 5413
f 5450 5448 6087
f 5408 5713 5411
f 5782 5138 5134
f 5782 5780 5138
f 5452 5450 6087
f 5406 5713 5408
f 5406 5715 5713
f 5454 5452 6087
f 5784 5134 5137
f 5784 5782 5134
f 5405 5718 5716
f 5405 5716 5715
f 5405 5715 5406
f 5456 5454 6087
f 5786 5137 5768
f 5786 5784 5137
f 5403 5718 5405
f 5458 5456 6087
f 5400 5718 5403
f 5400 5721 5718
f 5788 5768 5766
f 5788 5786 5768
f 5460 5458 6087
f 5398 5721 5400
f 5398 5722 5721
f 5790 5766 5764
f 5790 5788 5766
f 5462 5460 6087
f 5397 5722 5398
f 5397 5725 5722
f 5464 5462 6087
f 5792 5790 5764
f 5792 5764 5763
f 5394 5726 5725
f 5394 5725 5397
f 5466 5464 6087
f 5794 5792 5763
f 5794 5763 5760
f 5393 5726 5394
f 5393 5728 5726
f 5468 5466 6087
f 5796 5794 5760
f 5796 5760 5759
f 5390 5728 5393
f 5390 5731 5728
f 5470 5468 6087
f 5798 5759 5756
f 5798 5796 5759
f 5389 5731 5390
f 5389 5732 5731
f 5472 5470 6087
f 5800 5756 5754
f 5800 5798 5756
f 5386 5732 5389
f 5386 5737 5734
f 5386 5734 5732
f 5474 5472 6087
f 5802 5754 5753
f 5802 5800 5754
f 5384 5737 5386
f 5476 5474 6087
f 5804 5802 5753
f 5382 5740 5739
f 5382 5739 5737
f 5382 5737 5384
f 6088 5076 5074
f 6088 5074 5073
f 6088 5073 5070
f 6088 5070 5069
f 6088 5069 5066
f 6088 5066 5065
f 6088 5065 5062
f 6088 5062 5060
f 6088 5060 5058
f 6088 5058 5056
f 6088 5056 5054
f 6088 5054 5052
f 6088 5052 5050
f 6088 5050 5048
f 6088 5048 5046
f 6088 5046 5045
f 6088 6086 5094
f 6088 5094 5093
f 6088 5093 5090
f 6088 5090 5089
f 6088 5089 5087
f 6088 5087 5084
f 6088 5084 5082
f 6088 5082 5081
f 6088 5081 5079
f 6088 5079 5076
f 5042 6088 5045
f 5478 5476 6087
f 5380 5740 5382
f 5040 6088 5042
f 5480 5478 6087
f 5378 5743 5740
f 5378 5740 5380
f 5038 6088 5040
f 5482 5480 6087
f 5376 5744 5743
f 5376 5743 5378
f 5036 6088 5038
f 5484 5482 6087
f 5374 5746 5744
f 5374 5744 5376
f 5034 6088 5036
f 5486 5484 6087
f 5032 6088 5034
f 5372 5750 5748
f 5372 5748 5746
f 5372 5746 5374
f 5488 5486 6087
f 5030 6088 5032
f 5370 5750 5372
f 5490 5488 6087
f 5026 6088 5030
f 5369 5753 5750
f 5369 5750 5370
f 5029 6088 5026
f 5492 5490 6087
f 5872 6088 5029
f 5494 5492 6087
f 5870 6088 5872
f 5868 6088 5870
f 5496 5494 6087
f 5867 6088 5868
f 5864 6088 5867
f 5498 5496 6087
f 5863 6088 5864
f 5860 6088 5863
f 5500 5498 6087
f 5858 6088 5860
f 5502 5500 6087
f 5505 5502 6087
f 5507 5505 6087
f 5508 5507 6087
f 5510 5508 6087
f 5322 5360 5358
f 5320 5362 5360
f 5320 5360 5322
f 5325 5358 5356
f 5325 5322 5358
f 5318 5364 5362
f 5318 5362 5320
f 5326 5356 5354
f 5326 5325 5356
f 5317 5366 5364
f 5317 5364 5318
f 5328 5354 5350
f 5328 5326 5354
f 5314 5369 5366
f 5314 5366 5317
f 5330 5350 5353
f 5330 5328 5350
f 5313 5804 5753
f 5313 5369 5314
f 5313 5753 5369
f 5333 5353 5560
f 5333 5330 5353
f 5310 5806 5804
f 5310 5804 5313
f 5334 5560 5558
f 5334 5333 5560
f 5309 5810 5808
f 5309 5808 5806
f 5309 5806 5310
f 5337 5558 5556
f 5337 5334 5558
f 5306 5810 5309
f 5306 5812 5810
f 5338 5556 5555
f 5338 5337 5556
f 5305 5814 5812
f 5305 5812 5306
f 5340 5555 5552
f 5340 5338 5555
f 5303 5814 5305
f 5303 5817 5814
f 5342 5552 5551
f 5342 5340 5552
f 5300 5819 5817
f 5300 5817 5303
f 5344 5551 5548
f 5344 5342 5551
f 5298 5820 5819
f 5298 5819 5300
f 5346 5548 5546
f 5346 5344 5548
f 5297 5820 5298
f 5348 5346 5546
f 5348 5546 5545
f 5295 5820 5297
f 5295 5825 5822
f 5295 5822 5820
f 5562 5348 5545
f 5562 5545 5542
f 5292 5825 5295
f 5292 5826 5825
f 5564 5542 5540
f 5564 5562 5542
f 5290 5826 5292
f 5566 5540 5538
f 5566 5564 5540
f 5289 5829 5826
f 5289 5826 5290
f 5568 5538 5536
f 5568 5566 5538
f 5286 5829 5289
f 5286 5830 5829
f 5570 5536 5535
f 5570 5568 5536
f 5285 5830 5286
f 5285 5832 5830
f 5572 5535 5532
f 5572 5570 5535
f 5282 5832 5285
f 5282 5836 5835
f 5282 5835 5832
f 5574 5532 5531
f 5574 5572 5532
f 5281 5838 5836
f 5281 5836 5282
f 5576 5531 5529
f 5576 5574 5531
f 5278 5838 5281
f 5578 5529 5526
f 5578 5576 5529
f 5276 5838 5278
f 5276 5841 5838
f 5580 5578 5526
f 5580 5526 5524
f 5274 5843 5841
f 5274 5841 5276
f 5582 5524 5523
f 5582 5580 5524
f 5272 5844 5843
f 5272 5843 5274
f 5584 5523 5520
f 5584 5582 5523
f 5270 5847 5844
f 5270 5844 5272
f 5586 5520 5518
f 5586 5584 5520
f 5268 5848 5847
f 5268 5847 5270
f 5588 5518 5517
f 5588 5586 5518
f 5266 5852 5850
f 5266 5850 5848
f 5266 5848 5268
f 5590 5588 5517
f 5590 5517 5514
f 5264 5852 5266
f 5262 5854 5852
f 5262 5852 5264
f 5261 5858 5857
f 5261 5857 5854
f 5261 5854 5262
f 5258 5858 5261
f 6089 5258 5256
f 6089 5256 5254
f 6089 5254 5252
f 6089 5252 5250
f 6089 5245 5664
f 6089 5250 5248
f 6089 5664 5662
f 6089 5248 5246
f 6089 5662 5660
f 6089 5246 5242
f 6089 5660 5659
f 6089 5242 5245
f 6089 5659 5656
f 6089 5656 5655
f 6089 5655 5652
f 6089 5652 5650
f 6089 5650 5649
f 6089 5649 5646
f 6089 5646 5644
f 6089 5644 5642
f 6089 5642 5640
f 6089 5640 5639
f 6089 5639 5636
f 6089 5636 5635
f 6089 5635 5633
f 6089 5633 5630
f 6089 5630 5628
f 6089 5628 5627
f 6089 5627 5624
f 6089 5624 5622
f 6089 5622 5621
f 6089 5621 5618
f 6089 5618 5617
f 6089 5617 5614
f 6089 5614 5612
f 6089 5612 5611
f 6089 5611 5609
f 6089 5609 5606
f 6089 5606 5604
f 6089 5604 5602
f 6089 6088 5858
f 6089 5858 5258
f 6089 5602 6087
f 5602 5600 6087
f 5600 5598 6087
f 5598 5596 6087
f 5596 5594 6087
f 5594 5592 6087
f 5592 5590 6087
f 5590 5510 6087
f 5590 5513 5510
f 5590 5514 5513
f 5874 6088 5947
f 5874 6086 6088
f 5947 6089 6042
f 5947 6088 6089
f 6042 6087 5911
f 6042 6089 6087
f 6087 6086 5874
f 5911 6087 5874
f 5969 6090 5025
f 5969 5025 5024
f 5970 6091 6090
f 5970 6090 5969
f 5971 6092 6091
f 5971 6091 5970
f 5972 6093 6092
f 5972 6092 5971
f 5973 6094 6093
f 5973 6093 5972
f 5974 6095 6094
f 5974 6094 5973
f 6041 6096 6095
f 6041 6095 5974
f 6040 6096 6041
f 6040 6097 6096
f 6039 6097 6040
f 6039 6098 6097
f 6038 6098 6039
f 6038 6099 6098
f 6037 6099 6038
f 6037 6100 6099
f 6032 6100 6037
f 6032 6101 6100
f 6029 6101 6032
f 6029 6102 6101
f 6026 6102 6029
f 6026 6103 6102
f 6023 6103 6026
f 6023 6104 6103
f 6020 6104 6023
f 6020 6105 6104
f 6017 6105 6020
f 6017 6106 6105
f 6014 6106 6017
f 6014 6107 6106
f 6013 6108 6107
f 6013 6107 6014
f 6010 6108 6013
f 6010 6109 6108
f 6007 6110 6109
f 6007 6109 6010
f 6004 6111 6110
f 6004 6110 6007
f 6001 6111 6004
f 6001 6112 6111
f 5998 6112 6001
f 5998 6113 6112
f 5993 6113 5998
f 5993 6114 6113
f 5992 6114 5993
f 5992 6115 6114
f 5989 6115 5992
f 5989 6116 6115
f 5988 6116 5989
f 5988 6117 6116
f 5985 6117 5988
f 5985 6118 6117
f 5984 6118 5985
f 5984 6119 6118
f 5981 6119 5984
f 5981 6120 6121
f 5981 6121 6119
f 5980 6120 5981
f 5978 6120 5980
f 5978 6122 6120
f 5975 6122 5978
f 5975 6123 6122
f 5957 6123 5975
f 5957 6124 6125
f 5957 6125 6123
f 5953 6124 5957
f 5949 6124 5953
f 5949 6126 6124
f 5945 6126 5949
f 5945 6127 6128
f 5945 6128 6126
f 5941 6127 5945
f 5936 6129 6130
f 5936 6130 6127
f 5936 6127 5941
f 5932 6131 6129
f 5932 6129 5936
f 5928 6131 5932
f 5924 6132 6133
f 5924 6133 6131
f 5924 6131 5928
f 5919 6132 5924
f 5916 6134 6132
f 5916 6132 5919
f 5910 6135 6134
f 5910 6134 5916
f 5909 6135 5910
f 5909 6136 6135
f 5905 6136 5909
f 5905 6137 6136
f 5903 6137 5905
f 5903 6138 6137
f 5901 6138 5903
f 5901 6139 6138
f 5898 6139 5901
f 5898 6140 6139
f 5896 6140 5898
f 5896 4920 6141
f 5896 6141 6140
f 4918 4920 5896
f 5105 4944 4946
f 5105 5108 4944
f 5107 4942 4944
f 5107 4944 5108
f 5103 4948 4950
f 5103 4946 4948
f 5103 5105 4946
f 5111 4940 4942
f 5111 4942 5107
f 5099 5103 4950
f 5113 4938 4940
f 5113 4940 5111
f 5100 4950 4952
f 5100 5099 4950
f 5116 4936 4938
f 5116 4938 5113
f 5095 4952 4954
f 5095 5100 4952
f 5115 4936 5116
f 5115 4934 4936
f 5096 5095 4954
f 5096 4954 4957
f 5120 4934 5115
f 5120 4932 4934
f 5091 5096 4957
f 5091 4960 4959
f 5091 4957 4960
f 5119 4930 4932
f 5119 4932 5120
f 5092 5091 4959
f 5123 4930 5119
f 5123 4928 4930
f 5088 5092 4959
f 5088 4959 4964
f 5125 4926 4928
f 5125 4928 5123
f 5085 5088 4964
f 5085 4964 4963
f 5127 4926 5125
f 5127 4924 4926
f 5086 4967 4969
f 5086 4963 4967
f 5086 5085 4963
f 5129 4924 5127
f 5129 4922 4924
f 5083 5086 4969
f 5131 4922 5129
f 5131 4919 4922
f 5080 4969 4971
f 5080 5083 4969
f 5133 4919 5131
f 5133 4920 4919
f 5077 4971 4973
f 5077 5080 4971
f 5771 4920 5133
f 5771 6141 4920
f 5078 5077 4973
f 5078 4973 4975
f 5773 6141 5771
f 5773 6140 6141
f 5075 4975 4977
f 5075 5078 4975
f 5775 6140 5773
f 5775 6139 6140
f 5071 4977 4979
f 5071 5075 4977
f 5777 6139 5775
f 5777 6138 6139
f 5072 4979 4981
f 5072 5071 4979
f 5779 6138 5777
f 5779 6137 6138
f 5067 5072 4981
f 5067 4981 4983
f 5781 6136 6137
f 5781 6137 5779
f 5068 4983 4985
f 5068 5067 4983
f 5783 6135 6136
f 5783 6136 5781
f 5063 4985 4987
f 5063 5068 4985
f 5785 6134 6135
f 5785 6135 5783
f 5064 4987 4989
f 5064 5063 4987
f 5787 6132 6134
f 5787 6134 5785
f 5061 4989 4991
f 5061 5064 4989
f 5789 6133 6132
f 5789 6132 5787
f 5059 5061 4991
f 5059 4991 4993
f 5791 6131 6133
f 5791 6133 5789
f 5057 4993 4995
f 5057 5059 4993
f 5793 6129 6131
f 5793 6131 5791
f 5055 5057 4995
f 5055 4995 4997
f 5795 6129 5793
f 5795 6130 6129
f 4999 5055 4997
f 4999 5053 5055
f 5797 6130 5795
f 5051 5053 4999
f 6127 6130 5797
f 5799 6127 5797
f 5001 5049 5051
f 5001 5051 4999
f 6128 6127 5799
f 5003 5049 5001
f 5003 5047 5049
f 6126 6128 5799
f 6126 5799 5801
f 5005 5047 5003
f 6124 6126 5801
f 6124 5801 5803
f 5007 5044 5047
f 5007 5043 5044
f 5007 5047 5005
f 6125 6124 5803
f 6125 5805 5807
f 6125 5803 5805
f 5009 5043 5007
f 6123 6125 5807
f 5011 5041 5043
f 5011 5039 5041
f 5011 5043 5009
f 6122 6123 5807
f 6122 5809 5811
f 6122 5807 5809
f 5013 5039 5011
f 6120 6122 5811
f 5015 5039 5013
f 5015 5037 5039
f 5015 5035 5037
f 6121 6120 5811
f 6121 5813 5816
f 6121 5811 5813
f 5017 5035 5015
f 6119 6121 5816
f 5019 5035 5017
f 5019 5033 5035
f 6118 6119 5816
f 6118 5816 5815
f 5021 5031 5033
f 5021 5033 5019
f 6117 6118 5815
f 6117 5815 5818
f 5023 5027 5031
f 5023 5031 5021
f 6116 6117 5818
f 6116 5818 5821
f 5025 5028 5027
f 5025 5027 5023
f 6115 6116 5821
f 6115 5821 5824
f 6090 5873 5028
f 6090 5871 5873
f 6090 5028 5025
f 6114 5824 5823
f 6114 6115 5824
f 6091 5871 6090
f 6091 5869 5871
f 6113 6114 5823
f 6113 5823 5828
f 6092 5869 6091
f 6112 6113 5828
f 6112 5828 5827
f 6093 5869 6092
f 6093 5865 5869
f 6093 5866 5865
f 6111 6112 5827
f 6111 5827 5831
f 6094 5866 6093
f 6110 6111 5831
f 6110 5831 5834
f 6095 5861 5866
f 6095 5862 5861
f 6095 5866 6094
f 6109 6110 5834
f 6109 5834 5833
f 6096 5862 6095
f 6108 6109 5833
f 6108 5833 5837
f 6097 5862 6096
f 6097 5859 5862
f 6097 5855 5859
f 6107 6108 5837
f 6107 5837 5840
f 6098 5855 6097
f 6106 6107 5840
f 6106 5839 5842
f 6106 5840 5839
f 6099 5855 6098
f 6099 5856 5855
f 6105 6106 5842
f 6100 5856 6099
f 6100 5853 5856
f 6104 6105 5842
f 6104 5842 5846
f 6101 5853 6100
f 6101 5851 5853
f 6103 6104 5846
f 6103 5846 5845
f 6102 5851 6101
f 6102 6103 5845
f 6102 5849 5851
f 6102 5845 5849
f 5920 6142 4917
f 5920 4917 4916
f 5925 6143 6142
f 5925 6142 5920
f 5929 6144 6143
f 5929 6143 5925
f 5933 6145 6144
f 5933 6144 5929
f 5937 6146 6145
f 5937 6145 5933
f 5942 6147 6146
f 5942 6146 5937
f 5946 6148 6147
f 5946 6147 5942
f 5950 6148 5946
f 5950 6149 6148
f 5954 6149 5950
f 5954 6150 6149
f 5961 6150 5954
f 5961 6151 6150
f 5960 6151 5961
f 5960 6152 6151
f 5958 6152 5960
f 5958 6153 6152
f 5955 6153 5958
f 5955 6154 6153
f 5951 6154 5955
f 5951 6155 6154
f 5943 6155 5951
f 5943 6156 6155
f 5939 6156 5943
f 5939 6157 6156
f 5938 6157 5939
f 5938 6158 6157
f 5934 6158 5938
f 5934 6159 6158
f 5930 6160 6159
f 5930 6159 5934
f 5926 6160 5930
f 5926 6161 6160
f 5922 6162 6161
f 5922 6161 5926
f 5918 6163 6162
f 5918 6162 5922
f 5915 6163 5918
f 5915 6164 6163
f 5908 6164 5915
f 5908 6165 6164
f 5907 6165 5908
f 5907 6166 6165
f 5906 6166 5907
f 5906 6167 6166
f 5904 6167 5906
f 5904 6168 6167
f 5902 6168 5904
f 5902 6169 6168
f 5900 6169 5902
f 5900 6170 6169
f 5899 6170 5900
f 5899 6171 6170
f 5897 6171 5899
f 5897 6172 6173
f 5897 6173 6171
f 5895 6172 5897
f 5894 6172 5895
f 5894 6174 6172
f 5892 6174 5894
f 5892 6175 6174
f 5891 6175 5892
f 5891 6176 6177
f 5891 6177 6175
f 5888 6176 5891
f 5886 6176 5888
f 5886 6178 6176
f 5885 6178 5886
f 5885 6179 6180
f 5885 6180 6178
f 5882 6179 5885
f 5881 6181 6182
f 5881 6182 6179
f 5881 6179 5882
f 5883 6183 6181
f 5883 6181 5881
f 5884 6183 5883
f 5887 6184 6185
f 5887 6185 6183
f 5887 6183 5884
f 5889 6184 5887
f 5890 6186 6184
f 5890 6184 5889
f 5893 6187 6186
f 5893 6186 5890
f 5880 6187 5893
f 5880 6188 6187
f 5879 6188 5880
f 5879 6189 6188
f 5878 6189 5879
f 5878 6190 6189
f 5877 6190 5878
f 5877 6191 6190
f 5876 6191 5877
f 5876 6192 6191
f 5875 6192 5876
f 5875 4812 6193
f 5875 6193 6192
f 4810 4812 5875
f 5216 4836 4838
f 5213 5216 4838
f 5215 4834 4836
f 5215 4836 5216
f 5211 4840 4842
f 5211 4838 4840
f 5211 5213 4838
f 5219 4832 4834
f 5219 4830 4832
f 5219 4834 5215
f 5207 5211 4842
f 5221 4830 5219
f 5208 4842 4844
f 5208 5207 4842
f 5224 4828 4830
f 5224 4830 5221
f 5203 4844 4846
f 5203 5208 4844
f 5223 4826 4828
f 5223 4828 5224
f 5204 4849 4852
f 5204 4846 4849
f 5204 5203 4846
f 5228 4826 5223
f 5228 4824 4826
f 5199 5204 4852
f 5227 4824 5228
f 5227 4822 4824
f 5200 5199 4852
f 5200 4852 4851
f 5231 4822 5227
f 5231 4820 4822
f 5196 5200 4851
f 5196 4851 4856
f 5233 4820 5231
f 5233 4818 4820
f 5193 5196 4856
f 5193 4856 4855
f 5235 4818 5233
f 5235 4816 4818
f 5194 4855 4859
f 5194 5193 4855
f 5237 4816 5235
f 5237 4814 4816
f 5191 4859 4861
f 5191 5194 4859
f 5239 4814 5237
f 5239 4811 4814
f 5188 4861 4863
f 5188 5191 4861
f 5241 4811 5239
f 5241 4812 4811
f 5185 4863 4865
f 5185 5188 4863
f 5667 4812 5241
f 5667 6193 4812
f 5186 4865 4867
f 5186 5185 4865
f 5669 6193 5667
f 5669 6192 6193
f 5183 4867 4869
f 5183 5186 4867
f 5671 6192 5669
f 5671 6191 6192
f 5179 4869 4871
f 5179 5183 4869
f 5673 6190 6191
f 5673 6191 5671
f 5180 4871 4873
f 5180 5179 4871
f 5675 6190 5673
f 5675 6189 6190
f 5175 4873 4875
f 5175 5180 4873
f 5677 6188 6189
f 5677 6189 5675
f 5176 4875 4877
f 5176 5175 4875
f 5679 6187 6188
f 5679 6188 5677
f 5171 4877 4879
f 5171 5176 4877
f 5681 6186 6187
f 5681 6187 5679
f 5172 4879 4881
f 5172 5171 4879
f 5683 6184 6186
f 5683 6186 5681
f 5169 4881 4883
f 5169 5172 4881
f 5685 6185 6184
f 5685 6184 5683
f 5167 4883 4885
f 5167 5169 4883
f 5687 6183 6185
f 5687 6185 5685
f 5165 5167 4885
f 5165 4885 4887
f 5689 6183 5687
f 5689 6181 6183
f 5163 4887 4889
f 5163 5165 4887
f 5691 6181 5689
f 5691 6182 6181
f 4891 5163 4889
f 4891 5161 5163
f 5159 5161 4891
f 6179 6182 5691
f 6179 5691 5693
f 4893 5159 4891
f 4893 5157 5159
f 6180 6179 5693
f 6180 5695 5697
f 6180 5693 5695
f 4895 5157 4893
f 6178 6180 5697
f 6178 5697 5699
f 4897 5157 4895
f 4897 5155 5157
f 4897 5152 5155
f 6176 6178 5699
f 4899 5151 5152
f 4899 5152 4897
f 6177 6176 5699
f 6177 5699 5701
f 4901 5151 4899
f 6175 6177 5701
f 6175 5701 5703
f 4903 5151 4901
f 4903 5149 5151
f 4903 5147 5149
f 6174 5705 5707
f 6174 5703 5705
f 6174 6175 5703
f 4905 5147 4903
f 6172 6174 5707
f 4907 5147 4905
f 4907 5145 5147
f 4907 5143 5145
f 6173 6172 5707
f 6173 5707 5709
f 4909 5143 4907
f 6171 6173 5709
f 6171 5709 5712
f 4911 5143 4909
f 4911 5141 5143
f 4911 5139 5141
f 6170 6171 5712
f 6170 5712 5711
f 4913 5139 4911
f 6169 6170 5711
f 6169 5711 5714
f 4915 5135 5139
f 4915 5136 5135
f 4915 5139 4913
f 6168 6169 5714
f 6168 5717 5720
f 6168 5714 5717
f 4917 5136 4915
f 6167 6168 5720
f 6142 5769 5136
f 6142 5767 5769
f 6142 5136 4917
f 6166 6167 5720
f 6166 5720 5719
f 6143 5767 6142
f 6165 5719 5724
f 6165 6166 5719
f 6144 5765 5767
f 6144 5761 5765
f 6144 5767 6143
f 6164 5724 5723
f 6164 6165 5724
f 6145 5762 5761
f 6145 5761 6144
f 6163 5723 5727
f 6163 6164 5723
f 6146 5762 6145
f 6146 5757 5762
f 6162 5727 5730
f 6162 6163 5727
f 6147 5757 6146
f 6147 5758 5757
f 6161 6162 5730
f 6161 5730 5729
f 6148 5758 6147
f 6160 6161 5729
f 6160 5729 5733
f 6149 5755 5758
f 6149 5758 6148
f 6159 6160 5733
f 6159 5733 5736
f 6150 5751 5755
f 6150 5755 6149
f 6158 6159 5736
f 6158 5736 5735
f 6151 5751 6150
f 6151 5752 5751
f 6157 6158 5735
f 6157 5735 5738
f 6152 5749 5752
f 6152 5747 5749
f 6152 5752 6151
f 6156 6157 5738
f 6156 5738 5742
f 6153 5747 6152
f 6155 6156 5742
f 6155 5742 5741
f 6154 5747 6153
f 6154 6155 5741
f 6154 5745 5747
f 6154 5741 5745
f 6043 6194 4809
f 6043 4809 4808
f 6044 6195 6194
f 6044 6194 6043
f 6045 6196 6195
f 6045 6195 6044
f 6046 6197 6196
f 6046 6196 6045
f 6047 6198 6197
f 6047 6197 6046
f 6048 6199 6198
f 6048 6198 6047
f 6049 6200 6199
f 6049 6199 6048
f 6050 6200 6049
f 6050 6201 6200
f 6051 6201 6050
f 6051 6202 6201
f 6052 6202 6051
f 6052 6203 6202
f 6053 6203 6052
f 6053 6204 6203
f 6054 6204 6053
f 6054 6205 6204
f 6055 6205 6054
f 6055 6206 6205
f 6056 6206 6055
f 6056 6207 6206
f 6057 6207 6056
f 6057 6208 6207
f 6058 6208 6057
f 6058 6209 6208
f 6059 6209 6058
f 6059 6210 6209
f 6060 6210 6059
f 6060 6211 6210
f 6061 6212 6211
f 6061 6211 6060
f 6062 6212 6061
f 6062 6213 6212
f 6063 6214 6213
f 6063 6213 6062
f 6064 6215 6214
f 6064 6214 6063
f 6065 6215 6064
f 6065 6216 6215
f 6066 6216 6065
f 6066 6217 6216
f 6067 6217 6066
f 6067 6218 6217
f 6068 6218 6067
f 6068 6219 6218
f 6069 6219 6068
f 6069 6220 6219
f 6070 6220 6069
f 6070 6221 6220
f 6071 6221 6070
f 6071 6222 6221
f 6085 6222 6071
f 6085 6223 6222
f 6078 6223 6085
f 6078 6224 6225
f 6078 6225 6223
f 6079 6224 6078
f 6080 6224 6079
f 6080 6226 6224
f 6081 6226 6080
f 6081 6227 6226
f 6082 6227 6081
f 6082 6228 6229
f 6082 6229 6227
f 6083 6228 6082
f 6084 6228 6083
f 6084 6230 6228
f 6035 6230 6084
f 6035 6231 6232
f 6035 6232 6230
f 6033 6231 6035
f 6030 6233 6234
f 6030 6234 6231
f 6030 6231 6033
f 6027 6235 6233
f 6027 6233 6030
f 6024 6235 6027
f 6021 6236 6237
f 6021 6237 6235
f 6021 6235 6024
f 6018 6236 6021
f 6015 6238 6236
f 6015 6236 6018
f 6011 6239 6238
f 6011 6238 6015
f 6008 6239 6011
f 6008 6240 6239
f 6005 6240 6008
f 6005 6241 6240
f 6002 6241 6005
f 6002 6242 6241
f 5999 6242 6002
f 5999 6243 6242
f 5996 6243 5999
f 5996 6244 6243
f 5994 6244 5996
f 5994 4704 6245
f 5994 6245 6244
f 4702 4704 5994
f 5321 4728 4730
f 5321 5324 4728
f 5323 4726 4728
f 5323 4724 4726
f 5323 4728 5324
f 5319 4730 4732
f 5319 5321 4730
f 5327 4724 5323
f 5315 4732 4734
f 5315 5319 4732
f 5329 4722 4724
f 5329 4724 5327
f 5316 4736 4738
f 5316 4734 4736
f 5316 5315 4734
f 5332 4720 4722
f 5332 4722 5329
f 5311 5316 4738
f 5331 4718 4720
f 5331 4720 5332
f 5312 5311 4738
f 5312 4738 4741
f 5336 4716 4718
f 5336 4718 5331
f 5307 4744 4743
f 5307 4741 4744
f 5307 5312 4741
f 5335 4716 5336
f 5335 4714 4716
f 5308 5307 4743
f 5339 4714 5335
f 5339 4712 4714
f 5304 5308 4743
f 5304 4743 4748
f 5341 4710 4712
f 5341 4712 5339
f 5301 5304 4748
f 5301 4748 4747
f 5343 4710 5341
f 5343 4708 4710
f 5302 4747 4751
f 5302 5301 4747
f 5345 4708 5343
f 5345 4706 4708
f 5299 4751 4753
f 5299 5302 4751
f 5347 4706 5345
f 5347 4703 4706
f 5347 4704 4703
f 5296 4753 4755
f 5296 5299 4753
f 5349 4704 5347
f 5293 5296 4755
f 5293 4755 4757
f 5563 4704 5349
f 5563 6245 4704
f 5294 4757 4759
f 5294 5293 4757
f 5565 6245 5563
f 5565 6244 6245
f 5291 4759 4761
f 5291 5294 4759
f 5567 6244 5565
f 5567 6243 6244
f 5287 4761 4763
f 5287 5291 4761
f 5569 6242 6243
f 5569 6241 6242
f 5569 6243 5567
f 5288 4763 4765
f 5288 5287 4763
f 5571 6241 5569
f 5283 4767 4769
f 5283 4765 4767
f 5283 5288 4765
f 5573 6240 6241
f 5573 6241 5571
f 5284 5283 4769
f 5575 6239 6240
f 5575 6240 5573
f 5279 4769 4771
f 5279 5284 4769
f 5577 6238 6239
f 5577 6239 5575
f 5280 4771 4773
f 5280 5279 4771
f 5579 6236 6238
f 5579 6238 5577
f 5277 4773 4775
f 5277 5280 4773
f 5581 6237 6236
f 5581 6236 5579
f 5275 4775 4777
f 5275 5277 4775
f 5583 6237 5581
f 5583 6235 6237
f 5273 4777 4779
f 5273 5275 4777
f 5585 6235 5583
f 5585 6233 6235
f 5271 5273 4779
f 5271 4779 4781
f 5587 6233 5585
f 5587 6234 6233
f 5269 5271 4781
f 4783 5269 4781
f 5267 5269 4783
f 6231 5587 5589
f 6231 6234 5587
f 4785 5267 4783
f 6232 6231 5589
f 6232 5589 5591
f 4787 5267 4785
f 4787 5265 5267
f 6230 6232 5591
f 6230 5593 5595
f 6230 5591 5593
f 4789 5263 5265
f 4789 5265 4787
f 6228 6230 5595
f 6228 5595 5597
f 4791 5263 4789
f 4791 5260 5263
f 6229 6228 5597
f 6229 5597 5599
f 4793 5259 5260
f 4793 5260 4791
f 6227 6229 5599
f 4795 5257 5259
f 4795 5255 5257
f 4795 5259 4793
f 6226 6227 5599
f 6226 5599 5601
f 4797 5255 4795
f 6224 6226 5601
f 6224 5601 5603
f 4799 5255 4797
f 4799 5253 5255
f 4799 5251 5253
f 6225 6224 5603
f 6225 5603 5605
f 4801 5251 4799
f 6223 6225 5605
f 6223 5605 5608
f 4803 5251 4801
f 4803 5249 5251
f 6222 6223 5608
f 6222 5608 5607
f 4805 5247 5249
f 4805 5249 4803
f 6221 6222 5607
f 6221 5607 5610
f 4807 5243 5247
f 4807 5244 5243
f 4807 5247 4805
f 6220 6221 5610
f 6220 5610 5613
f 4809 5244 4807
f 6219 6220 5613
f 6219 5616 5615
f 6219 5613 5616
f 6194 5665 5244
f 6194 5244 4809
f 6218 6219 5615
f 6195 5663 5665
f 6195 5661 5663
f 6195 5665 6194
f 6217 5620 5619
f 6217 5615 5620
f 6217 6218 5615
f 6196 5661 6195
f 6216 6217 5619
f 6197 5657 5661
f 6197 5658 5657
f 6197 5661 6196
f 6215 5623 5626
f 6215 5619 5623
f 6215 6216 5619
f 6198 5658 6197
f 6198 5653 5658
f 6214 6215 5626
f 6199 5653 6198
f 6213 6214 5626
f 6213 5626 5625
f 6200 5654 5653
f 6200 5651 5654
f 6200 5653 6199
f 6212 6213 5625
f 6212 5625 5629
f 6201 5651 6200
f 6211 6212 5629
f 6211 5632 5631
f 6211 5629 5632
f 6202 5651 6201
f 6202 5647 5651
f 6202 5648 5647
f 6210 6211 5631
f 6203 5648 6202
f 6209 6210 5631
f 6209 5631 5634
f 6204 5648 6203
f 6204 5645 5648
f 6204 5643 5645
f 6208 6209 5634
f 6208 5634 5638
f 6205 5643 6204
f 6207 6208 5638
f 6207 5638 5637
f 6206 5643 6205
f 6206 6207 5637
f 6206 5641 5643
f 6206 5637 5641
f 5976 6246 4701
f 5976 4701 4700
f 5977 6247 6246
f 5977 6246 5976
f 5979 6248 6247
f 5979 6247 5977
f 5982 6249 6248
f 5982 6248 5979
f 5983 6250 6249
f 5983 6249 5982
f 5986 6251 6250
f 5986 6250 5983
f 5987 6252 6251
f 5987 6251 5986
f 5990 6252 5987
f 5990 6253 6252
f 5991 6253 5990
f 5991 6254 6253
f 5995 6254 5991
f 5995 6255 6254
f 5997 6255 5995
f 5997 6256 6255
f 6000 6256 5997
f 6000 6257 6256
f 6003 6257 6000
f 6003 6258 6257
f 6006 6258 6003
f 6006 6259 6258
f 6009 6259 6006
f 6009 6260 6259
f 6012 6260 6009
f 6012 6261 6260
f 6016 6261 6012
f 6016 6262 6261
f 6019 6262 6016
f 6019 6263 6262
f 6022 6264 6263
f 6022 6263 6019
f 6025 6264 6022
f 6025 6265 6264
f 6028 6266 6265
f 6028 6265 6025
f 6031 6267 6266
f 6031 6266 6028
f 6034 6267 6031
f 6034 6268 6267
f 6036 6268 6034
f 6036 6269 6268
f 6077 6269 6036
f 6077 6270 6269
f 6076 6270 6077
f 6076 6271 6270
f 6075 6271 6076
f 6075 6272 6271
f 6074 6272 6075
f 6074 6273 6272
f 6073 6273 6074
f 6073 6274 6273
f 6072 6274 6073
f 6072 6275 6274
f 5968 6275 6072
f 5968 6276 6277
f 5968 6277 6275
f 5967 6276 5968
f 5966 6276 5967
f 5966 6278 6276
f 5965 6278 5966
f 5965 6279 6278
f 5964 6279 5965
f 5964 6280 6281
f 5964 6281 6279
f 5963 6280 5964
f 5962 6280 5963
f 5962 6282 6280
f 5959 6282 5962
f 5959 6283 6284
f 5959 6284 6282
f 5956 6283 5959
f 5952 6285 6286
f 5952 6286 6283
f 5952 6283 5956
f 5948 6287 6285
f 5948 6285 5952
f 5944 6287 5948
f 5940 6288 6289
f 5940 6289 6287
f 5940 6287 5944
f 5935 6288 5940
f 5931 6290 6288
f 5931 6288 5935
f 5927 6291 6290
f 5927 6290 5931
f 5923 6291 5927
f 5923 6292 6291
f 5921 6292 5923
f 5921 6293 6292
f 5917 6293 5921
f 5917 6294 6293
f 5913 6294 5917
f 5913 6295 6294
f 5912 6295 5913
f 5912 6296 6295
f 5914 6296 5912
f 5914 4596 6297
f 5914 6297 6296
f 4594 4596 5914
f 5429 4620 4622
f 5429 5432 4620
f 5431 4618 4620
f 5431 4620 5432
f 5427 4622 4624
f 5427 5429 4622
f 5435 4616 4618
f 5435 4614 4616
f 5435 4618 5431
f 5423 4624 4626
f 5423 5427 4624
f 5437 4614 5435
f 5424 4628 4630
f 5424 4626 4628
f 5424 5423 4626
f 5440 4612 4614
f 5440 4610 4612
f 5440 4614 5437
f 5419 5424 4630
f 5439 4610 5440
f 5420 5419 4630
f 5420 4630 4633
f 5444 4610 5439
f 5444 4608 4610
f 5415 5420 4633
f 5415 4633 4636
f 5443 4608 5444
f 5443 4606 4608
f 5416 5415 4636
f 5416 4636 4635
f 5447 4604 4606
f 5447 4606 5443
f 5412 5416 4635
f 5412 4635 4640
f 5449 4602 4604
f 5449 4604 5447
f 5409 5412 4640
f 5409 4639 4643
f 5409 4640 4639
f 5451 4602 5449
f 5451 4600 4602
f 5410 5409 4643
f 5453 4600 5451
f 5453 4598 4600
f 5407 4643 4645
f 5407 5410 4643
f 5455 4598 5453
f 5455 4595 4598
f 5404 4645 4647
f 5404 5407 4645
f 5457 4595 5455
f 5457 4596 4595
f 5401 5404 4647
f 5401 4647 4649
f 5459 4596 5457
f 5459 6297 4596
f 5402 4649 4651
f 5402 5401 4649
f 5461 6297 5459
f 5461 6296 6297
f 5399 5402 4651
f 5399 4651 4653
f 5463 6296 5461
f 5463 6295 6296
f 5395 4653 4655
f 5395 5399 4653
f 5465 6294 6295
f 5465 6293 6294
f 5465 6295 5463
f 5396 4655 4657
f 5396 5395 4655
f 5467 6293 5465
f 5391 5396 4657
f 5391 4657 4659
f 5469 6293 5467
f 5469 6292 6293
f 5392 4659 4661
f 5392 5391 4659
f 5471 6291 6292
f 5471 6292 5469
f 5387 4661 4663
f 5387 5392 4661
f 5473 6290 6291
f 5473 6291 5471
f 5388 4663 4665
f 5388 5387 4663
f 5475 6288 6290
f 5475 6290 5473
f 5385 4667 4669
f 5385 4665 4667
f 5385 5388 4665
f 5477 6289 6288
f 5477 6288 5475
f 5383 5385 4669
f 5479 6287 6289
f 5479 6289 5477
f 5381 5383 4669
f 5381 4669 4671
f 5481 6287 5479
f 5481 6285 6287
f 5379 4671 4673
f 5379 5381 4671
f 6286 6285 5481
f 5483 6286 5481
f 4675 5379 4673
f 4675 5377 5379
f 5485 6286 5483
f 6283 6286 5485
f 5487 6283 5485
f 4677 5377 4675
f 4677 5375 5377
f 4677 5373 5375
f 6284 6283 5487
f 4679 5373 4677
f 6282 6284 5487
f 6282 5487 5489
f 4681 5371 5373
f 4681 5373 4679
f 6280 6282 5489
f 6280 5489 5491
f 4683 5368 5371
f 4683 5371 4681
f 4683 5367 5368
f 6281 6280 5491
f 6281 5491 5493
f 4685 5367 4683
f 6279 6281 5493
f 6279 5493 5495
f 4687 5365 5367
f 4687 5363 5365
f 4687 5367 4685
f 6278 5495 5497
f 6278 6279 5495
f 4689 5363 4687
f 6276 6278 5497
f 6276 5497 5499
f 4691 5363 4689
f 4691 5361 5363
f 6277 6276 5499
f 6277 5499 5501
f 4693 5361 4691
f 4693 5359 5361
f 6275 6277 5501
f 6275 5501 5504
f 4695 5359 4693
f 4695 5357 5359
f 4695 5355 5357
f 6274 6275 5504
f 6274 5504 5503
f 4697 5355 4695
f 6273 6274 5503
f 6273 5503 5506
f 4699 5351 5355
f 4699 5352 5351
f 4699 5355 4697
f 6272 6273 5506
f 6272 5506 5509
f 4701 5561 5352
f 4701 5352 4699
f 6271 6272 5509
f 6271 5509 5512
f 6246 5559 5561
f 6246 5561 4701
f 6270 5512 5511
f 6270 6271 5512
f 6247 5559 6246
f 6269 5511 5516
f 6269 6270 5511
f 6248 5557 5559
f 6248 5553 5557
f 6248 5559 6247
f 6268 5516 5515
f 6268 6269 5516
f 6249 5553 6248
f 6249 5554 5553
f 6267 6268 5515
f 6267 5515 5519
f 6250 5554 6249
f 6266 5519 5522
f 6266 6267 5519
f 6251 5549 5554
f 6251 5550 5549
f 6251 5554 6250
f 6265 6266 5522
f 6265 5521 5525
f 6265 5522 5521
f 6252 5550 6251
f 6264 6265 5525
f 6253 5550 6252
f 6253 5547 5550
f 6263 5525 5528
f 6263 6264 5525
f 6254 5547 6253
f 6254 5543 5547
f 6254 5544 5543
f 6262 6263 5528
f 6262 5528 5527
f 6255 5541 5544
f 6255 5544 6254
f 6261 6262 5527
f 6261 5527 5530
f 6256 5541 6255
f 6260 6261 5530
f 6260 5530 5534
f 6257 5541 6256
f 6257 5539 5541
f 6259 6260 5534
f 6259 5534 5533
f 6258 5539 6257
f 6258 6259 5533
f 6258 5537 5539
f 6258 5533 5537
